{
"type": "FeatureCollection",
"name": "buffer_pantai",
"crs": { "type": "name", "properties": { "name": "urn:ogc:def:crs:OGC:1.3:CRS84" } },
"features": [
{ "type": "Feature", "properties": { "NAMOBJ": "Garis Pantai", "FCODE": "DB02070140", "REMARK": null, "METADATA": null, "SRS_ID": "4326", "DTMVER": 23, "ELEVAS": 0.0, "KARGPN": 5, "TIPGPN": 2, "KODGPN": null, "THNSBDATA": "2017", "SBDATA": 1, "SKL": 3, "THNPBL": "2022", "KET": null, "Shape_Leng": 0.22043220337, "BUFF_DIST": "250", "ORIG_FID": 0 }, "geometry": { "type": "Polygon", "coordinates": [ [ [ 109.729734566918921, -7.805120852042023 ], [ 109.729737665900814, -7.805121571016741 ], [ 109.729741799527744, -7.805121529948906 ], [ 109.729753849076872, -7.805122479092404 ], [ 109.729757864877342, -7.805122804969983 ], [ 109.729764556569364, -7.805123363917801 ], [ 109.729768570785325, -7.80512370877625 ], [ 109.729795830928083, -7.805126115646942 ], [ 109.72979996036139, -7.805126490364273 ], [ 109.729806841199547, -7.805127131632389 ], [ 109.729810968765719, -7.805127526436308 ], [ 109.729823348365471, -7.805128740949499 ], [ 109.729827473958323, -7.805129155830343 ], [ 109.729834348186785, -7.805129864017033 ], [ 109.72983849876266, -7.805130301886209 ], [ 109.729867318789559, -7.805133417098205 ], [ 109.729876949377456, -7.805134498422206 ], [ 109.729891428637927, -7.805136186710854 ], [ 109.72990106943206, -7.805137352610018 ], [ 109.729931132634988, -7.805141117441167 ], [ 109.72993934972726, -7.805142177253572 ], [ 109.729951658655011, -7.805143810461288 ], [ 109.729959831523786, -7.805144925080242 ], [ 109.729979620932795, -7.805147694795835 ], [ 109.729983906424934, -7.805148306168178 ], [ 109.729990997864718, -7.805149336226748 ], [ 109.729995251153639, -7.805149964993461 ], [ 109.730008005993341, -7.805151883442306 ], [ 109.730012256034342, -7.805152533657292 ], [ 109.730019336648354, -7.805153635210218 ], [ 109.730023612790944, -7.805154311593753 ], [ 109.730043350155938, -7.805157487235363 ], [ 109.730051553445037, -7.805158836897704 ], [ 109.730063894993634, -7.805160913820828 ], [ 109.730071090328408, -7.805162149945431 ], [ 109.730073344115283, -7.805162542454468 ], [ 109.730077708146212, -7.805163314775427 ], [ 109.730085041103337, -7.80516463623519 ], [ 109.730097836625134, -7.805166988400742 ], [ 109.730106400628017, -7.805168596402666 ], [ 109.730126386932511, -7.8051724262574 ], [ 109.730131728283197, -7.805173468026226 ], [ 109.730140571646928, -7.805175222158255 ], [ 109.730145874291964, -7.805176291474254 ], [ 109.730161771575467, -7.805179549824629 ], [ 109.730167067301124, -7.805180652779541 ], [ 109.73017588756187, -7.805182519032201 ], [ 109.730181217245104, -7.80518366455226 ], [ 109.730201398638144, -7.805188072870408 ], [ 109.730211102163992, -7.805190235363625 ], [ 109.730225704515306, -7.805193556732092 ], [ 109.730235352871034, -7.805195795585405 ], [ 109.730246926415646, -7.805198530674886 ], [ 109.730251499063513, -7.805199625976229 ], [ 109.730258987286334, -7.80520144153212 ], [ 109.730263477246751, -7.805202543052246 ], [ 109.730276937864801, -7.805205884087968 ], [ 109.73028142176355, -7.805207009953335 ], [ 109.730288889739086, -7.805208906648659 ], [ 109.730293367422234, -7.805210056820442 ], [ 109.730311828532194, -7.805214853791938 ], [ 109.730318701703368, -7.80521666982969 ], [ 109.730330144118057, -7.805219744294448 ], [ 109.730337001829071, -7.805221617610357 ], [ 109.730357550397969, -7.805227323097654 ], [ 109.730364392143088, -7.805229253553705 ], [ 109.73037578138252, -7.805232518494279 ], [ 109.730382606708588, -7.805234505962517 ], [ 109.730401025816434, -7.805239952372176 ], [ 109.730407084364572, -7.805241768511053 ], [ 109.730417170536498, -7.805244832849951 ], [ 109.73042321536883, -7.805246693910078 ], [ 109.730441328350366, -7.805252344180076 ], [ 109.730447359129244, -7.805254250057317 ], [ 109.730457398437125, -7.805257463778958 ], [ 109.730463414812618, -7.805259414362752 ], [ 109.730473340425817, -7.805262672669244 ], [ 109.730478596706917, -7.805264417370552 ], [ 109.730487347566509, -7.805267353640431 ], [ 109.730492592322094, -7.805269132464559 ], [ 109.730508308702667, -7.805274519917418 ], [ 109.730513541714174, -7.805276332790186 ], [ 109.730522266133789, -7.805279387048984 ], [ 109.730527584975846, -7.805281268852639 ], [ 109.730538367917688, -7.805285123833301 ], [ 109.730544900308132, -7.805287476901242 ], [ 109.730546884926127, -7.805288198238486 ], [ 109.730552009979533, -7.805290075322716 ], [ 109.730562286438499, -7.805293880223417 ], [ 109.730568467056855, -7.805296195936535 ], [ 109.730585474952932, -7.805302643250229 ], [ 109.730591107195323, -7.805304801279476 ], [ 109.730600481344084, -7.805308431173955 ], [ 109.73060609806646, -7.805310629012865 ], [ 109.730614891506207, -7.805314103962644 ], [ 109.730617459510313, -7.805315126571088 ], [ 109.730622590492544, -7.805317184276248 ], [ 109.730625153470612, -7.805318219373021 ], [ 109.730635395042668, -7.805322384619387 ], [ 109.730637952915174, -7.805323432172031 ], [ 109.730643063511366, -7.805325539715682 ], [ 109.730645616231357, -7.805326599705268 ], [ 109.730666015912959, -7.805335128754564 ], [ 109.730668563417396, -7.805336201154603 ], [ 109.730673653147448, -7.805338358338645 ], [ 109.730676195374315, -7.805339443123103 ], [ 109.730686353485851, -7.805343806927056 ], [ 109.73068889037279, -7.805344904069443 ], [ 109.730693958755296, -7.805347110690036 ], [ 109.730696490257401, -7.80534822017097 ], [ 109.730704140227317, -7.805351595155059 ], [ 109.730706818551369, -7.805352785039815 ], [ 109.73071216900837, -7.805355178622222 ], [ 109.730714841132738, -7.805356382316063 ], [ 109.730725516930761, -7.805361224574199 ], [ 109.730728182784617, -7.805362442045407 ], [ 109.730733508122796, -7.80536489072 ], [ 109.730736167608939, -7.80536612192418 ], [ 109.730757416442941, -7.805376025750149 ], [ 109.730760069506516, -7.805377270661495 ], [ 109.730765369152891, -7.805379774164521 ], [ 109.730768015737738, -7.805381032757111 ], [ 109.73077858877366, -7.805386094325115 ], [ 109.730781228785986, -7.805387366554328 ], [ 109.730787337142488, -7.805390332320087 ], [ 109.730791006551442, -7.805391304111026 ], [ 109.730804371218142, -7.805393996059536 ], [ 109.730808823753364, -7.805394905263995 ], [ 109.730816240548336, -7.805396440383674 ], [ 109.730820688149379, -7.805397373319124 ], [ 109.730846002751719, -7.805402754834802 ], [ 109.730852184240462, -7.805404092691901 ], [ 109.730862478269046, -7.80540636065416 ], [ 109.730868649591685, -7.80540774434678 ], [ 109.730887147389979, -7.805411963969561 ], [ 109.730893308238365, -7.805413393428523 ], [ 109.730903567273231, -7.805415813925549 ], [ 109.730909717253155, -7.805417289059619 ], [ 109.730926753322422, -7.805421441349949 ], [ 109.73093129143075, -7.80542256088853 ], [ 109.730938849766233, -7.805424447520807 ], [ 109.730943381640316, -7.805425591936057 ], [ 109.730956967504653, -7.805429062393046 ], [ 109.730961493001075, -7.805430231648415 ], [ 109.730969030038239, -7.805432201071085 ], [ 109.730973548992836, -7.805433395124282 ], [ 109.731003710957509, -7.805441452368825 ], [ 109.731040457188612, -7.805450698640584 ], [ 109.731049714000505, -7.805453060101058 ], [ 109.731109429700609, -7.805468504913676 ], [ 109.731113489306381, -7.805469565685314 ], [ 109.731120204740819, -7.805471338092616 ], [ 109.731124229119189, -7.805472410784432 ], [ 109.731136294137855, -7.805475658307103 ], [ 109.73114031322018, -7.805476750661398 ], [ 109.731147007139384, -7.805478587600021 ], [ 109.731151020759739, -7.805479699571606 ], [ 109.731167466317004, -7.805484299679279 ], [ 109.731172581496594, -7.805485747537091 ], [ 109.73118109913986, -7.805488187201377 ], [ 109.731186205122185, -7.805489666937774 ], [ 109.731201508747745, -7.805494153811139 ], [ 109.731206605346415, -7.805495665371893 ], [ 109.73121509170079, -7.805498211113218 ], [ 109.731220178720889, -7.805499754440291 ], [ 109.731229297867003, -7.805502552299458 ], [ 109.731234609688215, -7.805504200942721 ], [ 109.731243453615036, -7.805506977545519 ], [ 109.731248754485705, -7.805508660818759 ], [ 109.731264640077768, -7.805513762392934 ], [ 109.731269929805194, -7.805515480234533 ], [ 109.731278736512706, -7.805518372040069 ], [ 109.731284014829725, -7.805520124363454 ], [ 109.731293020066289, -7.805523146445751 ], [ 109.731297937626834, -7.805524813547663 ], [ 109.731306124984144, -7.805527617001701 ], [ 109.731311032243411, -7.805529314041451 ], [ 109.731325738076407, -7.805534449896015 ], [ 109.731330635035363, -7.805536176875762 ], [ 109.731339001820118, -7.805539157083729 ], [ 109.731344611853274, -7.805541177692021 ], [ 109.731346658291159, -7.805541921971439 ], [ 109.731351719061422, -7.805543775604235 ], [ 109.731360387403242, -7.805546975387244 ], [ 109.731366127756814, -7.80554911196333 ], [ 109.7313747394806, -7.805552341819066 ], [ 109.73137787502327, -7.805553528760015 ], [ 109.73138400809313, -7.805555871128377 ], [ 109.731387071218364, -7.805557051170751 ], [ 109.731395905203101, -7.805560483754732 ], [ 109.731401586730556, -7.805561106882976 ], [ 109.731407400899059, -7.805561763040998 ], [ 109.731417087310945, -7.805562889890211 ], [ 109.731422896810841, -7.805563585947937 ], [ 109.731454892340253, -7.805567529222799 ], [ 109.731490396219044, -7.805571303426746 ], [ 109.731496084687194, -7.805571927196581 ], [ 109.731505561900349, -7.805572998635512 ], [ 109.731511246061586, -7.805573660589744 ], [ 109.731528291269512, -7.805575703632542 ], [ 109.731533970825694, -7.805576403736268 ], [ 109.731543432737681, -7.805577602345636 ], [ 109.731549107438525, -7.805578340568445 ], [ 109.731559254457579, -7.805579694546168 ], [ 109.731563498687478, -7.805580272036593 ], [ 109.731570569938754, -7.805581252291574 ], [ 109.731574811210123, -7.805581851107263 ], [ 109.731587530263312, -7.805583679496067 ], [ 109.731591768452802, -7.805584299619568 ], [ 109.731598829444067, -7.805585350902277 ], [ 109.731603064449303, -7.805585992318697 ], [ 109.731621353890773, -7.805588809236554 ], [ 109.731625186179031, -7.805589408447247 ], [ 109.731631571011576, -7.805590421662032 ], [ 109.731635400517007, -7.805591038308023 ], [ 109.731646889742422, -7.805592915209445 ], [ 109.731650746890807, -7.805593554404709 ], [ 109.731657182203662, -7.805594636042485 ], [ 109.731661091820115, -7.80559530251054 ], [ 109.731680868433898, -7.805598720959608 ], [ 109.731684210049252, -7.805599305660792 ], [ 109.731691141410693, -7.805600538594206 ], [ 109.73170246208258, -7.805602589496857 ], [ 109.731710068820746, -7.80560399423598 ], [ 109.731729966023181, -7.805607737019955 ], [ 109.731734774171741, -7.805608656149786 ], [ 109.731742741587993, -7.805610202945843 ], [ 109.731747519354087, -7.805611144678096 ], [ 109.731761844216408, -7.805614010761587 ], [ 109.73176661649677, -7.805614979779477 ], [ 109.731774565591479, -7.805616617520002 ], [ 109.731779332217172, -7.805617613789252 ], [ 109.731798356887737, -7.805621648080717 ], [ 109.731805083237134, -7.805623102434481 ], [ 109.73181628381468, -7.805625571585438 ], [ 109.731822998144764, -7.805627080210115 ], [ 109.731843121837869, -7.805631687203061 ], [ 109.731849823683319, -7.805633249993832 ], [ 109.731860982708156, -7.805635899710694 ], [ 109.731867671658165, -7.805637516572119 ], [ 109.731886448326406, -7.805642134260211 ], [ 109.73189078776295, -7.805643213849009 ], [ 109.731898015376316, -7.805645032130485 ], [ 109.73190234907895, -7.805646134480639 ], [ 109.731915341181093, -7.805649475569908 ], [ 109.731919669001115, -7.80565060064373 ], [ 109.731926877037949, -7.805652494678611 ], [ 109.73193121122307, -7.805653645764494 ], [ 109.731950107891464, -7.805658718060499 ], [ 109.731955360515599, -7.805660141357009 ], [ 109.731963246691578, -7.805662298541563 ], [ 109.731968425568482, -7.80566372835932 ], [ 109.732005154950116, -7.80567395842678 ], [ 109.732012535840511, -7.805675824581499 ], [ 109.732016874449471, -7.805676933082623 ], [ 109.73202446397579, -7.805678893563368 ], [ 109.732029038638586, -7.805680088745021 ], [ 109.732042752331324, -7.805683712285941 ], [ 109.732047320261358, -7.805684932832889 ], [ 109.732054927723937, -7.805686988177172 ], [ 109.732059488757614, -7.805688234045647 ], [ 109.732077272570109, -7.805693143724056 ], [ 109.732080003371436, -7.80569390514745 ], [ 109.732085461126928, -7.805695441614148 ], [ 109.732088188080922, -7.805696216657509 ], [ 109.732099087902725, -7.80569934398568 ], [ 109.732101810925599, -7.805700132625248 ], [ 109.732107252993387, -7.805701723487005 ], [ 109.732109972037563, -7.805702525709137 ], [ 109.732131706734265, -7.8057089972977 ], [ 109.732134421702085, -7.805709813073236 ], [ 109.732139847527208, -7.805711458167707 ], [ 109.732142558383657, -7.805712287486358 ], [ 109.732153393257249, -7.805715631746182 ], [ 109.732156099910299, -7.805716474579867 ], [ 109.732161508957404, -7.805718173744879 ], [ 109.732164211346969, -7.805719030074727 ], [ 109.732172602308481, -7.805721712061086 ], [ 109.732175141278788, -7.805722530165781 ], [ 109.732180215303913, -7.80572417828057 ], [ 109.732182750361574, -7.805725008291404 ], [ 109.732192882629192, -7.80572835210188 ], [ 109.732195413754766, -7.805729194012599 ], [ 109.732200471997658, -7.805730889708627 ], [ 109.732202999114463, -7.805731743493766 ], [ 109.732223198702229, -7.805738620825707 ], [ 109.732225725064097, -7.80573948761031 ], [ 109.732230773650201, -7.805741233044841 ], [ 109.732233295874948, -7.805742111694826 ], [ 109.732243376321264, -7.805745649962432 ], [ 109.732245900452597, -7.805746542631141 ], [ 109.732250944457803, -7.805748339856166 ], [ 109.73225347562402, -7.805749248496284 ], [ 109.732262762326627, -7.805752607304726 ], [ 109.732265366503952, -7.805753557945934 ], [ 109.732270600889478, -7.805755483437281 ], [ 109.732273225332392, -7.805756456202346 ], [ 109.732283697072489, -7.805760367004723 ], [ 109.732286315102158, -7.805761352097761 ], [ 109.73229154626398, -7.805763335169104 ], [ 109.732294159393234, -7.805764333146271 ], [ 109.732315041802281, -7.805772367337511 ], [ 109.732317650419645, -7.805773378351091 ], [ 109.732322862615092, -7.805775413214121 ], [ 109.732325466190048, -7.805776437062491 ], [ 109.732335870177053, -7.805780558035224 ], [ 109.732338468665603, -7.805781594701102 ], [ 109.732343660457104, -7.805783680810862 ], [ 109.732346253762785, -7.805784730255823 ], [ 109.73236308044153, -7.805791590377851 ], [ 109.732369415653693, -7.805794202047082 ], [ 109.732379956596048, -7.80579859723116 ], [ 109.732386270488519, -7.80580125977184 ], [ 109.732404482202469, -7.805809024393852 ], [ 109.732408871818052, -7.805809459416423 ], [ 109.732417409964228, -7.80581008267842 ], [ 109.73242253172134, -7.805810472072949 ], [ 109.732437893021483, -7.8058116865231 ], [ 109.732443012303179, -7.805812106775761 ], [ 109.73245154224918, -7.80581283290104 ], [ 109.732456658897604, -7.805813283998532 ], [ 109.732474692099174, -7.805814928956181 ], [ 109.732480406965806, -7.805815469566767 ], [ 109.732489928595157, -7.805816402650976 ], [ 109.732495639657031, -7.805816981738644 ], [ 109.732512766460104, -7.805818776647357 ], [ 109.732518473495475, -7.805819394189541 ], [ 109.732527981612066, -7.805820455444859 ], [ 109.732533684308351, -7.805821111407909 ], [ 109.732543601340183, -7.805822285778731 ], [ 109.732548921117711, -7.805822932823617 ], [ 109.732557783933942, -7.80582403909807 ], [ 109.732563099538993, -7.805824719582915 ], [ 109.732579039429424, -7.805826811111729 ], [ 109.73258435059995, -7.805827525003167 ], [ 109.732593198709424, -7.80582874264087 ], [ 109.732598505272449, -7.805829489915141 ], [ 109.732608485687479, -7.805830927963541 ], [ 109.732614779279288, -7.805831858415729 ], [ 109.732625262640113, -7.805833448298984 ], [ 109.732631549056123, -7.805834425702869 ], [ 109.732650398127078, -7.805837428442999 ], [ 109.73265668615619, -7.805838454269804 ], [ 109.732667162440009, -7.80584020360925 ], [ 109.732673464749269, -7.805841280286359 ], [ 109.732684606444479, -7.805843225903629 ], [ 109.732689190852909, -7.805844041213675 ], [ 109.732696478860589, -7.80584535756816 ], [ 109.732700858401245, -7.805846160423471 ], [ 109.732713976707316, -7.805848600707179 ], [ 109.732718350294704, -7.805849426111479 ], [ 109.732725635962424, -7.805850820813134 ], [ 109.732730041813738, -7.805851676265888 ], [ 109.73274072728492, -7.805853781224869 ], [ 109.73274723471792, -7.805855082196558 ], [ 109.732757049726615, -7.805857074269397 ], [ 109.732763655131521, -7.805858435334073 ], [ 109.732794439407485, -7.805864877841941 ], [ 109.732806527133334, -7.805867460787795 ], [ 109.732828064488672, -7.805872155523161 ], [ 109.73283285754087, -7.805873215490976 ], [ 109.732840597038091, -7.805874950399584 ], [ 109.732845225552694, -7.805876001526372 ], [ 109.732859101973077, -7.805879193507735 ], [ 109.732863724523952, -7.805880270395619 ], [ 109.732871423707991, -7.805882086653639 ], [ 109.732876040163148, -7.805883189271924 ], [ 109.732893865226856, -7.805887498090783 ], [ 109.732896391265626, -7.805888114989955 ], [ 109.732901440465639, -7.805889360340529 ], [ 109.732903963624722, -7.80588998879125 ], [ 109.732914050359, -7.805892525661534 ], [ 109.732916570612872, -7.80589316565738 ], [ 109.732921608146455, -7.805894457177089 ], [ 109.732924125430259, -7.805895108701804 ], [ 109.732944109358584, -7.805900986272547 ], [ 109.732946633391805, -7.805901606375585 ], [ 109.732951679699909, -7.805902852281804 ], [ 109.732954201973484, -7.805903478084758 ], [ 109.732964287350114, -7.805905992647013 ], [ 109.732966807812545, -7.805906624137037 ], [ 109.732971846876126, -7.805907892791822 ], [ 109.732974350799566, -7.805908575973262 ], [ 109.732991790950734, -7.805913805720934 ], [ 109.732996919812535, -7.805915352291549 ], [ 109.73300546436144, -7.805917943516079 ], [ 109.733010370808245, -7.805919210857894 ], [ 109.733014735817392, -7.805920676286178 ], [ 109.733026206461716, -7.805923433402484 ], [ 109.73303134218753, -7.805924963707639 ], [ 109.733039893597265, -7.805927541110293 ], [ 109.733045019544932, -7.805929103682899 ], [ 109.733063056324454, -7.805934663319874 ], [ 109.733066774667236, -7.805935818914747 ], [ 109.73307296743053, -7.805937759049925 ], [ 109.733076680399847, -7.805938931615856 ], [ 109.733087811120356, -7.805942474729932 ], [ 109.733091518692561, -7.805943664259587 ], [ 109.73309769336845, -7.805945660909003 ], [ 109.733101395418828, -7.805946867362366 ], [ 109.733127376373318, -7.805955400148264 ], [ 109.73313143237948, -7.80595674349712 ], [ 109.73313818671204, -7.80595899934923 ], [ 109.733142235898981, -7.805960363020972 ], [ 109.733154372945023, -7.80596448442418 ], [ 109.733158415207754, -7.805965868383737 ], [ 109.733165146450688, -7.805968191858028 ], [ 109.733169198235885, -7.805969601876143 ], [ 109.733186390395076, -7.805975634176264 ], [ 109.73319215498708, -7.805977673959433 ], [ 109.733200818426781, -7.805980765767401 ], [ 109.733206956755225, -7.805982975929567 ], [ 109.733210853676042, -7.80598439354327 ], [ 109.733216601960407, -7.80598650294678 ], [ 109.733226688089815, -7.805990237180197 ], [ 109.733233417698727, -7.80599275276245 ], [ 109.733243396957903, -7.805996517994288 ], [ 109.733248429906382, -7.805998435647894 ], [ 109.733256736314559, -7.806001630681976 ], [ 109.7332617141073, -7.806003563315414 ], [ 109.733276628843385, -7.806009407865417 ], [ 109.733281594380571, -7.806011371666386 ], [ 109.733289859867682, -7.806014670563684 ], [ 109.733294812904603, -7.806016665435266 ], [ 109.733304138625783, -7.806020456817691 ], [ 109.733310935173279, -7.806023253222918 ], [ 109.733322242336669, -7.80602796267101 ], [ 109.733329014364926, -7.806030817594774 ], [ 109.733343460017409, -7.806036978233919 ], [ 109.733350539276216, -7.806037763917004 ], [ 109.733355255763513, -7.806038299933107 ], [ 109.733363114029544, -7.806039215178771 ], [ 109.733367827436098, -7.8060397774546 ], [ 109.733378026396849, -7.806041023466662 ], [ 109.733383752620966, -7.806041742430864 ], [ 109.733393292139681, -7.80604297300323 ], [ 109.733399013328892, -7.806043730724582 ], [ 109.733416168625979, -7.806046061928157 ], [ 109.733421884523239, -7.806046858372554 ], [ 109.733431406410546, -7.806048218021601 ], [ 109.73343711676273, -7.806049053153799 ], [ 109.733447385097861, -7.806050590225539 ], [ 109.733452747146998, -7.806051410430143 ], [ 109.733461679424863, -7.806052805863317 ], [ 109.733467036095533, -7.806053660175962 ], [ 109.733483197839803, -7.806056290865399 ], [ 109.733489150623143, -7.806057281337189 ], [ 109.733499014900872, -7.806058958615949 ], [ 109.733504491665542, -7.806059908874943 ], [ 109.733506522562379, -7.806060267360522 ], [ 109.73351303684575, -7.806061431261242 ], [ 109.733524577499338, -7.806063521300928 ], [ 109.733529644099974, -7.806064454780483 ], [ 109.733537912693237, -7.806066004017396 ], [ 109.733542862426305, -7.80606694660321 ], [ 109.733557702863266, -7.806069818188462 ], [ 109.733562646902612, -7.806070790021408 ], [ 109.733570882095194, -7.806072434090311 ], [ 109.733575820275064, -7.806073435137819 ], [ 109.73358581271674, -7.80607549105946 ], [ 109.733589692003704, -7.806076298808591 ], [ 109.733596154287738, -7.806077660078472 ], [ 109.733600029740956, -7.806078485852652 ], [ 109.733605339137966, -7.806079629296846 ], [ 109.733649336041822, -7.806087087605931 ], [ 109.733656754351728, -7.806088365941264 ], [ 109.733662235065935, -7.806089325808955 ], [ 109.733670341576385, -7.806090771899619 ], [ 109.733689859837568, -7.806094310997594 ], [ 109.733697694743398, -7.806095759723917 ], [ 109.733709411027348, -7.806097968649738 ], [ 109.733717186966373, -7.806099462771726 ], [ 109.733735961132595, -7.806103135977878 ], [ 109.733740337616666, -7.806104004595284 ], [ 109.733747581576552, -7.806105462057474 ], [ 109.733751925674994, -7.806106347842388 ], [ 109.73376495076036, -7.806109039042099 ], [ 109.733769290165299, -7.806109947413745 ], [ 109.733776518486536, -7.806111480165896 ], [ 109.733780853070073, -7.806112411097615 ], [ 109.733798380693827, -7.806116223394497 ], [ 109.733803098073054, -7.806117263399813 ], [ 109.733810955371837, -7.806119019012328 ], [ 109.733815666743055, -7.806120085739963 ], [ 109.733829791444293, -7.806123325914825 ], [ 109.733834496660222, -7.806124419331297 ], [ 109.733842333440009, -7.806126263905298 ], [ 109.733847032350411, -7.80612738397565 ], [ 109.733856782445173, -7.806129738080472 ], [ 109.733862805275407, -7.806131215006587 ], [ 109.73387283419288, -7.806133713041902 ], [ 109.733878846040227, -7.806135233752116 ], [ 109.733896864261965, -7.806139861342501 ], [ 109.733902864824358, -7.806141425760018 ], [ 109.733912856116774, -7.806144069482571 ], [ 109.733918845089306, -7.806145677528093 ], [ 109.733937714651177, -7.806150818217475 ], [ 109.733944394696323, -7.806152667136189 ], [ 109.733955515337072, -7.806155793899222 ], [ 109.733962180031824, -7.806157697087997 ], [ 109.733982149878614, -7.806163487710251 ], [ 109.73398879880159, -7.806165445048578 ], [ 109.73399986680306, -7.806168752288158 ], [ 109.734006499468137, -7.806170763632849 ], [ 109.734024981477148, -7.806176449236659 ], [ 109.734029619410023, -7.806177890802303 ], [ 109.734037342323518, -7.806180315412746 ], [ 109.734041971881936, -7.806181783377667 ], [ 109.734055847682043, -7.806186226771615 ], [ 109.734060468781422, -7.80618772110904 ], [ 109.734068163396842, -7.806190233594691 ], [ 109.734072849627807, -7.80619177881249 ], [ 109.734084215643861, -7.806195566484064 ], [ 109.734093561574127, -7.806198723121611 ], [ 109.734107669943853, -7.806203556688672 ], [ 109.734117012224601, -7.806206802916506 ], [ 109.734128803319265, -7.80621095417689 ], [ 109.734133862634224, -7.806212750357986 ], [ 109.734141371846817, -7.80621543632725 ], [ 109.734146850268132, -7.806217411597459 ], [ 109.734151681415653, -7.806219173432908 ], [ 109.734159528225973, -7.80622206566045 ], [ 109.734172724348753, -7.806226986716297 ], [ 109.734197576917495, -7.806230541944217 ], [ 109.734203049829887, -7.806231332739287 ], [ 109.734213565891707, -7.806232906757202 ], [ 109.734233704905023, -7.806235997140334 ], [ 109.734238383912782, -7.806236729107241 ], [ 109.734245935980539, -7.806237931979808 ], [ 109.734250453024686, -7.806238663917611 ], [ 109.734264155727146, -7.806240922546465 ], [ 109.734269614877633, -7.80624184041551 ], [ 109.734278584285562, -7.806243378604222 ], [ 109.734283239367585, -7.806244191597614 ], [ 109.73428564890969, -7.80624461957126 ], [ 109.734295375438762, -7.806246370942574 ], [ 109.734314325691685, -7.80624984947525 ], [ 109.734317210772474, -7.806250387070122 ], [ 109.734322853869116, -7.806251453673724 ], [ 109.734325674060869, -7.806251994105423 ], [ 109.734336808293392, -7.806254156941804 ], [ 109.734339590531874, -7.806254704604612 ], [ 109.734345152222545, -7.806255813808718 ], [ 109.734347931675472, -7.806256375350131 ], [ 109.734370154494059, -7.806260922856552 ], [ 109.734372931091173, -7.806261498262415 ], [ 109.734378481368708, -7.806262662925917 ], [ 109.734381255046003, -7.80626325218293 ], [ 109.734392343637012, -7.806265636853766 ], [ 109.734395114325764, -7.806266239947433 ], [ 109.734400652634633, -7.806267459953858 ], [ 109.734403420254864, -7.806268076866672 ], [ 109.734412465365835, -7.806270119693011 ], [ 109.734419908396376, -7.806271833380606 ], [ 109.7344323003299, -7.806274745058602 ], [ 109.734439727601, -7.806276525380099 ], [ 109.734461984143877, -7.806281965900155 ], [ 109.734469395073347, -7.806283812715549 ], [ 109.734481732542577, -7.806286946038142 ], [ 109.734489126556866, -7.806288859205097 ], [ 109.734498781353977, -7.806291403177795 ], [ 109.734505648800166, -7.806293243665721 ], [ 109.734517081535273, -7.806296358854979 ], [ 109.734523933328376, -7.80629825658275 ], [ 109.734544463840393, -7.806304035238441 ], [ 109.734551299476095, -7.806305990066278 ], [ 109.734562678353655, -7.806309295586743 ], [ 109.734569497328039, -7.806311307370663 ], [ 109.734578916992177, -7.806314128961787 ], [ 109.734585374491814, -7.806316091347355 ], [ 109.734596123790482, -7.806319404556746 ], [ 109.734602565440525, -7.806321418020048 ], [ 109.734621865510519, -7.806327534677507 ], [ 109.734628290938929, -7.806329599101787 ], [ 109.734638986124594, -7.806333082166759 ], [ 109.734645394899815, -7.806335197413944 ], [ 109.734654451630092, -7.806338225641525 ], [ 109.734659580926063, -7.806339959306854 ], [ 109.734668120449442, -7.806342875885662 ], [ 109.734673238561072, -7.806344642107547 ], [ 109.734688690396979, -7.806350029889813 ], [ 109.73469448522593, -7.806352073758887 ], [ 109.73470406403726, -7.806355491264242 ], [ 109.734709297066217, -7.806357378494795 ], [ 109.734711419032124, -7.806358151090819 ], [ 109.734718725945754, -7.806360830023891 ], [ 109.734728136955709, -7.806364307771787 ], [ 109.734730551740711, -7.806365206675821 ], [ 109.734736406808736, -7.806367404312596 ], [ 109.734747906018868, -7.806371772422608 ], [ 109.734754781251695, -7.806374418216251 ], [ 109.734775371419346, -7.806382444364829 ], [ 109.734782223413674, -7.806385149511755 ], [ 109.734793623605015, -7.806389707380447 ], [ 109.734800451819297, -7.806392471667266 ], [ 109.734810540554122, -7.806396606617398 ], [ 109.734817109209246, -7.806399331061186 ], [ 109.734828037739362, -7.806403917417185 ], [ 109.734834583299687, -7.806406696592035 ], [ 109.734854184083247, -7.806415115677225 ], [ 109.734860706094992, -7.806417949390323 ], [ 109.734871556119344, -7.806422717532996 ], [ 109.734878054120941, -7.806425605584025 ], [ 109.734887895883389, -7.806430028773491 ], [ 109.734893967263247, -7.806432786278094 ], [ 109.734904067992716, -7.806437421651879 ], [ 109.73491011746529, -7.806440226585266 ], [ 109.734928232024004, -7.806448712062377 ], [ 109.734934259238855, -7.806451564261181 ], [ 109.734944285759809, -7.806456357177751 ], [ 109.734950290355528, -7.806459256471783 ], [ 109.734959948353321, -7.806463966673277 ], [ 109.73496608744432, -7.806466991240882 ], [ 109.734975278641855, -7.806471562961747 ], [ 109.734978355373073, -7.806472953856257 ], [ 109.734983450262177, -7.806473772349477 ], [ 109.734991365212466, -7.806474889908486 ], [ 109.734996112285103, -7.80647557380621 ], [ 109.735010347380125, -7.806477665523573 ], [ 109.735015090496063, -7.806478376122357 ], [ 109.735022992313588, -7.806479582692873 ], [ 109.735027769759427, -7.806480326063536 ], [ 109.735048071193887, -7.806483547027426 ], [ 109.735057516963025, -7.806485084938799 ], [ 109.735071614826381, -7.806487440784622 ], [ 109.735079701653035, -7.806488824228495 ], [ 109.735084544087613, -7.80648967002162 ], [ 109.735087091734101, -7.806490123024503 ], [ 109.73509530283809, -7.806491605021563 ], [ 109.735109369313363, -7.806494200477971 ], [ 109.735118700764019, -7.806495962618442 ], [ 109.735138386113533, -7.806499762425517 ], [ 109.735143917904566, -7.806500849931297 ], [ 109.735153066671103, -7.806502679966002 ], [ 109.735158552308292, -7.806503796016386 ], [ 109.735174997653132, -7.80650719811257 ], [ 109.735180475786592, -7.806508350169167 ], [ 109.735189599597277, -7.806510300235402 ], [ 109.735195092664469, -7.806511493251492 ], [ 109.735222683992959, -7.806517583100913 ], [ 109.73523126973663, -7.806519512322609 ], [ 109.735244170841554, -7.80652246374791 ], [ 109.735252753941609, -7.806524462398329 ], [ 109.735308943584812, -7.806537772878244 ], [ 109.735336092329362, -7.806543905061517 ], [ 109.735342961167873, -7.806545478363489 ], [ 109.73535327598654, -7.806547874660964 ], [ 109.735360124813496, -7.80654948812645 ], [ 109.735377905173209, -7.80655373351982 ], [ 109.735382073763162, -7.806554740270997 ], [ 109.735388979336847, -7.806556426434383 ], [ 109.735393120134972, -7.806557448500769 ], [ 109.735405534593781, -7.806560545731259 ], [ 109.735409670198692, -7.80656158850951 ], [ 109.735416558458098, -7.806563343710877 ], [ 109.735420688749912, -7.806564407170697 ], [ 109.735445077113582, -7.806570752005996 ], [ 109.735449679328894, -7.806571963002909 ], [ 109.735457343958728, -7.806574002731907 ], [ 109.735461939297579, -7.806575239409369 ], [ 109.735472755174669, -7.806578181406678 ], [ 109.735496613859652, -7.806583730042064 ], [ 109.735506809066635, -7.806586139180695 ], [ 109.735528679116442, -7.80659139036311 ], [ 109.735535850686233, -7.806593137550465 ], [ 109.73554474815478, -7.806595333196071 ], [ 109.735569556610187, -7.806602141579958 ], [ 109.735575712756372, -7.806603697187086 ], [ 109.735586417107015, -7.806606464770937 ], [ 109.735591166252959, -7.806607714577865 ], [ 109.735599201453908, -7.806609687913408 ], [ 109.735613605085803, -7.806612548031865 ], [ 109.735623495433174, -7.806614556846284 ], [ 109.735637137725632, -7.80661738278053 ], [ 109.735639288934294, -7.806617785718856 ], [ 109.735646873735845, -7.806619223625091 ], [ 109.735659867164429, -7.806621735450165 ], [ 109.735668487567636, -7.806623436513348 ], [ 109.735682408607431, -7.806626236099703 ], [ 109.735689407399718, -7.806626547507562 ], [ 109.735695169726682, -7.80662682210135 ], [ 109.735704771919188, -7.806627312252999 ], [ 109.735710532210987, -7.806627625840576 ], [ 109.735727809393325, -7.806628625057613 ], [ 109.735733567447596, -7.806628977627952 ], [ 109.735743162083281, -7.8066295977153 ], [ 109.735748986337967, -7.806629994168475 ], [ 109.735760588995845, -7.806630825932132 ], [ 109.735769661085556, -7.806631510997704 ], [ 109.735783367946965, -7.806632601260617 ], [ 109.735792511643638, -7.806633365724565 ], [ 109.735805586462561, -7.806634512593348 ], [ 109.73581534183171, -7.806635410261492 ], [ 109.735829981979464, -7.806636821084567 ], [ 109.735839737024378, -7.806637803639148 ], [ 109.735861264901985, -7.806640065730846 ], [ 109.735870893554932, -7.806641119043718 ], [ 109.735885328129143, -7.806642760380839 ], [ 109.735894944854181, -7.806643895413345 ], [ 109.735916356495011, -7.806646514925887 ], [ 109.735925758605902, -7.80664770508622 ], [ 109.735939851643934, -7.806649548790517 ], [ 109.735949241333685, -7.806650817026139 ], [ 109.735970534670514, -7.806653783443153 ], [ 109.735979850553178, -7.806655120635696 ], [ 109.735993815078871, -7.806657184151277 ], [ 109.736003047471854, -7.806658587206357 ], [ 109.736014369582051, -7.806660352202812 ], [ 109.736018729638033, -7.806661044617215 ], [ 109.736025874260349, -7.806662198236495 ], [ 109.736030159275515, -7.806662901331322 ], [ 109.736042969783, -7.806665036848244 ], [ 109.736047268582752, -7.806665764765626 ], [ 109.736054365467055, -7.806666985210256 ], [ 109.73605872819553, -7.806667747484596 ], [ 109.736077826370831, -7.806671152443755 ], [ 109.736085107075439, -7.806672482961233 ], [ 109.736097147224939, -7.806674737296419 ], [ 109.736104361249488, -7.806676120242912 ], [ 109.73612591940531, -7.806680349396402 ], [ 109.736133098323194, -7.806681789780441 ], [ 109.736145052624579, -7.806684241780147 ], [ 109.736152218834604, -7.806685743788989 ], [ 109.736169274487338, -7.80668939529653 ], [ 109.736176608304447, -7.806690999184354 ], [ 109.736188819280471, -7.806693726120045 ], [ 109.736196138612456, -7.806695394550104 ], [ 109.736206123894931, -7.806698236985369 ], [ 109.736217990703437, -7.806700883443909 ], [ 109.736225312839395, -7.806702532507643 ], [ 109.736237509131229, -7.806705307567825 ], [ 109.736244813243559, -7.806707019094119 ], [ 109.73625424483663, -7.806709612563395 ], [ 109.736260455510035, -7.806711347731323 ], [ 109.736271022750088, -7.806714216400508 ], [ 109.736277077528825, -7.806715757783024 ], [ 109.736295930515041, -7.806720293786839 ], [ 109.736302158389776, -7.806721984505884 ], [ 109.736312527292512, -7.806724841629375 ], [ 109.736318742095534, -7.806726579456949 ], [ 109.736328004063466, -7.806729207408864 ], [ 109.736334472841349, -7.806731070352726 ], [ 109.736345241649587, -7.806734217798237 ], [ 109.736351695414555, -7.806736131781236 ], [ 109.736371033092496, -7.806741949960326 ], [ 109.736377471455228, -7.806743914866615 ], [ 109.736388188901401, -7.806747232048053 ], [ 109.736394611452567, -7.806749247753089 ], [ 109.736403882907837, -7.806752198172717 ], [ 109.736410680671952, -7.806754392620178 ], [ 109.736421994667012, -7.806758097457021 ], [ 109.736428773682803, -7.806760348808552 ], [ 109.736449081288129, -7.806767187778576 ], [ 109.736455841081067, -7.806769495876438 ], [ 109.736467115661242, -7.80677339851735 ], [ 109.73647404310617, -7.806775829839296 ], [ 109.73648470927958, -7.806779624622664 ], [ 109.736492482849428, -7.806782416242982 ], [ 109.736494890851588, -7.806783288016788 ], [ 109.736501315432292, -7.806785640192572 ], [ 109.736512882153193, -7.806789929653519 ], [ 109.736519847971522, -7.806792547639191 ], [ 109.736538681318677, -7.806799719350238 ], [ 109.736544910068801, -7.806802119436327 ], [ 109.736555275415412, -7.806806160188671 ], [ 109.736561485052505, -7.806808608994004 ], [ 109.736569383158326, -7.806811757141418 ], [ 109.736572317777075, -7.806812937227676 ], [ 109.736578180374238, -7.806815313729146 ], [ 109.736581108352084, -7.806816510144131 ], [ 109.736592806555734, -7.80682132828673 ], [ 109.736595727773874, -7.80682254098167 ], [ 109.736601563385136, -7.806824982624619 ], [ 109.736604477777405, -7.806826211572172 ], [ 109.736627763374713, -7.806836107213257 ], [ 109.73663067084135, -7.80683735237136 ], [ 109.736636478751223, -7.806839858856165 ], [ 109.736639379192866, -7.806841120182128 ], [ 109.736650966586694, -7.806846197681011 ], [ 109.736653859929106, -7.806847475142717 ], [ 109.736659639417496, -7.806850046158786 ], [ 109.73666252556319, -7.806851339713205 ], [ 109.736669253536434, -7.806854377698471 ], [ 109.736672696142591, -7.806855946028293 ], [ 109.736679570772196, -7.806859105582419 ], [ 109.736683002797349, -7.806860696807689 ], [ 109.736696709136709, -7.806867107219716 ], [ 109.736700130429426, -7.80686872126995 ], [ 109.736706962134406, -7.806871972125805 ], [ 109.7367103725486, -7.806873608932392 ], [ 109.736737608640226, -7.806886792617206 ], [ 109.736741008006675, -7.806888452098633 ], [ 109.736747795564781, -7.806891793674367 ], [ 109.736751183758145, -7.806893475769755 ], [ 109.736764713509501, -7.806900249042371 ], [ 109.736768090337023, -7.806901953655768 ], [ 109.736774832524986, -7.806905385349523 ], [ 109.73677819788486, -7.806907112429712 ], [ 109.736785806858222, -7.806911049411326 ], [ 109.736788614448471, -7.806912512041492 ], [ 109.736794221390255, -7.806915452932117 ], [ 109.736797020733434, -7.80691693118797 ], [ 109.736808201289648, -7.806922875292116 ], [ 109.736810992318908, -7.806924369138471 ], [ 109.736816417493685, -7.806927109536616 ], [ 109.73681846737469, -7.806927361605631 ], [ 109.736822495091872, -7.80692786514652 ], [ 109.736836989851895, -7.806929715141791 ], [ 109.7368418197388, -7.806930345622845 ], [ 109.736849866455145, -7.806931419417424 ], [ 109.736854692627844, -7.806932077489762 ], [ 109.736873571378169, -7.80693470692421 ], [ 109.736878877990193, -7.806935462980675 ], [ 109.736887718286539, -7.806936750876901 ], [ 109.736893020008779, -7.806937540292722 ], [ 109.736908917274491, -7.806939958493786 ], [ 109.736914213911405, -7.806940781239859 ], [ 109.736923037203894, -7.806942180227793 ], [ 109.73692835780156, -7.806943041100851 ], [ 109.736939271656468, -7.806944842579185 ], [ 109.736945142045784, -7.806945827218044 ], [ 109.736953987622485, -7.806947334719723 ], [ 109.736960225297423, -7.806948415301747 ], [ 109.736963914981345, -7.806949066057769 ], [ 109.736969216976092, -7.806950015121686 ], [ 109.736978474702937, -7.806951696470946 ], [ 109.736984662116186, -7.806952837768961 ], [ 109.736995502674176, -7.806954868195646 ], [ 109.737001257200973, -7.806955966558746 ], [ 109.737010786480369, -7.806957819384252 ], [ 109.737016500219909, -7.806958950616774 ], [ 109.737033629226232, -7.806962402779959 ], [ 109.737039335058114, -7.806963573036739 ], [ 109.737048837974271, -7.806965555941247 ], [ 109.737054535628317, -7.806966765167033 ], [ 109.737073154440054, -7.806970783798533 ], [ 109.737079719345104, -7.806972227676511 ], [ 109.737090651166966, -7.806974677258552 ], [ 109.73709720442713, -7.806976172874442 ], [ 109.7371168455619, -7.806980737057529 ], [ 109.737123386746362, -7.806982284312767 ], [ 109.737134278348151, -7.806984906031232 ], [ 109.737140807071114, -7.806986504834811 ], [ 109.737159226557878, -7.806991091836323 ], [ 109.737164474293422, -7.806992416625519 ], [ 109.737173213398535, -7.806994652364153 ], [ 109.737178452571015, -7.806996010456714 ], [ 109.737194156648513, -7.807000134534292 ], [ 109.737199387058354, -7.807001525878604 ], [ 109.737208096923894, -7.807003872447581 ], [ 109.737213318333545, -7.807005296980776 ], [ 109.737223015194274, -7.807007975010322 ], [ 109.737226932168369, -7.807009067111323 ], [ 109.73723345604617, -7.807010902842876 ], [ 109.737237367717, -7.807012013617339 ], [ 109.737249094596393, -7.807015373900015 ], [ 109.737253000897624, -7.807016503329066 ], [ 109.73725950685855, -7.807018401237031 ], [ 109.737263407695707, -7.807019549293329 ], [ 109.737272856298318, -7.807022354828121 ], [ 109.737277166978458, -7.807023647095605 ], [ 109.737284345644525, -7.807025819820922 ], [ 109.737288649370953, -7.80702713482583 ], [ 109.737301549844688, -7.807031113862138 ], [ 109.737305846543507, -7.807032451581847 ], [ 109.737313001728921, -7.807034700005488 ], [ 109.737317291242391, -7.807036060390885 ], [ 109.737334771234259, -7.807041654866453 ], [ 109.73733898416117, -7.80704301530443 ], [ 109.737345999748698, -7.807045300930099 ], [ 109.737350205524706, -7.807046683242334 ], [ 109.737362811765593, -7.807050862871847 ], [ 109.737367010263824, -7.8070522670169 ], [ 109.737374001576427, -7.807054625412547 ], [ 109.737378210328359, -7.807056057407465 ], [ 109.737404730084506, -7.807065159847809 ], [ 109.737412206421595, -7.807067754516993 ], [ 109.737423433617437, -7.807071694817864 ], [ 109.737430892049758, -7.807074341664645 ], [ 109.737449012769218, -7.807080840780714 ], [ 109.737484620626901, -7.807092392356026 ], [ 109.737492923852017, -7.80709512054483 ], [ 109.737505381608457, -7.807099266974262 ], [ 109.73751366500943, -7.807102059477472 ], [ 109.737541454469408, -7.807111545081398 ], [ 109.737547104233272, -7.807113490595725 ], [ 109.737552798734839, -7.80711537811743 ], [ 109.737555221967284, -7.807115716652504 ], [ 109.73756219132963, -7.807116706929435 ], [ 109.737574133081921, -7.807118443801301 ], [ 109.737582080901916, -7.807119628488408 ], [ 109.737623156533914, -7.807125896897389 ], [ 109.737641372833309, -7.807127778466793 ], [ 109.737649807578293, -7.807128680222718 ], [ 109.737662481550558, -7.807130083060827 ], [ 109.737670896824568, -7.807131046281597 ], [ 109.737690902422628, -7.807133409107848 ], [ 109.737695058547104, -7.807133910836001 ], [ 109.737701932504876, -7.807134757797883 ], [ 109.737706055620265, -7.807135276028191 ], [ 109.73771842098779, -7.807136860852836 ], [ 109.737722541519133, -7.807137399180988 ], [ 109.737729406860637, -7.807138313135852 ], [ 109.737733524727787, -7.807138871551899 ], [ 109.737743498895554, -7.807140248974918 ], [ 109.737747782203144, -7.807140851546819 ], [ 109.73775491844566, -7.807141873943237 ], [ 109.737759198622769, -7.807142498246037 ], [ 109.737772034152727, -7.807144403705934 ], [ 109.737776311084247, -7.807145049722806 ], [ 109.737783436522989, -7.807146144501189 ], [ 109.737787779445966, -7.807146823239691 ], [ 109.737799353733635, -7.807148665731177 ], [ 109.737808493770103, -7.807150156359398 ], [ 109.737820838824177, -7.807152218237377 ], [ 109.73782551068706, -7.807153012987328 ], [ 109.737834174553655, -7.807154513623743 ], [ 109.737839258925533, -7.807155414224724 ], [ 109.737849491216593, -7.807157261935515 ], [ 109.737862265896979, -7.807159614802856 ], [ 109.737867119244697, -7.807160524113101 ], [ 109.737874778287164, -7.8071619819749 ], [ 109.73787934937792, -7.807162865070495 ], [ 109.737893055069947, -7.807165551754395 ], [ 109.737897621219702, -7.807166459803341 ], [ 109.737905227269891, -7.807167993996359 ], [ 109.737909788372349, -7.80716892697734 ], [ 109.737919980863637, -7.807171041216009 ], [ 109.737925166501157, -7.807172133546658 ], [ 109.737933803460749, -7.80717398095311 ], [ 109.737938982159449, -7.807175105506758 ], [ 109.737954507295285, -7.807178527381836 ], [ 109.737959678853599, -7.807179684114658 ], [ 109.73796829202314, -7.807181638786574 ], [ 109.737973456262864, -7.807182827658778 ], [ 109.737992345357213, -7.807187238485312 ], [ 109.737998215562868, -7.807188631054316 ], [ 109.738007990869846, -7.807190986608475 ], [ 109.738013851012056, -7.807192420699607 ], [ 109.738031415528496, -7.807196785055226 ], [ 109.738037265310652, -7.807198260595726 ], [ 109.738047006087584, -7.807200754313953 ], [ 109.738052845227401, -7.807202271232825 ], [ 109.738071871406419, -7.807207286533526 ], [ 109.738078590810687, -7.807209086928026 ], [ 109.738089777349842, -7.807212133254211 ], [ 109.738096481769276, -7.807213988445142 ], [ 109.738116571221326, -7.807219635842046 ], [ 109.738123260165082, -7.80722154569321 ], [ 109.738134395191139, -7.807224774238477 ], [ 109.738141068246136, -7.807226738632096 ], [ 109.738158955668041, -7.807232081274435 ], [ 109.738161679872007, -7.807232902760632 ], [ 109.738167124103711, -7.807234559365838 ], [ 109.738169844129004, -7.807235394484053 ], [ 109.73818071562556, -7.807238762145118 ], [ 109.738183431411926, -7.807239610876991 ], [ 109.738188858677347, -7.807241321932906 ], [ 109.738191570156914, -7.807242184257234 ], [ 109.738213243120413, -7.807249136693542 ], [ 109.738215950225879, -7.807250012588725 ], [ 109.738221359987051, -7.807251777925671 ], [ 109.738224062644008, -7.807252667367891 ], [ 109.738234864110552, -7.80725625214302 ], [ 109.738237562260338, -7.807257155112893 ], [ 109.738242953965766, -7.807258974551132 ], [ 109.738245727190417, -7.807259918356067 ], [ 109.738264646291213, -7.807266414312778 ], [ 109.738274045212108, -7.807269685049107 ], [ 109.73828662011806, -7.807274118890689 ], [ 109.738290949047439, -7.807275659657478 ], [ 109.738297957647205, -7.807278175614044 ], [ 109.738301621116875, -7.807279501098947 ], [ 109.738303464086073, -7.807280172813364 ], [ 109.73831080445683, -7.807282864100671 ], [ 109.738338585662632, -7.807293137843203 ], [ 109.738381622621716, -7.807308713960936 ], [ 109.738390628088666, -7.807309372967666 ], [ 109.738396638791698, -7.807309513232781 ], [ 109.738406655663653, -7.807309782338052 ], [ 109.738412665190367, -7.807309964998637 ], [ 109.738432024961924, -7.807310622336615 ], [ 109.738438890462817, -7.807310882961815 ], [ 109.738450331033278, -7.80731136344923 ], [ 109.738457194192904, -7.80731167940769 ], [ 109.738477778912113, -7.807312710222845 ], [ 109.738484639277317, -7.807313081493419 ], [ 109.738496070552458, -7.80731374635269 ], [ 109.738502927707145, -7.807314172912925 ], [ 109.738513812758015, -7.807314894262106 ], [ 109.738520918019105, -7.807315394842135 ], [ 109.738532756429208, -7.807316278612348 ], [ 109.738539857222918, -7.807316838553334 ], [ 109.738561151573776, -7.807318607310208 ], [ 109.73856824742461, -7.807319226574634 ], [ 109.738580069317209, -7.807320308082865 ], [ 109.73858715973347, -7.807320986628099 ], [ 109.738596848186546, -7.807321952183713 ], [ 109.738599654742245, -7.807322239647817 ], [ 109.738605266389527, -7.807322828508234 ], [ 109.738608071482417, -7.80732312990483 ], [ 109.738619288639768, -7.80732436332471 ], [ 109.738622092183107, -7.807324678644306 ], [ 109.738627697681238, -7.807325323202406 ], [ 109.738630499637566, -7.807325652441079 ], [ 109.738652907094433, -7.807328341806056 ], [ 109.738655707358987, -7.807328684951472 ], [ 109.738661306151016, -7.807329385143248 ], [ 109.738664104677014, -7.807329742189609 ], [ 109.738675294981022, -7.807331198135387 ], [ 109.738678091673478, -7.80733156907047 ], [ 109.738683683182273, -7.807332324823903 ], [ 109.738686477992132, -7.80733270964123 ], [ 109.738693359956471, -7.807333674636084 ], [ 109.738695950790145, -7.807334044011611 ], [ 109.738701130700008, -7.807334794689098 ], [ 109.738703719781995, -7.80733517599208 ], [ 109.738714072418475, -7.807336725030041 ], [ 109.738716659697843, -7.80733711825269 ], [ 109.738721832428496, -7.807337916613676 ], [ 109.738724417879666, -7.807338321752013 ], [ 109.738745032232202, -7.807341600671634 ], [ 109.738747607532162, -7.807342016363464 ], [ 109.738752756187694, -7.807342859566916 ], [ 109.738755329543096, -7.807343287078538 ], [ 109.73876551333808, -7.807345002949091 ], [ 109.738768097854859, -7.807345444551174 ], [ 109.738773781384566, -7.807346430091684 ], [ 109.738776344099392, -7.807346882987645 ], [ 109.738786291180077, -7.80734866618576 ], [ 109.738789424728452, -7.807349237004019 ], [ 109.738795497669344, -7.807350360871851 ], [ 109.738798532606438, -7.807350931058124 ], [ 109.738810427719955, -7.807353199332852 ], [ 109.738813400032484, -7.807353774334672 ], [ 109.738819341514102, -7.807354940164259 ], [ 109.738822310687794, -7.807355530992709 ], [ 109.738845738984082, -7.807360257868822 ], [ 109.738848666159242, -7.807360856469472 ], [ 109.738854517310074, -7.807362069056921 ], [ 109.738857441281368, -7.807362683042925 ], [ 109.738869130436058, -7.807365169689206 ], [ 109.738872051131239, -7.807365799045442 ], [ 109.738877889143453, -7.807367073106093 ], [ 109.73888080646617, -7.807367717811815 ], [ 109.738887559432385, -7.807369228804191 ], [ 109.738890861838684, -7.807369978069744 ], [ 109.738897462113357, -7.807371496273959 ], [ 109.738900759979686, -7.807372265212052 ], [ 109.738913941875069, -7.807375380194799 ], [ 109.738917235076713, -7.807376168776443 ], [ 109.738923816689976, -7.807377765553497 ], [ 109.73892710509881, -7.807378573747883 ], [ 109.738953390459585, -7.807385117074205 ], [ 109.738956673981477, -7.807385944858254 ], [ 109.738963235984158, -7.807387619977533 ], [ 109.738966514463868, -7.807388467312251 ], [ 109.738979617931307, -7.807391895656167 ], [ 109.738982891292835, -7.807392762521772 ], [ 109.738989432752817, -7.807394515745557 ], [ 109.738992700858034, -7.807395402105499 ], [ 109.738999365826032, -7.807397231096161 ], [ 109.739003118207165, -7.807398274669026 ], [ 109.73901061570632, -7.807400387520886 ], [ 109.739014360823944, -7.807401456800108 ], [ 109.739029325972581, -7.807405785100855 ], [ 109.739033063616546, -7.807406880026178 ], [ 109.739040531271087, -7.807409095476316 ], [ 109.739044261276774, -7.807410215999539 ], [ 109.739074066595151, -7.807419281309365 ], [ 109.739077788798852, -7.807420427381146 ], [ 109.739085225205372, -7.807422745012502 ], [ 109.739088939409385, -7.807423916572134 ], [ 109.739103779573327, -7.80742865357962 ], [ 109.739107485625368, -7.807429850579183 ], [ 109.739114889384894, -7.807432269956053 ], [ 109.739118587090672, -7.807433492332848 ], [ 109.739126726467532, -7.807436215546034 ], [ 109.739131868154971, -7.807437953089959 ], [ 109.739140428281246, -7.807440876261239 ], [ 109.739145558726648, -7.807442646516222 ], [ 109.739160932679056, -7.807448006167533 ], [ 109.739166051877646, -7.807449809134084 ], [ 109.739174574232379, -7.807452841244753 ], [ 109.73917883131702, -7.807454369614618 ], [ 109.73918132615546, -7.80745527346096 ], [ 109.739186081909509, -7.807457015733291 ], [ 109.739194000200257, -7.807459943342508 ], [ 109.739198745959584, -7.807461714043257 ], [ 109.739212967511492, -7.807467068522215 ], [ 109.739217702779683, -7.807468867472721 ], [ 109.739225585859629, -7.807471889155977 ], [ 109.739230310284768, -7.807473716224365 ], [ 109.739238266211203, -7.807476818895452 ], [ 109.73924086566052, -7.807477840451554 ], [ 109.739246059500033, -7.807479896342102 ], [ 109.73924865388517, -7.807480930674899 ], [ 109.739259020969257, -7.80748509342834 ], [ 109.739261610196593, -7.80748614050043 ], [ 109.739266783444009, -7.80748824736412 ], [ 109.739269367464829, -7.807489307155834 ], [ 109.73929001730545, -7.807497835749587 ], [ 109.739292596049211, -7.807498908231935 ], [ 109.739297748222498, -7.807501065871861 ], [ 109.739300321651626, -7.807502151029269 ], [ 109.739310604403329, -7.807506516867818 ], [ 109.739313172417951, -7.807507614658391 ], [ 109.73931830300063, -7.807509822858549 ], [ 109.73932086556448, -7.807510933266428 ], [ 109.739329010760287, -7.807514489198525 ], [ 109.739335432210339, -7.8075173220941 ], [ 109.739346114908244, -7.807522087598841 ], [ 109.739352512678238, -7.80752497330127 ], [ 109.739371669247703, -7.807533709065808 ], [ 109.739378042905571, -7.80753664738063 ], [ 109.739388645205054, -7.807541588244703 ], [ 109.73939499429855, -7.807544578963416 ], [ 109.73940396852862, -7.807548850954504 ], [ 109.739409550308665, -7.807551533365597 ], [ 109.739418836837388, -7.807556037818074 ], [ 109.739424398864458, -7.807558760736242 ], [ 109.739441054505789, -7.807566989852091 ], [ 109.739446596493281, -7.807569753136818 ], [ 109.73945581619563, -7.807574392128686 ], [ 109.739461337829766, -7.807577195623537 ], [ 109.739470031876863, -7.807581649509132 ], [ 109.739475263106158, -7.807584352437345 ], [ 109.739479489967323, -7.807586553067154 ], [ 109.739488015497159, -7.807587375962328 ], [ 109.7394906230071, -7.807587633712444 ], [ 109.739495836810136, -7.807588161234889 ], [ 109.739498443101525, -7.807588431007161 ], [ 109.739509658731379, -7.80758997893787 ], [ 109.739517045003254, -7.807590710260172 ], [ 109.73952412328947, -7.807591424853797 ], [ 109.739535917061801, -7.807592640382779 ], [ 109.73954298904107, -7.807593399649136 ], [ 109.739564138879587, -7.807596235524898 ], [ 109.739570012478964, -7.807597039049881 ], [ 109.739572877410751, -7.807597439272399 ], [ 109.739582994011812, -7.807598407659952 ], [ 109.739590044597492, -7.80759936292884 ], [ 109.739600931954499, -7.807600883831356 ], [ 109.73960721009496, -7.807601784979965 ], [ 109.739617667932066, -7.807603325812465 ], [ 109.739623939167529, -7.80760427365891 ], [ 109.739642741484886, -7.807607187086262 ], [ 109.739649005446154, -7.80760818157421 ], [ 109.739659454598836, -7.807609880467453 ], [ 109.739665830802721, -7.807610941956113 ], [ 109.739677726444199, -7.807612968238175 ], [ 109.739685269934967, -7.807614273785134 ], [ 109.739687747024277, -7.807614711033693 ], [ 109.739692821434858, -7.807615619431829 ], [ 109.739695414859, -7.807616089906958 ], [ 109.739705612054649, -7.807617964234169 ], [ 109.739708174515954, -7.807618441315356 ], [ 109.739713297224966, -7.807619407230789 ], [ 109.739715857466422, -7.807619896064068 ], [ 109.739735871968662, -7.80762376767359 ], [ 109.739742930508896, -7.807625163111538 ], [ 109.739754684697459, -7.807627538468068 ], [ 109.739761731168983, -7.807628993454955 ], [ 109.739771426029506, -7.807631035423981 ], [ 109.739774798659539, -7.807631757382296 ], [ 109.739781539461376, -7.807633221762103 ], [ 109.739784907624539, -7.807633964181662 ], [ 109.739798370868243, -7.807636974677337 ], [ 109.739801734456762, -7.807637737534662 ], [ 109.73980845689357, -7.807639283649735 ], [ 109.739811815743337, -7.807640066907652 ], [ 109.739838664753279, -7.807646413903001 ], [ 109.739842018769707, -7.807647217539113 ], [ 109.739848721832857, -7.807648845157019 ], [ 109.739852070882819, -7.807649669139778 ], [ 109.739865456645362, -7.807653005638713 ], [ 109.73986880059573, -7.807653849935036 ], [ 109.739875483291712, -7.8076555588151 ], [ 109.739878822040509, -7.807656423399521 ], [ 109.739887204999945, -7.807658621388327 ], [ 109.739890454923795, -7.807659483799739 ], [ 109.739896949595447, -7.807661227845699 ], [ 109.739900194338929, -7.807662109479224 ], [ 109.739913162456389, -7.807665674322152 ], [ 109.739916401888593, -7.80766657514215 ], [ 109.739922875337697, -7.8076683959398 ], [ 109.739926109352211, -7.807669315916712 ], [ 109.739951957078461, -7.807676751578299 ], [ 109.739955185569215, -7.807677690681942 ], [ 109.739961636889575, -7.807679587975827 ], [ 109.739964859719748, -7.807680546166409 ], [ 109.739977739325752, -7.80768441698433 ], [ 109.739980956407464, -7.807685394235477 ], [ 109.739987384691688, -7.807687367759115 ], [ 109.739990595899656, -7.807688364033197 ], [ 109.739998863862013, -7.80769095602011 ], [ 109.740001958156938, -7.807691935796527 ], [ 109.740008141083479, -7.807693913017602 ], [ 109.74001122970725, -7.807694910459929 ], [ 109.740023572441714, -7.807698935425321 ], [ 109.740026655288773, -7.807699950499568 ], [ 109.740032815098857, -7.807701998244852 ], [ 109.740035892067397, -7.807703030917651 ], [ 109.740060461912947, -7.807711355109745 ], [ 109.740063530292616, -7.807712404446363 ], [ 109.740069660993868, -7.807714520624245 ], [ 109.740072723312437, -7.807715587464543 ], [ 109.740084923355028, -7.807719876786678 ], [ 109.740087983874503, -7.807720962657527 ], [ 109.740094030003831, -7.80772312731159 ], [ 109.740096995391582, -7.807724198699646 ], [ 109.740107761044669, -7.807728134057015 ], [ 109.740110860778088, -7.80772927763104 ], [ 109.740116972297756, -7.807731552561506 ], [ 109.740120024777411, -7.807732698798134 ], [ 109.740132128218363, -7.80773728346793 ], [ 109.74013515083999, -7.807738438270519 ], [ 109.740141189429153, -7.807740765078961 ], [ 109.740144205396916, -7.807741937084813 ], [ 109.740168196273885, -7.807751338741753 ], [ 109.740171192020341, -7.807752522545854 ], [ 109.740177176722852, -7.807754907127276 ], [ 109.740180165675383, -7.807756107903003 ], [ 109.740192107504754, -7.8077609447908 ], [ 109.740195089566669, -7.807762162499387 ], [ 109.740201046698701, -7.80776461480815 ], [ 109.740204021774673, -7.807765849410714 ], [ 109.740212715472524, -7.80776948856402 ], [ 109.740219002494143, -7.807772148171864 ], [ 109.740229462870161, -7.807776622772394 ], [ 109.740235728269738, -7.807779332672226 ], [ 109.740254490919313, -7.807787537324941 ], [ 109.740260734310368, -7.807790297350039 ], [ 109.740270083497535, -7.80779447275637 ], [ 109.740272173379083, -7.807795411735185 ], [ 109.740308124360467, -7.807808094374934 ], [ 109.74031304224718, -7.807809841648577 ], [ 109.740321007170621, -7.80781269390053 ], [ 109.740327416576974, -7.807815011128753 ], [ 109.740331529183038, -7.807816512491968 ], [ 109.740341131713933, -7.807820048576104 ], [ 109.740354586237459, -7.80782505834884 ], [ 109.740361817516145, -7.807827780318064 ], [ 109.740372442724606, -7.80783182112333 ], [ 109.74037947672997, -7.807834522966346 ], [ 109.740384823717363, -7.807836595056074 ], [ 109.740394374598509, -7.807839995259087 ], [ 109.740401829620907, -7.807842672136928 ], [ 109.740405684085715, -7.807844067977783 ], [ 109.740414213005522, -7.807847190740802 ], [ 109.740425600262142, -7.807851410782803 ], [ 109.740432904365775, -7.807854147213391 ], [ 109.74046042644818, -7.807864563015755 ], [ 109.740465771177128, -7.807866616955494 ], [ 109.740476377551033, -7.807870754423277 ], [ 109.740481670313159, -7.807872849730529 ], [ 109.740502797546299, -7.807881336408968 ], [ 109.740508068933195, -7.807883484654894 ], [ 109.740518589792032, -7.807887833865493 ], [ 109.740523839265052, -7.807890034830791 ], [ 109.740565734696531, -7.80790784804185 ], [ 109.740576165783466, -7.807912407235335 ], [ 109.740596933979702, -7.8079217337675 ], [ 109.740607271088663, -7.807926501106294 ], [ 109.740648414891837, -7.807945978957889 ], [ 109.740658653841251, -7.807950952512897 ], [ 109.740679029447563, -7.807961103831872 ], [ 109.740689166102982, -7.80796628159527 ], [ 109.740729491807713, -7.807987392619907 ], [ 109.740734520580304, -7.807990057475251 ], [ 109.740744551017372, -7.807995437448085 ], [ 109.740749552682985, -7.80799815256637 ], [ 109.740769503112347, -7.808009112461946 ], [ 109.740774477332138, -7.808011877662238 ], [ 109.740784397654693, -7.808017457775009 ], [ 109.740789344086409, -7.808020272877002 ], [ 109.740794679771852, -7.80802338387565 ], [ 109.740805317458864, -7.808029664113405 ], [ 109.740810619130002, -7.808032833162258 ], [ 109.740831755257659, -7.808045623956218 ], [ 109.740837022115556, -7.808048850588307 ], [ 109.740847520226737, -7.808055360954938 ], [ 109.740852751481782, -7.808058644690618 ], [ 109.740894444829962, -7.808085133932707 ], [ 109.740904798189376, -7.808091871239526 ], [ 109.740925355078389, -7.808105569497172 ], [ 109.740935558607418, -7.808112530447943 ], [ 109.740976053690758, -7.808140808166286 ], [ 109.740986102525994, -7.808147989442261 ], [ 109.741006040720379, -7.808162568903185 ], [ 109.741015930078504, -7.808169967086997 ], [ 109.741055149812439, -7.808199979454002 ], [ 109.741060033315819, -7.808203758869467 ], [ 109.741069758685285, -7.808211370595188 ], [ 109.74107460055103, -7.808215202905217 ], [ 109.741093882467908, -7.808230636126211 ], [ 109.741098682320683, -7.808234521038514 ], [ 109.741108239242692, -7.808242342847166 ], [ 109.741112996687832, -7.808246280058142 ], [ 109.741117709477635, -7.808250267681615 ], [ 109.74112709191661, -7.808258294592918 ], [ 109.741131761192094, -7.808262333568223 ], [ 109.741150349003874, -7.808278590234181 ], [ 109.74115497400453, -7.808282679919216 ], [ 109.741164179002567, -7.808290909359982 ], [ 109.741168758998128, -7.808295049114236 ], [ 109.741205206633651, -7.808328356197194 ], [ 109.741214229608147, -7.808336784102039 ], [ 109.741232089056155, -7.808353834205434 ], [ 109.741240925529894, -7.808362456404268 ], [ 109.741275881691763, -7.808397317281504 ], [ 109.741284527461232, -7.808406129672051 ], [ 109.741301624175321, -7.808423940446175 ], [ 109.74131007511977, -7.808432938829412 ], [ 109.741343473269126, -7.808469287143907 ], [ 109.741347624524451, -7.808473854861688 ], [ 109.741355876820023, -7.80848303517854 ], [ 109.741359977858963, -7.808487647776133 ], [ 109.741376279670078, -7.808506185762326 ], [ 109.741380330210234, -7.808510842929024 ], [ 109.741388380100261, -7.808520201043677 ], [ 109.741392379826323, -7.80852490243916 ], [ 109.741396326590632, -7.808529645502233 ], [ 109.741404168753832, -7.808539175171802 ], [ 109.741408063776078, -7.808543961330827 ], [ 109.741423538524657, -7.808563189904703 ], [ 109.74142738115097, -7.808568018378594 ], [ 109.74143501336124, -7.808577716836623 ], [ 109.741438802946561, -7.808582586822695 ], [ 109.74146889742849, -7.808621699738978 ], [ 109.741476315856175, -7.808631562164464 ], [ 109.741490935213619, -7.80865144606139 ], [ 109.741498136144855, -7.808661467534705 ], [ 109.741526491262562, -7.808701852355455 ], [ 109.741533471264404, -7.808712028097489 ], [ 109.741547207025178, -7.808732529021484 ], [ 109.741553962782916, -7.808742854201626 ], [ 109.741580524558799, -7.808784434049812 ], [ 109.741583817421883, -7.808789651281472 ], [ 109.741590345887971, -7.808800121260106 ], [ 109.741593581491941, -7.808805374009125 ], [ 109.741606407837821, -7.808826453503457 ], [ 109.741609585956212, -7.808831741411211 ], [ 109.741615884166322, -7.808842351496594 ], [ 109.74161900458671, -7.808847674241918 ], [ 109.741622065458216, -7.808853028614976 ], [ 109.741628129112542, -7.808863771479992 ], [ 109.741631131565214, -7.80886915940232 ], [ 109.74164302309174, -7.808890775636371 ], [ 109.741645966595115, -7.808896196189437 ], [ 109.74165179413734, -7.80890706898839 ], [ 109.741654678175564, -7.808912521233253 ], [ 109.741677505092127, -7.808956251568247 ], [ 109.74168309356736, -7.808967248855765 ], [ 109.741694028627023, -7.808989362387592 ], [ 109.74169937521151, -7.809000478631958 ], [ 109.741720267718449, -7.809045160330243 ], [ 109.741725369873222, -7.80905639025184 ], [ 109.741735327320896, -7.80907895842023 ], [ 109.741740182614649, -7.809090296668785 ], [ 109.741759100941294, -7.809135844678963 ], [ 109.741761435352203, -7.809141552899177 ], [ 109.74176604160391, -7.809152994409828 ], [ 109.741768313445448, -7.809158727702993 ], [ 109.741777274570097, -7.80918170821684 ], [ 109.741779483686003, -7.809187466203696 ], [ 109.741783838803713, -7.809199005876394 ], [ 109.741785985049205, -7.809204788229295 ], [ 109.741788067075163, -7.809210591230112 ], [ 109.741792168020879, -7.809222220882816 ], [ 109.741794186696552, -7.809228046866508 ], [ 109.741802133704766, -7.809251393970499 ], [ 109.741804088650838, -7.809257241895864 ], [ 109.741807934468909, -7.809268958677251 ], [ 109.741809825340567, -7.809274827531908 ], [ 109.741824691093427, -7.809321846571152 ], [ 109.741828279805702, -7.809333644566266 ], [ 109.741835198304557, -7.809357315828493 ], [ 109.741838528090568, -7.809369189094753 ], [ 109.741851323164724, -7.809416810053392 ], [ 109.741854392438995, -7.809428752935901 ], [ 109.741860269014126, -7.809452702632541 ], [ 109.741863076315042, -7.809464709446559 ], [ 109.741873776351781, -7.809512841673495 ], [ 109.741875081378112, -7.809518867451288 ], [ 109.741877625442783, -7.809530932847622 ], [ 109.741878864480839, -7.809536972464969 ], [ 109.741883688073528, -7.809561155734741 ], [ 109.741884861045833, -7.809567208844499 ], [ 109.741887140703739, -7.809579327453207 ], [ 109.741888247520421, -7.809585393690043 ], [ 109.741889287478728, -7.809591469030977 ], [ 109.741891301140356, -7.809603632133587 ], [ 109.741892274713052, -7.809609719156924 ], [ 109.741896035750756, -7.809634087760514 ], [ 109.74189694274736, -7.809640185392482 ], [ 109.741898689993263, -7.809652390158135 ], [ 109.741899530242904, -7.809658497293924 ], [ 109.741905983124354, -7.809707376394499 ], [ 109.741907463030657, -7.809719616629934 ], [ 109.741910154744005, -7.809744126388296 ], [ 109.741911366550823, -7.809756395911393 ], [ 109.741915675398502, -7.809805509195883 ], [ 109.741916618528364, -7.809817802160751 ], [ 109.741918235662695, -7.809842405686254 ], [ 109.741918909666822, -7.809854716247344 ], [ 109.741921066276632, -7.80990397022282 ], [ 109.74192130225731, -7.809910130450987 ], [ 109.741921706823121, -7.809922453119498 ], [ 109.741921875408252, -7.809928615558988 ], [ 109.741922414884129, -7.809953266769867 ], [ 109.74192251605723, -7.809959431053016 ], [ 109.741922650967069, -7.809971760353847 ], [ 109.741922684703979, -7.809977926131012 ], [ 109.741922651012715, -7.809984089255124 ], [ 109.741922516219063, -7.809996416280114 ], [ 109.741922415116449, -7.810002579421621 ], [ 109.741921875906201, -7.810027229120067 ], [ 109.741921707391725, -7.810033391176262 ], [ 109.7419213029753, -7.810045713089778 ], [ 109.741921067073179, -7.810051872945962 ], [ 109.741918910992695, -7.810101126944005 ], [ 109.741918237120728, -7.810113437508733 ], [ 109.741916620250151, -7.810138041048504 ], [ 109.741915677251598, -7.810150334025423 ], [ 109.741911368927219, -7.810199447353682 ], [ 109.7419101572508, -7.810211716888148 ], [ 109.741907465796601, -7.810236226677432 ], [ 109.741905986019106, -7.810248466932137 ], [ 109.741899533650667, -7.810297346099674 ], [ 109.741898693412566, -7.810303453609833 ], [ 109.741896946180702, -7.810315659128321 ], [ 109.74189603918677, -7.810321757137785 ], [ 109.741892278141563, -7.810346127253752 ], [ 109.741891304440628, -7.810352215392982 ], [ 109.741889290497511, -7.810364380726696 ], [ 109.741888250125271, -7.810370458655882 ], [ 109.741887143807048, -7.810376522320041 ], [ 109.741884864647943, -7.810388638738459 ], [ 109.741883691936437, -7.810394690760177 ], [ 109.741878868850108, -7.81041887260551 ], [ 109.741877629944099, -7.810424911861048 ], [ 109.741875086147616, -7.810436976551273 ], [ 109.741873781257937, -7.810443001982321 ], [ 109.741863081702718, -7.810491134318966 ], [ 109.741860274520491, -7.810503141162542 ], [ 109.741854398181431, -7.810527090917788 ], [ 109.741851329024939, -7.810539033827922 ], [ 109.741838534410874, -7.810586654917643 ], [ 109.741835204737811, -7.810598528219032 ], [ 109.741828286462237, -7.810622199553961 ], [ 109.741824697860125, -7.81063399758699 ], [ 109.741809832542458, -7.810681016775277 ], [ 109.741807941613445, -7.810686885987593 ], [ 109.741804095673672, -7.81069860347759 ], [ 109.741802140663481, -7.810704451754759 ], [ 109.741794193375824, -7.810727800278812 ], [ 109.741792174388365, -7.810733627291143 ], [ 109.741788072795543, -7.810745258995155 ], [ 109.741785989944674, -7.81075106435992 ], [ 109.74178384458645, -7.810756844384457 ], [ 109.741779490288025, -7.810768382084575 ], [ 109.74177728159242, -7.810774139089744 ], [ 109.741768321154495, -7.810797118348603 ], [ 109.741766049494288, -7.810802851313099 ], [ 109.741761443599955, -7.810814292200916 ], [ 109.741759109365148, -7.81082000012492 ], [ 109.741740191414181, -7.810865548318588 ], [ 109.741735336213708, -7.810876886610629 ], [ 109.741725378946342, -7.810899454873208 ], [ 109.741720276879619, -7.810910684843122 ], [ 109.741699384713229, -7.810955366743258 ], [ 109.741694038209403, -7.810966483043217 ], [ 109.74168310330947, -7.810988596681796 ], [ 109.741677514914443, -7.810999594018881 ], [ 109.741654688302731, -7.811043324566583 ], [ 109.741651804142123, -7.811048777136307 ], [ 109.74164597635604, -7.811059650564914 ], [ 109.741643032731304, -7.811065071423513 ], [ 109.741631140687332, -7.811086688905107 ], [ 109.74162813777707, -7.811092077712544 ], [ 109.741622073189831, -7.811102822334021 ], [ 109.741619011182308, -7.811108178719223 ], [ 109.741615891933066, -7.811113499490602 ], [ 109.74160959476319, -7.811124107919056 ], [ 109.741606417173102, -7.81112939500531 ], [ 109.741593591610581, -7.811150473475891 ], [ 109.741590356208064, -7.811155725965477 ], [ 109.741583828144826, -7.811166195438659 ], [ 109.741580535482854, -7.811171412423789 ], [ 109.741553973931332, -7.811212992507365 ], [ 109.741547218228675, -7.811223317744123 ], [ 109.741533482570219, -7.811243818787204 ], [ 109.741526502614761, -7.811253994593244 ], [ 109.741498147678215, -7.81129437965842 ], [ 109.741490946791714, -7.811304401189943 ], [ 109.741476327514022, -7.811324285211015 ], [ 109.741468909123682, -7.811334147699711 ], [ 109.741438814779087, -7.811373260866901 ], [ 109.741435025026192, -7.811378131117692 ], [ 109.741427392479693, -7.811387830094702 ], [ 109.74142354968626, -7.811392658821092 ], [ 109.741408074244134, -7.811411888412181 ], [ 109.74140417867352, -7.811416675274984 ], [ 109.741396335402442, -7.811426206335113 ], [ 109.741392387326414, -7.811430950978433 ], [ 109.741388388909172, -7.811435650838803 ], [ 109.74138034015516, -7.811445007673001 ], [ 109.741376290193898, -7.811449664200723 ], [ 109.741359989169041, -7.8114682014251 ], [ 109.741355888323312, -7.811472813839544 ], [ 109.741347636427975, -7.811481993783445 ], [ 109.741343485376774, -7.811486561314268 ], [ 109.741310087273973, -7.811522909887401 ], [ 109.741301636338221, -7.811531908334814 ], [ 109.741284539635672, -7.811549719238656 ], [ 109.741275893868874, -7.811558531695027 ], [ 109.741240937707175, -7.811593392831469 ], [ 109.741232101233777, -7.811602015091808 ], [ 109.741214241774969, -7.811619065324578 ], [ 109.741205218789389, -7.811627493296783 ], [ 109.741168771107766, -7.811660800638379 ], [ 109.741164190923485, -7.811664940587207 ], [ 109.741154985540732, -7.811673170415418 ], [ 109.741150360341862, -7.811677260295198 ], [ 109.741131771743653, -7.811693517716776 ], [ 109.74112710190559, -7.811697557189632 ], [ 109.741117718314797, -7.811705585097286 ], [ 109.741113004187923, -7.811709573845008 ], [ 109.741108248034095, -7.811713509980166 ], [ 109.74109869220257, -7.8117213309053 ], [ 109.741093892899244, -7.811725215382239 ], [ 109.741074611676538, -7.811740648102841 ], [ 109.741069769982403, -7.811744480291907 ], [ 109.741060044966389, -7.811752091773485 ], [ 109.741055161645477, -7.811755871065202 ], [ 109.741015941773867, -7.811785883683285 ], [ 109.741006052378964, -7.811793281928942 ], [ 109.740986114105851, -7.811807861512818 ], [ 109.740976065227699, -7.811815042851094 ], [ 109.740935569961323, -7.811843320814489 ], [ 109.740925366385397, -7.81185028182432 ], [ 109.740904809392134, -7.811863980203896 ], [ 109.740894455974455, -7.811870717573584 ], [ 109.74085276240163, -7.811897207050947 ], [ 109.740847530958945, -7.811900490913899 ], [ 109.74083703246481, -7.811907001533882 ], [ 109.740831765412736, -7.811910228291651 ], [ 109.740810628502572, -7.811923019578899 ], [ 109.740805326307623, -7.811926188941698 ], [ 109.740794687561902, -7.811932469798819 ], [ 109.740789350682007, -7.811935581482487 ], [ 109.740783981241634, -7.811938634266482 ], [ 109.740773208631083, -7.811944681619707 ], [ 109.740767805790426, -7.811947675999079 ], [ 109.740746130187972, -7.811959535278504 ], [ 109.740740694750968, -7.811962470797027 ], [ 109.740729792088018, -7.811968282533712 ], [ 109.740724324862413, -7.81197115875193 ], [ 109.740680474903741, -7.811993923485375 ], [ 109.740669447535765, -7.811999496733392 ], [ 109.740647273511343, -7.812010401997384 ], [ 109.740636126855861, -7.812015734012903 ], [ 109.740591322924956, -7.812036569577458 ], [ 109.740580062282049, -7.812041657824238 ], [ 109.740557432376647, -7.812051588124064 ], [ 109.740546063114152, -7.812056430177392 ], [ 109.740500390498596, -7.812075296910905 ], [ 109.740494666760981, -7.812077624914991 ], [ 109.740483194159481, -7.812082218520402 ], [ 109.7404774452948, -7.812084484121783 ], [ 109.740454402339708, -7.81209342064318 ], [ 109.740448628917932, -7.812095623614653 ], [ 109.740437058318889, -7.812099966619996 ], [ 109.74043126089714, -7.812102106742486 ], [ 109.740425441270588, -7.812104183364909 ], [ 109.740413779159326, -7.812108273354966 ], [ 109.740407936919382, -7.812110286633924 ], [ 109.740384525514457, -7.8121182121007 ], [ 109.740378661477735, -7.812120161748055 ], [ 109.740366912428044, -7.812123997136098 ], [ 109.7403610274161, -7.812125882876444 ], [ 109.740313879743439, -7.812140708020479 ], [ 109.740302049467175, -7.812144286927889 ], [ 109.740278313445287, -7.812151186516758 ], [ 109.740266407699721, -7.812154507198386 ], [ 109.740218656464435, -7.812167267277516 ], [ 109.740206680911797, -7.8121703281534 ], [ 109.740182665699365, -7.812176188643264 ], [ 109.740170626039287, -7.812178988257244 ], [ 109.740122362137242, -7.812189658982163 ], [ 109.740116320026061, -7.812190960400585 ], [ 109.740104221924355, -7.812193497432077 ], [ 109.740098165933261, -7.812194733045203 ], [ 109.740073917113591, -7.812199543302313 ], [ 109.740067847907824, -7.812200712973151 ], [ 109.740055697059347, -7.812202986221735 ], [ 109.740049615286921, -7.81220408982233 ], [ 109.740043522263761, -7.812205127119512 ], [ 109.740031324972051, -7.81220713541552 ], [ 109.740025220833559, -7.812208106391552 ], [ 109.74000078495942, -7.812211857192267 ], [ 109.739994670496685, -7.812212761717717 ], [ 109.739982432044997, -7.812214504199346 ], [ 109.739976308056782, -7.812215342155355 ], [ 109.739927295247696, -7.812221777249135 ], [ 109.739915021523927, -7.812223253070727 ], [ 109.73989044471864, -7.81222593734168 ], [ 109.739878141636552, -7.812227145791041 ], [ 109.739828894011509, -7.81223144267102 ], [ 109.739816567423077, -7.81223238317267 ], [ 109.73979189660497, -7.81223399578181 ], [ 109.739779552374102, -7.812234667889072 ], [ 109.739730163681486, -7.812236818375879 ], [ 109.739723986789954, -7.812237053676029 ], [ 109.73971163079176, -7.812237457068193 ], [ 109.739705451686746, -7.812237625159867 ], [ 109.739680733814737, -7.812238163036795 ], [ 109.739674553241855, -7.812238263899587 ], [ 109.739662191366619, -7.812238398384466 ], [ 109.739656010063641, -7.812238432006723 ], [ 109.739649828759468, -7.812238398384466 ], [ 109.739637466881902, -7.81223826389953 ], [ 109.739631286307826, -7.812238163036625 ], [ 109.739606568435647, -7.812237625159696 ], [ 109.73960038933518, -7.812237457068079 ], [ 109.739588033340738, -7.812237053676199 ], [ 109.739581856446932, -7.812236818375879 ], [ 109.739532467754486, -7.812234667889072 ], [ 109.739520123525381, -7.812233995781924 ], [ 109.739495452706194, -7.812232383172841 ], [ 109.739483126115772, -7.81223144267102 ], [ 109.739433878490956, -7.812227145791041 ], [ 109.739421575409551, -7.81222593734168 ], [ 109.739396998604093, -7.81222325307084 ], [ 109.739384724879471, -7.812221777249079 ], [ 109.739335712070726, -7.812215342155184 ], [ 109.739329588084445, -7.812214504199517 ], [ 109.739317349632415, -7.812212761718001 ], [ 109.739311235167236, -7.812211857192096 ], [ 109.739286799293438, -7.812208106391438 ], [ 109.73928069515614, -7.81220713541569 ], [ 109.73926849786443, -7.812205127119626 ], [ 109.739262404840758, -7.81220408982233 ], [ 109.7392563230664, -7.812202986221394 ], [ 109.739244172217354, -7.812200712972583 ], [ 109.739238103013918, -7.812199543302199 ], [ 109.739213854193906, -7.812194733045033 ], [ 109.739207798203495, -7.812193497432077 ], [ 109.739195700102471, -7.812190960400699 ], [ 109.739189657990437, -7.812189658982163 ], [ 109.739141394088392, -7.812178988257244 ], [ 109.739129354429167, -7.812176188643434 ], [ 109.739105339217303, -7.812170328153741 ], [ 109.739093363664495, -7.812167267277857 ], [ 109.739045612428811, -7.812154507198727 ], [ 109.739033706682392, -7.812151186516871 ], [ 109.739009970659993, -7.812144286927776 ], [ 109.738998140384069, -7.812140708020479 ], [ 109.738950992711409, -7.812125882876444 ], [ 109.738945107699692, -7.812123997136098 ], [ 109.738933358649945, -7.812120161748055 ], [ 109.738927494611801, -7.812118212100245 ], [ 109.738904083207217, -7.812110286633583 ], [ 109.738897748160468, -7.812108100268858 ], [ 109.738885171513516, -7.812103676545689 ], [ 109.738878930059229, -7.812101439240053 ], [ 109.738871619059807, -7.812098757089871 ], [ 109.738860667674942, -7.812094696741497 ], [ 109.738853415253686, -7.812091979649267 ], [ 109.738847225124402, -7.812089638850182 ], [ 109.738828860113529, -7.812083102299198 ], [ 109.738821174768191, -7.812080342002787 ], [ 109.738819123491737, -7.812079600294396 ], [ 109.73881461258452, -7.812077955039797 ], [ 109.738811515463738, -7.812076971085219 ], [ 109.738804911253396, -7.812076285810861 ], [ 109.73880089749855, -7.812075859784727 ], [ 109.738788859432361, -7.812074553210209 ], [ 109.738784847755483, -7.81207410818098 ], [ 109.738778163404277, -7.812073350634876 ], [ 109.738774130047545, -7.812072883794599 ], [ 109.738745677476061, -7.812069518904536 ], [ 109.738736690416943, -7.812068420742264 ], [ 109.738723180917816, -7.812066715313051 ], [ 109.738714187085861, -7.812065543453116 ], [ 109.738684633795685, -7.812061574128961 ], [ 109.738677346280781, -7.812060570974495 ], [ 109.738666431861873, -7.812059032546472 ], [ 109.738659163182717, -7.812057984031298 ], [ 109.738638715294712, -7.8120549674112 ], [ 109.738632180419472, -7.812053983753856 ], [ 109.738622388873409, -7.812052480755597 ], [ 109.738615866037492, -7.812051460096598 ], [ 109.738587225748915, -7.812046893656827 ], [ 109.738581235818401, -7.812045922137429 ], [ 109.738572255994427, -7.812044441054525 ], [ 109.738566255187664, -7.812043434804878 ], [ 109.738537227398751, -7.812038487214465 ], [ 109.738530861090055, -7.812037386556483 ], [ 109.738526007773544, -7.812036535306675 ], [ 109.738518129461283, -7.812035130021854 ], [ 109.738498646033463, -7.812031602247714 ], [ 109.738492710080948, -7.812030494539385 ], [ 109.738480904441246, -7.812028226491691 ], [ 109.738475007654358, -7.812027061243327 ], [ 109.738463754875056, -7.812024775684392 ], [ 109.738457740975434, -7.812023785489544 ], [ 109.73845059140524, -7.812022560343848 ], [ 109.738444254665239, -7.812021421354075 ], [ 109.738433701172028, -7.812019483243091 ], [ 109.738427373510092, -7.812018296462782 ], [ 109.738408405083078, -7.812014664620051 ], [ 109.73840208672641, -7.812013430095817 ], [ 109.738391564078768, -7.812011332807629 ], [ 109.738385255273386, -7.812010050589038 ], [ 109.738370805139482, -7.812007058885058 ], [ 109.738368213920864, -7.812006515736243 ], [ 109.738363034077281, -7.812005417374053 ], [ 109.738360445455726, -7.812004862161473 ], [ 109.738350096289764, -7.812002617211647 ], [ 109.738347510277606, -7.812002049938201 ], [ 109.738342340954148, -7.812000903350054 ], [ 109.738339757639835, -7.812000324034898 ], [ 109.738319103189042, -7.811995641635008 ], [ 109.738316522612763, -7.811995050287237 ], [ 109.738311364257072, -7.811993855572496 ], [ 109.73830878647783, -7.811993252205525 ], [ 109.738298481189474, -7.811990814754665 ], [ 109.738295906261612, -7.811990199381398 ], [ 109.738290759332187, -7.811988956646076 ], [ 109.73828818733017, -7.811988329284077 ], [ 109.738279822771176, -7.811986266830843 ], [ 109.73827451776765, -7.811984941655851 ], [ 109.738265683304007, -7.811982704686159 ], [ 109.738260386950401, -7.811981345497315 ], [ 109.738244511517337, -7.811977217077811 ], [ 109.738239224064728, -7.811975823939349 ], [ 109.738230419193087, -7.811973473785599 ], [ 109.738225140821896, -7.811972046745325 ], [ 109.738216147120454, -7.811969584853671 ], [ 109.738212078574634, -7.811968460028993 ], [ 109.738205302374411, -7.811966568538082 ], [ 109.738201239469561, -7.811965423570712 ], [ 109.738189059525382, -7.811961958541247 ], [ 109.738185002387638, -7.811960793466369 ], [ 109.738178920808309, -7.811959031623701 ], [ 109.738161463574954, -7.81195366584052 ], [ 109.738151259473568, -7.811950348906862 ], [ 109.738143722913208, -7.811948098277867 ], [ 109.738134778729716, -7.811945398114119 ], [ 109.73811823343442, -7.811940355565241 ], [ 109.738115506385611, -7.811939516771304 ], [ 109.738110123290767, -7.811937846207343 ], [ 109.738107433822563, -7.811937004247795 ], [ 109.738101286354947, -7.811935062969724 ], [ 109.738096360742304, -7.811933482824372 ], [ 109.738086524189612, -7.811930277747194 ], [ 109.738081568282098, -7.811928637707013 ], [ 109.738067911819826, -7.811924047745947 ], [ 109.738063464877257, -7.811922542097534 ], [ 109.738057607780945, -7.811920522100081 ], [ 109.738046223288336, -7.811916526170251 ], [ 109.738040541954717, -7.811914498067495 ], [ 109.738037786308837, -7.811913489760002 ], [ 109.738034761141535, -7.811912415276424 ], [ 109.738012663025813, -7.811905003252321 ], [ 109.738007489711777, -7.811903148501074 ], [ 109.738003858496825, -7.811901838051767 ], [ 109.737994642171145, -7.811898487281553 ], [ 109.737990162560152, -7.811896844689727 ], [ 109.737982710434153, -7.811894088421866 ], [ 109.737978244116334, -7.811892422266396 ], [ 109.737964863929221, -7.811887388089701 ], [ 109.737960408620438, -7.811885697571711 ], [ 109.737952991079169, -7.811882859296531 ], [ 109.737948545344921, -7.811881143886751 ], [ 109.737931620124584, -7.811874557093518 ], [ 109.737924794357241, -7.811871867448019 ], [ 109.737913437686245, -7.811867335805857 ], [ 109.737906635459751, -7.811864587485331 ], [ 109.737886265515783, -7.811856255089253 ], [ 109.737879487344003, -7.811853448301008 ], [ 109.737868210830186, -7.811848721760612 ], [ 109.737861457209419, -7.811845856710534 ], [ 109.73784617058061, -7.811839296748815 ], [ 109.737838386899512, -7.811835885823314 ], [ 109.73782665121098, -7.811830973320298 ], [ 109.737813750228156, -7.811830241740893 ], [ 109.737806087390311, -7.81182960053377 ], [ 109.737783108847168, -7.81182757331851 ], [ 109.73777545211766, -7.811826863001102 ], [ 109.737762696516143, -7.811825621595347 ], [ 109.737755046565951, -7.81182484223018 ], [ 109.737743820283299, -7.811823647746962 ], [ 109.737736762664952, -7.811822866795239 ], [ 109.737725005623929, -7.811821516233238 ], [ 109.737717954796096, -7.81182067651099 ], [ 109.737696813875118, -7.811818069354501 ], [ 109.737689770346151, -7.811817170922154 ], [ 109.737678037562318, -7.811815624654571 ], [ 109.737671001778835, -7.811814667569138 ], [ 109.737659900354856, -7.811813110253695 ], [ 109.737652810002714, -7.811812085234862 ], [ 109.737641000138183, -7.811810327228443 ], [ 109.73763391868863, -7.811809242644642 ], [ 109.737612687877572, -7.811805899565684 ], [ 109.737605608348929, -7.811804754250147 ], [ 109.73759381504982, -7.811802795378526 ], [ 109.737586727023483, -7.811801587309503 ], [ 109.737575661283131, -7.811799655521781 ], [ 109.737573322533876, -7.811799240526113 ], [ 109.737567440717385, -7.811798181387474 ], [ 109.737555667913853, -7.811796015272535 ], [ 109.737548604837855, -7.811794684891595 ], [ 109.737527437329618, -7.811790605324688 ], [ 109.737520385436994, -7.8117892153561 ], [ 109.737508642293506, -7.811786849217413 ], [ 109.737501602437874, -7.811785399824544 ], [ 109.737491180585664, -7.811783209033251 ], [ 109.737485278731924, -7.811781946121528 ], [ 109.737475449893566, -7.811779806457196 ], [ 109.737469557160694, -7.811778501775848 ], [ 109.737451893545199, -7.811774525277883 ], [ 109.737446010279427, -7.811773178903479 ], [ 109.737436212913281, -7.811770900245222 ], [ 109.737430339357445, -7.811769512233468 ], [ 109.737420325805829, -7.811767108964602 ], [ 109.737415455615746, -7.811765924671874 ], [ 109.737407344513372, -7.811763926992057 ], [ 109.737402481380911, -7.811762714068891 ], [ 109.737387903135073, -7.811759032494535 ], [ 109.737383047283515, -7.811757790996182 ], [ 109.737374960372847, -7.811755698047762 ], [ 109.737370111940777, -7.811754428010033 ], [ 109.737360049442941, -7.811751759525748 ], [ 109.737353616653138, -7.811750027281107 ], [ 109.737342906832566, -7.811747098339254 ], [ 109.737336487854861, -7.811745315858388 ], [ 109.737317252770424, -7.811739893377933 ], [ 109.73731084802273, -7.811738060777202 ], [ 109.73730018557012, -7.811734964753043 ], [ 109.737293795414189, -7.811733082136129 ], [ 109.73727539269305, -7.811727582010178 ], [ 109.737268795353486, -7.811725581163216 ], [ 109.73725781352789, -7.811722201993121 ], [ 109.737251232694973, -7.811720147841527 ], [ 109.737231516150985, -7.811713905805334 ], [ 109.737224952237852, -7.811711798477916 ], [ 109.737214026841798, -7.811708242067994 ], [ 109.737207480312065, -7.811706081714078 ], [ 109.737197565967563, -7.811702766612711 ], [ 109.737192876585482, -7.811701182875311 ], [ 109.737185068736551, -7.811698520640448 ], [ 109.737180388695322, -7.811696909694319 ], [ 109.737166358039758, -7.811692034447333 ], [ 109.73716244059932, -7.811690661687408 ], [ 109.737156641594481, -7.811688592295695 ], [ 109.737144217281354, -7.811683620230269 ], [ 109.737139808083214, -7.811682116858378 ], [ 109.737127205279762, -7.811677777690932 ], [ 109.737118390040735, -7.811674659868686 ], [ 109.737111348862982, -7.811672051239725 ], [ 109.737104640392033, -7.811669515287633 ], [ 109.737093709235467, -7.811665253435024 ], [ 109.737083153742617, -7.811661010862849 ], [ 109.737074924227954, -7.811657679840437 ], [ 109.737063165720883, -7.811652890499545 ], [ 109.737058617818036, -7.81165130450222 ], [ 109.737038675530016, -7.811643638135479 ], [ 109.737031567205065, -7.8116407485129 ], [ 109.737019399504788, -7.811635751260269 ], [ 109.737011311503409, -7.811632393010314 ], [ 109.736973160383116, -7.811616386740866 ], [ 109.736971143950029, -7.81161564776005 ], [ 109.736964036016616, -7.8116130254067 ], [ 109.736951867132916, -7.811608486881596 ], [ 109.736943795140633, -7.811605441350537 ], [ 109.736931433467703, -7.81160113952626 ], [ 109.736925003409624, -7.811600753904656 ], [ 109.736922426746958, -7.811600592336106 ], [ 109.736914732705827, -7.811600092333322 ], [ 109.736911093798199, -7.811599844125112 ], [ 109.736903817650841, -7.811599324354859 ], [ 109.736900180411737, -7.811599052792985 ], [ 109.736885635422311, -7.811597919885514 ], [ 109.736882000019932, -7.811597624982369 ], [ 109.736874731180023, -7.811597011845208 ], [ 109.736871097743915, -7.811596693611421 ], [ 109.736842041831721, -7.811594054751765 ], [ 109.736838410525252, -7.811593713201205 ], [ 109.73683115020242, -7.811593006798773 ], [ 109.736827521187649, -7.811592641947186 ], [ 109.736813010262381, -7.811591135994718 ], [ 109.73680938366789, -7.811590747854893 ], [ 109.736802133064032, -7.811589948304515 ], [ 109.736798509052051, -7.811589536893791 ], [ 109.736790879011778, -7.811588645889003 ], [ 109.736786802458653, -7.811588154908065 ], [ 109.736778653020906, -7.811587143499764 ], [ 109.736774580139866, -7.811586623072685 ], [ 109.736758296816333, -7.811584482583328 ], [ 109.736754227814004, -7.811583932736369 ], [ 109.736746093930719, -7.81158280365554 ], [ 109.736742029047207, -7.811582224421272 ], [ 109.736709531439203, -7.811577473724128 ], [ 109.736705304590487, -7.811576839568829 ], [ 109.736696855797334, -7.811575539477928 ], [ 109.736692633851703, -7.811574873542099 ], [ 109.736675781215069, -7.811572150330335 ], [ 109.736671552290829, -7.811571450598933 ], [ 109.736663148520563, -7.811570027491257 ], [ 109.736658976926776, -7.811569304694217 ], [ 109.736652667050976, -7.811568180433881 ], [ 109.736643539726686, -7.811566534685369 ], [ 109.736639813765237, -7.811565849755311 ], [ 109.73663245430788, -7.811564471507666 ], [ 109.736628776872408, -7.811563770262751 ], [ 109.73661417940167, -7.811560936809087 ], [ 109.736610532282214, -7.811560216490193 ], [ 109.736603242872093, -7.81155875200642 ], [ 109.736599600578359, -7.811558007841086 ], [ 109.736570485223581, -7.811551959896747 ], [ 109.736566847897052, -7.811551191913622 ], [ 109.73655957837326, -7.811549632164031 ], [ 109.736555946177191, -7.811548840397734 ], [ 109.736541428290025, -7.811545625906149 ], [ 109.736537801385396, -7.811544810391922 ], [ 109.736530553027364, -7.811543155651293 ], [ 109.736526931569017, -7.811542316423925 ], [ 109.736519707533091, -7.811540617415005 ], [ 109.736516885894162, -7.811539946190976 ], [ 109.736511246080397, -7.811538589342547 ], [ 109.736508427908916, -7.811537903719056 ], [ 109.736497162519413, -7.811535132513598 ], [ 109.736494347910082, -7.81153443251327 ], [ 109.736488722325078, -7.811533018154137 ], [ 109.736485911348552, -7.81153230379482 ], [ 109.736463439821875, -7.811526531934874 ], [ 109.736460632560068, -7.811525803237487 ], [ 109.736455021795962, -7.811524331516523 ], [ 109.736452218297188, -7.811523588493628 ], [ 109.736441012164676, -7.811520587840505 ], [ 109.736438212505675, -7.811519830512225 ], [ 109.736432617133687, -7.811518301578985 ], [ 109.736429821421041, -7.811517529974253 ], [ 109.736421553920934, -7.811515223089941 ], [ 109.73641500284424, -7.811513368758369 ], [ 109.736404096935189, -7.811510234627008 ], [ 109.736397560945136, -7.81150832800796 ], [ 109.736377976843357, -7.811502530082691 ], [ 109.73637145641078, -7.811500571313445 ], [ 109.736360602273976, -7.811497263326146 ], [ 109.736354097758863, -7.811495252515272 ], [ 109.736345034226872, -7.811492411798724 ], [ 109.736339966242099, -7.811490805468964 ], [ 109.736331528049391, -7.811488101919053 ], [ 109.73632647021202, -7.811486463991685 ], [ 109.736311312570479, -7.811481503023117 ], [ 109.736306265136534, -7.81147983358079 ], [ 109.736297861537139, -7.811477024954399 ], [ 109.736292824663622, -7.811475324049184 ], [ 109.736284232289165, -7.811472393153565 ], [ 109.736280326083488, -7.811471049881504 ], [ 109.736273821240957, -7.811468795329688 ], [ 109.736269921633777, -7.811467433138887 ], [ 109.736258232973057, -7.811463318280175 ], [ 109.736254340228982, -7.811461937264198 ], [ 109.736247656314731, -7.811459547129402 ], [ 109.73624250795956, -7.81145768759751 ], [ 109.736236642520794, -7.811455543349325 ], [ 109.736228632743064, -7.811452590434612 ], [ 109.736223310898197, -7.811450613334102 ], [ 109.736204707970671, -7.811443649354032 ], [ 109.736199629414216, -7.811441729713806 ], [ 109.736191197072287, -7.811438511615108 ], [ 109.736186143836051, -7.811436564677138 ], [ 109.736171003211496, -7.811430675849977 ], [ 109.736165962518839, -7.811428696833502 ], [ 109.736157571995875, -7.811425371810856 ], [ 109.736152544054619, -7.811423360797733 ], [ 109.736121479585051, -7.811410822817834 ], [ 109.736115051566912, -7.811410456160729 ], [ 109.736106757544746, -7.811410357206 ], [ 109.73609814830877, -7.811410224547842 ], [ 109.736085191890254, -7.811409975805304 ], [ 109.736076587142918, -7.811409778006805 ], [ 109.736056591862678, -7.811409244951108 ], [ 109.736051615610165, -7.81140909720898 ], [ 109.736043376304394, -7.811408828500362 ], [ 109.736038433202111, -7.81140865293105 ], [ 109.736023605772004, -7.81140808320697 ], [ 109.736018663765208, -7.811407878954242 ], [ 109.736010428157954, -7.811407514636528 ], [ 109.736005487436216, -7.811407281708171 ], [ 109.735995297316322, -7.811406771440772 ], [ 109.73598992369034, -7.811406485465 ], [ 109.735980969227739, -7.811405980569532 ], [ 109.735975597516301, -7.811405660671824 ], [ 109.735959485883939, -7.811404650134193 ], [ 109.735954116314815, -7.811404296328135 ], [ 109.735945168981402, -7.81140367840527 ], [ 109.735939801775373, -7.811403290705641 ], [ 109.735929266842447, -7.811402495111622 ], [ 109.735922029327298, -7.811401918324464 ], [ 109.735909971122567, -7.811400905651226 ], [ 109.735902738815753, -7.811400267232671 ], [ 109.735881051182162, -7.811398259662838 ], [ 109.73587382461244, -7.811397559659611 ], [ 109.73586178553586, -7.811396341708189 ], [ 109.735854565231477, -7.811395580171791 ], [ 109.735844845068868, -7.811394515680831 ], [ 109.735842045861773, -7.811394201358212 ], [ 109.735836449038516, -7.811393558838859 ], [ 109.735833651424628, -7.811393230642352 ], [ 109.735822464454372, -7.811391890143511 ], [ 109.73581966850935, -7.811391548081872 ], [ 109.735814078366104, -7.811390850102839 ], [ 109.735811284166743, -7.811390494185503 ], [ 109.735788939178633, -7.811387591633718 ], [ 109.735786146783539, -7.811387221868017 ], [ 109.735780563876062, -7.811386468498711 ], [ 109.735777773363509, -7.811386084895162 ], [ 109.735766615336331, -7.811384522841024 ], [ 109.735763826772597, -7.811384125408836 ], [ 109.735758251652499, -7.811383316723948 ], [ 109.735755465093462, -7.811382905470907 ], [ 109.735746145269275, -7.811381504983501 ], [ 109.735740867832817, -7.811380695829598 ], [ 109.735732076428064, -7.811379319700734 ], [ 109.735726804184594, -7.811378477500909 ], [ 109.735710995857346, -7.811375901430949 ], [ 109.735705729110805, -7.811375026234316 ], [ 109.735696955916239, -7.811373540099396 ], [ 109.735692571587208, -7.81137278469447 ], [ 109.7356900456723, -7.811372342249285 ], [ 109.735685409860366, -7.811371513843937 ], [ 109.735677687754048, -7.811370111896508 ], [ 109.735673056827125, -7.811369257927595 ], [ 109.73565917180224, -7.811366657759095 ], [ 109.735654545823706, -7.811365778241395 ], [ 109.735646839965909, -7.811364291085283 ], [ 109.735642218924568, -7.811363386017433 ], [ 109.735633110928234, -7.811361577102559 ], [ 109.735629001552297, -7.811360744674573 ], [ 109.735620789114307, -7.811359049520775 ], [ 109.735616686046512, -7.811358186793825 ], [ 109.735600287220052, -7.811354675463747 ], [ 109.735596190655201, -7.811353782478704 ], [ 109.735588004269744, -7.811351966302936 ], [ 109.735583914447432, -7.811351043111983 ], [ 109.735551228182885, -7.811343537983646 ], [ 109.735547145317639, -7.811342584635042 ], [ 109.735538986781023, -7.81134064783555 ], [ 109.735534911108232, -7.811339664384434 ], [ 109.73551862366287, -7.811335670584413 ], [ 109.735514555393422, -7.811334657081602 ], [ 109.735506426484335, -7.811332600080789 ], [ 109.735502365850721, -7.811331556584321 ], [ 109.735494167810771, -7.81132941757329 ], [ 109.735489415299185, -7.811328155560147 ], [ 109.735479921452566, -7.811325590451247 ], [ 109.735475180112985, -7.811324287354296 ], [ 109.735456238493668, -7.811318993185637 ], [ 109.735451508670224, -7.811317649099465 ], [ 109.735442060898038, -7.81131492003982 ], [ 109.735437342949353, -7.811313535066461 ], [ 109.73539965536952, -7.811302294260031 ], [ 109.735394949651266, -7.811300868503281 ], [ 109.735385550800459, -7.811297976314734 ], [ 109.735380857668929, -7.81129650988305 ], [ 109.735362111719382, -7.811290563248576 ], [ 109.735357431524164, -7.811289056251269 ], [ 109.735348084427528, -7.811286001805797 ], [ 109.735343417522074, -7.811284454356667 ], [ 109.735334666169592, -7.811281509155265 ], [ 109.735329890650746, -7.811279886950047 ], [ 109.735321939551966, -7.811277159737472 ], [ 109.73531717376278, -7.811275509291306 ], [ 109.735302891529386, -7.811270515778745 ], [ 109.735298135865605, -7.811268837230443 ], [ 109.735290218181717, -7.811266016228615 ], [ 109.735285473041245, -7.811264309725743 ], [ 109.735282233119847, -7.811263128652115 ], [ 109.735277338590436, -7.811261326547935 ], [ 109.735274893407734, -7.811260419878806 ], [ 109.735265121685075, -7.811256770988393 ], [ 109.735262680834524, -7.811255853148737 ], [ 109.735257803398497, -7.811254006274339 ], [ 109.735255366814954, -7.811253077240508 ], [ 109.735235892886521, -7.811245600833956 ], [ 109.735233460671907, -7.811244660645229 ], [ 109.735228600610583, -7.81124276911288 ], [ 109.735226172759383, -7.811241817767609 ], [ 109.735216470311514, -7.811237990163761 ], [ 109.735214046894839, -7.811237027689742 ], [ 109.735209204500052, -7.811235091615231 ], [ 109.735206785523587, -7.811234118014909 ], [ 109.735198988490879, -7.811230958999374 ], [ 109.735195654550807, -7.81122959590158 ], [ 109.735188995428871, -7.811226848592014 ], [ 109.735185670253713, -7.811225464382971 ], [ 109.73517238756375, -7.811219885525588 ], [ 109.735169071257189, -7.811218480248272 ], [ 109.735162447696666, -7.811215648703069 ], [ 109.735159140439066, -7.811214222433989 ], [ 109.735132721631828, -7.811202729641423 ], [ 109.735129423520902, -7.81120128242236 ], [ 109.735122836604489, -7.811198367104168 ], [ 109.735119547798433, -7.811196899004813 ], [ 109.735106411679226, -7.811190985069118 ], [ 109.735103132296956, -7.811189496142617 ], [ 109.735096583098994, -7.811186497527274 ], [ 109.735093313288075, -7.811184987840761 ], [ 109.73508566225911, -7.811181425824145 ], [ 109.735082722735797, -7.811180047050982 ], [ 109.735076851678059, -7.811177272729537 ], [ 109.735073920140337, -7.811175877180006 ], [ 109.735062210320052, -7.811170261600466 ], [ 109.735059286851083, -7.811168849314015 ], [ 109.735053448082169, -7.811166008052794 ], [ 109.735050532779326, -7.81116457907666 ], [ 109.735027245326989, -7.8111530816455 ], [ 109.73502433829043, -7.811151636028512 ], [ 109.735018532568517, -7.811148728196429 ], [ 109.73501563388561, -7.811147265982584 ], [ 109.735004056249693, -7.811141384128916 ], [ 109.735001166015479, -7.811139905365678 ], [ 109.734995394097268, -7.811136931341821 ], [ 109.73499251240878, -7.811135436078871 ], [ 109.734985008382921, -7.811131515060424 ], [ 109.734982387627042, -7.811130136937663 ], [ 109.734977153366742, -7.81112736704091 ], [ 109.734974539867267, -7.811125975269761 ], [ 109.734964100663262, -7.811120381037483 ], [ 109.734961494488289, -7.811118975653756 ], [ 109.734956289550098, -7.811116151320903 ], [ 109.734953690785176, -7.811114732370868 ], [ 109.734932940192834, -7.811103331936522 ], [ 109.734930349732508, -7.811101899917219 ], [ 109.734925176363959, -7.811099022401663 ], [ 109.734922593458521, -7.811097576907002 ], [ 109.734912292741058, -7.811091776872047 ], [ 109.73490971518936, -7.811090316647324 ], [ 109.734905872231764, -7.811088443182086 ], [ 109.734903180563549, -7.811087930146527 ], [ 109.734896702136552, -7.811086679181074 ], [ 109.734878047951327, -7.811083019113028 ], [ 109.734873455450725, -7.81108210454363 ], [ 109.734865847830406, -7.811080567783563 ], [ 109.734861285798218, -7.811079633257918 ], [ 109.734847607695997, -7.811076792349922 ], [ 109.734843050870325, -7.811075832911058 ], [ 109.734835460604302, -7.811074213107759 ], [ 109.734830909126401, -7.811073228785801 ], [ 109.734821289117235, -7.811071120362726 ], [ 109.734815929302613, -7.811069927771655 ], [ 109.734807002822265, -7.811067911365342 ], [ 109.734801650860163, -7.811066684269065 ], [ 109.73478560731553, -7.811062951351801 ], [ 109.73478026340922, -7.811061689796531 ], [ 109.734771363799325, -7.811059558533202 ], [ 109.734766028161573, -7.811058262569588 ], [ 109.734756111874617, -7.811055819280284 ], [ 109.734749429358544, -7.811054144664865 ], [ 109.734738303321421, -7.811051308657568 ], [ 109.734731634628247, -7.811049580073302 ], [ 109.734711650520694, -7.811044313689877 ], [ 109.734706104561496, -7.811042830566009 ], [ 109.734703478950962, -7.81104212614872 ], [ 109.734694940800523, -7.811040542085948 ], [ 109.734680577118354, -7.811037835236391 ], [ 109.734671085900629, -7.811036004764333 ], [ 109.734660184273821, -7.811033857846382 ], [ 109.734656110130459, -7.811033043904672 ], [ 109.734649454863586, -7.811031697406008 ], [ 109.734645463646757, -7.811030879962402 ], [ 109.734633496077436, -7.811028399050599 ], [ 109.734629508851413, -7.811027562539721 ], [ 109.73462286683349, -7.811026152472834 ], [ 109.73461888364352, -7.81102529690429 ], [ 109.734603885340107, -7.811022036999361 ], [ 109.734598286097992, -7.811020800553251 ], [ 109.734588961097984, -7.811018708436109 ], [ 109.734583370360156, -7.811017434346581 ], [ 109.734566611562968, -7.811013555763907 ], [ 109.73456102957141, -7.811012244085816 ], [ 109.734555934131777, -7.811010319240211 ], [ 109.734551861780631, -7.811009435659003 ], [ 109.734546274096886, -7.811008154183526 ], [ 109.73453117596739, -7.811004665021528 ], [ 109.734526304787835, -7.81100353169245 ], [ 109.734518189547089, -7.811001631026159 ], [ 109.734513328315813, -7.811000464532526 ], [ 109.73449889506287, -7.810996396439862 ], [ 109.734494086552786, -7.810995028047273 ], [ 109.734486277207111, -7.81099302242967 ], [ 109.734481196632942, -7.810991637818461 ], [ 109.734472041125969, -7.810988854032018 ], [ 109.734467810193053, -7.81098846303712 ], [ 109.734461182107225, -7.810986634175833 ], [ 109.734457207909543, -7.810985527227842 ], [ 109.734445293627005, -7.810982177587903 ], [ 109.734441324879754, -7.810981051417286 ], [ 109.73443425812826, -7.81097902674577 ], [ 109.734397447683648, -7.810970419296325 ], [ 109.734390892504507, -7.810968868661803 ], [ 109.734379977643471, -7.810966241131837 ], [ 109.73437343500359, -7.810964638734333 ], [ 109.734353827035022, -7.810959754178839 ], [ 109.734347297343959, -7.810958100118683 ], [ 109.734336425624576, -7.810955300377771 ], [ 109.734329870290367, -7.810953584382617 ], [ 109.734310394524471, -7.810948401386952 ], [ 109.734302183649447, -7.810946182449584 ], [ 109.734281521836238, -7.810944119056046 ], [ 109.734276220283959, -7.810943583734115 ], [ 109.734268264326488, -7.81094276153658 ], [ 109.734262929091642, -7.810942197440454 ], [ 109.734243852404234, -7.810940131463269 ], [ 109.734233907179828, -7.810939011879555 ], [ 109.734218948222576, -7.810937261128572 ], [ 109.734209068488212, -7.81093606094214 ], [ 109.734198289535868, -7.810934707475553 ], [ 109.734194046085122, -7.810934162416459 ], [ 109.734187122098945, -7.810933255362443 ], [ 109.734182969054984, -7.810932700918784 ], [ 109.734170514188008, -7.810931006983367 ], [ 109.734166363913005, -7.810930432126497 ], [ 109.734159449204412, -7.810929457035911 ], [ 109.734155301815122, -7.810928861782031 ], [ 109.734145564103358, -7.810927439513762 ], [ 109.734140917637376, -7.810926747882661 ], [ 109.734133176747662, -7.810925573825102 ], [ 109.734128534184549, -7.810924856593317 ], [ 109.734114612714848, -7.810922666553779 ], [ 109.734109974180342, -7.81092192374058 ], [ 109.734102220633361, -7.810920660085912 ], [ 109.734097386812209, -7.8109198580525 ], [ 109.734085588160724, -7.81091786436258 ], [ 109.734077089961261, -7.810916402507246 ], [ 109.734073152819235, -7.810915714112582 ], [ 109.734071233595557, -7.810915373899832 ], [ 109.734063631267702, -7.810914011460852 ], [ 109.734058988811171, -7.810913166214505 ], [ 109.734046066068117, -7.810910773038984 ], [ 109.734036482596309, -7.810908958378718 ], [ 109.734024887562555, -7.810906714014948 ], [ 109.734018819721939, -7.81090551533805 ], [ 109.734008845082542, -7.81090350723332 ], [ 109.734002864653746, -7.810902280937796 ], [ 109.733984937204013, -7.810898537912976 ], [ 109.733978965736242, -7.810897268803444 ], [ 109.733969021041219, -7.810895118002804 ], [ 109.733963058892414, -7.81089380615532 ], [ 109.733952750160938, -7.81089149819212 ], [ 109.733945389533631, -7.810889816686654 ], [ 109.733933134537494, -7.81088695988791 ], [ 109.733925789188447, -7.810885213239203 ], [ 109.73390377765827, -7.810879875961348 ], [ 109.733896448162454, -7.810878064305825 ], [ 109.733884245990055, -7.81087499081724 ], [ 109.733876932905503, -7.810873114293088 ], [ 109.733867724715196, -7.810870710828567 ], [ 109.733864662409587, -7.810869901436547 ], [ 109.73385854239757, -7.810868265595275 ], [ 109.733855484691617, -7.810867439146421 ], [ 109.73384326338055, -7.810864099322089 ], [ 109.733840210337746, -7.81086325583334 ], [ 109.733834109043698, -7.810861551851303 ], [ 109.733831060789441, -7.810860691357334 ], [ 109.733806696103386, -7.810853740009463 ], [ 109.733803652709923, -7.810852862530567 ], [ 109.733797570894126, -7.810851090619622 ], [ 109.733794532473951, -7.810850196188426 ], [ 109.733782389098963, -7.810846584664716 ], [ 109.733779597123259, -7.81084574582934 ], [ 109.733774690780706, -7.810844605238231 ], [ 109.733766070795809, -7.81084256977266 ], [ 109.733744792605933, -7.810837457746004 ], [ 109.733736328220118, -7.810835389780607 ], [ 109.73372364524937, -7.81083223956017 ], [ 109.733715207792386, -7.810830109500841 ], [ 109.733695448001811, -7.810825041651754 ], [ 109.733688445392431, -7.81082322147131 ], [ 109.733677964906292, -7.810820461624473 ], [ 109.733670985476465, -7.810818599964989 ], [ 109.733651718911062, -7.810813395410378 ], [ 109.733645020207746, -7.810811563802304 ], [ 109.733634983155298, -7.81080878639159 ], [ 109.733628280808375, -7.810806909617725 ], [ 109.733608547636663, -7.810801316705295 ], [ 109.73359948811941, -7.810798709255039 ], [ 109.733585890371444, -7.810794734455897 ], [ 109.733576874236746, -7.810792058347829 ], [ 109.733557977300677, -7.810786366944058 ], [ 109.733552405785872, -7.810784667382052 ], [ 109.733543192839022, -7.810781822545152 ], [ 109.733537670893782, -7.81078009687684 ], [ 109.733521123276091, -7.810774863808888 ], [ 109.733515613253246, -7.81077310069486 ], [ 109.733506439989696, -7.810770131022025 ], [ 109.733500942121736, -7.810768330536632 ], [ 109.733474342749787, -7.810759520160047 ], [ 109.733470201764476, -7.810758136656943 ], [ 109.733463306101044, -7.810755813150138 ], [ 109.733459172299661, -7.81075440844819 ], [ 109.733446781974635, -7.810750162646968 ], [ 109.733442655469446, -7.810748736784092 ], [ 109.73343577356269, -7.810746339030345 ], [ 109.733431571687902, -7.810744862722743 ], [ 109.733403044501642, -7.810734753648717 ], [ 109.733394108984385, -7.810731553080984 ], [ 109.733389982967878, -7.810730061937136 ], [ 109.733382390890199, -7.81072728862614 ], [ 109.733372613457448, -7.810723677831845 ], [ 109.733366450996527, -7.810721380604718 ], [ 109.733339286327066, -7.81071116437613 ], [ 109.733333061335145, -7.810708795471328 ], [ 109.733322721253671, -7.810704814209316 ], [ 109.73331652659482, -7.810702401255526 ], [ 109.733297971756429, -7.810695090182776 ], [ 109.733291796204981, -7.81069262896267 ], [ 109.733281519863283, -7.810688486835488 ], [ 109.733275363817654, -7.810685977508172 ], [ 109.733257080441604, -7.810678441009884 ], [ 109.733250383677557, -7.810675647286132 ], [ 109.733239861996253, -7.8106712067177 ], [ 109.733227599643669, -7.810669029442636 ], [ 109.733219486185703, -7.81066764241541 ], [ 109.733214825041841, -7.810666829680315 ], [ 109.733212651092856, -7.810666444328831 ], [ 109.733206097043478, -7.810665267555862 ], [ 109.733194868398243, -7.810663215397994 ], [ 109.733187441261975, -7.810661832468952 ], [ 109.733177364982112, -7.81065992229037 ], [ 109.733171028046854, -7.810658695772986 ], [ 109.733160564183493, -7.81065662933247 ], [ 109.733154290554239, -7.810655365896878 ], [ 109.733135484710601, -7.810651505075498 ], [ 109.733129220801914, -7.810650194566676 ], [ 109.733118789334469, -7.810647971216213 ], [ 109.733112535498265, -7.810646613707831 ], [ 109.733103285766106, -7.810644569263957 ], [ 109.733096719781372, -7.810643090931194 ], [ 109.733085786419394, -7.81064058386778 ], [ 109.733079232389002, -7.810639053728892 ], [ 109.733059589347363, -7.810634385866365 ], [ 109.733053047664612, -7.810632804013153 ], [ 109.733042155496889, -7.810630124579575 ], [ 109.733035626592368, -7.810628491116347 ], [ 109.733026323864692, -7.810626124288547 ], [ 109.733019397205283, -7.810624331204565 ], [ 109.733007865581271, -7.810621294317457 ], [ 109.733000954306533, -7.810619443140808 ], [ 109.73298024492442, -7.810613802840237 ], [ 109.73297334952457, -7.81061189370223 ], [ 109.732961870802455, -7.810608663609969 ], [ 109.732954991772488, -7.810606696647824 ], [ 109.732946478931751, -7.810604226405644 ], [ 109.732943735427455, -7.810603421964856 ], [ 109.732938252544159, -7.810601799292385 ], [ 109.732935513160157, -7.810600981059338 ], [ 109.73292456410195, -7.810597680613398 ], [ 109.732921828887413, -7.810596848602643 ], [ 109.732916362711819, -7.810595170829004 ], [ 109.732913631747181, -7.810594325065097 ], [ 109.732891802664653, -7.810587504450723 ], [ 109.732889076006984, -7.810586644951059 ], [ 109.732883627081264, -7.810584912242405 ], [ 109.732880904812987, -7.810584039033358 ], [ 109.732870024780254, -7.810580518862082 ], [ 109.732867306972253, -7.81057963196622 ], [ 109.732861875864614, -7.810577844503484 ], [ 109.732859162566569, -7.810576943937122 ], [ 109.732843740793044, -7.810571780694033 ], [ 109.732838657289449, -7.810570061385874 ], [ 109.732830193963252, -7.810567169228761 ], [ 109.732825121486599, -7.810565417952603 ], [ 109.73280992105083, -7.81056011633018 ], [ 109.732804859912278, -7.810558333195274 ], [ 109.732800468070195, -7.810556771788981 ], [ 109.732787255515404, -7.810557080621834 ], [ 109.732783645926531, -7.810557153520222 ], [ 109.732776426365376, -7.810557276380791 ], [ 109.732772746177488, -7.810557327087338 ], [ 109.732763857721864, -7.810557419845622 ], [ 109.732757834598317, -7.810557467920546 ], [ 109.732748747050721, -7.810557516368135 ], [ 109.732742688607743, -7.810557532517237 ], [ 109.732722293517838, -7.810557194079536 ], [ 109.732716263632312, -7.81055700312919 ], [ 109.732712801831497, -7.810557013503967 ], [ 109.732705240855807, -7.810556963196689 ], [ 109.732690120251164, -7.810556761975931 ], [ 109.732682560619082, -7.810556611062623 ], [ 109.732670769822334, -7.810556296361483 ], [ 109.732666656916194, -7.810556176939656 ], [ 109.732658577717245, -7.810555923661695 ], [ 109.732653633960012, -7.810555746626164 ], [ 109.732643748140561, -7.810555349519575 ], [ 109.73263880608738, -7.810555129448574 ], [ 109.732626598320508, -7.810554532574997 ], [ 109.732622606972086, -7.810554323352221 ], [ 109.732614625850374, -7.810553876836593 ], [ 109.732610636081859, -7.810553639543912 ], [ 109.732585469493188, -7.810552052876972 ], [ 109.732580893390718, -7.810551752194215 ], [ 109.732577243779758, -7.810551503556098 ], [ 109.73256660236882, -7.810550675093054 ], [ 109.73254909429312, -7.810549146467451 ], [ 109.732536689769688, -7.810548428976119 ], [ 109.732513120414467, -7.810546573000522 ], [ 109.73248869785948, -7.810544137620752 ], [ 109.7324856456475, -7.810543824933404 ], [ 109.732479542954195, -7.810543183080597 ], [ 109.732476492471505, -7.81054285391491 ], [ 109.732464294421277, -7.810541504341415 ], [ 109.732461245784009, -7.810541158709952 ], [ 109.73245515043152, -7.810540450989947 ], [ 109.732452103726587, -7.810540088902769 ], [ 109.732444783687811, -7.810539198898255 ], [ 109.732441475028338, -7.810538786760389 ], [ 109.732434860215108, -7.810537943078032 ], [ 109.732431554048731, -7.810537511532118 ], [ 109.732418334851786, -7.810535746596258 ], [ 109.732415031306971, -7.810535295659292 ], [ 109.732408426918823, -7.810534374405449 ], [ 109.732405126079414, -7.810533904089084 ], [ 109.732378733008204, -7.810530064447732 ], [ 109.732375434999938, -7.810529574769475 ], [ 109.732368841934658, -7.810528576069089 ], [ 109.732365546877475, -7.810528067047017 ], [ 109.732352372999117, -7.810525992340843 ], [ 109.732349035608138, -7.810525456567632 ], [ 109.732342364078136, -7.810524365174444 ], [ 109.732338955973944, -7.810523796997018 ], [ 109.732329250178452, -7.810522147436814 ], [ 109.732320804039773, -7.810520688476913 ], [ 109.732317325030465, -7.810520071672784 ], [ 109.73231025653962, -7.810518794434643 ], [ 109.732306672533639, -7.810518134945937 ], [ 109.732292501156849, -7.810515480264826 ], [ 109.73228894747507, -7.810514802844295 ], [ 109.732281844510283, -7.810513425387569 ], [ 109.732278295228525, -7.810512725351543 ], [ 109.732251730866267, -7.810507398041921 ], [ 109.73224841201403, -7.810506722168952 ], [ 109.732241778426669, -7.810505350651567 ], [ 109.732238463693989, -7.810504655007776 ], [ 109.73222521343979, -7.810501832983277 ], [ 109.732221902921538, -7.810501117588444 ], [ 109.732215286251801, -7.810499667080649 ], [ 109.732211980100203, -7.8104989319678 ], [ 109.732204813064698, -7.810497315959367 ], [ 109.732200349607012, -7.810496290621245 ], [ 109.732191431154547, -7.81049420400069 ], [ 109.732186976157095, -7.810493142717803 ], [ 109.732169174229512, -7.810488825970481 ], [ 109.732164727973895, -7.810487728809562 ], [ 109.732155844500767, -7.810485498682965 ], [ 109.732151407284789, -7.810484365717798 ], [ 109.732115952644335, -7.810475160571286 ], [ 109.732111524754487, -7.810473991874517 ], [ 109.732102678592071, -7.810471618826682 ], [ 109.732098260316548, -7.810470414474594 ], [ 109.732080607612716, -7.810465526077564 ], [ 109.732076199252504, -7.81046428615241 ], [ 109.732067392710519, -7.810461770803215 ], [ 109.732062994531589, -7.8104604953798 ], [ 109.732054919493919, -7.81045811836799 ], [ 109.73205076744415, -7.81045687891401 ], [ 109.732042472986279, -7.810454368377009 ], [ 109.732038330579314, -7.810453097294555 ], [ 109.732021781137689, -7.810447949986099 ], [ 109.732017648590727, -7.810446647341792 ], [ 109.732009393607541, -7.810444010570279 ], [ 109.732005271168077, -7.810442676442108 ], [ 109.73197233791484, -7.810431879387124 ], [ 109.731968224209368, -7.810430513309655 ], [ 109.731960007390455, -7.810427749801931 ], [ 109.73195590427639, -7.810426352371508 ], [ 109.731939514003045, -7.810420700286102 ], [ 109.731935418681473, -7.810419270510067 ], [ 109.731927239125923, -7.81041637972379 ], [ 109.731923149119382, -7.810414916623472 ], [ 109.731914322683792, -7.810411720935178 ], [ 109.731910790179029, -7.810410427147303 ], [ 109.731903721387084, -7.810407811485675 ], [ 109.731900187866415, -7.810406490613389 ], [ 109.731886076424928, -7.810401162079415 ], [ 109.73188255203371, -7.810399817859036 ], [ 109.731875512311262, -7.810397106046139 ], [ 109.731871996979976, -7.810395738453622 ], [ 109.731843913414252, -7.810384705340766 ], [ 109.731840406950198, -7.810383314297212 ], [ 109.73183340340114, -7.810380508958417 ], [ 109.731829906316761, -7.810379094663517 ], [ 109.73181593729862, -7.810373391208998 ], [ 109.731812449718063, -7.810371953712945 ], [ 109.731805484254494, -7.810369055599097 ], [ 109.731802006375176, -7.81036759498329 ], [ 109.731794228343801, -7.810364297967453 ], [ 109.731790889363879, -7.810362869993185 ], [ 109.731784220674967, -7.810359992734789 ], [ 109.731780890959442, -7.810358543448103 ], [ 109.731767591127266, -7.810352703895376 ], [ 109.731764270798408, -7.810351233349536 ], [ 109.731757639650482, -7.810348271053385 ], [ 109.731754328830959, -7.81034677930262 ], [ 109.731727883682652, -7.81033476200588 ], [ 109.731724582528841, -7.810333249120504 ], [ 109.731716962657003, -7.81032972346685 ], [ 109.731705239767507, -7.810328415434356 ], [ 109.731697733575572, -7.810327802056008 ], [ 109.731680714206163, -7.810326336246533 ], [ 109.731674190410786, -7.810325748854041 ], [ 109.731663321350652, -7.810324728099488 ], [ 109.731656802298858, -7.810324090588608 ], [ 109.731637253299482, -7.810322102982298 ], [ 109.731630739353136, -7.810321415388387 ], [ 109.731619887365866, -7.8103202276979 ], [ 109.731613378940438, -7.810319490064842 ], [ 109.731596936601932, -7.81031756372505 ], [ 109.731592618760203, -7.810317046376895 ], [ 109.731585424630453, -7.810316165777863 ], [ 109.731581109520448, -7.810315626407714 ], [ 109.731568168544129, -7.810313975297163 ], [ 109.731563856255832, -7.81031341391656 ], [ 109.731556671553733, -7.810312459952172 ], [ 109.731552362189859, -7.810311876574303 ], [ 109.731536257005644, -7.810309655417257 ], [ 109.731531060345674, -7.810308913934534 ], [ 109.731520674134117, -7.810307382990459 ], [ 109.731515484585429, -7.810306593529617 ], [ 109.731494742378914, -7.810303340002292 ], [ 109.731489560444345, -7.810302502640468 ], [ 109.731479204583479, -7.810300780080524 ], [ 109.731474030785762, -7.810299894905143 ], [ 109.731468134667125, -7.81029882600069 ], [ 109.731463837446768, -7.810298023527423 ], [ 109.73146094219311, -7.810297562070105 ], [ 109.731451824305736, -7.810296087334507 ], [ 109.731444686243151, -7.810294906478589 ], [ 109.731440559163275, -7.810294211354233 ], [ 109.731433920313975, -7.810293076359756 ], [ 109.731429938886379, -7.810292385964829 ], [ 109.731424625476905, -7.810291432477015 ], [ 109.731415332853885, -7.810289718596607 ], [ 109.731410690124846, -7.8102888423374 ], [ 109.731392135088925, -7.810285260320711 ], [ 109.731387499907441, -7.810284345496257 ], [ 109.731378237364709, -7.810282477336955 ], [ 109.731373522116598, -7.810281505507021 ], [ 109.731355990013185, -7.810277812043637 ], [ 109.731346523420541, -7.810275778083962 ], [ 109.731335046623769, -7.810273263084639 ], [ 109.731328082570428, -7.810271705323089 ], [ 109.731316617572077, -7.810269090284919 ], [ 109.731309745115368, -7.810267492787489 ], [ 109.731284960985931, -7.810261625958901 ], [ 109.731282047633499, -7.810260927904721 ], [ 109.731276224682006, -7.810259516446479 ], [ 109.731273315080898, -7.810258803041961 ], [ 109.731261684465323, -7.810255918794269 ], [ 109.731258778681763, -7.810255190055784 ], [ 109.731252971020751, -7.81025371726696 ], [ 109.731250069139207, -7.810252973215484 ], [ 109.731242012604696, -7.810250883947901 ], [ 109.731237961370368, -7.810249823169841 ], [ 109.731231213731292, -7.81024803862914 ], [ 109.731227167810175, -7.81024695796134 ], [ 109.731220993060049, -7.810245293299147 ], [ 109.731216458953952, -7.810244050132155 ], [ 109.731207401239033, -7.810241526317725 ], [ 109.731202877631063, -7.81024024567057 ], [ 109.731184805467535, -7.810235048484117 ], [ 109.731180292679198, -7.810233730447635 ], [ 109.731171278221382, -7.810231057073167 ], [ 109.73116677655122, -7.810229701734841 ], [ 109.731150222070596, -7.810224641867535 ], [ 109.731146219896402, -7.810223408055265 ], [ 109.731139554711717, -7.810221335317692 ], [ 109.73113555868207, -7.810220081850048 ], [ 109.731127003540735, -7.810217375282946 ], [ 109.731123280244617, -7.810216187898845 ], [ 109.731117079364594, -7.810214194711079 ], [ 109.731113361592747, -7.810212990266336 ], [ 109.731100019597477, -7.810208634802621 ], [ 109.731095627295872, -7.810207180855969 ], [ 109.731086854728858, -7.810204237231858 ], [ 109.731081440048911, -7.810202391052655 ], [ 109.731057164138747, -7.810194359719105 ], [ 109.731049300749874, -7.810191699149641 ], [ 109.731033613911393, -7.810186263388289 ], [ 109.731025034799416, -7.810183212693119 ], [ 109.731020502316767, -7.810181552937877 ], [ 109.731012956869961, -7.81017876558235 ], [ 109.731008434404202, -7.810177080361768 ], [ 109.730994882203618, -7.81017198657463 ], [ 109.73099036959411, -7.810170275835048 ], [ 109.730982856738706, -7.810167403318076 ], [ 109.730978353920307, -7.810165667036642 ], [ 109.730970495827819, -7.810162612578267 ], [ 109.730967953576112, -7.810161616958055 ], [ 109.730962873878354, -7.810159613495273 ], [ 109.730960336437363, -7.810158605654408 ], [ 109.730950196637423, -7.810154549985896 ], [ 109.730947664096846, -7.810153529959905 ], [ 109.730942603996937, -7.810151477755255 ], [ 109.730940076442607, -7.810150445578813 ], [ 109.730920033486882, -7.810141621467665 ], [ 109.730917519238687, -7.810140572004286 ], [ 109.730913624014249, -7.810139097828767 ], [ 109.730909937971148, -7.810137587112933 ], [ 109.730899841157282, -7.810133430239262 ], [ 109.730897318264795, -7.810132388009038 ], [ 109.730892275239228, -7.810130297582248 ], [ 109.730889755102623, -7.810129249384147 ], [ 109.730882715359087, -7.810126311408112 ], [ 109.730880001066453, -7.810125133316888 ], [ 109.730874609143825, -7.81012268595191 ], [ 109.730871914667546, -7.810121458699939 ], [ 109.730861143024072, -7.810116535560724 ], [ 109.730858451593519, -7.810115301204178 ], [ 109.730853297849023, -7.810112931156482 ], [ 109.730850445706892, -7.810111506442411 ], [ 109.730828720201941, -7.810101991303952 ], [ 109.730826032106506, -7.810100749257685 ], [ 109.730820662461667, -7.810098251165982 ], [ 109.730817980907659, -7.810096995118272 ], [ 109.730807268110425, -7.810091943082057 ], [ 109.730804593194534, -7.81009067307815 ], [ 109.730799250043333, -7.810088119134605 ], [ 109.730796581812569, -7.810086835196955 ], [ 109.730788237506715, -7.810082790032993 ], [ 109.730781481189581, -7.810079480235856 ], [ 109.730770245367353, -7.8100739142875 ], [ 109.730763518721119, -7.810070544958535 ], [ 109.730755948707838, -7.810066714345112 ], [ 109.730743276912506, -7.810065962645183 ], [ 109.730735617182233, -7.810065475389081 ], [ 109.730722854873534, -7.810064605829325 ], [ 109.730715199873657, -7.810064049616756 ], [ 109.730706086216117, -7.810063349039808 ], [ 109.730703457656716, -7.810063140009618 ], [ 109.730698201572579, -7.810062709755755 ], [ 109.730695574041874, -7.810062488531628 ], [ 109.730685066101785, -7.810061579258445 ], [ 109.730682439611996, -7.810061345841575 ], [ 109.730677187761444, -7.810060866822653 ], [ 109.730674562397553, -7.810060621220373 ], [ 109.730653565290709, -7.810058607784867 ], [ 109.730650941096542, -7.810058350001214 ], [ 109.730645693937561, -7.810057822258557 ], [ 109.730643070968881, -7.810057552299213 ], [ 109.730632581806617, -7.810056448136947 ], [ 109.730629960138742, -7.810056166009474 ], [ 109.730624718133868, -7.810055589589751 ], [ 109.730622097801472, -7.810055295298071 ], [ 109.730613271754748, -7.810054283292629 ], [ 109.730610580650023, -7.810053968224224 ], [ 109.730605199984325, -7.81005332525848 ], [ 109.730602510415906, -7.810052997360231 ], [ 109.730591755494004, -7.810051660141824 ], [ 109.730589067536414, -7.810051319422769 ], [ 109.730583693282085, -7.810050625170504 ], [ 109.730581006993759, -7.810050271638261 ], [ 109.730559524761247, -7.810047392314175 ], [ 109.730556840193117, -7.810047025975393 ], [ 109.730551472840659, -7.810046280499819 ], [ 109.730548790048033, -7.810045901361946 ], [ 109.730538062734411, -7.810044359255414 ], [ 109.730535381803747, -7.810043967330614 ], [ 109.730530021842014, -7.810043170699771 ], [ 109.730527342822143, -7.81004276599532 ], [ 109.730517804516182, -7.810041300762236 ], [ 109.730513225953757, -7.810040585185106 ], [ 109.730505598361333, -7.810039371823621 ], [ 109.730501023806028, -7.810038631365956 ], [ 109.730487306451323, -7.81003637272147 ], [ 109.73048273608714, -7.810035607413852 ], [ 109.730474796278543, -7.810034254579648 ], [ 109.730469191456848, -7.810033279788001 ], [ 109.730466678760308, -7.810032834304195 ], [ 109.730459409092589, -7.810031526098101 ], [ 109.730446955138802, -7.810029240577364 ], [ 109.73043871334437, -7.810027696597331 ], [ 109.730427981901585, -7.810025648638828 ], [ 109.730425158802859, -7.810025102006193 ], [ 109.730419735522219, -7.810024037655467 ], [ 109.730417025171676, -7.810023498883425 ], [ 109.730406189275584, -7.810021317477492 ], [ 109.730403481610949, -7.810020765533068 ], [ 109.730398068997431, -7.810019648478431 ], [ 109.730395364048491, -7.810019083367877 ], [ 109.730373736986394, -7.810014510170447 ], [ 109.730371034836935, -7.810013931911044 ], [ 109.730365633398378, -7.810012762256804 ], [ 109.730362934114339, -7.810012170863047 ], [ 109.730352142942877, -7.810009779070128 ], [ 109.730349446578828, -7.810009174553784 ], [ 109.730344056851038, -7.810007952416356 ], [ 109.730341363483035, -7.81000733479442 ], [ 109.730332729440022, -7.810005332784101 ], [ 109.730329622963893, -7.810004603271295 ], [ 109.730323414181271, -7.81000312680959 ], [ 109.730320311871196, -7.810002379859895 ], [ 109.730307911393595, -7.809999357291019 ], [ 109.730304813363659, -7.80999859293172 ], [ 109.730298621664417, -7.809997046823582 ], [ 109.730295527999886, -7.809996265076109 ], [ 109.730270798447464, -7.809989942129164 ], [ 109.730267709239797, -7.809989143016196 ], [ 109.730261535379952, -7.809987527450403 ], [ 109.730258450719646, -7.809986710995361 ], [ 109.730246121645337, -7.809983410616496 ], [ 109.730243041664608, -7.809982576854452 ], [ 109.730236886444629, -7.809980892040187 ], [ 109.73023381121817, -7.809980040991434 ], [ 109.730225279177489, -7.809977653979274 ], [ 109.730221867375633, -7.809976687962319 ], [ 109.730215049926642, -7.809974734658908 ], [ 109.730211644275585, -7.8099737473716 ], [ 109.730198034419061, -7.809969755812062 ], [ 109.730194635013675, -7.809968747281914 ], [ 109.730187842610917, -7.809966709026924 ], [ 109.730184449611613, -7.80996567930157 ], [ 109.730157334342493, -7.809957357667088 ], [ 109.730153947853864, -7.809956306777906 ], [ 109.730147181556674, -7.809954183888408 ], [ 109.730143801750046, -7.809953111888774 ], [ 109.730130296340064, -7.809948781814342 ], [ 109.730126923321791, -7.809947688738134 ], [ 109.730120184212922, -7.80994548155445 ], [ 109.730116818117096, -7.809944367445212 ], [ 109.730107587505074, -7.809941278773067 ], [ 109.730102456793247, -7.809939544658334 ], [ 109.730093914918484, -7.80993662731737 ], [ 109.730088795395716, -7.809934860627891 ], [ 109.730073454221156, -7.809929511909445 ], [ 109.730068346282167, -7.809927712783633 ], [ 109.730059563423993, -7.809924586677596 ], [ 109.730053548109026, -7.809922419757299 ], [ 109.730051139616421, -7.80992154261827 ], [ 109.730044708884179, -7.809919181462021 ], [ 109.730033698713839, -7.809915098833926 ], [ 109.730026413653604, -7.809912369063113 ], [ 109.730016348702975, -7.809908561379984 ], [ 109.730013847075611, -7.809907607831121 ], [ 109.730009030214205, -7.809905758759442 ], [ 109.730006623891427, -7.809904828753133 ], [ 109.729997007269617, -7.809901086937941 ], [ 109.72999460521595, -7.809900146011046 ], [ 109.729989805453044, -7.809898253266681 ], [ 109.729987407743636, -7.809897301448927 ], [ 109.72996824443112, -7.809889643738131 ], [ 109.729965851084273, -7.809888681036853 ], [ 109.729961068796626, -7.809886744768164 ], [ 109.729958679847698, -7.809885771197514 ], [ 109.729949133163359, -7.8098818553039 ], [ 109.729946748722057, -7.809880870908444 ], [ 109.729941984322352, -7.809878891282779 ], [ 109.729939604369406, -7.809877896054502 ], [ 109.729922357966871, -7.809870636312553 ], [ 109.7299171576405, -7.809868427442723 ], [ 109.729908502778414, -7.809864717285677 ], [ 109.729903317282321, -7.809862473971805 ], [ 109.729887783728657, -7.809855692663291 ], [ 109.729882613313123, -7.809853415013492 ], [ 109.729874008713068, -7.809849590401939 ], [ 109.729868846382033, -7.80984727524833 ], [ 109.729810011951542, -7.809820654928785 ], [ 109.729804333067364, -7.809819750301301 ], [ 109.729795038189934, -7.809818235106832 ], [ 109.729781034817449, -7.809815892738868 ], [ 109.729772871770137, -7.809814494814134 ], [ 109.729770029687302, -7.809813999563232 ], [ 109.72976361685437, -7.809812857454403 ], [ 109.729754513013688, -7.809811199207275 ], [ 109.729749272076049, -7.809810226815841 ], [ 109.729733559126487, -7.809807260602099 ], [ 109.729728324494772, -7.809806255467379 ], [ 109.72971960547136, -7.809804552977937 ], [ 109.72971437729916, -7.809803515130511 ], [ 109.72970692917653, -7.809802013787078 ], [ 109.729704326867932, -7.809801482400871 ], [ 109.729699124801414, -7.809800407474143 ], [ 109.729696525041561, -7.809799863933392 ], [ 109.729686131261133, -7.809797665494614 ], [ 109.72968353406668, -7.809797109802503 ], [ 109.729678342343902, -7.80979598628852 ], [ 109.729675747812735, -7.809795418466194 ], [ 109.729655003419339, -7.809790827632241 ], [ 109.729652411571692, -7.809790247684077 ], [ 109.729647230642968, -7.809789075680328 ], [ 109.729644641560753, -7.809788483624686 ], [ 109.729634290941021, -7.809786091228091 ], [ 109.729631704663348, -7.809785487073952 ], [ 109.729626534972851, -7.809784266681163 ], [ 109.729623951554231, -7.809783650441148 ], [ 109.729615346046273, -7.80978157388239 ], [ 109.729608428748293, -7.809779876123059 ], [ 109.729596911990598, -7.809776998390078 ], [ 109.729590009210369, -7.80977524287772 ], [ 109.729569323960959, -7.80976989004796 ], [ 109.729562436159711, -7.809768076899672 ], [ 109.729550969378408, -7.80976500706231 ], [ 109.729544097063581, -7.809763136411675 ], [ 109.729534674738602, -7.809760530338849 ], [ 109.729529399727767, -7.809759052484878 ], [ 109.729520616071511, -7.8097565611547 ], [ 109.729515350707345, -7.80975504941614 ], [ 109.729499569728318, -7.809750463558828 ], [ 109.729494314259057, -7.80974891800679 ], [ 109.72948556354936, -7.809746313956282 ], [ 109.729480318170317, -7.809744734648518 ], [ 109.729471174030607, -7.809741949221518 ], [ 109.729465679114128, -7.809740255199983 ], [ 109.729456530616858, -7.809737400967663 ], [ 109.729451047349869, -7.809735669914744 ], [ 109.729434615618175, -7.80973042139783 ], [ 109.729429144202129, -7.809728653377022 ], [ 109.729420035286523, -7.809725675945174 ], [ 109.729414575990063, -7.809723871043332 ], [ 109.729398159618313, -7.809718382133838 ], [ 109.729392817050893, -7.809716576104677 ], [ 109.729383922853344, -7.809713536611355 ], [ 109.729378592401133, -7.809711695254293 ], [ 109.729362636299811, -7.809706124148533 ], [ 109.729357309361831, -7.809704244393515 ], [ 109.72934846938773, -7.809701091929924 ], [ 109.729342916124665, -7.809699089991909 ], [ 109.729314488495163, -7.809688709244483 ], [ 109.729305514937096, -7.809685390120933 ], [ 109.7292920858863, -7.809680358602748 ], [ 109.72928315904818, -7.809676971053307 ], [ 109.729247897907157, -7.809663422254118 ], [ 109.729241125496458, -7.809660794732167 ], [ 109.729230991465442, -7.809656825635898 ], [ 109.729224233042089, -7.809654153646534 ], [ 109.729196914136878, -7.809643249577562 ], [ 109.729187952780251, -7.809639629129094 ], [ 109.729174517894876, -7.80963413469658 ], [ 109.729166473454029, -7.80963080693175 ], [ 109.729162541971164, -7.809630502257505 ], [ 109.729159478836152, -7.80963031817106 ], [ 109.729147228595878, -7.809629548758267 ], [ 109.729144166519404, -7.809629348132717 ], [ 109.729138043487239, -7.809628930346548 ], [ 109.729134982534276, -7.809628713186214 ], [ 109.729110501629009, -7.809626909925896 ], [ 109.729107441904432, -7.809626676237997 ], [ 109.729101323763587, -7.809626192340886 ], [ 109.729098265344476, -7.809625942131333 ], [ 109.729086034678062, -7.809624908283354 ], [ 109.729082977674693, -7.8096246415613 ], [ 109.72907686515174, -7.809624091610829 ], [ 109.729073809638578, -7.809623808382867 ], [ 109.729065886596061, -7.809623052378811 ], [ 109.729062064382276, -7.809622674628315 ], [ 109.729054422613103, -7.809621893299322 ], [ 109.72905060305186, -7.809621489720371 ], [ 109.729035330844908, -7.809619823826097 ], [ 109.729031514128565, -7.809619394439039 ], [ 109.729023883688114, -7.80961850987353 ], [ 109.72902006996577, -7.80961805469542 ], [ 109.72898957644054, -7.809614310625818 ], [ 109.728985765912853, -7.809613829680131 ], [ 109.72897814819521, -7.809612842039655 ], [ 109.728974341005767, -7.809612335344809 ], [ 109.728959119698004, -7.809610257170732 ], [ 109.728955316049962, -7.80960972475367 ], [ 109.728947712458762, -7.809608634220183 ], [ 109.728943912517423, -7.809608076104098 ], [ 109.728934398952731, -7.80960664454517 ], [ 109.728929165068848, -7.809605841099767 ], [ 109.728920446182428, -7.809604474936066 ], [ 109.728915217410702, -7.809603638986346 ], [ 109.7288995393655, -7.809601082477627 ], [ 109.728894316013111, -7.809600214073441 ], [ 109.728885615072159, -7.809598739710623 ], [ 109.728881266824146, -7.809597990392206 ], [ 109.728878879296133, -7.809597572558687 ], [ 109.728874986898973, -7.809596878776802 ], [ 109.72886850270163, -7.809595707504116 ], [ 109.728864613853261, -7.809594995722364 ], [ 109.728852952706916, -7.809592833394447 ], [ 109.72884906729189, -7.809592103593957 ], [ 109.728842594495347, -7.809590872251192 ], [ 109.728838712547258, -7.809590124439069 ], [ 109.728828240139819, -7.809588079815228 ], [ 109.728820878298336, -7.809586610227939 ], [ 109.728808619624829, -7.809584106918578 ], [ 109.728801271089708, -7.809582572541046 ], [ 109.728779247021635, -7.809577872555849 ], [ 109.728771912346872, -7.809576273503296 ], [ 109.728759699910313, -7.80957355462283 ], [ 109.728752379691571, -7.809571891025257 ], [ 109.728727856797605, -7.809566207033072 ], [ 109.728705067783949, -7.809561134281239 ], [ 109.728695257457673, -7.809558906956852 ], [ 109.728680509944809, -7.809555489960132 ], [ 109.72867073443922, -7.80955317938475 ], [ 109.728652257600345, -7.809548729228084 ], [ 109.728646893572886, -7.80954741797251 ], [ 109.72863803721134, -7.809545222557063 ], [ 109.728632727663182, -7.809543888242501 ], [ 109.728616812382541, -7.809539834244219 ], [ 109.728611511557688, -7.809538465845833 ], [ 109.728602684295026, -7.809536156824265 ], [ 109.728597392413974, -7.809534754399067 ], [ 109.728587325922149, -7.809532051585165 ], [ 109.728581389789156, -7.809530434988005 ], [ 109.728571506127082, -7.809527704976233 ], [ 109.728565581878797, -7.809526045562848 ], [ 109.728547827844466, -7.809521003347129 ], [ 109.728541915788924, -7.809519301203522 ], [ 109.728532072794394, -7.80951642876704 ], [ 109.728526173280443, -7.809514683993882 ], [ 109.728507916282581, -7.809509212578689 ], [ 109.728501798608363, -7.809507354180596 ], [ 109.728491614336122, -7.809504218649408 ], [ 109.728485510884695, -7.80950231441085 ], [ 109.728467222743575, -7.809496533210108 ], [ 109.728461133816154, -7.809494583224875 ], [ 109.728450998003268, -7.809491295222074 ], [ 109.728444923965981, -7.809489299607662 ], [ 109.728434914412787, -7.809485969555851 ], [ 109.728429225017862, -7.809484054325651 ], [ 109.72841975410779, -7.809480828909386 ], [ 109.728414078420656, -7.80947887364357 ], [ 109.728397096514129, -7.809472956354853 ], [ 109.728391426598193, -7.809470958221652 ], [ 109.728382028453325, -7.809467608848934 ], [ 109.728376168352668, -7.809465496251221 ], [ 109.728357492863438, -7.809458672337144 ], [ 109.7283523756725, -7.809456783548455 ], [ 109.728343925107822, -7.80945363361775 ], [ 109.728338864178909, -7.809451728829174 ], [ 109.728323751443838, -7.809445985985349 ], [ 109.728318720875848, -7.809444056126495 ], [ 109.728310346880335, -7.809440813207175 ], [ 109.728305328678289, -7.809438851572338 ], [ 109.728289189903535, -7.809432484635977 ], [ 109.728285544308392, -7.809431036528849 ], [ 109.728279473943587, -7.809428609045995 ], [ 109.728275835101613, -7.809427144174037 ], [ 109.728264928900387, -7.809422724489536 ], [ 109.728261296884227, -7.809421242882081 ], [ 109.728255249274923, -7.809418759615767 ], [ 109.728251624151426, -7.809417261300268 ], [ 109.728229643799807, -7.809408115973099 ], [ 109.728223981953533, -7.809405736568863 ], [ 109.728214560011054, -7.809401736923917 ], [ 109.728208915537152, -7.809399316758686 ], [ 109.728192009054226, -7.809391995500107 ], [ 109.728186382274998, -7.80938953471184 ], [ 109.728177019277496, -7.809385399642849 ], [ 109.728171410485118, -7.809382898359388 ], [ 109.728156560809339, -7.809376211624965 ], [ 109.728151765587313, -7.809374033146582 ], [ 109.728135743733958, -7.809369640151715 ], [ 109.728112007868276, -7.809362740561482 ], [ 109.728100177670285, -7.809359161653731 ], [ 109.728053030309582, -7.80934433650765 ], [ 109.728047145334756, -7.809342450766394 ], [ 109.728035396366067, -7.80933861537892 ], [ 109.728029532370556, -7.809336665732076 ], [ 109.7280061211207, -7.809328740264334 ], [ 109.728000278923219, -7.809326726986512 ], [ 109.727988616887274, -7.809322636995319 ], [ 109.727982797295169, -7.809320560371305 ], [ 109.727976999911448, -7.80931842024836 ], [ 109.727965429388064, -7.80931407724205 ], [ 109.727959656004487, -7.809311874270293 ], [ 109.727936613202019, -7.809302937747759 ], [ 109.727930864378379, -7.809300672147344 ], [ 109.727919391853902, -7.809296078541934 ], [ 109.727913668151871, -7.809293750536483 ], [ 109.727867995838494, -7.809274883800697 ], [ 109.727856626649498, -7.809270041746004 ], [ 109.727833996893651, -7.809260111444701 ], [ 109.727822736327482, -7.809255023198375 ], [ 109.727777932693471, -7.809234187631432 ], [ 109.727766786109896, -7.809228855614265 ], [ 109.727744612232755, -7.809217950349137 ], [ 109.727733584938619, -7.809212377100778 ], [ 109.727689735270417, -7.809189612364662 ], [ 109.727684268084033, -7.809186736147865 ], [ 109.727673365492478, -7.8091809244101 ], [ 109.727667930086056, -7.809177988888166 ], [ 109.727646254626052, -7.809166129606695 ], [ 109.727640851825697, -7.809163135229312 ], [ 109.727630079286428, -7.809157087875406 ], [ 109.72762470987891, -7.809154035089648 ], [ 109.727619373032383, -7.809150923404331 ], [ 109.727608734356124, -7.809144642545846 ], [ 109.727603432197782, -7.809141473183445 ], [ 109.727582295426146, -7.80912868189364 ], [ 109.727577028409826, -7.809125455136154 ], [ 109.727566529985836, -7.809118944515546 ], [ 109.727561298577314, -7.809115660652139 ], [ 109.727519605280122, -7.809089171171252 ], [ 109.727509251929064, -7.809082433799347 ], [ 109.727488695071145, -7.809068735417441 ], [ 109.727478491563431, -7.809061774406985 ], [ 109.727437996567062, -7.80903349644143 ], [ 109.727427947758542, -7.809026315104461 ], [ 109.727408009618671, -7.809011735519732 ], [ 109.727398120288285, -7.809004337272484 ], [ 109.727358900676165, -7.808974324650649 ], [ 109.727354017386858, -7.808970545357965 ], [ 109.727344292436953, -7.808962933876728 ], [ 109.727339450776356, -7.808959101688401 ], [ 109.727320169680354, -7.808943668965128 ], [ 109.727315370410224, -7.808939784489098 ], [ 109.727305814639635, -7.808931963561008 ], [ 109.72730105851366, -7.808928027422553 ], [ 109.727296344420893, -7.808924038676878 ], [ 109.727286960889273, -7.808916010765756 ], [ 109.727282291074118, -7.80891197128517 ], [ 109.727263702600112, -7.808895713862285 ], [ 109.727259077437111, -7.808891623986597 ], [ 109.727249872119842, -7.808883394161512 ], [ 109.72724529196762, -7.808879254213537 ], [ 109.727208844526615, -7.808845946867677 ], [ 109.727199821601459, -7.808837518894791 ], [ 109.72718196225901, -7.808820468658553 ], [ 109.727173125841375, -7.808811846394406 ], [ 109.727138169909892, -7.808776985252337 ], [ 109.72712952420369, -7.808768172798352 ], [ 109.727112427614145, -7.80875036189218 ], [ 109.727103976731655, -7.808741363440959 ], [ 109.727070578849862, -7.808705014863222 ], [ 109.727066427825434, -7.808700447331091 ], [ 109.727058175983927, -7.8086912673852 ], [ 109.727054075165029, -7.808686654969733 ], [ 109.727037774248004, -7.808668117742911 ], [ 109.727033724316925, -7.808663461218543 ], [ 109.727025675616346, -7.808654104383493 ], [ 109.727021677222922, -7.808649404519429 ], [ 109.72701772917236, -7.808644659874687 ], [ 109.727009885953123, -7.808635128813364 ], [ 109.7270059904086, -7.80863034195005 ], [ 109.72699051506811, -7.808611112355607 ], [ 109.726986672298835, -7.808606283627057 ], [ 109.726979039802075, -7.80859658464766 ], [ 109.7269752500751, -7.808591714397437 ], [ 109.726945155929798, -7.80855260122496 ], [ 109.726937737590958, -7.808542738738595 ], [ 109.72692311841115, -7.808522854716443 ], [ 109.726915917570352, -7.808512833180998 ], [ 109.726887562821901, -7.808472448111502 ], [ 109.726880582912827, -7.808462272304439 ], [ 109.726866847344752, -7.808441771257719 ], [ 109.726860091685296, -7.808431446017607 ], [ 109.726833530309761, -7.808389865928632 ], [ 109.726830237676779, -7.808384648954302 ], [ 109.726823709657026, -7.808374179480836 ], [ 109.726820474269232, -7.808368926979654 ], [ 109.726807648791521, -7.808347848506116 ], [ 109.726804471220589, -7.808342561416225 ], [ 109.726798174092096, -7.808331952985725 ], [ 109.726795054865988, -7.808326632217643 ], [ 109.726791992881886, -7.808321275837329 ], [ 109.726785928334778, -7.80831053121517 ], [ 109.72678292544191, -7.808305142402901 ], [ 109.726771033476439, -7.808283524917897 ], [ 109.726768089870234, -7.808278104056967 ], [ 109.726762262121611, -7.808267230624608 ], [ 109.726759377979079, -7.808261778052668 ], [ 109.72673655151857, -7.808218047499167 ], [ 109.726730963161742, -7.808207050163162 ], [ 109.726720028335706, -7.808184936524583 ], [ 109.726714681866838, -7.808173820222748 ], [ 109.726693789839715, -7.808129138319259 ], [ 109.726688687809656, -7.80811790835395 ], [ 109.726678730608171, -7.808095340089267 ], [ 109.726673875436973, -7.808084001789382 ], [ 109.726654957610947, -7.808038453589745 ], [ 109.726652623395239, -7.808032745674041 ], [ 109.726648017530749, -7.808021304783551 ], [ 109.726645745882479, -7.808015571810358 ], [ 109.72663678550299, -7.807992592546896 ], [ 109.726634576820345, -7.807986835536724 ], [ 109.72663022255017, -7.807975297833764 ], [ 109.726628077207408, -7.807969517811614 ], [ 109.726625994370409, -7.807963712446167 ], [ 109.726621892804758, -7.807952080740904 ], [ 109.726619873830771, -7.807946253728517 ], [ 109.726611926596092, -7.807922905202076 ], [ 109.726609971597441, -7.807917056920246 ], [ 109.726606125683418, -7.807905339429453 ], [ 109.726604234768843, -7.807899470222253 ], [ 109.726589369549174, -7.80785245102777 ], [ 109.726585780970311, -7.80784065299224 ], [ 109.726578862740269, -7.807816981652991 ], [ 109.726575533088862, -7.807805108348759 ], [ 109.726562738559494, -7.807757487253355 ], [ 109.726559669422386, -7.807745544338502 ], [ 109.726553793122605, -7.80772159458138 ], [ 109.726550985959875, -7.807709587739566 ], [ 109.726544774631009, -7.807679393475837 ], [ 109.72654061424754, -7.807661376871636 ], [ 109.726539243807565, -7.807655367149152 ], [ 109.72653653614185, -7.807643341721018 ], [ 109.726535232005119, -7.807637319606101 ], [ 109.726532853803519, -7.807625223503408 ], [ 109.726530843310229, -7.807613082460477 ], [ 109.726529794609007, -7.807607021725062 ], [ 109.726526924014195, -7.807594975726147 ], [ 109.726525817702907, -7.807588912058122 ], [ 109.726524777339364, -7.807582834139851 ], [ 109.726522763409548, -7.807570668805681 ], [ 109.726521789713047, -7.807564580653604 ], [ 109.726518028692738, -7.807540210534512 ], [ 109.72651712170466, -7.807534112523228 ], [ 109.726515374484165, -7.807521907001671 ], [ 109.726514534251578, -7.807515799490318 ], [ 109.726508081925999, -7.807466920316074 ], [ 109.726506602158224, -7.807454680061596 ], [ 109.726503910722158, -7.807430170270493 ], [ 109.726502699053867, -7.807417900735572 ], [ 109.72649839075774, -7.807368787399241 ], [ 109.726497447765212, -7.807356494419821 ], [ 109.726495830905321, -7.807331890874138 ], [ 109.726495157037789, -7.807319580308672 ], [ 109.726493000971345, -7.807270326304319 ], [ 109.726492765070475, -7.807264166437847 ], [ 109.726492360656891, -7.80725184452217 ], [ 109.726492192143837, -7.807245682475127 ], [ 109.726491652937113, -7.807221032774805 ], [ 109.726491551835068, -7.807214869620907 ], [ 109.726491417042268, -7.807202542596428 ], [ 109.726491383351515, -7.807196379481468 ], [ 109.726491417088084, -7.807190213703848 ], [ 109.726491551997071, -7.807177884401654 ], [ 109.72649165316966, -7.807171720117822 ], [ 109.726492192641956, -7.807147068903362 ], [ 109.726492361225667, -7.807140906469215 ], [ 109.726492765788635, -7.807128583798089 ], [ 109.726493001768063, -7.807122423562532 ], [ 109.726495158363491, -7.807073169580747 ], [ 109.726495832363355, -7.807060859015223 ], [ 109.726497449487056, -7.80703625548739 ], [ 109.726498392610495, -7.807023962524909 ], [ 109.72650270142924, -7.80697484923644 ], [ 109.726503913227873, -7.806962579713627 ], [ 109.726506604922918, -7.806938069954697 ], [ 109.726508084819329, -7.806925829717784 ], [ 109.726514537657749, -7.806876950610899 ], [ 109.726515377901706, -7.806870843475451 ], [ 109.726517125135899, -7.806858638709059 ], [ 109.72651803212608, -7.806852541077944 ], [ 109.726521793138943, -7.806828172469181 ], [ 109.726522766706466, -7.806822085437602 ], [ 109.726524780355305, -7.806809922329307 ], [ 109.726525820306506, -7.806803846988885 ], [ 109.726526927116822, -7.80679778074591 ], [ 109.726529206760119, -7.806785662134644 ], [ 109.726530379723727, -7.806779609028638 ], [ 109.72653520328447, -7.80675542575608 ], [ 109.726536442312749, -7.806749386145611 ], [ 109.726538986360367, -7.806737320747914 ], [ 109.726540291379592, -7.806731294962105 ], [ 109.726550991345619, -7.806683162728973 ], [ 109.726553798628061, -7.806671155912966 ], [ 109.726559675163571, -7.806647206216269 ], [ 109.726562744416526, -7.806635263335636 ], [ 109.726575539405587, -7.806587642371824 ], [ 109.72657886916852, -7.806575769107951 ], [ 109.726585787621559, -7.806552097841234 ], [ 109.726589376311608, -7.806540299839355 ], [ 109.726604241966072, -7.806493280793802 ], [ 109.726606132825282, -7.806487411937837 ], [ 109.726609978617262, -7.806475695156962 ], [ 109.726611933549975, -7.806469847232165 ], [ 109.72661988050595, -7.806446500123627 ], [ 109.726621899166048, -7.80644067414579 ], [ 109.726626000085503, -7.806429044488198 ], [ 109.726628082100945, -7.806423241478058 ], [ 109.726630228335409, -7.806417459115721 ], [ 109.72663458342555, -7.806405919438703 ], [ 109.726636792525824, -7.806400161453496 ], [ 109.726645753591697, -7.806377180936693 ], [ 109.726648025411237, -7.806371447660183 ], [ 109.726652631631339, -7.806360006150044 ], [ 109.72665496603247, -7.80635429791522 ], [ 109.726673884234231, -7.806308749899245 ], [ 109.726678739493877, -7.806297411653816 ], [ 109.726688696874419, -7.806274843485141 ], [ 109.726693798994745, -7.806263613563431 ], [ 109.7267146913631, -7.806218931859519 ], [ 109.726720037913822, -7.806207815609866 ], [ 109.726730972902033, -7.806185702073378 ], [ 109.726736561339692, -7.806174704785917 ], [ 109.726759388105222, -7.806130974445011 ], [ 109.726762272125541, -7.806125522197078 ], [ 109.726768099628657, -7.806114649397784 ], [ 109.726771043111057, -7.806109228846765 ], [ 109.726782934558912, -7.806087612609872 ], [ 109.726785936993281, -7.806082224684133 ], [ 109.726792000607986, -7.806071481816559 ], [ 109.726795061458915, -7.806066127443898 ], [ 109.726798181856907, -7.806060804700678 ], [ 109.726804480027795, -7.806050194609725 ], [ 109.726807658129133, -7.806044906694353 ], [ 109.726820484390771, -7.806023827197009 ], [ 109.726823719971833, -7.806018574449922 ], [ 109.726830248391934, -7.806008104474245 ], [ 109.726833541232054, -7.806002887243721 ], [ 109.726860102832461, -7.805961307389907 ], [ 109.726866858545407, -7.805950982208572 ], [ 109.726880594214549, -7.805930481283269 ], [ 109.726887574169837, -7.805920305540155 ], [ 109.72691592909888, -7.805879920715711 ], [ 109.726923129981287, -7.805869899242623 ], [ 109.726937749241188, -7.805850015344049 ], [ 109.726945167619817, -7.805840152916971 ], [ 109.726975261902624, -7.805801039995515 ], [ 109.726979051461512, -7.80579617001041 ], [ 109.726986683623807, -7.805786471547776 ], [ 109.726990526225791, -7.805781643071839 ], [ 109.727006000872962, -7.805762414494097 ], [ 109.727009895873323, -7.805757628329786 ], [ 109.727017737983942, -7.805748098659762 ], [ 109.727021684720057, -7.805743355598565 ], [ 109.72702568442071, -7.805738654201491 ], [ 109.727033734256679, -7.805729296086326 ], [ 109.727037784767901, -7.805724638921447 ], [ 109.727054086471924, -7.805706100932071 ], [ 109.727058187487614, -7.805701488329532 ], [ 109.727066439730777, -7.80569230800927 ], [ 109.727070590956771, -7.805687740293024 ], [ 109.727103988885119, -7.805651391973811 ], [ 109.727112439775794, -7.805642393587334 ], [ 109.727129536375628, -7.8056245828123 ], [ 109.727138182084843, -7.805615770423742 ], [ 109.727173138015132, -7.805580909542471 ], [ 109.727181974429527, -7.805572287343182 ], [ 109.727199833759016, -7.805555237237741 ], [ 109.727208856674963, -7.805546809330849 ], [ 109.727245304069584, -7.805513502243627 ], [ 109.72724988403337, -7.80550936249 ], [ 109.727259088970982, -7.805501133047642 ], [ 109.727263713943728, -7.805497043359878 ], [ 109.727282301632272, -7.805480786692044 ], [ 109.727286970876833, -7.805476747716284 ], [ 109.72729635325345, -7.805468720804186 ], [ 109.727301066011137, -7.805464733180941 ], [ 109.727305823421432, -7.805460795972294 ], [ 109.727315380283187, -7.805452974159834 ], [ 109.727320180110212, -7.805449089242188 ], [ 109.72733946189993, -7.805433656019318 ], [ 109.727344303738846, -7.805429823704742 ], [ 109.72735402904118, -7.805422211980442 ], [ 109.72735891250403, -7.805418432571059 ], [ 109.727398131978646, -7.805388420199961 ], [ 109.727408021272652, -7.80538102201416 ], [ 109.727427959333454, -7.805366442552781 ], [ 109.727438008099739, -7.805359261277601 ], [ 109.727478502915403, -7.805330983555166 ], [ 109.727488706374288, -7.805324022605305 ], [ 109.72750926312915, -7.805310324344475 ], [ 109.727519616425184, -7.80530358703345 ], [ 109.727561309497787, -7.80527709778778 ], [ 109.727566540717874, -7.80527381405193 ], [ 109.727577038757659, -7.805267303685639 ], [ 109.727582305575538, -7.805264077056279 ], [ 109.727603441562906, -7.80525128626067 ], [ 109.7276087432042, -7.80524811720835 ], [ 109.727619380822432, -7.805241836968833 ], [ 109.727624716472064, -7.805238725970071 ], [ 109.727630086989564, -7.805235672541812 ], [ 109.7276408604464, -7.805229624666595 ], [ 109.727646263715144, -7.805226630030177 ], [ 109.727667939692765, -7.805214770479836 ], [ 109.727673375228903, -7.805211834892418 ], [ 109.727684278079437, -7.805206023027381 ], [ 109.727689745392979, -7.805203146750216 ], [ 109.727733594756558, -7.805180382226524 ], [ 109.727744621974125, -7.805174809029097 ], [ 109.727766795689774, -7.805163903866799 ], [ 109.727777942189334, -7.805158571901359 ], [ 109.727822745481035, -7.805137736533595 ], [ 109.727834005958584, -7.805132648336098 ], [ 109.727856635534692, -7.805122718130633 ], [ 109.727868004632512, -7.805117876122949 ], [ 109.727913676570381, -7.80509900957054 ], [ 109.727919400103133, -7.805096681636144 ], [ 109.727930872288653, -7.805092088169033 ], [ 109.727936620940852, -7.805089822636489 ], [ 109.727959663058243, -7.805080886377652 ], [ 109.727965436030047, -7.805078683559884 ], [ 109.727977005717094, -7.805074340857004 ], [ 109.727982802188706, -7.805072201060227 ], [ 109.727988622580654, -7.805070124140514 ], [ 109.728000285244946, -7.80506603391899 ], [ 109.72800612776075, -7.805064020528675 ], [ 109.728029539290333, -7.805056094963561 ], [ 109.728035403357069, -7.805054145293013 ], [ 109.728047152465763, -7.805050309861031 ], [ 109.72805303750846, -7.805048424099425 ], [ 109.728100184433742, -7.805033599102217 ], [ 109.728112014520207, -7.805030020230447 ], [ 109.728135750163347, -7.805023120709563 ], [ 109.728147655721102, -7.805019800060222 ], [ 109.728195406181044, -7.805007040109331 ], [ 109.728207381537572, -7.805003979264086 ], [ 109.728231396356534, -7.804998118833169 ], [ 109.728243435819252, -7.804995319247553 ], [ 109.728291698920543, -7.804984648631262 ], [ 109.728297740861876, -7.804983347240238 ], [ 109.728309838629798, -7.804980810259963 ], [ 109.728315894457467, -7.80497957467071 ], [ 109.728340142609909, -7.804974764507222 ], [ 109.728346211519067, -7.804973594882938 ], [ 109.72835836177245, -7.804971321722519 ], [ 109.728364442984798, -7.80497021820986 ], [ 109.728370104661451, -7.804969252091041 ], [ 109.728381437285861, -7.804967377178514 ], [ 109.728387108365155, -7.804966468361783 ], [ 109.728409809136338, -7.804962948064372 ], [ 109.72841548909048, -7.804962096631073 ], [ 109.728426857367253, -7.80496045122328 ], [ 109.72843254568852, -7.804959657248844 ], [ 109.728478071389077, -7.804953537226595 ], [ 109.728489470708098, -7.804952121984172 ], [ 109.728512295767814, -7.804949522237166 ], [ 109.728523721509021, -7.804948337732526 ], [ 109.728569458533343, -7.804944063039386 ], [ 109.728580906002094, -7.804943109758369 ], [ 109.72860381796653, -7.804941434812235 ], [ 109.728615282462727, -7.804940713147118 ], [ 109.728661155636928, -7.804938290808934 ], [ 109.728666892792205, -7.804938016928645 ], [ 109.728678369598924, -7.804937527175468 ], [ 109.728684109250707, -7.804937311302524 ], [ 109.72870707045962, -7.804936563909962 ], [ 109.728712812002868, -7.804936406067156 ], [ 109.728724296405119, -7.804936148427487 ], [ 109.728730081429319, -7.804936048112779 ], [ 109.728749096426725, -7.804935816503018 ], [ 109.728756106786818, -7.804935751877736 ], [ 109.72876707687692, -7.804935685934879 ], [ 109.728775356799247, -7.80493566581265 ], [ 109.728779277751357, -7.804935669203701 ], [ 109.72878704237263, -7.804935695750771 ], [ 109.728798885420986, -7.804935768641769 ], [ 109.728804709868712, -7.804935824534823 ], [ 109.728814154993756, -7.804935947379306 ], [ 109.728819808442154, -7.804936039710356 ], [ 109.728836767337953, -7.804936372950124 ], [ 109.728842420052842, -7.80493650278396 ], [ 109.728851840402172, -7.804936750420609 ], [ 109.728857492096722, -7.80493691775041 ], [ 109.728875015909921, -7.804937493197826 ], [ 109.728878203121099, -7.804937607099248 ], [ 109.728884576849339, -7.804937852789635 ], [ 109.728887763364526, -7.80493798457843 ], [ 109.728900507631863, -7.804938547491361 ], [ 109.728903693360508, -7.804938697163834 ], [ 109.728910063905005, -7.804939014386605 ], [ 109.728913248722904, -7.804939181936845 ], [ 109.728938721319366, -7.804940593722904 ], [ 109.728941905145177, -7.804940779146477 ], [ 109.72894827170353, -7.80494116786133 ], [ 109.728951454438288, -7.804941371152665 ], [ 109.728964182766219, -7.804942220025623 ], [ 109.728967364297148, -7.804942441177445 ], [ 109.728973726067636, -7.804942901335608 ], [ 109.728976906304354, -7.80494314034172 ], [ 109.728991218228089, -7.804944256335773 ], [ 109.728993897480962, -7.804944471631813 ], [ 109.728999254944938, -7.804944914896737 ], [ 109.729001933161555, -7.804945142866188 ], [ 109.729012643640772, -7.804946080064326 ], [ 109.72901532073206, -7.804946320699742 ], [ 109.729020673746447, -7.804946814632842 ], [ 109.72902334966335, -7.804947067929845 ], [ 109.729044750862045, -7.804949144812326 ], [ 109.729047425537999, -7.80494941076438 ], [ 109.729052773610533, -7.804949955319898 ], [ 109.729055447011262, -7.804950233923876 ], [ 109.729066137738471, -7.804951373609242 ], [ 109.72906880977456, -7.804951664855707 ], [ 109.729074152431224, -7.804952259985782 ], [ 109.729076823041282, -7.804952563868142 ], [ 109.729085012979226, -7.804953517475269 ], [ 109.729091443345851, -7.804954289358477 ], [ 109.729102155565272, -7.804955616534073 ], [ 109.729108579845217, -7.804956437259364 ], [ 109.729127842529635, -7.804958972565089 ], [ 109.72913426035376, -7.804959842084997 ], [ 109.729144951055616, -7.804961331907862 ], [ 109.729151362042558, -7.804962250170831 ], [ 109.729160496655936, -7.804963593675268 ], [ 109.729166395745892, -7.80496448261357 ], [ 109.729176222228261, -7.804965998570026 ], [ 109.729182114915318, -7.804966928778924 ], [ 109.72919994821001, -7.804969808571514 ], [ 109.729206827603548, -7.804970948135406 ], [ 109.729218172296214, -7.804972875265037 ], [ 109.729224228593353, -7.804973928133847 ], [ 109.729226994539772, -7.80497441913036 ], [ 109.729237322638141, -7.804976281569168 ], [ 109.729248522472631, -7.804978340248567 ], [ 109.729251234993853, -7.804978846148856 ], [ 109.72925642218712, -7.804979826631836 ], [ 109.729259014636568, -7.80498032289762 ], [ 109.729270335962156, -7.804982520333169 ], [ 109.729277877232505, -7.804984017443985 ], [ 109.729300479416963, -7.804988610573673 ], [ 109.729308006802626, -7.804990175657792 ], [ 109.729320540377159, -7.80499284067281 ], [ 109.729328053247343, -7.804994473599379 ], [ 109.729338303695442, -7.804996749627605 ], [ 109.729345284085582, -7.80499833063044 ], [ 109.729356906756038, -7.805001014446532 ], [ 109.729363873550994, -7.805002654018665 ], [ 109.729384752133797, -7.80500766025375 ], [ 109.729391704819307, -7.805009358273594 ], [ 109.729403280516692, -7.8050122369267 ], [ 109.72941021863312, -7.805013993282216 ], [ 109.729420323481463, -7.80501659658745 ], [ 109.729427364440198, -7.805018442596577 ], [ 109.729439085971137, -7.805021569346877 ], [ 109.729446110824881, -7.805023475431938 ], [ 109.72946715976866, -7.805029283401154 ], [ 109.72947416798894, -7.805031249418391 ], [ 109.729485834093282, -7.805034575944831 ], [ 109.729492825172144, -7.805036601751908 ], [ 109.729502884873455, -7.805039563523167 ], [ 109.729510009895819, -7.805041695029786 ], [ 109.729521869121754, -7.80504529929442 ], [ 109.729528975150231, -7.805047492898666 ], [ 109.729550263286285, -7.80505416640375 ], [ 109.729557349810591, -7.805056421947938 ], [ 109.729569143992194, -7.805060232665483 ], [ 109.729576210465666, -7.805062549976071 ], [ 109.729586055468701, -7.805065825072802 ], [ 109.729591651038049, -7.805067708696811 ], [ 109.729600965981149, -7.805070880356823 ], [ 109.729606548311665, -7.805072802714278 ], [ 109.729623263354142, -7.805078623677502 ], [ 109.729628832172807, -7.805080584674386 ], [ 109.72963808314114, -7.805083878400069 ], [ 109.729643888908583, -7.805085968838398 ], [ 109.72965475052456, -7.805089929236999 ], [ 109.7296608025311, -7.805092161924335 ], [ 109.729670818917896, -7.805095900284982 ], [ 109.729676817468885, -7.805098164871481 ], [ 109.729694743154369, -7.805105009430349 ], [ 109.729700709064446, -7.805107313105225 ], [ 109.729710637639585, -7.805111189833838 ], [ 109.729716586002098, -7.805113538226522 ], [ 109.729731647552853, -7.805120483753342 ], [ 109.729734566918921, -7.805120852042023 ] ] ] } },
{ "type": "Feature", "properties": { "NAMOBJ": "Garis Pantai", "FCODE": "DB02070140", "REMARK": null, "METADATA": null, "SRS_ID": "4326", "DTMVER": 23, "ELEVAS": 0.0, "KARGPN": 5, "TIPGPN": 2, "KODGPN": null, "THNSBDATA": "2017", "SBDATA": 1, "SKL": 3, "THNPBL": "2022", "KET": null, "Shape_Leng": 0.22043220337, "BUFF_DIST": "500", "ORIG_FID": 0 }, "geometry": { "type": "Polygon", "coordinates": [ [ [ 109.739750881361317, -7.814497469630453 ], [ 109.739735118107149, -7.814497713500543 ], [ 109.739717681061904, -7.814497485913421 ], [ 109.739714135098211, -7.814497602991139 ], [ 109.739695569149831, -7.814498586457944 ], [ 109.739685679550291, -7.814498694046733 ], [ 109.739675789381238, -7.814498747842549 ], [ 109.739660976425228, -7.814498627161072 ], [ 109.739651100070887, -7.814498466224336 ], [ 109.739648312387544, -7.814498416574565 ], [ 109.739646223130421, -7.814498449724113 ], [ 109.739626340875134, -7.814498667150303 ], [ 109.739611505962102, -7.814498546110769 ], [ 109.739601616994605, -7.814498384729575 ], [ 109.739596672733569, -7.8144982905917 ], [ 109.739557123925124, -7.81449742998484 ], [ 109.7395521802556, -7.814497308955083 ], [ 109.739542293643012, -7.814497040007268 ], [ 109.739537350699379, -7.814496892089153 ], [ 109.739517581001166, -7.814496246659019 ], [ 109.739512638947247, -7.81449607185732 ], [ 109.739502755861793, -7.814495695375115 ], [ 109.739497814830031, -7.814495493694665 ], [ 109.73941879249827, -7.814492052897606 ], [ 109.739408914121384, -7.814491568924723 ], [ 109.739389163248461, -7.814490493547282 ], [ 109.739379290752026, -7.814489902142725 ], [ 109.739339817229279, -7.814487321954516 ], [ 109.739329951790126, -7.814486623188202 ], [ 109.739310229140301, -7.814485118377547 ], [ 109.739300371930142, -7.814484312333036 ], [ 109.739221575312229, -7.814477437288986 ], [ 109.739211727506813, -7.814476524060979 ], [ 109.739192042470449, -7.814474590531631 ], [ 109.73918220523808, -7.81447357022995 ], [ 109.739142882143597, -7.814469275374108 ], [ 109.739133056662524, -7.814468148120511 ], [ 109.739113418605655, -7.814465786794244 ], [ 109.739103606030596, -7.814464552721688 ], [ 109.739025185125399, -7.814454256518047 ], [ 109.739020284084404, -7.814453599474859 ], [ 109.739010485675408, -7.814452258741255 ], [ 109.739005588306327, -7.814451575050839 ], [ 109.738986006742209, -7.814448787074696 ], [ 109.738981113191244, -7.814448076757344 ], [ 109.738971330035099, -7.814446629514578 ], [ 109.738966440431682, -7.814445892589333 ], [ 109.738927342955492, -7.814439891298207 ], [ 109.738922457543936, -7.814439127802075 ], [ 109.738912690970096, -7.814437574248984 ], [ 109.738907809804914, -7.814436784191628 ], [ 109.738888294226285, -7.814433570935307 ], [ 109.738883417622446, -7.814432754368852 ], [ 109.738873668951214, -7.814431094724341 ], [ 109.738868797220334, -7.814430251705517 ], [ 109.738863928929106, -7.814429381978584 ], [ 109.738854197824651, -7.814427616172054 ], [ 109.738849334675137, -7.814426720033168 ], [ 109.738829893029674, -7.814423082785027 ], [ 109.738825035040122, -7.814422160241691 ], [ 109.738815324165728, -7.814420288741644 ], [ 109.738810471283159, -7.814419339785445 ], [ 109.738771672850078, -7.814411643313008 ], [ 109.738766825306925, -7.814410667989364 ], [ 109.738757135641833, -7.814408690992479 ], [ 109.738752293526659, -7.814407689320774 ], [ 109.738732936406166, -7.814403630037987 ], [ 109.738728099809805, -7.814402602036466 ], [ 109.738718432355199, -7.814400519750393 ], [ 109.738713601491668, -7.81439946546493 ], [ 109.73863637886268, -7.814382392217397 ], [ 109.738626734831143, -7.814380204903728 ], [ 109.738607471279352, -7.814375725497882 ], [ 109.738597851759039, -7.814373433406104 ], [ 109.738559427228665, -7.814364056573993 ], [ 109.738549833342574, -7.814361659971269 ], [ 109.738530672365243, -7.814356762545003 ], [ 109.738521105271673, -7.814354261721064 ], [ 109.738444702926074, -7.814333845490523 ], [ 109.738435163751092, -7.814331240738284 ], [ 109.738416114462893, -7.814325927619336 ], [ 109.738406604348427, -7.814323219252117 ], [ 109.738368626534282, -7.814312179853857 ], [ 109.738359146613959, -7.814309368194131 ], [ 109.738340218086933, -7.814303641914762 ], [ 109.738330769480797, -7.814300727295119 ], [ 109.738293840860251, -7.814289161980355 ], [ 109.738288985204122, -7.81428842358639 ], [ 109.738275929713552, -7.814286419574159 ], [ 109.738270708667415, -7.81428561037842 ], [ 109.73826287436782, -7.814284384494954 ], [ 109.738257586051532, -7.814283549021127 ], [ 109.73822717688904, -7.81427869618318 ], [ 109.738215270089029, -7.814276764794613 ], [ 109.738198504218929, -7.814273999495981 ], [ 109.738186481104719, -7.814271983329718 ], [ 109.738153064842777, -7.814266287820203 ], [ 109.738141027423694, -7.814264207241195 ], [ 109.738132707919704, -7.814262751372723 ], [ 109.738126867833557, -7.814261717658383 ], [ 109.738115293725343, -7.814259648098755 ], [ 109.738093703035929, -7.814255741211127 ], [ 109.738088884372075, -7.814254855602883 ], [ 109.738079352089187, -7.814253077119929 ], [ 109.738074588341533, -7.814252175170395 ], [ 109.738055672806126, -7.81424854148986 ], [ 109.738051980480009, -7.8142478333437 ], [ 109.738043673711957, -7.814246340115915 ], [ 109.738038605928978, -7.814245419328586 ], [ 109.73802340867627, -7.814242628408635 ], [ 109.738018344668035, -7.814241688530501 ], [ 109.738009907677736, -7.814240106136708 ], [ 109.73800484729253, -7.81423914714145 ], [ 109.737976183798196, -7.814233659004913 ], [ 109.737971127231503, -7.814232680930047 ], [ 109.737962702705147, -7.814231034887712 ], [ 109.737957649834129, -7.814230037710388 ], [ 109.73794249714615, -7.814227017599819 ], [ 109.737937448128946, -7.81422600135096 ], [ 109.737929036332559, -7.814224291714311 ], [ 109.737923991211403, -7.814223256402784 ], [ 109.737908714647062, -7.814220090976505 ], [ 109.737902495720505, -7.814218787418724 ], [ 109.737892135982747, -7.814216590683486 ], [ 109.737885923229385, -7.814215258160175 ], [ 109.737867294623356, -7.814211217226443 ], [ 109.737861088217471, -7.814209855775061 ], [ 109.737850749519396, -7.814207562587626 ], [ 109.737844549496685, -7.814206172215791 ], [ 109.737809436632801, -7.814198212067254 ], [ 109.737803243210124, -7.814196792823054 ], [ 109.737792926436043, -7.814194403378451 ], [ 109.73778673974698, -7.814192955293038 ], [ 109.737768190125621, -7.814188567856434 ], [ 109.737762010282097, -7.814187090956125 ], [ 109.737751716375783, -7.814184605473713 ], [ 109.73774554354253, -7.814183099797901 ], [ 109.73773632720048, -7.814180829647682 ], [ 109.737732081456329, -7.814179776307697 ], [ 109.737725008032498, -7.814178009385955 ], [ 109.737720765689687, -7.814176942425377 ], [ 109.737708044000897, -7.814173721172551 ], [ 109.73770380515856, -7.814172640616448 ], [ 109.737696743332037, -7.814170828358556 ], [ 109.737692507994836, -7.814169734208235 ], [ 109.73766851838792, -7.814163495689684 ], [ 109.737664286619008, -7.81416238796163 ], [ 109.737657236621601, -7.814160530427216 ], [ 109.737653008397615, -7.814159409115121 ], [ 109.73764032932155, -7.814156024876297 ], [ 109.737636104801595, -7.81415489002228 ], [ 109.737629066949523, -7.81415298729496 ], [ 109.737624776881148, -7.814151819932249 ], [ 109.737614466843127, -7.81414899472469 ], [ 109.737605856379503, -7.814146614023912 ], [ 109.737592845992083, -7.814142982336875 ], [ 109.737584178457837, -7.814140539737764 ], [ 109.737562525117198, -7.814134379653183 ], [ 109.737553869815656, -7.814131894138086 ], [ 109.737540896232758, -7.814128133734187 ], [ 109.737532243365706, -7.814125602408012 ], [ 109.737520350678153, -7.81412209083669 ], [ 109.737511037677848, -7.814119314199672 ], [ 109.737497064336424, -7.814115107378427 ], [ 109.737487756355506, -7.81411227791483 ], [ 109.737464505859577, -7.814105142120582 ], [ 109.737455213222916, -7.814102262880908 ], [ 109.737441285974569, -7.814097906750419 ], [ 109.737432050381983, -7.814094991018123 ], [ 109.737414073533387, -7.814089265352493 ], [ 109.737410346335082, -7.814088071856986 ], [ 109.737404206154793, -7.814086095966218 ], [ 109.737400523726762, -7.814084905198911 ], [ 109.737389481651576, -7.814081317253454 ], [ 109.737385802659901, -7.814080116045147 ], [ 109.737379673865746, -7.814078105329202 ], [ 109.737375998303492, -7.814076893677964 ], [ 109.73735518039058, -7.81406999824884 ], [ 109.737351508301288, -7.81406877616854 ], [ 109.737345391088411, -7.814066730691422 ], [ 109.737341722547569, -7.814065498207526 ], [ 109.737330722180559, -7.814061785128729 ], [ 109.737327057127402, -7.814060542221057 ], [ 109.737320951676111, -7.814058462043249 ], [ 109.737317263787759, -7.814057199658237 ], [ 109.737299541545724, -7.814051103568829 ], [ 109.737292178619839, -7.814048553799694 ], [ 109.737281102922509, -7.814044691682057 ], [ 109.737273724701254, -7.814042101057737 ], [ 109.737268040359936, -7.814040092547486 ], [ 109.737253751677656, -7.814037841584764 ], [ 109.737248082681219, -7.814036936691082 ], [ 109.737238637560097, -7.814035408649147 ], [ 109.737232972420429, -7.814034479893735 ], [ 109.737215980313351, -7.814031657417559 ], [ 109.73721030217024, -7.814030701925788 ], [ 109.737200836891361, -7.814029088580924 ], [ 109.737195122638809, -7.814028102091129 ], [ 109.737182556783807, -7.814025904979815 ], [ 109.737176651330572, -7.81402485735623 ], [ 109.73716724339107, -7.814023167325729 ], [ 109.737161586541163, -7.814022138813527 ], [ 109.737144641411248, -7.81401902097349 ], [ 109.737138990466292, -7.814017968900203 ], [ 109.737129575959614, -7.814016195597731 ], [ 109.737123929502786, -7.814015119709097 ], [ 109.737091943617031, -7.814008955139457 ], [ 109.73708629970838, -7.814007855051898 ], [ 109.737076897131203, -7.814006001749476 ], [ 109.737071257946241, -7.814004877873913 ], [ 109.737054347733135, -7.81400147061629 ], [ 109.737048713370655, -7.81400032297239 ], [ 109.737039326833212, -7.813998390435302 ], [ 109.737033697359436, -7.813997219036423 ], [ 109.737023706878631, -7.81399511849861 ], [ 109.737018983585074, -7.813994116525919 ], [ 109.737011114403856, -7.813992432634109 ], [ 109.73700639467063, -7.813991413934673 ], [ 109.736992241079633, -7.813988332803319 ], [ 109.73698752503816, -7.813987297405276 ], [ 109.73697966803104, -7.813985557823287 ], [ 109.736974955695644, -7.813984505729763 ], [ 109.736948263930401, -7.813978496781033 ], [ 109.736943555343089, -7.813977428001465 ], [ 109.73693571091934, -7.813975632819279 ], [ 109.736931006211762, -7.813974547383452 ], [ 109.736916897949811, -7.81397126610193 ], [ 109.736912197088998, -7.813970164002399 ], [ 109.736904365649991, -7.813968313312273 ], [ 109.736899668800504, -7.813967194587747 ], [ 109.736890013376694, -7.813964876948944 ], [ 109.736886115794505, -7.813963935236359 ], [ 109.736879622152628, -7.81396235616586 ], [ 109.736875727348149, -7.813961402989776 ], [ 109.736864047314327, -7.813958526318572 ], [ 109.736860155361626, -7.813957561697407 ], [ 109.736853671147912, -7.813955944456779 ], [ 109.736849782080355, -7.813954968398605 ], [ 109.736827752649788, -7.813949405108872 ], [ 109.736823866490681, -7.813948417619372 ], [ 109.736817391975535, -7.813946762276146 ], [ 109.736813508700834, -7.813945763349523 ], [ 109.736801863487528, -7.8139427494865 ], [ 109.736797983243832, -7.813941739160157 ], [ 109.736791518646953, -7.813940045770664 ], [ 109.736787641401804, -7.813939024036699 ], [ 109.736777954835418, -7.813936455793964 ], [ 109.736772805838086, -7.813935080044359 ], [ 109.736764228764798, -7.813932770378699 ], [ 109.736759085250924, -7.813931374523179 ], [ 109.736743663055336, -7.813927156831312 ], [ 109.736738525052203, -7.81392574087738 ], [ 109.736729966387713, -7.813923364228174 ], [ 109.736724833976382, -7.813921928198226 ], [ 109.736695767515528, -7.813913734193989 ], [ 109.736690640816789, -7.813912278121393 ], [ 109.736682101098154, -7.813909834637229 ], [ 109.736676980136735, -7.813908358529488 ], [ 109.736661626128182, -7.813903900230741 ], [ 109.736656510984176, -7.813902404110308 ], [ 109.736647990741687, -7.813899893943301 ], [ 109.736642881580394, -7.813898377859118 ], [ 109.736624911672209, -7.813893007181093 ], [ 109.736619630520124, -7.81389141717051 ], [ 109.736610834046871, -7.813888749367436 ], [ 109.736605559421548, -7.813887138011523 ], [ 109.736589745531262, -7.813882271985904 ], [ 109.736584477483575, -7.81388063930018 ], [ 109.736575702994685, -7.813877900416287 ], [ 109.736570441651509, -7.813876246440202 ], [ 109.7365406476668, -7.813866813995503 ], [ 109.736535393095608, -7.813865138749918 ], [ 109.73652664120857, -7.813862328978018 ], [ 109.736521393499856, -7.813860632492378 ], [ 109.736505660846603, -7.813855511232873 ], [ 109.736500420044706, -7.813853793521048 ], [ 109.736491691261108, -7.813850913022122 ], [ 109.736486457518993, -7.813849174134305 ], [ 109.736476917730272, -7.813845983605233 ], [ 109.736473164377969, -7.813844722063777 ], [ 109.736466911872469, -7.81384261041427 ], [ 109.736463162209645, -7.813841337973429 ], [ 109.736451918870216, -7.813837504340711 ], [ 109.736448172959797, -7.813836221021859 ], [ 109.736441932874754, -7.813834073082432 ], [ 109.736438190690762, -7.813832778876645 ], [ 109.736416990129783, -7.813825412305903 ], [ 109.736413214961715, -7.813824094336326 ], [ 109.736406926293796, -7.813821888507334 ], [ 109.736403155072594, -7.81382055948643 ], [ 109.736391837295855, -7.813816552277785 ], [ 109.736387691239372, -7.81381507700155 ], [ 109.736371050956791, -7.813812510018749 ], [ 109.736367668499838, -7.813812009050935 ], [ 109.736360905513379, -7.813810994397954 ], [ 109.736357524986602, -7.81381048071313 ], [ 109.736344006881552, -7.813808400562152 ], [ 109.736340628321727, -7.813807874166059 ], [ 109.73633387320632, -7.813806808668573 ], [ 109.736330496644371, -7.813806269566044 ], [ 109.736303532344948, -7.813801912414817 ], [ 109.736300148157625, -7.813801359012871 ], [ 109.7362933818805, -7.813800239443424 ], [ 109.73628999978763, -7.813799673275241 ], [ 109.736276553785842, -7.813797396308814 ], [ 109.736273139557284, -7.813796811443581 ], [ 109.736266467700943, -7.813795655448814 ], [ 109.736263219610635, -7.813795086017763 ], [ 109.736251291411065, -7.813792961127376 ], [ 109.73624022793274, -7.813790968358546 ], [ 109.736237138517083, -7.813790406124895 ], [ 109.736231126502219, -7.813789301283464 ], [ 109.736228121417128, -7.813788743807436 ], [ 109.736216302965317, -7.813786530794573 ], [ 109.736213349252296, -7.813785972652568 ], [ 109.736207443699641, -7.813784846605131 ], [ 109.736204491859439, -7.813784278699586 ], [ 109.736181135783056, -7.813779745149702 ], [ 109.736178217134466, -7.813779173666205 ], [ 109.73617238172443, -7.813778021152132 ], [ 109.736169464969066, -7.813777440122806 ], [ 109.736157801843319, -7.813775096934819 ], [ 109.736154886998804, -7.813774506362904 ], [ 109.736149059286618, -7.813773315689616 ], [ 109.736146146412921, -7.813772715587163 ], [ 109.736099561610615, -7.813763038825982 ], [ 109.736096650732122, -7.813762429197993 ], [ 109.736090830984608, -7.813761200419492 ], [ 109.736087922118031, -7.813760581269605 ], [ 109.73607629083773, -7.813758085660766 ], [ 109.73607338403491, -7.813757456999895 ], [ 109.736067572500929, -7.813756190169443 ], [ 109.736064667764765, -7.813755551998497 ], [ 109.736041439040036, -7.813750408787826 ], [ 109.736038536424076, -7.813749761118288 ], [ 109.736032733339528, -7.81374845628676 ], [ 109.736029832880433, -7.813747799126816 ], [ 109.736018235430151, -7.81374515152379 ], [ 109.736015337140202, -7.813744484876509 ], [ 109.73600954277606, -7.813743142105295 ], [ 109.736006646682199, -7.813742465976702 ], [ 109.735998293623197, -7.813740499912853 ], [ 109.735991521654569, -7.813738888966668 ], [ 109.735980241964512, -7.813736175254178 ], [ 109.735973478337542, -7.813734529753503 ], [ 109.735953200493611, -7.813729541547787 ], [ 109.735946445398781, -7.81372786153895 ], [ 109.735935194159026, -7.813725032802438 ], [ 109.735928447776018, -7.813723318330119 ], [ 109.735890245834867, -7.813713506077079 ], [ 109.735883508333302, -7.813711757183796 ], [ 109.735872286745007, -7.813708813724816 ], [ 109.735865558331966, -7.813707030465139 ], [ 109.735845387140841, -7.813701629246737 ], [ 109.735838667966675, -7.813699811660285 ], [ 109.735827477169209, -7.813696753778402 ], [ 109.735820767406153, -7.813694901911958 ], [ 109.735811600205807, -7.813692347189374 ], [ 109.735806356315152, -7.81369087417778 ], [ 109.7357976215078, -7.813688401723709 ], [ 109.735792383610203, -7.813686907785154 ], [ 109.735776679050105, -7.813682394619832 ], [ 109.735771447195475, -7.813680879768469 ], [ 109.73576273251831, -7.813678337602198 ], [ 109.735757506764799, -7.813676801854911 ], [ 109.735727912936284, -7.813668040520668 ], [ 109.735722693407467, -7.813666483913494 ], [ 109.735713999423069, -7.813663872198049 ], [ 109.735708786182556, -7.813662294750145 ], [ 109.735693156136904, -7.813657531219178 ], [ 109.735687949269391, -7.813655932956124 ], [ 109.735679276547842, -7.813653251863002 ], [ 109.735674076155533, -7.813651632816232 ], [ 109.735666074634707, -7.813649125089057 ], [ 109.73566405571313, -7.813648489804166 ], [ 109.735660235585954, -7.813647979976167 ], [ 109.735650600101053, -7.813647046632809 ], [ 109.735644820001937, -7.813646474313998 ], [ 109.735627483625365, -7.813644720453226 ], [ 109.735621706053507, -7.813644123522806 ], [ 109.735612078917427, -7.813643108134158 ], [ 109.735606303933423, -7.813642486598667 ], [ 109.735595704619982, -7.813641322633657 ], [ 109.73558898648372, -7.813640568255096 ], [ 109.735577792771949, -7.813639283208772 ], [ 109.735571078461419, -7.813638495532814 ], [ 109.735550941776751, -7.813636082618473 ], [ 109.735544231489143, -7.813635261668082 ], [ 109.735534183829373, -7.813633244071752 ], [ 109.735531533124288, -7.813632802709719 ], [ 109.735526391639894, -7.81363261076342 ], [ 109.735488388436295, -7.813627783036395 ], [ 109.735481676551217, -7.81362699374904 ], [ 109.735470494044023, -7.81362565405567 ], [ 109.735463803967093, -7.813624693438328 ], [ 109.735443742747577, -7.813621731338174 ], [ 109.735436995623786, -7.813620726165595 ], [ 109.735427108675822, -7.813618963120348 ], [ 109.735424866099038, -7.813618715368818 ], [ 109.735419310892951, -7.813617814436782 ], [ 109.73540891958811, -7.813616853187739 ], [ 109.73540469661873, -7.813616212476632 ], [ 109.735397660008857, -7.813615133600592 ], [ 109.735393439042014, -7.813614479659634 ], [ 109.735380779346997, -7.813612498022792 ], [ 109.735376560484099, -7.81361183086733 ], [ 109.735369530794344, -7.813610707929229 ], [ 109.735365314035334, -7.813610027559491 ], [ 109.735341425793024, -7.81360613481479 ], [ 109.735337211313379, -7.813605441259426 ], [ 109.735330189048113, -7.81360427434123 ], [ 109.73532597679872, -7.813603567593077 ], [ 109.735313343480868, -7.813601427573701 ], [ 109.735309133719966, -7.813600707677097 ], [ 109.735301715417222, -7.813599426297685 ], [ 109.73529627186582, -7.813598474097773 ], [ 109.735293501225385, -7.813597983468242 ], [ 109.735284847525804, -7.813596435317606 ], [ 109.735270020697669, -7.813593743509557 ], [ 109.73526014126918, -7.81359192168793 ], [ 109.735235456562805, -7.813587299125174 ], [ 109.735225587737034, -7.813585422806852 ], [ 109.735210792414023, -7.813582567452158 ], [ 109.735201013431436, -7.813580652380494 ], [ 109.735190290715934, -7.813578524998945 ], [ 109.735186843471865, -7.81357783363643 ], [ 109.735180268458066, -7.813576501749196 ], [ 109.735176982186033, -7.81357582974033 ], [ 109.735163842212785, -7.813573117479336 ], [ 109.735160558449309, -7.813572433347758 ], [ 109.735153993488666, -7.813571052973543 ], [ 109.735150712290078, -7.81357035673085 ], [ 109.735124474026406, -7.813564738572097 ], [ 109.735121195429997, -7.813564030226075 ], [ 109.735114640900122, -7.813562601444119 ], [ 109.735111364969839, -7.813561881008923 ], [ 109.735098266680438, -7.813558975111562 ], [ 109.735094993429243, -7.81355824258992 ], [ 109.735088449671025, -7.81355676547463 ], [ 109.735085179160194, -7.813556020880185 ], [ 109.735032880877725, -7.813544012613193 ], [ 109.73502961315188, -7.813543255955778 ], [ 109.73502308054276, -7.81354173059168 ], [ 109.735019815659996, -7.81354096188528 ], [ 109.735006761937257, -7.813537862990074 ], [ 109.735003499913716, -7.813537082238327 ], [ 109.734996978798506, -7.813535508706821 ], [ 109.734993719709678, -7.813534715927801 ], [ 109.734967659682525, -7.81352832581797 ], [ 109.734964403541369, -7.813527521014692 ], [ 109.73495789428847, -7.813525899404397 ], [ 109.734954641176216, -7.813525082597153 ], [ 109.734941634874076, -7.813521791383096 ], [ 109.734938384804536, -7.813520962575467 ], [ 109.734931887756261, -7.813519292971932 ], [ 109.734928640784517, -7.813518452177846 ], [ 109.734920442704606, -7.813516313155958 ], [ 109.734916638472839, -7.813515311765457 ], [ 109.734909034425471, -7.813513292536413 ], [ 109.734905234597306, -7.813512274694574 ], [ 109.734890044359076, -7.813508170497073 ], [ 109.734886249000908, -7.813507136221915 ], [ 109.734878662807375, -7.813505051252548 ], [ 109.734874871979287, -7.813504000560499 ], [ 109.734844565230162, -7.813495529844374 ], [ 109.7348407790073, -7.813494462755898 ], [ 109.734833211257126, -7.813492312208155 ], [ 109.73482942972737, -7.813491228748262 ], [ 109.734814313214542, -7.813486862229468 ], [ 109.73481053641558, -7.813485762408902 ], [ 109.734802987656792, -7.813483546438704 ], [ 109.734799215695716, -7.813482430288786 ], [ 109.73473891528505, -7.813464444907538 ], [ 109.734735148217851, -7.813463312444355 ], [ 109.734727619038779, -7.813461031223596 ], [ 109.734723856925314, -7.813459882465622 ], [ 109.734708818695481, -7.813455254940777 ], [ 109.734705061625618, -7.813454089915354 ], [ 109.734697552573891, -7.81345174361104 ], [ 109.734693800591003, -7.813450562331639 ], [ 109.734663806936169, -7.813441047668789 ], [ 109.734660060151612, -7.813439850170255 ], [ 109.734652571808112, -7.813437438963376 ], [ 109.734648830247977, -7.813436225254407 ], [ 109.734633874817177, -7.813431338114469 ], [ 109.734630138585374, -7.813430108228602 ], [ 109.734622671494947, -7.813427632294633 ], [ 109.73461894064252, -7.813426386248636 ], [ 109.734610348344461, -7.813423495338554 ], [ 109.734606525979132, -7.813422203220284 ], [ 109.734600158608657, -7.813420040274764 ], [ 109.734596340126927, -7.813418736857386 ], [ 109.734584890503299, -7.813414809655285 ], [ 109.734581075930635, -7.81341349494744 ], [ 109.734574721528475, -7.813411294345769 ], [ 109.734570910803427, -7.813409968326141 ], [ 109.734549328693788, -7.813402422546062 ], [ 109.73454552224689, -7.813401085365285 ], [ 109.734539181451623, -7.813398847332053 ], [ 109.734535378950227, -7.813397498874963 ], [ 109.734523977664423, -7.813393436695151 ], [ 109.734520179686172, -7.813392077168601 ], [ 109.73451385327246, -7.813389801990581 ], [ 109.734510060605487, -7.81338843168561 ], [ 109.734507467557933, -7.813387488445073 ], [ 109.73450256827465, -7.81338569608647 ], [ 109.734492778595495, -7.813382091651931 ], [ 109.734486909862255, -7.813379915537439 ], [ 109.734469320304015, -7.813373347363097 ], [ 109.734463462147232, -7.813371144503606 ], [ 109.734453707085208, -7.81336745068154 ], [ 109.734447859163083, -7.813365220952846 ], [ 109.734414753192823, -7.813352510941684 ], [ 109.734408915856704, -7.813350254478962 ], [ 109.734399195682556, -7.813346471391696 ], [ 109.734393368823703, -7.813344188155156 ], [ 109.734375904301828, -7.81333729841765 ], [ 109.73437008804234, -7.81333498845504 ], [ 109.734360403207688, -7.813331116284701 ], [ 109.734354597652043, -7.813328779637402 ], [ 109.734345833444024, -7.813325230054716 ], [ 109.734343164550808, -7.813324143802902 ], [ 109.734337830237394, -7.813321962841087 ], [ 109.734335164816969, -7.813320868131086 ], [ 109.734324510170723, -7.813316472411486 ], [ 109.734321848255206, -7.813315369256486 ], [ 109.734316527926353, -7.813313154500236 ], [ 109.734313869515404, -7.813312042899952 ], [ 109.734292617136532, -7.813303116689269 ], [ 109.73428996229859, -7.813301996672237 ], [ 109.734284656225327, -7.813299748233874 ], [ 109.7342820049941, -7.813298619814589 ], [ 109.734271407265169, -7.813294089325439 ], [ 109.734268759609563, -7.813292952490372 ], [ 109.734263467956055, -7.813290670440153 ], [ 109.73426082395531, -7.813289525223524 ], [ 109.734218553695143, -7.813271136666629 ], [ 109.734215913357218, -7.813269983071621 ], [ 109.734210636373234, -7.813267667516243 ], [ 109.734207999720013, -7.813266505552747 ], [ 109.734197460611938, -7.813261841020903 ], [ 109.734194827699753, -7.813260670713646 ], [ 109.734189565576912, -7.813258321737976 ], [ 109.734186936373192, -7.813257143072462 ], [ 109.734165918486553, -7.813247680723236 ], [ 109.734163293055133, -7.813246493728002 ], [ 109.734158046008645, -7.813244111427366 ], [ 109.734155424391759, -7.813242916121339 ], [ 109.734144945601088, -7.813238118298159 ], [ 109.734142327793961, -7.813236914679351 ], [ 109.734135976719472, -7.813233980199868 ], [ 109.734120755712809, -7.813230597266454 ], [ 109.734117021612121, -7.813229778616119 ], [ 109.734109555938005, -7.81322813001691 ], [ 109.734105078219727, -7.813227133325597 ], [ 109.734091650152322, -7.8132241206618 ], [ 109.734087175811965, -7.81322310890738 ], [ 109.734079721461399, -7.813221410113385 ], [ 109.734075250559385, -7.81322038330984 ], [ 109.734049926072316, -7.813214522320436 ], [ 109.73404545867362, -7.813213480482261 ], [ 109.7340380159701, -7.813211731566582 ], [ 109.734033552131905, -7.813210674707648 ], [ 109.734020166062237, -7.813207481623976 ], [ 109.734015705793979, -7.813206409746215 ], [ 109.734008275063843, -7.813204610785419 ], [ 109.734003818470171, -7.813203523913842 ], [ 109.733989113044288, -7.813199911494223 ], [ 109.733985227554513, -7.813198950922697 ], [ 109.733978754146563, -7.813197340476393 ], [ 109.733974871544035, -7.813196368512308 ], [ 109.733963228016307, -7.813193435518485 ], [ 109.733959348275675, -7.813192452155477 ], [ 109.73395288446045, -7.813190803726627 ], [ 109.733949007607464, -7.813189808971231 ], [ 109.733927047719135, -7.813184139940915 ], [ 109.73392317388209, -7.813183133825873 ], [ 109.73391671994068, -7.813181447485931 ], [ 109.73391284901686, -7.813180429984811 ], [ 109.73390124091037, -7.813177360479301 ], [ 109.733897373075081, -7.81317633163809 ], [ 109.733890344306587, -7.813174450185159 ], [ 109.733881524657761, -7.813173113033315 ], [ 109.733859382545745, -7.813170101575167 ], [ 109.733850528594587, -7.813168875209556 ], [ 109.733837252275862, -7.813167003024489 ], [ 109.733828389697294, -7.813165730985816 ], [ 109.733815427418563, -7.813163837328148 ], [ 109.733805529678875, -7.813162363997833 ], [ 109.733790667105154, -7.813160109797536 ], [ 109.733780762910158, -7.813158579693663 ], [ 109.733756013469247, -7.813154686264511 ], [ 109.733746117892849, -7.813153101590444 ], [ 109.733731404784066, -7.813150704158033 ], [ 109.733723354264328, -7.813149372429621 ], [ 109.733719392557077, -7.813148709971017 ], [ 109.733708241987415, -7.813146827911339 ], [ 109.733700490926083, -7.81314550669407 ], [ 109.733689567004433, -7.813143625273369 ], [ 109.733682653706751, -7.813142423015904 ], [ 109.73367890853973, -7.813141765525359 ], [ 109.733669980559739, -7.813140178617232 ], [ 109.733657894989335, -7.813138000029028 ], [ 109.733650076287745, -7.813136572432995 ], [ 109.733630600655431, -7.813132972414223 ], [ 109.733622813539625, -7.813131515430712 ], [ 109.73361113772836, -7.813129304521169 ], [ 109.733603408810779, -7.813127823648472 ], [ 109.733592500000725, -7.813125710143879 ], [ 109.733587655251426, -7.813124761953588 ], [ 109.733579669722928, -7.813123184044855 ], [ 109.733574880129822, -7.813122228722875 ], [ 109.733560516545367, -7.81311933703131 ], [ 109.733555730370881, -7.813118364549723 ], [ 109.733547756395637, -7.81311672947453 ], [ 109.733542973779038, -7.813115739861644 ], [ 109.733515883319399, -7.813110083715401 ], [ 109.733511104321394, -7.813109076983721 ], [ 109.733503142349662, -7.813107384834382 ], [ 109.733498366990716, -7.81310636098857 ], [ 109.733484046572073, -7.813103263822768 ], [ 109.733479274903857, -7.813102222873567 ], [ 109.733471325295966, -7.813100473726479 ], [ 109.733466557438419, -7.813099415700322 ], [ 109.733456692696109, -7.813097207689623 ], [ 109.733450801179686, -7.813095875523288 ], [ 109.733440986997891, -7.813093633513063 ], [ 109.73343510147771, -7.813092275262932 ], [ 109.733417454199241, -7.813088161452356 ], [ 109.733411574760225, -7.8130867771373 ], [ 109.733401780902966, -7.813084448257882 ], [ 109.733395907719967, -7.813083037919569 ], [ 109.733362645760906, -7.813074972676077 ], [ 109.733356778899804, -7.813073536329739 ], [ 109.733347006178292, -7.813071120773486 ], [ 109.733341145762836, -7.813069658449763 ], [ 109.733323574552969, -7.813065232604117 ], [ 109.733317720739365, -7.813063744341889 ], [ 109.733307969934003, -7.81306124230224 ], [ 109.733302122792225, -7.81305972811964 ], [ 109.733291933091209, -7.813057064604493 ], [ 109.733284583515513, -7.813055122052162 ], [ 109.733272343415422, -7.813051850348813 ], [ 109.733265004871953, -7.813049866857682 ], [ 109.733243006360681, -7.8130438551309 ], [ 109.733235679045038, -7.813041830753718 ], [ 109.733223476385319, -7.813038422768955 ], [ 109.733216160522772, -7.813036357568194 ], [ 109.733198590497125, -7.813031360574087 ], [ 109.73319655735088, -7.813030862127903 ], [ 109.73319063592038, -7.813029402540508 ], [ 109.733173725164249, -7.81302520221368 ], [ 109.733166964086138, -7.813023509112782 ], [ 109.733156827396954, -7.813020950029454 ], [ 109.733150079244012, -7.813019232649424 ], [ 109.733131091423616, -7.813014362033243 ], [ 109.733125488422502, -7.813012915143872 ], [ 109.733117096971796, -7.813010733923022 ], [ 109.733111505000466, -7.813009270883697 ], [ 109.733097530946736, -7.813005591068134 ], [ 109.733091943649697, -7.813004110248414 ], [ 109.73308356628047, -7.8130018757019 ], [ 109.73307798483728, -7.813000377419712 ], [ 109.733059402073877, -7.812995357453133 ], [ 109.733054041028936, -7.812993900395895 ], [ 109.733046004553614, -7.812991702997181 ], [ 109.733040649211318, -7.812990229896059 ], [ 109.733027266462898, -7.812986526677491 ], [ 109.733021915604297, -7.812985037202679 ], [ 109.733013892724159, -7.812982790722629 ], [ 109.733008535550255, -7.81298128181362 ], [ 109.732989590261354, -7.812975913520347 ], [ 109.73298233581346, -7.812973841949258 ], [ 109.732971444315467, -7.812970707318925 ], [ 109.73296418769047, -7.812968602478009 ], [ 109.732946057283243, -7.812963302721755 ], [ 109.732938809480004, -7.812961167727337 ], [ 109.732927944554319, -7.812957942668788 ], [ 109.732920730374644, -7.812955784993505 ], [ 109.732902470696104, -7.812950283582722 ], [ 109.732898016879744, -7.812948933162772 ], [ 109.73289063871357, -7.812946682300094 ], [ 109.732886214114615, -7.812945324267162 ], [ 109.732872947419821, -7.812941227684348 ], [ 109.732868527544326, -7.812939854658794 ], [ 109.732861164938697, -7.812937553763106 ], [ 109.732856749700943, -7.812936165718156 ], [ 109.73283174431009, -7.812928257935823 ], [ 109.732827333869011, -7.812926854920761 ], [ 109.732819987131563, -7.812924504088244 ], [ 109.732815581477439, -7.812923086100568 ], [ 109.732802371933587, -7.812918809755104 ], [ 109.73279797116777, -7.812917376827329 ], [ 109.732790640661449, -7.812914976174 ], [ 109.732786221408901, -7.812913520562347 ], [ 109.732758286241847, -7.812904264498968 ], [ 109.732749475505727, -7.812901320765093 ], [ 109.732736235778873, -7.812896859612067 ], [ 109.732727416965474, -7.812893862900353 ], [ 109.732705389577404, -7.812886314756497 ], [ 109.732696586300335, -7.812883272891327 ], [ 109.732683390972682, -7.81287867550202 ], [ 109.7326745864234, -7.812875582527795 ], [ 109.732645072014861, -7.81286512982507 ], [ 109.732636739027612, -7.812862160179293 ], [ 109.732625118831265, -7.81285799365952 ], [ 109.732617928145146, -7.812855400933415 ], [ 109.732614627069665, -7.812854205321003 ], [ 109.73260854955106, -7.812851992286539 ], [ 109.732599529885533, -7.812848697931997 ], [ 109.732593826689595, -7.812847244210388 ], [ 109.732578082573866, -7.812843634021704 ], [ 109.732572836847169, -7.812842420245943 ], [ 109.732564098084936, -7.812840380047476 ], [ 109.732558857298784, -7.812839145586054 ], [ 109.732529174388276, -7.812832091903942 ], [ 109.732523938518398, -7.812830836751004 ], [ 109.732515216234162, -7.812828727603119 ], [ 109.73250998536065, -7.812827451777991 ], [ 109.732494300560518, -7.812823593373651 ], [ 109.732489074807575, -7.812822296906461 ], [ 109.732480369545783, -7.812820118940692 ], [ 109.732475148975709, -7.812818801847072 ], [ 109.732466294711685, -7.812816549282388 ], [ 109.732460750348878, -7.812815126444264 ], [ 109.732451514765387, -7.81281273565537 ], [ 109.732445976431336, -7.812811289547483 ], [ 109.732431969585491, -7.81280764284179 ], [ 109.732429323167651, -7.812807469042241 ], [ 109.732408582915127, -7.81280607510638 ], [ 109.732401264002704, -7.812805564009068 ], [ 109.732389068217685, -7.812804679373869 ], [ 109.732381752200581, -7.812804128910159 ], [ 109.732371945453167, -7.812803364493845 ], [ 109.732364605509929, -7.812802772426437 ], [ 109.732352375043149, -7.812801752626115 ], [ 109.732345038443555, -7.812801120934694 ], [ 109.732323034189164, -7.812799166470825 ], [ 109.732315701122388, -7.812798495171705 ], [ 109.732303482450448, -7.812797343348564 ], [ 109.732296153118114, -7.812796632460334 ], [ 109.732254634369269, -7.812792492274696 ], [ 109.732247309000172, -7.812791741818728 ], [ 109.732235103549328, -7.812790458106065 ], [ 109.732227782384143, -7.812789668107655 ], [ 109.732205825727533, -7.812787238857084 ], [ 109.732198508958504, -7.812786409337093 ], [ 109.732186318150809, -7.812784993885316 ], [ 109.732179005965861, -7.812784124864834 ], [ 109.732170467390119, -7.812783088373919 ], [ 109.732167819969732, -7.812782762545851 ], [ 109.732162526105185, -7.812782103123823 ], [ 109.732159879668473, -7.812781769530829 ], [ 109.732149295930014, -7.812780419634464 ], [ 109.732146650476693, -7.812780078276603 ], [ 109.732141360605567, -7.812779387802607 ], [ 109.732138716179747, -7.812779038685449 ], [ 109.732117565357839, -7.812776214774374 ], [ 109.732114921965888, -7.812775857898771 ], [ 109.732109636244331, -7.812775136392816 ], [ 109.732106993910861, -7.812774771762065 ], [ 109.732096426827979, -7.812773297747299 ], [ 109.732093785610118, -7.812772925369359 ], [ 109.73208850424686, -7.812772172860264 ], [ 109.732085864106125, -7.812771792729791 ], [ 109.732043634971944, -7.812765649271569 ], [ 109.732040995985869, -7.812765261399193 ], [ 109.732035719152691, -7.81276447791106 ], [ 109.732033081305417, -7.812764082295075 ], [ 109.732022532354335, -7.81276248436734 ], [ 109.732019895691906, -7.812762081014341 ], [ 109.732014623570706, -7.812761266574341 ], [ 109.732011988111537, -7.812760855487284 ], [ 109.731990909797332, -7.812757535939966 ], [ 109.73198827556746, -7.812757117122715 ], [ 109.731983008358725, -7.812756271761998 ], [ 109.731980375378498, -7.812755845218135 ], [ 109.731969846027027, -7.812754123600598 ], [ 109.731967301368002, -7.812752707528375 ], [ 109.731961979038033, -7.8127518677951 ], [ 109.731959257928679, -7.81275149967064 ], [ 109.731949998510345, -7.812750162121006 ], [ 109.731943200641069, -7.812749160988858 ], [ 109.731933569338935, -7.812747748579113 ], [ 109.731926826316794, -7.812746763491475 ], [ 109.731923912785135, -7.812746212382763 ], [ 109.731918288592624, -7.812745053233186 ], [ 109.73191543511092, -7.812744465089906 ], [ 109.731904143786267, -7.812742142155059 ], [ 109.731901310251942, -7.812741560413826 ], [ 109.731895642839788, -7.812740397002358 ], [ 109.731892777393796, -7.812739984887742 ], [ 109.731871336704728, -7.812736572211463 ], [ 109.731868674525629, -7.812736067165758 ], [ 109.73186335167378, -7.812735049137586 ], [ 109.731860690994495, -7.812734536153812 ], [ 109.73185005149719, -7.812732468385377 ], [ 109.731847392408099, -7.812731947481325 ], [ 109.731842075759971, -7.812730897740778 ], [ 109.731839418208267, -7.812730368905932 ], [ 109.731796915013717, -7.812721845166266 ], [ 109.731794259132357, -7.812721308427001 ], [ 109.731788948960457, -7.812720227028478 ], [ 109.7317862946677, -7.812719682368595 ], [ 109.73177568087516, -7.812717487929717 ], [ 109.731773028240298, -7.812716935363653 ], [ 109.731767724617157, -7.81271582232273 ], [ 109.731765073633881, -7.812715261848894 ], [ 109.731743873120195, -7.812710746586163 ], [ 109.731741223829772, -7.812710178213251 ], [ 109.731735926991291, -7.81270903357921 ], [ 109.731733279442039, -7.812708457317854 ], [ 109.731722692713788, -7.812706136492523 ], [ 109.731720046889961, -7.812705552339253 ], [ 109.731714757005875, -7.81270437614927 ], [ 109.731712112947548, -7.812703784112898 ], [ 109.731704945876515, -7.812702168096166 ], [ 109.731701373426802, -7.812701355016713 ], [ 109.731694231861411, -7.81269971446784 ], [ 109.731690662746303, -7.812698886998703 ], [ 109.731676393149769, -7.812695548388547 ], [ 109.731672827410932, -7.812694706539446 ], [ 109.731665699379278, -7.81269300847805 ], [ 109.731662137085891, -7.812692152265413 ], [ 109.731633653860683, -7.812685245434466 ], [ 109.731630095062826, -7.812684374870173 ], [ 109.731622981020848, -7.812682619404256 ], [ 109.731619425774795, -7.812681734502235 ], [ 109.731605212151237, -7.812678166282467 ], [ 109.731601660517583, -7.812677267057666 ], [ 109.731594560934809, -7.81267545430336 ], [ 109.731591012986712, -7.81267454077431 ], [ 109.731534285287239, -7.812659812464631 ], [ 109.731530741055451, -7.812658884638893 ], [ 109.731523656395666, -7.812657014713864 ], [ 109.731520115971534, -7.812656072615766 ], [ 109.73150596204357, -7.812652275719529 ], [ 109.731502425448184, -7.8126513193547 ], [ 109.731495356179835, -7.812649392383378 ], [ 109.731491823504314, -7.812648421776316 ], [ 109.731463579044032, -7.812640600301279 ], [ 109.731460050313501, -7.812639615458863 ], [ 109.73145299689736, -7.812637631566645 ], [ 109.731449472212773, -7.81263663251724 ], [ 109.731435381678921, -7.812632607937928 ], [ 109.731431861051533, -7.812631594684774 ], [ 109.731424823935754, -7.812629553997965 ], [ 109.731421307445032, -7.812628526563742 ], [ 109.731413232369334, -7.812626149539938 ], [ 109.731409908808871, -7.81262516430462 ], [ 109.731403265504468, -7.812623181170181 ], [ 109.731399945763542, -7.812622183271969 ], [ 109.73138667456783, -7.81261816639261 ], [ 109.731383358668836, -7.812617155838325 ], [ 109.731376730778038, -7.812615122093575 ], [ 109.731373418783789, -7.812614098902259 ], [ 109.731346939554896, -7.812605863167789 ], [ 109.731343631505013, -7.812604827351606 ], [ 109.731337019400371, -7.812602743110688 ], [ 109.731333715341862, -7.812601694684531 ], [ 109.731320507310727, -7.812597475829932 ], [ 109.731317207300549, -7.812596414811708 ], [ 109.731310611368883, -7.812594280196549 ], [ 109.731307315451033, -7.812593206600582 ], [ 109.731254622005508, -7.812575931226206 ], [ 109.731251328187682, -7.812574844390099 ], [ 109.731244744736557, -7.812572658153101 ], [ 109.731241455098484, -7.812571558750506 ], [ 109.731228305154957, -7.812567136090252 ], [ 109.731225019782812, -7.812566024149817 ], [ 109.731218453292172, -7.81256378772747 ], [ 109.731215172178679, -7.812562663246865 ], [ 109.7311889417104, -7.812553617724063 ], [ 109.73118566122514, -7.812552479434942 ], [ 109.731179104638045, -7.812550190327386 ], [ 109.731175828533708, -7.812549039508042 ], [ 109.731162733137808, -7.812544411261456 ], [ 109.731159454629505, -7.812543245484221 ], [ 109.731152902140309, -7.812540901391969 ], [ 109.731149615516358, -7.812539718499352 ], [ 109.731139350527997, -7.812536000321757 ], [ 109.731130139048958, -7.81253427709089 ], [ 109.731125995079879, -7.812533597631045 ], [ 109.731109425794216, -7.812530841553155 ], [ 109.731105285194872, -7.812530142987441 ], [ 109.731096306186259, -7.81252860512069 ], [ 109.731092293909683, -7.812527952394987 ], [ 109.731082356773243, -7.812526339020053 ], [ 109.731076410476078, -7.812525360066275 ], [ 109.731058866375008, -7.812522431936713 ], [ 109.731053026308075, -7.812521444166919 ], [ 109.731043296583834, -7.812519776766464 ], [ 109.731037461551125, -7.812518763756088 ], [ 109.731032897932096, -7.812517954916245 ], [ 109.73102571834454, -7.812516662685937 ], [ 109.731022129865494, -7.812516009371109 ], [ 109.731007782021891, -7.812513367463168 ], [ 109.731004196364779, -7.812512699785259 ], [ 109.730997027775686, -7.812511350049022 ], [ 109.730993444840294, -7.812510667990239 ], [ 109.730964794300235, -7.812505154390635 ], [ 109.730961214223896, -7.812504457977468 ], [ 109.730954056919984, -7.812503050795272 ], [ 109.730950479690989, -7.812502340026072 ], [ 109.730936176662169, -7.81249946827586 ], [ 109.730932602332189, -7.812498743161143 ], [ 109.730925456606769, -7.812497278593014 ], [ 109.730921846861577, -7.812496531118313 ], [ 109.730889810179463, -7.812489828107971 ], [ 109.730881115655052, -7.812487987421093 ], [ 109.730868052012625, -7.812485188377764 ], [ 109.730859413072039, -7.812483315393877 ], [ 109.730848386232708, -7.812480897981231 ], [ 109.730842809679075, -7.812479662566716 ], [ 109.730833628953178, -7.812477608501069 ], [ 109.730828123092181, -7.812476364662245 ], [ 109.730811613422816, -7.812472598990496 ], [ 109.73080611277345, -7.812471332366613 ], [ 109.730796949462842, -7.81246920236174 ], [ 109.730791454126347, -7.812467912976388 ], [ 109.730751549729973, -7.812458462267557 ], [ 109.730744557669539, -7.812456786933751 ], [ 109.730732911679411, -7.812453963995608 ], [ 109.730725928567551, -7.812452251807429 ], [ 109.730704993306517, -7.81244706012194 ], [ 109.73069801942853, -7.812445311149702 ], [ 109.7306864040292, -7.812442365551817 ], [ 109.730679370414634, -7.812440561910819 ], [ 109.730668667971429, -7.812437786465011 ], [ 109.730660096076804, -7.812435541822651 ], [ 109.730647143160866, -7.812432116191701 ], [ 109.730638554174277, -7.812429822186402 ], [ 109.730623220689949, -7.812425689069016 ], [ 109.730619509679059, -7.812424680024151 ], [ 109.730612254387779, -7.812422690770802 ], [ 109.730608628803111, -7.812421688635709 ], [ 109.730594135009085, -7.812417650145619 ], [ 109.730590513647542, -7.812416633021996 ], [ 109.730583275148149, -7.812414583786392 ], [ 109.730579658018769, -7.812413551676514 ], [ 109.730550739637295, -7.81240523534791 ], [ 109.730547126849217, -7.812404188282869 ], [ 109.730539905657395, -7.812402079210415 ], [ 109.730536297252797, -7.812401017202717 ], [ 109.73052187266876, -7.812396739365056 ], [ 109.730518268715912, -7.812395662434426 ], [ 109.730511065325459, -7.812393493669902 ], [ 109.730507414325984, -7.812392386076908 ], [ 109.730484256216585, -7.812385306166846 ], [ 109.730475744996625, -7.812382682203463 ], [ 109.730462949363982, -7.812378703010438 ], [ 109.730454433380828, -7.812376031749011 ], [ 109.730443048086329, -7.812372430029257 ], [ 109.730435097170528, -7.812369894447556 ], [ 109.730423191410239, -7.812366067502921 ], [ 109.730415276496728, -7.812363503352174 ], [ 109.730384264244037, -7.81235338015739 ], [ 109.730380715353078, -7.812352213488737 ], [ 109.730373687686949, -7.812349887178812 ], [ 109.730370176235226, -7.812348716869053 ], [ 109.730356140192839, -7.812344007090871 ], [ 109.730352633556606, -7.812342822489029 ], [ 109.730345625165796, -7.812340439015884 ], [ 109.73034212340616, -7.812339240142762 ], [ 109.730334261934161, -7.812336530758614 ], [ 109.73032955198903, -7.812334982936363 ], [ 109.73032294127421, -7.812332782341798 ], [ 109.730309737014863, -7.812328330546904 ], [ 109.730303143456808, -7.812326079341972 ], [ 109.730276805146559, -7.812316973853797 ], [ 109.730270229460473, -7.812314672286504 ], [ 109.730257096025127, -7.812310018817243 ], [ 109.730249933609969, -7.81230744694841 ], [ 109.730246304304728, -7.812306123761402 ], [ 109.730240260520077, -7.812303910581534 ], [ 109.730236636228994, -7.812302577570165 ], [ 109.730225770481582, -7.812298563665024 ], [ 109.730222150461032, -7.812297220563948 ], [ 109.730216120331193, -7.812294973536495 ], [ 109.730212504209192, -7.812293620210085 ], [ 109.730192025286669, -7.812285922911258 ], [ 109.730188413216013, -7.812284559417776 ], [ 109.730182396374744, -7.812282278419275 ], [ 109.730178788227761, -7.812280904711713 ], [ 109.730167969680281, -7.81227676827092 ], [ 109.730164365442647, -7.81227538434382 ], [ 109.730158961144298, -7.812273300939466 ], [ 109.730146877752077, -7.812271376898082 ], [ 109.730137118599089, -7.812269797238628 ], [ 109.730112732088344, -7.812265781853455 ], [ 109.730102982067251, -7.81226414921224 ], [ 109.730088485734598, -7.812261681585312 ], [ 109.730080310395294, -7.812260269418687 ], [ 109.730075706073876, -7.812259464440103 ], [ 109.730073695387887, -7.812259109413617 ], [ 109.730067876702435, -7.812258074270801 ], [ 109.730057905975059, -7.812256282730289 ], [ 109.730051261207166, -7.812255076052054 ], [ 109.730034655923589, -7.812252028688192 ], [ 109.730028016098572, -7.812250797409547 ], [ 109.73001805979311, -7.812248931991689 ], [ 109.730011460607727, -7.812247682940324 ], [ 109.730000003591044, -7.81224549248833 ], [ 109.729993456468719, -7.812244224199958 ], [ 109.729982609830984, -7.812242095483327 ], [ 109.729976104976402, -7.812240802427539 ], [ 109.729956600228888, -7.812236875869701 ], [ 109.72995010176453, -7.812235551189076 ], [ 109.729939276464791, -7.812233317064283 ], [ 109.729932784582388, -7.812231960797988 ], [ 109.729896018250543, -7.812224186292269 ], [ 109.729889533058781, -7.812222798462585 ], [ 109.72987873013841, -7.812220459144328 ], [ 109.729872251819756, -7.812219039790705 ], [ 109.729852827596631, -7.812214734537406 ], [ 109.729846356316557, -7.812213283696337 ], [ 109.729835576793903, -7.812210839405907 ], [ 109.729829112658706, -7.812209357101153 ], [ 109.729818158514433, -7.812206816658886 ], [ 109.729810702940881, -7.81220506582082 ], [ 109.729798285302195, -7.812202112879618 ], [ 109.729790839719726, -7.812200320190811 ], [ 109.729768518688843, -7.812194879524327 ], [ 109.729761083370192, -7.812193045050151 ], [ 109.72974869988343, -7.812189952811423 ], [ 109.729741275042954, -7.812188076605253 ], [ 109.729699234399789, -7.81217732748911 ], [ 109.729691820272365, -7.812175409609836 ], [ 109.729679472511521, -7.812172178466369 ], [ 109.729672069319122, -7.812170218971858 ], [ 109.729649876836277, -7.812164278248645 ], [ 109.729642484832425, -7.812162277205573 ], [ 109.729630174327099, -7.812158907558171 ], [ 109.72962279373354, -7.812156865026907 ], [ 109.729613032026407, -7.812154135851245 ], [ 109.729610301380262, -7.812153367298833 ], [ 109.729604842492165, -7.812151821669772 ], [ 109.729602114249303, -7.812151044592952 ], [ 109.729591206277178, -7.812147919291533 ], [ 109.72958848050007, -7.812147133707924 ], [ 109.729583031417974, -7.812145554036078 ], [ 109.729580308117306, -7.812144759949149 ], [ 109.729558532231295, -7.812138373418122 ], [ 109.729555811415196, -7.812137570829691 ], [ 109.729550372347319, -7.812135957175258 ], [ 109.72954765409628, -7.81213514610937 ], [ 109.729536786189556, -7.812131884881637 ], [ 109.729534070473335, -7.812131065329311 ], [ 109.72952864163409, -7.812129417756012 ], [ 109.729525928511919, -7.812128589735153 ], [ 109.729482543879158, -7.812115275052463 ], [ 109.729479833361324, -7.812114438565857 ], [ 109.729474414975925, -7.812112757141279 ], [ 109.729471707106256, -7.812111912202852 ], [ 109.729460880987972, -7.812108515564944 ], [ 109.729458175782668, -7.812107662179471 ], [ 109.729452768050976, -7.81210594696654 ], [ 109.72945006552527, -7.812105085139024 ], [ 109.72942845677369, -7.812098156985883 ], [ 109.7294257569705, -7.812097286730022 ], [ 109.729420360112783, -7.812095537798086 ], [ 109.729417663060246, -7.812094659122806 ], [ 109.729406880433146, -7.81209112760979 ], [ 109.729404186146041, -7.812090240519979 ], [ 109.729398800376543, -7.812088457938899 ], [ 109.729396108887215, -7.812087562445242 ], [ 109.729387049170498, -7.812084531835069 ], [ 109.729382942374002, -7.812083151061358 ], [ 109.729376101365688, -7.812080838887368 ], [ 109.729371998976319, -7.812079445060363 ], [ 109.729359698656481, -7.812075244080233 ], [ 109.729355600763427, -7.812073837230344 ], [ 109.729348774707091, -7.812071481634348 ], [ 109.72934468134622, -7.812070061773966 ], [ 109.729321499037155, -7.812061979230577 ], [ 109.729317410446924, -7.812060546443377 ], [ 109.729310599985752, -7.812058147651783 ], [ 109.72930719648889, -7.812056943389791 ], [ 109.729300401353726, -7.812054507417656 ], [ 109.729287875039006, -7.812049423792303 ], [ 109.729283029535452, -7.812047773870063 ], [ 109.729277865318863, -7.812046010655422 ], [ 109.729270856919129, -7.812043611518448 ], [ 109.729255138094118, -7.812038068609752 ], [ 109.729248381771527, -7.812035585866909 ], [ 109.729241776920958, -7.812033129035569 ], [ 109.729224436485936, -7.812026476228709 ], [ 109.729219585537464, -7.812024557666518 ], [ 109.729211463171794, -7.812021335122893 ], [ 109.729206387619513, -7.812019316255999 ], [ 109.729202310177698, -7.812017690645973 ], [ 109.729192587221746, -7.812014268804944 ], [ 109.729171210963614, -7.812006203977489 ], [ 109.729166407268735, -7.812004321025029 ], [ 109.729157767208903, -7.812000915151202 ], [ 109.7291482751383, -7.811997110140055 ], [ 109.729131470703294, -7.811990263805797 ], [ 109.729115276388256, -7.811986519447657 ], [ 109.729109069296896, -7.811985069471575 ], [ 109.729098729851501, -7.811982628670137 ], [ 109.729092529621141, -7.81198114968754 ], [ 109.729083121437725, -7.811978882485107 ], [ 109.729077584747131, -7.811977535840697 ], [ 109.729068361648956, -7.811975272152836 ], [ 109.729062830616954, -7.811973902370369 ], [ 109.729046246405801, -7.811969758414193 ], [ 109.729040721195986, -7.811968365533801 ], [ 109.729031517429178, -7.811966024834987 ], [ 109.729025998127383, -7.811964608878611 ], [ 109.728994740336191, -7.811956520135084 ], [ 109.728989227016086, -7.811955081121482 ], [ 109.728980043239289, -7.811952663578609 ], [ 109.728974536050316, -7.811951201546947 ], [ 109.728958023829705, -7.811946780965172 ], [ 109.728952522802331, -7.811945295923579 ], [ 109.728943359680727, -7.811942801712348 ], [ 109.728937864961893, -7.811941293700556 ], [ 109.728928847536849, -7.811938799030884 ], [ 109.728924625582522, -7.811937623519555 ], [ 109.728917592175435, -7.811935653030332 ], [ 109.728913374028195, -7.811934463950649 ], [ 109.728900725506321, -7.811930876417819 ], [ 109.728896511262235, -7.811929673796783 ], [ 109.728889490764629, -7.811927658141258 ], [ 109.728885280404029, -7.811926441973355 ], [ 109.728861433530597, -7.811919512213478 ], [ 109.728857227142839, -7.811918282524402 ], [ 109.728850219808749, -7.811916221775448 ], [ 109.728846017394119, -7.811914978565369 ], [ 109.728833416329053, -7.811911228718145 ], [ 109.728829217982309, -7.811909972015144 ], [ 109.728822224097371, -7.811907866256831 ], [ 109.728818029832894, -7.811906596065057 ], [ 109.728809243642274, -7.811903919760994 ], [ 109.728804845375635, -7.811902571948565 ], [ 109.728797518818283, -7.81190031325184 ], [ 109.728793125169489, -7.811898950613795 ], [ 109.728779951254523, -7.811894840493096 ], [ 109.728775562263877, -7.811893463041656 ], [ 109.728768251165491, -7.811891154946295 ], [ 109.728763866854763, -7.811889762688395 ], [ 109.728739036640093, -7.811881831579058 ], [ 109.728734657114046, -7.811880424548008 ], [ 109.728727361858091, -7.81187806717486 ], [ 109.728722987086599, -7.81187664536111 ], [ 109.72870987017069, -7.81187235783193 ], [ 109.728705500291085, -7.811870921279876 ], [ 109.728698221205889, -7.811868514735352 ], [ 109.728693856195264, -7.81186706343766 ], [ 109.728677799820048, -7.811861694855395 ], [ 109.728673523312693, -7.811860257086607 ], [ 109.728666399836129, -7.811857849028456 ], [ 109.728662128172573, -7.811856397127599 ], [ 109.728649320489296, -7.811852020241759 ], [ 109.728645053655157, -7.811850554204057 ], [ 109.728637663165159, -7.81184800091853 ], [ 109.728633417318122, -7.811847289621937 ], [ 109.728630375107343, -7.811846858543561 ], [ 109.728618209289152, -7.811845113679396 ], [ 109.728615168552039, -7.811844672320092 ], [ 109.728609088597523, -7.811843779327035 ], [ 109.728606049374264, -7.811843327692543 ], [ 109.728596710193813, -7.811841923180339 ], [ 109.728592522100939, -7.811841286930417 ], [ 109.72858554353229, -7.811840215661107 ], [ 109.728581357372036, -7.811839566392052 ], [ 109.72856880212754, -7.811837599108571 ], [ 109.728564618071061, -7.81183693684693 ], [ 109.728557646353295, -7.811835822243779 ], [ 109.728553464360061, -7.811835146983185 ], [ 109.728529773019261, -7.811831283802576 ], [ 109.728525593261736, -7.811830595571337 ], [ 109.728518628815323, -7.811829437703125 ], [ 109.728514451245189, -7.811828736493851 ], [ 109.728501921981319, -7.811826613427286 ], [ 109.7284977468953, -7.81182589929125 ], [ 109.728490460018236, -7.811824640585144 ], [ 109.728485249457208, -7.811823729760476 ], [ 109.728482807624687, -7.811823298040679 ], [ 109.728475541606656, -7.811822001702865 ], [ 109.7284630915413, -7.811819752787187 ], [ 109.728454795127277, -7.811818234282043 ], [ 109.728434064019268, -7.81181439010976 ], [ 109.728425775120968, -7.811812833199326 ], [ 109.728413347273772, -7.811810469006389 ], [ 109.728405121288347, -7.811808884496088 ], [ 109.728393471042637, -7.81180661353784 ], [ 109.728387523380718, -7.811805439999659 ], [ 109.728377707560014, -7.811803480543517 ], [ 109.728371820656264, -7.811802291896981 ], [ 109.72835416807834, -7.81179868711331 ], [ 109.728348286486607, -7.811797472548108 ], [ 109.728338488375869, -7.811795426697927 ], [ 109.728332612241445, -7.811794186244242 ], [ 109.728299331338576, -7.811787084024161 ], [ 109.728293460732175, -7.811785817696602 ], [ 109.72828368112323, -7.811783685617002 ], [ 109.728277816203672, -7.81178239345013 ], [ 109.728260230237197, -7.811778478248641 ], [ 109.728254371100945, -7.811777160263773 ], [ 109.728244610754246, -7.811774942121133 ], [ 109.728238757458826, -7.811773598331058 ], [ 109.728224518453487, -7.811770297458793 ], [ 109.728212282191123, -7.811767574638054 ], [ 109.728204436457304, -7.811765811710302 ], [ 109.728192626185432, -7.811763130495081 ], [ 109.72818475667151, -7.811761325537304 ], [ 109.728165464309996, -7.811756083600528 ], [ 109.728157315957105, -7.811754553211813 ], [ 109.728145575086785, -7.811751533812867 ], [ 109.728137730409173, -7.811749767765377 ], [ 109.728119869027466, -7.811745726600634 ], [ 109.728115569501199, -7.81174475001427 ], [ 109.728108455103779, -7.81174312800573 ], [ 109.72810418990241, -7.811742142291166 ], [ 109.728091477806515, -7.811738833962522 ], [ 109.728087242047593, -7.811737723741544 ], [ 109.728080183779127, -7.811735867658911 ], [ 109.728075949597951, -7.811734750576022 ], [ 109.728057984626219, -7.811729995732037 ], [ 109.728051970687886, -7.811728487587857 ], [ 109.728047762360518, -7.811727323328569 ], [ 109.728040496748235, -7.81172604946687 ], [ 109.728036257898054, -7.811724947947994 ], [ 109.728023546583188, -7.811721622941207 ], [ 109.728019311228763, -7.811720507790028 ], [ 109.728012255360341, -7.811718637882109 ], [ 109.728008023658049, -7.811717509139669 ], [ 109.727998331368553, -7.811714907021781 ], [ 109.727993580076088, -7.811713622304637 ], [ 109.727985665208564, -7.811711466834709 ], [ 109.727980918645926, -7.81171016498439 ], [ 109.727966686091577, -7.811706233744189 ], [ 109.727961944248079, -7.81170491475757 ], [ 109.727954045200249, -7.811702702191837 ], [ 109.727949308188045, -7.81170136609984 ], [ 109.727922479785775, -7.811693746725553 ], [ 109.727917747637775, -7.811692393537726 ], [ 109.727909864871151, -7.811690124004599 ], [ 109.727905137698883, -7.811688753752776 ], [ 109.727890963737877, -7.811684617428455 ], [ 109.727886241551516, -7.811683230115875 ], [ 109.727878375452292, -7.811680903727165 ], [ 109.727873658332442, -7.811679499377192 ], [ 109.727855801804424, -7.811674148065435 ], [ 109.727850904872525, -7.811672670530299 ], [ 109.727842747975103, -7.811670192665815 ], [ 109.727837856631425, -7.811668696763661 ], [ 109.727823191211996, -7.811664181576646 ], [ 109.727818305524238, -7.81166266732788 ], [ 109.727810167534187, -7.811660128324888 ], [ 109.727805287636841, -7.811658595771235 ], [ 109.727777652150223, -7.811649859707927 ], [ 109.727772778029703, -7.811648308845008 ], [ 109.727764659418369, -7.811645708850108 ], [ 109.727759791193591, -7.811644139715781 ], [ 109.7277451955473, -7.811639404964978 ], [ 109.727740333322174, -7.811637817592896 ], [ 109.727732234583982, -7.811635156765306 ], [ 109.727727378316956, -7.811633551142052 ], [ 109.727717760848861, -7.811630351390477 ], [ 109.727713206605301, -7.811628827217476 ], [ 109.72770562070184, -7.811626273561274 ], [ 109.727701071869603, -7.811624733349561 ], [ 109.727687433697042, -7.811620088726954 ], [ 109.727682890369749, -7.811618532508305 ], [ 109.727675322766288, -7.811615925478861 ], [ 109.727670784962072, -7.811614353259529 ], [ 109.727645127335791, -7.811605412948552 ], [ 109.727640593320132, -7.81160382411656 ], [ 109.727633041374418, -7.811601162767943 ], [ 109.727628513045033, -7.811599557977956 ], [ 109.727615007215888, -7.811594744831325 ], [ 109.727610453406498, -7.811593112851881 ], [ 109.727602984496741, -7.811590421137907 ], [ 109.727599140497091, -7.811589028595051 ], [ 109.727597188614709, -7.811588318103588 ], [ 109.727577882292849, -7.811581264593144 ], [ 109.727573678628914, -7.811579720948487 ], [ 109.727566821493099, -7.811577190136063 ], [ 109.727562716883654, -7.811575667707302 ], [ 109.727550524750654, -7.811571123273211 ], [ 109.727546465340424, -7.811569602825159 ], [ 109.727539703717355, -7.811567057992136 ], [ 109.727535649195488, -7.811565524646312 ], [ 109.727512812905616, -7.811556846834151 ], [ 109.72750878599669, -7.811555309308403 ], [ 109.727502078535792, -7.811552736147405 ], [ 109.727498056496756, -7.811551185881626 ], [ 109.727485997907934, -7.811546516061014 ], [ 109.727481980842867, -7.811544953095336 ], [ 109.72747528987685, -7.81154233756871 ], [ 109.727471247575977, -7.811540749982498 ], [ 109.727453938793815, -7.811533918710211 ], [ 109.727446191724368, -7.811530841329841 ], [ 109.727434536580859, -7.81152618054233 ], [ 109.72742677368916, -7.811523055468626 ], [ 109.727407384782509, -7.81151519820412 ], [ 109.727399636446137, -7.811512037424791 ], [ 109.72738802495553, -7.811507269516767 ], [ 109.72738031310837, -7.811504082155466 ], [ 109.727366434880196, -7.811498310701154 ], [ 109.727357284555069, -7.811495432396157 ], [ 109.727352662963995, -7.811493965073225 ], [ 109.72734324701878, -7.811490947890718 ], [ 109.727338543167775, -7.811489426494347 ], [ 109.727319744848103, -7.811483289882517 ], [ 109.72731504938929, -7.811481742923945 ], [ 109.727305667014605, -7.811478623494622 ], [ 109.727300980099926, -7.811477051024212 ], [ 109.727263522167334, -7.811464370297529 ], [ 109.727258844065886, -7.811462772406685 ], [ 109.727249496677985, -7.811459551206667 ], [ 109.727244827390962, -7.811457927897493 ], [ 109.727226168405139, -7.811451384010013 ], [ 109.727221508370462, -7.811449735437407 ], [ 109.727212197398728, -7.811446412977148 ], [ 109.727207547086948, -7.811444739316471 ], [ 109.727202903644695, -7.811443039525159 ], [ 109.727193627377289, -7.811439615165341 ], [ 109.727188993928678, -7.811437890370712 ], [ 109.727170480657378, -7.811430941401397 ], [ 109.727165857010164, -7.811429191540356 ], [ 109.727156619380992, -7.811425666703656 ], [ 109.727152005394998, -7.811423891726406 ], [ 109.727115136518535, -7.811409593135295 ], [ 109.727110532465758, -7.81140779314785 ], [ 109.727101334249483, -7.811404168147192 ], [ 109.727096740089053, -7.811402343135057 ], [ 109.727078383856963, -7.811394993285887 ], [ 109.727073799748268, -7.811393143312102 ], [ 109.727064641731488, -7.81138941846325 ], [ 109.727060067821924, -7.811387543587614 ], [ 109.726986991819388, -7.811357356663279 ], [ 109.726977875249133, -7.81135353247538 ], [ 109.726959684469591, -7.811345785148774 ], [ 109.726950610257632, -7.811341862008646 ], [ 109.726914402504576, -7.811325973449755 ], [ 109.726905371759528, -7.811321951836305 ], [ 109.726887354785845, -7.811313810604361 ], [ 109.726878368559881, -7.811309690986889 ], [ 109.726806682471874, -7.811276353920448 ], [ 109.726797741841949, -7.811272136790706 ], [ 109.726779907240427, -7.811263605522186 ], [ 109.726771013268433, -7.811259291382953 ], [ 109.726735534934392, -7.811241842875404 ], [ 109.726726688680913, -7.811237432240432 ], [ 109.726709044948223, -7.811228515001744 ], [ 109.726700247469523, -7.811224008398426 ], [ 109.726630087756632, -7.811187584650213 ], [ 109.726625707744063, -7.811185295583925 ], [ 109.726616960299339, -7.811180693659878 ], [ 109.726612592867923, -7.811178380802573 ], [ 109.726595148824174, -7.811169082067011 ], [ 109.726590794104084, -7.811166745487355 ], [ 109.726582097504149, -7.811162048675214 ], [ 109.726577755622316, -7.811159688441478 ], [ 109.726543075089921, -7.811140713685575 ], [ 109.726538746394453, -7.811138329988808 ], [ 109.726530102117692, -7.811133539095181 ], [ 109.726525786539014, -7.811131131899742 ], [ 109.726508550894323, -7.811121456365754 ], [ 109.72650424895437, -7.811119025967457 ], [ 109.726495658431361, -7.811114141813448 ], [ 109.726491370690553, -7.81111168854261 ], [ 109.726487093274272, -7.811109210157269 ], [ 109.726478553739526, -7.811104231125171 ], [ 109.726474290773012, -7.811101729989957 ], [ 109.726457268364982, -7.811091680302354 ], [ 109.726453019581754, -7.811089156274704 ], [ 109.726444535865653, -7.811084085134496 ], [ 109.726440300937156, -7.811081538024041 ], [ 109.72640648168931, -7.811061071687902 ], [ 109.726402260961549, -7.811058501704792 ], [ 109.72639383362997, -7.811053338821523 ], [ 109.726389627024616, -7.811050745920511 ], [ 109.726372829340107, -7.811040328785225 ], [ 109.726368636991253, -7.811037713049132 ], [ 109.726360266635652, -7.811032458795466 ], [ 109.726356088628904, -7.811029820277895 ], [ 109.726289379174261, -7.810987436920072 ], [ 109.726281067003924, -7.810982092057941 ], [ 109.726264501605272, -7.810971312219237 ], [ 109.726256248377808, -7.810965877242779 ], [ 109.726223357326319, -7.810943959737813 ], [ 109.726215164042969, -7.810938435305331 ], [ 109.726198838391554, -7.810927297640148 ], [ 109.726190706022976, -7.810921684407163 ], [ 109.72612591388139, -7.810876439465574 ], [ 109.726117843399663, -7.81087073810113 ], [ 109.726101765269561, -7.810859247911083 ], [ 109.726093757622209, -7.810853459086388 ], [ 109.726061856533875, -7.810830131651187 ], [ 109.726053912684733, -7.81082425606229 ], [ 109.726038089724398, -7.810812418815715 ], [ 109.726030210612805, -7.810806457157867 ], [ 109.725967459123467, -7.810758436762228 ], [ 109.725963544272247, -7.810755423981959 ], [ 109.725955731088732, -7.810749377160732 ], [ 109.725951832753935, -7.810746343117557 ], [ 109.725936272985678, -7.810734164838209 ], [ 109.72593239131686, -7.81073110964843 ], [ 109.725924644732117, -7.810724978190763 ], [ 109.72592077981858, -7.810721901924751 ], [ 109.725889930379822, -7.810697209766658 ], [ 109.725886082602813, -7.810694112730516 ], [ 109.725878404036962, -7.810687897773107 ], [ 109.725874573251645, -7.810684779854284 ], [ 109.725859284540036, -7.810672266778454 ], [ 109.725855471339969, -7.810669128466543 ], [ 109.725847862155035, -7.810662831151944 ], [ 109.725844067127809, -7.810659672950521 ], [ 109.725840285842992, -7.810656491136172 ], [ 109.72583274264673, -7.810650108590892 ], [ 109.725828979774747, -7.810646907056253 ], [ 109.725813965568136, -7.810634061902419 ], [ 109.725810220733138, -7.810630840347812 ], [ 109.725802748763613, -7.810624376936516 ], [ 109.725799021630507, -7.810621135081021 ], [ 109.725769279683277, -7.810595122800578 ], [ 109.725765570551971, -7.810591860907891 ], [ 109.725758170191511, -7.810585317001369 ], [ 109.72575447896196, -7.810582034987362 ], [ 109.72573975026188, -7.810568867057668 ], [ 109.725736077036629, -7.810565565013235 ], [ 109.725728748696383, -7.810558940989438 ], [ 109.725725093581218, -7.810555619009847 ], [ 109.725666777638935, -7.810502327049619 ], [ 109.725659522422973, -7.810495623911379 ], [ 109.72564508573663, -7.810482139103783 ], [ 109.725637904264829, -7.810475357432836 ], [ 109.72560932930736, -7.810448076950252 ], [ 109.725602222449652, -7.810441217567927 ], [ 109.725588084178298, -7.81042742189311 ], [ 109.725581052766245, -7.810420485602265 ], [ 109.725525123275474, -7.810364707566578 ], [ 109.725518168152462, -7.810357695197297 ], [ 109.72550433502596, -7.810343595219877 ], [ 109.725497457025256, -7.810336507614409 ], [ 109.725470102492181, -7.810308010062101 ], [ 109.725463302414198, -7.810300848044903 ], [ 109.725449781007228, -7.81028645046905 ], [ 109.725443059674774, -7.810279214906984 ], [ 109.725389623101023, -7.810221056975251 ], [ 109.725386292342989, -7.810217412023519 ], [ 109.725379650805507, -7.810210104053226 ], [ 109.725376340027196, -7.810206441035405 ], [ 109.725363137277554, -7.810191753280776 ], [ 109.725359846583274, -7.810188072312144 ], [ 109.725353285370375, -7.810180692527183 ], [ 109.725350014851188, -7.810176993710058 ], [ 109.725323933772927, -7.810147334472219 ], [ 109.725320683787572, -7.810143618216102 ], [ 109.72531420417306, -7.810136168067061 ], [ 109.725310974542083, -7.810132434171919 ], [ 109.725298097172526, -7.810117463829215 ], [ 109.725294888505744, -7.810113713009287 ], [ 109.725288491711353, -7.810106193957495 ], [ 109.72528530454656, -7.810102426869605 ], [ 109.725282134447866, -7.810098638219074 ], [ 109.725275816940609, -7.81009104601776 ], [ 109.72527266857287, -7.810087241327153 ], [ 109.725260118898291, -7.810071990940969 ], [ 109.725256991854053, -7.81006816974633 ], [ 109.725250758727157, -7.810060510420783 ], [ 109.725247652645919, -7.810056672291523 ], [ 109.725222891784995, -7.810025904410111 ], [ 109.725219806959615, -7.810022049712586 ], [ 109.725213658445227, -7.810014323605287 ], [ 109.72521059475207, -7.81001045219017 ], [ 109.725198382605754, -7.809994933553298 ], [ 109.725195340138498, -7.809991045538936 ], [ 109.725189276505887, -7.809983253008795 ], [ 109.725186255343715, -7.809979348496597 ], [ 109.72513810482144, -7.809916767220159 ], [ 109.725132127013126, -7.809908909485955 ], [ 109.725120257700496, -7.809893129457123 ], [ 109.725114366194703, -7.809885207160619 ], [ 109.7250909755723, -7.809853392628099 ], [ 109.725085171071385, -7.809845406712611 ], [ 109.725073649760759, -7.809829372207503 ], [ 109.725067932951845, -7.809821323619133 ], [ 109.725022565502513, -7.809756707316239 ], [ 109.725016937072496, -7.809748597020189 ], [ 109.725005769258814, -7.809732315683277 ], [ 109.725000229874581, -7.809724144642189 ], [ 109.724978253047652, -7.809691342872895 ], [ 109.72497280336853, -7.809683112059247 ], [ 109.724961994356363, -7.809666591628286 ], [ 109.724956635023659, -7.80965830201103 ], [ 109.724914137001861, -7.809591773680381 ], [ 109.724911491525802, -7.809587607302433 ], [ 109.724906223413313, -7.809579260242856 ], [ 109.724903600780351, -7.809575079567765 ], [ 109.724893156158657, -7.809558328630601 ], [ 109.724890556405171, -7.809554133715608 ], [ 109.724885379896136, -7.809545729837112 ], [ 109.724882803136893, -7.809541520867754 ], [ 109.724862282786489, -7.809507795762499 ], [ 109.724859729303773, -7.80950357320603 ], [ 109.724854645453945, -7.80949511424808 ], [ 109.724852115082342, -7.809490877838357 ], [ 109.724842040197586, -7.8094739051283 ], [ 109.724839533478303, -7.809469655784483 ], [ 109.724834543287443, -7.80946114349166 ], [ 109.724832060664994, -7.809456882008476 ], [ 109.724829598240603, -7.809452601618148 ], [ 109.724824698527812, -7.80944403042821 ], [ 109.724822260394205, -7.809439738168692 ], [ 109.724812556692541, -7.809422545910422 ], [ 109.724810142487513, -7.809418241186279 ], [ 109.724805337653265, -7.809409618657924 ], [ 109.724802947025523, -7.809405300856156 ], [ 109.724783919677634, -7.809370712245766 ], [ 109.724781552906109, -7.809366381877339 ], [ 109.724776843088875, -7.80935770834293 ], [ 109.72477450004186, -7.809353365174445 ], [ 109.724765175551568, -7.809335967364575 ], [ 109.724762856289431, -7.809331611508355 ], [ 109.724758241616712, -7.809322887233122 ], [ 109.724755946207495, -7.80931851881644 ], [ 109.724719424114255, -7.809248549760582 ], [ 109.72471490534366, -7.809239776188406 ], [ 109.724705964034797, -7.809222180406664 ], [ 109.724701541494937, -7.809213358193858 ], [ 109.724684045903643, -7.80917797629138 ], [ 109.724679720130666, -7.809169106506999 ], [ 109.724671165849486, -7.809151320389276 ], [ 109.724666937342363, -7.809142404057582 ], [ 109.724633510371802, -7.809070912852746 ], [ 109.724629379646899, -7.809061951058823 ], [ 109.724621216464413, -7.809043983065976 ], [ 109.724617184007911, -7.809034976868702 ], [ 109.724601252628133, -7.808998867565379 ], [ 109.724597318918086, -7.808989818030739 ], [ 109.724589550721134, -7.808971676721228 ], [ 109.724585716233548, -7.808962584945448 ], [ 109.724555448012381, -7.808889707679043 ], [ 109.724553568208194, -7.80888514650303 ], [ 109.724549833560047, -7.808876013966255 ], [ 109.724547978716089, -7.808871442604925 ], [ 109.724540609534188, -7.808853137462734 ], [ 109.724538779725719, -7.808848556100884 ], [ 109.724535145190544, -7.808839383492625 ], [ 109.724533340464404, -7.808834792248149 ], [ 109.724519004249885, -7.808798026000602 ], [ 109.724517224819238, -7.808793425425108 ], [ 109.724513691145603, -7.808784214676052 ], [ 109.724511936902843, -7.808779604502774 ], [ 109.724504970497094, -7.808761145114431 ], [ 109.724503241805394, -7.808756526318859 ], [ 109.724499809700148, -7.808747279397039 ], [ 109.724498106912336, -7.808742652985984 ], [ 109.724496427118254, -7.808738010932473 ], [ 109.724493094200852, -7.808728721210343 ], [ 109.724491440452425, -7.808724071828124 ], [ 109.724484877670989, -7.808705460106069 ], [ 109.724483249675473, -7.808700802639066 ], [ 109.724480019184739, -7.808691478921446 ], [ 109.724478416688669, -7.808686812667361 ], [ 109.724465701045574, -7.80864945431631 ], [ 109.724464124243752, -7.808644779853182 ], [ 109.724460996230732, -7.808635422422867 ], [ 109.724459445019988, -7.808630739457215 ], [ 109.724453291531233, -7.808611991112571 ], [ 109.724451765953177, -7.808607299769619 ], [ 109.724448740477669, -7.808597908854892 ], [ 109.724447240580218, -7.808593209282606 ], [ 109.724423456577199, -7.808517978452414 ], [ 109.724420534138517, -7.808508555624201 ], [ 109.724414792501307, -7.808489678739193 ], [ 109.72441197330221, -7.808480224680579 ], [ 109.724400904314564, -7.808442350485336 ], [ 109.724398188691111, -7.808432866321652 ], [ 109.724392861341357, -7.808413869014657 ], [ 109.724390249615567, -7.808404355872369 ], [ 109.724369778737412, -7.808328162019961 ], [ 109.724367271221809, -7.808318621034118 ], [ 109.724362360694727, -7.80829951234233 ], [ 109.724359957683419, -7.808289944635817 ], [ 109.72435055579291, -7.808251624978993 ], [ 109.724348257578868, -7.808242031716304 ], [ 109.724343766214815, -7.808222820750871 ], [ 109.724341573064578, -7.808213203047501 ], [ 109.724324454274324, -7.808136191210849 ], [ 109.724323397234002, -7.808131373797096 ], [ 109.724321309509321, -7.808121733269957 ], [ 109.72432027882428, -7.808116910152592 ], [ 109.724316208944344, -7.808097606976673 ], [ 109.724315204658296, -7.80809277835931 ], [ 109.724313222502701, -7.808083115711213 ], [ 109.724312244634405, -7.808078281686392 ], [ 109.724304528068558, -7.80803959139223 ], [ 109.724303576741875, -7.808034752589265 ], [ 109.724301700563558, -7.808025069888231 ], [ 109.724300775711924, -7.808020225990333 ], [ 109.724297129359172, -7.808000840756449 ], [ 109.724296231178073, -7.807995992828523 ], [ 109.72429446133674, -7.807986292178839 ], [ 109.724293590009552, -7.807981441341781 ], [ 109.724292743994567, -7.807976578766898 ], [ 109.724291079231648, -7.807966852835193 ], [ 109.724290260150326, -7.807961987591341 ], [ 109.724287037767056, -7.807942521974667 ], [ 109.724286245469841, -7.807937653313616 ], [ 109.724284687516388, -7.807927911745821 ], [ 109.724283921860433, -7.807923038839363 ], [ 109.724277904305609, -7.807884045909589 ], [ 109.724277165387548, -7.807879169399314 ], [ 109.724275714228497, -7.807869412399725 ], [ 109.724275001987394, -7.807864531909615 ], [ 109.724272206482624, -7.807845002711076 ], [ 109.724271520946161, -7.807840118427862 ], [ 109.724270176600044, -7.807830346225728 ], [ 109.724269517790503, -7.807825458310731 ], [ 109.724259194480112, -7.807747251578519 ], [ 109.724257957163218, -7.807737465807747 ], [ 109.724255589638858, -7.807717881392875 ], [ 109.724254459430767, -7.80770808274417 ], [ 109.724250153340563, -7.807668867056918 ], [ 109.724249130376222, -7.80765905670296 ], [ 109.724247191810491, -7.807639425431489 ], [ 109.724246276209385, -7.807629604516251 ], [ 109.724239383354757, -7.807551023145777 ], [ 109.724238575228583, -7.807541192864448 ], [ 109.724237066545584, -7.807521524090816 ], [ 109.724236365988816, -7.807511685597945 ], [ 109.72423377922388, -7.807472319914552 ], [ 109.724233186321101, -7.807462474395379 ], [ 109.724232108238766, -7.807442777486983 ], [ 109.724231623059381, -7.80743292609958 ], [ 109.724228173776226, -7.807354119674358 ], [ 109.724227971610844, -7.807349192390518 ], [ 109.724227594229149, -7.807339336799885 ], [ 109.724227419012493, -7.807334408490362 ], [ 109.724226772064412, -7.807314693787362 ], [ 109.724226623802053, -7.807309764597392 ], [ 109.724226354235782, -7.807299905484058 ], [ 109.724226232931926, -7.807294975565299 ], [ 109.724225370413365, -7.80725553676632 ], [ 109.72422527607938, -7.807250606738421 ], [ 109.724225114371393, -7.807240746247885 ], [ 109.724225046997219, -7.80723581577638 ], [ 109.72422483142708, -7.807216093625016 ], [ 109.724224791020106, -7.807211163861552 ], [ 109.724224737157613, -7.807201304144257 ], [ 109.724224723702434, -7.807196376140723 ], [ 109.724224737218719, -7.807191440854865 ], [ 109.724224791240545, -7.807181574331366 ], [ 109.724224831745914, -7.807176641155081 ], [ 109.724225047698894, -7.807156913178233 ], [ 109.724225115176637, -7.807151981254378 ], [ 109.724225277107735, -7.807142117859655 ], [ 109.72422537156109, -7.807137186379293 ], [ 109.72422623492912, -7.807097743711665 ], [ 109.724226356341831, -7.80709281330752 ], [ 109.724226626131212, -7.807082953221311 ], [ 109.724226774507827, -7.807078023545102 ], [ 109.724227421922876, -7.80705830691187 ], [ 109.724227597258562, -7.807053378126341 ], [ 109.724227974883945, -7.807043521578123 ], [ 109.724228177174041, -7.807038593813388 ], [ 109.724231628150278, -7.806959787460698 ], [ 109.724232113541007, -7.806949936085005 ], [ 109.724233192046313, -7.806930239189853 ], [ 109.724233785161005, -7.806920393669827 ], [ 109.724236372769383, -7.806881028038561 ], [ 109.724237073535562, -7.806871189574451 ], [ 109.724238582638122, -7.806851520838279 ], [ 109.724239390974788, -7.8068416905665 ], [ 109.724246285504023, -7.806763109338476 ], [ 109.724247201313119, -7.806753288450466 ], [ 109.724249140295058, -7.806733657223276 ], [ 109.7242501634679, -7.806723846885177 ], [ 109.724254470388246, -7.806684631288135 ], [ 109.724255600803133, -7.806674832664328 ], [ 109.724257968741313, -7.806655248293964 ], [ 109.724259206264435, -7.806645462546726 ], [ 109.724269531217089, -7.806567256029552 ], [ 109.724270190064999, -7.806562368592665 ], [ 109.724271534480238, -7.806552597364771 ], [ 109.724272220047055, -7.806547713578141 ], [ 109.724275015667502, -7.80652818633024 ], [ 109.724275727933673, -7.8065233063341 ], [ 109.724277179139392, -7.80651355030983 ], [ 109.724277918079849, -7.806508674276245 ], [ 109.724283935777635, -7.806469685242803 ], [ 109.724284701293811, -7.806464813792957 ], [ 109.724286258958216, -7.806455075091833 ], [ 109.724287051107353, -7.806450207837486 ], [ 109.724290272851249, -7.806430747936702 ], [ 109.724291091440023, -7.806425886018189 ], [ 109.724292755185616, -7.806416166706867 ], [ 109.724293600008309, -7.806411311203533 ], [ 109.724294472643408, -7.806406453294926 ], [ 109.724296243799813, -7.8063967460713 ], [ 109.724297142654109, -7.806391894871922 ], [ 109.724300790362918, -7.806372504048682 ], [ 109.724301715560443, -7.806367658759086 ], [ 109.724303592445779, -7.806357973275738 ], [ 109.724304544133588, -7.80635313308278 ], [ 109.724312262152296, -7.806314439180653 ], [ 109.724313240204992, -7.806309604702335 ], [ 109.724315222735186, -7.806299941145085 ], [ 109.724316227212626, -7.806295112066266 ], [ 109.724320297855968, -7.80627580710285 ], [ 109.724321328730582, -7.806270983555237 ], [ 109.724323416843561, -7.8062613421489 ], [ 109.724324474082437, -7.806256524287676 ], [ 109.724341594413033, -7.806179512802316 ], [ 109.724343787754208, -7.806169895144365 ], [ 109.724348279501044, -7.806150684262775 ], [ 109.724350577905909, -7.806141091041866 ], [ 109.724359980551526, -7.806102771573478 ], [ 109.724362383748428, -7.806093203923012 ], [ 109.724367294647493, -7.80607409533485 ], [ 109.724369802350168, -7.806064554394709 ], [ 109.724390274701648, -7.805988360953052 ], [ 109.72439288660911, -7.805978847866299 ], [ 109.724398214321809, -7.805959850666 ], [ 109.724400930127331, -7.805950366552281 ], [ 109.724411999832853, -7.805912492578329 ], [ 109.724414819210097, -7.805903038575877 ], [ 109.724420561202237, -7.805884161802908 ], [ 109.724423483817247, -7.805874739032561 ], [ 109.724447269212988, -7.805799508678945 ], [ 109.724448769053197, -7.805794809582096 ], [ 109.724451794413994, -7.805785419601875 ], [ 109.724453319933957, -7.805780728719583 ], [ 109.724459473175955, -7.805761982225704 ], [ 109.724461024327013, -7.805757299708318 ], [ 109.724464152209123, -7.805747943192671 ], [ 109.724465728938981, -7.805743269197251 ], [ 109.724478444001249, -7.805705914533291 ], [ 109.724480046123915, -7.805701249599167 ], [ 109.724483275847433, -7.805691928533349 ], [ 109.72448490345073, -7.805687272394152 ], [ 109.724491464644643, -7.805668665940004 ], [ 109.724493117375403, -7.805664019582821 ], [ 109.724496448218702, -7.805654735912469 ], [ 109.72449812570369, -7.805650100319497 ], [ 109.724499830881427, -7.805645467492297 ], [ 109.724503265292583, -7.805636214617948 ], [ 109.724504995152188, -7.805631592854866 ], [ 109.724511963719806, -7.805613128442644 ], [ 109.724513718514288, -7.805608517004202 ], [ 109.724517253297279, -7.805599303750341 ], [ 109.724519033284651, -7.805594701937594 ], [ 109.724533371381199, -7.80555793253825 ], [ 109.72453517634716, -7.805553340893766 ], [ 109.724538811362265, -7.805544167497715 ], [ 109.724540641412375, -7.805539585744157 ], [ 109.724548011567663, -7.805521279040363 ], [ 109.724549866654286, -7.805516707296363 ], [ 109.72455360179481, -7.805507573988564 ], [ 109.724555481848597, -7.805503012424651 ], [ 109.724585751271661, -7.805430135745723 ], [ 109.724589585911986, -7.805421044032926 ], [ 109.724597354403443, -7.805402902871549 ], [ 109.724601288254405, -7.8053938534228 ], [ 109.724617220208131, -7.805357744427283 ], [ 109.724621252804241, -7.805348738312148 ], [ 109.724629416265941, -7.805330770478861 ], [ 109.724633547132782, -7.805321808758265 ], [ 109.724666975196158, -7.805250318189849 ], [ 109.724671203831747, -7.805241401949843 ], [ 109.724679758379011, -7.805223615991906 ], [ 109.724684084290743, -7.805214746274032 ], [ 109.724701580399142, -7.80517936470244 ], [ 109.724706003064398, -7.805170542577287 ], [ 109.724714944625646, -7.805152946963062 ], [ 109.724719463520216, -7.805144173476492 ], [ 109.724755986588377, -7.805074205101562 ], [ 109.724758281853326, -7.805069837113365 ], [ 109.724762896240748, -7.805061113677539 ], [ 109.72476521536521, -7.805056758226499 ], [ 109.724774539279679, -7.805039362061734 ], [ 109.724776882185097, -7.805035019294962 ], [ 109.724781591711007, -7.8050263465679 ], [ 109.72478395833042, -7.805022016609371 ], [ 109.724802984444466, -7.804987431263839 ], [ 109.724805374500988, -7.804983114612924 ], [ 109.724810178189273, -7.80497449436217 ], [ 109.724812591824048, -7.80497019075716 ], [ 109.724822293180239, -7.804953003033177 ], [ 109.724824729878378, -7.804948713377996 ], [ 109.724829626703013, -7.804940147360469 ], [ 109.724832085982541, -7.804935872461215 ], [ 109.724834571781116, -7.804931605550109 ], [ 109.724839564992124, -7.804923088219994 ], [ 109.72484207324743, -7.804918836345337 ], [ 109.724852150838103, -7.804901859426877 ], [ 109.724854681879776, -7.804897621988289 ], [ 109.724859767103396, -7.804889160942196 ], [ 109.724862321286537, -7.80488493733219 ], [ 109.724882843719911, -7.804851209682454 ], [ 109.724885420745466, -7.804847000388577 ], [ 109.724890597776664, -7.804838595885997 ], [ 109.724893197783274, -7.804834400675816 ], [ 109.7249036434701, -7.804817648486448 ], [ 109.724906266377161, -7.804813467489168 ], [ 109.724911535033243, -7.804805119801301 ], [ 109.724914180781411, -7.804800953112192 ], [ 109.724956679521938, -7.804734425534434 ], [ 109.724962038935985, -7.804726136020008 ], [ 109.724972848115328, -7.804709615783622 ], [ 109.724978297879488, -7.804701385062913 ], [ 109.725000275031675, -7.804668583677199 ], [ 109.72500581449674, -7.804660412730186 ], [ 109.72501698246856, -7.804644131582904 ], [ 109.725022610975259, -7.804636021382578 ], [ 109.725067979007974, -7.804571405857814 ], [ 109.725073695886181, -7.80456335736767 ], [ 109.725085217332207, -7.804547323059751 ], [ 109.725091021898265, -7.804539337244194 ], [ 109.725114412777202, -7.804507523106452 ], [ 109.725120304348877, -7.804499600903739 ], [ 109.725132173782129, -7.804483821073688 ], [ 109.725138151645467, -7.804475963444133 ], [ 109.725186302607824, -7.804413382970267 ], [ 109.725189323572636, -7.804409478795606 ], [ 109.725195386799498, -7.804401686946733 ], [ 109.725198429063028, -7.804397799270475 ], [ 109.725210640372666, -7.804382281998073 ], [ 109.725213703843224, -7.804378410936977 ], [ 109.72521985192509, -7.804370685514186 ], [ 109.725222936535488, -7.804366831153629 ], [ 109.72524769565598, -7.804336065959035 ], [ 109.725250801056177, -7.804332228731027 ], [ 109.725257032800187, -7.804324571213385 ], [ 109.72526015914417, -7.804320750923523 ], [ 109.725272705996588, -7.804305504140643 ], [ 109.725275852702794, -7.804301701489464 ], [ 109.725282166852878, -7.804294113363085 ], [ 109.725285333336501, -7.804290329028731 ], [ 109.725288524077655, -7.804286557709474 ], [ 109.725294924229388, -7.804279034748447 ], [ 109.725298134599825, -7.804275281966397 ], [ 109.725311014889712, -7.80426030838737 ], [ 109.725314245256641, -7.804256573684938 ], [ 109.725320726356017, -7.804249121924499 ], [ 109.725323977087271, -7.804245404867629 ], [ 109.725350060199446, -7.804215743762654 ], [ 109.725353330968346, -7.804212044719122 ], [ 109.725359892687891, -7.804204664478789 ], [ 109.725363183641548, -7.804200983278463 ], [ 109.72537638742449, -7.804186294610645 ], [ 109.725379698457175, -7.804182631371646 ], [ 109.725386340519037, -7.804175322946037 ], [ 109.725389671546907, -7.804171677761076 ], [ 109.72544310826936, -7.80411352065704 ], [ 109.725449829616537, -7.80410628519877 ], [ 109.725463351046756, -7.804091887833692 ], [ 109.725470151129173, -7.804084725927623 ], [ 109.725497505698627, -7.804056228790671 ], [ 109.725504383708824, -7.804049141286669 ], [ 109.725518216846126, -7.804035041516613 ], [ 109.725525171974311, -7.804028029249764 ], [ 109.725581101465025, -7.803972252044503 ], [ 109.725588132873554, -7.803965315857511 ], [ 109.725602271138882, -7.803951520385965 ], [ 109.725609377994772, -7.803944661102435 ], [ 109.725637952916088, -7.803917381034466 ], [ 109.72564513437294, -7.803910599470555 ], [ 109.725659571030633, -7.803897114872484 ], [ 109.725666826231361, -7.803890411838324 ], [ 109.72572514202551, -7.80383712070568 ], [ 109.725728796901194, -7.803833798984385 ], [ 109.725736124748323, -7.803827175484685 ], [ 109.725739797716187, -7.803823873709291 ], [ 109.72575452542344, -7.803810706811134 ], [ 109.725758216414931, -7.803807425042976 ], [ 109.725765616274714, -7.803800881645373 ], [ 109.725769325145222, -7.803797620013711 ], [ 109.725799065057799, -7.803771609749276 ], [ 109.725802791484284, -7.803768368534008 ], [ 109.725810261996685, -7.803761906427042 ], [ 109.725814006081862, -7.803758685535854 ], [ 109.725829017327271, -7.803745842973115 ], [ 109.725832778505151, -7.80374264288622 ], [ 109.725840318279097, -7.803736263233077 ], [ 109.725844095917921, -7.803733084467922 ], [ 109.725847894493256, -7.803729923294895 ], [ 109.725855506970106, -7.80372362325096 ], [ 109.725859321831422, -7.803720483577081 ], [ 109.725874613324152, -7.803707968274978 ], [ 109.725878444815862, -7.803704849796873 ], [ 109.725886124791828, -7.80369863373528 ], [ 109.725889973274946, -7.803695536152532 ], [ 109.725920824452544, -7.803670842796464 ], [ 109.725924689578733, -7.803667766385843 ], [ 109.725932436596338, -7.803661634636342 ], [ 109.725936318488323, -7.803658579297064 ], [ 109.725951879133504, -7.803646400439675 ], [ 109.725955777677086, -7.80364336626161 ], [ 109.725963591303241, -7.803637319154745 ], [ 109.725967506385928, -7.803634306225604 ], [ 109.726030257435411, -7.803586286632594 ], [ 109.726038136486409, -7.803580325076041 ], [ 109.726053959327771, -7.803568488027793 ], [ 109.726061903119898, -7.803562612534733 ], [ 109.726093803953006, -7.803539285495845 ], [ 109.726101811523222, -7.803533496777732 ], [ 109.726117889514057, -7.803522006787318 ], [ 109.726125959933995, -7.803516305515984 ], [ 109.726190751493277, -7.803471061355651 ], [ 109.726198883785628, -7.803465448219583 ], [ 109.726215209283737, -7.803454310746304 ], [ 109.726223402488415, -7.803448786409831 ], [ 109.726256293213453, -7.803426869289467 ], [ 109.72626454635116, -7.803421434412712 ], [ 109.726281111579283, -7.803410654764605 ], [ 109.7262894236693, -7.803405309993593 ], [ 109.726356132406011, -7.803362927388605 ], [ 109.72636031015071, -7.803360289052932 ], [ 109.726368680004498, -7.803355035145501 ], [ 109.72637287211785, -7.803352419571183 ], [ 109.726389668782133, -7.803342003123703 ], [ 109.726393875113274, -7.803339410404419 ], [ 109.726402301922008, -7.803334247864882 ], [ 109.726406522396815, -7.803331678046675 ], [ 109.726440339562259, -7.803311213047436 ], [ 109.726444573806873, -7.803308666355065 ], [ 109.726453056162484, -7.803303596036528 ], [ 109.726457304272401, -7.803301072410875 ], [ 109.726474323930802, -7.803291024344219 ], [ 109.726478585354926, -7.803288524107757 ], [ 109.726487545135228, -7.803284190691272 ], [ 109.726491823447873, -7.803281733367328 ], [ 109.726496028935912, -7.803279145906231 ], [ 109.726504507445156, -7.803274087130262 ], [ 109.726508742255362, -7.803271548021087 ], [ 109.7265172141731, -7.803266484177414 ], [ 109.72652582812924, -7.803261633134127 ], [ 109.72653018037596, -7.80325929783055 ], [ 109.726538905132884, -7.803254662184258 ], [ 109.726543271016737, -7.803252350122989 ], [ 109.726578094477304, -7.803233632825993 ], [ 109.726582456280141, -7.803231310030924 ], [ 109.726591353821334, -7.803227008735576 ], [ 109.726595187958594, -7.80322366905574 ], [ 109.726612632623699, -7.803214370025955 ], [ 109.726617000212286, -7.803212057095209 ], [ 109.726625747969479, -7.803207455027746 ], [ 109.726630128139846, -7.803205165890176 ], [ 109.726700286877815, -7.803168742822606 ], [ 109.72670908423305, -7.803164236302393 ], [ 109.726726727716709, -7.803155319228892 ], [ 109.726735573844053, -7.803150908676344 ], [ 109.726771051659455, -7.803133460499225 ], [ 109.726779945500653, -7.803129146441677 ], [ 109.726797779833419, -7.803120615337491 ], [ 109.72680672032584, -7.803116398290513 ], [ 109.726878405320861, -7.803083061860718 ], [ 109.726887391404887, -7.8030789423226 ], [ 109.726905408101118, -7.80307080124436 ], [ 109.726914438713152, -7.803066779704466 ], [ 109.726950645893339, -7.803050891451448 ], [ 109.72695971994824, -7.803046968392323 ], [ 109.726977910432197, -7.803039221217432 ], [ 109.726987026859661, -7.803035397102349 ], [ 109.727060101659731, -7.803005210765548 ], [ 109.727064675350675, -7.803003335983874 ], [ 109.727073832902192, -7.802999611331984 ], [ 109.727078416760435, -7.802997761462677 ], [ 109.727096772063305, -7.802990411996234 ], [ 109.727101365994429, -7.802988587077266 ], [ 109.727110563745782, -7.80298496226294 ], [ 109.727115167569593, -7.802983162366104 ], [ 109.727152034563346, -7.802968864507534 ], [ 109.727156648015864, -7.802967089734125 ], [ 109.727165884549038, -7.802963565309824 ], [ 109.727170507626397, -7.80296181566024 ], [ 109.727189018691092, -7.802954867495203 ], [ 109.727193650965887, -7.802953143128036 ], [ 109.727202924870937, -7.802949719614844 ], [ 109.727207565877961, -7.802948020694885 ], [ 109.727212218452109, -7.802946346200315 ], [ 109.727221531444968, -7.802943022994157 ], [ 109.727226192493447, -7.802941374054058 ], [ 109.727244853020977, -7.802934829603316 ], [ 109.727249522691466, -7.802933206156524 ], [ 109.727258870854087, -7.802929984683828 ], [ 109.727263549343832, -7.802928386659005 ], [ 109.727301007856568, -7.802915705733994 ], [ 109.727305694847985, -7.802914133237778 ], [ 109.727315077369951, -7.802911013760308 ], [ 109.727319772901581, -7.802909466778829 ], [ 109.727338571513314, -7.802903330077015 ], [ 109.727343275422015, -7.802901808663648 ], [ 109.72735269150968, -7.802898791439929 ], [ 109.727357403686256, -7.802897295630203 ], [ 109.72743283841902, -7.802873575754006 ], [ 109.72744228678539, -7.802870661192173 ], [ 109.727461214836865, -7.802864935025468 ], [ 109.727470694520207, -7.802862123420994 ], [ 109.727508671368753, -7.802851084243855 ], [ 109.727518181244136, -7.802848375930012 ], [ 109.727537230040809, -7.802843062919806 ], [ 109.727546768962611, -7.802840458223159 ], [ 109.727623169332389, -7.80282004240479 ], [ 109.727632736183864, -7.80281754162877 ], [ 109.727651896664554, -7.802812644300275 ], [ 109.727661490294281, -7.802810247747573 ], [ 109.727699913815684, -7.802800871106285 ], [ 109.727709533084465, -7.80279857906072 ], [ 109.727728796125575, -7.8027940997477 ], [ 109.727738439898985, -7.802791912480188 ], [ 109.727815660476324, -7.802774839581559 ], [ 109.727820491141074, -7.802773785331965 ], [ 109.727830158175891, -7.80277170312155 ], [ 109.727834994543798, -7.802770675161014 ], [ 109.727854350813629, -7.802766616025508 ], [ 109.72785919273764, -7.802765614385294 ], [ 109.727868881973734, -7.802763637460259 ], [ 109.727873729284738, -7.802762662175439 ], [ 109.727912526006492, -7.802754965974884 ], [ 109.727917378514007, -7.80275401708252 ], [ 109.727927088629599, -7.802752145709178 ], [ 109.727931946235799, -7.802751223228313 ], [ 109.727951386354277, -7.802747586221869 ], [ 109.727956248780117, -7.802746690203776 ], [ 109.727965978449504, -7.802744924629508 ], [ 109.727970845363643, -7.8027440551312 ], [ 109.727975373166998, -7.802743270713052 ], [ 109.727984432018843, -7.802741724891462 ], [ 109.727988963400662, -7.802740963429358 ], [ 109.728007095696512, -7.802737963550499 ], [ 109.72801163073143, -7.80273722502784 ], [ 109.72802070451155, -7.802735770911568 ], [ 109.728025243258344, -7.802735055317669 ], [ 109.728061564429311, -7.802729422850007 ], [ 109.728066106645372, -7.802728730222384 ], [ 109.728075194558869, -7.802727367930743 ], [ 109.728079740258863, -7.802726698266724 ], [ 109.728097929466344, -7.802724065619088 ], [ 109.728102478494691, -7.802723418941355 ], [ 109.728111579785434, -7.802722148585531 ], [ 109.728116132042885, -7.802721524908236 ], [ 109.728188972783244, -7.802711732923683 ], [ 109.7281980864351, -7.802710554642999 ], [ 109.728216325249662, -7.802708290266764 ], [ 109.728225450412481, -7.802707204171213 ], [ 109.728261970315884, -7.802703044597706 ], [ 109.728271106050897, -7.8027020507987 ], [ 109.728289387141672, -7.802700155601201 ], [ 109.728298532496865, -7.802699254202707 ], [ 109.728371711347449, -7.802692414729449 ], [ 109.728380865400027, -7.802691605820939 ], [ 109.728399181254304, -7.802690080579055 ], [ 109.728408343056799, -7.802689364245737 ], [ 109.728445002003809, -7.802686684346099 ], [ 109.728454170619386, -7.802686060660619 ], [ 109.728472513710869, -7.802684906002924 ], [ 109.728481688185525, -7.802684375030765 ], [ 109.7285550848718, -7.802680499309758 ], [ 109.728559674021994, -7.802680268607276 ], [ 109.728568853429124, -7.802679830400564 ], [ 109.728573443689015, -7.802679622896164 ], [ 109.728591806481916, -7.80267883929497 ], [ 109.728596397725028, -7.802678654994224 ], [ 109.728605581111879, -7.802678309599571 ], [ 109.72861017325522, -7.802678148505777 ], [ 109.728646910995735, -7.802676952683157 ], [ 109.728651503884805, -7.802676814801714 ], [ 109.728660690315451, -7.802676562254135 ], [ 109.728665283857367, -7.802676447587999 ], [ 109.728683658802652, -7.802676035366687 ], [ 109.728688252847462, -7.802675943919496 ], [ 109.728697441359657, -7.802675784245594 ], [ 109.728702063074195, -7.802675715683677 ], [ 109.728720735403328, -7.80267548667922 ], [ 109.728726322358909, -7.802675426462997 ], [ 109.728734723293599, -7.802675348826881 ], [ 109.728740323983288, -7.802675305695459 ], [ 109.728754325832028, -7.802675219432501 ], [ 109.728759951120708, -7.802675193478649 ], [ 109.728768727272268, -7.802675167101484 ], [ 109.728775351200341, -7.802675159052455 ], [ 109.728778492570541, -7.802675160416641 ], [ 109.7287848050766, -7.802675171350813 ], [ 109.72879489896269, -7.802675203620936 ], [ 109.7288020652706, -7.802675237780079 ], [ 109.728813261780431, -7.802675308069183 ], [ 109.728817897156603, -7.802675345137118 ], [ 109.728825450255727, -7.802675418352408 ], [ 109.728829973287475, -7.802675469712938 ], [ 109.728843542090431, -7.802675646298098 ], [ 109.728848064933686, -7.802675712661369 ], [ 109.72885560281992, -7.802675835768412 ], [ 109.728860125450922, -7.802675917134138 ], [ 109.72888575203956, -7.802676420693217 ], [ 109.728890274324499, -7.802676517058728 ], [ 109.728897811221827, -7.80267669016888 ], [ 109.7289023331968, -7.802676801535256 ], [ 109.728915898446189, -7.80267715813028 ], [ 109.72892042003906, -7.802677284495928 ], [ 109.728927955598465, -7.802677507601402 ], [ 109.728932476695718, -7.802677648962799 ], [ 109.728951086956954, -7.802678262913389 ], [ 109.728958736201207, -7.802678536274698 ], [ 109.728971483587145, -7.802679027652573 ], [ 109.728979131189647, -7.802679343944533 ], [ 109.729002070792603, -7.802680357184329 ], [ 109.72900971649284, -7.802680716396026 ], [ 109.729022457543351, -7.802681350839748 ], [ 109.729030101083765, -7.802681752959415 ], [ 109.729073404476651, -7.802684152994573 ], [ 109.729081045627652, -7.802684598009478 ], [ 109.729093778689901, -7.802685375435772 ], [ 109.729101417200695, -7.802685863331646 ], [ 109.729124328125408, -7.802687391298434 ], [ 109.729131963755322, -7.802687922059761 ], [ 109.729144687237635, -7.802688842371765 ], [ 109.729152319773846, -7.802689415983934 ], [ 109.729168975368452, -7.802690714209461 ], [ 109.72917540556773, -7.802691230919265 ], [ 109.729186120460042, -7.802692117446554 ], [ 109.729192548132289, -7.802692664569349 ], [ 109.729211826924541, -7.802694351520245 ], [ 109.729218251892803, -7.802694929040968 ], [ 109.729228957855184, -7.802695916901087 ], [ 109.729235380025159, -7.80269652481104 ], [ 109.729271761995506, -7.802700055505113 ], [ 109.72927818119507, -7.80270069378787 ], [ 109.729288877291879, -7.802701782894019 ], [ 109.729295293394728, -7.802702451537357 ], [ 109.729314536604761, -7.802704502960296 ], [ 109.729320949441785, -7.802705201946424 ], [ 109.72933163469537, -7.802706392199582 ], [ 109.729338044157487, -7.802707121516676 ], [ 109.729347087854251, -7.802708171798429 ], [ 109.729352233286818, -7.802708779527165 ], [ 109.729360807066882, -7.802709808699717 ], [ 109.729365093086983, -7.802710330617685 ], [ 109.729390981517042, -7.802714182844682 ], [ 109.729416696031649, -7.802717214806023 ], [ 109.729420982998136, -7.802717724373622 ], [ 109.729428268716674, -7.802718597203864 ], [ 109.729437155254573, -7.802719706494997 ], [ 109.729440578320123, -7.802720150925893 ], [ 109.729456157714083, -7.802722310882984 ], [ 109.729470252037459, -7.802724389593209 ], [ 109.729474522724217, -7.802725023541825 ], [ 109.729482208784191, -7.802726171939469 ], [ 109.729486051348488, -7.802726749594171 ], [ 109.72949261798567, -7.802727761671179 ], [ 109.72949847876032, -7.802728686899684 ], [ 109.729507310651798, -7.802730160462204 ], [ 109.729523317760652, -7.802732170916158 ], [ 109.729527247187605, -7.802732784866123 ], [ 109.729535104053866, -7.802734025136999 ], [ 109.72953981684276, -7.802734777545652 ], [ 109.729566514431099, -7.802739087813165 ], [ 109.729571224683525, -7.802739856734604 ], [ 109.729579072829665, -7.802741152005467 ], [ 109.729583780362191, -7.802741937410701 ], [ 109.729598031093246, -7.802744340907054 ], [ 109.729603530081022, -7.802745279828514 ], [ 109.729612601541589, -7.802746847904302 ], [ 109.72961744639889, -7.802747695016706 ], [ 109.729619673792456, -7.802748088576152 ], [ 109.729628098864112, -7.802749589305392 ], [ 109.729641195511078, -7.802751948864682 ], [ 109.729650411818625, -7.802753628961682 ], [ 109.729662049598971, -7.802755774095488 ], [ 109.72966828481043, -7.802756938527466 ], [ 109.72967838226981, -7.802758848501867 ], [ 109.72968442327948, -7.80276000533928 ], [ 109.729702538186018, -7.802763516677146 ], [ 109.729708573903736, -7.802764700755745 ], [ 109.729718628881358, -7.802766696893514 ], [ 109.729724659135741, -7.80276790817976 ], [ 109.729758813288981, -7.802774848855734 ], [ 109.729764838007668, -7.802776087334905 ], [ 109.729774874484406, -7.802778174105583 ], [ 109.729780893529721, -7.802779439749713 ], [ 109.729798941791273, -7.802783277352546 ], [ 109.729804955024065, -7.802784570132303 ], [ 109.729814972171141, -7.802786747364507 ], [ 109.729820979502506, -7.802788067260963 ], [ 109.729830746757273, -7.802790236218414 ], [ 109.729836333675564, -7.802791489281105 ], [ 109.729845640788653, -7.802793597267964 ], [ 109.729851222398679, -7.802794873787946 ], [ 109.729867958937632, -7.802798738457852 ], [ 109.729873535095805, -7.802800038402097 ], [ 109.729882824109438, -7.802802224486754 ], [ 109.729888394766988, -7.802803547844064 ], [ 109.72991994441486, -7.802811112769291 ], [ 109.729925509429279, -7.802812459505901 ], [ 109.729934779645532, -7.80281472352425 ], [ 109.72994033888358, -7.802816093607873 ], [ 109.729957007813994, -7.802820238848994 ], [ 109.729962561254354, -7.802821632274288 ], [ 109.729971812026236, -7.802823974068417 ], [ 109.729977359522707, -7.80282539079883 ], [ 109.729986998348636, -7.802827873993351 ], [ 109.729992634243786, -7.802829338760603 ], [ 109.730002022156782, -7.802831800097067 ], [ 109.730007651744415, -7.802833288930174 ], [ 109.730024530656067, -7.80283779142502 ], [ 109.730030153779865, -7.80283930428277 ], [ 109.730039520195987, -7.802841845713658 ], [ 109.73004513676716, -7.802843382571837 ], [ 109.73007600856721, -7.802851899853067 ], [ 109.730087142387674, -7.802855048398101 ], [ 109.730109368819569, -7.802861486957113 ], [ 109.730120461428726, -7.802864776970296 ], [ 109.730156539943607, -7.802875728102833 ], [ 109.730169368363363, -7.802879554776382 ], [ 109.730176924608259, -7.802881825591726 ], [ 109.730210392628237, -7.802891962606509 ], [ 109.730217642327432, -7.802894180484657 ], [ 109.730229690812109, -7.802897903123949 ], [ 109.7302369136778, -7.802900156769454 ], [ 109.730242872008489, -7.802902032193117 ], [ 109.730252640712933, -7.802903329112269 ], [ 109.730259203881246, -7.802904212112026 ], [ 109.730269046184958, -7.802905554537404 ], [ 109.730275622317833, -7.802906463712247 ], [ 109.730296562399474, -7.802909398935185 ], [ 109.730305626464201, -7.80291069222676 ], [ 109.730319241923894, -7.802912669924069 ], [ 109.730328315535587, -7.802914011282439 ], [ 109.730350990706143, -7.80291742184329 ], [ 109.730360057429152, -7.802918808963625 ], [ 109.730373652155379, -7.802920923936995 ], [ 109.730382695768355, -7.802922354214957 ], [ 109.730403578286484, -7.802925709592671 ], [ 109.730410182363926, -7.802926783574492 ], [ 109.730420061625068, -7.802928408847492 ], [ 109.730426645786395, -7.802929504450219 ], [ 109.730443101075252, -7.802932273662179 ], [ 109.7304496814902, -7.802933393488161 ], [ 109.73045954917967, -7.802935091375957 ], [ 109.730466506319203, -7.802936302095134 ], [ 109.730470598342322, -7.802937023128322 ], [ 109.730476466352002, -7.802938067797015 ], [ 109.730486709405909, -7.802939909857571 ], [ 109.730493593193273, -7.802941161375827 ], [ 109.730510797250474, -7.802944323403381 ], [ 109.730517676509805, -7.802945601471947 ], [ 109.730527991649126, -7.802947538423552 ], [ 109.730534845174702, -7.802948838981592 ], [ 109.730554224489026, -7.802952554132901 ], [ 109.730558493998217, -7.802953379870303 ], [ 109.730565573129468, -7.802954760715295 ], [ 109.730569819295511, -7.802955595964193 ], [ 109.730582553659303, -7.802958121898087 ], [ 109.730586797134379, -7.802958970618022 ], [ 109.730593867303185, -7.802960396367723 ], [ 109.730598108020331, -7.802961258545281 ], [ 109.730622130427321, -7.802966182242642 ], [ 109.730626368406888, -7.802967057881688 ], [ 109.730633429342561, -7.802968528481472 ], [ 109.730637664483652, -7.802969417561485 ], [ 109.730650365583188, -7.802972104948878 ], [ 109.730654597859257, -7.802973007464175 ], [ 109.730661649240574, -7.802974522847023 ], [ 109.730665905292483, -7.802975444612173 ], [ 109.730685423275077, -7.802979705665109 ], [ 109.730693196143307, -7.802981419892433 ], [ 109.730704889677781, -7.802984025647163 ], [ 109.730712681508066, -7.80298577993608 ], [ 109.730732151178017, -7.80299020839675 ], [ 109.73073993520677, -7.802991996904609 ], [ 109.730751605237401, -7.802994705293656 ], [ 109.730759404708522, -7.802996533525004 ], [ 109.730772140708154, -7.802999549530966 ], [ 109.73078170847549, -7.803001841879734 ], [ 109.730796085831514, -7.803005327738447 ], [ 109.730805664392562, -7.803007677642483 ], [ 109.730829594301838, -7.803013617240879 ], [ 109.73083915989173, -7.803016019071094 ], [ 109.730853498342185, -7.803019660709253 ], [ 109.730863010589189, -7.803022103982869 ], [ 109.730882883872084, -7.803027263873389 ], [ 109.73088842551158, -7.803028715638447 ], [ 109.730897589708093, -7.803031137013079 ], [ 109.730903085188118, -7.803032601307905 ], [ 109.730919562181555, -7.803037028513813 ], [ 109.730925051457461, -7.803038515714377 ], [ 109.730934195045904, -7.803041013461211 ], [ 109.730939678043626, -7.803042523547902 ], [ 109.730970728989973, -7.80305114510827 ], [ 109.730976205613558, -7.803052678054144 ], [ 109.730985327893393, -7.803055251981448 ], [ 109.730990798010168, -7.803056807749499 ], [ 109.731007198430575, -7.803061509238091 ], [ 109.731012661984437, -7.803063087812234 ], [ 109.731021762362332, -7.803065737752263 ], [ 109.731027219268015, -7.803067339108111 ], [ 109.731045208807814, -7.803072658804979 ], [ 109.731050058336962, -7.80307410271547 ], [ 109.731058136368517, -7.803076524223343 ], [ 109.731062980489696, -7.80307798612597 ], [ 109.731077504509415, -7.80308239875194 ], [ 109.731082343135427, -7.803083878620328 ], [ 109.731090402873178, -7.803086360021041 ], [ 109.731095235927171, -7.803087857831542 ], [ 109.731122606493386, -7.803096395963678 ], [ 109.731127433947563, -7.803097911707823 ], [ 109.731135474945859, -7.803100452863589 ], [ 109.731140296687443, -7.803101986505737 ], [ 109.731154753235728, -7.80310661424528 ], [ 109.731159569244141, -7.803108165779122 ], [ 109.731167591048518, -7.803110766546808 ], [ 109.731172401198648, -7.803112335932042 ], [ 109.731181950964981, -7.803115471126944 ], [ 109.731186158246771, -7.803116860046657 ], [ 109.731193166591083, -7.803119186303775 ], [ 109.731197369322558, -7.803120588892682 ], [ 109.731209970511827, -7.803124817103082 ], [ 109.731214168614656, -7.803126233334865 ], [ 109.731221161598796, -7.803128605091388 ], [ 109.731225355060758, -7.803130034962237 ], [ 109.731249104098538, -7.803138175943275 ], [ 109.731253292864835, -7.80313961943375 ], [ 109.731260270217376, -7.803142036597478 ], [ 109.731264454250777, -7.803143493695359 ], [ 109.731277014619138, -7.803147890808418 ], [ 109.7312812869597, -7.803149394428658 ], [ 109.731288428040841, -7.803151921076847 ], [ 109.7312928851523, -7.803153506770627 ], [ 109.731305555180541, -7.803158040390429 ], [ 109.731316871402441, -7.803162115710848 ], [ 109.731319133975887, -7.803162934166721 ], [ 109.731323367698963, -7.80316447396649 ], [ 109.731331610686766, -7.803167489172324 ], [ 109.731336630032217, -7.803169336438089 ], [ 109.731351410925697, -7.80317480918319 ], [ 109.731356358967332, -7.803176652154548 ], [ 109.731364599710901, -7.803179739739903 ], [ 109.731369540573553, -7.803181601875622 ], [ 109.731395178081129, -7.803191320892779 ], [ 109.731399686928967, -7.803193039333735 ], [ 109.731407196557484, -7.803195916693369 ], [ 109.731411699231614, -7.803197651071571 ], [ 109.731425197939188, -7.803202878090246 ], [ 109.731429694454164, -7.803204628411038 ], [ 109.731437183416517, -7.80320755886072 ], [ 109.731441673650465, -7.803209325077034 ], [ 109.731451307389932, -7.803213134869054 ], [ 109.731457470573503, -7.803215589117372 ], [ 109.731467732488568, -7.803219704505125 ], [ 109.731473883590752, -7.803222188717257 ], [ 109.731492318362882, -7.803229686131999 ], [ 109.731498457239468, -7.803232200249454 ], [ 109.73150854951831, -7.803236361987729 ], [ 109.73152466664834, -7.803240622186593 ], [ 109.731534320949208, -7.803243116573753 ], [ 109.731548792019566, -7.803246897853114 ], [ 109.731558397767969, -7.803249435899772 ], [ 109.731574103793776, -7.803253629068877 ], [ 109.731594155936648, -7.803258673782068 ], [ 109.731601578962398, -7.803260554090173 ], [ 109.731612004556666, -7.8032632136796 ], [ 109.731619444991907, -7.803265125153587 ], [ 109.731680090999987, -7.80328081559702 ], [ 109.731688691892771, -7.803283063158631 ], [ 109.731701579025355, -7.803286464480891 ], [ 109.731710164311266, -7.803288752875062 ], [ 109.731731613167142, -7.803294526229649 ], [ 109.731740187085393, -7.803296856551185 ], [ 109.731753039353123, -7.80330038345619 ], [ 109.731761566000046, -7.803302745666258 ], [ 109.731779312199421, -7.80330770674118 ], [ 109.731783441936159, -7.803308868649538 ], [ 109.731790262123752, -7.803310799111443 ], [ 109.731794352383076, -7.80331196376045 ], [ 109.731806416025961, -7.803316064073726 ], [ 109.731810555355366, -7.803317212438287 ], [ 109.731817382598706, -7.803319112972417 ], [ 109.731821477967173, -7.803320256465383 ], [ 109.731844678783204, -7.803326754030877 ], [ 109.731848772122021, -7.803327903848015 ], [ 109.731855589358759, -7.803329835273075 ], [ 109.731859648409113, -7.803331098527565 ], [ 109.731871815193131, -7.803334926835987 ], [ 109.731875869920486, -7.803336206145104 ], [ 109.731882626317542, -7.803338343659334 ], [ 109.731886679274623, -7.803339629369987 ], [ 109.731895422232128, -7.803342410418566 ], [ 109.731899660639215, -7.80334376241251 ], [ 109.731907684111093, -7.803346235024151 ], [ 109.731915851281485, -7.803347028046176 ], [ 109.731924892680581, -7.803348350965621 ], [ 109.731938449765096, -7.803350369425232 ], [ 109.731947478420068, -7.803351736852676 ], [ 109.731968725717707, -7.803355009003099 ], [ 109.731976907211219, -7.803356288234966 ], [ 109.731989166021378, -7.803358233596441 ], [ 109.731997335607787, -7.80335954910413 ], [ 109.732017751760679, -7.803362884303681 ], [ 109.732025915878921, -7.803364237086669 ], [ 109.732038171553597, -7.8033662965384 ], [ 109.732046388683727, -7.803367696708847 ], [ 109.732068061256086, -7.803371439877537 ], [ 109.732077022296494, -7.803373002888861 ], [ 109.73208171622656, -7.803373830476573 ], [ 109.732106290199795, -7.803378521395871 ], [ 109.732110393008043, -7.803379209615116 ], [ 109.732117446004622, -7.803380421275222 ], [ 109.732122101165885, -7.803381252372901 ], [ 109.732131407745726, -7.803382938893265 ], [ 109.732136058830747, -7.803383794257456 ], [ 109.732146753949849, -7.803385789937465 ], [ 109.732155794972527, -7.803387524395703 ], [ 109.732173858889837, -7.803391084780856 ], [ 109.732182881783217, -7.803392910707373 ], [ 109.732188948458713, -7.803394171548518 ], [ 109.732194869054126, -7.803395414632007 ], [ 109.732204453843224, -7.803397438099523 ], [ 109.732235904011077, -7.803403531658546 ], [ 109.732251415876647, -7.803406679181933 ], [ 109.732269422158254, -7.803410497345681 ], [ 109.732274805592397, -7.803411649963664 ], [ 109.732283773996528, -7.803413589088507 ], [ 109.732289152675207, -7.803414763426133 ], [ 109.732305281426875, -7.803418318985621 ], [ 109.732310655285914, -7.803419515028963 ], [ 109.73231960767032, -7.803421526515478 ], [ 109.732324976680843, -7.803422744258285 ], [ 109.732355385621418, -7.80342970589038 ], [ 109.732360749611928, -7.803430945293428 ], [ 109.732369685355479, -7.803433029002463 ], [ 109.732375044262369, -7.803434290051257 ], [ 109.732391113163942, -7.803438105620273 ], [ 109.732396466911268, -7.803439388296795 ], [ 109.732405385484526, -7.803441544104885 ], [ 109.732410771055982, -7.803442857509538 ], [ 109.732430916209466, -7.803447815491211 ], [ 109.73244013660792, -7.803450109493383 ], [ 109.732454013569736, -7.80345360057953 ], [ 109.732463258718042, -7.803455952238039 ], [ 109.732486355712922, -7.803461891931306 ], [ 109.732495588348172, -7.80346429207583 ], [ 109.732509432914583, -7.80346792998597 ], [ 109.732518705951293, -7.803470392822533 ], [ 109.732541028584478, -7.803476384770079 ], [ 109.732551505325034, -7.803479223709701 ], [ 109.732566211207768, -7.803483246337578 ], [ 109.73257632414294, -7.803486037826474 ], [ 109.732592889716784, -7.803490635462936 ], [ 109.732595669402201, -7.803491357149596 ], [ 109.732604208260568, -7.803493589829145 ], [ 109.73262858808971, -7.803500031659382 ], [ 109.732638332971987, -7.803502635482687 ], [ 109.73265293926039, -7.803506581731881 ], [ 109.732662628927073, -7.803509228391647 ], [ 109.732683177076751, -7.803514900383618 ], [ 109.732689771471314, -7.803516738972689 ], [ 109.732700686953137, -7.803519811897218 ], [ 109.732707231611471, -7.80352167199203 ], [ 109.732726851226175, -7.80352730116266 ], [ 109.732733386455436, -7.803529193889631 ], [ 109.732744270538774, -7.803532375597058 ], [ 109.732750796187588, -7.803534300912588 ], [ 109.732787745139774, -7.803545302599275 ], [ 109.73279426106518, -7.803547260460732 ], [ 109.732805112674384, -7.803550550636032 ], [ 109.732811618680216, -7.803552540984811 ], [ 109.73283112140183, -7.803558560634428 ], [ 109.732837617345297, -7.803560583426815 ], [ 109.732848435392782, -7.803563981740524 ], [ 109.73285492110108, -7.803566036922973 ], [ 109.732865408514158, -7.803569388822552 ], [ 109.732871501985812, -7.803571352254437 ], [ 109.732881650017589, -7.803574648476399 ], [ 109.732887734170845, -7.803576640506776 ], [ 109.732905972185335, -7.803582659341089 ], [ 109.732912046842216, -7.803584679911182 ], [ 109.732922163280705, -7.803588071285901 ], [ 109.732928228328774, -7.803590120358365 ], [ 109.732943163086873, -7.803595203853092 ], [ 109.732945691656255, -7.803595578480099 ], [ 109.732950725071873, -7.803596332228892 ], [ 109.732965821000278, -7.803598621643914 ], [ 109.732970851572361, -7.80359939417724 ], [ 109.732979233435742, -7.803600697378556 ], [ 109.732984261091701, -7.803601488685558 ], [ 109.733012743540314, -7.803606026059924 ], [ 109.733017779602164, -7.803606837988184 ], [ 109.733026170472726, -7.803608206897934 ], [ 109.733031203438088, -7.803609037658646 ], [ 109.733046300911042, -7.803611558734247 ], [ 109.7330513510841, -7.803612411796507 ], [ 109.733059771429055, -7.803613850424142 ], [ 109.733064866035079, -7.803614730782556 ], [ 109.733076891438657, -7.803616832269768 ], [ 109.733080600824167, -7.803617487224699 ], [ 109.733088168437007, -7.803618836426779 ], [ 109.733102040508129, -7.803621342340819 ], [ 109.733111377667626, -7.80362305403969 ], [ 109.733134699510231, -7.803627392400927 ], [ 109.733144029753987, -7.803629153248721 ], [ 109.73315801815022, -7.803631831059306 ], [ 109.733167293339363, -7.803633631620073 ], [ 109.733179253260971, -7.803635983785853 ], [ 109.733184535783323, -7.803637031645621 ], [ 109.733192388639964, -7.80363860146349 ], [ 109.733197622333989, -7.803639655695576 ], [ 109.733210702618919, -7.803642310475141 ], [ 109.733215933152792, -7.80364338006666 ], [ 109.733223779649961, -7.803644996609478 ], [ 109.733229052072602, -7.803646090980465 ], [ 109.733258778689333, -7.803652308751737 ], [ 109.733268557996155, -7.803654376117152 ], [ 109.733282300036365, -7.803657312804773 ], [ 109.733292038108573, -7.803659416180722 ], [ 109.733312707388734, -7.803663925861883 ], [ 109.733316643081707, -7.80366479091731 ], [ 109.733324688475761, -7.803666574077056 ], [ 109.733339385395368, -7.803669869039538 ], [ 109.733349259514682, -7.803672111433059 ], [ 109.733373928627088, -7.80367778604716 ], [ 109.733383790023424, -7.803680083397012 ], [ 109.733398572384544, -7.803683570594671 ], [ 109.733408379407479, -7.80368591283468 ], [ 109.733428907207212, -7.803690873882829 ], [ 109.733435011040342, -7.803692364434085 ], [ 109.733445109391312, -7.803694855122728 ], [ 109.733451164948633, -7.803696363398274 ], [ 109.733469320999518, -7.803700929745901 ], [ 109.733475369582493, -7.803702465729089 ], [ 109.733485444603446, -7.803705048756115 ], [ 109.73349148603802, -7.803706612403118 ], [ 109.7335256985981, -7.803715550931884 ], [ 109.733531732776783, -7.803717142214452 ], [ 109.733541783585508, -7.803719817353112 ], [ 109.733547810370226, -7.803721436235151 ], [ 109.733565879301466, -7.803726334190401 ], [ 109.733571898577736, -7.803727980640986 ], [ 109.733581924355121, -7.803730747673683 ], [ 109.73358793600994, -7.803732421662119 ], [ 109.733606302224644, -7.803737580550205 ], [ 109.733610427776455, -7.803738746527472 ], [ 109.733617300614355, -7.803740700630669 ], [ 109.733621422495332, -7.803741879584834 ], [ 109.733633782413619, -7.803745435850942 ], [ 109.733637900499048, -7.803746627746534 ], [ 109.733644760873176, -7.803748625041123 ], [ 109.733648875226834, -7.803749829896333 ], [ 109.733672178356017, -7.803756693845116 ], [ 109.73367628884165, -7.803757911620266 ], [ 109.733683136443062, -7.803759952016549 ], [ 109.73368724308591, -7.803761182719086 ], [ 109.733699557039358, -7.803764894154369 ], [ 109.733703659743639, -7.803766137755588 ], [ 109.733710494301079, -7.803768221172732 ], [ 109.733714621097761, -7.803769486314877 ], [ 109.733733850696296, -7.80377541625802 ], [ 109.733741755054723, -7.80377787286028 ], [ 109.733753645159993, -7.803781597918089 ], [ 109.73376156618292, -7.803784099398001 ], [ 109.733781354052439, -7.803790398240039 ], [ 109.733789263494941, -7.803792935887941 ], [ 109.733801118834208, -7.803796769440851 ], [ 109.733808029656871, -7.803799020345025 ], [ 109.733827883688036, -7.803805744911188 ], [ 109.733845715162659, -7.803812014704647 ], [ 109.733855624205489, -7.803815307705293 ], [ 109.733874480985605, -7.803821366504962 ], [ 109.733881811658932, -7.803823729960811 ], [ 109.733900584947094, -7.803830011478681 ], [ 109.733911348578147, -7.803833743880546 ], [ 109.733917557000893, -7.803835921937036 ], [ 109.733922178740499, -7.803837562172077 ], [ 109.733924937984739, -7.803838552560308 ], [ 109.733929207713288, -7.8038393254173 ], [ 109.733933493543816, -7.803840107911697 ], [ 109.733940304880889, -7.803841362712774 ], [ 109.73394437373139, -7.803842118700231 ], [ 109.733956277286723, -7.803844349034819 ], [ 109.733960238184807, -7.803845097248825 ], [ 109.733966837775029, -7.80384635401964 ], [ 109.733970796410574, -7.803847113935376 ], [ 109.733993221822857, -7.803851453192692 ], [ 109.733997178223376, -7.803852224815273 ], [ 109.734003770247568, -7.803853520586927 ], [ 109.73400772428198, -7.803854303890944 ], [ 109.734019582918563, -7.803856671341919 ], [ 109.734023534639618, -7.803857466337888 ], [ 109.734027559946867, -7.803858277164409 ], [ 109.734029546807278, -7.803858613852583 ], [ 109.734036066340138, -7.803859727119686 ], [ 109.734046460577588, -7.803861523332557 ], [ 109.734055366962195, -7.803863080750261 ], [ 109.734061472163319, -7.803864161109743 ], [ 109.73407327579929, -7.803866272122434 ], [ 109.734094611734406, -7.803870135718796 ], [ 109.734101114564339, -7.803871325963144 ], [ 109.734110540007009, -7.803873068792143 ], [ 109.734116791367683, -7.803874236075842 ], [ 109.73413240918336, -7.803877180589382 ], [ 109.734138654250728, -7.803878369319023 ], [ 109.734148018680344, -7.803880168784019 ], [ 109.734154280017378, -7.803881383354621 ], [ 109.734174258705423, -7.803885296670671 ], [ 109.734183515359859, -7.803887134090871 ], [ 109.734197423717546, -7.803889932409106 ], [ 109.734206691041152, -7.803891822065737 ], [ 109.734229846652283, -7.803896606400201 ], [ 109.73423910398617, -7.803898544246067 ], [ 109.734252982322516, -7.803901487121095 ], [ 109.73426219055051, -7.80390346465316 ], [ 109.734281149782191, -7.803907585447348 ], [ 109.734284963685184, -7.803908420543507 ], [ 109.734291253492586, -7.803909807210232 ], [ 109.734295026225482, -7.80391064456586 ], [ 109.734306340682735, -7.803913172635703 ], [ 109.734310110992681, -7.803914020675791 ], [ 109.734316392770438, -7.803915442967764 ], [ 109.734320160598088, -7.803916301678726 ], [ 109.734341504448537, -7.80392119790929 ], [ 109.734345269907919, -7.803922067317103 ], [ 109.734351543545017, -7.803923525209257 ], [ 109.734355306406314, -7.803924405261341 ], [ 109.734366591318349, -7.803927061435502 ], [ 109.734370351740893, -7.803927952168635 ], [ 109.734376616926454, -7.803929445588722 ], [ 109.734380374739317, -7.803930346962716 ], [ 109.734389767424716, -7.803932614344092 ], [ 109.734394587808993, -7.803933787109202 ], [ 109.734402618189961, -7.803935756329281 ], [ 109.734407434259992, -7.803936946627402 ], [ 109.734421875810028, -7.803940543774615 ], [ 109.734426687509142, -7.803941751591879 ], [ 109.73443470329164, -7.803943779201518 ], [ 109.734439510524339, -7.803945004513992 ], [ 109.734466737884247, -7.803951997270985 ], [ 109.734471540611878, -7.803953240068438 ], [ 109.734479541329108, -7.803955325949403 ], [ 109.734484339458845, -7.803956586208074 ], [ 109.734498726847733, -7.803960393148486 ], [ 109.734503520358373, -7.803961670862805 ], [ 109.734511505595719, -7.803963814907036 ], [ 109.734516294378238, -7.803965110047898 ], [ 109.734534741574919, -7.803970135388795 ], [ 109.734540088607446, -7.80397160364879 ], [ 109.734548995290652, -7.803974068860896 ], [ 109.734554336272311, -7.803975558853836 ], [ 109.734570349910598, -7.803980061367497 ], [ 109.734575684781589, -7.803981573076726 ], [ 109.734584571000312, -7.803984110649253 ], [ 109.734589899598859, -7.803985644028899 ], [ 109.734620076056956, -7.80399439424167 ], [ 109.734625398349976, -7.803995949281727 ], [ 109.734634263516739, -7.803998559046249 ], [ 109.734639579439715, -7.804000135728302 ], [ 109.734655517288957, -7.804004898129563 ], [ 109.734660826678009, -7.804006496404838 ], [ 109.734669670235348, -7.804009178197816 ], [ 109.734674973096617, -7.804010798068589 ], [ 109.73469307927536, -7.804016368779571 ], [ 109.734696791223087, -7.804017516729061 ], [ 109.734702975077937, -7.804019438798548 ], [ 109.734706683739944, -7.804020597327565 ], [ 109.734717804667753, -7.804024088743802 ], [ 109.734721509992369, -7.804025257836372 ], [ 109.734727516220573, -7.804027162191858 ], [ 109.734733384664821, -7.804028317135817 ], [ 109.734744541136308, -7.80403042652398 ], [ 109.734751224988884, -7.804031707565628 ], [ 109.734771266532391, -7.804035600656562 ], [ 109.734777943854908, -7.804036915037273 ], [ 109.734789067185261, -7.804039133434969 ], [ 109.734795737848231, -7.804040481129618 ], [ 109.73483351659155, -7.804048211879831 ], [ 109.734840180383742, -7.804049592845047 ], [ 109.734851280887881, -7.804051922160852 ], [ 109.734857937684978, -7.80405333637151 ], [ 109.734877897071101, -7.804057628761484 ], [ 109.734884546690978, -7.804059076178703 ], [ 109.734895623254658, -7.804061516179274 ], [ 109.734902265497851, -7.804062996759626 ], [ 109.73491216931285, -7.804065230039157 ], [ 109.734918126800721, -7.804066587641444 ], [ 109.734928050810765, -7.804068872550886 ], [ 109.73493400213124, -7.80407025683877 ], [ 109.734951846426895, -7.804074449633674 ], [ 109.734957791420584, -7.804075860569583 ], [ 109.734967694416298, -7.80407823432347 ], [ 109.734973632996457, -7.804079671886939 ], [ 109.735007264855312, -7.804087893054316 ], [ 109.735013196881425, -7.804089357210898 ], [ 109.735023078065069, -7.804091819616701 ], [ 109.735029003462159, -7.804093310348264 ], [ 109.73504676929025, -7.804097822298957 ], [ 109.735052687904101, -7.804099339566449 ], [ 109.73506254654302, -7.804101890442837 ], [ 109.735068458282569, -7.804103434223407 ], [ 109.735077531364936, -7.804106452512997 ], [ 109.735083042211613, -7.804107794721062 ], [ 109.735092171502572, -7.804110164477777 ], [ 109.73509769028442, -7.804111612460872 ], [ 109.735114188577143, -7.804115959997148 ], [ 109.735119686359269, -7.804117414878704 ], [ 109.735128846499094, -7.804119849164465 ], [ 109.735134335531427, -7.804121332078239 ], [ 109.735165185603819, -7.804130603449494 ], [ 109.735170706459428, -7.804131979052215 ], [ 109.735179749177291, -7.804134767800804 ], [ 109.735185418455274, -7.804135770644848 ], [ 109.735201803931204, -7.804140530561256 ], [ 109.73520726246403, -7.804142128602564 ], [ 109.735216354413808, -7.804144810975572 ], [ 109.73522180619733, -7.804146431774427 ], [ 109.73523078325394, -7.80414912092607 ], [ 109.735235952321432, -7.80415068058727 ], [ 109.735244562260675, -7.804153297081768 ], [ 109.735249725150879, -7.804154877223596 ], [ 109.735265204069663, -7.804159648221741 ], [ 109.735270360556797, -7.804161248775245 ], [ 109.73527894939258, -7.804163933382142 ], [ 109.735284099479543, -7.80416555434789 ], [ 109.735313263854778, -7.804174797237636 ], [ 109.735318407459431, -7.804176438589707 ], [ 109.735326974631334, -7.804179191133017 ], [ 109.735332111644823, -7.804180852836794 ], [ 109.735347512635315, -7.804185868422678 ], [ 109.73535264301978, -7.804187550466168 ], [ 109.735361188028946, -7.804190370786216 ], [ 109.735366311648534, -7.804192073124682 ], [ 109.735374983688644, -7.804194973191898 ], [ 109.735379089341905, -7.804196353605391 ], [ 109.735385928359449, -7.804198665143645 ], [ 109.735390029534642, -7.804200058578147 ], [ 109.735402326385497, -7.804204258427944 ], [ 109.735406423136169, -7.804205664901701 ], [ 109.735413247280803, -7.80420801986179 ], [ 109.735417339485025, -7.80420943933342 ], [ 109.735440515312007, -7.804217519674353 ], [ 109.735444603236147, -7.804218952236852 ], [ 109.73545141257091, -7.804221350644752 ], [ 109.735455495869246, -7.804222796178749 ], [ 109.735467830471748, -7.804227185020864 ], [ 109.735472458977824, -7.804228841262386 ], [ 109.735480114940628, -7.804231596462557 ], [ 109.735484869522452, -7.804233317702597 ], [ 109.735491946378886, -7.804235898095726 ], [ 109.735501180860695, -7.804239282411686 ], [ 109.735507695944762, -7.804241681415306 ], [ 109.735517609997828, -7.804245348992424 ], [ 109.735523241187195, -7.804247446132649 ], [ 109.7355324525181, -7.804250899689009 ], [ 109.735537966395441, -7.804252980613683 ], [ 109.735554494205701, -7.804259259047228 ], [ 109.735559998959502, -7.804261363779347 ], [ 109.735569165914001, -7.80426489149346 ], [ 109.735574661481564, -7.804267020009149 ], [ 109.735605775311456, -7.804279148324895 ], [ 109.735611261587621, -7.804281300583284 ], [ 109.735620397525452, -7.804284907421902 ], [ 109.735625874376979, -7.804287083370923 ], [ 109.735642290542501, -7.804293646652866 ], [ 109.735647757879292, -7.804295846256309 ], [ 109.735651358699386, -7.804297179533251 ], [ 109.735655646010514, -7.804298088595203 ], [ 109.735668784217637, -7.804300896672828 ], [ 109.73567316214411, -7.80430183990552 ], [ 109.735680456010243, -7.80430342392458 ], [ 109.735684845349283, -7.804304384741499 ], [ 109.735711823880308, -7.8043103377085 ], [ 109.735718698934249, -7.804311868475907 ], [ 109.735729028917376, -7.804314189518664 ], [ 109.735735912585028, -7.804315750256364 ], [ 109.73575311400117, -7.804319685476401 ], [ 109.735759991530813, -7.804321272929315 ], [ 109.735770303137656, -7.804323674125726 ], [ 109.735777166670857, -7.804325286432743 ], [ 109.735821190095066, -7.804335716604101 ], [ 109.735836227580648, -7.804339112680509 ], [ 109.735841722244572, -7.80434036223437 ], [ 109.735849980022692, -7.804342253622053 ], [ 109.735855483281341, -7.804343523108344 ], [ 109.735869236272038, -7.804346718147542 ], [ 109.735874735471725, -7.80434800470772 ], [ 109.73588298128783, -7.804349947367996 ], [ 109.735888498384838, -7.804351256247628 ], [ 109.735907455571066, -7.804355786459496 ], [ 109.735916278186096, -7.804357917384777 ], [ 109.735929536824528, -7.804361154802621 ], [ 109.735938370470137, -7.804363335196513 ], [ 109.735960440533972, -7.804368841361566 ], [ 109.735969263090908, -7.804371065937517 ], [ 109.735982488467414, -7.80437443590256 ], [ 109.735991274543665, -7.804376698057524 ], [ 109.736016384230425, -7.804383227376661 ], [ 109.736019775380555, -7.804384117098152 ], [ 109.73602309937371, -7.804384424014017 ], [ 109.736030909084093, -7.804385159609978 ], [ 109.736050429155512, -7.804387040695474 ], [ 109.736058235618202, -7.804387809979175 ], [ 109.736069942747349, -7.804388989157871 ], [ 109.736077745176601, -7.804389792048084 ], [ 109.736098303737833, -7.804391952358458 ], [ 109.736106008267143, -7.804392778576755 ], [ 109.736117561475112, -7.804394042428385 ], [ 109.736125261819325, -7.804394901408557 ], [ 109.736144507815027, -7.804397089846361 ], [ 109.736152204354084, -7.804397981626323 ], [ 109.736163746312798, -7.804399343896534 ], [ 109.736171437979635, -7.804400268346114 ], [ 109.736191898586526, -7.804402771632283 ], [ 109.736199422005029, -7.804403708051154 ], [ 109.73621070252625, -7.804405135997285 ], [ 109.736218220879664, -7.804406103638428 ], [ 109.73623701149495, -7.804408561897617 ], [ 109.736244525712834, -7.804409560874035 ], [ 109.736255793865666, -7.804411082830256 ], [ 109.73626330352198, -7.804412113082947 ], [ 109.736283661469713, -7.804414949226611 ], [ 109.736291116311577, -7.804416003538734 ], [ 109.736302294732639, -7.804417608080826 ], [ 109.736309744755772, -7.804418693200375 ], [ 109.736328364035444, -7.804421444541333 ], [ 109.736335809490697, -7.804422560502701 ], [ 109.736346974123137, -7.804424257557343 ], [ 109.736354436311501, -7.804425407689962 ], [ 109.736366865795617, -7.804427350716651 ], [ 109.736375993189711, -7.804428800691312 ], [ 109.736389710806804, -7.804431015631167 ], [ 109.736398852237016, -7.80443251557773 ], [ 109.736421633753082, -7.804436313265626 ], [ 109.736430789731969, -7.804437863612463 ], [ 109.736444342265997, -7.804440193901087 ], [ 109.736452572566179, -7.804441629167968 ], [ 109.736456624843242, -7.804442344639767 ], [ 109.736476243293225, -7.804445840341771 ], [ 109.736482174849641, -7.804446910596425 ], [ 109.736491924270808, -7.804448691952189 ], [ 109.736497762738679, -7.804449771885402 ], [ 109.736515129456507, -7.804453023291501 ], [ 109.736520913298023, -7.80445411908164 ], [ 109.736530549012457, -7.804455966195746 ], [ 109.736536328019781, -7.804457086940715 ], [ 109.736568903531861, -7.804463477429522 ], [ 109.73657464910724, -7.804464617391147 ], [ 109.736584220967529, -7.804466537896644 ], [ 109.736589961610321, -7.804467702538943 ], [ 109.736607175708571, -7.80447123339826 ], [ 109.736612911243071, -7.804472422685137 ], [ 109.736622466157826, -7.804474425356432 ], [ 109.7366281965148, -7.804475639273903 ], [ 109.73664476874535, -7.804479187205118 ], [ 109.73665063860193, -7.804480457386035 ], [ 109.736660416979305, -7.804482595892921 ], [ 109.736666281166492, -7.804483891918267 ], [ 109.736683864875204, -7.80448781868364 ], [ 109.736689723259929, -7.80448914052397 ], [ 109.73669948231128, -7.804491365084004 ], [ 109.736705334790145, -7.804492712715955 ], [ 109.736738480250892, -7.80450042194343 ], [ 109.736744326694748, -7.804501795337103 ], [ 109.736754065666503, -7.804504105778108 ], [ 109.736759905988151, -7.804505504913209 ], [ 109.736777417428982, -7.804509740849255 ], [ 109.736783251510872, -7.804511165697932 ], [ 109.736792969650196, -7.804513561842043 ], [ 109.736798797344647, -7.804515012368142 ], [ 109.736807842610119, -7.804517284630947 ], [ 109.736812847326405, -7.804518552112086 ], [ 109.736821184451571, -7.804520680360326 ], [ 109.736826184286201, -7.804521966777088 ], [ 109.73684117636725, -7.804525854405085 ], [ 109.736846171301806, -7.804527159752922 ], [ 109.736854492023724, -7.80452935108633 ], [ 109.736859481949011, -7.804530675336935 ], [ 109.73688774283562, -7.804538232669472 ], [ 109.736892727671773, -7.8045395758013 ], [ 109.73690103143781, -7.804541830074243 ], [ 109.736906011125257, -7.804543192071321 ], [ 109.736920942256916, -7.804547306303277 ], [ 109.736925916723465, -7.804548687145768 ], [ 109.736934203105704, -7.804551004242342 ], [ 109.736939172300879, -7.804552403916375 ], [ 109.736948011440631, -7.804554911792707 ], [ 109.736953189395251, -7.804556391918936 ], [ 109.736961814393737, -7.804558875832072 ], [ 109.736966986414586, -7.804560376394875 ], [ 109.736982493427661, -7.804564908694033 ], [ 109.736987659450335, -7.804566429674367 ], [ 109.736996264439767, -7.804568981641523 ], [ 109.737001424418338, -7.804570523026143 ], [ 109.737030645602204, -7.804579314879277 ], [ 109.737035799376144, -7.804580876619866 ], [ 109.737044383825378, -7.804583496483303 ], [ 109.737049531389005, -7.80458507857827 ], [ 109.73706496445908, -7.804589855301685 ], [ 109.737070105677049, -7.804591457709819 ], [ 109.737078669016057, -7.804594145295653 ], [ 109.73708380378406, -7.804595767983756 ], [ 109.73709263455072, -7.804598578001276 ], [ 109.737098076496636, -7.804600322172575 ], [ 109.737107140144644, -7.80460324808945 ], [ 109.737112574603032, -7.804605015026709 ], [ 109.73712886666101, -7.804610349958011 ], [ 109.737134293630504, -7.804612139660037 ], [ 109.737143332282244, -7.804615141449062 ], [ 109.73714875168514, -7.804616953890559 ], [ 109.737179438528642, -7.804627288260178 ], [ 109.737184850227777, -7.804629123394989 ], [ 109.737193863256891, -7.804632200847664 ], [ 109.737199267184508, -7.804634058653221 ], [ 109.737215467016028, -7.804639665974491 ], [ 109.737220863061566, -7.80464154641254 ], [ 109.737229865950326, -7.804644705005444 ], [ 109.737235377674892, -7.80464665201697 ], [ 109.737245315675182, -7.804650186462254 ], [ 109.737252254864131, -7.80465266674787 ], [ 109.737262088552143, -7.804656199638373 ], [ 109.737268411205662, -7.804658482229456 ], [ 109.737270347706385, -7.804659184210777 ], [ 109.737275488787589, -7.804661058395595 ], [ 109.737284753628728, -7.804664457740216 ], [ 109.737290337829393, -7.804666520507851 ], [ 109.737305448799987, -7.804672139726563 ], [ 109.737310450246184, -7.804674010822453 ], [ 109.737318779764394, -7.804677145610185 ], [ 109.737323773750234, -7.804679036262939 ], [ 109.737352052187077, -7.804689805494036 ], [ 109.737357038942434, -7.804691715791819 ], [ 109.737365343884449, -7.80469491588218 ], [ 109.737370323062578, -7.804696845693854 ], [ 109.737385249068438, -7.80470266433656 ], [ 109.73739022062847, -7.804704613646265 ], [ 109.737398500104234, -7.80470787870172 ], [ 109.737403463918326, -7.804709847459492 ], [ 109.737412329353845, -7.804713384771162 ], [ 109.737419372441877, -7.804716216977454 ], [ 109.737431097598574, -7.804720969961693 ], [ 109.737438124698542, -7.804723841336454 ], [ 109.737459181437828, -7.804732513975239 ], [ 109.737466192346972, -7.804735424434966 ], [ 109.737477863547724, -7.804740307708016 ], [ 109.737484858065386, -7.804743257169946 ], [ 109.737503090409575, -7.804751003417152 ], [ 109.737510359764997, -7.804752466813738 ], [ 109.737526190716096, -7.804755800633302 ], [ 109.73752922265578, -7.804756467363063 ], [ 109.737536995990638, -7.804758212491095 ], [ 109.737543428299546, -7.804759686372051 ], [ 109.737547211956667, -7.804760556654458 ], [ 109.737563752044366, -7.804764375778745 ], [ 109.737588202522318, -7.804769326333485 ], [ 109.737592573117183, -7.804770315651638 ], [ 109.737601310752552, -7.804772309795567 ], [ 109.737606550975727, -7.804773516622902 ], [ 109.737636230714372, -7.804780413563549 ], [ 109.73764146609966, -7.804781641044769 ], [ 109.737650187639929, -7.804783704042279 ], [ 109.737655418094221, -7.804784952155558 ], [ 109.737671101912952, -7.804788727408265 ], [ 109.737676327394468, -7.804789996143597 ], [ 109.737685032309514, -7.804792127869177 ], [ 109.737690252721507, -7.804793417203314 ], [ 109.737708279520973, -7.804797906876217 ], [ 109.737712479369975, -7.804798960033395 ], [ 109.737719476338441, -7.804800726415408 ], [ 109.737723672850052, -7.804801792916123 ], [ 109.737736257114193, -7.80480501236724 ], [ 109.737740450155798, -7.804806092178069 ], [ 109.737747435679069, -7.804807902957521 ], [ 109.737751625265901, -7.804808996081874 ], [ 109.73777535573862, -7.804815227985046 ], [ 109.737779541813381, -7.804816334408258 ], [ 109.737786515649645, -7.804818189521882 ], [ 109.737790698161575, -7.804819309230652 ], [ 109.737803240280357, -7.804822688265176 ], [ 109.737807419229455, -7.80482382125939 ], [ 109.737814381058968, -7.804825720622603 ], [ 109.737818615583365, -7.80482688324355 ], [ 109.737829574974626, -7.804829912773698 ], [ 109.737837871881425, -7.804832226201256 ], [ 109.737850397685634, -7.804835750792904 ], [ 109.73785874258374, -7.804838120444401 ], [ 109.737879486135341, -7.804844064154906 ], [ 109.737885632747123, -7.804845838643644 ], [ 109.737913373038566, -7.804854334187837 ], [ 109.737919464545769, -7.804856306655267 ], [ 109.737923734811545, -7.804857548338475 ], [ 109.737930637616103, -7.804859564712444 ], [ 109.737950198844999, -7.804865306007287 ], [ 109.737955551771961, -7.80486689510434 ], [ 109.737966212848619, -7.804870095687136 ], [ 109.737971538473516, -7.80487171230277 ], [ 109.737976124216175, -7.804873119679144 ], [ 109.737983192626018, -7.804875320544909 ], [ 109.737997311200957, -7.804879779779981 ], [ 109.73800439494164, -7.804882049056289 ], [ 109.738014648688136, -7.80488538058529 ], [ 109.738021476444999, -7.804887608427293 ], [ 109.738039764548489, -7.804893602343782 ], [ 109.738046457579287, -7.804895805578667 ], [ 109.73805142657892, -7.804897450430474 ], [ 109.738069846048404, -7.804903258692377 ], [ 109.73807880046445, -7.804904575380306 ], [ 109.738087931457301, -7.804905907218767 ], [ 109.738110750094279, -7.804909294690447 ], [ 109.738119874190602, -7.804910672856124 ], [ 109.738133554984699, -7.804912774823379 ], [ 109.738142651336773, -7.80491419600753 ], [ 109.738155328688208, -7.804916208725047 ], [ 109.738162770730071, -7.804917406580671 ], [ 109.738173899155697, -7.804919221467117 ], [ 109.738181315573968, -7.804920446725134 ], [ 109.738199850136084, -7.804923548178976 ], [ 109.738207294195149, -7.804924809717875 ], [ 109.738218904236589, -7.804926803059345 ], [ 109.738227665339934, -7.80492832895726 ], [ 109.738231820583565, -7.804929062153974 ], [ 109.738240172487394, -7.804930550876065 ], [ 109.738253523618823, -7.804932957840776 ], [ 109.738262974170254, -7.804934682149337 ], [ 109.738274996607913, -7.804936899929714 ], [ 109.738278963876553, -7.804937638217552 ], [ 109.73828691878208, -7.804939132982213 ], [ 109.738301431812488, -7.804941895996308 ], [ 109.738311183388021, -7.804943779917039 ], [ 109.738335548969076, -7.804948556224758 ], [ 109.738345290075642, -7.804950493392994 ], [ 109.738358635061218, -7.804953511582482 ], [ 109.738361434633191, -7.80495396654868 ], [ 109.738369516287435, -7.804955579657417 ], [ 109.73838122220792, -7.804957927467854 ], [ 109.738385453506453, -7.80495878000545 ], [ 109.738392375491401, -7.804960192752162 ], [ 109.738396506613356, -7.804961136334327 ], [ 109.738408894791462, -7.804963994265734 ], [ 109.738413023593978, -7.804964950157398 ], [ 109.738419903946635, -7.80496654872303 ], [ 109.738424031551745, -7.804967511106497 ], [ 109.738447614617371, -7.804972185181668 ], [ 109.738451753274774, -7.804973104128123 ], [ 109.73845864865666, -7.804974646431674 ], [ 109.738462784458761, -7.804975578249923 ], [ 109.738475187375172, -7.804978392966177 ], [ 109.738479320217493, -7.804979337632915 ], [ 109.73848620584522, -7.804980922789753 ], [ 109.738490335760446, -7.804981880312425 ], [ 109.738508856965666, -7.804986204989518 ], [ 109.738513555072984, -7.804987310723504 ], [ 109.73852138196429, -7.804989167470069 ], [ 109.738526076118831, -7.80499028983013 ], [ 109.738540152489691, -7.804993681810345 ], [ 109.738544842621707, -7.804994820779996 ], [ 109.738552656095635, -7.804996732889094 ], [ 109.738557342147715, -7.804997888454238 ], [ 109.738583883913122, -7.805004483436619 ], [ 109.738588565807504, -7.805005655577929 ], [ 109.738596365492981, -7.805007622958556 ], [ 109.738601043205961, -7.805008811670348 ], [ 109.73861506986492, -7.805012402608384 ], [ 109.738619743317997, -7.805013607870706 ], [ 109.738627528790744, -7.805015630416449 ], [ 109.738632197922982, -7.805016852213726 ], [ 109.738650805427142, -7.805021756799874 ], [ 109.738656183868329, -7.805023186134463 ], [ 109.738665143051207, -7.805025586653755 ], [ 109.73867051561939, -7.805027037939567 ], [ 109.738686624128775, -7.805031424619301 ], [ 109.738691990655184, -7.805032897810634 ], [ 109.738700929818378, -7.805035371380427 ], [ 109.738706290280163, -7.805036866470971 ], [ 109.738736647474411, -7.805045400256063 ], [ 109.738742001734011, -7.805046917207051 ], [ 109.738750920282428, -7.805049463661987 ], [ 109.738756268292434, -7.805051002460175 ], [ 109.738772302667542, -7.805055651545558 ], [ 109.738777644321033, -7.805057212160762 ], [ 109.738786541677143, -7.80505983133645 ], [ 109.738791876861683, -7.805061413735416 ], [ 109.738810631716944, -7.805067018552165 ], [ 109.738817169770414, -7.805068990107088 ], [ 109.738828058191473, -7.805072303303461 ], [ 109.738832680747464, -7.80507372105609 ], [ 109.738841893671747, -7.805074689226785 ], [ 109.73884862584498, -7.805075412573217 ], [ 109.738868816658623, -7.805077632721463 ], [ 109.738875545175063, -7.805078389490234 ], [ 109.738886756119939, -7.805079678600919 ], [ 109.738893480739364, -7.805080468764857 ], [ 109.738931573366358, -7.805085040679614 ], [ 109.738938293971444, -7.805085864224736 ], [ 109.738949491474273, -7.805087264598171 ], [ 109.73895620787664, -7.805088121501626 ], [ 109.738976350345638, -7.805090742193556 ], [ 109.738983062400905, -7.805091632436813 ], [ 109.738994245392007, -7.805093143939985 ], [ 109.739000952920208, -7.805094067499624 ], [ 109.739009930076634, -7.805095325952152 ], [ 109.739015794183899, -7.805096161214351 ], [ 109.739025564637643, -7.805097574542458 ], [ 109.739031425054009, -7.805098435270907 ], [ 109.73904900044829, -7.80510105560893 ], [ 109.73905485707354, -7.805101941789303 ], [ 109.739064614833126, -7.805103439947857 ], [ 109.739070467502358, -7.805104351555087 ], [ 109.739103678590993, -7.805109598538365 ], [ 109.739109880157912, -7.805110592937808 ], [ 109.739120212216164, -7.805112274066005 ], [ 109.739126409098105, -7.805113297016987 ], [ 109.739144950216939, -7.805116401595626 ], [ 109.739151178841837, -7.805117459371502 ], [ 109.73916148157474, -7.805119233656342 ], [ 109.739167109217476, -7.805120215534714 ], [ 109.739169382477769, -7.805120616739657 ], [ 109.739178918555524, -7.805122313593245 ], [ 109.739190296529955, -7.805124358849753 ], [ 109.739197585531713, -7.805125689234728 ], [ 109.739209485382787, -7.805127894564691 ], [ 109.739216609423181, -7.805129234455478 ], [ 109.739237752634949, -7.805133269267856 ], [ 109.739244792624561, -7.805134631936824 ], [ 109.739256519892763, -7.805136933894687 ], [ 109.739263552599823, -7.805138333570426 ], [ 109.739303380665262, -7.80514636925119 ], [ 109.739310405845913, -7.80514780588436 ], [ 109.73932210810068, -7.805150231049311 ], [ 109.739329125605309, -7.805151704610012 ], [ 109.739350166010979, -7.805156180557049 ], [ 109.739357175622217, -7.805157690999238 ], [ 109.739368851560982, -7.80516023910144 ], [ 109.739375853069021, -7.805161786379983 ], [ 109.739383772586848, -7.805163556779974 ], [ 109.739386415420142, -7.805164152257873 ], [ 109.739391699278656, -7.805165351084611 ], [ 109.739394340298702, -7.805165954432027 ], [ 109.739404900706518, -7.805168383551234 ], [ 109.739407539888191, -7.805168994762596 ], [ 109.739412816444826, -7.805170225056486 ], [ 109.739415453821891, -7.805170844139582 ], [ 109.739436544752323, -7.805175828087158 ], [ 109.73943918024753, -7.805176455023911 ], [ 109.739444449345058, -7.805177716748403 ], [ 109.739447082942547, -7.805178351534835 ], [ 109.739457613470847, -7.805180906364683 ], [ 109.739460245164082, -7.805181548999428 ], [ 109.739465506594115, -7.805182842104614 ], [ 109.739468136333585, -7.805183492575566 ], [ 109.739510192705325, -7.805193961844054 ], [ 109.739512820473692, -7.805194620146551 ], [ 109.739518074066268, -7.805195944589912 ], [ 109.739520699898094, -7.805196610732878 ], [ 109.739531199054682, -7.80519929091065 ], [ 109.739533822838325, -7.805199964865949 ], [ 109.73953906840535, -7.805201320600872 ], [ 109.739541690179976, -7.805202002378337 ], [ 109.739562655617192, -7.80520748769834 ], [ 109.739565275316465, -7.805208177280804 ], [ 109.739570512658418, -7.805209564255506 ], [ 109.739573130306042, -7.805210261649222 ], [ 109.739583596578143, -7.805213066789236 ], [ 109.739586212096242, -7.805213771973399 ], [ 109.739591441020593, -7.805215190136948 ], [ 109.739594054426789, -7.805215903116334 ], [ 109.739600719362954, -7.80521773209756 ], [ 109.739603722687832, -7.805218561805248 ], [ 109.73960972649769, -7.805220231521162 ], [ 109.739612726983069, -7.805221071529729 ], [ 109.739624722931694, -7.805224452077937 ], [ 109.739627720455871, -7.805225302353335 ], [ 109.739633712601631, -7.805227013187221 ], [ 109.739636707219347, -7.805227873744798 ], [ 109.739660651353859, -7.805234798994093 ], [ 109.739663642964899, -7.805235669805143 ], [ 109.739669623162911, -7.805237421675713 ], [ 109.73967261174954, -7.805238302735006 ], [ 109.739684559944351, -7.80524184743831 ], [ 109.739687545486447, -7.805242738739992 ], [ 109.739693513483417, -7.805244531572896 ], [ 109.739696495935902, -7.805245433103494 ], [ 109.739744184222843, -7.805259937526216 ], [ 109.739747163552863, -7.805260849275555 ], [ 109.73975311904212, -7.805262682978423 ], [ 109.739756095201187, -7.805263604931952 ], [ 109.739767993409259, -7.805267313127217 ], [ 109.7397709663814, -7.805268245279706 ], [ 109.739776909098453, -7.805270119771592 ], [ 109.739779878839897, -7.805271062109682 ], [ 109.739803623006537, -7.805278641287714 ], [ 109.739806589501143, -7.805279593806176 ], [ 109.739812519151656, -7.805281508994199 ], [ 109.739815482306028, -7.805282471663077 ], [ 109.739827328252431, -7.805286342641807 ], [ 109.739830288090332, -7.805287315468604 ], [ 109.739836204379117, -7.805289271257038 ], [ 109.739839160835743, -7.805290254220608 ], [ 109.739847128889153, -7.80529291923267 ], [ 109.739851244467047, -7.805294302717869 ], [ 109.739858100024605, -7.805296619433307 ], [ 109.739862211131822, -7.805298016011989 ], [ 109.739874537621859, -7.805302225345315 ], [ 109.739878644222415, -7.805303635005032 ], [ 109.739885484793035, -7.805305995335971 ], [ 109.739889586863512, -7.805307418068821 ], [ 109.739912818458833, -7.805315517039105 ], [ 109.739916916167147, -7.805316952903979 ], [ 109.739923741881512, -7.805319356899304 ], [ 109.739927835018591, -7.805320805824692 ], [ 109.739940107410575, -7.805325172134872 ], [ 109.739944196342947, -7.805326634253277 ], [ 109.739951007463844, -7.805329082020194 ], [ 109.739954411969507, -7.805330311042383 ], [ 109.739956408018372, -7.805331034878122 ], [ 109.739960213247002, -7.805332422513402 ], [ 109.739966553798581, -7.805334745377877 ], [ 109.739970356152014, -7.805336144788384 ], [ 109.739981758190254, -7.805340360433661 ], [ 109.739985556852275, -7.805341771328187 ], [ 109.73999188436909, -7.805344132201071 ], [ 109.739995678728405, -7.805345554354517 ], [ 109.740017168942643, -7.805353645513094 ], [ 109.740020959267667, -7.805355079026924 ], [ 109.740027272902296, -7.805357477604559 ], [ 109.740031058951786, -7.805358922388905 ], [ 109.740042410553599, -7.805363273597038 ], [ 109.740046192250475, -7.805364729622738 ], [ 109.74005249146677, -7.805367165705604 ], [ 109.74005626885139, -7.805368632988007 ], [ 109.740065107475459, -7.805372082326869 ], [ 109.740071346127138, -7.80537453404952 ], [ 109.740081733735281, -7.80537864580009 ], [ 109.740087960205983, -7.805381128175725 ], [ 109.740106620906715, -7.805388621106204 ], [ 109.740112835027674, -7.805391134067406 ], [ 109.740123181513979, -7.805395347788078 ], [ 109.740126915033784, -7.805396877540545 ], [ 109.740134362765673, -7.805398283069337 ], [ 109.740140507281126, -7.80539945625685 ], [ 109.740172612840581, -7.805405662439398 ], [ 109.740178262037261, -7.805406766869908 ], [ 109.74018767339993, -7.805408627448912 ], [ 109.740193317825685, -7.805409755710457 ], [ 109.740210243767763, -7.805413176205207 ], [ 109.740215883380415, -7.80541432828926 ], [ 109.740225278621097, -7.805416268260331 ], [ 109.74023091328894, -7.805417444140119 ], [ 109.740240373095389, -7.805419438090269 ], [ 109.740243072096405, -7.805420011565388 ], [ 109.740248468287632, -7.805421166694998 ], [ 109.740251165483357, -7.805421748350682 ], [ 109.740261950723266, -7.805424091348641 ], [ 109.740264646149001, -7.805424681192392 ], [ 109.740270035194499, -7.80542586906023 ], [ 109.740272728817445, -7.805426467085056 ], [ 109.740294269907395, -7.805431283855512 ], [ 109.740296961677416, -7.805431890050158 ], [ 109.740302343367716, -7.805433110610068 ], [ 109.740305033286916, -7.805433724975103 ], [ 109.740315789129511, -7.80543619874561 ], [ 109.740318477161225, -7.805436821272735 ], [ 109.740323851315281, -7.805438074483845 ], [ 109.740326537436658, -7.805438705167603 ], [ 109.740369495640607, -7.805448860308502 ], [ 109.740372179817371, -7.805449499140707 ], [ 109.740377546217701, -7.805450784951972 ], [ 109.740380228438369, -7.80545143193018 ], [ 109.7403909532905, -7.805454036106426 ], [ 109.740393633539384, -7.805454691227055 ], [ 109.740398991990503, -7.805456009591978 ], [ 109.740401670195695, -7.805456672837181 ], [ 109.740423087316231, -7.805462011209329 ], [ 109.740425763495523, -7.805462682583254 ], [ 109.740431113805187, -7.805464033454371 ], [ 109.740433787930328, -7.805464712950197 ], [ 109.740444480207088, -7.805467447148146 ], [ 109.740447152259321, -7.805468134761327 ], [ 109.740452494223177, -7.805469518087307 ], [ 109.740455164140087, -7.805470213801641 ], [ 109.740463547058653, -7.805472411779249 ], [ 109.74046614801648, -7.805473097859135 ], [ 109.740471347873211, -7.805474477711471 ], [ 109.740473946764951, -7.80547517148193 ], [ 109.740484338166993, -7.805477961935424 ], [ 109.740486934995886, -7.805478663397139 ], [ 109.740492126545519, -7.805480073999547 ], [ 109.740494721273819, -7.8054807831424 ], [ 109.740515470148807, -7.805486486858399 ], [ 109.740518062755996, -7.805487203676762 ], [ 109.740523245817656, -7.805488644980073 ], [ 109.740525836270308, -7.805489369464624 ], [ 109.740536193735579, -7.80549228272497 ], [ 109.740538782020735, -7.80549301487207 ], [ 109.740543956421163, -7.805494486828138 ], [ 109.740546542537913, -7.805495226637618 ], [ 109.740587898704064, -7.805507123635948 ], [ 109.740590482588971, -7.805507871089389 ], [ 109.740595648145472, -7.805509373646146 ], [ 109.740598229819057, -7.805510128749859 ], [ 109.740608551888442, -7.80551316440642 ], [ 109.740611131287039, -7.80551392714176 ], [ 109.740616287803107, -7.805515460242475 ], [ 109.740618864917849, -7.80551623060677 ], [ 109.740639472197643, -7.805522423885975 ], [ 109.74064204702438, -7.805523201877861 ], [ 109.740647194325277, -7.805524765470238 ], [ 109.740649766794434, -7.805525551068911 ], [ 109.740660052007854, -7.805528708692407 ], [ 109.740662622145521, -7.805529501905653 ], [ 109.740667760049348, -7.805531095934327 ], [ 109.740670327830003, -7.805531896754417 ], [ 109.740678595754616, -7.805534488728597 ], [ 109.740681072298571, -7.805535269007748 ], [ 109.740686023166234, -7.805536836648002 ], [ 109.740688497478175, -7.805537624005183 ], [ 109.740698390114233, -7.805540787542952 ], [ 109.740700862163465, -7.805541581968498 ], [ 109.740705803938965, -7.805543177868401 ], [ 109.740708273667394, -7.805543979343383 ], [ 109.740728021953032, -7.805550419256633 ], [ 109.74073048938908, -7.805551227790204 ], [ 109.740735421925081, -7.805552851902064 ], [ 109.74073788701935, -7.805553667478307 ], [ 109.740747742668418, -7.80555694385373 ], [ 109.740750205428355, -7.805557766475033 ], [ 109.740755128539377, -7.805559418737857 ], [ 109.740757588893928, -7.805560248380516 ], [ 109.740796900470173, -7.805573567021213 ], [ 109.74079935320492, -7.805574401901538 ], [ 109.740804256243962, -7.805576078641081 ], [ 109.740806706553769, -7.805576920502347 ], [ 109.740816502925838, -7.805580301903092 ], [ 109.740818950798825, -7.805581150741091 ], [ 109.740823844132251, -7.805582855402236 ], [ 109.740826289591723, -7.805583711225097 ], [ 109.740845786711702, -7.805590565743728 ], [ 109.740848227993013, -7.805591427925776 ], [ 109.740853108097724, -7.805593159248417 ], [ 109.740855546923569, -7.805594028389976 ], [ 109.740865195207164, -7.805597482322241 ], [ 109.740867653933719, -7.805598366499055 ], [ 109.740873039552923, -7.805600312539184 ], [ 109.740875518342193, -7.805601213911416 ], [ 109.740887747408692, -7.805605682358987 ], [ 109.740890326008923, -7.805606628990574 ], [ 109.740895334245977, -7.805608476166469 ], [ 109.740897837009811, -7.805609403434801 ], [ 109.740907669356147, -7.805613062735631 ], [ 109.740910126107394, -7.805613981104671 ], [ 109.740915036958143, -7.805615824937661 ], [ 109.740917491057303, -7.805616750401441 ], [ 109.740936902434839, -7.805624102646391 ], [ 109.740939327585409, -7.805625025158804 ], [ 109.740944175244408, -7.805626877109546 ], [ 109.740946597752838, -7.805627806548046 ], [ 109.740956282337493, -7.80563153809112 ], [ 109.740958702160071, -7.805632474439108 ], [ 109.740963539092206, -7.805634354033714 ], [ 109.740965956198181, -7.805635297278911 ], [ 109.741004341439805, -7.805650339856413 ], [ 109.741006739372494, -7.805651283495536 ], [ 109.741011532548669, -7.805653177573674 ], [ 109.741013927793574, -7.805654128013202 ], [ 109.741023503280474, -7.805657943325741 ], [ 109.741025895810367, -7.805658900555045 ], [ 109.741030678124105, -7.805660821790752 ], [ 109.741033067909711, -7.805661785798009 ], [ 109.741052174763411, -7.805669524783298 ], [ 109.741054561763349, -7.80567049555151 ], [ 109.741059333030137, -7.805672443870435 ], [ 109.741061717292496, -7.805673421419215 ], [ 109.741071248663218, -7.805677345093386 ], [ 109.741073630126607, -7.80567832939812 ], [ 109.741078390230371, -7.805680304753366 ], [ 109.741080768875236, -7.805681295805755 ], [ 109.741089253147891, -7.805684845867688 ], [ 109.741094287011322, -7.805686963460857 ], [ 109.741102669674433, -7.805690509588203 ], [ 109.741107424548602, -7.805692531975751 ], [ 109.741113552444119, -7.805694807713962 ], [ 109.741126246214264, -7.805699476990696 ], [ 109.741135258994632, -7.805702813827736 ], [ 109.741147757184137, -7.805707469821868 ], [ 109.741153526290759, -7.805709630701699 ], [ 109.741162035535467, -7.805712834384394 ], [ 109.741167707562056, -7.805714980697815 ], [ 109.741174372567684, -7.805717514900891 ], [ 109.741177809259852, -7.805718756073986 ], [ 109.741180895267576, -7.805719874928513 ], [ 109.741187720356152, -7.805722363072675 ], [ 109.741196840532723, -7.805725708187538 ], [ 109.741202706903437, -7.805727871729346 ], [ 109.741217308287503, -7.805733285347685 ], [ 109.741223145175297, -7.805735460826838 ], [ 109.741231894865507, -7.805738739040464 ], [ 109.741237714225065, -7.80574093072471 ], [ 109.741264876927914, -7.805751212606992 ], [ 109.74126915197013, -7.805752843269204 ], [ 109.741277653710256, -7.805756110709012 ], [ 109.741281900459512, -7.805757755077423 ], [ 109.741298870588253, -7.805764374994453 ], [ 109.741303109006935, -7.805766040625031 ], [ 109.741311577396516, -7.805769393102878 ], [ 109.741315807368608, -7.805771079950432 ], [ 109.741349610803127, -7.805784658571497 ], [ 109.741353832217271, -7.805786366591178 ], [ 109.74136226639564, -7.805789803765549 ], [ 109.741366479160888, -7.80579153292075 ], [ 109.741383312463597, -7.805798491623534 ], [ 109.741387516458303, -7.805800241864404 ], [ 109.741395915579858, -7.805803763391339 ], [ 109.741400110706081, -7.805805534677347 ], [ 109.741467143125476, -7.805834035676753 ], [ 109.741475506341942, -7.80583764119956 ], [ 109.741492196023387, -7.805844935877587 ], [ 109.741500522490185, -7.805848625033661 ], [ 109.74153375147614, -7.805863547414674 ], [ 109.741542040340676, -7.805867319825495 ], [ 109.741558579645528, -7.805874947528423 ], [ 109.741566830083912, -7.805878802819734 ], [ 109.741632659920981, -7.805909967233788 ], [ 109.741640871097786, -7.805913905013597 ], [ 109.741657253360415, -7.805921862665457 ], [ 109.741665424445557, -7.805925882537281 ], [ 109.741698025297922, -7.805942124571231 ], [ 109.741706155465181, -7.805946226128185 ], [ 109.74172237405628, -7.805954510510674 ], [ 109.741730462480064, -7.805958693336606 ], [ 109.741794983385887, -7.805992470818978 ], [ 109.741799011798662, -7.805994592633624 ], [ 109.741807057883875, -7.80599885642323 ], [ 109.741811075555972, -7.806000998397735 ], [ 109.741827124360896, -7.806009606401915 ], [ 109.741831131192896, -7.8060117684837 ], [ 109.741839133913004, -7.806016112698501 ], [ 109.741843129801794, -7.806018294831858 ], [ 109.741875050699889, -7.806035830765097 ], [ 109.741879035760348, -7.806038033014545 ], [ 109.741886994720574, -7.806042457448314 ], [ 109.741890968618065, -7.80604467963127 ], [ 109.741906841555192, -7.80605360804617 ], [ 109.741910804640327, -7.806055850362668 ], [ 109.741918719460955, -7.806060354829754 ], [ 109.741922672043017, -7.80606261746766 ], [ 109.741926946261003, -7.806065094006442 ], [ 109.741935482779127, -7.806070071269573 ], [ 109.741939744238778, -7.806072571509958 ], [ 109.741956764009785, -7.806082619575363 ], [ 109.74196101213164, -7.806085143191069 ], [ 109.741969494539831, -7.806090213506707 ], [ 109.741973728824405, -7.806092760205843 ], [ 109.742007546212733, -7.806113225202125 ], [ 109.742011766706241, -7.806115795014307 ], [ 109.742020193578242, -7.806120957557596 ], [ 109.742024399958382, -7.806123550289556 ], [ 109.742041196731748, -7.806133966734762 ], [ 109.742045388856809, -7.806136582298791 ], [ 109.742053758759255, -7.806141836201277 ], [ 109.742057936534195, -7.8061444745382 ], [ 109.742124645711726, -7.806186857137334 ], [ 109.742132957856143, -7.806192201907265 ], [ 109.742149523194939, -7.806202981554577 ], [ 109.742157776389831, -7.806208416432469 ], [ 109.742190667333148, -7.806230333550559 ], [ 109.742198860588303, -7.806235857883621 ], [ 109.742215186191913, -7.806246995353717 ], [ 109.742223318539004, -7.806252608489615 ], [ 109.742288110526943, -7.806297852643809 ], [ 109.742296181001336, -7.806303553915257 ], [ 109.742312259103585, -7.806315043907659 ], [ 109.742320266730871, -7.806320832628046 ], [ 109.742352167775323, -7.80634415966432 ], [ 109.742360111618609, -7.806350035155617 ], [ 109.742375934561721, -7.806361872200227 ], [ 109.742383813662855, -7.806367833754507 ], [ 109.742446565127125, -7.806415853341093 ], [ 109.742450480233799, -7.806418866268189 ], [ 109.742458293912534, -7.806424913375054 ], [ 109.74246219248397, -7.806427947554312 ], [ 109.742477753230105, -7.806440126408575 ], [ 109.742481635146021, -7.806443181745976 ], [ 109.742489382210181, -7.806449313490873 ], [ 109.742493247360528, -7.80645238990013 ], [ 109.742524098742592, -7.806477083253071 ], [ 109.742527947252711, -7.806480180836616 ], [ 109.74253562728228, -7.806486396899743 ], [ 109.74253945880298, -7.806489515380349 ], [ 109.74255475039871, -7.806502030682452 ], [ 109.742558565271565, -7.806505170344565 ], [ 109.742566177800484, -7.806511470388784 ], [ 109.742569976413677, -7.806514631571758 ], [ 109.742573754090699, -7.806517810347941 ], [ 109.742581293919329, -7.806524190004495 ], [ 109.742585055111761, -7.806527390082351 ], [ 109.742600066457896, -7.806540232644693 ], [ 109.742603810564958, -7.806543453532925 ], [ 109.742611281119423, -7.806549915632786 ], [ 109.742615007565803, -7.806553156843563 ], [ 109.74264474767449, -7.806579167103621 ], [ 109.742648456577001, -7.806582428741535 ], [ 109.742655856486124, -7.806588972138798 ], [ 109.742659547493304, -7.806592253898657 ], [ 109.742674275295542, -7.806605420792721 ], [ 109.742677948301093, -7.806608722579824 ], [ 109.742685276198131, -7.806615346080036 ], [ 109.742688931088594, -7.806618667792407 ], [ 109.742747247268539, -7.806671958917946 ], [ 109.742754502522359, -7.806678661955914 ], [ 109.742768939274583, -7.806692146551541 ], [ 109.742776120774067, -7.806698928109995 ], [ 109.742804695883308, -7.806726208173245 ], [ 109.742811802786832, -7.806733067456435 ], [ 109.742825941142712, -7.806746862923319 ], [ 109.742832972594954, -7.806753799106787 ], [ 109.742888902456059, -7.806809576304488 ], [ 109.742895857623694, -7.80681658856372 ], [ 109.742909690854617, -7.806830688333775 ], [ 109.742916568917678, -7.806837775844258 ], [ 109.742943923670111, -7.806866272979562 ], [ 109.742950723800504, -7.806873434887621 ], [ 109.742964245322014, -7.806887832252698 ], [ 109.742970966713983, -7.806895067710627 ], [ 109.743024403789377, -7.806953224806819 ], [ 109.743027734827422, -7.806956869978023 ], [ 109.743034376930098, -7.806964178398914 ], [ 109.743037687996207, -7.806967841650305 ], [ 109.743050891865096, -7.806982530314656 ], [ 109.743054182842741, -7.806986211516914 ], [ 109.743060744610602, -7.806993591762023 ], [ 109.743064015397067, -7.806997290800268 ], [ 109.743090098682671, -7.807026951902287 ], [ 109.7430933494432, -7.807030668967855 ], [ 109.743099830580263, -7.807038120721472 ], [ 109.743103060959413, -7.807041855412535 ], [ 109.743115941335645, -7.807056828990994 ], [ 109.743119151725466, -7.807060581770429 ], [ 109.743125551923185, -7.807068104734526 ], [ 109.74312874269026, -7.807071876059126 ], [ 109.74313190919537, -7.80707566039348 ], [ 109.743138223386495, -7.807083248518268 ], [ 109.743141370112255, -7.80708705116723 ], [ 109.743153917046925, -7.807102297947154 ], [ 109.743157043414897, -7.807106118240654 ], [ 109.743163275199947, -7.807113775757216 ], [ 109.743166380616287, -7.807117612979312 ], [ 109.743191139901057, -7.807148378170439 ], [ 109.743194224526064, -7.807152232523208 ], [ 109.743200372649312, -7.807159957945601 ], [ 109.743203436147382, -7.80716382901511 ], [ 109.74321564753842, -7.807179346286432 ], [ 109.743218689831224, -7.807183233973831 ], [ 109.743224753097536, -7.807191025821112 ], [ 109.743227774072466, -7.807194929982529 ], [ 109.743275925353316, -7.807257510448153 ], [ 109.743281903260538, -7.807265368082426 ], [ 109.74329377277428, -7.807281147912988 ], [ 109.743299664381482, -7.807289070110244 ], [ 109.743323055414976, -7.807320884243495 ], [ 109.743328860018494, -7.807328870056665 ], [ 109.743340381537735, -7.807344904358388 ], [ 109.743346098452321, -7.807352952845349 ], [ 109.743391466784828, -7.807417568360734 ], [ 109.743397095332966, -7.807425678565778 ], [ 109.743408263380957, -7.807441959714481 ], [ 109.743413802881378, -7.807450130658651 ], [ 109.743435780179254, -7.807482932040557 ], [ 109.743441229980931, -7.807491162762233 ], [ 109.743452039230419, -7.807507682994981 ], [ 109.743457398678402, -7.807515972505826 ], [ 109.743499897699962, -7.80758250007483 ], [ 109.74350254345768, -7.807586666750979 ], [ 109.743507812148437, -7.80759501443714 ], [ 109.74351043508085, -7.807599195446301 ], [ 109.743520880834296, -7.807615947629586 ], [ 109.743522527832738, -7.807620753084393 ], [ 109.743528076285656, -7.807628913826875 ], [ 109.743530689251827, -7.807633100486498 ], [ 109.743551463885751, -7.807666675263761 ], [ 109.743554085853305, -7.807670854800051 ], [ 109.743559317933489, -7.807679220349598 ], [ 109.743561916431247, -7.807683413212544 ], [ 109.743566945317866, -7.807691911355903 ], [ 109.743571743013831, -7.807700520402705 ], [ 109.743574137795804, -7.807704831536512 ], [ 109.743578944779244, -7.8077134413777 ], [ 109.743581290240286, -7.807717780365181 ], [ 109.743583762786898, -7.807722040606109 ], [ 109.743589349196839, -7.807730260324206 ], [ 109.743591785920898, -7.807734549996155 ], [ 109.743601487340641, -7.807751737717581 ], [ 109.743603900980759, -7.807756041303037 ], [ 109.743608704694282, -7.807764661540716 ], [ 109.743611094767516, -7.807768978192541 ], [ 109.74363012100622, -7.807803563531309 ], [ 109.743632487639161, -7.807807893484892 ], [ 109.743637197197415, -7.80781656621275 ], [ 109.743639540123411, -7.80782090898839 ], [ 109.743648864097906, -7.807838305148096 ], [ 109.743651183231236, -7.807842660586175 ], [ 109.74365579764924, -7.80785138402041 ], [ 109.743658092933572, -7.807855752015882 ], [ 109.743694616243829, -7.807925720381945 ], [ 109.743699135170004, -7.807934493870619 ], [ 109.743708076790426, -7.807952089482853 ], [ 109.743712499483252, -7.807960911603232 ], [ 109.743729995708122, -7.80799629317147 ], [ 109.743734321650948, -7.808005162893153 ], [ 109.743742876254885, -7.808022948848873 ], [ 109.743747104916793, -7.808031865083933 ], [ 109.74378053320163, -7.808103355643254 ], [ 109.74378466409479, -7.808112317360496 ], [ 109.743792827611003, -7.808130285192192 ], [ 109.743796860235193, -7.808139291308976 ], [ 109.74381279229442, -7.808175400300001 ], [ 109.743816726172213, -7.808184449748921 ], [ 109.743824494715, -7.808202590908252 ], [ 109.743828329379824, -7.808211682617753 ], [ 109.743858599003431, -7.808284559286733 ], [ 109.74386047907268, -7.808289120856955 ], [ 109.74386421423867, -7.808298254165948 ], [ 109.743866069336264, -7.808302825906424 ], [ 109.743873439541517, -7.808321132610388 ], [ 109.743875269598675, -7.808325714350985 ], [ 109.743878904638507, -7.808334887746696 ], [ 109.743880709620953, -7.808339479402491 ], [ 109.743895047813112, -7.808376248798538 ], [ 109.743896827813103, -7.808380850613048 ], [ 109.743900362617183, -7.808390063860088 ], [ 109.743902117417917, -7.80839467528358 ], [ 109.743909086031522, -7.808413139692334 ], [ 109.74391081591034, -7.808417761475312 ], [ 109.743914250345824, -7.808427014353242 ], [ 109.743915955531349, -7.808431647170835 ], [ 109.743917633027365, -7.808436282762898 ], [ 109.74392096389272, -7.808445566431942 ], [ 109.743922616633938, -7.808450212786965 ], [ 109.743929177871735, -7.808468819240318 ], [ 109.743930805490436, -7.808473475392361 ], [ 109.74393403523635, -7.808482796459828 ], [ 109.743935637364928, -7.808487461379912 ], [ 109.743948352511893, -7.808524816040517 ], [ 109.743949929256701, -7.808529490048613 ], [ 109.743953057159047, -7.808538846562215 ], [ 109.74395460831721, -7.808543529069595 ], [ 109.743960761599169, -7.808562275558927 ], [ 109.743962287129079, -7.808566966439798 ], [ 109.743965312508351, -7.808576356414619 ], [ 109.743966812356916, -7.808581055505783 ], [ 109.74399059791034, -7.808656285849793 ], [ 109.743993520545644, -7.80866570862139 ], [ 109.743999262576494, -7.808684585393564 ], [ 109.74400208197261, -7.808694039395391 ], [ 109.744013151750778, -7.808731913363033 ], [ 109.744015867573353, -7.808741397471977 ], [ 109.744021195321011, -7.808760394668582 ], [ 109.744023807246776, -7.80876990775738 ], [ 109.744044279732918, -7.808846101185964 ], [ 109.744046787451566, -7.808855642122239 ], [ 109.744051698382805, -7.808874750706138 ], [ 109.744054101594998, -7.808884318352796 ], [ 109.744063504302744, -7.808922637814987 ], [ 109.744065802723583, -7.80893223103709 ], [ 109.744070294499807, -7.808951441915042 ], [ 109.744072487855306, -7.808961059570265 ], [ 109.744089608299589, -7.809038071045507 ], [ 109.744090665550573, -7.809042888930094 ], [ 109.744092753679183, -7.809052530343536 ], [ 109.744093784555901, -7.809057353868411 ], [ 109.744097855226812, -7.809076658832851 ], [ 109.744098859712381, -7.809081487918434 ], [ 109.74410084225417, -7.809091151466987 ], [ 109.744101820311585, -7.809095985935812 ], [ 109.744109538381906, -7.809134679834358 ], [ 109.744110490075514, -7.809139520023791 ], [ 109.744112366975571, -7.809149205517258 ], [ 109.744113292181794, -7.809154050820609 ], [ 109.744116939914591, -7.809173441640496 ], [ 109.744117838776219, -7.809178292846809 ], [ 109.744119609942516, -7.80918800006117 ], [ 109.744120482581025, -7.809192857954997 ], [ 109.744121327408322, -7.809197713452249 ], [ 109.744122991163692, -7.809207432754874 ], [ 109.74412380975798, -7.809212294672761 ], [ 109.744127031523192, -7.809231754570988 ], [ 109.744127823675342, -7.809236621810555 ], [ 109.744129381351797, -7.809246360519694 ], [ 109.74413014687633, -7.809251231989947 ], [ 109.744136164613792, -7.80929022101725 ], [ 109.744136903560616, -7.809295097061067 ], [ 109.744138354774861, -7.80930485307664 ], [ 109.744139067042624, -7.809309733050554 ], [ 109.744141862681374, -7.809329260293168 ], [ 109.744142548253535, -7.80933414408463 ], [ 109.744143892678153, -7.809343915314514 ], [ 109.744144551530553, -7.809348802751572 ], [ 109.744154876551704, -7.809427009258513 ], [ 109.74415611408233, -7.809436794997055 ], [ 109.7441584820358, -7.809456379361336 ], [ 109.744159612459043, -7.80946617798844 ], [ 109.744163919408152, -7.809505393582697 ], [ 109.744164942588782, -7.809515203927845 ], [ 109.744166881584079, -7.80953483515782 ], [ 109.744167797398859, -7.809544656041396 ], [ 109.74417469197374, -7.809623237259132 ], [ 109.744175500315237, -7.809633067523123 ], [ 109.744177009428029, -7.80965273625668 ], [ 109.74417771019921, -7.80966257472511 ], [ 109.744180297824812, -7.80970194035018 ], [ 109.744180890943255, -7.80971178586401 ], [ 109.744181969455667, -7.809731482753648 ], [ 109.744182454849749, -7.809741334131388 ], [ 109.744185905849065, -7.809820140473732 ], [ 109.744186108140241, -7.809825068231589 ], [ 109.744186485768807, -7.80983492478947 ], [ 109.744186661106085, -7.809839853588642 ], [ 109.744187308525454, -7.809859570221988 ], [ 109.744187456902921, -7.809864499897685 ], [ 109.744187726693895, -7.809874359970991 ], [ 109.744187848107174, -7.809879290366268 ], [ 109.744188711481058, -7.809918733029463 ], [ 109.744188805935266, -7.809923664520227 ], [ 109.744188967867444, -7.809933527919554 ], [ 109.744189035345585, -7.80993845982681 ], [ 109.744189251299929, -7.80995818779985 ], [ 109.74418929180581, -7.80996312100001 ], [ 109.744189345827863, -7.809972987520496 ], [ 109.744189359343977, -7.80997792278896 ], [ 109.744189345888969, -7.809982850772826 ], [ 109.744189292026306, -7.809992710492111 ], [ 109.744189251618764, -7.809997640286269 ], [ 109.744189036047032, -7.810017362427004 ], [ 109.744188968672688, -7.810022292879466 ], [ 109.744188806963791, -7.810032153352722 ], [ 109.744188591400928, -7.81004201051536 ], [ 109.744188153278344, -7.810058036112309 ], [ 109.744187846712009, -7.810074057005465 ], [ 109.744187351492883, -7.810091306334357 ], [ 109.744186974337651, -7.810101156620988 ], [ 109.744186660933792, -7.810108548604546 ], [ 109.744185685802847, -7.810129479113755 ], [ 109.744185141745447, -7.810140560224113 ], [ 109.744184980992259, -7.810143711978526 ], [ 109.744184023308719, -7.810161864038491 ], [ 109.744182983286805, -7.810199772043859 ], [ 109.74418197475984, -7.810224324098954 ], [ 109.74418089667023, -7.810244021008486 ], [ 109.744180303763358, -7.810253866529706 ], [ 109.744177716981369, -7.810293232206448 ], [ 109.744177016419769, -7.8103030707004 ], [ 109.744175507727221, -7.810322739468063 ], [ 109.744174699596101, -7.810332569743139 ], [ 109.744167806695771, -7.8104111511052 ], [ 109.74416689109006, -7.810420972004579 ], [ 109.744164952512222, -7.810440603269285 ], [ 109.744163929539752, -7.81045041363717 ], [ 109.744159623420956, -7.8104896293205 ], [ 109.744158493205873, -7.81049942796318 ], [ 109.744156125665256, -7.810519012382429 ], [ 109.744154888339438, -7.81052879815843 ], [ 109.744144564960664, -7.810607004880637 ], [ 109.744143906146007, -7.810611892801091 ], [ 109.744142561790625, -7.810621665002543 ], [ 109.744141876250467, -7.810626549280471 ], [ 109.744139080727166, -7.810646078475827 ], [ 109.744138368483732, -7.810650958950077 ], [ 109.744136917316212, -7.810660715940912 ], [ 109.744136178391898, -7.810665592459486 ], [ 109.744130160797852, -7.81070458538295 ], [ 109.744129395137918, -7.810709458280769 ], [ 109.744127837173153, -7.810719199854645 ], [ 109.744127044867582, -7.810724068534228 ], [ 109.744123822462996, -7.810743534148401 ], [ 109.744123003380082, -7.810748399369629 ], [ 109.744121338606703, -7.810758125297866 ], [ 109.744120492583363, -7.810762987887131 ], [ 109.744119621248672, -7.81076783873408 ], [ 109.74411785139614, -7.810777539378989 ], [ 109.744116953211687, -7.81078238729134 ], [ 109.744113306835516, -7.810801772520392 ], [ 109.744112381976777, -7.810806616422497 ], [ 109.744110505786864, -7.81081629911813 ], [ 109.744109554455974, -7.810821137910239 ], [ 109.744101837839992, -7.810859828196214 ], [ 109.744100859963339, -7.810864662230131 ], [ 109.744098877791771, -7.810874324891699 ], [ 109.744097873498049, -7.810879153512985 ], [ 109.74409380359117, -7.810898456685891 ], [ 109.744092772902377, -7.81090327978859 ], [ 109.744090685166896, -7.810912920302144 ], [ 109.744089628118388, -7.810917737720615 ], [ 109.74407250921513, -7.810994749547149 ], [ 109.74407031605034, -7.811004367250462 ], [ 109.744065824654513, -7.811023578222489 ], [ 109.744063526423702, -7.811033171489555 ], [ 109.744054124471063, -7.811071491140922 ], [ 109.744051721446283, -7.811081058837317 ], [ 109.744046810889699, -7.811100167515974 ], [ 109.744044303357384, -7.81110970850068 ], [ 109.744023832343714, -7.81118590234604 ], [ 109.74402122059962, -7.811195415490886 ], [ 109.744015893213486, -7.811214412800382 ], [ 109.744013177571333, -7.811223896964691 ], [ 109.74400210850979, -7.811261771157376 ], [ 109.743999289293242, -7.811271225211271 ], [ 109.743993547617322, -7.811290102096564 ], [ 109.743990625157721, -7.811299524928529 ], [ 109.743966840997473, -7.811374755748659 ], [ 109.743965341093087, -7.811379455310885 ], [ 109.743962315600527, -7.81138884621538 ], [ 109.743960790012181, -7.811393537558445 ], [ 109.743954636483465, -7.811412285899451 ], [ 109.743953085265446, -7.811416968855553 ], [ 109.743949957229859, -7.811426326290871 ], [ 109.743948380412405, -7.811431000768778 ], [ 109.743935664685125, -7.811468359115338 ], [ 109.7439340621778, -7.811473025370674 ], [ 109.74393083166774, -7.811482349081814 ], [ 109.743929203663697, -7.811487006541142 ], [ 109.743922640838548, -7.811505618262743 ], [ 109.743920987079491, -7.811510267643143 ], [ 109.743917654137761, -7.811519557371071 ], [ 109.743915974329639, -7.811524199431688 ], [ 109.743914271526933, -7.811528825852633 ], [ 109.743910839399462, -7.811538072771214 ], [ 109.743909110702077, -7.811542691550642 ], [ 109.743902144251592, -7.811561150933699 ], [ 109.743900389998998, -7.811565761101349 ], [ 109.743896856302285, -7.811574971849325 ], [ 109.743895076856745, -7.811579572432095 ], [ 109.743880740546786, -7.811616338676345 ], [ 109.743878935806606, -7.81162092992588 ], [ 109.743875301243577, -7.81163010254204 ], [ 109.743873471421239, -7.811634683907812 ], [ 109.743866102188747, -7.811652989051709 ], [ 109.743864247340355, -7.811657560393598 ], [ 109.743860512670722, -7.811666692921563 ], [ 109.743858632850674, -7.811671254105363 ], [ 109.743828364429476, -7.811744131362104 ], [ 109.743824529911365, -7.811753223149196 ], [ 109.743816761663652, -7.811771364453932 ], [ 109.743812827934221, -7.811780413972372 ], [ 109.743796896450135, -7.811816523268647 ], [ 109.743792863967371, -7.811825529464329 ], [ 109.743784700731226, -7.811843497454618 ], [ 109.743780569977162, -7.811852459250929 ], [ 109.74374714278656, -7.811923950445134 ], [ 109.743742914253119, -7.811932866772167 ], [ 109.743734359913333, -7.811950652892222 ], [ 109.743730034108012, -7.811959522683082 ], [ 109.7437125384007, -7.811994904581184 ], [ 109.743708115833158, -7.812003726789669 ], [ 109.743699174465519, -7.812021322568285 ], [ 109.743694655664569, -7.812030096140404 ], [ 109.743658133329518, -7.812100065187394 ], [ 109.743655837916037, -7.812104433582817 ], [ 109.74365122322132, -7.812113157841623 ], [ 109.743648903939459, -7.812117513705573 ], [ 109.743639579388002, -7.812134911512771 ], [ 109.743637236315635, -7.812139254699105 ], [ 109.743632526458384, -7.812147928248351 ], [ 109.743630159675718, -7.81215225860808 ], [ 109.74361113220192, -7.812186847214207 ], [ 109.743608741551554, -7.812191165027343 ], [ 109.74360393668627, -7.812199787553311 ], [ 109.743601522469703, -7.812204092269155 ], [ 109.74359181870318, -7.812221284525776 ], [ 109.743589380556273, -7.812225576779952 ], [ 109.743584480811478, -7.81223414796807 ], [ 109.743582018369295, -7.812238428360558 ], [ 109.743579535736899, -7.812242689832203 ], [ 109.743574545513582, -7.812251202123321 ], [ 109.743572038767127, -7.812255451484646 ], [ 109.743561963816433, -7.812272424190894 ], [ 109.743559433439827, -7.812276660580437 ], [ 109.74355434955703, -7.812285119536455 ], [ 109.743551796052202, -7.812289342100996 ], [ 109.743531275567534, -7.812323067199884 ], [ 109.743528698783223, -7.812327276181747 ], [ 109.743523522244573, -7.812335680051547 ], [ 109.743520922491086, -7.812339874938118 ], [ 109.743510477801351, -7.812356625872155 ], [ 109.743507855134112, -7.81236080657402 ], [ 109.743502586981833, -7.812369153639793 ], [ 109.743499941494804, -7.812373320006941 ], [ 109.743457443192142, -7.81243984832912 ], [ 109.743452083827606, -7.812448137939782 ], [ 109.743441274745976, -7.812464658365798 ], [ 109.743435825030133, -7.812472889179503 ], [ 109.743413848057855, -7.812505690944988 ], [ 109.74340830863315, -7.812513861990851 ], [ 109.743397140742843, -7.812530143329298 ], [ 109.743391512275764, -7.812538253624552 ], [ 109.743346144524594, -7.812602869921136 ], [ 109.743340427684984, -7.812610918498706 ], [ 109.743328906299894, -7.812626952999437 ], [ 109.743323101754754, -7.812634938922088 ], [ 109.743299710976203, -7.812666753452504 ], [ 109.743293819430846, -7.812674675748895 ], [ 109.743281950037556, -7.812690455778636 ], [ 109.74327597219019, -7.812698313511135 ], [ 109.743227821349365, -7.812760894779501 ], [ 109.743224800170992, -7.812764799286242 ], [ 109.74321873649842, -7.812772591815531 ], [ 109.74321569399882, -7.812776479844672 ], [ 109.743203481772071, -7.812791998478929 ], [ 109.743200418069364, -7.812795869880119 ], [ 109.74319426951763, -7.812803595982245 ], [ 109.743191184675197, -7.812807450674995 ], [ 109.743166423651019, -7.812838218552486 ], [ 109.743163317532662, -7.812842056701754 ], [ 109.743157084356369, -7.812849716035998 ], [ 109.74315395730008, -7.812853537219439 ], [ 109.743141407542225, -7.812868787604032 ], [ 109.743138259150101, -7.812872592298447 ], [ 109.743131941605895, -7.812880184492712 ], [ 109.743128771490888, -7.812883973137161 ], [ 109.743125584305972, -7.812887740223346 ], [ 109.743119187474633, -7.812895259267918 ], [ 109.743115978790854, -7.812899010082447 ], [ 109.743103101338136, -7.812913980421285 ], [ 109.74309987168499, -7.812917714316882 ], [ 109.743093392021763, -7.812925164471665 ], [ 109.743090142011738, -7.812928880730965 ], [ 109.743064060760616, -7.812958539965337 ], [ 109.743060790216248, -7.812962238786213 ], [ 109.743054228964411, -7.812969618564978 ], [ 109.74305093825501, -7.812973299525538 ], [ 109.743037735417658, -7.812987987278973 ], [ 109.743034424619964, -7.812991650293554 ], [ 109.743027783035245, -7.812998958266917 ], [ 109.74302445224788, -7.813002603226096 ], [ 109.742971015320279, -7.813060761150268 ], [ 109.742964293943203, -7.813067996711766 ], [ 109.742950772447841, -7.813082394284379 ], [ 109.742943972332341, -7.81308955629305 ], [ 109.742916617616686, -7.813118053843937 ], [ 109.742909739562492, -7.81312514145651 ], [ 109.742895906342937, -7.813139241433703 ], [ 109.742888951175473, -7.813146253800539 ], [ 109.742833021315448, -7.813202031828325 ], [ 109.742825989861785, -7.813208968113202 ], [ 109.742811851496128, -7.813222763787167 ], [ 109.742804744583907, -7.813229623176142 ], [ 109.742776169437718, -7.813256903654462 ], [ 109.742768987922602, -7.813263685320521 ], [ 109.742754551141786, -7.813277170125446 ], [ 109.742747295877109, -7.813283873263401 ], [ 109.74268897954903, -7.813337165216922 ], [ 109.742685324407034, -7.813340487198559 ], [ 109.742677996019893, -7.813347111220025 ], [ 109.742674322774349, -7.813350413260309 ], [ 109.742659593980193, -7.813363581185456 ], [ 109.742655902719719, -7.813366863204692 ], [ 109.742648502311283, -7.813373407109509 ], [ 109.742644793163777, -7.813376668994408 ], [ 109.742615051019584, -7.813402681271896 ], [ 109.742611323847427, -7.813405923139385 ], [ 109.742603851826914, -7.813412386551249 ], [ 109.74260010697941, -7.813415608094544 ], [ 109.742585092670708, -7.813428453249344 ], [ 109.742581329769962, -7.813431654786768 ], [ 109.742573786522712, -7.813438037332105 ], [ 109.742570005214077, -7.813441219145147 ], [ 109.742566210170708, -7.81344437733884 ], [ 109.74255860094047, -7.81345067464855 ], [ 109.742554787715164, -7.81345381296012 ], [ 109.742539498900726, -7.813466326036121 ], [ 109.742535668081132, -7.813469443961651 ], [ 109.742527989457017, -7.813475658924347 ], [ 109.742524141651188, -7.813478755962706 ], [ 109.742493292008533, -7.81350344811716 ], [ 109.742489427079363, -7.813506524374816 ], [ 109.742481680446133, -7.813512655829868 ], [ 109.742477798738037, -7.813515711029879 ], [ 109.742462238871724, -7.813527889303487 ], [ 109.742458340535336, -7.813530923327562 ], [ 109.742450527302594, -7.813536970146401 ], [ 109.742446612409822, -7.813539982938266 ], [ 109.742383860505356, -7.813588003327823 ], [ 109.742375981342832, -7.81359396498425 ], [ 109.74236015827745, -7.813605802229347 ], [ 109.742352214374705, -7.813611677818528 ], [ 109.74232031307298, -7.813635005252195 ], [ 109.742312305375037, -7.813640794074615 ], [ 109.742296227138525, -7.813652284263128 ], [ 109.742288156601546, -7.813657985628311 ], [ 109.742223364032043, -7.813703230563647 ], [ 109.742215231606281, -7.813708843798338 ], [ 109.742198905845953, -7.813719981462555 ], [ 109.742190712512638, -7.813725505891398 ], [ 109.742157821243381, -7.813747423393863 ], [ 109.742149567965498, -7.813752858366854 ], [ 109.742133002455489, -7.813763638205728 ], [ 109.742124690221544, -7.813768983072521 ], [ 109.742057980324944, -7.813811366424886 ], [ 109.742053802305406, -7.813814004932965 ], [ 109.742045431899157, -7.813819259183106 ], [ 109.742041239512446, -7.813821874925111 ], [ 109.742024441717831, -7.813832292058578 ], [ 109.74202023507479, -7.813834884965331 ], [ 109.742011807685515, -7.813840047848998 ], [ 109.742007586941611, -7.813842617824662 ], [ 109.741973767468664, -7.813863084159152 ], [ 109.741969532506289, -7.813865631272733 ], [ 109.741961048730957, -7.813870702414192 ], [ 109.741956799916522, -7.813873226443263 ], [ 109.741939777394464, -7.813883276130184 ], [ 109.74193551441283, -7.81388577725744 ], [ 109.741926974822832, -7.813890756288288 ], [ 109.741922697369603, -7.813893234678346 ], [ 109.741918409604807, -7.813895687946399 ], [ 109.741909819026603, -7.813900572099044 ], [ 109.741905517053226, -7.813903002499615 ], [ 109.741888281295701, -7.813912678031727 ], [ 109.741883965692011, -7.813915085224835 ], [ 109.741875321357497, -7.813919876118121 ], [ 109.741870992630652, -7.813922259816252 ], [ 109.741836311868383, -7.813941234569768 ], [ 109.741831969962675, -7.813943594800605 ], [ 109.741823273307546, -7.813948291610927 ], [ 109.741818918557044, -7.813950628191208 ], [ 109.741801474395743, -7.813959926926827 ], [ 109.741797106936644, -7.813962239783223 ], [ 109.741788359431325, -7.813966841708066 ], [ 109.741783979387606, -7.813969130775263 ], [ 109.74171381921019, -7.814005554518928 ], [ 109.741705021665496, -7.8140100611256 ], [ 109.741687377812696, -7.814018978364913 ], [ 109.741678531505556, -7.814023388996759 ], [ 109.741643052937377, -7.814040837501523 ], [ 109.741634158904503, -7.814045151641153 ], [ 109.741616324188385, -7.814053682907002 ], [ 109.741607383504459, -7.814057900033617 ], [ 109.741535696941298, -7.81409123709625 ], [ 109.741526710650817, -7.814095356715541 ], [ 109.74150869355401, -7.814103497948054 ], [ 109.741499662746264, -7.814107519562185 ], [ 109.741463454752875, -7.814123408119144 ], [ 109.741454380492428, -7.814127331253701 ], [ 109.741436189595618, -7.814135078578147 ], [ 109.741427072960732, -7.814138902767297 ], [ 109.741353996475027, -7.814169089687653 ], [ 109.741349422528117, -7.814170964566017 ], [ 109.741340264453299, -7.814174689413221 ], [ 109.74133568032147, -7.814176539383709 ], [ 109.741317323968076, -7.81418388923197 ], [ 109.741312729793606, -7.814185714237453 ], [ 109.74130353151412, -7.814189339238851 ], [ 109.741298927410526, -7.814191139234083 ], [ 109.741262058291397, -7.81420543782275 ], [ 109.741257444264363, -7.814207212803581 ], [ 109.74124820657255, -7.814210737640281 ], [ 109.741243582908567, -7.814212487495752 ], [ 109.741225069515622, -7.814219436463929 ], [ 109.741220436035746, -7.814221161258615 ], [ 109.741211159708996, -7.814224585617183 ], [ 109.741206516235479, -7.814226285408495 ], [ 109.741201865891526, -7.814227959069456 ], [ 109.741192554861755, -7.814231281527952 ], [ 109.741187894805023, -7.814232930097319 ], [ 109.741169235696987, -7.814239473983548 ], [ 109.74116456636574, -7.814241097297213 ], [ 109.741155218914059, -7.814244318497401 ], [ 109.741150540791637, -7.81424591638455 ], [ 109.741113082611434, -7.814258597109813 ], [ 109.741108395646336, -7.814260169586362 ], [ 109.741099013200369, -7.814263289018186 ], [ 109.74109431772456, -7.814264835971869 ], [ 109.741075519279605, -7.814270972583301 ], [ 109.741070815393812, -7.814272493980582 ], [ 109.741061399395335, -7.814275511159735 ], [ 109.741056687277364, -7.814277006943314 ], [ 109.740981250653135, -7.814300727293187 ], [ 109.740971802051547, -7.814303641911408 ], [ 109.740952873522076, -7.814309368191743 ], [ 109.740943393593227, -7.814312179854028 ], [ 109.74090541577749, -7.814323219252572 ], [ 109.740895905665298, -7.814325927619166 ], [ 109.740876856378577, -7.814331240737658 ], [ 109.740867317205186, -7.814333845489443 ], [ 109.740790914858678, -7.814354261720382 ], [ 109.740781347762777, -7.814356762545003 ], [ 109.740762186782774, -7.814361659971894 ], [ 109.740752592898843, -7.814364056574107 ], [ 109.74071416836864, -7.814373433406217 ], [ 109.740704548841961, -7.814375725499588 ], [ 109.740685285292443, -7.814380204904694 ], [ 109.740675641268581, -7.814382392216714 ], [ 109.740598418639536, -7.814399465464305 ], [ 109.740593587764806, -7.814400519752269 ], [ 109.740583920300651, -7.814402602040218 ], [ 109.740579083707701, -7.814403630040999 ], [ 109.74055972658573, -7.814407689324071 ], [ 109.740554884465951, -7.814408690996743 ], [ 109.740545194809613, -7.814410667991751 ], [ 109.740540347279193, -7.814411643312667 ], [ 109.74050154884668, -7.814419339785104 ], [ 109.740496695959678, -7.814420288742269 ], [ 109.740486985079372, -7.814422160243339 ], [ 109.740482127085897, -7.814423082787357 ], [ 109.740462685441514, -7.814426720035215 ], [ 109.740457822295184, -7.814427616173475 ], [ 109.74044809119556, -7.814429381979096 ], [ 109.740443222907402, -7.814430251705517 ], [ 109.740438351183911, -7.814431094723204 ], [ 109.740428602515351, -7.814432754367317 ], [ 109.740423725904236, -7.814433570934966 ], [ 109.740404210323447, -7.814436784191571 ], [ 109.740399329159175, -7.814437574248814 ], [ 109.74038956257931, -7.814439127802871 ], [ 109.740384677162581, -7.814439891299799 ], [ 109.740345579686561, -7.814445892590641 ], [ 109.740340690088715, -7.814446629515146 ], [ 109.740330906936265, -7.814448076757344 ], [ 109.740326013382116, -7.814448787075037 ], [ 109.74030643181959, -7.814451575051123 ], [ 109.740301534443745, -7.814452258742506 ], [ 109.74029173603526, -7.814453599475826 ], [ 109.740286835001882, -7.814454256517877 ], [ 109.74020841409731, -7.814464552721518 ], [ 109.740198601527879, -7.814465786793448 ], [ 109.740178963471692, -7.814468148119602 ], [ 109.740169137984083, -7.814469275373995 ], [ 109.74012981489102, -7.814473570229609 ], [ 109.740119977663483, -7.814474590530779 ], [ 109.740100292627289, -7.814476524060296 ], [ 109.740090444820964, -7.814477437288247 ], [ 109.740011648202312, -7.814484312332638 ], [ 109.740001790989538, -7.814485118377377 ], [ 109.739982068338804, -7.814486623188145 ], [ 109.739972202901981, -7.814487321954232 ], [ 109.739932729377813, -7.814489902142554 ], [ 109.739922856878366, -7.814490493547339 ], [ 109.739903106004874, -7.814491568924723 ], [ 109.739893227629238, -7.814492052897606 ], [ 109.739814122195412, -7.81449478269576 ], [ 109.73980920811988, -7.814494979037818 ], [ 109.739799340208776, -7.814495549115406 ], [ 109.739794405211455, -7.814495647241074 ], [ 109.739774648856155, -7.81449652848994 ], [ 109.739769709626501, -7.814496742075733 ], [ 109.739759831203799, -7.81449715578043 ], [ 109.739750881361317, -7.814497469630453 ] ] ] } },
{ "type": "Feature", "properties": { "NAMOBJ": "Garis Pantai", "FCODE": "DB02070140", "REMARK": null, "METADATA": null, "SRS_ID": "4326", "DTMVER": 23, "ELEVAS": 0.0, "KARGPN": 5, "TIPGPN": 2, "KODGPN": null, "THNSBDATA": "2017", "SBDATA": 1, "SKL": 3, "THNPBL": "2022", "KET": null, "Shape_Leng": 0.22043220337, "BUFF_DIST": "750", "ORIG_FID": 0 }, "geometry": { "type": "Polygon", "coordinates": [ [ [ 109.739730184297514, -7.816758834803238 ], [ 109.739715349782045, -7.816758996188014 ], [ 109.739707932207921, -7.816759056708861 ], [ 109.739693096837129, -7.816759137403437 ], [ 109.739685679040463, -7.816759157577053 ], [ 109.739681974107384, -7.816759152544535 ], [ 109.739674564265954, -7.816759132414006 ], [ 109.739670859350269, -7.816759117315996 ], [ 109.739655103312032, -7.816759031073161 ], [ 109.739649533404986, -7.816758993225505 ], [ 109.739632678649002, -7.816758854889997 ], [ 109.739611506228584, -7.816759036537974 ], [ 109.739600379583692, -7.81675899114714 ], [ 109.739578127044865, -7.816758809586076 ], [ 109.739567001153034, -7.816758673415904 ], [ 109.739552167624993, -7.816758431342521 ], [ 109.739548459312402, -7.816758365781254 ], [ 109.73954104288191, -7.816758224573618 ], [ 109.739537334763497, -7.816758148927363 ], [ 109.739478011231654, -7.816756858007352 ], [ 109.739470595675471, -7.816756676461011 ], [ 109.739455765676723, -7.816756273036276 ], [ 109.739448351232397, -7.816756051157824 ], [ 109.739418696527025, -7.816755083006228 ], [ 109.739411283400386, -7.816754820801748 ], [ 109.739396458692852, -7.81675425607483 ], [ 109.739389047113434, -7.81675395355245 ], [ 109.739329765937214, -7.816751372326735 ], [ 109.739322356117214, -7.816751029494469 ], [ 109.739307538470769, -7.816750303531649 ], [ 109.739300130645461, -7.816749920401207 ], [ 109.739270504176375, -7.816748307327202 ], [ 109.739263098546303, -7.816747883908647 ], [ 109.739248289725481, -7.816746996797463 ], [ 109.739240886534333, -7.816746533105004 ], [ 109.739181675933651, -7.816742662802426 ], [ 109.739174275373841, -7.816742158847319 ], [ 109.739159477131579, -7.816741110691737 ], [ 109.739152079447877, -7.816740566491319 ], [ 109.739122495314462, -7.816738309262519 ], [ 109.739115100720198, -7.816737724832478 ], [ 109.73910031482842, -7.816736515759203 ], [ 109.739092923530166, -7.816735891115854 ], [ 109.739033811687136, -7.816730733578424 ], [ 109.73902642391954, -7.816730068740981 ], [ 109.739011652135389, -7.816728698892518 ], [ 109.739004268121107, -7.816727993881784 ], [ 109.738974740409844, -7.816725093573154 ], [ 109.738967360339927, -7.816724348407035 ], [ 109.738952604412987, -7.816722817946641 ], [ 109.738945228556076, -7.816722032652478 ], [ 109.738886243602622, -7.816715590334979 ], [ 109.738878872136127, -7.816714764931248 ], [ 109.738864133829736, -7.816713074040933 ], [ 109.738856766988761, -7.816712208554236 ], [ 109.738827309750661, -7.816708666545878 ], [ 109.738819947749903, -7.81670776100151 ], [ 109.738805228818194, -7.81670590988341 ], [ 109.73879787188713, -7.816704964309736 ], [ 109.738739041898612, -7.816697240278472 ], [ 109.738731690245629, -7.816696254701526 ], [ 109.738716992434149, -7.816694243574261 ], [ 109.73870964627298, -7.816693218023488 ], [ 109.738680273523926, -7.816689036000582 ], [ 109.738672933083649, -7.816687970507587 ], [ 109.738658258145449, -7.816685799611832 ], [ 109.738650923650653, -7.816684694209584 ], [ 109.738592276631152, -7.816675692140961 ], [ 109.738588611764328, -7.816675124496726 ], [ 109.738581283595124, -7.816673979243149 ], [ 109.738577620298088, -7.816673401634773 ], [ 109.738562970356384, -7.816671071289704 ], [ 109.738559308649712, -7.816670483720372 ], [ 109.738551986880395, -7.816669298629392 ], [ 109.738548326813657, -7.816668701107176 ], [ 109.738519053291895, -7.816663881192312 ], [ 109.738515395045965, -7.816663273747395 ], [ 109.738508080228371, -7.816662048911496 ], [ 109.738504423653637, -7.816661431519947 ], [ 109.738489800824084, -7.816658942081858 ], [ 109.738486146339369, -7.816658314815982 ], [ 109.73847883907365, -7.816657050345214 ], [ 109.738475187046163, -7.81665641327271 ], [ 109.738471533967811, -7.816655765772964 ], [ 109.738464231101773, -7.816654461106168 ], [ 109.738460580558581, -7.816653803806105 ], [ 109.73844598357914, -7.816651155035856 ], [ 109.738442335244542, -7.816650487881418 ], [ 109.738435040380239, -7.816649143646202 ], [ 109.738431393853432, -7.816648466565766 ], [ 109.738402231237671, -7.816643010659618 ], [ 109.738398586785479, -7.816642323703263 ], [ 109.73839129975903, -7.816640939878596 ], [ 109.738387657186877, -7.816640243010681 ], [ 109.738373090799712, -7.816637435742678 ], [ 109.738369450136645, -7.816636728968547 ], [ 109.73836217077428, -7.816635305524812 ], [ 109.73835853207197, -7.816634588854583 ], [ 109.738300334629912, -7.816623044171536 ], [ 109.738293063373249, -7.816621581196216 ], [ 109.738278528936291, -7.816618615710354 ], [ 109.738271265754577, -7.816617113199356 ], [ 109.738242230177946, -7.816611024291774 ], [ 109.738234975352952, -7.816609482303363 ], [ 109.738220474215268, -7.816606358882382 ], [ 109.738213227906272, -7.816604777450493 ], [ 109.738155296859304, -7.816591969400861 ], [ 109.738148059314142, -7.816590348578814 ], [ 109.738133593205475, -7.816587067594071 ], [ 109.738126364643392, -7.81658540743183 ], [ 109.73809746917442, -7.816578688290065 ], [ 109.738090249792549, -7.816576988832765 ], [ 109.738075820432243, -7.816573550675628 ], [ 109.738068610453126, -7.816571811975621 ], [ 109.738010973374742, -7.816557746655519 ], [ 109.738003773001822, -7.816555968761065 ], [ 109.737989382106264, -7.816552373839272 ], [ 109.73798219158698, -7.816550556812558 ], [ 109.73795344997859, -7.816543210634393 ], [ 109.737946269489498, -7.81654135451987 ], [ 109.737931918776837, -7.816537603263669 ], [ 109.737924748550824, -7.816535708121478 ], [ 109.737867432876328, -7.816520392225925 ], [ 109.737860273114677, -7.816518458108533 ], [ 109.737845964284645, -7.816514550961131 ], [ 109.737838815214161, -7.816512577930553 ], [ 109.737810241144985, -7.816504608212199 ], [ 109.737803102976159, -7.816502596326416 ], [ 109.73778883773582, -7.816498533755237 ], [ 109.737780860888336, -7.816496236056423 ], [ 109.737772986385153, -7.816494791136734 ], [ 109.737764176970984, -7.816493277841289 ], [ 109.737751972780075, -7.816491165102775 ], [ 109.737744402707904, -7.816489845280501 ], [ 109.737739477598666, -7.816488981209829 ], [ 109.737736348002898, -7.816488429042181 ], [ 109.737728878579958, -7.816487104545047 ], [ 109.737716713616862, -7.816484932631795 ], [ 109.737708041363533, -7.816483372785456 ], [ 109.737686994341971, -7.816479559431627 ], [ 109.737680073788113, -7.816478293283296 ], [ 109.737668669225798, -7.816476186502484 ], [ 109.737661834941377, -7.816474911967759 ], [ 109.737641338774836, -7.816471053548696 ], [ 109.737634508889016, -7.816469755793094 ], [ 109.737623129444444, -7.816467573522459 ], [ 109.7376163039782, -7.816466252549731 ], [ 109.737598111811508, -7.816462700623561 ], [ 109.737592164395096, -7.816461613284559 ], [ 109.737587670911807, -7.816460783977561 ], [ 109.737569702738881, -7.816457436666383 ], [ 109.737565212070592, -7.816456592305826 ], [ 109.73755623362365, -7.816454888545195 ], [ 109.737551745844996, -7.816454029145405 ], [ 109.737515856275422, -7.81644709400075 ], [ 109.737511371401638, -7.816446219564227 ], [ 109.737502404653924, -7.816444455673206 ], [ 109.737497922787497, -7.816443566220357 ], [ 109.737480001377378, -7.816439978384835 ], [ 109.73747552248102, -7.816439073908043 ], [ 109.737466567813215, -7.816437249962007 ], [ 109.737462092039323, -7.816436330492365 ], [ 109.737448692837233, -7.816433554449475 ], [ 109.737445582583121, -7.816432906287332 ], [ 109.737439363626947, -7.816431602723242 ], [ 109.737436254921477, -7.816430947320725 ], [ 109.737423823168456, -7.816428311224001 ], [ 109.737420715992243, -7.816427648576962 ], [ 109.737414503202501, -7.816426316045806 ], [ 109.737411397581809, -7.816425646159985 ], [ 109.737386559339257, -7.816420258226003 ], [ 109.737383455309669, -7.81641958110896 ], [ 109.737377248836651, -7.816418219642458 ], [ 109.737374146394984, -7.816417535293624 ], [ 109.737361739898859, -7.816414783455116 ], [ 109.737358639065349, -7.816414091878755 ], [ 109.737352439038546, -7.81641270150584 ], [ 109.737349339845821, -7.816412002709342 ], [ 109.737299768670937, -7.8164007648341 ], [ 109.737296671103195, -7.816400058813599 ], [ 109.737290477663294, -7.81639863956508 ], [ 109.737287381790566, -7.816397926336947 ], [ 109.737275001614933, -7.816395058991986 ], [ 109.737271907408797, -7.816394338549628 ], [ 109.737265720676078, -7.816392890453756 ], [ 109.737262628146311, -7.816392162799445 ], [ 109.737237895214321, -7.816386312857958 ], [ 109.737234804426635, -7.81638557800693 ], [ 109.737228624563443, -7.816384101101562 ], [ 109.737225535490268, -7.81638335904762 ], [ 109.737213182741357, -7.816380376453083 ], [ 109.737210095411001, -7.816379627202821 ], [ 109.737203922516244, -7.816378121511605 ], [ 109.737200836951558, -7.81637736507065 ], [ 109.737192295195655, -7.816375259559152 ], [ 109.737185926550296, -7.816373679541357 ], [ 109.737175316441608, -7.816371029164827 ], [ 109.737168952973946, -7.8163694287353 ], [ 109.737149870355097, -7.816364596833978 ], [ 109.737143512031651, -7.816362975984362 ], [ 109.737132919222347, -7.816360257579049 ], [ 109.737126566186191, -7.81635861634561 ], [ 109.737090581582663, -7.816349258515402 ], [ 109.737084233865801, -7.816347596906098 ], [ 109.73707365881171, -7.816344810588532 ], [ 109.737067316478999, -7.816343128620531 ], [ 109.737048297756246, -7.816338052231856 ], [ 109.737041960883175, -7.816336349925166 ], [ 109.737031404048821, -7.816333495817901 ], [ 109.737025072704114, -7.816331773191393 ], [ 109.737015767467028, -7.816329225753577 ], [ 109.737010883482981, -7.81632788199596 ], [ 109.737002746345581, -7.816325632332791 ], [ 109.736997865740705, -7.816324276488047 ], [ 109.736983228963425, -7.816320190813485 ], [ 109.736978351698042, -7.816318822870073 ], [ 109.736970225842697, -7.816316532920837 ], [ 109.736965352063635, -7.816315152920254 ], [ 109.736937743956162, -7.816307298782078 ], [ 109.736932873599812, -7.816305906705793 ], [ 109.736924759246506, -7.816303576532334 ], [ 109.736919892369315, -7.816302172397286 ], [ 109.73690529704561, -7.816297941929179 ], [ 109.736900433699077, -7.816296525749806 ], [ 109.736892331051251, -7.816294155410617 ], [ 109.736887471198145, -7.816292727176176 ], [ 109.736878385703619, -7.816290044768209 ], [ 109.736873139355566, -7.816288488248006 ], [ 109.736864398891214, -7.81628588233707 ], [ 109.736859156714218, -7.816284311773643 ], [ 109.736843436683046, -7.816279579091713 ], [ 109.736838198768965, -7.816277994512575 ], [ 109.736829472465729, -7.816275341867879 ], [ 109.736824238848271, -7.816273743283205 ], [ 109.736794594376875, -7.8162646451147 ], [ 109.736789365075253, -7.816263032530344 ], [ 109.736780653183075, -7.816260333227774 ], [ 109.736775428197632, -7.816258706644021 ], [ 109.736759759995266, -7.816253805979954 ], [ 109.736754539444689, -7.816252165433525 ], [ 109.736745842179744, -7.816249419540213 ], [ 109.736740626064204, -7.816247765031221 ], [ 109.736723791035217, -7.816242400205226 ], [ 109.736718262358465, -7.816240629753622 ], [ 109.736709972902929, -7.816237962953608 ], [ 109.736707626771647, -7.816237205741231 ], [ 109.736703250235394, -7.816236304821302 ], [ 109.736700428703898, -7.816235764116584 ], [ 109.736655272244207, -7.816227061211066 ], [ 109.736652449705218, -7.816226514141931 ], [ 109.736646805770647, -7.8162254140492 ], [ 109.736643984372733, -7.816224861025148 ], [ 109.736632701220572, -7.816222637050032 ], [ 109.736629881022964, -7.816222078082831 ], [ 109.736624241804293, -7.816220954200332 ], [ 109.736621422781752, -7.816220389284865 ], [ 109.736598875756897, -7.816215846258899 ], [ 109.736596057955808, -7.816215275404431 ], [ 109.736590423565588, -7.816214127754563 ], [ 109.736587606990724, -7.816213550962061 ], [ 109.73657634312957, -7.816211231913996 ], [ 109.736573527756946, -7.816210649178799 ], [ 109.736567898278167, -7.816209477778671 ], [ 109.736565084161782, -7.816208889111863 ], [ 109.736555637988488, -7.816206901636519 ], [ 109.736548552984971, -7.81620539866401 ], [ 109.736536749126117, -7.816202872807537 ], [ 109.736529669508343, -7.81620134475429 ], [ 109.73650843902891, -7.816196723036853 ], [ 109.736501364895446, -7.816195169923958 ], [ 109.736489579340912, -7.816192560540742 ], [ 109.736482510813232, -7.816190982395142 ], [ 109.736442472931458, -7.816181968917704 ], [ 109.736435410049069, -7.816180365747471 ], [ 109.736423643380704, -7.816177672966376 ], [ 109.736416586255189, -7.816176044797771 ], [ 109.73639542372797, -7.816171122843059 ], [ 109.736388372416457, -7.816169469688759 ], [ 109.736376625196158, -7.816166693638422 ], [ 109.736369579837572, -7.816165015530942 ], [ 109.736359208162867, -7.816162526063181 ], [ 109.736353361749025, -7.816161113484043 ], [ 109.736343621284959, -7.816158744877328 ], [ 109.736337779137386, -7.816157315127498 ], [ 109.736320258966657, -7.816153000090708 ], [ 109.736314420997758, -7.816151553148529 ], [ 109.736304694652688, -7.816149127281108 ], [ 109.736298860996328, -7.816147663179549 ], [ 109.736265816694413, -7.816139318203625 ], [ 109.736259987410506, -7.816137836957637 ], [ 109.736250275601549, -7.81613535393268 ], [ 109.736244450716299, -7.81613385554931 ], [ 109.736226982799394, -7.816129334728771 ], [ 109.736221162379366, -7.816127819224789 ], [ 109.736211465409383, -7.816125279120286 ], [ 109.736205649454178, -7.816123746495805 ], [ 109.736196498201252, -7.816121321313176 ], [ 109.736193923063979, -7.816120635963955 ], [ 109.736188774079665, -7.81611926021759 ], [ 109.736186200244845, -7.81611856982363 ], [ 109.736175907703057, -7.816115798209694 ], [ 109.736173335256467, -7.816115102793844 ], [ 109.736168191700983, -7.816113706926956 ], [ 109.736165620596978, -7.816113006477053 ], [ 109.736145057591784, -7.816107382865084 ], [ 109.736142487879363, -7.816106677394089 ], [ 109.736137349860485, -7.816105261435553 ], [ 109.736134781544763, -7.816104550945226 ], [ 109.736124511087041, -7.816101698948614 ], [ 109.736121944166484, -7.81610098343856 ], [ 109.736116811727641, -7.816099547400427 ], [ 109.736114246215948, -7.816098826874224 ], [ 109.736073211136954, -7.816087258843424 ], [ 109.736070647053452, -7.816086533306475 ], [ 109.736065520320437, -7.81608507722359 ], [ 109.736062957672914, -7.816084346678167 ], [ 109.736052709961825, -7.816081414482255 ], [ 109.736050148725781, -7.81608067892148 ], [ 109.736045027749071, -7.816079202808737 ], [ 109.73604246801051, -7.816078462257281 ], [ 109.736021995942735, -7.816072517840496 ], [ 109.736019437625487, -7.816071772276359 ], [ 109.736014322495294, -7.816070276159451 ], [ 109.736011765676324, -7.816069525604973 ], [ 109.736001541321798, -7.816066513384897 ], [ 109.735998985980473, -7.81606575783411 ], [ 109.735993876757391, -7.816064241731112 ], [ 109.735991322868699, -7.816063481176741 ], [ 109.7359750846407, -7.816058628103349 ], [ 109.735972443251228, -7.816057835766628 ], [ 109.73596716207004, -7.816056245746609 ], [ 109.735964522278891, -7.816055448063537 ], [ 109.735953966451916, -7.816052246680727 ], [ 109.735951328318265, -7.816051443669153 ], [ 109.735946053679243, -7.816049832308465 ], [ 109.735943417184842, -7.816049023962819 ], [ 109.735922331929373, -7.816042535905524 ], [ 109.735919697050008, -7.816041722218358 ], [ 109.735914428991862, -7.816040089528769 ], [ 109.735911795799893, -7.81603927052231 ], [ 109.735901266371854, -7.816035983847598 ], [ 109.735898634867112, -7.81603515952213 ], [ 109.735893373493013, -7.816033505535756 ], [ 109.735890743627806, -7.816032675876102 ], [ 109.735848681454286, -7.816019359453833 ], [ 109.735846053308592, -7.816018524484946 ], [ 109.735840798693346, -7.816016849224695 ], [ 109.735838172218678, -7.816016008931513 ], [ 109.735835463288879, -7.816015139235731 ], [ 109.735831464446051, -7.816014410718537 ], [ 109.735822616426674, -7.816012783476822 ], [ 109.735818193779494, -7.816011962561618 ], [ 109.735800654273874, -7.816008677003708 ], [ 109.7357962707311, -7.816007848438176 ], [ 109.735787506388931, -7.816006176969438 ], [ 109.735783125593855, -7.816005334066972 ], [ 109.735748091312018, -7.815998533709603 ], [ 109.735743713287548, -7.81599767647424 ], [ 109.735734960119032, -7.815995947692443 ], [ 109.735730584974306, -7.815995076145839 ], [ 109.735713090207469, -7.815991561347971 ], [ 109.7357087179426, -7.815990675490298 ], [ 109.735699976341721, -7.815988889473715 ], [ 109.735695607003947, -7.815987989314408 ], [ 109.735625729448827, -7.815973474098087 ], [ 109.735621363100108, -7.81597255964931 ], [ 109.735612633431401, -7.815970716471043 ], [ 109.735608270107321, -7.815969787740869 ], [ 109.735590823082134, -7.815966044304218 ], [ 109.735586462853178, -7.81596510130754 ], [ 109.735577745497267, -7.815963201049271 ], [ 109.735573388372643, -7.815962243788135 ], [ 109.735538545086513, -7.815954528926056 ], [ 109.73553419114711, -7.815953557417856 ], [ 109.735525486482913, -7.815951600161782 ], [ 109.735521135761701, -7.815950614414476 ], [ 109.735503739488308, -7.815946642986262 ], [ 109.735499392013708, -7.815945643005875 ], [ 109.735490700408434, -7.815943628834646 ], [ 109.735486356286742, -7.815942614645905 ], [ 109.735479132178853, -7.815940915619478 ], [ 109.735475745122358, -7.815940114458385 ], [ 109.735468973111836, -7.815938503501684 ], [ 109.735465588146496, -7.815937693703233 ], [ 109.735452052493883, -7.815934437241822 ], [ 109.735448669610548, -7.815933618803967 ], [ 109.735441905966695, -7.815931973298802 ], [ 109.735438525207201, -7.815931146231776 ], [ 109.735411488016211, -7.815924495273521 ], [ 109.735408109369871, -7.815923659574366 ], [ 109.735401354245596, -7.815921979557629 ], [ 109.735397977773516, -7.815921135241695 ], [ 109.735384476243837, -7.815917740746784 ], [ 109.735381101933228, -7.815916887810658 ], [ 109.735374355527654, -7.815915173332257 ], [ 109.73537098342382, -7.815914311787708 ], [ 109.735317051234802, -7.815900459182444 ], [ 109.735313681366506, -7.815899589036178 ], [ 109.735306943841124, -7.815897840136302 ], [ 109.73530357617534, -7.815896961380304 ], [ 109.735290110205312, -7.815893429211599 ], [ 109.735286744859081, -7.815892541876337 ], [ 109.735280016410172, -7.815890758606713 ], [ 109.735276653317101, -7.81588986267468 ], [ 109.735249758340558, -7.815882661033243 ], [ 109.73524639757909, -7.815881756525357 ], [ 109.735239678386392, -7.815879938933278 ], [ 109.735236319956812, -7.815879025849711 ], [ 109.735222890966952, -7.815875356381639 ], [ 109.735219534873579, -7.815874434723412 ], [ 109.735212825064366, -7.81587258284361 ], [ 109.735208491256572, -7.815871379425516 ], [ 109.735187776712337, -7.815868542777707 ], [ 109.73518442527552, -7.815868103210391 ], [ 109.735177723464517, -7.815867215764399 ], [ 109.735174373091013, -7.815866767885495 ], [ 109.735160973977031, -7.815864959780868 ], [ 109.735157624753526, -7.815864503601972 ], [ 109.735150927449695, -7.815863582943223 ], [ 109.735147579369311, -7.815863118463483 ], [ 109.735120799829474, -7.815859369494774 ], [ 109.735117452923078, -7.815858896718112 ], [ 109.735110760289615, -7.815857942869116 ], [ 109.735107414559309, -7.815857461796156 ], [ 109.7350940341193, -7.815855520930029 ], [ 109.73509068961755, -7.815855031568219 ], [ 109.735084001812766, -7.815854044551543 ], [ 109.735080658511833, -7.815853546896903 ], [ 109.735071162505676, -7.815852120525108 ], [ 109.735064827987742, -7.815851159448812 ], [ 109.735054273006483, -7.815849541124408 ], [ 109.735047941552011, -7.815848560212316 ], [ 109.735028951914046, -7.81584558774216 ], [ 109.73502262354333, -7.815844586997002 ], [ 109.735012078926275, -7.815842902576321 ], [ 109.735005753780342, -7.81584188202055 ], [ 109.734969921262234, -7.81583604287772 ], [ 109.73496359963724, -7.815835002560391 ], [ 109.734953066337141, -7.815833252199809 ], [ 109.734946748001221, -7.815832192084258 ], [ 109.734927798248521, -7.815828982094558 ], [ 109.734921483869812, -7.815827902295609 ], [ 109.734910962897118, -7.815826086178504 ], [ 109.734905704514404, -7.81582517084945 ], [ 109.734902674188902, -7.815824639016057 ], [ 109.734897107833149, -7.815823652264555 ], [ 109.734887835156144, -7.815821995269289 ], [ 109.734882273059952, -7.81582099340892 ], [ 109.734865592622782, -7.815817965079702 ], [ 109.734860033899906, -7.815816947959547 ], [ 109.734850771749564, -7.815815239967833 ], [ 109.734845215875737, -7.815814207494668 ], [ 109.734813742849099, -7.815808313721561 ], [ 109.734808190116212, -7.815807265950355 ], [ 109.734798938058248, -7.815805506895174 ], [ 109.734793388297987, -7.815804443795855 ], [ 109.734776743461339, -7.815801231502405 ], [ 109.734771196664894, -7.815800153073155 ], [ 109.734761954514056, -7.815798342923813 ], [ 109.734756410723719, -7.815797249172761 ], [ 109.734747148752263, -7.815795409216037 ], [ 109.734742215599169, -7.815794419390386 ], [ 109.734732353020888, -7.815792421547599 ], [ 109.734727423593711, -7.815791413530292 ], [ 109.734707713536295, -7.81578734511811 ], [ 109.734702787878916, -7.815786318918015 ], [ 109.734692940397679, -7.815784248348166 ], [ 109.73468801857473, -7.815783203978697 ], [ 109.734648661000961, -7.815774776701687 ], [ 109.734643743084405, -7.815773714177794 ], [ 109.734633911236187, -7.815771570992922 ], [ 109.734628997297079, -7.815770490330294 ], [ 109.734609349777372, -7.8157661314645 ], [ 109.734604439898987, -7.815765032681611 ], [ 109.734594624226304, -7.815762817000518 ], [ 109.734589718436894, -7.815761700103621 ], [ 109.734511270624068, -7.81574368761045 ], [ 109.73450636902794, -7.815742552622339 ], [ 109.734496570076942, -7.815740264567069 ], [ 109.734491672715137, -7.81573911149826 ], [ 109.734472092043291, -7.815734463133538 ], [ 109.734467199012784, -7.815733292006712 ], [ 109.734457417290685, -7.815730931697146 ], [ 109.734452528605857, -7.815729742515771 ], [ 109.734413438379136, -7.815720157302906 ], [ 109.734408554160098, -7.815718950095913 ], [ 109.734398790222883, -7.815716517665294 ], [ 109.734393910505275, -7.815715292441837 ], [ 109.734374400936019, -7.815710355589829 ], [ 109.734369525795557, -7.815709112368666 ], [ 109.734359780162436, -7.815706607946936 ], [ 109.734354909669094, -7.815705346746086 ], [ 109.73434671154979, -7.815703207713341 ], [ 109.734341005194551, -7.815701705625088 ], [ 109.734329599080297, -7.81569867676933 ], [ 109.734323899321737, -7.815697150001995 ], [ 109.734301113874608, -7.815690993680164 ], [ 109.734295420825731, -7.815689442263931 ], [ 109.734284041494334, -7.815686314798256 ], [ 109.734278355212837, -7.815684738748928 ], [ 109.734232894868342, -7.815672032610564 ], [ 109.734227215513044, -7.815670431971455 ], [ 109.734215863821021, -7.815667206130001 ], [ 109.734210191480713, -7.815665580926748 ], [ 109.734187516600116, -7.815659031114421 ], [ 109.734181851402695, -7.815657381383573 ], [ 109.734170528215373, -7.815654057413155 ], [ 109.734164870229108, -7.815652383174609 ], [ 109.73407459658597, -7.815624681812608 ], [ 109.734068967288408, -7.815622957286337 ], [ 109.734057616665893, -7.815619749449809 ], [ 109.734052002518354, -7.815617952655373 ], [ 109.734029366464426, -7.815611291045286 ], [ 109.734023709440464, -7.815609619569159 ], [ 109.734012399604865, -7.815606264538417 ], [ 109.734006766130733, -7.815604523678246 ], [ 109.733961913807832, -7.815589841594772 ], [ 109.733956308858637, -7.815588000133914 ], [ 109.733953677771638, -7.815587132496489 ], [ 109.733945184978836, -7.815584189330082 ], [ 109.733939618531963, -7.815582272717791 ], [ 109.733916857692918, -7.815575744502041 ], [ 109.733911253307667, -7.815573899659739 ], [ 109.733900052620186, -7.815570185739602 ], [ 109.733894456321991, -7.815568316663075 ], [ 109.733885545373255, -7.815565318296933 ], [ 109.733879811827876, -7.81556338011967 ], [ 109.733870260737831, -7.815560135688145 ], [ 109.733864532953532, -7.815558180540222 ], [ 109.733847358462015, -7.815552289714503 ], [ 109.733841636561522, -7.81555031763753 ], [ 109.733832104933072, -7.815547016724565 ], [ 109.733826388874888, -7.815545027704218 ], [ 109.733794015567298, -7.815533708978364 ], [ 109.733788306008591, -7.81553170324554 ], [ 109.73377879507234, -7.815528346285248 ], [ 109.733773091492708, -7.815526323660322 ], [ 109.733755990104157, -7.815520230583274 ], [ 109.733750293644505, -7.815518191475974 ], [ 109.733740804978254, -7.81551477905532 ], [ 109.733735117428807, -7.815512724126279 ], [ 109.733731227426517, -7.815511309111798 ], [ 109.733725346933113, -7.815509159322175 ], [ 109.733722407926223, -7.815508081051121 ], [ 109.733710659728217, -7.815503755518307 ], [ 109.733707723915586, -7.815502670759599 ], [ 109.733701854795981, -7.815500494502658 ], [ 109.73369892149492, -7.815499403006697 ], [ 109.733675468343847, -7.815490645288605 ], [ 109.733672537930431, -7.815489547196592 ], [ 109.733666679640748, -7.815487344286908 ], [ 109.733663751758456, -7.815486239466964 ], [ 109.733652045394251, -7.815481806769355 ], [ 109.733649120081111, -7.815480695235635 ], [ 109.733643272012728, -7.815478465450212 ], [ 109.733640349262885, -7.815477347200442 ], [ 109.733593611434173, -7.815459403648219 ], [ 109.733590691435495, -7.815458278754875 ], [ 109.733584854072376, -7.815456022280046 ], [ 109.733581936706855, -7.81545489069839 ], [ 109.73357027245487, -7.815450350973776 ], [ 109.733567357693801, -7.81544921269284 ], [ 109.733561530800898, -7.815446929441407 ], [ 109.733558618670088, -7.815445784471251 ], [ 109.733535332571194, -7.815436598120527 ], [ 109.733532423102588, -7.815435446473487 ], [ 109.733526606814507, -7.815433136497916 ], [ 109.73352369999094, -7.81543197816751 ], [ 109.733512078130673, -7.815427331536114 ], [ 109.733509174014785, -7.815426166547127 ], [ 109.733503368447202, -7.815423829893405 ], [ 109.733500466981468, -7.815422658222758 ], [ 109.73349266988464, -7.815419499176301 ], [ 109.733488666536061, -7.815417869793805 ], [ 109.733480665018021, -7.815414598329198 ], [ 109.733476666868512, -7.815412956255273 ], [ 109.733460684848353, -7.815406362650208 ], [ 109.73345669193975, -7.815404707901621 ], [ 109.73344871143513, -7.81540138576014 ], [ 109.733444723839455, -7.815399718367246 ], [ 109.733423516975108, -7.815390811266639 ], [ 109.733399421640115, -7.815387020081857 ], [ 109.733393854115036, -7.815386136368318 ], [ 109.73338457695769, -7.815384650727822 ], [ 109.733379011884097, -7.815383751670936 ], [ 109.733362320531626, -7.815381031515415 ], [ 109.733356758016555, -7.815380117132293 ], [ 109.733347452361841, -7.81537857421273 ], [ 109.733341613114192, -7.815377597384611 ], [ 109.733329030744699, -7.815375473001779 ], [ 109.733317463611343, -7.815373501211127 ], [ 109.733301080512035, -7.815370679554746 ], [ 109.733290711224697, -7.815368876284026 ], [ 109.733285980679511, -7.815368046811727 ], [ 109.733283676439328, -7.8153676399848 ], [ 109.733274549560349, -7.815366019694693 ], [ 109.733269056402605, -7.81536503677836 ], [ 109.733255727362518, -7.815362633186623 ], [ 109.733251342384619, -7.8153618374497 ], [ 109.733244035555003, -7.815360503262127 ], [ 109.733239652340501, -7.815359697974884 ], [ 109.733214820910064, -7.815355107950438 ], [ 109.733210439726804, -7.81535429316267 ], [ 109.733203139270074, -7.815352927233846 ], [ 109.733198759917855, -7.815352102909515 ], [ 109.733185624502823, -7.815349615612035 ], [ 109.733181246918321, -7.815348781738976 ], [ 109.733173952533491, -7.815347384016093 ], [ 109.733169576814817, -7.815346540613405 ], [ 109.733159484001305, -7.815344583153603 ], [ 109.733152294425111, -7.815343175897794 ], [ 109.733140316077879, -7.81534080902361 ], [ 109.733133131622878, -7.815339376027396 ], [ 109.733111586171617, -7.815335038474416 ], [ 109.733104406933592, -7.815333579756725 ], [ 109.733092445925593, -7.815331127134641 ], [ 109.733085271961272, -7.815329642707127 ], [ 109.733044636062516, -7.815321158443055 ], [ 109.733037467498093, -7.815319648331126 ], [ 109.733025524461482, -7.815317110089666 ], [ 109.73301836139882, -7.815315574315434 ], [ 109.732996880672488, -7.815310928544534 ], [ 109.732989723155924, -7.815309367117379 ], [ 109.732977798719048, -7.815306743390863 ], [ 109.732970646903198, -7.815305156344778 ], [ 109.732961367036353, -7.815303080738602 ], [ 109.732958420529997, -7.815302417916257 ], [ 109.732952528968269, -7.815301085739634 ], [ 109.732949583923187, -7.815300416387686 ], [ 109.732937806814846, -7.815297725954508 ], [ 109.732934863279127, -7.815297050083757 ], [ 109.732928977731262, -7.815295691826861 ], [ 109.732926035719288, -7.815295009440717 ], [ 109.732902505928337, -7.815289524339278 ], [ 109.732899565440164, -7.815288835437798 ], [ 109.732893685981821, -7.815287451118024 ], [ 109.732890747004205, -7.815286755697969 ], [ 109.732878994320743, -7.815283961029309 ], [ 109.732876056932639, -7.815283259109265 ], [ 109.732870183702403, -7.815281848759355 ], [ 109.732867247871241, -7.81528114033182 ], [ 109.732820289739323, -7.815269754085932 ], [ 109.732817355512225, -7.815269039161933 ], [ 109.732811488639356, -7.815267602812355 ], [ 109.732808555989493, -7.815266881385639 ], [ 109.732796828681842, -7.815263982707165 ], [ 109.732793897652016, -7.815263254788192 ], [ 109.732788037218825, -7.815261792459637 ], [ 109.73278510781563, -7.815261058050112 ], [ 109.7327616794758, -7.815255156906403 ], [ 109.732758751734593, -7.815254416015023 ], [ 109.732752897875116, -7.815252927740914 ], [ 109.732749971753037, -7.815252180356993 ], [ 109.732738270731033, -7.815249177894259 ], [ 109.732735346322897, -7.815248424042011 ], [ 109.732729499166226, -7.815246909855148 ], [ 109.732726576414393, -7.815246149519737 ], [ 109.732718586298972, -7.815244061488045 ], [ 109.732714910163281, -7.815243095337223 ], [ 109.732707560555468, -7.815241152776252 ], [ 109.732703887090338, -7.815240176367524 ], [ 109.732689198893013, -7.815236250302178 ], [ 109.732685528201387, -7.815235263662714 ], [ 109.732678189602666, -7.815233280156178 ], [ 109.732674521694378, -7.815232283288708 ], [ 109.732645190252924, -7.815224267625638 ], [ 109.732638535535443, -7.815222430907056 ], [ 109.732625235526143, -7.81521872379642 ], [ 109.732618590229436, -7.815216853402887 ], [ 109.732615617064255, -7.815216008439791 ], [ 109.732612629330617, -7.81521526397114 ], [ 109.732608303095958, -7.815214178460394 ], [ 109.732599654231592, -7.815211993295748 ], [ 109.732595331592108, -7.81521089363946 ], [ 109.732585207434568, -7.815208300463723 ], [ 109.732582028445393, -7.815207482125174 ], [ 109.732575672488053, -7.815205837805024 ], [ 109.732572495533361, -7.815205011827118 ], [ 109.732559791629285, -7.815201692596247 ], [ 109.73255658416673, -7.81520085039233 ], [ 109.732550171344258, -7.815199158194844 ], [ 109.732546908492964, -7.815198292879643 ], [ 109.732527998045498, -7.815193251920334 ], [ 109.732513436081092, -7.815189347225328 ], [ 109.732490423282115, -7.815183137491886 ], [ 109.732475925871938, -7.815179201026297 ], [ 109.732469321116412, -7.815177398017113 ], [ 109.732461136706661, -7.815175283981034 ], [ 109.732425583732947, -7.81516584429653 ], [ 109.732407727832367, -7.815160973348725 ], [ 109.732397755368083, -7.815158179316143 ], [ 109.732389821527477, -7.815155944645312 ], [ 109.732371343434465, -7.815150710920193 ], [ 109.73236722556112, -7.815149539701508 ], [ 109.732360414248546, -7.815147594693997 ], [ 109.732356328656579, -7.815146423436147 ], [ 109.732344075656897, -7.815142896957411 ], [ 109.732339992538698, -7.815141717216761 ], [ 109.732333189413907, -7.815139743916575 ], [ 109.732329108782949, -7.81513855569699 ], [ 109.732305992465001, -7.815131798490881 ], [ 109.732301914340155, -7.815130601798046 ], [ 109.732295119492449, -7.815128600230821 ], [ 109.732291043822329, -7.815127395049387 ], [ 109.732278820705631, -7.815123766834859 ], [ 109.732274747599661, -7.815122553197114 ], [ 109.732267961190189, -7.815120523410201 ], [ 109.732263890620175, -7.815119301308073 ], [ 109.732246392504123, -7.815114027393179 ], [ 109.732239748663289, -7.815112012876625 ], [ 109.732228681386061, -7.815108636572916 ], [ 109.732222044503374, -7.81510659952778 ], [ 109.732202144344342, -7.815100454615674 ], [ 109.732195514411274, -7.815098395039229 ], [ 109.732184470430809, -7.815094943671909 ], [ 109.732177847569289, -7.815092861601897 ], [ 109.732140339346586, -7.815080999880081 ], [ 109.732133723656545, -7.815078895347767 ], [ 109.732122703468235, -7.815075369070939 ], [ 109.732116094965704, -7.815073242081553 ], [ 109.73209628056776, -7.815066827533769 ], [ 109.732089679401895, -7.8150646781354 ], [ 109.732078683581676, -7.815061077133976 ], [ 109.732072089769588, -7.815058905332478 ], [ 109.732045169021831, -7.815049988194062 ], [ 109.73204019764529, -7.815048334335586 ], [ 109.732031915615096, -7.815045567307095 ], [ 109.732026948555642, -7.815043900731439 ], [ 109.732016631307431, -7.815040424902463 ], [ 109.732009582239414, -7.815039702752415 ], [ 109.732005920063273, -7.815039322579821 ], [ 109.731991273450774, -7.815037782117031 ], [ 109.731987612291618, -7.81503739205516 ], [ 109.731980291078116, -7.815036602051464 ], [ 109.731976631023599, -7.815036202109695 ], [ 109.731947355380896, -7.815032963097508 ], [ 109.731943696406631, -7.815032553273056 ], [ 109.731936379580361, -7.815031723746415 ], [ 109.731932721731937, -7.815031304044624 ], [ 109.731918092695309, -7.815029605494374 ], [ 109.731914435987676, -7.815029175916663 ], [ 109.731907123771919, -7.81502830689243 ], [ 109.731903468265273, -7.815027867446076 ], [ 109.731896148149019, -7.815026977431955 ], [ 109.731892176989277, -7.815026488686215 ], [ 109.731884236168639, -7.815025499550245 ], [ 109.731880266511155, -7.815024999160528 ], [ 109.731864390824796, -7.815022974306203 ], [ 109.73186042263211, -7.815022462267791 ], [ 109.731852487769345, -7.815021426549606 ], [ 109.731848521091194, -7.81502090286881 ], [ 109.731816794703093, -7.815016666981705 ], [ 109.731812829593252, -7.815016131665288 ], [ 109.731804900987356, -7.815015049403257 ], [ 109.731800937485843, -7.815014502457018 ], [ 109.731785086791604, -7.815012291425319 ], [ 109.731781124944177, -7.81501173285551 ], [ 109.731773202854924, -7.815010604085899 ], [ 109.731769242620999, -7.815010033886892 ], [ 109.731705898589837, -7.81500081865164 ], [ 109.731701940077187, -7.81500023683833 ], [ 109.731694024781916, -7.81499906159894 ], [ 109.731690067994123, -7.814998468172405 ], [ 109.731674244475983, -7.814996071266592 ], [ 109.73167028947239, -7.81499546623553 ], [ 109.731662381254296, -7.814994244569846 ], [ 109.731658428046785, -7.81499362793636 ], [ 109.731626810397302, -7.814988648586962 ], [ 109.731622859014976, -7.814988020355202 ], [ 109.731614958134628, -7.814986752302957 ], [ 109.731611008632399, -7.814986112481847 ], [ 109.731595214504068, -7.814983530038546 ], [ 109.731591202917855, -7.814982867975175 ], [ 109.731583181738927, -7.814981531888634 ], [ 109.731579071364308, -7.814980840765486 ], [ 109.731568898758042, -7.814979113686832 ], [ 109.73155878528479, -7.81497738285799 ], [ 109.731544389045041, -7.814974896741376 ], [ 109.731534106624963, -7.814973104839623 ], [ 109.731529923830578, -7.814972366300594 ], [ 109.73152143729186, -7.814970853409363 ], [ 109.731517133096077, -7.814970078977638 ], [ 109.731500108902139, -7.814966987706214 ], [ 109.731495838593048, -7.814966205273606 ], [ 109.731487300499964, -7.814964626816732 ], [ 109.731483032720917, -7.814963830793261 ], [ 109.731451077769009, -7.814957817911534 ], [ 109.73144708443607, -7.814957060330983 ], [ 109.731439100059333, -7.814955533270279 ], [ 109.731435109014853, -7.814954763789956 ], [ 109.731419149560338, -7.814951662097826 ], [ 109.731415160831489, -7.814950880723018 ], [ 109.731407185752062, -7.814949306091137 ], [ 109.731403199400347, -7.814948512833951 ], [ 109.731339444286107, -7.814935727158513 ], [ 109.731335460415607, -7.81493492203947 ], [ 109.731327495105802, -7.814933299930658 ], [ 109.731323513663256, -7.814932482940094 ], [ 109.731307592910525, -7.814929191267709 ], [ 109.731303613950786, -7.814928362416765 ], [ 109.731295658506838, -7.814926692853248 ], [ 109.73129168202388, -7.814925852140789 ], [ 109.731259881112805, -7.814919079215542 ], [ 109.731255907183709, -7.814918226657596 ], [ 109.7312479618883, -7.814916509698264 ], [ 109.731243990514656, -7.81491564529523 ], [ 109.73122811035114, -7.814912164041175 ], [ 109.731224141617872, -7.814911287811697 ], [ 109.731216206761019, -7.814909523519589 ], [ 109.731212240652326, -7.814908635460256 ], [ 109.731205073545254, -7.814907019435338 ], [ 109.731199714830211, -7.814905799806695 ], [ 109.731189002412407, -7.814903338967326 ], [ 109.731183648709475, -7.814902097756544 ], [ 109.731162244195957, -7.814897089813257 ], [ 109.731156895550328, -7.814895827030739 ], [ 109.731146203446087, -7.814893279924775 ], [ 109.731140859984578, -7.814891995600647 ], [ 109.731098134918625, -7.814881635297695 ], [ 109.731092796679775, -7.814880329440768 ], [ 109.731082125559226, -7.814877696227427 ], [ 109.731076792669228, -7.814876368868852 ], [ 109.731055472122307, -7.814871016510381 ], [ 109.731050144668984, -7.814869667672099 ], [ 109.731039495241305, -7.814866948526799 ], [ 109.73103417327286, -7.814865578221145 ], [ 109.730949081310371, -7.814843485643962 ], [ 109.730943764945437, -7.814842093900268 ], [ 109.730933137900763, -7.814839288997291 ], [ 109.730927827222672, -7.814837875838464 ], [ 109.730906596223122, -7.81483218046327 ], [ 109.730901291322766, -7.814830745913355 ], [ 109.73089068736914, -7.814827855441706 ], [ 109.730885388312288, -7.814826399518722 ], [ 109.730843021406429, -7.814814667241819 ], [ 109.730837728290055, -7.814813189971801 ], [ 109.730827148097887, -7.814810214113095 ], [ 109.730821861032325, -7.81480871552742 ], [ 109.730800725122776, -7.814802678624801 ], [ 109.730795444162425, -7.814801158738703 ], [ 109.730784888456242, -7.81479809769786 ], [ 109.730779613695688, -7.814796556538738 ], [ 109.730771538582474, -7.81479417950294 ], [ 109.730766553233309, -7.814792701647036 ], [ 109.730756588231486, -7.81478972693094 ], [ 109.730751608581045, -7.814788230071485 ], [ 109.730731701704315, -7.814782204725248 ], [ 109.730726727857245, -7.814780688893677 ], [ 109.730716785966877, -7.814777638259159 ], [ 109.730711817927556, -7.814776103457007 ], [ 109.730672098914056, -7.814763749797692 ], [ 109.730667136819534, -7.814762196066795 ], [ 109.730657218625993, -7.814759069692514 ], [ 109.730652262526803, -7.814757497049072 ], [ 109.73063245039333, -7.814751168737132 ], [ 109.730627500366097, -7.814749577205532 ], [ 109.730617606429234, -7.81474637526884 ], [ 109.730612662519775, -7.814744764863804 ], [ 109.730574366931762, -7.81473220977449 ], [ 109.730565595159305, -7.814730564965487 ], [ 109.730561813495967, -7.814729850332924 ], [ 109.730554252196271, -7.814728410394309 ], [ 109.730550472563152, -7.814727685088769 ], [ 109.730535358256361, -7.814724762552771 ], [ 109.730531580691604, -7.814724026581587 ], [ 109.730524027682918, -7.814722543983919 ], [ 109.730520252236261, -7.814721797356867 ], [ 109.730472645664634, -7.814712312528911 ], [ 109.730468490176008, -7.814711480170558 ], [ 109.730461565786413, -7.81471008572737 ], [ 109.730457412054875, -7.814709244763321 ], [ 109.730444953483072, -7.814706708960728 ], [ 109.730440801432621, -7.814705859375636 ], [ 109.730433882921204, -7.814704436251247 ], [ 109.730429732756704, -7.814703578087062 ], [ 109.730420699178183, -7.814701700749026 ], [ 109.730414332409396, -7.814700361501195 ], [ 109.730401605350153, -7.814697652638586 ], [ 109.730395245065438, -7.814696283025057 ], [ 109.730369817552514, -7.814690743981203 ], [ 109.730363463936044, -7.814689344041483 ], [ 109.730350763471222, -7.814686513858078 ], [ 109.730344416625485, -7.814685083615075 ], [ 109.730293672548271, -7.814673521274017 ], [ 109.730287332629302, -7.81467206076195 ], [ 109.730274659896736, -7.814669109510533 ], [ 109.730268327086208, -7.814667618772148 ], [ 109.730243010524362, -7.814661595475513 ], [ 109.730236684926183, -7.814660074535084 ], [ 109.730224041095312, -7.814657002489184 ], [ 109.730217722858526, -7.814655451382748 ], [ 109.730160640308327, -7.814641292675219 ], [ 109.730155427272791, -7.814639992420268 ], [ 109.730146741762155, -7.81463781392182 ], [ 109.730141532189464, -7.814636499979713 ], [ 109.730125908750949, -7.81463253764457 ], [ 109.730120702665943, -7.814631210021673 ], [ 109.730112028813551, -7.814628985928834 ], [ 109.730106826274891, -7.814627644640211 ], [ 109.730097767724033, -7.814625296595523 ], [ 109.73009290586873, -7.81462402994805 ], [ 109.730084805431602, -7.814621908928586 ], [ 109.730079946784087, -7.814620630358661 ], [ 109.730065375549032, -7.814616776738205 ], [ 109.730060520069458, -7.814615486235539 ], [ 109.730052430258866, -7.814613325458197 ], [ 109.730047577941207, -7.814612023021198 ], [ 109.73002326282699, -7.814605464962654 ], [ 109.730017817961311, -7.814603984204382 ], [ 109.730006934453684, -7.814601000171933 ], [ 109.730001495817817, -7.814599496899291 ], [ 109.729979754003637, -7.814593438855013 ], [ 109.729974321651639, -7.81459191308295 ], [ 109.729963463350714, -7.814588839072655 ], [ 109.729958037399456, -7.814587290833799 ], [ 109.729914657598215, -7.814574815688616 ], [ 109.729909238141317, -7.814573245009456 ], [ 109.729898405795097, -7.814570081232489 ], [ 109.729892992900943, -7.814568488133148 ], [ 109.729871354910699, -7.814562071031219 ], [ 109.729865948703832, -7.81456045554819 ], [ 109.729855143055033, -7.814557202221863 ], [ 109.729849743615034, -7.814555564379077 ], [ 109.729821011863805, -7.814546783481831 ], [ 109.729816208434158, -7.814545309107075 ], [ 109.729808205722634, -7.814542841971786 ], [ 109.729803405915845, -7.814541355789402 ], [ 109.729789012099047, -7.814536879582988 ], [ 109.729784215978555, -7.814535381612416 ], [ 109.729776225549983, -7.81453287518201 ], [ 109.729771433174392, -7.814531365441837 ], [ 109.729762620855354, -7.814528577459555 ], [ 109.729758151244198, -7.8145271577161 ], [ 109.729750704626099, -7.814524782937724 ], [ 109.729746238282701, -7.814523352942899 ], [ 109.729732844284968, -7.81451904762298 ], [ 109.729728381286293, -7.814517607401456 ], [ 109.729720945702411, -7.814515198497077 ], [ 109.72971648600992, -7.814513748036291 ], [ 109.729667450971988, -7.814497737755516 ], [ 109.729662981306831, -7.814496272685517 ], [ 109.729655534638994, -7.814493822318809 ], [ 109.729651068268652, -7.814492346937527 ], [ 109.729637314188778, -7.81448778540431 ], [ 109.729630690706074, -7.814485576440802 ], [ 109.729619552259294, -7.814481840351618 ], [ 109.729614563048472, -7.814480157814614 ], [ 109.729610258418006, -7.814478713200344 ], [ 109.729606699082069, -7.814477513242423 ], [ 109.729598790136606, -7.814474834756197 ], [ 109.729594837722175, -7.814473489456873 ], [ 109.72956968048112, -7.814464883552148 ], [ 109.729564462214569, -7.814463872611839 ], [ 109.729561207414747, -7.814463237948075 ], [ 109.729548191411027, -7.814460683480206 ], [ 109.729544938198387, -7.814460040908102 ], [ 109.729538433323853, -7.814458747848391 ], [ 109.729535181674976, -7.814458097363286 ], [ 109.729509175259295, -7.814452861935308 ], [ 109.729505925200726, -7.81445220354243 ], [ 109.729499426710674, -7.814450878856348 ], [ 109.729496178275156, -7.814450212562519 ], [ 109.729483187865526, -7.814447531602241 ], [ 109.729479941058116, -7.8144468574082 ], [ 109.729473449139277, -7.814445501134117 ], [ 109.729470204029326, -7.814444819054472 ], [ 109.729418298558812, -7.814433843267409 ], [ 109.729415183758817, -7.814432233762204 ], [ 109.729408663902177, -7.814431108134329 ], [ 109.729405628550296, -7.814430499469381 ], [ 109.729392467053856, -7.814427750861284 ], [ 109.729389221818849, -7.814427071040711 ], [ 109.729382732243948, -7.814425707466114 ], [ 109.72937948790775, -7.814425023712715 ], [ 109.729353537597433, -7.814419538120319 ], [ 109.729350294245535, -7.814418850452171 ], [ 109.729343808516035, -7.814417471199079 ], [ 109.729340578840493, -7.814416730351354 ], [ 109.729327692156801, -7.814413607947529 ], [ 109.729324470870438, -7.814412825364116 ], [ 109.729318029094941, -7.814411256239339 ], [ 109.72931480861331, -7.814410469699794 ], [ 109.729306201722125, -7.81440836208526 ], [ 109.729302483779179, -7.814407448883912 ], [ 109.729295026953082, -7.814405731261388 ], [ 109.729291319240019, -7.814404781221299 ], [ 109.729276484732509, -7.814401026848259 ], [ 109.729272531687513, -7.814400943440546 ], [ 109.72926508609811, -7.81439915074975 ], [ 109.729261364570334, -7.814398249177259 ], [ 109.729231603114442, -7.81439099493474 ], [ 109.72922788415832, -7.814390082917214 ], [ 109.729220448789363, -7.814388248430532 ], [ 109.729216732370901, -7.814387325959729 ], [ 109.729201872122587, -7.814383615256588 ], [ 109.729198158361157, -7.814382682361952 ], [ 109.72919073348038, -7.814380806145437 ], [ 109.729187022368421, -7.814379862825263 ], [ 109.729127670865694, -7.814364687597049 ], [ 109.729123962434244, -7.814363733858897 ], [ 109.729116548268792, -7.814361815969164 ], [ 109.729112842526604, -7.814360851815422 ], [ 109.729098025146413, -7.814356974424584 ], [ 109.729094322182789, -7.814355999878728 ], [ 109.729086918966402, -7.814354040377339 ], [ 109.729083218719722, -7.814353055423169 ], [ 109.729053628681072, -7.814345134439918 ], [ 109.729049931249506, -7.814344139103298 ], [ 109.729042539215868, -7.814342138051472 ], [ 109.729038844619936, -7.814341132338086 ], [ 109.72902407196807, -7.81433708874755 ], [ 109.72902038019032, -7.814336072652509 ], [ 109.729012999566237, -7.814334030111979 ], [ 109.729009310726781, -7.814333003668537 ], [ 109.729000778604529, -7.814330616632276 ], [ 109.728996682587706, -7.814329463789818 ], [ 109.728988494208295, -7.814327145332413 ], [ 109.728984401836158, -7.814325979714567 ], [ 109.72896803977244, -7.814321291731062 ], [ 109.728963951051639, -7.814320113339534 ], [ 109.728955777375347, -7.814317743815593 ], [ 109.728951692422299, -7.814316552684204 ], [ 109.728919028436678, -7.814306972838949 ], [ 109.72891494720318, -7.814305768953147 ], [ 109.728906788556969, -7.814303348457543 ], [ 109.728902711142325, -7.814302131847057 ], [ 109.728886409217353, -7.814297239984342 ], [ 109.728882335627702, -7.814296010650878 ], [ 109.728874192348599, -7.814293539283767 ], [ 109.728870122656645, -7.814292297249494 ], [ 109.728805045404215, -7.814272325124989 ], [ 109.728800979612799, -7.814271070390021 ], [ 109.728792851985872, -7.814268548236953 ], [ 109.728788790149167, -7.814267280818513 ], [ 109.728772550894405, -7.814262185835048 ], [ 109.728768493049301, -7.814260905744618 ], [ 109.728760381417601, -7.814258332912914 ], [ 109.728756327632368, -7.814257040172208 ], [ 109.728723914358, -7.814246647890457 ], [ 109.728719864643153, -7.814245342502545 ], [ 109.728711769337565, -7.814242719097251 ], [ 109.72870772374506, -7.814241401079187 ], [ 109.728691549738926, -7.814236103785731 ], [ 109.728687508291387, -7.814234773144904 ], [ 109.728679429582485, -7.8142320992539 ], [ 109.728675392319701, -7.814230756003269 ], [ 109.728665990232969, -7.814227610583941 ], [ 109.728659830031518, -7.814225539420192 ], [ 109.728649568480989, -7.814222071144911 ], [ 109.728643414853138, -7.814219980388657 ], [ 109.728624964273081, -7.814213678881231 ], [ 109.728618817417612, -7.814211568599831 ], [ 109.728608578282547, -7.814208035186823 ], [ 109.728602438198891, -7.814205905380447 ], [ 109.728567664622176, -7.814193781519691 ], [ 109.728561531882519, -7.814191632389225 ], [ 109.728551316375899, -7.81418803426601 ], [ 109.728545190532202, -7.81418586565735 ], [ 109.728526823781976, -7.814179330769946 ], [ 109.728520706010613, -7.814177143105553 ], [ 109.728511534264555, -7.814173847826964 ], [ 109.728508826626921, -7.814172871510323 ], [ 109.728502967733448, -7.814170751511313 ], [ 109.728500075410807, -7.814169699914544 ], [ 109.728492349410885, -7.814166879367974 ], [ 109.728479117372274, -7.814162024690631 ], [ 109.728470302098117, -7.814158773215013 ], [ 109.728449382147858, -7.814151017059203 ], [ 109.728446866698505, -7.814150081540959 ], [ 109.72841900571143, -7.81414283599662 ], [ 109.728416248275551, -7.814142119364419 ], [ 109.728410734945669, -7.814140680347691 ], [ 109.728407979055703, -7.814139957964414 ], [ 109.728396958475003, -7.814137056899426 ], [ 109.728394204090193, -7.81413632875433 ], [ 109.728388696841876, -7.814134866706468 ], [ 109.72838594397831, -7.814134132803872 ], [ 109.728363927582677, -7.814128238665546 ], [ 109.728361176271676, -7.814127499013466 ], [ 109.728355675213038, -7.814126013962891 ], [ 109.728352925465231, -7.814125268564283 ], [ 109.728341929653141, -7.814122275491854 ], [ 109.728339181475462, -7.814121524348764 ], [ 109.728333686710641, -7.814120016323614 ], [ 109.728330940124238, -7.814119259441838 ], [ 109.728322486290153, -7.814116919380297 ], [ 109.72831615336753, -7.814115156115349 ], [ 109.728305603235754, -7.814112200374723 ], [ 109.728299276022994, -7.814110416756932 ], [ 109.728280303152303, -7.81410503543151 ], [ 109.72827398173439, -7.81410323148458 ], [ 109.728263450932729, -7.814100207984438 ], [ 109.728257135364743, -7.814098383724343 ], [ 109.728221364879005, -7.814087989030099 ], [ 109.728215055258431, -7.814086144484236 ], [ 109.728204544198832, -7.814083053342415 ], [ 109.728198240564438, -7.814081188522835 ], [ 109.728179338831296, -7.814075563709594 ], [ 109.728173041253513, -7.81407367863676 ], [ 109.728162550440175, -7.814070520002076 ], [ 109.728156259007562, -7.814068614702933 ], [ 109.7281467567243, -7.814065720247243 ], [ 109.728140159347959, -7.814063698535222 ], [ 109.728129169432691, -7.814060310464413 ], [ 109.728122578895523, -7.814058266486711 ], [ 109.728103915494216, -7.81405244471955 ], [ 109.728101108386738, -7.814051579313684 ], [ 109.728098572146564, -7.814051103340489 ], [ 109.728094400214104, -7.814050376398654 ], [ 109.72809153594153, -7.814049873930003 ], [ 109.728086862131363, -7.814049046465527 ], [ 109.728079076367692, -7.814047658732022 ], [ 109.728074406007238, -7.814046820696092 ], [ 109.728060399495746, -7.81404429063258 ], [ 109.728055731697509, -7.814043441873366 ], [ 109.728047953644648, -7.814042018245118 ], [ 109.728043287767889, -7.814041158648195 ], [ 109.728016855584713, -7.814036257324233 ], [ 109.728012192027506, -7.81403538696344 ], [ 109.728004421131402, -7.814033927349783 ], [ 109.72799975960902, -7.814033046173336 ], [ 109.727985778213281, -7.814030386442823 ], [ 109.727981118812238, -7.814029494467206 ], [ 109.727973354873768, -7.814027998834604 ], [ 109.72796869753239, -7.814027096047937 ], [ 109.727959323260393, -7.814025268106604 ], [ 109.727956376533427, -7.814024689991641 ], [ 109.727950484391556, -7.814023527278607 ], [ 109.727947538972501, -7.814022942679799 ], [ 109.727935759895615, -7.814020591313863 ], [ 109.727932815758777, -7.814020000226265 ], [ 109.727926928820182, -7.814018811572623 ], [ 109.727923986013991, -7.814018214005841 ], [ 109.727900449157062, -7.81401340760948 ], [ 109.727897507668786, -7.814012803560843 ], [ 109.727891626066025, -7.814011588993196 ], [ 109.727888685960295, -7.814010978476063 ], [ 109.727876928173885, -7.81400852344467 ], [ 109.727873989390105, -7.814007906446648 ], [ 109.727868113208785, -7.814006665983015 ], [ 109.727865175804482, -7.814006042516041 ], [ 109.727818190909431, -7.813996015831606 ], [ 109.727815254893528, -7.813995385897272 ], [ 109.727809384265981, -7.813994119564995 ], [ 109.727806449653087, -7.813993483166655 ], [ 109.727794714066192, -7.813990924658412 ], [ 109.727791780877908, -7.813990281800955 ], [ 109.727785915916797, -7.813988989624704 ], [ 109.727782984143744, -7.813988340305855 ], [ 109.727759536092606, -7.813983120014768 ], [ 109.727756605786283, -7.813982464245953 ], [ 109.727750746596712, -7.813981146248807 ], [ 109.727747817703857, -7.813980484018259 ], [ 109.727736105224494, -7.81397782223172 ], [ 109.727733177864252, -7.813977153566157 ], [ 109.727727324565421, -7.813975809775059 ], [ 109.727724398627174, -7.813975134649297 ], [ 109.727720577410082, -7.813974254232789 ], [ 109.727715830473926, -7.813973193405047 ], [ 109.727708445261271, -7.81397153402429 ], [ 109.72770401523303, -7.813970533473423 ], [ 109.72769072863332, -7.813967517095762 ], [ 109.727686300882851, -7.813966506718032 ], [ 109.727678923162898, -7.81396481455829 ], [ 109.727674497675935, -7.813963794350457 ], [ 109.727649426736264, -7.813957985414902 ], [ 109.727645003556404, -7.813956955387027 ], [ 109.72763763349468, -7.813955230486613 ], [ 109.727633212629598, -7.813954190640629 ], [ 109.727619953507599, -7.813951056376141 ], [ 109.727615534929612, -7.813950006705511 ], [ 109.72760817262008, -7.813948249086366 ], [ 109.727603756420194, -7.813947189612634 ], [ 109.727586820016313, -7.813943106094769 ], [ 109.727580435751634, -7.813941556112582 ], [ 109.727569799524815, -7.813938955730066 ], [ 109.727563420323804, -7.813937385254746 ], [ 109.727544290441585, -7.813932643120438 ], [ 109.727537916296455, -7.813931052150167 ], [ 109.72752729705428, -7.813928383483074 ], [ 109.72752092814477, -7.813926772062473 ], [ 109.727484853184706, -7.813917582912836 ], [ 109.72747848947887, -7.813915951033721 ], [ 109.72746788774532, -7.813913214213756 ], [ 109.727461529355423, -7.813911561905172 ], [ 109.727442462295869, -7.813906574370492 ], [ 109.727436109276766, -7.813904901646708 ], [ 109.727425525400236, -7.813902096764423 ], [ 109.727419177789614, -7.813900403635216 ], [ 109.727408736842506, -7.813897600454595 ], [ 109.727401609874676, -7.813895673370439 ], [ 109.727389737511487, -7.813892440147924 ], [ 109.727382617605201, -7.813890487354797 ], [ 109.727361268681193, -7.813884590467012 ], [ 109.727354155909836, -7.813882611984752 ], [ 109.727342307301853, -7.813879293124899 ], [ 109.727335201752283, -7.813877288977892 ], [ 109.72729495895527, -7.813865859857799 ], [ 109.727287860729291, -7.813863830074069 ], [ 109.727276036508215, -7.813860425752864 ], [ 109.727268945685864, -7.813858370355945 ], [ 109.727247684633028, -7.813852165834874 ], [ 109.72724060133163, -7.813850084858529 ], [ 109.727228802186687, -7.813846595275209 ], [ 109.727221726482071, -7.81384448874212 ], [ 109.727203068683878, -7.813838897272717 ], [ 109.727195723253317, -7.813836680959639 ], [ 109.7271834878307, -7.813832964138498 ], [ 109.727176150754474, -7.813830720266026 ], [ 109.727154152488708, -7.813823947440937 ], [ 109.727146823946157, -7.813821676063469 ], [ 109.727134616898127, -7.813817867537978 ], [ 109.727127296991853, -7.813815568687687 ], [ 109.727085843584746, -7.813802464531193 ], [ 109.727078532385633, -7.813800138229738 ], [ 109.727066354418923, -7.813796238219879 ], [ 109.727059052057712, -7.813793884509494 ], [ 109.727037158488599, -7.813786782347904 ], [ 109.727029865052202, -7.813784401256214 ], [ 109.727017716861496, -7.81378040998527 ], [ 109.72701043248054, -7.813778001555534 ], [ 109.727000079074969, -7.813774557089346 ], [ 109.72699353731565, -7.813772368295304 ], [ 109.726982640595111, -7.813768701925142 ], [ 109.726976106290863, -7.813766491075171 ], [ 109.726956514829226, -7.813759825532031 ], [ 109.726949988049569, -7.813757592649267 ], [ 109.726939116465076, -7.813753852855598 ], [ 109.726932597352686, -7.813751597989267 ], [ 109.726895630234992, -7.813738741616874 ], [ 109.726888830712937, -7.813736363465125 ], [ 109.726877505224309, -7.813732379929604 ], [ 109.726870714141626, -7.813729977832224 ], [ 109.726850380391113, -7.813722745159737 ], [ 109.726843575760483, -7.813720311207305 ], [ 109.726832287951936, -7.813716251109383 ], [ 109.726825955711604, -7.813713961382575 ], [ 109.72682377161442, -7.813713168108734 ], [ 109.7268157681969, -7.81371025224513 ], [ 109.726797046744991, -7.813703408995252 ], [ 109.726790889283052, -7.813701147118081 ], [ 109.726780728425297, -7.813697396131545 ], [ 109.726774640260317, -7.813695137615639 ], [ 109.72675646035475, -7.813688360577089 ], [ 109.726750405412929, -7.813686092518878 ], [ 109.726740319813587, -7.813682296452669 ], [ 109.726734272060355, -7.81368000924067 ], [ 109.726700023113722, -7.813666994589596 ], [ 109.726693982681581, -7.813664688272979 ], [ 109.726683921477274, -7.813660828523723 ], [ 109.72667788843313, -7.813658503129375 ], [ 109.726659800451557, -7.813651498355341 ], [ 109.726653774808426, -7.813649153887695 ], [ 109.726643738320718, -7.813645230579709 ], [ 109.726637720173471, -7.813642867075828 ], [ 109.726621292663651, -7.813636385921143 ], [ 109.726616915909403, -7.813634653214081 ], [ 109.726609624693424, -7.813631756985671 ], [ 109.726605251995295, -7.813630014221417 ], [ 109.72659213991659, -7.813624770815068 ], [ 109.726588499158481, -7.813623310527817 ], [ 109.726586604386853, -7.813622548731416 ], [ 109.726544238014924, -7.813608178216327 ], [ 109.726540727792781, -7.813606984564387 ], [ 109.72653371061358, -7.81360458771502 ], [ 109.726530203648736, -7.813603384514806 ], [ 109.72651618250751, -7.813598552686528 ], [ 109.726512678880965, -7.813597339965668 ], [ 109.726505674924283, -7.813594904988747 ], [ 109.726502174605116, -7.813593682736666 ], [ 109.726474186006669, -7.813583866847353 ], [ 109.726470689384655, -7.813582635201328 ], [ 109.726463699537874, -7.81358016241154 ], [ 109.726460206316176, -7.81357892126897 ], [ 109.726446240267762, -7.813573937719127 ], [ 109.726442751142145, -7.81357268733035 ], [ 109.726435776345625, -7.813570177080123 ], [ 109.726432292079778, -7.813568917728787 ], [ 109.72642880596544, -7.813567646972274 ], [ 109.726421840069634, -7.813565097016294 ], [ 109.726418358880778, -7.813563817305919 ], [ 109.726404443953129, -7.813558680566075 ], [ 109.726400966960568, -7.813557391643599 ], [ 109.726394016516224, -7.813554804346836 ], [ 109.726390543062735, -7.813553505971925 ], [ 109.726362773042467, -7.813543082456818 ], [ 109.726359303514528, -7.813541774775274 ], [ 109.726352368040978, -7.813539149978169 ], [ 109.726348902095936, -7.813537832862778 ], [ 109.726335045594567, -7.813532545576436 ], [ 109.726331583241176, -7.813531219030381 ], [ 109.726324662214893, -7.813528556541485 ], [ 109.726321203541545, -7.813527220598758 ], [ 109.726265900934266, -7.813505772945916 ], [ 109.72625899492715, -7.813503072987999 ], [ 109.72624519778168, -7.813497635548231 ], [ 109.726238306638891, -7.813494898064846 ], [ 109.726210772638012, -7.813483873414839 ], [ 109.726203896577772, -7.813481098492275 ], [ 109.726190159722194, -7.813475511281922 ], [ 109.726183298929413, -7.813472698994985 ], [ 109.726128478654118, -7.813450053301494 ], [ 109.72612163334793, -7.813447203739315 ], [ 109.726107958431612, -7.813441467427765 ], [ 109.726101128821711, -7.813438580678621 ], [ 109.726073842548033, -7.813426959635478 ], [ 109.726067028824048, -7.813424035779121 ], [ 109.72605341746862, -7.813418151048268 ], [ 109.726046619837689, -7.813415190174055 ], [ 109.725992307991305, -7.813391357220496 ], [ 109.725985526654028, -7.81338835941466 ], [ 109.725971980476174, -7.813382326962198 ], [ 109.725965215631845, -7.813379292313812 ], [ 109.725938190060731, -7.813367080403964 ], [ 109.725931441924274, -7.813364009009149 ], [ 109.725917962529252, -7.81335782955108 ], [ 109.725911231271937, -7.81335472148811 ], [ 109.725857453705544, -7.813329712618213 ], [ 109.725850739570831, -7.813326567998615 ], [ 109.725837328582429, -7.813320242277939 ], [ 109.725830631731355, -7.813317061178111 ], [ 109.725803879734997, -7.813304264218004 ], [ 109.725797200382488, -7.813301046739639 ], [ 109.725783859375781, -7.81329457550072 ], [ 109.725777197718799, -7.813291321738859 ], [ 109.725723980022906, -7.81326514885393 ], [ 109.725717336273703, -7.81326185891146 ], [ 109.725704066847129, -7.813255242928506 ], [ 109.725697441172542, -7.813251916889158 ], [ 109.7256709754746, -7.813238540965131 ], [ 109.725664368097739, -7.813235178940317 ], [ 109.725651171826826, -7.813228418999643 ], [ 109.725644582931523, -7.813225021083383 ], [ 109.725591950438684, -7.813197696642078 ], [ 109.725585380219627, -7.813194262933564 ], [ 109.72557225867439, -7.813187359838309 ], [ 109.725565707347414, -7.813183890451398 ], [ 109.725539540553882, -7.813169941934746 ], [ 109.725533008301795, -7.813166436966185 ], [ 109.725519963052477, -7.813159391544218 ], [ 109.725513450053654, -7.813155851089732 ], [ 109.725461427814707, -7.813127388097428 ], [ 109.725458178860151, -7.813125604740833 ], [ 109.725451685812459, -7.813122029184285 ], [ 109.725448441722676, -7.813120236985867 ], [ 109.725435475259928, -7.813113050600919 ], [ 109.725432236068798, -7.813111249579151 ], [ 109.725425762654993, -7.813107638751262 ], [ 109.725422528433569, -7.813105828945879 ], [ 109.725396674890078, -7.813091315563838 ], [ 109.725393446088106, -7.813089497228816 ], [ 109.725386993477571, -7.813085851791925 ], [ 109.725383769670941, -7.813084024691193 ], [ 109.725370884487347, -7.813076698786801 ], [ 109.725367666629552, -7.813074863465772 ], [ 109.725361235956484, -7.813071184092053 ], [ 109.725358025037167, -7.81306934113087 ], [ 109.725354812063415, -7.813067485339843 ], [ 109.725348394975242, -7.813063767199083 ], [ 109.7253451889556, -7.813061903752441 ], [ 109.725332378988128, -7.813054434800506 ], [ 109.725329179038511, -7.813052563200131 ], [ 109.725322784255809, -7.813048811292902 ], [ 109.725319589426192, -7.813046930988151 ], [ 109.725294055743973, -7.81303185637347 ], [ 109.725290866564592, -7.813029967678915 ], [ 109.725284493369259, -7.813026181614759 ], [ 109.725281309359218, -7.81302428424857 ], [ 109.725268583745276, -7.813016677492726 ], [ 109.725265404911681, -7.813014771458995 ], [ 109.725259052496767, -7.813010950769183 ], [ 109.72525587891181, -7.813009036111055 ], [ 109.725205151159514, -7.812978337194068 ], [ 109.725198820215383, -7.812974482298387 ], [ 109.725186179503964, -7.812966738128011 ], [ 109.725179869735598, -7.812962848852862 ], [ 109.725154673764791, -7.8129472234574 ], [ 109.725148385358182, -7.812943299917151 ], [ 109.725135830097202, -7.812935418690813 ], [ 109.725129563244536, -7.812931461005803 ], [ 109.725079519110182, -7.812899665780321 ], [ 109.725073273996429, -7.81289567406634 ], [ 109.725060805698376, -7.812887656731903 ], [ 109.725054582509529, -7.812883631108775 ], [ 109.725029734346492, -7.812867461279211 ], [ 109.725023533272179, -7.812863401869322 ], [ 109.725011153410094, -7.812855249376014 ], [ 109.725004974626358, -7.812851156294983 ], [ 109.724955637926826, -7.812818279893406 ], [ 109.72494948162506, -7.812814153267141 ], [ 109.724937191671984, -7.81280586658329 ], [ 109.7249310580209, -7.812801706525647 ], [ 109.724906569486336, -7.812784999954772 ], [ 109.72490045867562, -7.812780806594162 ], [ 109.724888260091291, -7.812772386705035 ], [ 109.724882172319042, -7.812768160177654 ], [ 109.724833566536347, -7.812734218247385 ], [ 109.724827501957463, -7.812729958659702 ], [ 109.724815396205827, -7.812721406574894 ], [ 109.72480935503313, -7.8127171140776 ], [ 109.724785237782896, -7.812699878717069 ], [ 109.724779220160599, -7.812695553412425 ], [ 109.724767208665696, -7.812686870139203 ], [ 109.724761214791101, -7.812682512169147 ], [ 109.724713363061596, -7.812647520866847 ], [ 109.724707393116375, -7.81264313036263 ], [ 109.724695477318392, -7.812634316940603 ], [ 109.724689531462332, -7.812629894020461 ], [ 109.724665796980958, -7.812612138077327 ], [ 109.724659875420969, -7.812607682895077 ], [ 109.724648056735589, -7.812598740372891 ], [ 109.724642159613666, -7.812594253035627 ], [ 109.724595084711495, -7.812558229015394 ], [ 109.724589212217495, -7.812553709666361 ], [ 109.724577492052561, -7.812544639107557 ], [ 109.724571644380205, -7.812540087896934 ], [ 109.724548303961683, -7.812521819821541 ], [ 109.724542481269339, -7.812517236872566 ], [ 109.724530861018252, -7.812508039357738 ], [ 109.72452506346167, -7.812503424793476 ], [ 109.724478787792009, -7.812466385201446 ], [ 109.724475898774983, -7.812464066332154 ], [ 109.724470127095117, -7.812459420748155 ], [ 109.724467244434265, -7.812457094034869 ], [ 109.724455726565111, -7.812447771544612 ], [ 109.724452850250657, -7.812445436979601 ], [ 109.724447104056708, -7.812440760069478 ], [ 109.724444234176929, -7.812438417724309 ], [ 109.724421301088626, -7.812419648015918 ], [ 109.724418438157045, -7.812417298313449 ], [ 109.724412718725489, -7.812412591131192 ], [ 109.724409862220284, -7.812410233647029 ], [ 109.724398449159196, -7.812400788234982 ], [ 109.724395600205753, -7.812398423905393 ], [ 109.724389908739624, -7.812393687486122 ], [ 109.724387068390683, -7.812391317206959 ], [ 109.72438422644052, -7.81238893242039 ], [ 109.724378553423833, -7.812384158769817 ], [ 109.724375720197372, -7.812381768098533 ], [ 109.72436440467726, -7.812372193632427 ], [ 109.724361579069296, -7.812369796166536 ], [ 109.724355934404628, -7.81236499354236 ], [ 109.724353115348151, -7.812362588384076 ], [ 109.72433059402664, -7.812343320559421 ], [ 109.724327782101739, -7.812340908207204 ], [ 109.724322164859245, -7.812336075863016 ], [ 109.724319359535116, -7.812333655865302 ], [ 109.724308151576111, -7.812323960701235 ], [ 109.724305352898909, -7.812321533098157 ], [ 109.724299762184501, -7.812316670280438 ], [ 109.724296970155137, -7.812314235072847 ], [ 109.724252358635169, -7.812275217700744 ], [ 109.724246795112549, -7.812270324993619 ], [ 109.724235694923152, -7.812260509402904 ], [ 109.724230158254045, -7.812255586517665 ], [ 109.724208065894288, -7.812235835162653 ], [ 109.724202556225464, -7.812230882229301 ], [ 109.724191564053001, -7.812220946462844 ], [ 109.724186081550556, -7.812215963631047 ], [ 109.724142334154067, -7.812175984990517 ], [ 109.724136878989555, -7.812170972414947 ], [ 109.724125996156431, -7.812160917666517 ], [ 109.72412056848998, -7.812155875495478 ], [ 109.724098913449325, -7.812135648206663 ], [ 109.72409351342634, -7.81213057657493 ], [ 109.724082741220457, -7.812120404035852 ], [ 109.724077369035797, -7.812115303127086 ], [ 109.724034506586918, -7.812074382248682 ], [ 109.724029162377064, -7.812069252191407 ], [ 109.724018502082174, -7.812058963072957 ], [ 109.724013185993613, -7.812053804008315 ], [ 109.723991978583399, -7.81203311041719 ], [ 109.723986690796835, -7.812027922520429 ], [ 109.723976143681284, -7.812017518048037 ], [ 109.723970884355367, -7.812012301475249 ], [ 109.723928927253382, -7.811970457835628 ], [ 109.723923696533348, -7.811965212730001 ], [ 109.723913263851614, -7.811954694139843 ], [ 109.723908061890427, -7.811949420655765 ], [ 109.723887312202066, -7.811928270610508 ], [ 109.723882139157695, -7.811922968907425 ], [ 109.723871822150329, -7.811912337451702 ], [ 109.723866678187562, -7.811907007699347 ], [ 109.723825646400712, -7.811864261213259 ], [ 109.723820531661886, -7.811858903557777 ], [ 109.723810331555171, -7.811848160498926 ], [ 109.72380524618444, -7.811842775092202 ], [ 109.723784964088111, -7.811821178653418 ], [ 109.723779908261577, -7.811815765682013 ], [ 109.723769826271564, -7.811804912302136 ], [ 109.723764800111098, -7.811799471896791 ], [ 109.72372471316811, -7.81175584290952 ], [ 109.72371971683674, -7.811750375245254 ], [ 109.723709754163224, -7.811739412834243 ], [ 109.723704787822271, -7.811733918088862 ], [ 109.723684982972259, -7.811711885536852 ], [ 109.723680046738423, -7.811706363839221 ], [ 109.723670204562836, -7.811695293698506 ], [ 109.723665298619608, -7.811689745254398 ], [ 109.723626175601169, -7.811645254533175 ], [ 109.723623734295359, -7.811642470630829 ], [ 109.723618859315138, -7.81163689620945 ], [ 109.72361642564266, -7.81163410569286 ], [ 109.723606706235671, -7.811622930416661 ], [ 109.723604280198742, -7.811620133288102 ], [ 109.723599435772201, -7.811614532433396 ], [ 109.723597017375482, -7.811611728698608 ], [ 109.723577701364832, -7.811589273092807 ], [ 109.723575291219674, -7.811586463465517 ], [ 109.723570478581394, -7.811580837625002 ], [ 109.723568076091965, -7.81157802141604 ], [ 109.723558481649036, -7.811566743654851 ], [ 109.723556087979432, -7.811563922239145 ], [ 109.723551308334322, -7.811558272885406 ], [ 109.723548924519946, -7.811555447515445 ], [ 109.723546540355755, -7.811552606037708 ], [ 109.723541784137751, -7.811546921757667 ], [ 109.723539409923887, -7.811544076388486 ], [ 109.723529932966358, -7.811532687183671 ], [ 109.723527567614724, -7.81152983665163 ], [ 109.723522844715831, -7.811524129160432 ], [ 109.723520487164535, -7.811521272196671 ], [ 109.723501662701665, -7.811498396523234 ], [ 109.723499313526759, -7.811495533830794 ], [ 109.72349462298655, -7.81148980203227 ], [ 109.723492281625283, -7.811486932931018 ], [ 109.723482931963247, -7.81147544389961 ], [ 109.723480598477522, -7.81147256846549 ], [ 109.723475939355353, -7.811466811232151 ], [ 109.723468981641645, -7.811458141266769 ], [ 109.723454006523809, -7.811439323466516 ], [ 109.723438863673778, -7.811420611647293 ], [ 109.723430759631185, -7.811410499222063 ], [ 109.723421554431752, -7.811398899670564 ], [ 109.723414683846954, -7.811390168815649 ], [ 109.723396462246569, -7.81136681746591 ], [ 109.723394188364864, -7.811363895227657 ], [ 109.723389651568993, -7.811358048401758 ], [ 109.723381785212041, -7.811347708528899 ], [ 109.723350778312749, -7.811307943901227 ], [ 109.723340900634696, -7.811295119280658 ], [ 109.723332494366502, -7.811282869679417 ], [ 109.72332805431995, -7.811276958172471 ], [ 109.723309980398199, -7.811253507044853 ], [ 109.723305474065796, -7.811247633565017 ], [ 109.723296478021723, -7.811235875061413 ], [ 109.723292066938313, -7.811229934995026 ], [ 109.723256902470212, -7.81118226808718 ], [ 109.723252532730044, -7.811176290473952 ], [ 109.723243826005842, -7.811164311566415 ], [ 109.723239489025104, -7.811158310276596 ], [ 109.723222207113906, -7.811134258449329 ], [ 109.72321790300839, -7.811128233643331 ], [ 109.723209327820712, -7.811116160722179 ], [ 109.723205056736447, -7.811110112604183 ], [ 109.723171023157647, -7.811061638692536 ], [ 109.723166785212698, -7.811055567428866 ], [ 109.72315834259615, -7.81104340194878 ], [ 109.723154137924666, -7.811037307732988 ], [ 109.723137386255644, -7.811012885647472 ], [ 109.723133214973302, -7.811006768646621 ], [ 109.723124905923328, -7.810994512044374 ], [ 109.723120768154615, -7.810988372441614 ], [ 109.72308780303689, -7.810939169643859 ], [ 109.723083698907601, -7.810933007624158 ], [ 109.723075524412195, -7.810920661354999 ], [ 109.723071454046305, -7.810914477105825 ], [ 109.723055240595954, -7.810889696391371 ], [ 109.723051204118519, -7.81088349010281 ], [ 109.723043165163915, -7.810871055658595 ], [ 109.723039162687371, -7.810864827503622 ], [ 109.723007281718026, -7.810814919236122 ], [ 109.72300331335407, -7.810808669387484 ], [ 109.722995410878582, -7.810796148217321 ], [ 109.722991476766879, -7.810789876896081 ], [ 109.722975809248055, -7.810764749342638 ], [ 109.722971909488592, -7.810758456707788 ], [ 109.722964144444177, -7.810745850322405 ], [ 109.722960279157974, -7.810739536569713 ], [ 109.722929497512268, -7.810688946589323 ], [ 109.722927578090491, -7.810685782278028 ], [ 109.722923747883783, -7.81067944841152 ], [ 109.72292183709601, -7.810676278851247 ], [ 109.722914211372995, -7.810663590376748 ], [ 109.722912309278854, -7.810660415666121 ], [ 109.722908513763514, -7.810654061059836 ], [ 109.722906620343338, -7.810650881166168 ], [ 109.722891508116106, -7.810625422019086 ], [ 109.722889623883077, -7.810622237811003 ], [ 109.722885864124919, -7.810615864278986 ], [ 109.722883988607748, -7.810612674968752 ], [ 109.722876504003352, -7.810599907577682 ], [ 109.722874638155417, -7.810596714800965 ], [ 109.722870915207238, -7.8105903242203 ], [ 109.72286906000113, -7.810587129688201 ], [ 109.722867206420915, -7.810583917790893 ], [ 109.722863511859771, -7.810577495549808 ], [ 109.722861668978055, -7.810574281922754 ], [ 109.722854318827672, -7.810561424002515 ], [ 109.722852485690282, -7.810558207028976 ], [ 109.722848828202984, -7.810551768071605 ], [ 109.722847003852905, -7.810548546087432 ], [ 109.722832448407871, -7.810522757620674 ], [ 109.722830633364651, -7.810519531550995 ], [ 109.722827012076152, -7.810513074430446 ], [ 109.722825205824108, -7.810509843367129 ], [ 109.722817998629637, -7.810496909538074 ], [ 109.722816201267165, -7.810493673656651 ], [ 109.72281261536034, -7.810487196947804 ], [ 109.722810826824457, -7.810483956135556 ], [ 109.722782287243092, -7.810432075275969 ], [ 109.722778737266196, -7.810425579984383 ], [ 109.722771672888143, -7.810412570187225 ], [ 109.722768158484655, -7.810406055677731 ], [ 109.722754172450436, -7.810379960008845 ], [ 109.722750693736941, -7.810373426497506 ], [ 109.722743772079923, -7.810360340624243 ], [ 109.722740329137991, -7.810353788264933 ], [ 109.722712931232365, -7.810301298857269 ], [ 109.722709524184893, -7.810294727882251 ], [ 109.72270274607456, -7.810281567491472 ], [ 109.72269937501045, -7.810274978073153 ], [ 109.722685963141487, -7.810248584339206 ], [ 109.722682628171128, -7.81024197669376 ], [ 109.722675994411986, -7.810228743349967 ], [ 109.722672695625533, -7.810222117655599 ], [ 109.722646452431775, -7.810169044677025 ], [ 109.72264318992876, -7.810162401133539 ], [ 109.722636701309, -7.810149096406292 ], [ 109.722633475194186, -7.810142435227306 ], [ 109.722620643867913, -7.810115755979496 ], [ 109.722617454224348, -7.810109077336335 ], [ 109.722611111519313, -7.810095702818046 ], [ 109.722607958456308, -7.810089006939904 ], [ 109.722582882462746, -7.810035375647089 ], [ 109.722579766058686, -7.810028662699267 ], [ 109.722573570021268, -7.810015219975696 ], [ 109.722570490387113, -7.810008490198527 ], [ 109.722558245718346, -7.809981538150566 ], [ 109.722555202934188, -7.809974791719526 ], [ 109.722549154301646, -7.809961282392692 ], [ 109.722546148453489, -7.80995451949741 ], [ 109.722522251600083, -7.809900355429306 ], [ 109.722519282783594, -7.809893576284139 ], [ 109.722513382278805, -7.809880001966235 ], [ 109.722510450591585, -7.809873206795544 ], [ 109.722498798406377, -7.809845994774662 ], [ 109.72249590391641, -7.809839183736358 ], [ 109.72249015223673, -7.809825546034006 ], [ 109.722487295046164, -7.809818719368366 ], [ 109.722464588705009, -7.80976404830426 ], [ 109.722461768890071, -7.809757206192216 ], [ 109.722456166723873, -7.809743506736254 ], [ 109.722453384371931, -7.809736649391141 ], [ 109.722442330215188, -7.809709190347348 ], [ 109.722439585407983, -7.809702317969879 ], [ 109.722434133417835, -7.809688558382732 ], [ 109.72243142623546, -7.809681671174417 ], [ 109.722409921207088, -7.809626519123128 ], [ 109.722408581921968, -7.809623070463829 ], [ 109.722405912812235, -7.809616169584217 ], [ 109.722404582991203, -7.809612717373625 ], [ 109.722399282553226, -7.809598901217385 ], [ 109.722397962159846, -7.809595445360742 ], [ 109.722395330832171, -7.80958853008508 ], [ 109.722394019893443, -7.809585070653611 ], [ 109.722383570432555, -7.809557381509364 ], [ 109.722382269316029, -7.809553919483676 ], [ 109.72237967655127, -7.809546991909713 ], [ 109.722378384901106, -7.809543526355981 ], [ 109.722373237287741, -7.809529657230257 ], [ 109.722371955835115, -7.809526190133965 ], [ 109.722369402395486, -7.809519252443351 ], [ 109.722368131820588, -7.80951578571802 ], [ 109.7223668654741, -7.80951230108667 ], [ 109.72236434511683, -7.809505336074665 ], [ 109.722363089691044, -7.809501851816776 ], [ 109.722358089918714, -7.809487915909358 ], [ 109.722356844747992, -7.809484430251644 ], [ 109.722354363923898, -7.809477455496619 ], [ 109.72235312827587, -7.809473966414259 ], [ 109.722343284257818, -7.809446048774589 ], [ 109.722342058506229, -7.809442557335046 ], [ 109.722339616555246, -7.809435571131417 ], [ 109.722338400354943, -7.80943207636534 ], [ 109.722333554701265, -7.809418090774159 ], [ 109.722332348063617, -7.809414592713381 ], [ 109.722329944359558, -7.809407593322078 ], [ 109.722328747293318, -7.80940409199178 ], [ 109.722309675022586, -7.809348056944316 ], [ 109.7223073099658, -7.809341045555414 ], [ 109.72230261823421, -7.809327010020127 ], [ 109.72230029156168, -7.809319985881359 ], [ 109.722291061897181, -7.809291864607303 ], [ 109.722288773668879, -7.809284827899319 ], [ 109.722284235737447, -7.809270742164244 ], [ 109.72228198603176, -7.809263693129083 ], [ 109.722264144044857, -7.809207256486786 ], [ 109.722261932923232, -7.809200195315668 ], [ 109.722257549331118, -7.80918606105223 ], [ 109.722255376860915, -7.809178987961673 ], [ 109.722246764537601, -7.809150672591898 ], [ 109.722244630783621, -7.809143587792505 ], [ 109.722240402051227, -7.809129406681734 ], [ 109.722238307072644, -7.80912231036973 ], [ 109.722221703860157, -7.809065498993675 ], [ 109.722219647725524, -7.809058391400413 ], [ 109.722215574357051, -7.809044165130558 ], [ 109.722213557122473, -7.809037046451408 ], [ 109.72220556623364, -7.809008550446492 ], [ 109.722203587966476, -7.809001420918662 ], [ 109.722199670447537, -7.80898715118883 ], [ 109.722197731196843, -7.80898001099041 ], [ 109.722182374659099, -7.808922851917373 ], [ 109.722180474485924, -7.808915701270564 ], [ 109.722176713280192, -7.808901389766845 ], [ 109.722174852247804, -7.808894228911299 ], [ 109.722167486598892, -7.808865565843803 ], [ 109.722165664754868, -7.808858394963067 ], [ 109.722162060310666, -7.808844043394913 ], [ 109.722160277709577, -7.808836862703629 ], [ 109.722146175156126, -7.808779383143985 ], [ 109.722144431859647, -7.808772192889137 ], [ 109.722140984606654, -7.808757802965488 ], [ 109.722139280649117, -7.808750603291003 ], [ 109.722132543744237, -7.808721786797719 ], [ 109.722130879198914, -7.808714578012257 ], [ 109.722127589547028, -7.808700151445464 ], [ 109.722125964441261, -7.808692933667999 ], [ 109.722113122582471, -7.808635160979748 ], [ 109.722111536982027, -7.808627934498986 ], [ 109.72210840532108, -7.808613472997479 ], [ 109.722106859262169, -7.808606237982588 ], [ 109.722100754307746, -7.808577281784608 ], [ 109.722099247840617, -7.808570038468872 ], [ 109.722096274546971, -7.808555543772229 ], [ 109.722094807720168, -7.808548292390071 ], [ 109.722083232665284, -7.80849025406377 ], [ 109.722082514235012, -7.808486625946045 ], [ 109.722081087289496, -7.808479367732559 ], [ 109.722080378773569, -7.808475737633671 ], [ 109.722077564594827, -7.8084612135616 ], [ 109.722076866012287, -7.808457581578864 ], [ 109.722075478779061, -7.808450315719824 ], [ 109.722074790128318, -7.808446681844771 ], [ 109.72206932077836, -7.808417603957992 ], [ 109.722068642260695, -7.808413969276216 ], [ 109.722067295166141, -7.808406698100271 ], [ 109.722066626589651, -7.808403061609511 ], [ 109.722063972168428, -7.808388512037311 ], [ 109.722063313913509, -7.80838487585396 ], [ 109.722062007336774, -7.808377601698623 ], [ 109.722061359764439, -7.808373967966816 ], [ 109.722060719343574, -7.808370316593596 ], [ 109.722059449983874, -7.80836302058276 ], [ 109.722058820292546, -7.808359371688425 ], [ 109.722056322989545, -7.808344781363132 ], [ 109.722055703656679, -7.808341132953558 ], [ 109.722054474963272, -7.808333834397047 ], [ 109.722053865605744, -7.808330184268129 ], [ 109.722049032212851, -7.808300985811968 ], [ 109.722048433015175, -7.808297335094778 ], [ 109.722047244613123, -7.808290032083733 ], [ 109.72204665540778, -7.808286379785841 ], [ 109.722044318568464, -7.808271767414908 ], [ 109.722043739355684, -7.808268113537792 ], [ 109.722042590918591, -7.808260804179781 ], [ 109.722042021694108, -7.808257148696669 ], [ 109.722032996167115, -7.808198662083612 ], [ 109.722031887887795, -7.808191347658521 ], [ 109.722029711344021, -7.808176712863826 ], [ 109.722028643080876, -7.808169392500304 ], [ 109.722024450196102, -7.808140100101298 ], [ 109.722023421983749, -7.808132774033027 ], [ 109.722021405641954, -7.80811811642468 ], [ 109.722020417512226, -7.808110784880341 ], [ 109.722012673495215, -7.808052115832652 ], [ 109.722011725476648, -7.808044779025124 ], [ 109.722009869579551, -7.808030100366295 ], [ 109.722008961700965, -7.808022758516188 ], [ 109.722005410567704, -7.807993381864719 ], [ 109.722004542853995, -7.80798603517502 ], [ 109.722002847618057, -7.807971337182039 ], [ 109.722002020095999, -7.807963985878757 ], [ 109.721995561272138, -7.807905162312807 ], [ 109.721994773968902, -7.807897806637982 ], [ 109.72199323959984, -7.807883091091696 ], [ 109.721992492534127, -7.807875731222168 ], [ 109.721989584843186, -7.807846284307686 ], [ 109.721988878040918, -7.807838920495442 ], [ 109.721987504718811, -7.807824189128382 ], [ 109.72198683819903, -7.807816821572146 ], [ 109.721981667641501, -7.807757871487581 ], [ 109.721981041424954, -7.807750500416546 ], [ 109.721979829314364, -7.807735754987846 ], [ 109.72197924341981, -7.807728380624326 ], [ 109.721976980553279, -7.807698877454641 ], [ 109.721976434999306, -7.807691500035958 ], [ 109.721975384243706, -7.807676742300657 ], [ 109.721974879042477, -7.807669361989269 ], [ 109.721970999210953, -7.807610313444798 ], [ 109.721970534381171, -7.807602930508324 ], [ 109.721969645105332, -7.80758816221288 ], [ 109.72196922065956, -7.807580776857492 ], [ 109.721967603694338, -7.807551231482364 ], [ 109.721967219644569, -7.807543843913265 ], [ 109.721966491955186, -7.807529066828181 ], [ 109.721966148315062, -7.807521677311172 ], [ 109.721963561054906, -7.807462558411373 ], [ 109.721963257832726, -7.807455167124601 ], [ 109.721962691815293, -7.807440383002813 ], [ 109.721962429019982, -7.807432990159953 ], [ 109.72196145872482, -7.807403416635907 ], [ 109.721961236365644, -7.807396022500541 ], [ 109.721960832087802, -7.807381233100614 ], [ 109.721960650169478, -7.807373837843215 ], [ 109.721959356710443, -7.807314676722967 ], [ 109.721959280928786, -7.807310979277759 ], [ 109.721959139475871, -7.807303584230453 ], [ 109.721959073804499, -7.807299886626879 ], [ 109.721958831338384, -7.807285095898067 ], [ 109.721958775776955, -7.807281398151929 ], [ 109.721958674763528, -7.807274002470535 ], [ 109.7219586293117, -7.807270304531357 ], [ 109.721958306147599, -7.807240721307664 ], [ 109.721958270815719, -7.807237024377514 ], [ 109.721958210256673, -7.807229630428424 ], [ 109.721958185029564, -7.807225933421364 ], [ 109.721958104331634, -7.807211145300244 ], [ 109.721958089215718, -7.80720745040793 ], [ 109.721958069076834, -7.807200060608068 ], [ 109.721958064053979, -7.807196370066833 ], [ 109.721958069145558, -7.807192663126841 ], [ 109.721958089463726, -7.807185258041216 ], [ 109.721958104690259, -7.807181555526029 ], [ 109.721958185818266, -7.807166754293632 ], [ 109.721958211161905, -7.807163053991815 ], [ 109.721958271972312, -7.807155653460825 ], [ 109.721958307439024, -7.807151953222785 ], [ 109.721958631559687, -7.807122361264987 ], [ 109.721958677133557, -7.807118662285575 ], [ 109.721958778397436, -7.807111264435775 ], [ 109.721958834087616, -7.807107565572323 ], [ 109.721959077079589, -7.807092770474299 ], [ 109.721959142886135, -7.807089071745793 ], [ 109.721959284614343, -7.807081674508026 ], [ 109.721959360535834, -7.807077975996663 ], [ 109.721960655906059, -7.807018814917001 ], [ 109.721960838062728, -7.807011419680293 ], [ 109.721961242818111, -7.806996630292815 ], [ 109.721961465416541, -7.806989236145796 ], [ 109.721962436666331, -7.806959662652218 ], [ 109.721962699699986, -7.806952269823626 ], [ 109.721963266194393, -7.806937485718151 ], [ 109.721963569655145, -7.806930094437917 ], [ 109.721966158821147, -7.806870975619177 ], [ 109.721966502699843, -7.806863586098359 ], [ 109.72196723086563, -7.806848809032601 ], [ 109.721967615152721, -7.806841421485274 ], [ 109.721969233069217, -7.806811876158406 ], [ 109.721969657752425, -7.80680449081791 ], [ 109.721970547502735, -7.806789722556687 ], [ 109.721971012569838, -7.806782339637152 ], [ 109.721974894298228, -7.806723291214553 ], [ 109.721975399734617, -7.806715910941364 ], [ 109.721976450963382, -7.806701153238578 ], [ 109.721976996755814, -7.806693775811141 ], [ 109.721979260567878, -7.806664272713022 ], [ 109.721979846698503, -7.806656898369681 ], [ 109.721981059281575, -7.806642152972472 ], [ 109.72198168573442, -7.806634781916728 ], [ 109.721986858176479, -7.806575831990983 ], [ 109.72198752493108, -7.806568464460668 ], [ 109.721988898723225, -7.806553733136582 ], [ 109.721989605760314, -7.806546369345597 ], [ 109.72199251438991, -7.806516922519904 ], [ 109.721993261689931, -7.806509562674023 ], [ 109.721994796527042, -7.806494847176737 ], [ 109.721995584064189, -7.806487491525729 ], [ 109.722002044755925, -7.806428668162482 ], [ 109.722002872510302, -7.806421316891942 ], [ 109.722004568210593, -7.806406618962512 ], [ 109.722005436157019, -7.806399272300496 ], [ 109.722008988219329, -7.806369895760326 ], [ 109.722009896330064, -7.806362553937447 ], [ 109.722011752692765, -7.806347875320114 ], [ 109.722012700944902, -7.806340538524239 ], [ 109.722020446810575, -7.806281869718248 ], [ 109.722021435169609, -7.806274538215007 ], [ 109.722023451969676, -7.806259880684877 ], [ 109.722024480410482, -7.806252554660375 ], [ 109.722028674212936, -7.806223262395804 ], [ 109.722029742703853, -7.80621594207588 ], [ 109.722031919705557, -7.806201307345987 ], [ 109.722033028216686, -7.806193992935505 ], [ 109.722042055568181, -7.806135506603823 ], [ 109.722042624734229, -7.806131852234387 ], [ 109.722043773058317, -7.806124545040802 ], [ 109.722044352216187, -7.806120892215631 ], [ 109.72204668880687, -7.806106284163945 ], [ 109.722047277950367, -7.806102632924649 ], [ 109.722048466217245, -7.806095332064388 ], [ 109.722049065340855, -7.806091682444503 ], [ 109.722053898138824, -7.806062492623425 ], [ 109.722054507060307, -7.806058845703149 ], [ 109.722055734866387, -7.806051553548627 ], [ 109.722056353751441, -7.8060479083112 ], [ 109.722058849209134, -7.806033330780906 ], [ 109.722059477686173, -7.806029689361537 ], [ 109.722060744587566, -7.806022408228955 ], [ 109.722061382261302, -7.806018772760581 ], [ 109.722062032707072, -7.806015123144789 ], [ 109.722063342074932, -7.806007834174579 ], [ 109.72206400174673, -7.806004190581746 ], [ 109.722066658819699, -7.805989628357622 ], [ 109.722067328066771, -7.80598598871029 ], [ 109.722068676521076, -7.805978711216824 ], [ 109.722069355729445, -7.805975073366994 ], [ 109.722074827471602, -7.80594598716732 ], [ 109.722075516427708, -7.805942352234581 ], [ 109.722076904273422, -7.805935084283476 ], [ 109.722077603162916, -7.805931451265849 ], [ 109.722080418582266, -7.805916923048812 ], [ 109.722081127404067, -7.80591329194948 ], [ 109.722082554977874, -7.805906031682071 ], [ 109.722083273729879, -7.805902402513141 ], [ 109.722094850552196, -7.805844364544441 ], [ 109.722096317600915, -7.805837113200027 ], [ 109.722099291335951, -7.805822618587683 ], [ 109.722100798021927, -7.805815375321799 ], [ 109.72210690385225, -7.805786419310607 ], [ 109.722108450126825, -7.805779184356084 ], [ 109.722111582222283, -7.805764722957349 ], [ 109.722113168043393, -7.805757496512058 ], [ 109.722126011636078, -7.805699724219608 ], [ 109.72212763695228, -7.805692506516095 ], [ 109.722130927034641, -7.805678080052132 ], [ 109.722132591801255, -7.805670871290658 ], [ 109.722139329562538, -7.805642055011617 ], [ 109.722141033727894, -7.80563485541478 ], [ 109.722144481406986, -7.805620465599191 ], [ 109.722146224920607, -7.805613275381347 ], [ 109.722160329171004, -7.8055557962536 ], [ 109.722162111980822, -7.805548615626947 ], [ 109.722165716846575, -7.805534264168955 ], [ 109.722167538901431, -7.805527093341027 ], [ 109.722174905389977, -7.805498430494083 ], [ 109.722176766634504, -7.805491269683728 ], [ 109.722180528257297, -7.805476958294491 ], [ 109.722182428636927, -7.805469807711972 ], [ 109.722197786832339, -7.805412649102664 ], [ 109.722199726287329, -7.805405508969841 ], [ 109.722203644219235, -7.805391239352787 ], [ 109.722205622697629, -7.805384109863496 ], [ 109.722213614405348, -7.805355614097778 ], [ 109.722215631837969, -7.805348495500084 ], [ 109.722219705613441, -7.805334269352045 ], [ 109.722221761955382, -7.805327161805337 ], [ 109.72223836678171, -7.805270350931664 ], [ 109.722240461958336, -7.805263254691965 ], [ 109.722244691090225, -7.805249073711991 ], [ 109.722246825043328, -7.805241988978139 ], [ 109.72225543816154, -7.805213673869332 ], [ 109.722257610833367, -7.805206600833117 ], [ 109.72226199482003, -7.805192466704113 ], [ 109.722264206135833, -7.805185405608256 ], [ 109.722282049688602, -7.805128969506143 ], [ 109.722284299590683, -7.805121920533622 ], [ 109.72228883791081, -7.80510783493429 ], [ 109.722291126328457, -7.805100798308501 ], [ 109.722300356761423, -7.805072677319401 ], [ 109.722302683626879, -7.805065653247766 ], [ 109.722307375739547, -7.805051617858737 ], [ 109.722309740988123, -7.805044606537081 ], [ 109.722328814776574, -7.804988572058676 ], [ 109.722330011599468, -7.804985071747979 ], [ 109.722332414817515, -7.804978074374446 ], [ 109.722333621215, -7.804974577305586 ], [ 109.722338465880625, -7.804960595726072 ], [ 109.72233968182195, -7.804957101987441 ], [ 109.722342123269698, -7.804950117780436 ], [ 109.722343348773336, -7.804946627319623 ], [ 109.722353190717797, -7.804918717694534 ], [ 109.722354425414267, -7.804915231551433 ], [ 109.722356904320407, -7.804908262665947 ], [ 109.722358148528144, -7.804904779928336 ], [ 109.722363144398344, -7.804890855741974 ], [ 109.722364397422893, -7.804887378328772 ], [ 109.722366912977975, -7.804880426888985 ], [ 109.722368174100723, -7.804876956719681 ], [ 109.722369450012877, -7.804873475519287 ], [ 109.722372008517254, -7.804866524364058 ], [ 109.722373292517148, -7.804863050551546 ], [ 109.722378444680999, -7.804849169975228 ], [ 109.722379737472295, -7.804845701573129 ], [ 109.722382332542622, -7.804838768287823 ], [ 109.722383634823018, -7.804835303400296 ], [ 109.72239408782184, -7.804807606845486 ], [ 109.72239539920696, -7.804804146483889 ], [ 109.722398031431908, -7.804797229351436 ], [ 109.722399352268496, -7.804793772588994 ], [ 109.722404654512275, -7.804779952748788 ], [ 109.722405984805675, -7.804776499570778 ], [ 109.722408654823653, -7.804769596865981 ], [ 109.722409994550901, -7.804766147332145 ], [ 109.722431500989501, -7.804710995912615 ], [ 109.722434208348091, -7.804704108780413 ], [ 109.722439660685382, -7.804690349357315 ], [ 109.722442405663287, -7.80468347706784 ], [ 109.722453460512611, -7.804656018342484 ], [ 109.722456243037414, -7.804649161075929 ], [ 109.722461845550356, -7.804635461772705 ], [ 109.722464665538496, -7.804628619735922 ], [ 109.722487373236277, -7.804573949323867 ], [ 109.722490230599647, -7.804567122729225 ], [ 109.722495982610099, -7.804553485202462 ], [ 109.722498877257465, -7.804546674269432 ], [ 109.722510530104671, -7.80451946258404 ], [ 109.722513461962251, -7.804512667485085 ], [ 109.722519362800142, -7.804499093324807 ], [ 109.722522331781136, -7.804492314261779 ], [ 109.722546229927332, -7.8044381508833 ], [ 109.722549235927943, -7.804431388092155 ], [ 109.722555284875966, -7.804417878946822 ], [ 109.72255832782389, -7.804411132591156 ], [ 109.722570573122539, -7.804384180897046 ], [ 109.722573652917788, -7.804377451198718 ], [ 109.722579849266822, -7.804364008653693 ], [ 109.722582965819356, -7.804357295809552 ], [ 109.722608043038747, -7.804303665240866 ], [ 109.722611196252444, -7.804296969456232 ], [ 109.722617539260511, -7.804283595118306 ], [ 109.722620729055961, -7.804276916563254 ], [ 109.722633560978181, -7.804250237686063 ], [ 109.722636787246131, -7.804243576589272 ], [ 109.722643276160966, -7.804230272047732 ], [ 109.722646538805179, -7.804223628608099 ], [ 109.722672783163489, -7.804170556371048 ], [ 109.72267608209296, -7.804163930772063 ], [ 109.722682716135466, -7.804150697621594 ], [ 109.722686051248786, -7.804144090068746 ], [ 109.722699463683512, -7.804117696711216 ], [ 109.722702834892232, -7.804111107379299 ], [ 109.72270961328519, -7.804097947171897 ], [ 109.722713020469939, -7.804091376295048 ], [ 109.722740419474974, -7.804038887649085 ], [ 109.722743862552989, -7.804032335384932 ], [ 109.722750784480525, -7.804019249703003 ], [ 109.722754263328511, -7.804012716287389 ], [ 109.72276824989865, -7.803986620998955 ], [ 109.722771764432878, -7.803980106588995 ], [ 109.722778829073661, -7.803967096986241 ], [ 109.722782379180217, -7.803960601793335 ], [ 109.722810919789708, -7.803908721722109 ], [ 109.722812707937123, -7.80390548177553 ], [ 109.722816293055075, -7.803899006808763 ], [ 109.722818090021065, -7.803895771796761 ], [ 109.722825295600501, -7.803882841473637 ], [ 109.722827101435428, -7.803879611304978 ], [ 109.722830721896003, -7.803873155950782 ], [ 109.722832536526539, -7.803869930756775 ], [ 109.722847088667891, -7.803844149249642 ], [ 109.722848911662481, -7.803840929788748 ], [ 109.72285256644102, -7.803834495842068 ], [ 109.722854398221955, -7.803831281361454 ], [ 109.72286174288422, -7.8038184334589 ], [ 109.722863582512616, -7.803815225590427 ], [ 109.722867270500103, -7.803808814910099 ], [ 109.722869116965342, -7.803805615369299 ], [ 109.722870979320192, -7.803802408554759 ], [ 109.722874708988513, -7.803796006569769 ], [ 109.722876578197486, -7.803792808124967 ], [ 109.722884068698704, -7.80378003107586 ], [ 109.722885945709038, -7.803776839333693 ], [ 109.722889708442096, -7.803770460988176 ], [ 109.722891594166072, -7.803767274382267 ], [ 109.722906710652978, -7.803741809085921 ], [ 109.722908604609074, -7.803738628421911 ], [ 109.722912401194662, -7.803732272287846 ], [ 109.72291430382154, -7.803729096822167 ], [ 109.722921931704946, -7.803716405295631 ], [ 109.722923843026365, -7.80371323498764 ], [ 109.722927674323557, -7.803706899596875 ], [ 109.722929594302798, -7.80370373450819 ], [ 109.722960376831679, -7.803653145357373 ], [ 109.722964242231228, -7.803646831701201 ], [ 109.722972007489147, -7.803634225528299 ], [ 109.722975907343823, -7.803627933017083 ], [ 109.722991575285619, -7.803602805882406 ], [ 109.722995509516863, -7.803596534642793 ], [ 109.723003412202672, -7.803584013679142 ], [ 109.723007380661613, -7.803577763948454 ], [ 109.723039262439897, -7.803527856527694 ], [ 109.723043265015463, -7.803521628479757 ], [ 109.723051304170383, -7.803509194242963 ], [ 109.723055340747294, -7.803502988057915 ], [ 109.723071554582759, -7.803478207772002 ], [ 109.723075625049205, -7.803472023622021 ], [ 109.72308379972776, -7.803459677576029 ], [ 109.723087903942144, -7.803453515676324 ], [ 109.723120869792069, -7.803404313742419 ], [ 109.723125007645876, -7.803398174254767 ], [ 109.723133316874907, -7.803385917867217 ], [ 109.723137488247517, -7.803379800971584 ], [ 109.723154240260783, -7.803355379325183 ], [ 109.723158445025319, -7.803349285207446 ], [ 109.723166887806713, -7.803337119952346 ], [ 109.723171125825218, -7.803331048812822 ], [ 109.723205160057887, -7.803282575779861 ], [ 109.723209431235261, -7.803276527753439 ], [ 109.723218006583295, -7.803264455049714 ], [ 109.723222310754409, -7.803258430371784 ], [ 109.723239592975006, -7.803234378984143 ], [ 109.723243930037995, -7.803228377796358 ], [ 109.723252636913571, -7.803216399108351 ], [ 109.723257006725305, -7.803210421609322 ], [ 109.723292093141538, -7.803162700548796 ], [ 109.723296495577813, -7.803156746906893 ], [ 109.723305332951327, -7.803144863648868 ], [ 109.723309767892999, -7.80313893402689 ], [ 109.72332757209108, -7.803115264350879 ], [ 109.723332039379329, -7.803109358960512 ], [ 109.723341006204464, -7.803097572541276 ], [ 109.723345505739644, -7.803091691514965 ], [ 109.723381627639583, -7.803044745139118 ], [ 109.723386159260542, -7.80303888868616 ], [ 109.723395254462446, -7.803027200517249 ], [ 109.723399818041628, -7.803021368803456 ], [ 109.723418135742406, -7.802998092104758 ], [ 109.723422731147366, -7.802992285299183 ], [ 109.723431953643058, -7.802980696773375 ], [ 109.723436580734983, -7.802974915051493 ], [ 109.723473720926904, -7.802928765701552 ], [ 109.723476046045278, -7.80292588463044 ], [ 109.723480704172687, -7.802920128794369 ], [ 109.723483037180074, -7.802917254031627 ], [ 109.723492384814222, -7.802905767811296 ], [ 109.723494725654973, -7.802902899425533 ], [ 109.723499415161712, -7.802897169040534 ], [ 109.72350176382804, -7.802894307041186 ], [ 109.723520584156972, -7.802871436958071 ], [ 109.723522940108126, -7.802868581998041 ], [ 109.723527659818103, -7.802862878478948 ], [ 109.723530023586648, -7.80286002990789 ], [ 109.723539494123713, -7.802848648610563 ], [ 109.72354186456306, -7.802845807799883 ], [ 109.723546613233282, -7.80284013258472 ], [ 109.723548989296887, -7.802837300756096 ], [ 109.723551381194795, -7.802834465800686 ], [ 109.723556168408606, -7.802828807543847 ], [ 109.723558565883536, -7.802825981676619 ], [ 109.723568166857774, -7.802814696421137 ], [ 109.723570570964227, -7.802811878367265 ], [ 109.723575386883795, -7.802806248802483 ], [ 109.723577798695715, -7.802803437292596 ], [ 109.723597119172439, -7.802780977017335 ], [ 109.723599538119799, -7.802778172710703 ], [ 109.723604383673262, -7.802772570688944 ], [ 109.723606810280273, -7.802769772972795 ], [ 109.723616531943208, -7.802758595385683 ], [ 109.723618966195488, -7.802755804276387 ], [ 109.723623842303198, -7.802750228713251 ], [ 109.723626284157888, -7.802747444259808 ], [ 109.723665407425926, -7.802702954465815 ], [ 109.723670313410139, -7.80269740612431 ], [ 109.723680155640295, -7.802686336218414 ], [ 109.72368509188442, -7.802680814656014 ], [ 109.723704896833738, -7.802658782573985 ], [ 109.72370986321198, -7.802653287930923 ], [ 109.723719825933301, -7.802642325752572 ], [ 109.723724822277973, -7.802636858215124 ], [ 109.723764909387626, -7.802593230159118 ], [ 109.723769935560483, -7.80258778987718 ], [ 109.723780017586023, -7.802576936730532 ], [ 109.723785073439558, -7.802571523864913 ], [ 109.723805355599154, -7.802549927891903 ], [ 109.723810440974091, -7.802544542612566 ], [ 109.723820641105704, -7.802533799789046 ], [ 109.723825755859309, -7.802528442247876 ], [ 109.723866787729435, -7.802485696695669 ], [ 109.723871931713177, -7.802480367046996 ], [ 109.723882248738448, -7.802469735821774 ], [ 109.7238874217839, -7.802464434241358 ], [ 109.723908171495907, -7.802443284660683 ], [ 109.723913373458174, -7.802438011296488 ], [ 109.723923806148264, -7.802427492937568 ], [ 109.723929036874324, -7.802422247944776 ], [ 109.723970993976479, -7.802380405240342 ], [ 109.723976253303647, -7.802375188781298 ], [ 109.72398680041141, -7.802364784544238 ], [ 109.723992088194564, -7.802359596763893 ], [ 109.724013295583461, -7.802338903640873 ], [ 109.724018611649626, -7.802333744708733 ], [ 109.724029271928885, -7.802323455824421 ], [ 109.724034616140159, -7.802318325874353 ], [ 109.724077478505762, -7.802277405930226 ], [ 109.724082850692355, -7.802272305124461 ], [ 109.724093622868224, -7.802262132821909 ], [ 109.724099022851988, -7.802257061330238 ], [ 109.724120677825056, -7.802236834512087 ], [ 109.724126105490882, -7.80223179244274 ], [ 109.724136988288649, -7.802221737927198 ], [ 109.724142443426103, -7.80221672547566 ], [ 109.724186190653654, -7.802176747768499 ], [ 109.724191673130008, -7.802171765055846 ], [ 109.724202665250971, -7.802161829525346 ], [ 109.724208174893704, -7.802156876709319 ], [ 109.724230267147959, -7.802137125820082 ], [ 109.724235803796944, -7.802132203044323 ], [ 109.724246903929156, -7.802122387686381 ], [ 109.724252467413748, -7.802117495103062 ], [ 109.724297078683605, -7.802078478657677 ], [ 109.72429987019234, -7.802076043946329 ], [ 109.724305459821721, -7.802071182154179 ], [ 109.724308257942539, -7.80206875507298 ], [ 109.724319463701363, -7.802059061963575 ], [ 109.724322268458138, -7.802056642491664 ], [ 109.724327884587069, -7.80205181117509 ], [ 109.724330695960759, -7.802049399329121 ], [ 109.724353212819153, -7.802030135576672 ], [ 109.724356030236606, -7.802027731844362 ], [ 109.724361671633972, -7.80202293204718 ], [ 109.724364495607233, -7.802020535988106 ], [ 109.724375804547833, -7.802010967151773 ], [ 109.724378633994206, -7.802008579676965 ], [ 109.724384299380404, -7.802003812442877 ], [ 109.724387133168193, -7.80200143448468 ], [ 109.724389981568493, -7.80199905746548 ], [ 109.724395680516977, -7.801994314814408 ], [ 109.7243985332139, -7.801991947384181 ], [ 109.72440995264941, -7.801982496755159 ], [ 109.724412810768854, -7.801980137956889 ], [ 109.724418533415928, -7.801975428171772 ], [ 109.724421397954075, -7.801973077176172 ], [ 109.724444335179669, -7.801954304311323 ], [ 109.72444720558633, -7.801951961565692 ], [ 109.724452952806814, -7.801947283881475 ], [ 109.724455829623309, -7.801944948940616 ], [ 109.724467349571512, -7.801935624898476 ], [ 109.724470232748729, -7.801933297802179 ], [ 109.724476005475765, -7.801928651444825 ], [ 109.724478895022685, -7.801926332185985 ], [ 109.724525170278298, -7.801889293506861 ], [ 109.724530967775536, -7.801884679060777 ], [ 109.724542587918791, -7.801875481772356 ], [ 109.724548410560885, -7.801870898932975 ], [ 109.724571750752887, -7.801852631310908 ], [ 109.724577598379597, -7.801848080204024 ], [ 109.724589318427661, -7.801839009871287 ], [ 109.724595190853563, -7.801834490641681 ], [ 109.724642265257501, -7.801798467527476 ], [ 109.724648162297001, -7.801793980316631 ], [ 109.72465998085022, -7.801785038021364 ], [ 109.724665902364563, -7.801780582936374 ], [ 109.724689636576102, -7.801762827443895 ], [ 109.724695582348886, -7.801758404646932 ], [ 109.724707498008115, -7.801749591449266 ], [ 109.724713467893991, -7.801745201048789 ], [ 109.724761319048184, -7.801710210638589 ], [ 109.724767312851668, -7.801705852777786 ], [ 109.724779324194856, -7.801697169728129 ], [ 109.724785341729444, -7.801692844543084 ], [ 109.724809458671132, -7.80167560962559 ], [ 109.724815499785734, -7.801671317224702 ], [ 109.724827605383155, -7.80166276535806 ], [ 109.724833669869838, -7.801658505889463 ], [ 109.724882274997412, -7.801624564838335 ], [ 109.724888362690081, -7.801620338417536 ], [ 109.724900561100526, -7.801611918750382 ], [ 109.724906671819042, -7.801607725503459 ], [ 109.724931160004758, -7.80159101936971 ], [ 109.724937293556536, -7.801586859428369 ], [ 109.724949583332489, -7.801578572961375 ], [ 109.724955739556492, -7.801574446435495 ], [ 109.725005075523995, -7.801541570897484 ], [ 109.725011254215133, -7.801537477923546 ], [ 109.725023633890714, -7.801529325643514 ], [ 109.725029834873737, -7.801525266338444 ], [ 109.725054682655525, -7.80150909693424 ], [ 109.72506090575115, -7.801505071415022 ], [ 109.725073373857867, -7.801497054290621 ], [ 109.72507961886879, -7.801493062685381 ], [ 109.725129662196878, -7.801461268305957 ], [ 109.725135928945406, -7.801457310727244 ], [ 109.725148483992029, -7.801449429715603 ], [ 109.725154772293251, -7.801445506281141 ], [ 109.725179967838983, -7.801429881306206 ], [ 109.725186277488149, -7.801425992143095 ], [ 109.725198917986063, -7.801418248180198 ], [ 109.725205248834072, -7.801414393381037 ], [ 109.725255975703021, -7.801383695293509 ], [ 109.725259148755072, -7.80138178097377 ], [ 109.725265500106161, -7.80137796095579 ], [ 109.725268678404291, -7.801376055258061 ], [ 109.725281401901952, -7.801368449823201 ], [ 109.725284585399834, -7.801366552775278 ], [ 109.725290957545496, -7.80136276735891 ], [ 109.725294146189128, -7.801360878992853 ], [ 109.725319675610422, -7.801345806973814 ], [ 109.725322868960518, -7.801343927547009 ], [ 109.725329260774856, -7.801340177390273 ], [ 109.72533245924302, -7.801338306658067 ], [ 109.725345263269674, -7.801330841166646 ], [ 109.725348465897014, -7.80132897968474 ], [ 109.725354876211952, -7.801325265442358 ], [ 109.725358082001378, -7.801323413774696 ], [ 109.725361299967176, -7.801321566743127 ], [ 109.725367737157853, -7.801317883614104 ], [ 109.72537095827937, -7.801316046424688 ], [ 109.725383848909246, -7.80130871741892 ], [ 109.725387074100752, -7.801306889534771 ], [ 109.725393529436928, -7.801303242565837 ], [ 109.725396759583361, -7.801301423480083 ], [ 109.725422616429455, -7.801286908313045 ], [ 109.725425851070099, -7.801285098282165 ], [ 109.725432325299778, -7.80128148701931 ], [ 109.725435564884947, -7.801279685789325 ], [ 109.725448532998826, -7.801272498535127 ], [ 109.725451777505839, -7.80127070611843 ], [ 109.72545827139129, -7.801267130126689 ], [ 109.725461520773592, -7.801265346549314 ], [ 109.725513541984355, -7.801236884345599 ], [ 109.72552005484448, -7.801233343993829 ], [ 109.7255330998359, -7.801226298765073 ], [ 109.725539631968388, -7.801222793887348 ], [ 109.725565798235266, -7.80120884575706 ], [ 109.725572349433435, -7.801205376464281 ], [ 109.725585470706733, -7.801198473563829 ], [ 109.7255920407801, -7.801195039957122 ], [ 109.725644672175349, -7.801167716281839 ], [ 109.725651260921779, -7.801164318465624 ], [ 109.72566445691308, -7.801157558714806 ], [ 109.725671064164374, -7.801154196777077 ], [ 109.725697529290301, -7.80114082123356 ], [ 109.725704154808739, -7.801137495294881 ], [ 109.725717423945468, -7.801130879500761 ], [ 109.725724067556087, -7.80112758964907 ], [ 109.725777284087201, -7.801101417505947 ], [ 109.725783945600824, -7.801098163834126 ], [ 109.725797286307341, -7.801091692780972 ], [ 109.725803965498926, -7.801088475399922 ], [ 109.725830716905875, -7.801075678799691 ], [ 109.725837413617342, -7.801072497785299 ], [ 109.725850824320105, -7.801066172237654 ], [ 109.725857538311971, -7.801063027703947 ], [ 109.725911314652706, -7.801038019548969 ], [ 109.725918045744436, -7.80103491157962 ], [ 109.72593152481528, -7.801028732304019 ], [ 109.725938272798601, -7.801025660996004 ], [ 109.725965297735058, -7.801013449439552 ], [ 109.725972062407607, -7.801010414884445 ], [ 109.725985608269468, -7.801004382605072 ], [ 109.725992389458781, -7.801001384880863 ], [ 109.726046740554636, -7.800977639486234 ], [ 109.726053538731094, -7.800974694845081 ], [ 109.726067224762403, -7.800968997590758 ], [ 109.726074072073402, -7.800966158108963 ], [ 109.726101402195923, -7.800954635465644 ], [ 109.72610824955359, -7.80095179233831 ], [ 109.72612194972703, -7.800946118386378 ], [ 109.72612891857176, -7.800943588897383 ], [ 109.72618337577137, -7.800920045468558 ], [ 109.726190236380717, -7.800917233268876 ], [ 109.726203972882786, -7.800911646226041 ], [ 109.726210848773917, -7.800908871383626 ], [ 109.726238382078975, -7.80089784705865 ], [ 109.726245273048733, -7.800895109655244 ], [ 109.726259069852233, -7.800889672373103 ], [ 109.726265975688534, -7.800886972493288 ], [ 109.726321276885358, -7.800865525472148 ], [ 109.726324735145397, -7.800864189693357 ], [ 109.726331655291062, -7.800861527550808 ], [ 109.726335117163842, -7.800860201192052 ], [ 109.726348971910852, -7.800854914585159 ], [ 109.726352437444859, -7.800853597627906 ], [ 109.726359372049558, -7.800850973162596 ], [ 109.726362841131845, -7.800849665649991 ], [ 109.726390607614292, -7.800839243464111 ], [ 109.726394079900388, -7.800837945523767 ], [ 109.726401028034161, -7.800835359080452 ], [ 109.726404503883145, -7.800834070577025 ], [ 109.726418414209888, -7.800828935509003 ], [ 109.726421892850908, -7.800827656724721 ], [ 109.72642885363166, -7.800825108612798 ], [ 109.726432334360425, -7.80082383979709 ], [ 109.726435823828524, -7.800822578543205 ], [ 109.726442803369366, -7.800820066557549 ], [ 109.726446294847221, -7.800818815315779 ], [ 109.726460264746436, -7.800813830365826 ], [ 109.726463758941577, -7.800812588872418 ], [ 109.726470750709609, -7.800810115396587 ], [ 109.726474248286252, -7.800808883412742 ], [ 109.726502238958972, -7.800799066794468 ], [ 109.726505739548486, -7.800797844448084 ], [ 109.726512744036825, -7.8007954092879 ], [ 109.726516247934455, -7.800794196474499 ], [ 109.726530270116257, -7.800789364295042 ], [ 109.726533777309214, -7.800788161018716 ], [ 109.726540795001597, -7.800785763999727 ], [ 109.726544305502841, -7.800784570256383 ], [ 109.726600492077523, -7.800765549302128 ], [ 109.726607522415975, -7.80076319061078 ], [ 109.726621595901975, -7.800758511498998 ], [ 109.726628639048329, -7.80075619107879 ], [ 109.726656836360689, -7.800746986231957 ], [ 109.726663892092176, -7.800744704156273 ], [ 109.726678015921209, -7.800740178420369 ], [ 109.726685084018413, -7.800737934760207 ], [ 109.726741673271874, -7.800720140708449 ], [ 109.726748753528454, -7.800717935528496 ], [ 109.726762926011702, -7.800713563708428 ], [ 109.726770018242178, -7.800711397067289 ], [ 109.72679841018271, -7.800702807862535 ], [ 109.726805514134639, -7.80070067983695 ], [ 109.726819733588513, -7.800696462453118 ], [ 109.726826849087274, -7.80069437309578 ], [ 109.726883814090115, -7.800677814413973 ], [ 109.726890940912995, -7.800675763789513 ], [ 109.726905205656294, -7.800671701339581 ], [ 109.726912343575748, -7.800669689514393 ], [ 109.72694091663891, -7.800661720037397 ], [ 109.726948065454167, -7.800659747067414 ], [ 109.726962373777383, -7.800655840039383 ], [ 109.726969533287559, -7.800653905980539 ], [ 109.727026846931324, -7.800638590549283 ], [ 109.727034016894606, -7.80063669546621 ], [ 109.727048367093687, -7.800632944324036 ], [ 109.727055547326984, -7.800631088265732 ], [ 109.727084287905086, -7.800623742311814 ], [ 109.72709147818972, -7.800621925334667 ], [ 109.727105868567321, -7.800618330523548 ], [ 109.727113068658866, -7.800616552689576 ], [ 109.727170703658373, -7.800602487799267 ], [ 109.727177913371918, -7.800600749153148 ], [ 109.727192342208525, -7.800597311101001 ], [ 109.72719956133551, -7.800595611694064 ], [ 109.727228455758734, -7.800588892757389 ], [ 109.72723568406326, -7.800587232644887 ], [ 109.727250149648285, -7.800583951760586 ], [ 109.727257386926624, -7.800582330989528 ], [ 109.727315315855094, -7.800569523333706 ], [ 109.727322561897608, -7.800567941950248 ], [ 109.72733706250915, -7.800564818623684 ], [ 109.727344317070902, -7.800563276681999 ], [ 109.727373351581036, -7.800557187961772 ], [ 109.727380614489675, -7.800555685498125 ], [ 109.727395148390144, -7.800552720104406 ], [ 109.727402419389421, -7.800551257172401 ], [ 109.727460614679103, -7.800539712846103 ], [ 109.727464253068035, -7.800538996232603 ], [ 109.727471531775109, -7.800537572906592 ], [ 109.727475172091431, -7.80053686619442 ], [ 109.727489737185124, -7.800534059152938 ], [ 109.727493379438556, -7.800533362340047 ], [ 109.727500665825517, -7.800531978624576 ], [ 109.727504309959727, -7.800531291721882 ], [ 109.727533469989169, -7.800525836246436 ], [ 109.727537115795315, -7.800525159292192 ], [ 109.727544409261384, -7.80052381529805 ], [ 109.727548056919375, -7.800523148258378 ], [ 109.72756265110354, -7.800520499956519 ], [ 109.727566300216949, -7.800519842902361 ], [ 109.727573600185394, -7.800518538726749 ], [ 109.727577250292995, -7.80051789173649 ], [ 109.727580646298918, -7.800517298972693 ], [ 109.72758743834072, -7.800516122286751 ], [ 109.727590835131309, -7.800515538231991 ], [ 109.727604423599246, -7.800513219468655 ], [ 109.727607821449055, -7.800512644071318 ], [ 109.727614618627342, -7.800511501861365 ], [ 109.727618017949624, -7.800510935049999 ], [ 109.727645216249925, -7.800506435260615 ], [ 109.727648616816168, -7.800505877072453 ], [ 109.727655419334155, -7.800504769295401 ], [ 109.727658821282944, -7.800504219706852 ], [ 109.72767243186388, -7.800502038549382 ], [ 109.727675835219486, -7.800501497556809 ], [ 109.727682643281526, -7.800500424176448 ], [ 109.727686047989891, -7.800499891788377 ], [ 109.727740528963352, -7.800491443215776 ], [ 109.727747342205419, -7.80049040428753 ], [ 109.727760973878105, -7.800488360881218 ], [ 109.727767792308725, -7.800487356403096 ], [ 109.727795075733127, -7.800483407488741 ], [ 109.727801899175233, -7.80048243748638 ], [ 109.727815550928199, -7.800480531978337 ], [ 109.727822379239967, -7.800479596472485 ], [ 109.72787702074163, -7.80047225101265 ], [ 109.727883853709216, -7.800471350031955 ], [ 109.727897524120522, -7.800469582620053 ], [ 109.727904361563674, -7.800468716188846 ], [ 109.727931719641617, -7.800465319643138 ], [ 109.727938561399867, -7.800464487781255 ], [ 109.727952249061559, -7.800462858648018 ], [ 109.727959094964206, -7.800462061376663 ], [ 109.728013874531769, -7.800455822048775 ], [ 109.728020724400892, -7.800455059388014 ], [ 109.728034427929856, -7.800453568697151 ], [ 109.728041281592937, -7.800452840666878 ], [ 109.728068703080794, -7.800449997885323 ], [ 109.728075560337913, -7.800449304506458 ], [ 109.72808927829891, -7.800447952415141 ], [ 109.728096138998637, -7.800447293703201 ], [ 109.728151034120003, -7.800442163071295 ], [ 109.728157898091638, -7.800441539042083 ], [ 109.728171629101553, -7.800440325685827 ], [ 109.728178496140913, -7.800439736358612 ], [ 109.728205969775161, -7.80043744850866 ], [ 109.728212839719561, -7.800436893896858 ], [ 109.728226582344575, -7.800435819403106 ], [ 109.728233455024792, -7.800435299521041 ], [ 109.728288443152962, -7.800431279692475 ], [ 109.728295318390053, -7.80043079455271 ], [ 109.7283090712383, -7.800429859029407 ], [ 109.728315948849684, -7.800429408645698 ], [ 109.728343463346675, -7.800427676667198 ], [ 109.728350343156649, -7.8004272610508 ], [ 109.728364104806758, -7.800426464595546 ], [ 109.728370986646212, -7.800426083756804 ], [ 109.728426045185643, -7.800423176383845 ], [ 109.728432928863811, -7.800422830332764 ], [ 109.728446697894697, -7.800422173026902 ], [ 109.728453583247244, -7.800421861772236 ], [ 109.728481127286159, -7.80042068637789 ], [ 109.728488014138634, -7.800420409927483 ], [ 109.728501789146264, -7.800419891838942 ], [ 109.728508677302102, -7.800419650200865 ], [ 109.728563783615186, -7.800417856478703 ], [ 109.728567228105078, -7.800417748716484 ], [ 109.728574117403241, -7.800417541895342 ], [ 109.728577562221346, -7.800417442836363 ], [ 109.728591341795834, -7.800417064017267 ], [ 109.728594786822839, -7.800416973664994 ], [ 109.728601677103541, -7.800416801666756 ], [ 109.728605122342287, -7.800416720021133 ], [ 109.728632684613331, -7.800416101692633 ], [ 109.728636130042901, -7.800416028754 ], [ 109.72864302107979, -7.800415891583725 ], [ 109.728646466699786, -7.800415827352083 ], [ 109.728660249396512, -7.800415587842679 ], [ 109.72866369514918, -7.800415532319107 ], [ 109.728670586801229, -7.800415429979978 ], [ 109.72867409281838, -7.800415382424944 ], [ 109.728693448678939, -7.800415145536476 ], [ 109.728701819392882, -7.800415055331598 ], [ 109.728714420702374, -7.800414938877964 ], [ 109.728722821733186, -7.800414874180944 ], [ 109.728743824426601, -7.800414744786906 ], [ 109.72875216729966, -7.800414706150548 ], [ 109.728763357783976, -7.800414670410248 ], [ 109.728767593221733, -7.80041466162686 ], [ 109.728775453365529, -7.800414654117617 ], [ 109.728780074322515, -7.800414656263683 ], [ 109.72878954301143, -7.800414672664772 ], [ 109.728804681418069, -7.80041472105853 ], [ 109.728815379242178, -7.800414771973806 ], [ 109.728827993403456, -7.800414850720131 ], [ 109.728835017269773, -7.800414906765866 ], [ 109.728846356483416, -7.800415016665113 ], [ 109.72885314102416, -7.800415093705681 ], [ 109.728873494122581, -7.800415358582143 ], [ 109.728880278406848, -7.800415458127361 ], [ 109.728891585172846, -7.800415642787243 ], [ 109.728898369024193, -7.800415764834156 ], [ 109.728936808717719, -7.800416520168881 ], [ 109.728943592146834, -7.800416664717204 ], [ 109.728954897426433, -7.800416924380954 ], [ 109.728961680335772, -7.800417091429097 ], [ 109.728982028093185, -7.800417626318676 ], [ 109.728988810397482, -7.800417815864364 ], [ 109.729000113688585, -7.800418150520954 ], [ 109.729006895349187, -7.800418362563391 ], [ 109.729024607336953, -7.800418944832757 ], [ 109.729028432130235, -7.800419076145829 ], [ 109.729036081338108, -7.800419349505944 ], [ 109.729039905755315, -7.80041949155293 ], [ 109.729055202532322, -7.80042008120364 ], [ 109.729059026529285, -7.800420233982948 ], [ 109.729066674094668, -7.800420550273429 ], [ 109.729070497656608, -7.80042071378432 ], [ 109.729101083570129, -7.80042206476179 ], [ 109.729104906652424, -7.800422239002387 ], [ 109.729112552297408, -7.800422598211753 ], [ 109.729116374868113, -7.800422783180807 ], [ 109.72913166401338, -7.800423544507794 ], [ 109.7291354860414, -7.800423740203598 ], [ 109.729143129537704, -7.800424142321049 ], [ 109.729146950998938, -7.800424348742411 ], [ 109.729208084577294, -7.800427736993015 ], [ 109.729211905437012, -7.800427954137547 ], [ 109.729219546547313, -7.800428399149837 ], [ 109.729223366808071, -7.800428627018277 ], [ 109.729238646384772, -7.800429559923771 ], [ 109.729242465949881, -7.800429798510379 ], [ 109.729250104417702, -7.800430286403468 ], [ 109.729253923310637, -7.800430535709438 ], [ 109.729284470979223, -7.800432572982743 ], [ 109.729288289162298, -7.800432833005743 ], [ 109.729295924773055, -7.800433363765649 ], [ 109.729299742203295, -7.800433634502838 ], [ 109.729315010303537, -7.800434738871616 ], [ 109.729318826948315, -7.800435020320549 ], [ 109.72932645943888, -7.800435593929421 ], [ 109.729330275276254, -7.800435886088621 ], [ 109.72934458704708, -7.800437002071021 ], [ 109.729347802449922, -7.800437256623411 ], [ 109.729354232603271, -7.800437773329747 ], [ 109.729357447358666, -7.800438035484035 ], [ 109.729370305130203, -7.80043909930879 ], [ 109.72937351925782, -7.800439369066623 ], [ 109.729379946869699, -7.800439916184416 ], [ 109.729383160353734, -7.800440193544432 ], [ 109.729408865226105, -7.800442442796168 ], [ 109.72941207805593, -7.800442727757456 ], [ 109.729418503014472, -7.80044330527727 ], [ 109.729421715150238, -7.800443597836477 ], [ 109.729434562241295, -7.80044478326289 ], [ 109.729437773662312, -7.800445083417912 ], [ 109.729444195802103, -7.800445691325137 ], [ 109.729447406518602, -7.800445999077112 ], [ 109.72949876885076, -7.800450983543271 ], [ 109.729501978809083, -7.800451298886685 ], [ 109.729508397963912, -7.800451937164894 ], [ 109.729511607161101, -7.800452260099746 ], [ 109.729524442383195, -7.800453567017314 ], [ 109.729527650812258, -7.800453897542923 ], [ 109.729534066877136, -7.800454566182168 ], [ 109.72953727450772, -7.80045490429535 ], [ 109.72956293194602, -7.800457639506874 ], [ 109.729566138776363, -7.800457985207402 ], [ 109.72957255157894, -7.800458684189607 ], [ 109.729575757561292, -7.800459037472535 ], [ 109.729588579768006, -7.800460465765298 ], [ 109.729591784893955, -7.800460826629433 ], [ 109.729598194288258, -7.800461555938853 ], [ 109.729601398543423, -7.800461924382603 ], [ 109.729608516429778, -7.800462751369309 ], [ 109.729611089453158, -7.800463052791827 ], [ 109.72961623490437, -7.800463660522723 ], [ 109.729618807340501, -7.800463966832126 ], [ 109.729629095846008, -7.800465201835607 ], [ 109.729631667669821, -7.800465513028882 ], [ 109.729636810725026, -7.800466140301467 ], [ 109.729639381964432, -7.800466456381855 ], [ 109.729659949217933, -7.800469004533227 ], [ 109.729662519827798, -7.800469325495158 ], [ 109.729667660477674, -7.800469972307951 ], [ 109.729670230510351, -7.800470298158075 ], [ 109.729680509267268, -7.800471611307046 ], [ 109.729683078634366, -7.800471942034051 ], [ 109.729688216748286, -7.800472608370967 ], [ 109.729690785494029, -7.800472943980651 ], [ 109.729731878633629, -7.800478352555672 ], [ 109.729734446736472, -7.800478693045079 ], [ 109.729739582264926, -7.800479378899013 ], [ 109.72974214969247, -7.800479724263823 ], [ 109.729752418102237, -7.800481115480864 ], [ 109.729754984858118, -7.800481465721589 ], [ 109.729760117742444, -7.80048217108498 ], [ 109.729762683873219, -7.8004825262081 ], [ 109.729783209771142, -7.800485386633 ], [ 109.729785775167215, -7.800485746623167 ], [ 109.729790905310836, -7.800486471482998 ], [ 109.729793470051618, -7.800486836351581 ], [ 109.729803727541935, -7.800488305559497 ], [ 109.729806291556883, -7.800488675296378 ], [ 109.729811418898635, -7.800489419643895 ], [ 109.729813982236976, -7.800489794256237 ], [ 109.729822245396576, -7.800491010928056 ], [ 109.729829326113361, -7.800492065256151 ], [ 109.729841124159464, -7.800493843113031 ], [ 109.729848201086611, -7.800494922211385 ], [ 109.729869426059679, -7.800498196641968 ], [ 109.729876499180421, -7.800499300507568 ], [ 109.729888284425385, -7.800501160905128 ], [ 109.729895353606878, -7.800502289517794 ], [ 109.729935399808085, -7.800508754889904 ], [ 109.729942465254112, -7.800509908283118 ], [ 109.729954237566631, -7.800511851205215 ], [ 109.729961298904129, -7.800513029319859 ], [ 109.729982476612975, -7.800516600722631 ], [ 109.729989534320794, -7.800517803641469 ], [ 109.730000117885197, -7.800519625519314 ], [ 109.730002866349253, -7.800520101816687 ], [ 109.730008271143731, -7.800521044141306 ], [ 109.730010927897638, -7.800521510243129 ], [ 109.730016543253839, -7.800522503756781 ], [ 109.730024968222494, -7.800524003457326 ], [ 109.730030584129338, -7.800525009188334 ], [ 109.730044622881508, -7.800527538495771 ], [ 109.730050237363912, -7.800528556101597 ], [ 109.730058657470295, -7.800530091318649 ], [ 109.730064241204502, -7.800531115394278 ], [ 109.730073507424436, -7.800532824166339 ], [ 109.730076588399584, -7.800533396103333 ], [ 109.730082634580754, -7.800534525676142 ], [ 109.730085657028098, -7.800535093871133 ], [ 109.730097744174486, -7.800537380272885 ], [ 109.730100765317275, -7.800537955281811 ], [ 109.730106806287154, -7.800539112111437 ], [ 109.730109826112425, -7.800539693931739 ], [ 109.730133979164805, -7.800544375685035 ], [ 109.730136997692057, -7.800544964320466 ], [ 109.730143033361458, -7.800546148389515 ], [ 109.730146050502867, -7.800546743822963 ], [ 109.730158116414316, -7.8005491391757 ], [ 109.730161132233206, -7.800549741419559 ], [ 109.730167162477926, -7.800550952703986 ], [ 109.730170176905403, -7.800551561744669 ], [ 109.730218394142184, -7.800561360265533 ], [ 109.730221407181432, -7.800561976103324 ], [ 109.730227431852882, -7.800563214572378 ], [ 109.730230443488949, -7.800563837204606 ], [ 109.730242487173939, -7.800566341310798 ], [ 109.730245497378462, -7.800566970731381 ], [ 109.73025151639365, -7.800568236368861 ], [ 109.73025452520676, -7.800568872586325 ], [ 109.73027858937553, -7.800573989350596 ], [ 109.730281596697012, -7.800574632343796 ], [ 109.730287609889842, -7.800575925114515 ], [ 109.730290615756815, -7.800576574891181 ], [ 109.730302636239571, -7.800579187548806 ], [ 109.730305640634526, -7.8005798441053 ], [ 109.730311647932638, -7.800581163994082 ], [ 109.730314650838295, -7.800581827326823 ], [ 109.730322485720023, -7.800583567299725 ], [ 109.730325279836279, -7.800584190897382 ], [ 109.730330866752638, -7.800585443959505 ], [ 109.730333659555754, -7.800586073424597 ], [ 109.730344828068269, -7.800588603003291 ], [ 109.730347619502538, -7.800589238323084 ], [ 109.73035320108238, -7.800590514835847 ], [ 109.73035599122386, -7.800591156027906 ], [ 109.730378306494913, -7.800596308894171 ], [ 109.730381095269422, -7.800596955941273 ], [ 109.730386671423389, -7.800598255884438 ], [ 109.73038945880046, -7.800598908779705 ], [ 109.730400605557747, -7.800601532067049 ], [ 109.730403391556933, -7.800602190815027 ], [ 109.730408962164177, -7.800603514160287 ], [ 109.730411746772631, -7.800604178757737 ], [ 109.730456287107074, -7.800614858567315 ], [ 109.730459070299219, -7.800615529007985 ], [ 109.730464635271574, -7.800616875734022 ], [ 109.73046741705258, -7.80061755201956 ], [ 109.730478541262414, -7.800620268828709 ], [ 109.730481321591071, -7.800620950948939 ], [ 109.730486880830711, -7.800622321032449 ], [ 109.730489659743284, -7.800623008996354 ], [ 109.730511884815371, -7.800628535941598 ], [ 109.730514662250755, -7.800629229733715 ], [ 109.730520215646322, -7.80063062314747 ], [ 109.730522991598775, -7.800631322766662 ], [ 109.730534092459095, -7.800634132902076 ], [ 109.730536866963121, -7.800634838357212 ], [ 109.730542414431, -7.800636255079951 ], [ 109.730545187385303, -7.800636966345053 ], [ 109.730552962271474, -7.800638969314207 ], [ 109.730555781025089, -7.800639698694056 ], [ 109.730561416905459, -7.800641163457215 ], [ 109.730564234045744, -7.800641898844106 ], [ 109.730575499480551, -7.800644852431162 ], [ 109.730578315058551, -7.800645593838283 ], [ 109.730583944608554, -7.800647082661101 ], [ 109.73058675858033, -7.800647830076912 ], [ 109.730609263662927, -7.800653833366425 ], [ 109.730612076013301, -7.80065458678672 ], [ 109.730617699108166, -7.800656099636115 ], [ 109.73062050987312, -7.800656859070841 ], [ 109.730631749524491, -7.800659908774264 ], [ 109.730634558600286, -7.800660674195228 ], [ 109.730640175151223, -7.800662211047495 ], [ 109.7306429826113, -7.800662982474648 ], [ 109.730687886364194, -7.80067537261931 ], [ 109.730690692160863, -7.800676150039578 ], [ 109.730696302078911, -7.800677710869877 ], [ 109.73069910619796, -7.800678494279509 ], [ 109.730710319253319, -7.800681639877837 ], [ 109.730713121678662, -7.800682429272001 ], [ 109.730718724816882, -7.800684014040201 ], [ 109.730721525526064, -7.800684809412871 ], [ 109.730740421107669, -7.800690179500293 ], [ 109.730744850298038, -7.80069088625271 ], [ 109.730765141018765, -7.800694149657886 ], [ 109.730774981245872, -7.800695750038187 ], [ 109.730789800051468, -7.800698187933506 ], [ 109.730799676276433, -7.800699831334782 ], [ 109.730824359157452, -7.800703985144082 ], [ 109.730834229958305, -7.800705664913835 ], [ 109.730849031889704, -7.800708211815277 ], [ 109.730857665299823, -7.800709712488924 ], [ 109.730860370225344, -7.800710185857724 ], [ 109.730865477009843, -7.800711086558863 ], [ 109.730872341656834, -7.800712306791411 ], [ 109.730876215156911, -7.800712999474911 ], [ 109.730887835196256, -7.800715088982372 ], [ 109.730891707915646, -7.80071578921951 ], [ 109.730898161309369, -7.800716962489616 ], [ 109.730902032652466, -7.800717670174663 ], [ 109.730923967734441, -7.800721701742702 ], [ 109.730927837958404, -7.800722416922952 ], [ 109.730934287216996, -7.800723615103379 ], [ 109.730938156111165, -7.800724337740974 ], [ 109.730949760562055, -7.800726516796203 ], [ 109.730953628010468, -7.800727246869656 ], [ 109.730960072594542, -7.800728469863145 ], [ 109.73096393860925, -7.800729207374616 ], [ 109.730982598005426, -7.800732786154128 ], [ 109.730988971204454, -7.800734018803837 ], [ 109.730999589835051, -7.800736090058138 ], [ 109.731005959026447, -7.800737342920002 ], [ 109.731025060488378, -7.800741131804102 ], [ 109.731031425652759, -7.800742404874143 ], [ 109.731042030847675, -7.800744543486758 ], [ 109.731048391902675, -7.800745836748661 ], [ 109.731084425341635, -7.800753222258606 ], [ 109.731090782280262, -7.80075453571061 ], [ 109.731101373623744, -7.800756741597354 ], [ 109.731107726305481, -7.800758075210865 ], [ 109.73112677789743, -7.800762106279194 ], [ 109.731133126308123, -7.800763460051257 ], [ 109.731143703342127, -7.800765733117146 ], [ 109.731150047392589, -7.800767107028548 ], [ 109.731168698757472, -7.800771176842545 ], [ 109.73117308698005, -7.800772139532114 ], [ 109.73118039898668, -7.80077375206389 ], [ 109.731184785176936, -7.800774724413657 ], [ 109.731197940333004, -7.800777655871741 ], [ 109.731202324291303, -7.800778637837368 ], [ 109.731209629087516, -7.800780282472715 ], [ 109.731214010881672, -7.800781274069152 ], [ 109.731238834540136, -7.800786920316625 ], [ 109.731243214143149, -7.800787921537562 ], [ 109.731250511641747, -7.80078959825687 ], [ 109.731254889010245, -7.800790609092815 ], [ 109.73126801772969, -7.800793656014719 ], [ 109.731272392848439, -7.800794676461919 ], [ 109.731279682878892, -7.800796385226079 ], [ 109.731284055763524, -7.800797415288514 ], [ 109.731294077928851, -7.800799787922983 ], [ 109.731299474711591, -7.800801073165132 ], [ 109.731308466434541, -7.800803227436063 ], [ 109.731313859728346, -7.800804527321191 ], [ 109.731330034172913, -7.800808448892042 ], [ 109.731335423869211, -7.800809763393886 ], [ 109.731344403711319, -7.800811966414074 ], [ 109.731349789826709, -7.800813295536727 ], [ 109.731380300213118, -7.800820868461642 ], [ 109.731385682653183, -7.800822212181401 ], [ 109.731394650357117, -7.800824463887238 ], [ 109.73140002914414, -7.800825822210243 ], [ 109.731416159816035, -7.800829919030548 ], [ 109.731421534868787, -7.800831291935992 ], [ 109.731430490152434, -7.80083359225722 ], [ 109.73143586143857, -7.800834979736976 ], [ 109.731453325273264, -7.800839515529844 ], [ 109.731456076804307, -7.800840233337794 ], [ 109.731461578349695, -7.800841674689536 ], [ 109.731464328357731, -7.800842398231566 ], [ 109.731475325336874, -7.800845303865628 ], [ 109.731478073822586, -7.800846033141738 ], [ 109.731483569254237, -7.800847497423433 ], [ 109.731486316201256, -7.80084823242936 ], [ 109.731508285401048, -7.800854135335385 ], [ 109.731511030810452, -7.800854876071242 ], [ 109.731516520063451, -7.800856363265439 ], [ 109.731519263905739, -7.800857109723438 ], [ 109.731530236125707, -7.800860106995287 ], [ 109.731532978410314, -7.800860859177874 ], [ 109.731538461380637, -7.800862369256663 ], [ 109.731541202070105, -7.800863127153718 ], [ 109.731585038369644, -7.800875298672906 ], [ 109.731587777460049, -7.800876062283066 ], [ 109.731593254043673, -7.800877595217003 ], [ 109.731595991540644, -7.800878364542029 ], [ 109.731606938232574, -7.800881453241288 ], [ 109.731609674105584, -7.800882228272656 ], [ 109.731615144215652, -7.800883784038206 ], [ 109.731645468650015, -7.800893118727117 ], [ 109.731655794710377, -7.800896073607362 ], [ 109.731661716613701, -7.800897772392204 ], [ 109.73167782130264, -7.800902500253073 ], [ 109.73168566908339, -7.800904856718489 ], [ 109.731693157796883, -7.800907005401598 ], [ 109.731699235272288, -7.80090875503015 ], [ 109.731719281997982, -7.800914546090723 ], [ 109.731736672483805, -7.800919695711741 ], [ 109.731741510875565, -7.800921163532735 ], [ 109.731761769578554, -7.800927482081761 ], [ 109.731772007021959, -7.800930763063377 ], [ 109.731778027855398, -7.80093269865614 ], [ 109.731813704797332, -7.800944204422535 ], [ 109.731833827483058, -7.800949920760047 ], [ 109.731854307121125, -7.800956477803084 ], [ 109.731861531101288, -7.80095880509225 ], [ 109.73187356378196, -7.800962706233634 ], [ 109.731880779020116, -7.800965060314468 ], [ 109.731891080178457, -7.800968442109649 ], [ 109.731897391036625, -7.800970525467051 ], [ 109.731907903458477, -7.800974014819985 ], [ 109.731914207503564, -7.800976118684957 ], [ 109.731933109209024, -7.800982460971113 ], [ 109.731939406345191, -7.800984585311824 ], [ 109.731949895759101, -7.800988142923984 ], [ 109.731956185936042, -7.800990287723323 ], [ 109.731991809382123, -7.801002499151025 ], [ 109.731998092504909, -7.801004664376705 ], [ 109.73200855843811, -7.801008290087282 ], [ 109.73201483445871, -7.801010475722705 ], [ 109.73203365165341, -7.801017063168842 ], [ 109.732039920465752, -7.801019269176834 ], [ 109.732050380457736, -7.801022969226722 ], [ 109.732056779917912, -7.801025244882567 ], [ 109.732068118691188, -7.801029298024844 ], [ 109.732075945294582, -7.801032106256685 ], [ 109.732087037090309, -7.801036101360296 ], [ 109.732094966022828, -7.801038968332477 ], [ 109.73209734996675, -7.801039834231233 ], [ 109.732102246203567, -7.80104161838085 ], [ 109.732104757635, -7.801042536319187 ], [ 109.732114608279744, -7.801046147732222 ], [ 109.732117085984896, -7.801047058825191 ], [ 109.732122039580304, -7.801048885793818 ], [ 109.732124515477437, -7.80104980167215 ], [ 109.732143740161007, -7.801056935545205 ], [ 109.732150521037113, -7.80105946505256 ], [ 109.732161814962581, -7.801063700885095 ], [ 109.732168586790465, -7.801066254374462 ], [ 109.732205659043814, -7.801080935259506 ], [ 109.732208530567789, -7.8010818565931 ], [ 109.732212518755716, -7.801083142662264 ], [ 109.732215563191005, -7.801084128052537 ], [ 109.732225089539611, -7.801087215531368 ], [ 109.732249721435778, -7.80109325698669 ], [ 109.732285764485198, -7.801102339890349 ], [ 109.732293008176555, -7.801104271210988 ], [ 109.732297835801603, -7.80110556432868 ], [ 109.732325182893987, -7.801112925300231 ], [ 109.732330007337794, -7.801114230213955 ], [ 109.732338045372046, -7.801116414885939 ], [ 109.73234286656384, -7.80111773157688 ], [ 109.732357325272005, -7.801121699318401 ], [ 109.732362143237424, -7.801123027793324 ], [ 109.732370170493255, -7.801125251739336 ], [ 109.7323749851912, -7.801126591987497 ], [ 109.732391734992063, -7.801131276962735 ], [ 109.732397875847539, -7.80113300479394 ], [ 109.732407083254259, -7.801135610098015 ], [ 109.732409467682203, -7.801136287308225 ], [ 109.73241757071213, -7.801137688917379 ], [ 109.732422203489648, -7.801138472872196 ], [ 109.732429936229778, -7.801139790555055 ], [ 109.732434668486519, -7.801140602654812 ], [ 109.732456245518563, -7.801144332185515 ], [ 109.732466953728192, -7.80114619746854 ], [ 109.732471140972677, -7.801146931744029 ], [ 109.73247949592286, -7.801148409335326 ], [ 109.732493101330306, -7.801150837942714 ], [ 109.732502258840441, -7.801152488672813 ], [ 109.732522613064532, -7.801156193186955 ], [ 109.732530647769352, -7.801157668118037 ], [ 109.732542683904285, -7.801159896234481 ], [ 109.732550678145799, -7.801161388453977 ], [ 109.732570833099942, -7.801165181095598 ], [ 109.732576601945254, -7.80116627538041 ], [ 109.732586168053558, -7.801168104195654 ], [ 109.732591906134473, -7.801169209682541 ], [ 109.732609115533194, -7.801172550718434 ], [ 109.732614850441735, -7.801173672600157 ], [ 109.732624405868933, -7.801175556043518 ], [ 109.732630137496358, -7.801176694298476 ], [ 109.732662606826011, -7.801183190681286 ], [ 109.732668335154756, -7.801184345305728 ], [ 109.732677879623452, -7.801186283322011 ], [ 109.732683604610145, -7.801187454307637 ], [ 109.732700774475859, -7.801190991788872 ], [ 109.732706496139144, -7.801192179139491 ], [ 109.732716029312542, -7.801194171660995 ], [ 109.732721747482287, -7.801195375341251 ], [ 109.732739809129043, -7.801199203583508 ], [ 109.732742501394284, -7.801199777167369 ], [ 109.732747884783862, -7.801200929775575 ], [ 109.732750575902628, -7.80120150879867 ], [ 109.732761337948318, -7.8012038357395 ], [ 109.73276402787161, -7.801204420191084 ], [ 109.73276940653443, -7.801205594525186 ], [ 109.732772095274527, -7.801206184407874 ], [ 109.73279360014476, -7.801210925124167 ], [ 109.732796287670908, -7.801211520431252 ], [ 109.732801661529379, -7.80121271647414 ], [ 109.732804347850049, -7.801213317207555 ], [ 109.732815090672716, -7.801215730982506 ], [ 109.732817775802175, -7.801216337145547 ], [ 109.732823144764836, -7.801217554877326 ], [ 109.732825828602699, -7.801218166447143 ], [ 109.73286875853222, -7.801227994554097 ], [ 109.732871441139764, -7.801228611544389 ], [ 109.732876805103956, -7.801229850941127 ], [ 109.732879486470893, -7.80123047334996 ], [ 109.73289020932765, -7.801232973791912 ], [ 109.732892889414529, -7.801233601609965 ], [ 109.732898248306924, -7.801234862655122 ], [ 109.732900927105447, -7.801235495880576 ], [ 109.732922352171954, -7.801240583272772 ], [ 109.732925029684395, -7.801241221905855 ], [ 109.73293038341177, -7.801242504577431 ], [ 109.732933059624827, -7.801243148615299 ], [ 109.732943761826448, -7.801245735563555 ], [ 109.73294643670755, -7.801246384998194 ], [ 109.732951785173555, -7.801247689272941 ], [ 109.732954458758513, -7.801248344113105 ], [ 109.732972265833041, -7.801252725261122 ], [ 109.732977474856114, -7.801254013933374 ], [ 109.732986153681111, -7.801256173097954 ], [ 109.732991359274706, -7.801257475429907 ], [ 109.733006970789631, -7.801261402884165 ], [ 109.733012172875021, -7.801262718855583 ], [ 109.733020840145798, -7.801264923520819 ], [ 109.733026038791252, -7.801266253149151 ], [ 109.733055487261026, -7.801273826205204 ], [ 109.733060682366329, -7.801275169464645 ], [ 109.733069337903999, -7.801277419584494 ], [ 109.733074529444139, -7.801278776468791 ], [ 109.733090098642549, -7.801282867539442 ], [ 109.733095286639241, -7.80128423805445 ], [ 109.733103930174366, -7.801286533559278 ], [ 109.733109132137145, -7.801287922405152 ], [ 109.733128436063964, -7.801293103727971 ], [ 109.733134738367482, -7.801294803318285 ], [ 109.733144215285961, -7.801297371207511 ], [ 109.733150507968958, -7.801299084371863 ], [ 109.733165335580964, -7.801303139641504 ], [ 109.733169086473026, -7.801304169455932 ], [ 109.733175297633863, -7.801305881098244 ], [ 109.73317902333838, -7.801306911601159 ], [ 109.733185572757179, -7.801308729474385 ], [ 109.733212436437555, -7.801315828284146 ], [ 109.733217919925664, -7.801317285317339 ], [ 109.733227055656243, -7.80131972637497 ], [ 109.733232535087041, -7.801321198622361 ], [ 109.733248967111649, -7.801325638137826 ], [ 109.733254442390887, -7.80132712557446 ], [ 109.733263564389176, -7.80132961729106 ], [ 109.733269035507476, -7.80133111991438 ], [ 109.733286970931999, -7.801336071909702 ], [ 109.733290249025004, -7.801336981524855 ], [ 109.733296802882023, -7.801338808921457 ], [ 109.733300078645129, -7.801339726702622 ], [ 109.733313177134733, -7.801343414185737 ], [ 109.733316450640814, -7.801344340153378 ], [ 109.733322995273397, -7.801346200240403 ], [ 109.733326266405754, -7.801347134361379 ], [ 109.733352425723979, -7.801354639871818 ], [ 109.733355694520071, -7.801355582156702 ], [ 109.733362229721081, -7.801357474875033 ], [ 109.733365496117301, -7.801358425305807 ], [ 109.7333785569474, -7.801362243333017 ], [ 109.733381820987461, -7.801363201922243 ], [ 109.733388346611605, -7.801365127229985 ], [ 109.733391608206659, -7.801366093951628 ], [ 109.733443770989425, -7.801381625607121 ], [ 109.733447030157436, -7.801382600466013 ], [ 109.733453546044302, -7.801384558314908 ], [ 109.73345680277356, -7.801385541308321 ], [ 109.733469824638235, -7.801389489496955 ], [ 109.733473078834777, -7.801390480595956 ], [ 109.733478110691692, -7.801392019965306 ], [ 109.733483581353994, -7.801392993968136 ], [ 109.733488837187451, -7.801393936236195 ], [ 109.733504548443761, -7.801396774131717 ], [ 109.733509797278543, -7.801397729291011 ], [ 109.733518543302353, -7.801399332642461 ], [ 109.73352378967337, -7.801400301500564 ], [ 109.733553521396232, -7.801405832235332 ], [ 109.733558770962304, -7.801406815860503 ], [ 109.733567518052496, -7.801408466652617 ], [ 109.733572764982853, -7.801409463975745 ], [ 109.73358850185366, -7.801412476497887 ], [ 109.733593746190365, -7.801413487526816 ], [ 109.733602484499272, -7.801415183979316 ], [ 109.733607777998429, -7.80141621890499 ], [ 109.733618936460516, -7.80141841636862 ], [ 109.733626739694273, -7.801419964429385 ], [ 109.733638518893429, -7.801422319138624 ], [ 109.733646369414373, -7.801423900482746 ], [ 109.733665989723988, -7.80142788262765 ], [ 109.733673835511297, -7.801429487011944 ], [ 109.733685600576507, -7.801431910854546 ], [ 109.733693433931251, -7.801433536669265 ], [ 109.73372234071951, -7.801439579965859 ], [ 109.733728244322663, -7.801440821115818 ], [ 109.733737086195504, -7.801442690212411 ], [ 109.733742979447754, -7.801443942800063 ], [ 109.733757708916812, -7.801447090504439 ], [ 109.733763599301653, -7.801448356093545 ], [ 109.733772432758485, -7.801450264234632 ], [ 109.733778305205931, -7.801451539534924 ], [ 109.733797847994651, -7.801455806078422 ], [ 109.733803425998644, -7.801457032026633 ], [ 109.733812694572293, -7.801459082671215 ], [ 109.733818253986215, -7.801460320799549 ], [ 109.733834926950863, -7.801464058389797 ], [ 109.733840482868402, -7.801465311993127 ], [ 109.733849739796767, -7.801467414223453 ], [ 109.733855292197063, -7.801468683297287 ], [ 109.733886745065831, -7.801475918371693 ], [ 109.733892293851625, -7.801477202893295 ], [ 109.733901538884254, -7.801479356651839 ], [ 109.733907084125178, -7.801480656637864 ], [ 109.733923714200444, -7.801484579715236 ], [ 109.733929255770647, -7.801485895136352 ], [ 109.733938488598653, -7.801488100352231 ], [ 109.733944026424183, -7.801489431190703 ], [ 109.733962004988769, -7.801493777576525 ], [ 109.73396503705311, -7.801494514378703 ], [ 109.733971099473933, -7.801495994918582 ], [ 109.733974129835644, -7.801496738657761 ], [ 109.733986247795087, -7.801499727468297 ], [ 109.733989276424381, -7.801500478137257 ], [ 109.733995331958226, -7.801501986406663 ], [ 109.733998358858742, -7.801502744006086 ], [ 109.734022566772808, -7.801508832429988 ], [ 109.734025591922148, -7.801509596954531 ], [ 109.734031640468515, -7.801511132928113 ], [ 109.734034663858267, -7.801511904375445 ], [ 109.734046753806695, -7.80151500398739 ], [ 109.734049775424467, -7.801515782354613 ], [ 109.73405581683329, -7.801517345994682 ], [ 109.734058836630652, -7.801518131269177 ], [ 109.734107136320404, -7.801530750262316 ], [ 109.734110154324242, -7.801531542450789 ], [ 109.734116188463304, -7.801533133722501 ], [ 109.734119204598699, -7.801533932805626 ], [ 109.734131265510598, -7.801537142955397 ], [ 109.734134279810007, -7.801537948941586 ], [ 109.734140306579661, -7.801539567818907 ], [ 109.734143319054056, -7.801540380711231 ], [ 109.734167410820987, -7.801546911277967 ], [ 109.734170421392719, -7.801547731055564 ], [ 109.734176440642727, -7.801549377498361 ], [ 109.734179449310659, -7.801550204160719 ], [ 109.734191480164668, -7.801553524577287 ], [ 109.734194486929312, -7.80155435812469 ], [ 109.734200498535074, -7.801556032098802 ], [ 109.734203503386027, -7.801556872528295 ], [ 109.734221211770489, -7.80156184814183 ], [ 109.734227400098916, -7.801563597107418 ], [ 109.734237709343915, -7.801566528258206 ], [ 109.734243892108793, -7.80156829667294 ], [ 109.734262431896809, -7.801573631044619 ], [ 109.734268609041862, -7.801575418892355 ], [ 109.734278899542176, -7.801578414815879 ], [ 109.734285071003967, -7.801580222078201 ], [ 109.734320025529257, -7.801590517947886 ], [ 109.734326191232924, -7.801592344602568 ], [ 109.734336462582576, -7.801595405180194 ], [ 109.734342622505267, -7.801597251220869 ], [ 109.73436109336285, -7.80160281834975 ], [ 109.734367247416969, -7.801604683750213 ], [ 109.734377499201287, -7.801607808858819 ], [ 109.73438364729526, -7.80160969359099 ], [ 109.734401978548021, -7.801615344280549 ], [ 109.734406442124566, -7.801616725887357 ], [ 109.734413878726627, -7.801619037049477 ], [ 109.734418339048545, -7.801620428829494 ], [ 109.734431715305107, -7.801624619482652 ], [ 109.734436172467042, -7.801626021465154 ], [ 109.734443598402777, -7.801628366594343 ], [ 109.734448052354139, -7.801629778763925 ], [ 109.734473281738758, -7.801637809736803 ], [ 109.734477732423557, -7.801639232075274 ], [ 109.734485147449845, -7.801641611094567 ], [ 109.734489594828858, -7.801643043589536 ], [ 109.734498789430347, -7.801645858388667 ], [ 109.734502248852607, -7.801646487682603 ], [ 109.734510484329633, -7.801647996683471 ], [ 109.734524553602341, -7.801650598314097 ], [ 109.734533927414248, -7.801652348642165 ], [ 109.734557354035076, -7.801656765392863 ], [ 109.734566721596593, -7.801658548479509 ], [ 109.734580768220724, -7.801661247672826 ], [ 109.734590089866742, -7.801663055753693 ], [ 109.734609398597854, -7.801666834644948 ], [ 109.73461465791371, -7.801667871409336 ], [ 109.734623355159101, -7.801669597736634 ], [ 109.734628572140082, -7.801670640317695 ], [ 109.734644218952496, -7.801673788407243 ], [ 109.734649433195216, -7.801674844555919 ], [ 109.734658121273526, -7.80167661610119 ], [ 109.734663332745527, -7.801677685810944 ], [ 109.734692855938818, -7.801683785793159 ], [ 109.734698064584279, -7.801684869052679 ], [ 109.734706743283766, -7.801686685772154 ], [ 109.734711949056646, -7.801687782571719 ], [ 109.73472756207849, -7.801691093282784 ], [ 109.734732765029264, -7.801692203633195 ], [ 109.734741434143928, -7.801694065484469 ], [ 109.734746634116107, -7.801695189352529 ], [ 109.734764463327451, -7.801699067167192 ], [ 109.734770125929742, -7.801700307144586 ], [ 109.734779560593836, -7.801702387134185 ], [ 109.73478521961249, -7.801703643149551 ], [ 109.734802191228994, -7.801707435238256 ], [ 109.734807846644514, -7.801708707287105 ], [ 109.734817269300379, -7.801710840722194 ], [ 109.734822921069735, -7.801712128795089 ], [ 109.7348549366763, -7.801719473101116 ], [ 109.734860584740147, -7.801720777184016 ], [ 109.734869995077588, -7.801722963993825 ], [ 109.734875639405061, -7.801724284079739 ], [ 109.734892566690746, -7.801728268320687 ], [ 109.734898207254673, -7.801729604403477 ], [ 109.734907604998227, -7.801731844524738 ], [ 109.73491324176149, -7.801733196595819 ], [ 109.734923349308815, -7.80173563667239 ], [ 109.734930579819206, -7.801737395803912 ], [ 109.734942625312385, -7.801740349614192 ], [ 109.734949849386851, -7.801742135053416 ], [ 109.734971511624565, -7.801747530751641 ], [ 109.734978729138959, -7.80174934246844 ], [ 109.734990752747365, -7.801752383865789 ], [ 109.734997963553383, -7.801754221823217 ], [ 109.735038804401768, -7.801764710906696 ], [ 109.7350460084308, -7.801766575086276 ], [ 109.735058009446618, -7.801769703891068 ], [ 109.735065206660295, -7.801771594283537 ], [ 109.7350867876508, -7.801777304668121 ], [ 109.735093977855286, -7.80177922122266 ], [ 109.735105955677795, -7.801782437278916 ], [ 109.735113138844554, -7.801784379987907 ], [ 109.735131093495454, -7.801789269790504 ], [ 109.735133767764808, -7.801790001202789 ], [ 109.735139114759477, -7.801791469452212 ], [ 109.735141787484622, -7.801792206288951 ], [ 109.735152475440373, -7.801795164525117 ], [ 109.735155146699014, -7.801795906807968 ], [ 109.735160487656515, -7.801797396793859 ], [ 109.735163157361171, -7.801798144498434 ], [ 109.735184508730754, -7.801804147806592 ], [ 109.735187176920306, -7.801804900943694 ], [ 109.73519251174514, -7.801806412639451 ], [ 109.735195178387698, -7.80180717120021 ], [ 109.735205841802724, -7.801810216272827 ], [ 109.735208506860943, -7.801810980246444 ], [ 109.735213835454545, -7.801812513624157 ], [ 109.735216498982084, -7.801813283026092 ], [ 109.735259100713961, -7.801825636168985 ], [ 109.735261762661651, -7.801826410984802 ], [ 109.735267084931877, -7.80182796601764 ], [ 109.735269745254357, -7.801828746234605 ], [ 109.735280383409247, -7.801831877937502 ], [ 109.735283185782691, -7.801832706168739 ], [ 109.735296869670663, -7.801835519544056 ], [ 109.735300202429983, -7.801836205868597 ], [ 109.735306866210067, -7.801837586831141 ], [ 109.735310197231229, -7.801838281469145 ], [ 109.735323517767199, -7.801841076633366 ], [ 109.735326847045201, -7.801841779583924 ], [ 109.73533350380427, -7.801843193786283 ], [ 109.735336831285679, -7.801843905038027 ], [ 109.735363443648623, -7.801849628191405 ], [ 109.735366769332529, -7.801850347743994 ], [ 109.735373418903919, -7.801851795150242 ], [ 109.735376742793164, -7.80185252300447 ], [ 109.735390034607406, -7.801855450990786 ], [ 109.73539335666112, -7.80185618713773 ], [ 109.735399998905052, -7.801857667718025 ], [ 109.735403319098623, -7.801858412152114 ], [ 109.735411122982384, -7.801860172125259 ], [ 109.735414102474749, -7.801860847585658 ], [ 109.735420059926014, -7.801862205179702 ], [ 109.735423037870078, -7.801862887309994 ], [ 109.735434946590317, -7.801865629179815 ], [ 109.735437923021721, -7.801866317988015 ], [ 109.735443874286943, -7.80186770226311 ], [ 109.735446849129005, -7.80186839773171 ], [ 109.735470641349309, -7.801873988083059 ], [ 109.735473614648754, -7.80187469022286 ], [ 109.735479559611179, -7.801876101151208 ], [ 109.735482531265177, -7.801876809937824 ], [ 109.735494414773086, -7.801879658421058 ], [ 109.735497384873327, -7.801880373876202 ], [ 109.735503323419891, -7.801881811431429 ], [ 109.735506291875197, -7.801882533533501 ], [ 109.735553771767059, -7.801894139791898 ], [ 109.73555673862279, -7.801894868551528 ], [ 109.735562670646004, -7.801896332707088 ], [ 109.735565635817409, -7.801897068103813 ], [ 109.735577493195251, -7.801900022979737 ], [ 109.735580456700234, -7.801900765017876 ], [ 109.735586382050428, -7.801902255737161 ], [ 109.735589343894503, -7.801903004418023 ], [ 109.735613031539458, -7.80190902031876 ], [ 109.735615991679822, -7.801909775631657 ], [ 109.735621910285147, -7.801911292896648 ], [ 109.735624868759146, -7.80191205485113 ], [ 109.735636699049167, -7.801915115882309 ], [ 109.735639655743626, -7.801915884449272 ], [ 109.735645567438041, -7.801917428217678 ], [ 109.735648522433223, -7.801918203417927 ], [ 109.735655800328288, -7.801920121388889 ], [ 109.735658549570189, -7.801920848975215 ], [ 109.735664046551562, -7.801922309888312 ], [ 109.735666794287283, -7.801923043214401 ], [ 109.73567778210986, -7.801925987969241 ], [ 109.735680528277953, -7.80192672701844 ], [ 109.735686019117907, -7.801928210859728 ], [ 109.73568876379278, -7.8019289556525 ], [ 109.735710714407446, -7.80193493674858 ], [ 109.735713457486099, -7.801935687256844 ], [ 109.735718942048948, -7.801937193989659 ], [ 109.735721683531722, -7.801937950213585 ], [ 109.735732646304655, -7.801940986549596 ], [ 109.735735386209626, -7.80194174849413 ], [ 109.735740864416869, -7.801943278096815 ], [ 109.735743602719424, -7.801944045755079 ], [ 109.735787400517381, -7.801956373369933 ], [ 109.735790137186029, -7.801957146732832 ], [ 109.735795608915396, -7.801958699170939 ], [ 109.735798343975432, -7.801959478245863 ], [ 109.735809280883871, -7.801962605937206 ], [ 109.735812014279247, -7.801963390708124 ], [ 109.735817479458092, -7.801964965961361 ], [ 109.735820211244118, -7.801965756444361 ], [ 109.735842058438379, -7.801972102966147 ], [ 109.735844788528141, -7.801972899135933 ], [ 109.735850247036808, -7.801974497169624 ], [ 109.735852975448438, -7.80197529903154 ], [ 109.73586388573267, -7.801978517861244 ], [ 109.735866612486973, -7.801979325421314 ], [ 109.735872064261116, -7.801980946216986 ], [ 109.735874789272771, -7.80198175945003 ], [ 109.735881996170292, -7.801983918416965 ], [ 109.735884581494417, -7.801984695692568 ], [ 109.735889750552815, -7.801986255350641 ], [ 109.735892334302378, -7.801987037737433 ], [ 109.735902666180834, -7.801990177515222 ], [ 109.735905248370102, -7.801990965017183 ], [ 109.735910411193117, -7.801992545137921 ], [ 109.735912991825387, -7.801993337756358 ], [ 109.735933630253612, -7.801999699044643 ], [ 109.735936209292106, -7.80200049676796 ], [ 109.735941365772135, -7.802002097318564 ], [ 109.735943943199288, -7.802002900141531 ], [ 109.735954249749568, -7.802006121651971 ], [ 109.735956825618302, -7.802006929590846 ], [ 109.735961975685029, -7.802008550549772 ], [ 109.735964549898767, -7.802009363574541 ], [ 109.736005722841469, -7.802022412262147 ], [ 109.736008295429485, -7.802023230381621 ], [ 109.736013439007138, -7.802024871724143 ], [ 109.736016009998593, -7.802025694947929 ], [ 109.736026290575467, -7.802028997989055 ], [ 109.736028859882765, -7.802029826289072 ], [ 109.736033996883805, -7.802031487988017 ], [ 109.736036564577034, -7.802032321386889 ], [ 109.736057099102595, -7.802039008789961 ], [ 109.736059665103369, -7.802039847262165 ], [ 109.7360647954402, -7.802041529289056 ], [ 109.736067142933621, -7.802043212747776 ], [ 109.736077483946303, -7.802046247544638 ], [ 109.736080014145273, -7.802047187513608 ], [ 109.736086366157679, -7.802049130536773 ], [ 109.736095910688562, -7.802052236720954 ], [ 109.736102082267166, -7.802054266422203 ], [ 109.736112365343047, -7.802057657367413 ], [ 109.73611853344039, -7.802059696795652 ], [ 109.736137030732607, -7.802065834068401 ], [ 109.736143170310868, -7.802067958424573 ], [ 109.736153395011968, -7.802071523316499 ], [ 109.736159529509166, -7.802073667612376 ], [ 109.736194318564856, -7.802085711694531 ], [ 109.736200450577826, -7.802087860581878 ], [ 109.736210664829287, -7.802091458280472 ], [ 109.736216789912532, -7.802093626629301 ], [ 109.736235292258982, -7.80210021004973 ], [ 109.736242235226996, -7.802102694487132 ], [ 109.736253719516924, -7.802106827413581 ], [ 109.736259999800609, -7.802109099683037 ], [ 109.736262557384464, -7.802110029478229 ], [ 109.736271465322659, -7.802113279371554 ], [ 109.736285314350368, -7.802118354852098 ], [ 109.736295037564446, -7.802121935080152 ], [ 109.736304896329443, -7.802125580236066 ], [ 109.736307815685905, -7.802126663633601 ], [ 109.736314050277258, -7.802128986195385 ], [ 109.736333477879157, -7.802133670470596 ], [ 109.736337431322283, -7.802134564152084 ], [ 109.736345638497994, -7.802136430619043 ], [ 109.736358025050606, -7.802139267674193 ], [ 109.736366279815797, -7.802141171874609 ], [ 109.73638690922013, -7.802145964413057 ], [ 109.736395158052687, -7.802147894260884 ], [ 109.736407526726566, -7.802150808238935 ], [ 109.736415484794236, -7.802152695910024 ], [ 109.736419798762256, -7.802153291074205 ], [ 109.736432783398527, -7.802154823620583 ], [ 109.736437111081443, -7.80215533908256 ], [ 109.736444322941395, -7.80215620586705 ], [ 109.73644864950802, -7.802156730548688 ], [ 109.736466732636472, -7.802158943020345 ], [ 109.736470964475529, -7.802159465267721 ], [ 109.736478016643787, -7.802160343033506 ], [ 109.736482247394804, -7.802160874103436 ], [ 109.736494937918849, -7.80216248053506 ], [ 109.736499167528393, -7.802163020420778 ], [ 109.736506215949248, -7.802163927579954 ], [ 109.736509739743497, -7.802164384466892 ], [ 109.73654959258613, -7.802170155436102 ], [ 109.736552518542851, -7.802170531929789 ], [ 109.736556045146926, -7.802170962102878 ], [ 109.736573044034003, -7.80217304452259 ], [ 109.736585098966884, -7.802174575912204 ], [ 109.736587896171102, -7.802174943926332 ], [ 109.73661160063034, -7.802178274537255 ], [ 109.736617533626998, -7.802179161426409 ], [ 109.73662102350454, -7.802179684900977 ], [ 109.736632887847634, -7.802181470809558 ], [ 109.736636377219099, -7.802181997903062 ], [ 109.736642657524271, -7.802182949912265 ], [ 109.736646147012266, -7.802183480719862 ], [ 109.736661046155518, -7.802185754933532 ], [ 109.736674805020129, -7.802187994287408 ], [ 109.736691755491222, -7.802190061269641 ], [ 109.736695243818531, -7.802190595570153 ], [ 109.736702219485835, -7.80219167067338 ], [ 109.736706404201186, -7.802192320065785 ], [ 109.73671618652935, -7.802193848601405 ], [ 109.73672100435283, -7.802194607236004 ], [ 109.736729032491326, -7.802195881192063 ], [ 109.736733848454605, -7.802196651308009 ], [ 109.736748293514893, -7.802198978871218 ], [ 109.736753107611719, -7.802199760467374 ], [ 109.736761129521994, -7.80220107268957 ], [ 109.736765941738213, -7.80220186576355 ], [ 109.736793260031959, -7.802206401470812 ], [ 109.736798399385066, -7.802207261483318 ], [ 109.736806963140111, -7.80220870574891 ], [ 109.73681210027388, -7.802209578851773 ], [ 109.736827464599344, -7.802212210311723 ], [ 109.736832637546399, -7.802213103118845 ], [ 109.736841181811201, -7.802214589116033 ], [ 109.736845787843947, -7.802215395940095 ], [ 109.736847799343366, -7.802215750582718 ], [ 109.736856764372419, -7.802217338808703 ], [ 109.736874729738133, -7.802220541463043 ], [ 109.736877679135659, -7.802221070667088 ], [ 109.736883504780337, -7.802222122559726 ], [ 109.736886417009202, -7.802222651663953 ], [ 109.736897984975542, -7.802224766348104 ], [ 109.736900876424556, -7.802225298142446 ], [ 109.736906658117732, -7.802226367955654 ], [ 109.736909548371102, -7.802226905976113 ], [ 109.736932578278697, -7.802231218688917 ], [ 109.736935456467563, -7.802231760875713 ], [ 109.736941211674718, -7.80223285143154 ], [ 109.736944088696191, -7.802233399801139 ], [ 109.736955594334063, -7.802235605623707 ], [ 109.736958470145282, -7.802236160167922 ], [ 109.736964220573157, -7.802237275434038 ], [ 109.736967095189414, -7.802237836155825 ], [ 109.737013077072788, -7.802246856648594 ], [ 109.737015950454349, -7.802247423539768 ], [ 109.737021696018701, -7.802248563499177 ], [ 109.737024568201946, -7.802249136567355 ], [ 109.737036054361681, -7.802251441159171 ], [ 109.737038925298577, -7.802252020394917 ], [ 109.737044665896633, -7.802253185027837 ], [ 109.737047535555462, -7.80225377042467 ], [ 109.737070487534425, -7.802258478205317 ], [ 109.737073355942698, -7.802259069768581 ], [ 109.737079091449345, -7.80226025904949 ], [ 109.737081958535271, -7.802260856764633 ], [ 109.737093424355237, -7.802263259953463 ], [ 109.737096290193449, -7.802263863835833 ], [ 109.737102020509269, -7.80226507774438 ], [ 109.737104884999553, -7.802265687773115 ], [ 109.737119523778631, -7.80226882172451 ], [ 109.737122459402656, -7.802269453581573 ], [ 109.737128329238828, -7.802270723757886 ], [ 109.737131263455069, -7.802271362078216 ], [ 109.737142997449837, -7.802273928273451 ], [ 109.737145930236125, -7.802274573051989 ], [ 109.737151794391878, -7.802275869070343 ], [ 109.737154725755829, -7.802276520308851 ], [ 109.737178170562458, -7.802281755964486 ], [ 109.737181100477756, -7.802282413657167 ], [ 109.737186958839231, -7.802283735492153 ], [ 109.737189887284956, -7.802284399634232 ], [ 109.737201598095055, -7.802287069094234 ], [ 109.737204525046195, -7.802287739680139 ], [ 109.737210377494137, -7.802289087304814 ], [ 109.737213302993098, -7.802289764344323 ], [ 109.737260096207365, -7.802300647869856 ], [ 109.73726302017883, -7.802301331345177 ], [ 109.737268866603699, -7.802302704734132 ], [ 109.737271789056933, -7.802303394647765 ], [ 109.737283475759341, -7.802306167161191 ], [ 109.737286396673369, -7.802306863508079 ], [ 109.737292236952896, -7.802308262632891 ], [ 109.737295156317543, -7.802308965410646 ], [ 109.73731850471313, -7.802314613277531 ], [ 109.737321422493494, -7.802315322477625 ], [ 109.737327256517062, -7.802316747311465 ], [ 109.737330172760096, -7.802317462945439 ], [ 109.737341834459983, -7.802320338300603 ], [ 109.737344749097929, -7.802321060351801 ], [ 109.737350576790391, -7.802322510876991 ], [ 109.737353489858208, -7.802323239354394 ], [ 109.737360729751913, -7.80232505832646 ], [ 109.737363232653763, -7.80232568968313 ], [ 109.737368237324972, -7.802326957152275 ], [ 109.73737073908768, -7.802327593263499 ], [ 109.73738074362069, -7.80233014715634 ], [ 109.737383244144041, -7.802330787996539 ], [ 109.737388243990779, -7.802332074416199 ], [ 109.73739074330939, -7.802332719994467 ], [ 109.737410732650403, -7.802337903471482 ], [ 109.737413230711184, -7.802338553773893 ], [ 109.737418225616693, -7.802339859113886 ], [ 109.73742072245426, -7.802340514149591 ], [ 109.737430707254816, -7.802343143731832 ], [ 109.737433202840919, -7.802343803493386 ], [ 109.737438192730679, -7.80234512773427 ], [ 109.737440687038713, -7.802345792214737 ], [ 109.737480584455284, -7.802356461305351 ], [ 109.737483077512593, -7.802357130511552 ], [ 109.737488062352895, -7.802358473644006 ], [ 109.737490554131568, -7.802359147569007 ], [ 109.737500518622312, -7.802361852688136 ], [ 109.737503009088471, -7.802362531322558 ], [ 109.737507988741243, -7.802363893309689 ], [ 109.737510477930527, -7.802364576663251 ], [ 109.737530386012111, -7.802370062278385 ], [ 109.737532873898658, -7.802370750343812 ], [ 109.73753784834156, -7.802372131179368 ], [ 109.737540334888877, -7.802372823946882 ], [ 109.737550278481137, -7.802375604443171 ], [ 109.737552763744873, -7.802376301928007 ], [ 109.737557732901507, -7.802377701591126 ], [ 109.737560216810948, -7.80237840377373 ], [ 109.737567364708696, -7.802380431742904 ], [ 109.737569954383673, -7.802381169238743 ], [ 109.737575132300947, -7.802382649353888 ], [ 109.737577720534546, -7.802383391970864 ], [ 109.737588070475908, -7.802386372649153 ], [ 109.737590657202816, -7.802387120368451 ], [ 109.737595829217639, -7.802388620928923 ], [ 109.737598414512149, -7.802389373772144 ], [ 109.737619090390751, -7.802395416795491 ], [ 109.737621674149693, -7.802396174732564 ], [ 109.737626840169128, -7.802397695711477 ], [ 109.737629422412397, -7.80239845874803 ], [ 109.737639748351057, -7.802401521093429 ], [ 109.737642329093774, -7.80240228923418 ], [ 109.73764748901425, -7.802403830601122 ], [ 109.737650068204118, -7.80240460383061 ], [ 109.737691321361808, -7.802417015770004 ], [ 109.737693899023782, -7.80241779409522 ], [ 109.737699052788855, -7.802419355832512 ], [ 109.737701628892808, -7.802420139244816 ], [ 109.737711930187913, -7.802423283066275 ], [ 109.737714504733844, -7.802424071565497 ], [ 109.737719652267629, -7.802425653650801 ], [ 109.737722225258153, -7.802426447237792 ], [ 109.737742802552305, -7.802432816158614 ], [ 109.737745373932569, -7.802433614816323 ], [ 109.737750515134337, -7.802435217218715 ], [ 109.737753084945211, -7.802436020959931 ], [ 109.73776336094835, -7.802439246060317 ], [ 109.737765929167608, -7.802440054878218 ], [ 109.737771063957439, -7.802441677572745 ], [ 109.73777363053, -7.802442491449881 ], [ 109.737780698432175, -7.802444740415865 ], [ 109.737783420311985, -7.802445609646043 ], [ 109.737788862172067, -7.802447353789375 ], [ 109.737791582153307, -7.802448228702588 ], [ 109.737802458445174, -7.802451739773574 ], [ 109.737805176598499, -7.80245262039233 ], [ 109.737810611038242, -7.802454387322769 ], [ 109.737813327330855, -7.80245527363644 ], [ 109.737835049947478, -7.802462386833611 ], [ 109.737837764359597, -7.80246327883583 ], [ 109.737843191309366, -7.80246506853058 ], [ 109.73784590384588, -7.802465966222769 ], [ 109.737856750166657, -7.802469568347647 ], [ 109.737859460806931, -7.802470471723154 ], [ 109.737864880177995, -7.802472284153396 ], [ 109.737867588909751, -7.802473193208243 ], [ 109.737910911194717, -7.802487782792298 ], [ 109.73791361797953, -7.802488697513013 ], [ 109.737919029662919, -7.802490532641627 ], [ 109.73792173456286, -7.802491453049811 ], [ 109.737932550144194, -7.802495145972841 ], [ 109.737935253065814, -7.802496072036604 ], [ 109.737940656963588, -7.802497929830849 ], [ 109.737943357937411, -7.80249886156065 ], [ 109.737964957596375, -7.802506337944521 ], [ 109.737967656588125, -7.80250727532831 ], [ 109.737973052610982, -7.802509155757434 ], [ 109.73797574963686, -7.802510098800951 ], [ 109.737986533731032, -7.802513882267647 ], [ 109.73798929816877, -7.802514855477057 ], [ 109.73799482490017, -7.802516807824418 ], [ 109.737997694992259, -7.802517825308939 ], [ 109.738007650449902, -7.802521367950817 ], [ 109.738018003805735, -7.802525068661339 ], [ 109.738032752186598, -7.802530367226893 ], [ 109.738042237910577, -7.802533791744565 ], [ 109.738045143415775, -7.802534844990703 ], [ 109.738051430737528, -7.802537135475006 ], [ 109.738054276798152, -7.802538176140956 ], [ 109.738065353931518, -7.802542240481898 ], [ 109.738068147086892, -7.802543268789407 ], [ 109.738073731141753, -7.802545331503495 ], [ 109.738076522042775, -7.80254636591053 ], [ 109.738096541646314, -7.802553810770121 ], [ 109.738099043202112, -7.802554743836254 ], [ 109.738104044479201, -7.802556614868649 ], [ 109.738106544191453, -7.802557552831615 ], [ 109.738116539327166, -7.802561314467766 ], [ 109.738119037206957, -7.802562257332056 ], [ 109.738124031065979, -7.802564147935982 ], [ 109.738126527049303, -7.802565095677153 ], [ 109.738166449318896, -7.802580299200145 ], [ 109.738168943639891, -7.802581251907554 ], [ 109.738173930369499, -7.802583162194139 ], [ 109.738176422775268, -7.802584119772177 ], [ 109.738182392724582, -7.802586420132968 ], [ 109.738185481029859, -7.802587157077539 ], [ 109.738188095638463, -7.802587783712511 ], [ 109.738209007278328, -7.802592817353172 ], [ 109.738211620633763, -7.802593449141284 ], [ 109.738216846093621, -7.802594717871102 ], [ 109.738219458202366, -7.802595354813946 ], [ 109.738229904045511, -7.802597912870681 ], [ 109.738232514858566, -7.802598554956148 ], [ 109.738237735243047, -7.802599844283122 ], [ 109.738240344809469, -7.802600491523492 ], [ 109.738257851746027, -7.802604852917796 ], [ 109.73826415151774, -7.802606432652965 ], [ 109.738274646890147, -7.802609082205379 ], [ 109.738280941565336, -7.80261068193289 ], [ 109.73829981784769, -7.802615511079182 ], [ 109.738306107410551, -7.80261713079517 ], [ 109.738316585651035, -7.802619846952155 ], [ 109.738322869988167, -7.802621486627288 ], [ 109.738358465532826, -7.802630834436229 ], [ 109.738364744626324, -7.802632494065733 ], [ 109.738375205288719, -7.802635276711044 ], [ 109.738381479008751, -7.802636956260585 ], [ 109.738400292065307, -7.802642024778038 ], [ 109.73840656042762, -7.802643724251823 ], [ 109.738417003153245, -7.802646573290644 ], [ 109.738423266059556, -7.802648292662639 ], [ 109.73843326731344, -7.802651055035369 ], [ 109.738437969192489, -7.80265235993113 ], [ 109.738445803050865, -7.802654544106474 ], [ 109.738450501799946, -7.802655860220796 ], [ 109.738464593292576, -7.80265982537469 ], [ 109.738469288843191, -7.802661152688302 ], [ 109.738477112168653, -7.802663374231088 ], [ 109.738481804609705, -7.802664712769456 ], [ 109.738508385283922, -7.802672329333063 ], [ 109.738513074426692, -7.80267367904213 ], [ 109.738520886943547, -7.802675937873914 ], [ 109.738525572833282, -7.802677298766582 ], [ 109.738539625570013, -7.802681398204584 ], [ 109.738544308176472, -7.802682770272099 ], [ 109.738552109809802, -7.802685066371055 ], [ 109.738556789173344, -7.802686449625469 ], [ 109.738566511445072, -7.802689336336528 ], [ 109.738571686198839, -7.80269088019071 ], [ 109.738580307407631, -7.802693464678271 ], [ 109.738585478095899, -7.802695022206819 ], [ 109.738593151422378, -7.802697304828712 ], [ 109.738605257502456, -7.802699382293383 ], [ 109.738609424926551, -7.802700101808341 ], [ 109.738616586369517, -7.802701346141589 ], [ 109.738621472866953, -7.802702201381635 ], [ 109.738623388444353, -7.802702538853111 ], [ 109.73862842355021, -7.802703430230395 ], [ 109.738637056171001, -7.802704967345619 ], [ 109.738642810423187, -7.802705998306578 ], [ 109.738657194984114, -7.802708591435305 ], [ 109.738662947853243, -7.802709634883797 ], [ 109.738671575430999, -7.8027112092999 ], [ 109.738677298245932, -7.8027122599471 ], [ 109.73868825411023, -7.802714283377782 ], [ 109.738693774198111, -7.80271531071412 ], [ 109.738702925823134, -7.802717026914081 ], [ 109.738708415376323, -7.802718064131682 ], [ 109.738724879710219, -7.802721198265601 ], [ 109.738730366419816, -7.802722250478439 ], [ 109.738739508507592, -7.802724016651212 ], [ 109.738744992302372, -7.802725083845644 ], [ 109.738776058186431, -7.802731173592349 ], [ 109.738781538996705, -7.802732255754393 ], [ 109.738790671213849, -7.802734071835403 ], [ 109.738796149072357, -7.802735168971992 ], [ 109.738812577977171, -7.802738482795007 ], [ 109.738818052768295, -7.802739594882837 ], [ 109.738827174927337, -7.802741460834909 ], [ 109.738832646680123, -7.802742587880232 ], [ 109.738843163992669, -7.802744769358185 ], [ 109.738849388743347, -7.802746070467322 ], [ 109.738859759908792, -7.802748255105087 ], [ 109.738865980557648, -7.802749575561165 ], [ 109.738884636191528, -7.802753565915623 ], [ 109.738890852649945, -7.802754905699544 ], [ 109.738901209946164, -7.802757154784388 ], [ 109.73890742224188, -7.802758513902347 ], [ 109.738942612164692, -7.802766270065092 ], [ 109.738948820122232, -7.802767648478095 ], [ 109.738959163133643, -7.802769961919353 ], [ 109.738965366796094, -7.802771359637404 ], [ 109.738983971065181, -7.802775581686944 ], [ 109.738990170318743, -7.802776998684465 ], [ 109.739000498702751, -7.802779376406079 ], [ 109.739006693493536, -7.802780812670846 ], [ 109.739025950273174, -7.802785309179342 ], [ 109.739032997400898, -7.802786967772079 ], [ 109.739044737694599, -7.80278975288104 ], [ 109.739051778919418, -7.802791436419113 ], [ 109.739072893369723, -7.802796524363259 ], [ 109.739079928519061, -7.802798232805458 ], [ 109.739091648708836, -7.802801100963393 ], [ 109.739098677768709, -7.802802834306476 ], [ 109.739138490212497, -7.802812726726984 ], [ 109.739145513028802, -7.802814484932185 ], [ 109.739157212510349, -7.802817435990676 ], [ 109.739164229054154, -7.802819219051514 ], [ 109.73918526890435, -7.802824605421961 ], [ 109.73919227902843, -7.802826413300465 ], [ 109.73920395719955, -7.802829447108309 ], [ 109.739210960858543, -7.802831279793338 ], [ 109.73922906061398, -7.8028360492047 ], [ 109.739231750565011, -7.802836761126969 ], [ 109.739237128992158, -7.802838190457578 ], [ 109.73923981747464, -7.80283890786751 ], [ 109.739250568429952, -7.80284178847279 ], [ 109.739253255429389, -7.802842511366521 ], [ 109.739258627948175, -7.80284396263869 ], [ 109.739261313460077, -7.802844691014968 ], [ 109.739282791357937, -7.802850539888368 ], [ 109.739286344729749, -7.802851447070054 ], [ 109.739290825511375, -7.802852074620432 ], [ 109.739304245016683, -7.802853888412926 ], [ 109.739307599327503, -7.80285434602547 ], [ 109.739314306812389, -7.802855269579254 ], [ 109.739317659978099, -7.802855735519074 ], [ 109.739324541870701, -7.802856700503924 ], [ 109.739327474348215, -7.802857114946448 ], [ 109.739333338433823, -7.802857950205521 ], [ 109.739336270050728, -7.80285837102349 ], [ 109.739347994524906, -7.802860067007202 ], [ 109.73935092518542, -7.802860494186916 ], [ 109.73935678557848, -7.802861354912352 ], [ 109.739359715301418, -7.802861788456482 ], [ 109.739383148984359, -7.802865282214839 ], [ 109.739386077737947, -7.802865722118497 ], [ 109.739391934300443, -7.802866608289378 ], [ 109.73939486209764, -7.802867054554724 ], [ 109.739406571307768, -7.802868852329254 ], [ 109.739409498161194, -7.802869304958335 ], [ 109.739415350805075, -7.802870216561644 ], [ 109.739418276602123, -7.802870675536894 ], [ 109.73946507941281, -7.802878069670385 ], [ 109.739468004340324, -7.80287853502125 ], [ 109.739473853135905, -7.802879472068753 ], [ 109.739476777011987, -7.802879943766641 ], [ 109.739488470455854, -7.80288184325957 ], [ 109.739491393307162, -7.802882321308971 ], [ 109.739497237956016, -7.802883283754454 ], [ 109.739500159747536, -7.802883768149684 ], [ 109.739523529612541, -7.802887668655103 ], [ 109.739526626613781, -7.802888189221449 ], [ 109.73953281944847, -7.802889237493218 ], [ 109.739535915291128, -7.802889765200234 ], [ 109.739548259901085, -7.802891884055043 ], [ 109.739551372783865, -7.802892422070272 ], [ 109.739557524980114, -7.802893492727151 ], [ 109.739560564746057, -7.802894025448779 ], [ 109.739567239689165, -7.802895206071128 ], [ 109.739576584120528, -7.802896868436846 ], [ 109.739583176146255, -7.802898047838312 ], [ 109.73959172229371, -7.80290064374941 ], [ 109.739595418989666, -7.802900930205169 ], [ 109.739602543301999, -7.802902165116905 ], [ 109.739606105144333, -7.802902784140429 ], [ 109.739620206867357, -7.802905448922843 ], [ 109.739623740052139, -7.802906049853959 ], [ 109.73963080540608, -7.802907256327387 ], [ 109.73963433756802, -7.802907861868505 ], [ 109.739650182932508, -7.802910589130306 ], [ 109.739662558261728, -7.802912921158111 ], [ 109.739666081103508, -7.802913587407318 ], [ 109.739673125818513, -7.802914924520678 ], [ 109.739676640820676, -7.802915627472487 ], [ 109.73969068794645, -7.802918508936614 ], [ 109.739694199328369, -7.802919231627413 ], [ 109.739701221213352, -7.802920681641865 ], [ 109.739704731718632, -7.802921408965972 ], [ 109.739725512573557, -7.802925728727246 ], [ 109.739761012972622, -7.802932501431712 ], [ 109.73976452651516, -7.802933215130679 ], [ 109.739771551673016, -7.802934651759017 ], [ 109.739775063281797, -7.802935374686911 ], [ 109.739789105897955, -7.802938284865604 ], [ 109.739792615627152, -7.802939017033452 ], [ 109.739799633086989, -7.80294049058449 ], [ 109.739803140817287, -7.802941231967452 ], [ 109.739831194488318, -7.802947199852383 ], [ 109.739834700297138, -7.802947950466717 ], [ 109.739841709868188, -7.802949460900038 ], [ 109.739845213641615, -7.802950220721357 ], [ 109.73985922469916, -7.802953278428276 ], [ 109.739862726454533, -7.802954047460219 ], [ 109.739869727932671, -7.802955594731941 ], [ 109.739873227652993, -7.802956372971096 ], [ 109.739879980551677, -7.802957883947613 ], [ 109.73988394476055, -7.802958777154913 ], [ 109.739891870491192, -7.802960575381633 ], [ 109.739895832007505, -7.802961480399631 ], [ 109.739911672532457, -7.80296512405755 ], [ 109.739915631324322, -7.802966040879085 ], [ 109.739923546124146, -7.802967886311592 ], [ 109.739927502137277, -7.802968814923929 ], [ 109.739959138393374, -7.802976290810932 ], [ 109.739963091612992, -7.802977231210264 ], [ 109.739970995226258, -7.802979123788589 ], [ 109.739974945623601, -7.802980075968549 ], [ 109.739990741351505, -7.80298390819695 ], [ 109.739994688856598, -7.802984872140541 ], [ 109.740002580971122, -7.802986811790504 ], [ 109.740006525575723, -7.802987787495624 ], [ 109.740069609825241, -7.803003491318179 ], [ 109.740073551505077, -7.803004478778519 ], [ 109.740081431866884, -7.803006465436397 ], [ 109.740085370547547, -7.803007464633652 ], [ 109.740101119210522, -7.803011484880813 ], [ 109.740105054875301, -7.803012495810663 ], [ 109.740112923180277, -7.803014529400741 ], [ 109.740116855824681, -7.803015552062163 ], [ 109.74014830383652, -7.803023780002206 ], [ 109.740152233374261, -7.803024814372634 ], [ 109.740160089346148, -7.80302689482312 ], [ 109.740164015777452, -7.80302794090278 ], [ 109.740179715116653, -7.803032148592877 ], [ 109.740183638376948, -7.803033206364262 ], [ 109.740191481736531, -7.803035333601485 ], [ 109.740195401844687, -7.803036403069996 ], [ 109.740202066748679, -7.803038232041899 ], [ 109.740206571733324, -7.803039476602464 ], [ 109.740215577390359, -7.803041981159936 ], [ 109.740220078051379, -7.803043241153716 ], [ 109.740238071875751, -7.803048311946839 ], [ 109.740242568174722, -7.803049587363148 ], [ 109.740251556348994, -7.803052153600845 ], [ 109.740256048227877, -7.803053444423256 ], [ 109.740291964250389, -7.803063832242287 ], [ 109.740296451654956, -7.803065138455111 ], [ 109.740305421923267, -7.803067766251672 ], [ 109.74030990478002, -7.803069087833421 ], [ 109.74032782698896, -7.80307440486223 ], [ 109.740332305301592, -7.803075741814212 ], [ 109.740341257241084, -7.803078431046231 ], [ 109.740345730874424, -7.803079783328144 ], [ 109.740417262971334, -7.803101539852378 ], [ 109.74042173192862, -7.803102907464165 ], [ 109.740430665129622, -7.803105658006984 ], [ 109.740435129376351, -7.803107040939096 ], [ 109.74045297659859, -7.803112603201441 ], [ 109.740457436026077, -7.80311400142017 ], [ 109.740466350046177, -7.803116813139184 ], [ 109.740470804636118, -7.803118226638674 ], [ 109.740506420715974, -7.803129595345865 ], [ 109.740510870409537, -7.803131024107245 ], [ 109.740519764842816, -7.803133896873874 ], [ 109.740524209578609, -7.803135340877816 ], [ 109.740541978430599, -7.803141147320787 ], [ 109.740546418174972, -7.803142606556264 ], [ 109.740555292586066, -7.803145540230219 ], [ 109.740559727256993, -7.803147014670174 ], [ 109.740568038316383, -7.803149794681133 ], [ 109.74057421164423, -7.803151869894805 ], [ 109.740584494926679, -7.803155344948379 ], [ 109.740590661550527, -7.803157439802931 ], [ 109.740609151236754, -7.803163753782997 ], [ 109.740615311111128, -7.803165868262454 ], [ 109.740625571926444, -7.803169408743145 ], [ 109.74063172500928, -7.803171542833411 ], [ 109.740666572275359, -7.803183691238416 ], [ 109.740672719030442, -7.803185845102462 ], [ 109.740682957851618, -7.803189451182675 ], [ 109.740689097665779, -7.803191624609099 ], [ 109.740707506728882, -7.803198174243448 ], [ 109.740713640639854, -7.803200367605029 ], [ 109.74072385829254, -7.803204039607976 ], [ 109.740728966047129, -7.803205883504063 ], [ 109.740731960544906, -7.803206969414077 ], [ 109.74073766692959, -7.803209050339547 ], [ 109.740747176725392, -7.803212534261718 ], [ 109.740752879687591, -7.803214633169432 ], [ 109.740769032165019, -7.803220604379078 ], [ 109.740770934022351, -7.803221309157323 ], [ 109.740790160032077, -7.803225608560297 ], [ 109.740794197680373, -7.803226517850646 ], [ 109.740802270184417, -7.803228348683092 ], [ 109.740806305045794, -7.803229270226552 ], [ 109.740822438745511, -7.803232980867335 ], [ 109.740826470766251, -7.803233914651571 ], [ 109.740834531961696, -7.803235794459738 ], [ 109.740838561131739, -7.803236740482532 ], [ 109.740902998119225, -7.803251973115835 ], [ 109.74090702437411, -7.803252931361556 ], [ 109.740915073929784, -7.803254860067227 ], [ 109.740919097227788, -7.803255830526382 ], [ 109.740935184416799, -7.803259736768155 ], [ 109.74093920474661, -7.803260719437901 ], [ 109.740947242377615, -7.803262696973547 ], [ 109.740951259682845, -7.803263691840414 ], [ 109.74098338518462, -7.803271699351512 ], [ 109.740987399420305, -7.803272706403789 ], [ 109.740995424827304, -7.803274732695115 ], [ 109.740999435995604, -7.803275751933654 ], [ 109.741015474310245, -7.803279853203378 ], [ 109.741019482361764, -7.803280884615845 ], [ 109.741027495290211, -7.803282959599585 ], [ 109.741031500178565, -7.803284003174099 ], [ 109.741039883056942, -7.803286201140679 ], [ 109.741043784450426, -7.803287230248941 ], [ 109.741051584184106, -7.803289300013148 ], [ 109.741055482516629, -7.803290340667104 ], [ 109.741071069562054, -7.803294526330831 ], [ 109.741074964772963, -7.803295578514337 ], [ 109.741082752063051, -7.803297694408172 ], [ 109.741086644143309, -7.803298758118729 ], [ 109.741117767328603, -7.803307313655523 ], [ 109.741121656213863, -7.803308388875564 ], [ 109.741129430785293, -7.803310550824051 ], [ 109.741133316470098, -7.803311637552156 ], [ 109.741148852609058, -7.803316007425053 ], [ 109.741152735024855, -7.803317105642066 ], [ 109.741160496593693, -7.803319313566647 ], [ 109.741164375746678, -7.803320423274329 ], [ 109.741226409702449, -7.803338268681728 ], [ 109.741230285519237, -7.80333938985865 ], [ 109.741238033812124, -7.803341643680653 ], [ 109.741241906286348, -7.803342776325337 ], [ 109.741257389311556, -7.80334732978497 ], [ 109.741261258380348, -7.803348473879055 ], [ 109.741268993110509, -7.803350773515774 ], [ 109.741272858773868, -7.803351929059261 ], [ 109.741303769543094, -7.803361218928842 ], [ 109.741307631760321, -7.803362385909395 ], [ 109.741315352679862, -7.803364731287161 ], [ 109.741319211383427, -7.803365909684544 ], [ 109.741334639122158, -7.803370646092958 ], [ 109.741338494306092, -7.803371835905295 ], [ 109.741346201124031, -7.803374226935603 ], [ 109.741350052768553, -7.803375428156869 ], [ 109.741358320655365, -7.803378020118089 ], [ 109.74136192688286, -7.803379156158258 ], [ 109.741369136213734, -7.803381438253098 ], [ 109.741372739312567, -7.803382584306746 ], [ 109.741387145132364, -7.803387188447118 ], [ 109.741390744977593, -7.803388344474456 ], [ 109.741397941470098, -7.80339066652067 ], [ 109.741401538112882, -7.803391832538296 ], [ 109.741430297504166, -7.803401200333155 ], [ 109.74143389085026, -7.803402376310089 ], [ 109.74144107428225, -7.80340473823577 ], [ 109.741444664378832, -7.803405924187814 ], [ 109.741459017952593, -7.803410687843439 ], [ 109.741462604683534, -7.803411883732224 ], [ 109.741469774826214, -7.803414285462225 ], [ 109.741473358224539, -7.803415491298836 ], [ 109.741530660921853, -7.803434862567144 ], [ 109.741534348803327, -7.803436115137117 ], [ 109.741541720942109, -7.803438630803896 ], [ 109.741545405196803, -7.803439893899906 ], [ 109.741560134905285, -7.80344496731567 ], [ 109.74156381553405, -7.80344624093766 ], [ 109.741571173104262, -7.803448798686986 ], [ 109.741574850048153, -7.803450082814891 ], [ 109.741604226468553, -7.803460389303325 ], [ 109.741607905854437, -7.803461686106175 ], [ 109.741615260851916, -7.803464290225747 ], [ 109.741618936460554, -7.803465597541333 ], [ 109.741633584004205, -7.803470830915956 ], [ 109.741637277137102, -7.803472156423766 ], [ 109.741644565794047, -7.803474784260573 ], [ 109.741648156234703, -7.803476084735735 ], [ 109.741657927709525, -7.803479645680284 ], [ 109.741669203346476, -7.803483769257127 ], [ 109.741672938806289, -7.803485141691283 ], [ 109.741680294520677, -7.803487856432525 ], [ 109.741683970416034, -7.803489219091659 ], [ 109.741698537487309, -7.803494642976034 ], [ 109.74170217733149, -7.803496004144904 ], [ 109.741709453095098, -7.803498736849804 ], [ 109.741713089012421, -7.803500108384867 ], [ 109.741742006478205, -7.803511063723136 ], [ 109.741745619282824, -7.803512438293069 ], [ 109.741752840954632, -7.803515197669981 ], [ 109.741756449814147, -7.803516582474174 ], [ 109.741770877314593, -7.803522142140309 ], [ 109.741774482238611, -7.803523537182286 ], [ 109.741781688064748, -7.803526337470714 ], [ 109.741785288977212, -7.803527742721201 ], [ 109.741842866595789, -7.803550306476666 ], [ 109.741846463482489, -7.803551721929409 ], [ 109.741853653232113, -7.803554563038631 ], [ 109.74185724609606, -7.803555988695678 ], [ 109.741871609271755, -7.803561711638736 ], [ 109.741875198032687, -7.803563147467969 ], [ 109.741882371458303, -7.803566029301237 ], [ 109.741885956120257, -7.803567475304476 ], [ 109.741914616277199, -7.803579083723207 ], [ 109.741918196794245, -7.803580539881523 ], [ 109.741925353680358, -7.80358346235198 ], [ 109.741928930053859, -7.803584928666226 ], [ 109.741942229309586, -7.803590370359814 ], [ 109.741950542856216, -7.803593484771397 ], [ 109.741962232867138, -7.803597885000556 ], [ 109.74196460845576, -7.803598780537811 ], [ 109.741968533505371, -7.803600218032273 ], [ 109.741980197294765, -7.803604498768664 ], [ 109.741988901539059, -7.803607709110281 ], [ 109.742010803406004, -7.803615829455453 ], [ 109.742019558739742, -7.803619092672989 ], [ 109.742032683282275, -7.80362400999303 ], [ 109.742041405031273, -7.803627294757973 ], [ 109.742069283788169, -7.80363784700512 ], [ 109.742072521045941, -7.803639077149001 ], [ 109.742078903501522, -7.803641511742853 ], [ 109.742082093212275, -7.803642733043716 ], [ 109.742094845776762, -7.803647634182767 ], [ 109.742098032352601, -7.803648863452963 ], [ 109.742104402465543, -7.803651329999411 ], [ 109.742107585997019, -7.803652567273787 ], [ 109.742133041084685, -7.80366249710147 ], [ 109.742136221454416, -7.803663742334379 ], [ 109.742142579050096, -7.803666240765949 ], [ 109.74214575627002, -7.803667493962109 ], [ 109.742158458795643, -7.803672522651652 ], [ 109.742161632862178, -7.803673783809586 ], [ 109.742167977786551, -7.803676314065513 ], [ 109.742171148647799, -7.803677583164699 ], [ 109.742221853588148, -7.803697950994035 ], [ 109.742228185690294, -7.803700513013325 ], [ 109.742240836918825, -7.803705668754674 ], [ 109.742247156042311, -7.803708262475368 ], [ 109.742272405896983, -7.803718700479067 ], [ 109.742278711871222, -7.803721325830736 ], [ 109.742291310501457, -7.803726608094792 ], [ 109.742297603161546, -7.80372926500894 ], [ 109.742347887427172, -7.803750644972808 ], [ 109.742354166621567, -7.803753333384691 ], [ 109.742366711392833, -7.803758741641843 ], [ 109.742372976966863, -7.803761461485919 ], [ 109.742398011379805, -7.803772403446487 ], [ 109.742404263171238, -7.803775154652328 ], [ 109.742416752813256, -7.803780688356028 ], [ 109.742422990661908, -7.803783470853034 ], [ 109.742472833944646, -7.80380585431601 ], [ 109.742479057708408, -7.80380866804029 ], [ 109.742491490963346, -7.803814326632221 ], [ 109.74249770045526, -7.803817171499929 ], [ 109.742522509324544, -7.803828613002224 ], [ 109.742528704424615, -7.803831488958281 ], [ 109.74254108003737, -7.803837271868133 ], [ 109.742547260550509, -7.803840178822043 ], [ 109.742596642719775, -7.803863556744716 ], [ 109.742602808518711, -7.803866494635827 ], [ 109.742615125240377, -7.803872401278966 ], [ 109.742621276168336, -7.803875370033552 ], [ 109.742645849467294, -7.803887306453703 ], [ 109.742651985342377, -7.803890305983543 ], [ 109.742664241920693, -7.803896335760669 ], [ 109.742670362619663, -7.803899366005794 ], [ 109.742719263722563, -7.803923728942266 ], [ 109.742725369078244, -7.803926789819343 ], [ 109.742737564283459, -7.803932942124277 ], [ 109.742743654135268, -7.803936033553441 ], [ 109.742767981938698, -7.803948460069705 ], [ 109.742774056135318, -7.803951581973763 ], [ 109.742786188731031, -7.803957856183843 ], [ 109.742792247129785, -7.803961008489694 ], [ 109.742840647412322, -7.803986346598208 ], [ 109.742846689843418, -7.803989529216722 ], [ 109.742858758607724, -7.803995924698825 ], [ 109.742864784935591, -7.803999137559572 ], [ 109.742888857414755, -7.804012049151368 ], [ 109.742894867488246, -7.804015292173574 ], [ 109.742906871207879, -7.804021808286109 ], [ 109.742912864859136, -7.80402508137945 ], [ 109.742960744781556, -7.804051384430579 ], [ 109.74296373562396, -7.804053032350623 ], [ 109.74296971317716, -7.804056335695464 ], [ 109.742972699888298, -7.804057991120771 ], [ 109.742984638300527, -7.804064627738455 ], [ 109.742987620823214, -7.804066290637422 ], [ 109.742993581684686, -7.804069623911516 ], [ 109.742996560018014, -7.804071294283801 ], [ 109.743020369359897, -7.804084686835211 ], [ 109.743023343956111, -7.804086364936609 ], [ 109.74302928887073, -7.804089728565998 ], [ 109.743032259189647, -7.80409141409416 ], [ 109.743044132019463, -7.804098171121609 ], [ 109.743047099068804, -7.804099864653097 ], [ 109.743053028878876, -7.804103259142551 ], [ 109.743055993539429, -7.804104961194298 ], [ 109.743059199359038, -7.804106812866905 ], [ 109.743065609726898, -7.804110527115029 ], [ 109.743068812373565, -7.80411238859574 ], [ 109.743081616479287, -7.804119854083126 ], [ 109.743084814974395, -7.804121724818572 ], [ 109.743091206813858, -7.804125474964621 ], [ 109.743094400160771, -7.804127354376988 ], [ 109.743119929752538, -7.804142426394776 ], [ 109.743123118436131, -7.80414431477169 ], [ 109.743129490619822, -7.804148100185159 ], [ 109.743132674117362, -7.804149997220065 ], [ 109.743145397705632, -7.804157602657654 ], [ 109.743148576004103, -7.804159508342707 ], [ 109.743154927408511, -7.804163328366656 ], [ 109.743158100519679, -7.804165242709132 ], [ 109.743208827723265, -7.804195940792454 ], [ 109.743215158597081, -7.804199795581326 ], [ 109.743227799176509, -7.804207539541892 ], [ 109.743234108880927, -7.804211428712733 ], [ 109.743259304593437, -7.804227053685793 ], [ 109.743265592934677, -7.804230977118948 ], [ 109.743278148068327, -7.804238858131839 ], [ 109.743284414858408, -7.804242815710268 ], [ 109.743334458514937, -7.804274610083894 ], [ 109.743340703572017, -7.804278601691749 ], [ 109.743353171753199, -7.804286618810181 ], [ 109.743359394876336, -7.804290644319963 ], [ 109.743384242817854, -7.804306813718767 ], [ 109.743390443850558, -7.80431087302901 ], [ 109.743402823610552, -7.80431902530961 ], [ 109.743409002338865, -7.804323118280649 ], [ 109.743458338632138, -7.804355993813829 ], [ 109.743464494893203, -7.804360120336639 ], [ 109.743476784749475, -7.804368406801927 ], [ 109.743482918345478, -7.80437256674503 ], [ 109.743507406698882, -7.804389272880428 ], [ 109.743513517458609, -7.804393466127237 ], [ 109.74352571595449, -7.804401885796722 ], [ 109.743531803691553, -7.804406112219851 ], [ 109.743580409141885, -7.804440053267513 ], [ 109.743586473668358, -7.804444312735313 ], [ 109.74359857934769, -7.80445286460224 ], [ 109.743604620497649, -7.804457156999433 ], [ 109.743628737593724, -7.80447439191073 ], [ 109.743634755180153, -7.804478717103905 ], [ 109.743646766595646, -7.804487400147423 ], [ 109.743652760426528, -7.804491757998846 ], [ 109.743700611897395, -7.804526748404555 ], [ 109.743706581817946, -7.804531138800655 ], [ 109.743718497556188, -7.804539951997413 ], [ 109.743724443372855, -7.80454437479716 ], [ 109.743748177744294, -7.804562130289185 ], [ 109.743754099290186, -7.804566585367979 ], [ 109.743765917925714, -7.804575527665179 ], [ 109.743771815017226, -7.804580014885005 ], [ 109.743818889732211, -7.804616037994549 ], [ 109.743824762196653, -7.804620557223359 ], [ 109.743836482321797, -7.804629627554618 ], [ 109.743842329983352, -7.804634178657864 ], [ 109.74386567032883, -7.804652446276805 ], [ 109.74387149300469, -7.804657029111809 ], [ 109.743883113223603, -7.804666226398126 ], [ 109.743888910766486, -7.804670840849383 ], [ 109.743935186328031, -7.804707879523505 ], [ 109.743938075881488, -7.804710198771943 ], [ 109.74394384864047, -7.804714845123613 ], [ 109.743946731843153, -7.804717172224628 ], [ 109.743958251870765, -7.804726496268017 ], [ 109.743961128708008, -7.804728831209957 ], [ 109.743966875974991, -7.80473350890054 ], [ 109.743969746406208, -7.804735851650378 ], [ 109.743992683783176, -7.804754624512668 ], [ 109.743995548339967, -7.804756975507587 ], [ 109.74400127102308, -7.804761685290657 ], [ 109.744004129148891, -7.804764044078127 ], [ 109.744015548658297, -7.804773494704364 ], [ 109.74401840139609, -7.804775862152667 ], [ 109.744024100383342, -7.80478060480408 ], [ 109.74402694879285, -7.804782981814924 ], [ 109.744029782610824, -7.804785359782556 ], [ 109.744035448035561, -7.804790127016872 ], [ 109.744038277479262, -7.80479251447349 ], [ 109.744049586494896, -7.804802083308459 ], [ 109.744052410496352, -7.804804479375548 ], [ 109.744058051929073, -7.804809279170456 ], [ 109.744060869364432, -7.804811682901857 ], [ 109.744083386370846, -7.804830946650782 ], [ 109.744086197771708, -7.80483335850397 ], [ 109.74409181393969, -7.804838189821567 ], [ 109.74409461870232, -7.804840609282337 ], [ 109.744105824534699, -7.804850302389809 ], [ 109.74410862270031, -7.804852729493575 ], [ 109.744114212364309, -7.804857591283394 ], [ 109.744117003866279, -7.804860025972459 ], [ 109.744161615431381, -7.804899042412615 ], [ 109.744167178957753, -7.804903934999629 ], [ 109.744178279158177, -7.804913750351716 ], [ 109.744183815829729, -7.8049186731144 ], [ 109.744205908225354, -7.804938423996191 ], [ 109.744211417908389, -7.80494337681489 ], [ 109.744222410100804, -7.804953312342832 ], [ 109.744227892614617, -7.804958295055997 ], [ 109.744271640129909, -7.804998272756109 ], [ 109.744277095311475, -7.805003285214298 ], [ 109.74428797818365, -7.805013339730863 ], [ 109.744293405876647, -7.805018381791342 ], [ 109.744315060994836, -7.80503860860847 ], [ 109.744320461024984, -7.80504368010935 ], [ 109.74433123327276, -7.805053852411106 ], [ 109.744336605486183, -7.805058953208118 ], [ 109.744379468135435, -7.805099873146673 ], [ 109.744384812373198, -7.805105003087419 ], [ 109.744395472724591, -7.805115291971674 ], [ 109.744400788841176, -7.805120450918082 ], [ 109.744421996373603, -7.805141144041556 ], [ 109.744427284189669, -7.80514633181906 ], [ 109.74443783137059, -7.805156736058052 ], [ 109.744443090732943, -7.805161952516983 ], [ 109.744485048115223, -7.805203795218631 ], [ 109.744490278876469, -7.805209040211253 ], [ 109.744500711633179, -7.805219558566137 ], [ 109.74450591362671, -7.805224831926637 ], [ 109.744526663475654, -7.805245981504129 ], [ 109.74453183656766, -7.805251283096595 ], [ 109.744542153658813, -7.80526191431801 ], [ 109.744547297659437, -7.805267243948265 ], [ 109.74458832980099, -7.805309989494276 ], [ 109.744593444593704, -7.805315347040334 ], [ 109.744603644795063, -7.805326089864934 ], [ 109.744608730205755, -7.805331475145692 ], [ 109.744629012499843, -7.805353071116144 ], [ 109.74463406837873, -7.805358483972498 ], [ 109.744644150474812, -7.805369337121647 ], [ 109.744649176689961, -7.805374777412624 ], [ 109.744689264063766, -7.805418405461864 ], [ 109.744694260447829, -7.805423873005623 ], [ 109.744704223231679, -7.805434835179028 ], [ 109.744709189634648, -7.8054403298122 ], [ 109.744728994716127, -7.805462361892808 ], [ 109.744733930993618, -7.805467883455208 ], [ 109.744743773288803, -7.805478953359682 ], [ 109.74474867930428, -7.805484501699141 ], [ 109.744787802831468, -7.805528991487449 ], [ 109.744790244712306, -7.805531775951863 ], [ 109.744795120854803, -7.805537351517273 ], [ 109.744797555112029, -7.805540142613609 ], [ 109.744807276835047, -7.80555132019424 ], [ 109.744809703469059, -7.805554117922725 ], [ 109.744814549051284, -7.805559719940049 ], [ 109.74481696800575, -7.805562524236109 ], [ 109.744836288610941, -7.805584984509153 ], [ 109.744838700431558, -7.805587796009945 ], [ 109.744843516387732, -7.805593425579559 ], [ 109.744845920518458, -7.805596243643038 ], [ 109.744855521559316, -7.805607528900737 ], [ 109.744857919051299, -7.805610354769101 ], [ 109.744862706294271, -7.805616013022075 ], [ 109.744865098206901, -7.805618847976007 ], [ 109.744867474281705, -7.805621679798548 ], [ 109.744872222974323, -7.805627355002287 ], [ 109.744874593432996, -7.805630195816889 ], [ 109.74488406403259, -7.805641577112794 ], [ 109.744886427805795, -7.805644425669925 ], [ 109.744891147553403, -7.805650129195953 ], [ 109.744893503528374, -7.805652984165476 ], [ 109.744912323980941, -7.805675854244271 ], [ 109.744914672670916, -7.805678716253283 ], [ 109.744919362215285, -7.805684446645614 ], [ 109.744921703069565, -7.805687315028649 ], [ 109.744931050761238, -7.805698801242499 ], [ 109.744933383770956, -7.805701675988644 ], [ 109.744938041920022, -7.805707431812266 ], [ 109.74494036705903, -7.805710312889687 ], [ 109.744977507496969, -7.805756462233546 ], [ 109.744982134618567, -7.805762243953154 ], [ 109.744991357177128, -7.805773832479758 ], [ 109.744995952616534, -7.805779639289597 ], [ 109.745014270441459, -7.805802915989034 ], [ 109.745018834049631, -7.805808747700326 ], [ 109.745027929316223, -7.8058204358735 ], [ 109.745032460972652, -7.805826292332824 ], [ 109.745068583111561, -7.805873238702929 ], [ 109.745073082662884, -7.805879119710767 ], [ 109.745082049539519, -7.805890906117725 ], [ 109.74508651686665, -7.805896811519233 ], [ 109.745104321181316, -7.805920481190697 ], [ 109.745108756144816, -7.805926410801703 ], [ 109.74511759358262, -7.805938294065697 ], [ 109.745121996054763, -7.80594424771607 ], [ 109.745157082703201, -7.805991968770115 ], [ 109.745161452548302, -7.805997946274545 ], [ 109.745170159482143, -7.806009924961927 ], [ 109.745174496571963, -7.806015926146358 ], [ 109.745191778907156, -7.806039977531157 ], [ 109.745196083108965, -7.806046002211588 ], [ 109.745204658506964, -7.806058074904172 ], [ 109.745208929702983, -7.806064122916212 ], [ 109.745242964160525, -7.806112595941556 ], [ 109.745247202211488, -7.80611866708665 ], [ 109.745255645055636, -7.806130832349652 ], [ 109.745259849846434, -7.80613692646449 ], [ 109.745276601968783, -7.806161348104752 ], [ 109.745280773373906, -7.806167465006752 ], [ 109.745289082654267, -7.806179721387366 ], [ 109.74529322052922, -7.806185860865014 ], [ 109.745326186597651, -7.806235062792439 ], [ 109.745330290849893, -7.806241224707321 ], [ 109.74533846558154, -7.806253570750357 ], [ 109.745342536061855, -7.806259754879648 ], [ 109.745358750006517, -7.806284535164764 ], [ 109.745362786612759, -7.806290741352939 ], [ 109.745370825826171, -7.806303175596099 ], [ 109.745374828434535, -7.806309403653017 ], [ 109.745406710422799, -7.806359311065989 ], [ 109.745410678908399, -7.806365560796507 ], [ 109.745418581641616, -7.806378081750722 ], [ 109.745422515889402, -7.80638435297459 ], [ 109.745438183934596, -7.806409480104662 ], [ 109.74544208382315, -7.806415772628327 ], [ 109.745449849134559, -7.806428378803105 ], [ 109.745453714557073, -7.806434692454047 ], [ 109.745484497289851, -7.806485281598214 ], [ 109.745486417278983, -7.806488446681783 ], [ 109.745490248597036, -7.806494782064135 ], [ 109.745492159923231, -7.806497952358711 ], [ 109.745499787858478, -7.806510643885076 ], [ 109.745501690522985, -7.806513819392535 ], [ 109.745505487138473, -7.806520175533933 ], [ 109.745507381092239, -7.806523356172534 ], [ 109.745522497681122, -7.806548821468709 ], [ 109.745524383419479, -7.806552008077233 ], [ 109.745528146174024, -7.806558386416384 ], [ 109.745530023192032, -7.806561578150195 ], [ 109.745537513744523, -7.806574355200098 ], [ 109.745539382963841, -7.806577553641034 ], [ 109.745543112661778, -7.806583955633528 ], [ 109.745544975037092, -7.806587162461426 ], [ 109.745546821523249, -7.806590362017175 ], [ 109.745550509537452, -7.806596772700857 ], [ 109.745552349168292, -7.806599980551823 ], [ 109.745559693878022, -7.806612828450852 ], [ 109.745561525670666, -7.806616042930216 ], [ 109.74556518046893, -7.806622476868199 ], [ 109.74556700347398, -7.806625696325852 ], [ 109.745581555711794, -7.806651477829803 ], [ 109.745583370357281, -7.806654703028585 ], [ 109.745586990848722, -7.806661158394263 ], [ 109.745588796696495, -7.806664388564343 ], [ 109.745596002325101, -7.806677318888205 ], [ 109.745597799322695, -7.806680553935621 ], [ 109.745601384456847, -7.806687028888348 ], [ 109.745603172589654, -7.806690268786838 ], [ 109.745631713388207, -7.806742148850901 ], [ 109.745635263522445, -7.806748644050401 ], [ 109.745642328210295, -7.806761653651961 ], [ 109.745645842766749, -7.806768168059193 ], [ 109.745659829427268, -7.80679426334018 ], [ 109.745663308301744, -7.806800796761081 ], [ 109.745670230275834, -7.806813882442611 ], [ 109.745673673372835, -7.806820434698693 ], [ 109.745701072557779, -7.806872923334936 ], [ 109.745704479765664, -7.806879494211955 ], [ 109.745711258199094, -7.80689265440941 ], [ 109.745714629427368, -7.806899243734506 ], [ 109.745728041951793, -7.806925637089989 ], [ 109.745731377089498, -7.806932244646362 ], [ 109.745738011181004, -7.806945477805641 ], [ 109.745741310133553, -7.80695210340582 ], [ 109.745767554665463, -7.807005175635709 ], [ 109.745770817333948, -7.807011819079889 ], [ 109.745777306288744, -7.807025123613812 ], [ 109.745780532575736, -7.807031784704463 ], [ 109.745793364584074, -7.807058463580859 ], [ 109.745796554394474, -7.807065142121985 ], [ 109.745802897448357, -7.807078516465594 ], [ 109.745806050691556, -7.807085212267793 ], [ 109.745831128078805, -7.807138842833808 ], [ 109.745834244648904, -7.807145555670502 ], [ 109.745840441034375, -7.807158998203988 ], [ 109.745843520849519, -7.807165727900156 ], [ 109.745855766228829, -7.807192679589662 ], [ 109.745858809195397, -7.80719942594078 ], [ 109.745864858189407, -7.807212935097425 ], [ 109.745869538155546, -7.80722350757128 ], [ 109.745893271444629, -7.807277747554338 ], [ 109.745895304965018, -7.807282418858563 ], [ 109.745901183268188, -7.807295991911019 ], [ 109.745909129321944, -7.807314724040225 ], [ 109.745920183884948, -7.807341338606875 ], [ 109.74592327997118, -7.807348768537679 ], [ 109.745944194141828, -7.807397738223642 ], [ 109.745952249136906, -7.807417008729658 ], [ 109.745957851685205, -7.807430708027084 ], [ 109.745960634228595, -7.807437565293014 ], [ 109.745971689151474, -7.807465024014562 ], [ 109.745974434152856, -7.807471896316486 ], [ 109.745979886527209, -7.807485655740834 ], [ 109.745982593899328, -7.80749254286053 ], [ 109.746004100480548, -7.807547694272728 ], [ 109.746005440229283, -7.807551143838793 ], [ 109.746008110266303, -7.807558046546546 ], [ 109.7460094405522, -7.807561499682208 ], [ 109.746014742833836, -7.807575319526734 ], [ 109.746016063686795, -7.807578776308617 ], [ 109.746018695932321, -7.80758569344863 ], [ 109.746020007327786, -7.80758915381432 ], [ 109.746030460397492, -7.80761685037038 ], [ 109.746031762673965, -7.807620315223232 ], [ 109.746034357754752, -7.807627248490007 ], [ 109.74603565056259, -7.807630716912968 ], [ 109.746040802759978, -7.807644597485307 ], [ 109.746042086776072, -7.807648071318454 ], [ 109.746044645301538, -7.807655022484482 ], [ 109.746045921217103, -7.807658503670666 ], [ 109.746047182342352, -7.807661973823201 ], [ 109.746049697913747, -7.807668925260941 ], [ 109.746050950948757, -7.807672402680168 ], [ 109.74605594685039, -7.807686326859596 ], [ 109.746057191082684, -7.807689809642511 ], [ 109.746059670005707, -7.807696778528907 ], [ 109.746060904696833, -7.807700264633695 ], [ 109.746070746706323, -7.807728174254805 ], [ 109.746071972205868, -7.80773166467975 ], [ 109.746074413661233, -7.807738648861516 ], [ 109.746075629620293, -7.807742142626807 ], [ 109.746080474319513, -7.807756124208822 ], [ 109.746081680718589, -7.807759621258469 ], [ 109.746084083959772, -7.807766618651101 ], [ 109.746085280798866, -7.807770118985445 ], [ 109.746104354713566, -7.807826153456176 ], [ 109.74610671997641, -7.807833164772774 ], [ 109.746111412120285, -7.807847200160381 ], [ 109.746113739003192, -7.807854224237019 ], [ 109.746122969496355, -7.807882345219809 ], [ 109.746125257926224, -7.807889381835196 ], [ 109.746129796276534, -7.807903467433277 ], [ 109.746132046196465, -7.807910516413699 ], [ 109.746149889867866, -7.807966952509389 ], [ 109.746152101199982, -7.807974013610078 ], [ 109.746156485214897, -7.807988147734193 ], [ 109.746158657895762, -7.8079952207529 ], [ 109.746167271072807, -7.808023535862503 ], [ 109.746169405044895, -7.808030620610964 ], [ 109.746173634206457, -7.808044801595145 ], [ 109.746175729397521, -7.808051897835583 ], [ 109.746192334333614, -7.808108708701695 ], [ 109.746194390683002, -7.808115816226575 ], [ 109.746198464484735, -7.808130042369612 ], [ 109.746200481937422, -7.808137160989702 ], [ 109.746208473697209, -7.808165656749395 ], [ 109.74621045218305, -7.80817278621754 ], [ 109.746214370140876, -7.808187055832093 ], [ 109.746216309611896, -7.808194195975489 ], [ 109.746231667907864, -7.808251354572178 ], [ 109.746233568303239, -7.808258505166179 ], [ 109.746237329951498, -7.808272816555757 ], [ 109.746239191202562, -7.80827997734275 ], [ 109.746246557738175, -7.808308640178666 ], [ 109.7462483798069, -7.808315811012221 ], [ 109.74625198469397, -7.808330162457935 ], [ 109.746253767514986, -7.80833734308078 ], [ 109.746267871859175, -7.80839482220108 ], [ 109.746269615381834, -7.808402012407726 ], [ 109.746273063084232, -7.808416402222747 ], [ 109.746274767263913, -7.808423601831123 ], [ 109.746281505072091, -7.808452418114882 ], [ 109.746283169849562, -7.808459626874708 ], [ 109.746286459956082, -7.808474053346117 ], [ 109.746288085284732, -7.808481271056621 ], [ 109.746300928963251, -7.808539043345206 ], [ 109.746302514790329, -7.808546269769067 ], [ 109.746305646905739, -7.808560731160981 ], [ 109.746307193193957, -7.808567966129772 ], [ 109.7463132990639, -7.808596922132892 ], [ 109.74631480575664, -7.808604165382349 ], [ 109.74631777951106, -7.808618659990259 ], [ 109.746319246572341, -7.80862591134786 ], [ 109.746330823471794, -7.808683949308772 ], [ 109.746331542228575, -7.808687578477304 ], [ 109.746332969817445, -7.808694838773192 ], [ 109.746333678651695, -7.808698469911519 ], [ 109.74633649409077, -7.808712998134411 ], [ 109.746337192981173, -7.808716631132484 ], [ 109.746338580831548, -7.808723899059032 ], [ 109.746339269789758, -7.808727533978129 ], [ 109.74634474156818, -7.808756620174279 ], [ 109.74634542077257, -7.808760257978463 ], [ 109.746346769236879, -7.808767535474203 ], [ 109.746347438496855, -7.80877117516809 ], [ 109.746350095586877, -7.808785737387552 ], [ 109.746350755265951, -7.808789380996586 ], [ 109.746352064642394, -7.808796669964693 ], [ 109.746352715089017, -7.808800319561499 ], [ 109.746353352763663, -7.808803955009694 ], [ 109.746354619673411, -7.808811236140684 ], [ 109.746355248158068, -7.80881487757955 ], [ 109.746357119153515, -7.808829579664121 ], [ 109.746357790069283, -7.808833214551157 ], [ 109.746359126879383, -7.808840484964946 ], [ 109.746359792772523, -7.808844120483741 ], [ 109.746363776198905, -7.808865952824135 ], [ 109.74636499224323, -7.808873235930264 ], [ 109.746365598840157, -7.80887688429533 ], [ 109.746366807035827, -7.808884181787732 ], [ 109.746367374222643, -7.808887835830546 ], [ 109.746369583173021, -7.808902462015567 ], [ 109.746370132917605, -7.808906118982918 ], [ 109.7463712274307, -7.808913433824841 ], [ 109.746371772196369, -7.808917091681906 ], [ 109.746374891531218, -7.808938135518474 ], [ 109.746381069316271, -7.808975539674123 ], [ 109.746382177836836, -7.808982854097223 ], [ 109.746384354854513, -7.808997488834848 ], [ 109.746385423350887, -7.809004809143914 ], [ 109.746389617183013, -7.809034101414852 ], [ 109.746390645632346, -7.809041427450722 ], [ 109.746392662446624, -7.809056084985684 ], [ 109.74639365081282, -7.809063416491881 ], [ 109.746401396730164, -7.809122085294746 ], [ 109.746402344987246, -7.809129422078797 ], [ 109.746404201361486, -7.809144100689593 ], [ 109.746405109478985, -7.80915144251594 ], [ 109.746408661564544, -7.809180819050539 ], [ 109.746409529515972, -7.809188165706189 ], [ 109.746411225227291, -7.809202863629423 ], [ 109.746412052987012, -7.809210214897405 ], [ 109.746418513721892, -7.809269038253149 ], [ 109.746419301266485, -7.809276393923199 ], [ 109.746420836113771, -7.809291109419405 ], [ 109.746421583416407, -7.809298469242833 ], [ 109.746424492065046, -7.809327916059715 ], [ 109.746425199106909, -7.809335279849734 ], [ 109.746426572908263, -7.809350011172569 ], [ 109.746427239667867, -7.809357378708228 ], [ 109.74643241214369, -7.809416328616919 ], [ 109.746433038599719, -7.80942369966084 ], [ 109.746434251190806, -7.809438445051967 ], [ 109.746434837325864, -7.809445819401105 ], [ 109.746437101153049, -7.809475322494393 ], [ 109.746437646948948, -7.80948269991984 ], [ 109.746438698184875, -7.809497457621376 ], [ 109.746439203625016, -7.809504837896611 ], [ 109.746443085379269, -7.809563886311253 ], [ 109.746443550448873, -7.809571269221408 ], [ 109.746444440205437, -7.809586037480244 ], [ 109.746444864892169, -7.809593422831654 ], [ 109.746446482819124, -7.809622968153406 ], [ 109.746446867108546, -7.809630355691525 ], [ 109.746447595279278, -7.809645132755634 ], [ 109.746447939160475, -7.809652522275201 ], [ 109.746450528344269, -7.809711641089848 ], [ 109.746450831807351, -7.809719032377075 ], [ 109.746451398305624, -7.809733816482947 ], [ 109.746451661340927, -7.809741209306196 ], [ 109.746452632597254, -7.809770782795908 ], [ 109.746452855196935, -7.809778176927239 ], [ 109.74645325995499, -7.809792966305849 ], [ 109.74645344211325, -7.809800361550685 ], [ 109.746454737492684, -7.809859522622389 ], [ 109.746454813414744, -7.809863221135174 ], [ 109.74645495514369, -7.809870618358275 ], [ 109.746455020950407, -7.809874317070978 ], [ 109.746455263944313, -7.809889112169856 ], [ 109.746455319635061, -7.809892811038424 ], [ 109.746455420900361, -7.80990020892466 ], [ 109.746455466474913, -7.809903907946591 ], [ 109.746455790597508, -7.809933499903764 ], [ 109.74645582606388, -7.809937200077343 ], [ 109.746455886874628, -7.809944600578262 ], [ 109.746455912218607, -7.809948300905774 ], [ 109.746455993347524, -7.809963102140784 ], [ 109.746456008574057, -7.809966804672285 ], [ 109.746456028892567, -7.809974209774339 ], [ 109.746456033984146, -7.809977916713081 ], [ 109.746456028961347, -7.809981607249597 ], [ 109.746456008822406, -7.809988997031439 ], [ 109.74645599370632, -7.809992691909542 ], [ 109.746455913008049, -7.81000748002765 ], [ 109.74645588778111, -7.81001117701436 ], [ 109.746455827221723, -7.810018570980958 ], [ 109.746455791889105, -7.810022267958118 ], [ 109.746455468722729, -7.810051851177263 ], [ 109.746455423271073, -7.8100555490754 ], [ 109.746455322257134, -7.810062944768731 ], [ 109.746455266694625, -7.810066642559661 ], [ 109.746455024226918, -7.810081433286996 ], [ 109.746454958554978, -7.810085130880964 ], [ 109.746454817101551, -7.810092525906896 ], [ 109.746454741319667, -7.810096223340338 ], [ 109.746453447852332, -7.810155384452969 ], [ 109.746453265933496, -7.810162779690586 ], [ 109.746452861653154, -7.810177569092446 ], [ 109.746452639291419, -7.810184963257257 ], [ 109.746451668990119, -7.810214536773628 ], [ 109.746451406193728, -7.810221929596253 ], [ 109.746450840172713, -7.810236713714289 ], [ 109.74645053694843, -7.81024410500612 ], [ 109.746447949671392, -7.810303223900689 ], [ 109.746447606027687, -7.810310613445495 ], [ 109.746446878332961, -7.810325390531375 ], [ 109.74644649428177, -7.810332778077225 ], [ 109.746444877305748, -7.810362323455024 ], [ 109.746444452858384, -7.810369708789381 ], [ 109.746443563577031, -7.81038447708255 ], [ 109.746443098742816, -7.810391860039033 ], [ 109.746439218885655, -7.81045090857566 ], [ 109.746438713681982, -7.81045828887585 ], [ 109.746437662920016, -7.810473046600237 ], [ 109.746437117362632, -7.810480424017385 ], [ 109.74643485448189, -7.810509927178657 ], [ 109.74643426858205, -7.810517301558491 ], [ 109.746433056462763, -7.810532046993501 ], [ 109.746432430243146, -7.810539418049757 ], [ 109.746427259652251, -7.810598368122726 ], [ 109.746426593127126, -7.810605735688398 ], [ 109.746425219795242, -7.810620467060687 ], [ 109.746424512988369, -7.810627830872932 ], [ 109.746421605277874, -7.810657277783889 ], [ 109.74642085820966, -7.810664637629259 ], [ 109.74641932383139, -7.810679353167245 ], [ 109.746418536521219, -7.810686708857531 ], [ 109.746412077654895, -7.810745532415751 ], [ 109.746411250126471, -7.810752883725627 ], [ 109.746409554880188, -7.810767581708546 ], [ 109.746408687163296, -7.810774928376418 ], [ 109.746405136006956, -7.810804305023623 ], [ 109.746404228118763, -7.810811646901982 ], [ 109.746402372208308, -7.810826325566325 ], [ 109.746401424185706, -7.810833662356856 ], [ 109.746393680117194, -7.810892331399657 ], [ 109.746392691982294, -7.810899662932798 ], [ 109.746390675628788, -7.810914320529037 ], [ 109.74638964740933, -7.810921646599411 ], [ 109.746385454497386, -7.810950938992733 ], [ 109.74638438622884, -7.810958259344204 ], [ 109.746382209670401, -7.810972894140775 ], [ 109.746381101381644, -7.810980208578258 ], [ 109.746372075795477, -7.811038695183754 ], [ 109.746371506567414, -7.8110423506659 ], [ 109.746370358119862, -7.811049660041419 ], [ 109.746369778901055, -7.81105331393195 ], [ 109.746367442044516, -7.811067926311239 ], [ 109.746366852830647, -7.811071578637439 ], [ 109.746365664421091, -7.81107888164405 ], [ 109.746365065224325, -7.81108253233117 ], [ 109.746360231799486, -7.811111730782784 ], [ 109.74635962244389, -7.811115380875947 ], [ 109.74635839374406, -7.811122679421487 ], [ 109.746357774399485, -7.811126327875911 ], [ 109.746355277081079, -7.811140918193189 ], [ 109.746354647391172, -7.811144567054953 ], [ 109.746353378022548, -7.811151863068062 ], [ 109.746352737594236, -7.811155514458733 ], [ 109.746352090021219, -7.811159148170532 ], [ 109.746350783434877, -7.811166422329961 ], [ 109.746350125171205, -7.811170058537471 ], [ 109.746347470732246, -7.81118460810842 ], [ 109.746346802150413, -7.811188244604352 ], [ 109.746345455047731, -7.811195515775125 ], [ 109.746344776527053, -7.811199150447862 ], [ 109.746339307141398, -7.811228228328844 ], [ 109.746338618486561, -7.811231862200998 ], [ 109.74633723124532, -7.811239128052136 ], [ 109.746336532659029, -7.811242760030041 ], [ 109.746333718462552, -7.811257284096257 ], [ 109.746333009949467, -7.811260914156662 ], [ 109.746331582995083, -7.811268172367249 ], [ 109.746330864553954, -7.811271800515783 ], [ 109.746319289423241, -7.811329838834581 ], [ 109.74631782258291, -7.811337090233962 ], [ 109.746314849265843, -7.811351584946863 ], [ 109.746313342788596, -7.81135882826203 ], [ 109.746307237793474, -7.811387784456713 ], [ 109.746305691727457, -7.811395019456256 ], [ 109.746302560049457, -7.811409480939403 ], [ 109.746300974437247, -7.8114167074242 ], [ 109.746288132494271, -7.811474480102845 ], [ 109.74628650738515, -7.811481697847569 ], [ 109.746283217712119, -7.811496124411349 ], [ 109.746281553148322, -7.81150333322887 ], [ 109.746274816200071, -7.811532149712548 ], [ 109.746273112235087, -7.811539349370491 ], [ 109.746269664959925, -7.811553739290673 ], [ 109.746267921650599, -7.811560929550467 ], [ 109.746253819004266, -7.811618409102834 ], [ 109.746252036393969, -7.811625589783262 ], [ 109.74624843192646, -7.811639941348631 ], [ 109.746246610068965, -7.811647112234652 ], [ 109.746239244370486, -7.811675775302831 ], [ 109.746237383321215, -7.811682936174748 ], [ 109.746233622089562, -7.81169724768057 ], [ 109.746231721906781, -7.811704398315499 ], [ 109.746216365267287, -7.811761557383022 ], [ 109.746214426006588, -7.811768697570642 ], [ 109.746210508461559, -7.811782967300076 ], [ 109.746208530177171, -7.811790096842003 ], [ 109.746200539235929, -7.81181859284203 ], [ 109.746198521991289, -7.81182571150913 ], [ 109.746194448596157, -7.811839937776995 ], [ 109.746192392445494, -7.811847045377306 ], [ 109.746175789123583, -7.811903856746085 ], [ 109.74617369413221, -7.811910953053882 ], [ 109.746169465371395, -7.811925134164028 ], [ 109.746167331602123, -7.811932218967172 ], [ 109.746158719220944, -7.811960534336606 ], [ 109.746156546733346, -7.811967607436031 ], [ 109.746152163111844, -7.811981741698446 ], [ 109.746149951979419, -7.811988802856661 ], [ 109.746132109875305, -7.812045239490601 ], [ 109.746129860149722, -7.812052288540031 ], [ 109.746125322190551, -7.812066374266465 ], [ 109.746123033956962, -7.812073410942958 ], [ 109.746113804234369, -7.812101532205702 ], [ 109.746111477539614, -7.812108556364308 ], [ 109.746106785775112, -7.81212259190346 ], [ 109.746104420703944, -7.812129603288042 ], [ 109.746085348307304, -7.812185638328231 ], [ 109.746084151233788, -7.812189139656084 ], [ 109.746081747519952, -7.812196139029254 ], [ 109.746080540878381, -7.812199637077697 ], [ 109.746075695190257, -7.812213622674619 ], [ 109.746074478985861, -7.812217117429043 ], [ 109.746072037012482, -7.81222410365001 ], [ 109.74607081124509, -7.812227595110983 ], [ 109.746060967161327, -7.812255512749857 ], [ 109.746059731500679, -7.812259001843927 ], [ 109.746057250661522, -7.81226597659429 ], [ 109.746056005486537, -7.812269462240749 ], [ 109.746051005680613, -7.812283398147315 ], [ 109.746049750249142, -7.812286882398439 ], [ 109.746047229872545, -7.812293847416584 ], [ 109.746045963513041, -7.812297332060155 ], [ 109.746044692938312, -7.812300798762124 ], [ 109.746042139480778, -7.81230773645467 ], [ 109.746040858004676, -7.81231120359115 ], [ 109.746035710357773, -7.812325072713065 ], [ 109.746034418711474, -7.812328538233203 ], [ 109.746031825932334, -7.812335465799379 ], [ 109.746030524801938, -7.812338927838198 ], [ 109.746020075272156, -7.812366616978409 ], [ 109.74601876432331, -7.812370076413288 ], [ 109.746016132975399, -7.812376991695885 ], [ 109.746014812574685, -7.812380447547753 ], [ 109.746009512102091, -7.812394263701549 ], [ 109.746008182263438, -7.812397715934537 ], [ 109.746005513138812, -7.812404616805793 ], [ 109.746004173855965, -7.812408065435704 ], [ 109.745982668685713, -7.812463217479888 ], [ 109.745979961482362, -7.812470104695763 ], [ 109.745974509455266, -7.812483864283081 ], [ 109.745971764633509, -7.812490736650489 ], [ 109.745960710402869, -7.812518195693542 ], [ 109.745957928028531, -7.81252505304758 ], [ 109.745952325824703, -7.812538752503258 ], [ 109.745949505992712, -7.812545594610867 ], [ 109.745926799500523, -7.812600265669573 ], [ 109.745923942287959, -7.812607092341977 ], [ 109.74591819057116, -7.812620730040237 ], [ 109.745915296068574, -7.812627541062341 ], [ 109.745903643805207, -7.81265475308328 ], [ 109.745900712082971, -7.812661548288645 ], [ 109.745894811536459, -7.81267512260996 ], [ 109.745891842712126, -7.812681901726933 ], [ 109.745867945700809, -7.812736065788101 ], [ 109.745864939838953, -7.812742828669002 ], [ 109.74585889116878, -7.812756337989072 ], [ 109.745855848359383, -7.81276308443114 ], [ 109.745843603613707, -7.812790036466367 ], [ 109.745840523956133, -7.812796766249278 ], [ 109.745834327881198, -7.812810208963697 ], [ 109.745831211464008, -7.812816921894296 ], [ 109.74580613530793, -7.812870553174832 ], [ 109.745802982217867, -7.812877249065082 ], [ 109.745796639467756, -7.81289062358826 ], [ 109.74579344980657, -7.812897302223064 ], [ 109.745780618397589, -7.812923981463769 ], [ 109.745777392261971, -7.812930642640936 ], [ 109.74577090360259, -7.812943947359599 ], [ 109.745767641077748, -7.81295059090337 ], [ 109.745741397710617, -7.81300366387535 ], [ 109.745738098908305, -7.813010289556587 ], [ 109.745731465104257, -7.813023522901233 ], [ 109.745728130104396, -7.81303013056089 ], [ 109.745714718145393, -7.813056524294439 ], [ 109.745711347062979, -7.813063113703777 ], [ 109.745704568909446, -7.813076274090179 ], [ 109.745701161836962, -7.813082845069232 ], [ 109.745673763748528, -7.813135334474111 ], [ 109.745670320789884, -7.813141886821143 ], [ 109.745663399083696, -7.813154972699465 ], [ 109.745659920338767, -7.813161506225981 ], [ 109.745645934208255, -7.813187601898562 ], [ 109.745642419776857, -7.813194116415843 ], [ 109.745635355350998, -7.813207126212887 ], [ 109.745631805355004, -7.81321362149589 ], [ 109.745603265584805, -7.813265502348827 ], [ 109.745601477055629, -7.81326874312731 ], [ 109.745597891123737, -7.813275219838374 ], [ 109.7455960937192, -7.813278455773627 ], [ 109.745588886479936, -7.813291389595236 ], [ 109.745587080242672, -7.813294620610407 ], [ 109.745583458933538, -7.813301077724702 ], [ 109.745581643865592, -7.813304303816665 ], [ 109.74556708832398, -7.813330092280637 ], [ 109.745565263958611, -7.813333314270267 ], [ 109.745561606444994, -7.813339753230366 ], [ 109.745559773290381, -7.813342970212773 ], [ 109.745552423088895, -7.813355828135229 ], [ 109.745550580206213, -7.813359041742103 ], [ 109.745546885620797, -7.81336546398262 ], [ 109.745545032022108, -7.813368675890445 ], [ 109.745543176798208, -7.813371870431524 ], [ 109.745539453828201, -7.813378261006335 ], [ 109.745537587986689, -7.813381453750367 ], [ 109.745530103336591, -7.813394221133706 ], [ 109.745528227783041, -7.813397410484527 ], [ 109.745524468001236, -7.813403784013246 ], [ 109.745522583771049, -7.813406968194897 ], [ 109.74550747144383, -7.813432427339194 ], [ 109.745505578011375, -7.81343560723235 ], [ 109.745501782471308, -7.813441961836986 ], [ 109.745499880361194, -7.813445136552957 ], [ 109.745492254583155, -7.813457825033538 ], [ 109.745490343790379, -7.813460994580907 ], [ 109.745486513553658, -7.813467328454522 ], [ 109.745484594110735, -7.813470492779231 ], [ 109.745453812261644, -7.813521082753027 ], [ 109.745449946950373, -7.8135273965039 ], [ 109.74544218185406, -7.81354000288826 ], [ 109.745438282070268, -7.813546295520098 ], [ 109.745422614450206, -7.813571423066549 ], [ 109.745418680306159, -7.813577694397225 ], [ 109.745410777782013, -7.813590215559884 ], [ 109.745406809399753, -7.813596465395108 ], [ 109.745374928220485, -7.813646373655502 ], [ 109.745370925714269, -7.813652601814283 ], [ 109.745362886700718, -7.813665036265888 ], [ 109.745358850193725, -7.813671242558087 ], [ 109.745342636634746, -7.813696023271291 ], [ 109.745338566245209, -7.813702207514552 ], [ 109.745330391698474, -7.813714553778027 ], [ 109.745326287540536, -7.813720715799036 ], [ 109.745293322204645, -7.813769918590481 ], [ 109.745289184413252, -7.813776058185795 ], [ 109.745280875312972, -7.813788314779686 ], [ 109.745276704002947, -7.813794431779911 ], [ 109.745259952226263, -7.813818853857867 ], [ 109.745255747527949, -7.813824948071726 ], [ 109.745247304854558, -7.813837113551756 ], [ 109.745243066881585, -7.813843184814857 ], [ 109.745209033078766, -7.813891658719228 ], [ 109.745204761959997, -7.813897706844955 ], [ 109.745196186714963, -7.813909779765481 ], [ 109.745191882588131, -7.813915804560736 ], [ 109.745174600561484, -7.813939856387151 ], [ 109.745170263540956, -7.813945857691181 ], [ 109.745161556757239, -7.813957836599741 ], [ 109.745157186996494, -7.813963814200974 ], [ 109.745122100923595, -7.81401153614712 ], [ 109.745117698523586, -7.814017489906291 ], [ 109.745108861232495, -7.814029373382823 ], [ 109.745104426340731, -7.814035303101321 ], [ 109.745086622293627, -7.814058973222359 ], [ 109.745082155025614, -7.814064878745171 ], [ 109.7450731882696, -7.814076665389223 ], [ 109.745068688780293, -7.814082546512168 ], [ 109.74503256713524, -7.814129493787334 ], [ 109.74502803553986, -7.814135350358356 ], [ 109.745018940396221, -7.814147038751798 ], [ 109.745014376850406, -7.814152870571206 ], [ 109.744996059252799, -7.814176147725277 ], [ 109.74499146386529, -7.814181954653804 ], [ 109.744982241410639, -7.814193543414717 ], [ 109.74497761434111, -7.814199325250513 ], [ 109.744940474317389, -7.814245475507278 ], [ 109.744938148682422, -7.814248357285464 ], [ 109.744933489527796, -7.814254114520338 ], [ 109.744931156006487, -7.814256989978958 ], [ 109.74492180627982, -7.814268479012412 ], [ 109.744919464912016, -7.814271348102295 ], [ 109.744914774341396, -7.814277079899455 ], [ 109.744912425140399, -7.814279942604344 ], [ 109.744893600552814, -7.814302818274939 ], [ 109.744891242992253, -7.814305675230969 ], [ 109.74488652005698, -7.814311382727567 ], [ 109.744884154679028, -7.814314233272171 ], [ 109.744874677658061, -7.814325622475963 ], [ 109.744872303431919, -7.814328467840539 ], [ 109.744867547185891, -7.814334152115634 ], [ 109.744865163008058, -7.814336993590871 ], [ 109.744862779190782, -7.814339818945143 ], [ 109.74485799951583, -7.814345468296153 ], [ 109.744855605818884, -7.814348289725046 ], [ 109.744846011309164, -7.814359567488737 ], [ 109.744843608815813, -7.814362383683203 ], [ 109.744838796143256, -7.814368009526049 ], [ 109.744836385967176, -7.814370819170279 ], [ 109.744817069828798, -7.814393274773181 ], [ 109.744814651416846, -7.814396078506661 ], [ 109.744809806959381, -7.814401679359264 ], [ 109.744807380909492, -7.814404476483901 ], [ 109.744797661441567, -7.814415651754928 ], [ 109.744795227747261, -7.81441844227777 ], [ 109.744790352735777, -7.814424016697217 ], [ 109.744787911419621, -7.814426800592514 ], [ 109.744748788142545, -7.814471291307825 ], [ 109.744743882164869, -7.814476839753695 ], [ 109.744734039922662, -7.81448790989441 ], [ 109.744729103655288, -7.814493431592552 ], [ 109.744709298679311, -7.814515464135866 ], [ 109.744704332303002, -7.814520958883122 ], [ 109.744694369570709, -7.814531921284924 ], [ 109.744689373218364, -7.814537388935264 ], [ 109.744649286013157, -7.814581017914293 ], [ 109.744644259829101, -7.814586458308838 ], [ 109.744634177765533, -7.814597311695081 ], [ 109.744629121882042, -7.814602724691042 ], [ 109.744608839650823, -7.814624321127553 ], [ 109.744603754262016, -7.81462970651711 ], [ 109.744593554096298, -7.814640449565729 ], [ 109.744588439323536, -7.814645807220927 ], [ 109.7445474072656, -7.814688553701842 ], [ 109.744542263258268, -7.814693883464543 ], [ 109.744531946173652, -7.814704514928167 ], [ 109.744526773099039, -7.814709816626248 ], [ 109.744506023269309, -7.814730966673096 ], [ 109.744500821267593, -7.814736240162574 ], [ 109.744490388520148, -7.814746758748129 ], [ 109.74448515777118, -7.814752003847332 ], [ 109.744443200387082, -7.814793847486101 ], [ 109.744437941020635, -7.814799064063891 ], [ 109.744427393829255, -7.814809468541057 ], [ 109.744422106006823, -7.814814656438102 ], [ 109.744400898453762, -7.814835350028773 ], [ 109.744395582333937, -7.814840509088697 ], [ 109.744384921971232, -7.814850798203338 ], [ 109.744379577726022, -7.814855928260158 ], [ 109.744336714993267, -7.814896849133163 ], [ 109.744331342766714, -7.814901950047442 ], [ 109.744320570492221, -7.814912122582484 ], [ 109.744315170443826, -7.814917194203929 ], [ 109.744293515264303, -7.814937421486093 ], [ 109.744288087562495, -7.814942463655996 ], [ 109.744277204656896, -7.814952518403572 ], [ 109.744271749452935, -7.814957530981587 ], [ 109.744228001771887, -7.814997509612567 ], [ 109.744222519236416, -7.81500249244101 ], [ 109.744211526998356, -7.815012428199566 ], [ 109.744206017299916, -7.815017381126268 ], [ 109.744183924798563, -7.815037132475084 ], [ 109.744178388088244, -7.815042055363904 ], [ 109.744167287825178, -7.81505187095371 ], [ 109.744161724269304, -7.815056763657196 ], [ 109.744117112454433, -7.815095781024468 ], [ 109.744114320396818, -7.815098216240415 ], [ 109.744108729631307, -7.815103079069729 ], [ 109.74410593091892, -7.815105506686962 ], [ 109.744094722877321, -7.81511520185677 ], [ 109.74409191753881, -7.815117621850334 ], [ 109.744086300261642, -7.81512245419168 ], [ 109.744083488330148, -7.815124866533324 ], [ 109.744060966856409, -7.81514413435832 ], [ 109.744058147804196, -7.815146539496538 ], [ 109.744052503109401, -7.815151342114348 ], [ 109.744049677462442, -7.815153739597008 ], [ 109.744038361869741, -7.815163314060158 ], [ 109.744035528619463, -7.815165704735364 ], [ 109.744029855561166, -7.815170478388666 ], [ 109.744027013594007, -7.815172863173473 ], [ 109.744024173233356, -7.815175233446439 ], [ 109.744018481732553, -7.815179969862754 ], [ 109.744015632752678, -7.815182334198369 ], [ 109.744004219615931, -7.815191779609279 ], [ 109.744001363102825, -7.815194137083949 ], [ 109.743995643629603, -7.815198844268878 ], [ 109.743992780667611, -7.815201193980499 ], [ 109.743969847429014, -7.815219963685138 ], [ 109.743966977517061, -7.81522230604071 ], [ 109.743961231285653, -7.815226982949696 ], [ 109.743958354972449, -7.815229317497995 ], [ 109.743946837030819, -7.815238639984045 ], [ 109.743943954345639, -7.815240966701197 ], [ 109.743938182632917, -7.815245612280421 ], [ 109.743935293601169, -7.815247931145962 ], [ 109.743889017625747, -7.815284970733103 ], [ 109.743883220043756, -7.815289585286621 ], [ 109.743871599714907, -7.815298782801278 ], [ 109.743865776964071, -7.815303365765317 ], [ 109.74384243639031, -7.815321633838948 ], [ 109.743836588680665, -7.815326185047866 ], [ 109.74382486843524, -7.815335255607636 ], [ 109.743818995904007, -7.815339774954964 ], [ 109.743771920689142, -7.815375798971331 ], [ 109.743766023535272, -7.815380286302741 ], [ 109.743754204777019, -7.815389228819868 ], [ 109.743748283176387, -7.815393684002743 ], [ 109.743724548534601, -7.815411439946217 ], [ 109.743718602641025, -7.815415862864597 ], [ 109.743706686757662, -7.815424676290434 ], [ 109.743700716764067, -7.815429066800675 ], [ 109.743652864718001, -7.8154640580982 ], [ 109.743646870807936, -7.815468416064618 ], [ 109.743634859240217, -7.815477099332043 ], [ 109.743628841579493, -7.815481424635095 ], [ 109.743604724171917, -7.815498659991988 ], [ 109.743598682957099, -7.815502952490078 ], [ 109.743586577117014, -7.815511504579945 ], [ 109.743580512494248, -7.815515764169618 ], [ 109.743531906389876, -7.815549706095339 ], [ 109.743525818570902, -7.815553932626813 ], [ 109.743513619909436, -7.815562352512131 ], [ 109.743507509070525, -7.815566545863931 ], [ 109.743483020375493, -7.815583252431736 ], [ 109.743476886673989, -7.815587412495461 ], [ 109.743464596644003, -7.815595699175162 ], [ 109.743458440315067, -7.815599825791708 ], [ 109.743409103289196, -7.815632702189589 ], [ 109.743402924453278, -7.815636795277612 ], [ 109.743390544505701, -7.815644947772284 ], [ 109.74338434339478, -7.815649007178592 ], [ 109.743359495065363, -7.815665177007475 ], [ 109.743353271829733, -7.815669202633671 ], [ 109.743340803444823, -7.81567721996953 ], [ 109.74333455829327, -7.815681211680783 ], [ 109.743284513828485, -7.815713006901888 ], [ 109.743278246935347, -7.815716964585761 ], [ 109.743265691595298, -7.815724845808575 ], [ 109.743259403145203, -7.815728769349334 ], [ 109.743234207008811, -7.815744394742126 ], [ 109.743227897208499, -7.815748284010681 ], [ 109.743215256414089, -7.815756028179749 ], [ 109.743208925422891, -7.815759883078158 ], [ 109.743158197335219, -7.81579058199128 ], [ 109.743155023719737, -7.815792496654808 ], [ 109.743148671271229, -7.815796317339107 ], [ 109.743145492431097, -7.815798223363856 ], [ 109.743132766732742, -7.815805830119018 ], [ 109.743129582713266, -7.815807727478102 ], [ 109.743123209461316, -7.815811513550443 ], [ 109.7431200202318, -7.815813402261824 ], [ 109.743094486379789, -7.815828476874856 ], [ 109.743091291564326, -7.815830357158632 ], [ 109.743084896755931, -7.815834109055913 ], [ 109.743081696760441, -7.815835980670556 ], [ 109.743068886706851, -7.815843449622264 ], [ 109.743065680682776, -7.815845313058958 ], [ 109.743059263538953, -7.815849031206881 ], [ 109.743056050524217, -7.815850887009219 ], [ 109.743052839580912, -7.815852729971709 ], [ 109.743046408858106, -7.815856409349067 ], [ 109.743043190981098, -7.815858244668618 ], [ 109.743030305710136, -7.815865570573294 ], [ 109.743027081873095, -7.815867397678971 ], [ 109.743020629222428, -7.815871043113759 ], [ 109.743017400406643, -7.815872861444234 ], [ 109.742991546693304, -7.815887374823603 ], [ 109.742988312450393, -7.815889184628872 ], [ 109.742981839008337, -7.815892795448178 ], [ 109.742978599806918, -7.815894596463409 ], [ 109.742965633262997, -7.815901782845117 ], [ 109.742962389156844, -7.815903575040409 ], [ 109.742955896059073, -7.815907150600594 ], [ 109.742952647070979, -7.815908933963499 ], [ 109.742900624487731, -7.815937396952336 ], [ 109.74289411144872, -7.815940937404548 ], [ 109.742881066108794, -7.815947982827993 ], [ 109.742874533806855, -7.815951487799794 ], [ 109.742848366840292, -7.815965436314457 ], [ 109.742841815461816, -7.81596890570529 ], [ 109.742828693834497, -7.815975808796793 ], [ 109.742822123586109, -7.815979242497519 ], [ 109.742769490746184, -7.816006566934789 ], [ 109.742762901818367, -7.816009964845193 ], [ 109.742749705458436, -7.816016724785925 ], [ 109.742743098023482, -7.816020086817616 ], [ 109.742716632152053, -7.816033462738972 ], [ 109.742710006446714, -7.816036788771385 ], [ 109.742696736933794, -7.816043404753032 ], [ 109.742690093129511, -7.81604669470056 ], [ 109.742636875081587, -7.816072867582079 ], [ 109.742630213379812, -7.81607612134377 ], [ 109.742616872287158, -7.816082592580756 ], [ 109.742610192897473, -7.816085810055483 ], [ 109.742583440719955, -7.816098607016045 ], [ 109.742576743829261, -7.816101788113372 ], [ 109.742563332746556, -7.81610811383581 ], [ 109.742556618552726, -7.816111258462001 ], [ 109.742502840624809, -7.81613626733116 ], [ 109.742496109338333, -7.816139375386513 ], [ 109.742482629859296, -7.816145554841682 ], [ 109.742475881666223, -7.8161486262415 ], [ 109.742448855914972, -7.816160838150495 ], [ 109.742442091028522, -7.816163872797347 ], [ 109.742428544755285, -7.816169905251627 ], [ 109.74242176336719, -7.816172903059567 ], [ 109.742367451161442, -7.816196736009942 ], [ 109.742360653490209, -7.816199696881768 ], [ 109.742347042040137, -7.816205581613872 ], [ 109.742340228262833, -7.816208505473298 ], [ 109.742312941806915, -7.816220126515589 ], [ 109.742306112151141, -7.816223013264562 ], [ 109.742292437146205, -7.816228749574464 ], [ 109.742285591797383, -7.816231599135051 ], [ 109.742230771163293, -7.816254244824052 ], [ 109.742223910339362, -7.816257057104565 ], [ 109.742210173401588, -7.816262644310825 ], [ 109.74220329728729, -7.816265419236515 ], [ 109.742175763107923, -7.81627644388368 ], [ 109.742168871912952, -7.816279181369396 ], [ 109.742155074669427, -7.816284618810982 ], [ 109.742148168622464, -7.816287318766285 ], [ 109.742092865649056, -7.816308766416341 ], [ 109.742089406942, -7.816310102363161 ], [ 109.742082485883941, -7.816312764846259 ], [ 109.74207902352623, -7.816314091384982 ], [ 109.742065166936754, -7.816319378669448 ], [ 109.742061700964712, -7.816320695786203 ], [ 109.742054765435796, -7.816323320586548 ], [ 109.742051295885801, -7.816324628267637 ], [ 109.74202352568102, -7.816335051781778 ], [ 109.742020052192629, -7.816336350161066 ], [ 109.742013101704288, -7.816338937456578 ], [ 109.742009624705531, -7.816340226372745 ], [ 109.741995709682044, -7.816345363113385 ], [ 109.741992228430718, -7.816346642838084 ], [ 109.741985262483752, -7.816349192795371 ], [ 109.741981776374075, -7.816350463541539 ], [ 109.741978292091858, -7.816351722890431 ], [ 109.7419713172402, -7.8163542331435 ], [ 109.741967828082807, -7.816355483535233 ], [ 109.741953861946115, -7.816360467082916 ], [ 109.741950368693836, -7.816361708228044 ], [ 109.741943378821361, -7.816364181010158 ], [ 109.74193988220236, -7.81636541264686 ], [ 109.741911893421445, -7.816375228534184 ], [ 109.741908393061635, -7.816376450792404 ], [ 109.741901389042596, -7.816378885774384 ], [ 109.741897885381945, -7.816380098498882 ], [ 109.741883864147098, -7.816384930326706 ], [ 109.741880357167872, -7.816386133523793 ], [ 109.741873339949962, -7.816388530370091 ], [ 109.741869829711618, -7.816389724019359 ], [ 109.741813641247063, -7.816408745540798 ], [ 109.741806610669357, -7.816411104302574 ], [ 109.741792536704054, -7.816415783554703 ], [ 109.741785493312079, -7.816418104046477 ], [ 109.741757295039349, -7.816427309169171 ], [ 109.741750239083558, -7.816429591308008 ], [ 109.741736114775051, -7.816434117179256 ], [ 109.741729046429327, -7.816436360909336 ], [ 109.741672455227217, -7.816454155497468 ], [ 109.741665374711999, -7.81645636074785 ], [ 109.741651201737966, -7.816460732699454 ], [ 109.741644109275853, -7.816462899401643 ], [ 109.741615716347155, -7.816471488866625 ], [ 109.741608612133746, -7.81647361696065 ], [ 109.741594392176466, -7.816477834474711 ], [ 109.741587276435553, -7.816479923893837 ], [ 109.741530309441771, -7.816496483075696 ], [ 109.741523182376795, -7.816498533759443 ], [ 109.741508917149588, -7.816502596326927 ], [ 109.741501778985366, -7.816504608211403 ], [ 109.741473204921363, -7.816512577928449 ], [ 109.741466055849457, -7.816514550959255 ], [ 109.741451747015162, -7.816518458107907 ], [ 109.741444587251692, -7.816520392225812 ], [ 109.741387271580038, -7.816535708120625 ], [ 109.741380101356697, -7.816537603262077 ], [ 109.741365750641762, -7.816541354518904 ], [ 109.741358570152499, -7.816543210633597 ], [ 109.741329828543769, -7.816550556811876 ], [ 109.741322638006693, -7.816552373843024 ], [ 109.741308247113579, -7.816555968764192 ], [ 109.741301046757542, -7.816557746654269 ], [ 109.741243409679498, -7.816571811974484 ], [ 109.741236199688672, -7.816573550677163 ], [ 109.741221770327172, -7.81657698883447 ], [ 109.741214550955931, -7.816578688289383 ], [ 109.741185655489119, -7.816585407430694 ], [ 109.741178426929309, -7.816587067592309 ], [ 109.741163960825588, -7.816590348575971 ], [ 109.741156723281733, -7.816591969397848 ], [ 109.741098792233686, -7.816604777447935 ], [ 109.741091545936058, -7.816606358877323 ], [ 109.741077044793713, -7.816609482299441 ], [ 109.741069789946891, -7.81661102429257 ], [ 109.741040754368157, -7.816617113200437 ], [ 109.741033491204007, -7.816618615707796 ], [ 109.741018956766538, -7.816621581193886 ], [ 109.741011685496403, -7.816623044172047 ], [ 109.740953488053947, -7.816634588855038 ], [ 109.740949849345441, -7.816635305526461 ], [ 109.740942569984327, -7.816636728969968 ], [ 109.740938929324102, -7.81663743574353 ], [ 109.740924362934209, -7.816640243011932 ], [ 109.7409207203699, -7.816640939878312 ], [ 109.740913433342939, -7.816642323703093 ], [ 109.740909788889326, -7.816643010659732 ], [ 109.740880626273508, -7.816648466565937 ], [ 109.740876979737322, -7.816649143648135 ], [ 109.740869684866652, -7.816650487884601 ], [ 109.740866036534669, -7.816651155038414 ], [ 109.740851439557218, -7.816653803808151 ], [ 109.740847789019199, -7.816654461107362 ], [ 109.740840486159527, -7.816655765772964 ], [ 109.740836833081687, -7.81665641327271 ], [ 109.740833181063806, -7.816657050343451 ], [ 109.740825873800418, -7.816658314814049 ], [ 109.740822219306779, -7.816658942081403 ], [ 109.740807596477623, -7.816661431519435 ], [ 109.740803939893283, -7.816662048912576 ], [ 109.740796625073244, -7.816663273748873 ], [ 109.740792966835784, -7.816663881192312 ], [ 109.740763693314193, -7.816668701107176 ], [ 109.740760033257402, -7.816669298627801 ], [ 109.740752711488255, -7.816670483718667 ], [ 109.740749049771637, -7.816671071289704 ], [ 109.740734399830103, -7.816673401634773 ], [ 109.74073073652454, -7.816673979244399 ], [ 109.740723408355393, -7.816675124497976 ], [ 109.740719743499596, -7.816675692140564 ], [ 109.740661096480267, -7.8166846942093 ], [ 109.740653761974102, -7.816685799613197 ], [ 109.740639087034936, -7.816687970509008 ], [ 109.74063174660057, -7.816689036001037 ], [ 109.740602373851175, -7.816693218024056 ], [ 109.740595027686084, -7.816694243575341 ], [ 109.740580329876195, -7.816696254702322 ], [ 109.740572978231171, -7.816697240278131 ], [ 109.740514148242823, -7.816704964309508 ], [ 109.740506791304881, -7.816705909884035 ], [ 109.740492072370159, -7.816707761002419 ], [ 109.740484710371163, -7.816708666546504 ], [ 109.740455253133234, -7.816712208554861 ], [ 109.740447886295783, -7.816713074041047 ], [ 109.740433147992405, -7.816714764931078 ], [ 109.740425776527729, -7.816715590334695 ], [ 109.740366791574672, -7.816722032652251 ], [ 109.740359415715091, -7.816722817946527 ], [ 109.740344659794857, -7.816724348406296 ], [ 109.740337279730113, -7.816725093571904 ], [ 109.740307752018111, -7.816727993880704 ], [ 109.740300368006842, -7.816728698891154 ], [ 109.740285596215585, -7.816730068740299 ], [ 109.740278208439861, -7.816730733578595 ], [ 109.740219096596604, -7.816735891116025 ], [ 109.740211705301249, -7.816736515759032 ], [ 109.740196919406912, -7.816737724832592 ], [ 109.740189524809978, -7.81673830926286 ], [ 109.740159940677188, -7.81674056649166 ], [ 109.7401525429853, -7.816741110692703 ], [ 109.740137744745482, -7.816742158847944 ], [ 109.74013034419437, -7.816742662802426 ], [ 109.740071062837501, -7.816745567448947 ], [ 109.740063688771158, -7.81674637287307 ], [ 109.740048884426017, -7.816747327075234 ], [ 109.740041481925743, -7.816747797458788 ], [ 109.740011858788705, -7.816749518147333 ], [ 109.740004457865098, -7.816749991787503 ], [ 109.739989655565296, -7.816750918877176 ], [ 109.739982252215725, -7.816751291661831 ], [ 109.739922951406641, -7.816753308410057 ], [ 109.739887170430052, -7.816754732639595 ], [ 109.739872049391067, -7.816755319619574 ], [ 109.739862731471817, -7.816755649432594 ], [ 109.739835863209578, -7.816756508497065 ], [ 109.739823297131409, -7.816756852307321 ], [ 109.739812922624651, -7.816757088310169 ], [ 109.739803605303507, -7.816757268415074 ], [ 109.739784157312044, -7.816757577277087 ], [ 109.739776016493693, -7.816757696608647 ], [ 109.739773214133606, -7.816757720482599 ], [ 109.73975104340235, -7.816758519226426 ], [ 109.739737137524514, -7.816758741428771 ], [ 109.739730184297514, -7.816758834803238 ] ] ] } },
{ "type": "Feature", "properties": { "NAMOBJ": "Garis Pantai", "FCODE": "DB02070140", "REMARK": null, "METADATA": null, "SRS_ID": "4326", "DTMVER": 23, "ELEVAS": 0.0, "KARGPN": 5, "TIPGPN": 2, "KODGPN": null, "THNSBDATA": "2017", "SBDATA": 1, "SKL": 3, "THNPBL": "2022", "KET": null, "Shape_Leng": 0.22043220337, "BUFF_DIST": "1000", "ORIG_FID": 0 }, "geometry": { "type": "Polygon", "coordinates": [ [ [ 109.739913101903028, -7.819015425279588 ], [ 109.739872427613307, -7.819016392729793 ], [ 109.739868390845231, -7.819016388416742 ], [ 109.739843974361861, -7.819017203195983 ], [ 109.739831925309034, -7.819017565293905 ], [ 109.739822038942862, -7.819017829601933 ], [ 109.739804658651337, -7.819018211124501 ], [ 109.739784883522248, -7.819018550649332 ], [ 109.739780247927058, -7.819018624327896 ], [ 109.739761705020612, -7.819018895405634 ], [ 109.739735125408004, -7.819019089677909 ], [ 109.739725253064876, -7.819019062877885 ], [ 109.7397048118915, -7.81901895118682 ], [ 109.739690632640645, -7.81901926330147 ], [ 109.739661019090647, -7.819019667056125 ], [ 109.739636229728092, -7.819019836038365 ], [ 109.739626339280846, -7.819019809140002 ], [ 109.739606558690014, -7.81901970154712 ], [ 109.73959666854563, -7.819019620852544 ], [ 109.739557109894349, -7.819019190494146 ], [ 109.739552165046803, -7.819019129974038 ], [ 109.739542275535371, -7.819018995485862 ], [ 109.73953733087734, -7.819018921517909 ], [ 109.739517552732366, -7.819018598751995 ], [ 109.73951260827755, -7.819018511336253 ], [ 109.739502719643497, -7.819018323058401 ], [ 109.739497775459199, -7.819018222196235 ], [ 109.739418676991363, -7.819016500960288 ], [ 109.739408789538913, -7.819016258897307 ], [ 109.739389016098414, -7.819015720994628 ], [ 109.739379130112695, -7.819015425154987 ], [ 109.739339590295401, -7.819014134279314 ], [ 109.739329706075239, -7.819013784671483 ], [ 109.739309939697876, -7.819013031698603 ], [ 109.739300057538969, -7.819012628333439 ], [ 109.739221015553937, -7.819009186681342 ], [ 109.739211135740845, -7.819008729569134 ], [ 109.739191378778571, -7.819007761613705 ], [ 109.739181501630412, -7.819007250770596 ], [ 109.739141999462674, -7.819005099994172 ], [ 109.739132125242463, -7.819004535433407 ], [ 109.739112380040012, -7.819003352612356 ], [ 109.739102509055954, -7.819002734352068 ], [ 109.739023561166334, -7.818997573921422 ], [ 109.739013693705886, -7.818996901978039 ], [ 109.738993962613392, -7.818995504430006 ], [ 109.738984098983281, -7.818994778825811 ], [ 109.738944653264241, -7.818991769171873 ], [ 109.738934793743908, -7.818990989926931 ], [ 109.738915079116509, -7.818989377820742 ], [ 109.738905224007965, -7.818988544959495 ], [ 109.738826407795557, -7.818981668206789 ], [ 109.738816557387565, -7.818980781752259 ], [ 109.738796861566243, -7.818978955277544 ], [ 109.738787016151832, -7.818978015257414 ], [ 109.738747645658634, -7.818974148158588 ], [ 109.738737805533674, -7.818973154600542 ], [ 109.738718130858274, -7.818971113976147 ], [ 109.738708296309994, -7.818970066909799 ], [ 109.738629649289862, -7.818961477107962 ], [ 109.738619820615099, -7.818960376563496 ], [ 109.738600169445704, -7.818958122032029 ], [ 109.73859034695073, -7.818956968045256 ], [ 109.738551070422716, -7.818952245342416 ], [ 109.738541254367931, -7.81895103794335 ], [ 109.738521629011302, -7.818948569771692 ], [ 109.738511819708208, -7.818947308999043 ], [ 109.738433379313619, -7.818937010236709 ], [ 109.738423577058597, -7.818935696127141 ], [ 109.738403979880673, -7.81893301461082 ], [ 109.738394184961123, -7.818931647204522 ], [ 109.738355021092559, -7.818926071145086 ], [ 109.73834523377991, -7.818924650479289 ], [ 109.738325667090123, -7.818921755936117 ], [ 109.738315887710826, -7.818920282058571 ], [ 109.738237691278925, -7.81890827923786 ], [ 109.738232804814913, -7.818907522382574 ], [ 109.738223033983104, -7.818905995387354 ], [ 109.738218149619456, -7.818905225247988 ], [ 109.738198616434602, -7.818902118133337 ], [ 109.738193734177514, -7.818901334710858 ], [ 109.738183971824071, -7.8188997545912 ], [ 109.738179091718507, -7.818898957892657 ], [ 109.738140060487865, -7.818892531363815 ], [ 109.738135182932581, -7.818891721455429 ], [ 109.73812543003595, -7.818890088374644 ], [ 109.738120554697787, -7.818889265202813 ], [ 109.73810105798708, -7.81888594602367 ], [ 109.738096185601876, -7.818885109715382 ], [ 109.738086443125042, -7.818883423852185 ], [ 109.738081574368437, -7.818882574531926 ], [ 109.738076702957756, -7.818881711088522 ], [ 109.738066965168002, -7.8188799714232 ], [ 109.738062097453792, -7.818879094966576 ], [ 109.738042634211752, -7.818875563168262 ], [ 109.738037769592609, -7.81887467359843 ], [ 109.738028042812857, -7.81887288123221 ], [ 109.738023180651169, -7.818871978435482 ], [ 109.737984296631112, -7.818864703798056 ], [ 109.737979437281183, -7.818863787841508 ], [ 109.737969721092782, -7.818861942713568 ], [ 109.737964864248283, -7.818861013540811 ], [ 109.737945442137402, -7.818857270467049 ], [ 109.737940587882804, -7.818856328094569 ], [ 109.737930881955378, -7.818854430148065 ], [ 109.737926030289145, -7.818853474575462 ], [ 109.737848433306056, -7.818838081585454 ], [ 109.737838738225037, -7.818836130936745 ], [ 109.737819358873764, -7.818832176933938 ], [ 109.737809674602261, -7.818830173579727 ], [ 109.737770960303806, -7.8188220549942 ], [ 109.737761287135754, -7.818819998994854 ], [ 109.737741952187207, -7.818815834411737 ], [ 109.737732290408076, -7.81881372582842 ], [ 109.737655048628028, -7.818796648341333 ], [ 109.737645398525046, -7.818794487235266 ], [ 109.737626110286499, -7.818790112566944 ], [ 109.737616472147863, -7.818787899004064 ], [ 109.737577944665134, -7.818778940102391 ], [ 109.737568318775402, -7.818776674147557 ], [ 109.737549079530709, -7.818772089914034 ], [ 109.737539466179157, -7.818769771636028 ], [ 109.737462616364098, -7.818751017779789 ], [ 109.737453015839492, -7.818748647246707 ], [ 109.737433827890641, -7.81874385399442 ], [ 109.737424240462701, -7.818741431274248 ], [ 109.737385918130769, -7.818731636319797 ], [ 109.73737634410827, -7.818729161490126 ], [ 109.737357209727463, -7.818724159788644 ], [ 109.737347649370861, -7.818721632917345 ], [ 109.737277250180568, -7.818702820839235 ], [ 109.737268658542916, -7.818701240619816 ], [ 109.737263905315956, -7.818700359845764 ], [ 109.737245043700909, -7.818696838837127 ], [ 109.737240329434258, -7.818695952358837 ], [ 109.73723090329247, -7.81869416697208 ], [ 109.737226191410002, -7.818693268062248 ], [ 109.737188506600603, -7.818686027193962 ], [ 109.737183797118576, -7.81868511585543 ], [ 109.737174380576334, -7.818683280754442 ], [ 109.737169116009795, -7.81868224681665 ], [ 109.737162999083068, -7.818681115994082 ], [ 109.737156197558022, -7.818679853927449 ], [ 109.737142599459219, -7.818677303939239 ], [ 109.737135802854539, -7.818676016012148 ], [ 109.737081846108936, -7.818665685050973 ], [ 109.737075103729865, -7.818664380896962 ], [ 109.737061623971726, -7.8186617471315 ], [ 109.737054886590442, -7.818660417519538 ], [ 109.737027947448155, -7.818655048232529 ], [ 109.737021215174025, -7.818653693184103 ], [ 109.737007755790728, -7.818650957662726 ], [ 109.737001028680993, -7.818649577189547 ], [ 109.736987629411203, -7.818646801132275 ], [ 109.736983482406913, -7.818645936916141 ], [ 109.736975190425198, -7.818644198822199 ], [ 109.736971045451412, -7.818643324945128 ], [ 109.736954469711691, -7.818639810134471 ], [ 109.736950326798649, -7.818638926602716 ], [ 109.736942043040813, -7.818637149886172 ], [ 109.736937902191016, -7.818636256700302 ], [ 109.73690478435401, -7.818629072748649 ], [ 109.736900645630897, -7.818628169922135 ], [ 109.736892370294925, -7.818626354624882 ], [ 109.736888233687239, -7.818625442155508 ], [ 109.73687169159632, -7.818621773015991 ], [ 109.736867557149253, -7.818620850913533 ], [ 109.736859290396978, -7.818618997071724 ], [ 109.736855158090748, -7.818618065331975 ], [ 109.736789062861874, -7.818603081421259 ], [ 109.736784932766, -7.81860214005917 ], [ 109.736776674791599, -7.818600247714926 ], [ 109.7367725469108, -7.818599296732145 ], [ 109.736756039933482, -7.818595473586868 ], [ 109.736751914306751, -7.818594512992547 ], [ 109.736743665308779, -7.81859258219265 ], [ 109.736739541940494, -7.818591611987756 ], [ 109.736706564529641, -7.818583812024428 ], [ 109.736702443415709, -7.818582832207767 ], [ 109.736694203536899, -7.818580862985186 ], [ 109.736690084774807, -7.818579873580177 ], [ 109.736673614345364, -7.818575896762923 ], [ 109.736669497898959, -7.818574897760868 ], [ 109.736661267348723, -7.818572890166251 ], [ 109.736657153222779, -7.818571881568232 ], [ 109.73664967307775, -7.818570038530936 ], [ 109.736646842018615, -7.818569338574889 ], [ 109.736641180987306, -7.818567934111115 ], [ 109.736638351034685, -7.818567229608163 ], [ 109.736627033530056, -7.818564402525681 ], [ 109.736624204717714, -7.81856369348418 ], [ 109.736618548236891, -7.818562270863538 ], [ 109.736615720566192, -7.818561557283886 ], [ 109.736593104034569, -7.818555830560513 ], [ 109.73659027751404, -7.818555112444699 ], [ 109.736584625671696, -7.818553671689131 ], [ 109.736581800363524, -7.818552949053014 ], [ 109.736570501332324, -7.818550049411442 ], [ 109.736567677123332, -7.818549322226204 ], [ 109.736562029938568, -7.818547863340939 ], [ 109.73655920695353, -7.818547131638582 ], [ 109.736514049642039, -7.8185353884341 ], [ 109.736511227805977, -7.818534652194955 ], [ 109.736505585355019, -7.818533175198922 ], [ 109.736502764727902, -7.818532434438964 ], [ 109.736491484641135, -7.818529462358072 ], [ 109.736488665244167, -7.818528717082813 ], [ 109.736483027609268, -7.818527221998352 ], [ 109.736480209380773, -7.818526472191536 ], [ 109.736457668616708, -7.818520455714349 ], [ 109.736454851624387, -7.818519701393939 ], [ 109.736449218817427, -7.818518188223777 ], [ 109.736446402999263, -7.81851742937323 ], [ 109.736435142321568, -7.818514384976481 ], [ 109.736432327788066, -7.818513621625414 ], [ 109.736426699931997, -7.818512090402976 ], [ 109.736423886616024, -7.818511322533482 ], [ 109.736415364930281, -7.818508988543783 ], [ 109.73640885288512, -7.818507196848145 ], [ 109.736398003271688, -7.818504197269647 ], [ 109.736391495739724, -7.818502389459695 ], [ 109.736371979961746, -7.818496941871388 ], [ 109.736365476943888, -7.818495117947066 ], [ 109.736354642393735, -7.81849206465904 ], [ 109.736348143951602, -7.818490224637799 ], [ 109.736311332982609, -7.818479752404812 ], [ 109.73630483915133, -7.818477896296201 ], [ 109.736294019944808, -7.818474789377319 ], [ 109.736287530718585, -7.818472917180259 ], [ 109.736268070173764, -7.818467276521005 ], [ 109.736261585605519, -7.818465388250274 ], [ 109.736250781961871, -7.818462227763177 ], [ 109.736244302182683, -7.818460323457145 ], [ 109.736234655160786, -7.818457475237494 ], [ 109.736227659972201, -7.818455399859261 ], [ 109.736216006064524, -7.818451925323302 ], [ 109.736209016531461, -7.818449831248984 ], [ 109.736188056402511, -7.81844352097761 ], [ 109.736181072481713, -7.818441408194019 ], [ 109.73616943737585, -7.818437871322601 ], [ 109.736162459192144, -7.818435739867482 ], [ 109.736146521689648, -7.818430849346669 ], [ 109.73614245971504, -7.818430030894717 ], [ 109.736138702604137, -7.818429269746503 ], [ 109.736131190010383, -7.818427739531444 ], [ 109.736127434520256, -7.818426970463065 ], [ 109.736112415917717, -7.818423878372926 ], [ 109.736108662113679, -7.818423101397912 ], [ 109.736101156097277, -7.81842153952158 ], [ 109.736097403883434, -7.818420754619922 ], [ 109.736089138719592, -7.818419016584301 ], [ 109.73608598923289, -7.818418351383571 ], [ 109.736079691443933, -7.818417015405942 ], [ 109.736076543155377, -7.818416344632112 ], [ 109.736063952347706, -7.818413650379455 ], [ 109.736060805238253, -7.81841297402832 ], [ 109.736054512216867, -7.818411615752609 ], [ 109.736051366301012, -7.818410933827124 ], [ 109.736026204177733, -7.818405456219352 ], [ 109.736023059512434, -7.818404768731966 ], [ 109.73601677137799, -7.818403388183469 ], [ 109.736013627892703, -7.818402695118664 ], [ 109.736001056581586, -7.818399911764516 ], [ 109.735997914430868, -7.818399213156681 ], [ 109.735991631255274, -7.818397810351485 ], [ 109.735988490249611, -7.818397106158272 ], [ 109.735938246497483, -7.818385795095423 ], [ 109.735935106806323, -7.818385085354521 ], [ 109.735928828666545, -7.818383660309223 ], [ 109.735925690225201, -7.818382945006363 ], [ 109.735913139043987, -7.818380072690275 ], [ 109.735910001867239, -7.81837935182881 ], [ 109.735903728827338, -7.818377904558304 ], [ 109.735900592956966, -7.818377178147728 ], [ 109.73587551135796, -7.818371344699017 ], [ 109.735872376778786, -7.818370612735805 ], [ 109.735866108935625, -7.81836914326243 ], [ 109.735862975663508, -7.818368405750334 ], [ 109.73585044524873, -7.818365444618394 ], [ 109.735847313317038, -7.818364701565372 ], [ 109.735841050732631, -7.818363209903737 ], [ 109.735837920077643, -7.818362461294555 ], [ 109.735829696915914, -7.818360487254097 ], [ 109.735827098081529, -7.818359861360022 ], [ 109.735821901261829, -7.818358605732215 ], [ 109.735819303288622, -7.81835797600138 ], [ 109.735808913364679, -7.818355449463979 ], [ 109.735806316313926, -7.81835481591105 ], [ 109.735801123225656, -7.818353545005266 ], [ 109.735798527195584, -7.8183529076544 ], [ 109.735777762470377, -7.818347793516466 ], [ 109.735775167330985, -7.818347152335662 ], [ 109.735769978017117, -7.818345866162531 ], [ 109.735767383828431, -7.81834522116668 ], [ 109.735757009023757, -7.818342633565067 ], [ 109.735754415793451, -7.818341984755989 ], [ 109.735749230300144, -7.81834068332688 ], [ 109.735746638042372, -7.818340030708214 ], [ 109.735705170535255, -7.818329558541961 ], [ 109.735702579213978, -7.818328902104327 ], [ 109.735697397605406, -7.818327585434872 ], [ 109.735694807333914, -7.818326925207373 ], [ 109.735684448022312, -7.818324276634371 ], [ 109.735681858665487, -7.818323612582446 ], [ 109.735676680958875, -7.818322280677705 ], [ 109.735674092593626, -7.818321612821023 ], [ 109.735653389808135, -7.818316254792137 ], [ 109.735650802431792, -7.818315583129845 ], [ 109.735645628692509, -7.818314236006358 ], [ 109.735643042341451, -7.818313560548177 ], [ 109.73563269887012, -7.818310851093145 ], [ 109.735630113485627, -7.818310171823668 ], [ 109.735624943763185, -7.818308809494511 ], [ 109.735622359427737, -7.818308126435568 ], [ 109.735614177271827, -7.818305957391942 ], [ 109.735610743650795, -7.818305043564976 ], [ 109.735603878269274, -7.818303209217447 ], [ 109.735600446490366, -7.818302288692223 ], [ 109.735586723010897, -7.818298593181623 ], [ 109.735583293038189, -7.818297665948421 ], [ 109.735576434938139, -7.818295804784782 ], [ 109.735573006821483, -7.818294870857244 ], [ 109.735545589339324, -7.818287372667328 ], [ 109.735542163043306, -7.818286432035677 ], [ 109.735535312295212, -7.818284544074857 ], [ 109.735531887843763, -7.818283596745914 ], [ 109.735518193842267, -7.818279794066484 ], [ 109.735514771255964, -7.81827884004565 ], [ 109.735507927995968, -7.818276925325335 ], [ 109.735504507319433, -7.818275964625116 ], [ 109.735449793619921, -7.818260540505776 ], [ 109.735446374810863, -7.818259573113949 ], [ 109.735439539137644, -7.81825763166097 ], [ 109.735436122275473, -7.818256657600614 ], [ 109.735422458588971, -7.818252747984047 ], [ 109.735419043619288, -7.818251767239417 ], [ 109.735412215610381, -7.818249799076909 ], [ 109.735408802568656, -7.818248811658236 ], [ 109.735381506361193, -7.818240885732166 ], [ 109.735378095252827, -7.818239891640701 ], [ 109.735371275047441, -7.818237896808057 ], [ 109.735367865951503, -7.818236896067276 ], [ 109.735354233428325, -7.818232879757261 ], [ 109.735350826269837, -7.818231872345052 ], [ 109.735344013951305, -7.81822985086734 ], [ 109.735340608787681, -7.818228836800699 ], [ 109.735324370483681, -7.818223983703035 ], [ 109.735320848595279, -7.818222927242971 ], [ 109.735313807005582, -7.818220807211276 ], [ 109.735310287300877, -7.818219743638565 ], [ 109.735296212804087, -7.818215475108502 ], [ 109.73529269528575, -7.818214404423998 ], [ 109.735285662378487, -7.81821225592563 ], [ 109.735282146981092, -7.818211178109323 ], [ 109.735278533190922, -7.818210066124323 ], [ 109.735268373911993, -7.818208025067577 ], [ 109.735262544179591, -7.818206843914595 ], [ 109.735250888644032, -7.818204462545282 ], [ 109.735245062834849, -7.818203262327586 ], [ 109.735151892291583, -7.818183908605761 ], [ 109.7351460704636, -7.818182689334151 ], [ 109.735134430851986, -7.818180231751455 ], [ 109.735128613057555, -7.818178993438039 ], [ 109.735105350250592, -7.818174002165222 ], [ 109.735099536597943, -7.818172744832907 ], [ 109.735087913404698, -7.818170211143581 ], [ 109.735082103871889, -7.818168934787934 ], [ 109.73503564594057, -7.818158648255064 ], [ 109.735029840665504, -7.818157352905644 ], [ 109.735018234385848, -7.818154743216553 ], [ 109.735012433378188, -7.818153428876087 ], [ 109.734989238247579, -7.818148133614557 ], [ 109.734983441636359, -7.818146800312149 ], [ 109.734971852807291, -7.818144114745053 ], [ 109.734966060585975, -7.818142762479454 ], [ 109.734958836442047, -7.81814106344433 ], [ 109.734954320380723, -7.818139995232741 ], [ 109.734945290960695, -7.818137847273135 ], [ 109.734940777609211, -7.818136767526539 ], [ 109.734922729966911, -7.818132425551937 ], [ 109.73491821942423, -7.818131334293753 ], [ 109.734909201179732, -7.818129140273754 ], [ 109.734904693483145, -7.818128037513304 ], [ 109.734868643700793, -7.818119169519775 ], [ 109.734864138808859, -7.818118055246543 ], [ 109.734855131924007, -7.818115815210945 ], [ 109.734850629923471, -7.818114689446645 ], [ 109.734832627788023, -7.81811016342823 ], [ 109.734828128707306, -7.818109026179911 ], [ 109.734819133457052, -7.81810674019755 ], [ 109.734814637289674, -7.818105591463905 ], [ 109.734757328734815, -7.818090949435202 ], [ 109.734747707710483, -7.818089530411953 ], [ 109.734743249991652, -7.818088866874746 ], [ 109.734734809815848, -7.818087599848354 ], [ 109.734731994126832, -7.818087174906395 ], [ 109.734726363404945, -7.818086320610576 ], [ 109.734723548375143, -7.818085891257283 ], [ 109.734712289619608, -7.81808416502821 ], [ 109.734709475242653, -7.818083731262448 ], [ 109.734703847215542, -7.818082859330161 ], [ 109.734701033560611, -7.818082421162785 ], [ 109.734678527207393, -7.818078898217095 ], [ 109.734675714248624, -7.818078455644013 ], [ 109.734670089023211, -7.818077566091688 ], [ 109.734667276767141, -7.818077119114093 ], [ 109.73465602914564, -7.818075322394179 ], [ 109.734653217569985, -7.818074871008321 ], [ 109.734647595176227, -7.818073963841016 ], [ 109.734644784350337, -7.818073508058205 ], [ 109.734599817825085, -7.818066180469089 ], [ 109.734597007860032, -7.818065720307402 ], [ 109.734591388681849, -7.8180647955881 ], [ 109.734588579495323, -7.818064331034975 ], [ 109.734577344073671, -7.818062464000661 ], [ 109.734574535539821, -7.818061995034952 ], [ 109.734568919284982, -7.818061052717553 ], [ 109.734566111542506, -7.818060579362509 ], [ 109.734543652692651, -7.818056774951572 ], [ 109.734540846021275, -7.818056297254941 ], [ 109.734535233472798, -7.818055337474163 ], [ 109.734532427588761, -7.818054855388937 ], [ 109.734521205491887, -7.818052918246849 ], [ 109.734518401034279, -7.818052431884155 ], [ 109.73451279282807, -7.818051454758745 ], [ 109.73450875256043, -7.818050745678477 ], [ 109.734501329664511, -7.818049429819951 ], [ 109.73448896536064, -7.81804722036469 ], [ 109.734481548816973, -7.818045884477272 ], [ 109.734459307720897, -7.81804184661371 ], [ 109.734451895939685, -7.818040490426483 ], [ 109.734439546106501, -7.818038213049419 ], [ 109.734432138091165, -7.818036836384636 ], [ 109.734390173835777, -7.818028977978486 ], [ 109.734382770211084, -7.81802758095381 ], [ 109.73437043407165, -7.81802523553489 ], [ 109.734363034327203, -7.818023818056759 ], [ 109.734340841143023, -7.818019534985183 ], [ 109.73433344536835, -7.818018097070308 ], [ 109.734321122432277, -7.818015683524152 ], [ 109.734313730682118, -7.818014225183617 ], [ 109.734304160709769, -7.818012324239078 ], [ 109.734297583162004, -7.81801100446944 ], [ 109.734284432998038, -7.818008340667006 ], [ 109.734277860386442, -7.818006996635347 ], [ 109.734251580174828, -7.818001572058108 ], [ 109.734245012580686, -7.818000203780571 ], [ 109.73423188253679, -7.817997443006277 ], [ 109.734225320087717, -7.817996050509748 ], [ 109.7341728430373, -7.817984814079011 ], [ 109.734166285784227, -7.817983397373723 ], [ 109.734153176579866, -7.81798053977775 ], [ 109.734146624623349, -7.817979098885985 ], [ 109.734120427788241, -7.817973287033055 ], [ 109.734113881243786, -7.817971821980109 ], [ 109.734100793612924, -7.817968867723437 ], [ 109.734094252531293, -7.817967378520791 ], [ 109.733989654927825, -7.817943361740163 ], [ 109.733983119415598, -7.817941848410499 ], [ 109.733970054064116, -7.817938797649617 ], [ 109.733963524223782, -7.817937260218287 ], [ 109.733937416511708, -7.817931062361481 ], [ 109.733930892413866, -7.817929500844855 ], [ 109.733917850053388, -7.817926353748874 ], [ 109.733911331788875, -7.81792476816895 ], [ 109.733859211202628, -7.817911987811328 ], [ 109.733852698873136, -7.817910378192153 ], [ 109.733839680221365, -7.81790713493308 ], [ 109.733833173904657, -7.817905501294604 ], [ 109.733807161029233, -7.81789891879356 ], [ 109.733800660799545, -7.817897261153973 ], [ 109.733787666566116, -7.817893921909331 ], [ 109.733781172576073, -7.81789224030797 ], [ 109.733772974416752, -7.817890101264197 ], [ 109.733769169068353, -7.81788910398177 ], [ 109.733761560575886, -7.817887101192014 ], [ 109.733757757409364, -7.817886095678716 ], [ 109.733742549182011, -7.81788205718334 ], [ 109.733738748228291, -7.817881043447301 ], [ 109.733731148500681, -7.817879007743613 ], [ 109.733727349731566, -7.817877985777272 ], [ 109.733696968989364, -7.817869777305759 ], [ 109.733693172479263, -7.817868747128841 ], [ 109.733685581683915, -7.817866678555788 ], [ 109.73368178738798, -7.817865640156469 ], [ 109.733666614874778, -7.81786147018056 ], [ 109.733662822891176, -7.817860423585671 ], [ 109.733655241176166, -7.817858322183838 ], [ 109.733651451457433, -7.817857267380305 ], [ 109.733590837386316, -7.817840325775592 ], [ 109.733583264869651, -7.817838191576698 ], [ 109.733568129213211, -7.817833890433349 ], [ 109.733560566074459, -7.817831723489235 ], [ 109.733530332763848, -7.817822990361947 ], [ 109.733522779103055, -7.817820790700864 ], [ 109.733507681446213, -7.817816358716129 ], [ 109.733500137450221, -7.817814126392761 ], [ 109.733439827385212, -7.817796138119206 ], [ 109.733432293159524, -7.817793873163794 ], [ 109.733417234646311, -7.81778931067231 ], [ 109.733409710356682, -7.817787013135671 ], [ 109.733379633602453, -7.817777757989404 ], [ 109.733372119380476, -7.817775427911442 ], [ 109.733357101141394, -7.817770735257056 ], [ 109.73334959712497, -7.817768372680973 ], [ 109.733289609243286, -7.817749343160187 ], [ 109.733285861092838, -7.81774814969441 ], [ 109.733278367431524, -7.817745754665793 ], [ 109.73327462193231, -7.817744553107104 ], [ 109.733259645091039, -7.817739730639346 ], [ 109.733255902129372, -7.817738520951082 ], [ 109.733248418947483, -7.817736093510803 ], [ 109.733244678719075, -7.8177348757564 ], [ 109.733214767570303, -7.81772510137364 ], [ 109.733211029962945, -7.817723875516435 ], [ 109.733203557425668, -7.81772141571804 ], [ 109.733199822498477, -7.817720181777531 ], [ 109.733184888187111, -7.817715229861506 ], [ 109.733181155922296, -7.817713987831723 ], [ 109.733173694141385, -7.817711495711819 ], [ 109.733169964609317, -7.817710245616297 ], [ 109.733162009465616, -7.817707569562515 ], [ 109.733159460599438, -7.817706710041193 ], [ 109.733154364093821, -7.817704987209083 ], [ 109.73315181646467, -7.817704123901876 ], [ 109.733141628573946, -7.817700663152493 ], [ 109.733139082241564, -7.817699796079523 ], [ 109.733133990870499, -7.817698058166854 ], [ 109.733131445822437, -7.817697187323915 ], [ 109.733111090811747, -7.817690205581528 ], [ 109.733108547065399, -7.817689330974588 ], [ 109.733103460876521, -7.817687577997333 ], [ 109.733100918442517, -7.817686699629974 ], [ 109.733090751329826, -7.817683178639641 ], [ 109.733088210204301, -7.817682296510611 ], [ 109.73308312927702, -7.817680528496282 ], [ 109.733080589472195, -7.81767964260996 ], [ 109.733039963947192, -7.817665438641995 ], [ 109.733037425787472, -7.817664549111953 ], [ 109.733032350750705, -7.81766276628224 ], [ 109.733029813861265, -7.817661872978135 ], [ 109.733019669118448, -7.817658292309773 ], [ 109.733017133632302, -7.817657395278331 ], [ 109.733012063925685, -7.817655597439852 ], [ 109.733009529715162, -7.817654696636055 ], [ 109.732989261728051, -7.817647475327078 ], [ 109.732986729503125, -7.817646571004673 ], [ 109.732981666428543, -7.817644758624908 ], [ 109.73297913558406, -7.817643850569539 ], [ 109.732969014843547, -7.817640210837737 ], [ 109.732966486555028, -7.817639299474195 ], [ 109.732961431397143, -7.817637473032335 ], [ 109.732958907032412, -7.817636558863171 ], [ 109.732954981969272, -7.817635129056214 ], [ 109.732947140168335, -7.817632262257632 ], [ 109.732943220932896, -7.817630824359526 ], [ 109.732927555654555, -7.817625056613963 ], [ 109.732923640969432, -7.817623610170813 ], [ 109.732915814980686, -7.817620708312177 ], [ 109.732911903669617, -7.817619252894076 ], [ 109.73288063203438, -7.817607575649902 ], [ 109.732876724721336, -7.8176061114915 ], [ 109.732868913473851, -7.817603174204919 ], [ 109.732865009531793, -7.817601701073897 ], [ 109.732849400667021, -7.817595790664996 ], [ 109.732845500156714, -7.817594308584148 ], [ 109.732837702539371, -7.817591335461884 ], [ 109.732833805438077, -7.817589844422741 ], [ 109.732802781243663, -7.817577933629423 ], [ 109.732797576356859, -7.817576970971061 ], [ 109.732791734730824, -7.817575884578105 ], [ 109.732782000723091, -7.817574063327129 ], [ 109.732776161563891, -7.817572964223473 ], [ 109.732758647677542, -7.817569647826474 ], [ 109.732752810943623, -7.817568536004558 ], [ 109.73274308506376, -7.817566672367263 ], [ 109.732737250690263, -7.817565547814638 ], [ 109.73272811322704, -7.817563776825864 ], [ 109.732724917286987, -7.817563154238201 ], [ 109.732718526543749, -7.817561903342551 ], [ 109.732715331739143, -7.817561275034222 ], [ 109.732702554733748, -7.817558750348439 ], [ 109.732699361032985, -7.817558116313194 ], [ 109.73269297479726, -7.81755684252812 ], [ 109.732689782256273, -7.817556202777041 ], [ 109.732664246787579, -7.817551061949189 ], [ 109.732661055409608, -7.817550416482845 ], [ 109.732654673805882, -7.817549119832847 ], [ 109.732651483569384, -7.817548468646976 ], [ 109.732638796801268, -7.817545360860606 ], [ 109.732635621203713, -7.81754464109946 ], [ 109.732630415231199, -7.817543679514074 ], [ 109.73262605032312, -7.817542804856998 ], [ 109.732574982057031, -7.817532541178764 ], [ 109.732571796575144, -7.817531871428343 ], [ 109.732565436033894, -7.817530478301876 ], [ 109.732562256070935, -7.81752978031318 ], [ 109.732549537309239, -7.817526982626305 ], [ 109.732546357901185, -7.817526281773667 ], [ 109.732539999681137, -7.817524877213259 ], [ 109.732536820866756, -7.817524173505149 ], [ 109.732511607179447, -7.817518581189518 ], [ 109.732508246270186, -7.817517766264416 ], [ 109.732501901687215, -7.817516329180535 ], [ 109.732498748555031, -7.817515532526386 ], [ 109.732485856644757, -7.817513363519538 ], [ 109.732482677410474, -7.817512661008607 ], [ 109.732476320223157, -7.817511250296718 ], [ 109.732473142260744, -7.817510542093771 ], [ 109.732465054101226, -7.817508732057206 ], [ 109.73246112540852, -7.81750784829012 ], [ 109.732453269947143, -7.817506072044296 ], [ 109.73244934317961, -7.817505179565785 ], [ 109.732433640261547, -7.817501592296708 ], [ 109.732429715526337, -7.817500691130988 ], [ 109.732421868058566, -7.817498880105347 ], [ 109.732417945332998, -7.817497970247189 ], [ 109.732386572101348, -7.817490656736368 ], [ 109.732382651425098, -7.817489738194752 ], [ 109.732374812116007, -7.81748789242755 ], [ 109.732370893482198, -7.817486965201454 ], [ 109.732355223160084, -7.817483238957664 ], [ 109.732351306612657, -7.817482303057091 ], [ 109.732343475598952, -7.817480422580616 ], [ 109.732339561134665, -7.817479478004998 ], [ 109.732276949984055, -7.817464296265996 ], [ 109.732273037641107, -7.817463343023974 ], [ 109.73226521509207, -7.817461427878015 ], [ 109.732261304877682, -7.817460465971863 ], [ 109.732245668380983, -7.817456601044682 ], [ 109.732241760354725, -7.817455630489178 ], [ 109.732233946412009, -7.817453680709491 ], [ 109.73223004050385, -7.817452701487184 ], [ 109.732198802562039, -7.817444833254285 ], [ 109.73219489885571, -7.81744384538581 ], [ 109.732187093659888, -7.817441861006841 ], [ 109.732183192163745, -7.817440864494642 ], [ 109.73216759071579, -7.817436861187957 ], [ 109.732163691499181, -7.817435856049769 ], [ 109.732155895262451, -7.817433837126259 ], [ 109.732151998234883, -7.817432823338891 ], [ 109.732144008080695, -7.817430735296512 ], [ 109.732138268796632, -7.817429225452202 ], [ 109.732126795186161, -7.817426187029014 ], [ 109.732121060875897, -7.817424658454399 ], [ 109.732098133887234, -7.817418506777074 ], [ 109.732092404628872, -7.817416959492903 ], [ 109.732080951232433, -7.817413846233762 ], [ 109.732075227089354, -7.817412280257429 ], [ 109.732041214716673, -7.817402915639036 ], [ 109.732038380909898, -7.817402199792014 ], [ 109.732033313782892, -7.817400915388134 ], [ 109.732024870517591, -7.817398766590827 ], [ 109.732019805802395, -7.817397472457287 ], [ 109.732002361654736, -7.817392997450611 ], [ 109.731998163214598, -7.817391916818963 ], [ 109.731991167397325, -7.817390110241661 ], [ 109.73198697084382, -7.817389022977068 ], [ 109.731974383516558, -7.817385751105292 ], [ 109.731970188531193, -7.817384657125046 ], [ 109.731963198461358, -7.817382828297127 ], [ 109.731959005332328, -7.817381727676263 ], [ 109.731935249256424, -7.817375471937737 ], [ 109.731931057878739, -7.817374364648572 ], [ 109.731924073727669, -7.817372513614828 ], [ 109.731919884098772, -7.817371399656849 ], [ 109.731907317936248, -7.817368047806212 ], [ 109.731903130135549, -7.817366927200567 ], [ 109.731896151881529, -7.817365053955257 ], [ 109.731891965812963, -7.817363926676137 ], [ 109.731874750684938, -7.81735927609958 ], [ 109.731870729917944, -7.817358186607862 ], [ 109.731864030026088, -7.817356365667877 ], [ 109.731860010830303, -7.81735527000609 ], [ 109.731847955991725, -7.817351973872121 ], [ 109.731843938566783, -7.817350872094551 ], [ 109.731837244232281, -7.817349030674166 ], [ 109.731833228523953, -7.817347922766089 ], [ 109.731810477598003, -7.817341627220515 ], [ 109.731806463516136, -7.817340513156807 ], [ 109.731799774827778, -7.817338651280124 ], [ 109.731795762510387, -7.817337531099099 ], [ 109.731783728135838, -7.817334161361487 ], [ 109.731779717549273, -7.817333035053991 ], [ 109.731773034738353, -7.817331152785869 ], [ 109.731769025884148, -7.817330020352415 ], [ 109.731751656924018, -7.817325099346249 ], [ 109.731746206260993, -7.817323549005152 ], [ 109.73173712450324, -7.817320955659 ], [ 109.731731677018104, -7.817319393973264 ], [ 109.731715339587652, -7.817314691972058 ], [ 109.731709895407278, -7.817313118977609 ], [ 109.73170082448479, -7.817310487883901 ], [ 109.731695383604858, -7.817308903579374 ], [ 109.73166456168309, -7.817299893920222 ], [ 109.731659124110593, -7.817298298307605 ], [ 109.731650064312703, -7.81729562954979 ], [ 109.731644630104597, -7.817294022646195 ], [ 109.73162833256049, -7.81728918500869 ], [ 109.731622901716776, -7.817287566813945 ], [ 109.731613853138526, -7.817284860420727 ], [ 109.731608425692684, -7.817283230944895 ], [ 109.731591808961923, -7.81727822379878 ], [ 109.731588855350196, -7.817277330954767 ], [ 109.731582949704261, -7.817275540269861 ], [ 109.731579997674885, -7.817274642430448 ], [ 109.73156819251642, -7.817271041019467 ], [ 109.731565241999988, -7.817270138163622 ], [ 109.731559342496666, -7.817268327440217 ], [ 109.731556393502899, -7.817267419570783 ], [ 109.731532808049167, -7.817260136684411 ], [ 109.731529134366667, -7.817258998204636 ], [ 109.731516020876086, -7.817257118742702 ], [ 109.73151073404307, -7.817256404984846 ], [ 109.731500162510088, -7.817254961961112 ], [ 109.731494877817909, -7.817254232696257 ], [ 109.731473743436425, -7.817251284637393 ], [ 109.731468460897531, -7.817250539867132 ], [ 109.731457898050621, -7.817249034832059 ], [ 109.731452617733794, -7.817248274566168 ], [ 109.731368158585667, -7.817235987521542 ], [ 109.731362880549909, -7.817235211767411 ], [ 109.73135232677123, -7.817233644773978 ], [ 109.731347051031207, -7.817232853534904 ], [ 109.731325952916109, -7.817229657646521 ], [ 109.731320679541852, -7.817228850932736 ], [ 109.731310135206343, -7.817227222038184 ], [ 109.73130486424202, -7.81722639985685 ], [ 109.731262707175233, -7.817219760692069 ], [ 109.73125743866143, -7.81721892304904 ], [ 109.731246904101909, -7.817217232304188 ], [ 109.731241638058634, -7.817216379202932 ], [ 109.731220579104956, -7.817212935926023 ], [ 109.731215315617874, -7.81721206738024 ], [ 109.731204791234916, -7.817210314850001 ], [ 109.731199471018272, -7.817209420807558 ], [ 109.731190872982211, -7.817207962571047 ], [ 109.731185412842706, -7.817207032543138 ], [ 109.731177179239921, -7.817205623655127 ], [ 109.731171690914039, -7.817204680196653 ], [ 109.73115797230929, -7.81720231111251 ], [ 109.731152486862186, -7.817201359497403 ], [ 109.731144260472831, -7.817199925895409 ], [ 109.731138781020377, -7.817198966678575 ], [ 109.731133121129517, -7.817197964554282 ], [ 109.731121765021101, -7.817195935081713 ], [ 109.73111606801433, -7.817194907595194 ], [ 109.731094739071978, -7.817191025726743 ], [ 109.731089408269497, -7.817190047308088 ], [ 109.73107874963182, -7.81718807458634 ], [ 109.731073421791052, -7.817187080282224 ], [ 109.731030814640349, -7.817179063007416 ], [ 109.731025490134357, -7.817178052888551 ], [ 109.73101484417009, -7.817176016783833 ], [ 109.731009522703459, -7.817174990796218 ], [ 109.730988243162471, -7.817170855155382 ], [ 109.730982924814214, -7.817169813314024 ], [ 109.730972291232035, -7.817167713777053 ], [ 109.730966976007494, -7.817166656083202 ], [ 109.73088196875824, -7.817149608427997 ], [ 109.730876656884107, -7.817148534926332 ], [ 109.730866036407861, -7.817146372101035 ], [ 109.730860727804554, -7.817145282777403 ], [ 109.730839500019329, -7.817140893856333 ], [ 109.730834194712202, -7.817139788715735 ], [ 109.730823587410839, -7.817137562621667 ], [ 109.730818285416831, -7.817136441668026 ], [ 109.730775883987235, -7.817127411053661 ], [ 109.730770585373762, -7.817126274300563 ], [ 109.730759991596926, -7.817123985010028 ], [ 109.730754696440044, -7.817122832474354 ], [ 109.730733522802439, -7.817118190782537 ], [ 109.730728231101182, -7.817117022463833 ], [ 109.730717651227451, -7.817114670059595 ], [ 109.730712363013879, -7.817113485964853 ], [ 109.730705195871622, -7.817111869931466 ], [ 109.730701622611548, -7.817111060454465 ], [ 109.730694477637485, -7.817109434278052 ], [ 109.730690905958511, -7.817108617586541 ], [ 109.730676622667545, -7.81710533645122 ], [ 109.73067305268961, -7.817104512572598 ], [ 109.73066591438544, -7.817102857616874 ], [ 109.73066234605318, -7.81710202653835 ], [ 109.730633806545711, -7.817095349242209 ], [ 109.730630239927223, -7.817094510979416 ], [ 109.730623108355474, -7.817092827258648 ], [ 109.730619543409944, -7.817091981802207 ], [ 109.730605287186563, -7.817088585639681 ], [ 109.730601723992891, -7.817087733008293 ], [ 109.730594599335575, -7.817086020565398 ], [ 109.730591037868919, -7.817085160753152 ], [ 109.730534070836029, -7.8170713469421 ], [ 109.73052695317898, -7.817069605797258 ], [ 109.730512724955247, -7.817066094829102 ], [ 109.730505614387994, -7.817064325005163 ], [ 109.730477186856945, -7.817057188490082 ], [ 109.73047008353825, -7.817055390026212 ], [ 109.730455884228093, -7.817051764478776 ], [ 109.730448788239244, -7.817049937395836 ], [ 109.730392052579134, -7.817035207011827 ], [ 109.730384964067696, -7.817033351346879 ], [ 109.730370794619148, -7.817029611461408 ], [ 109.730363713678344, -7.817027727239747 ], [ 109.73033540555025, -7.817020133371273 ], [ 109.730328332308318, -7.817018220626835 ], [ 109.730314193631955, -7.817014366644628 ], [ 109.730307128200366, -7.817012425407768 ], [ 109.730250638734105, -7.81699678229927 ], [ 109.730247108991193, -7.816995801007863 ], [ 109.730240051484941, -7.816993831309389 ], [ 109.730236523724841, -7.816992842903062 ], [ 109.730222416752724, -7.816988875077186 ], [ 109.73021889100022, -7.81698787956293 ], [ 109.730211841532025, -7.81698588143496 ], [ 109.730208317814856, -7.816984878820733 ], [ 109.730180136494994, -7.816976829584689 ], [ 109.730176614827599, -7.816975819874301 ], [ 109.73016957352263, -7.816973793352076 ], [ 109.730166053884204, -7.816972776539842 ], [ 109.730151979537709, -7.816968695130129 ], [ 109.730148461983845, -7.816967671232135 ], [ 109.73014142894317, -7.816965616344987 ], [ 109.730137913456417, -7.816964585356004 ], [ 109.730129838305572, -7.816962208308382 ], [ 109.730123191135817, -7.816960237822116 ], [ 109.730109904407129, -7.816956271515096 ], [ 109.730103264848196, -7.816954275694457 ], [ 109.730076722199385, -7.816946241852975 ], [ 109.730070090343247, -7.816944220725418 ], [ 109.730056834424261, -7.816940153191297 ], [ 109.73005021036488, -7.816938106785756 ], [ 109.730003798829273, -7.816923671571374 ], [ 109.729990582036464, -7.816921033765425 ], [ 109.729986125943583, -7.816920142140759 ], [ 109.729978105926364, -7.816918533234855 ], [ 109.729973650769978, -7.816917637162703 ], [ 109.729964722676471, -7.816915836912074 ], [ 109.729948770484953, -7.816912545677326 ], [ 109.729935439973474, -7.81690973301744 ], [ 109.72991846334503, -7.816906066244314 ], [ 109.729891852842059, -7.816900185450606 ], [ 109.729888526949594, -7.816899447174308 ], [ 109.729875226875492, -7.81689648176382 ], [ 109.729871902255468, -7.816895737228663 ], [ 109.729868875769171, -7.816895056479837 ], [ 109.72983337047873, -7.816887379144021 ], [ 109.729814595134826, -7.81688321524598 ], [ 109.729801307394496, -7.816880194518774 ], [ 109.729794666373778, -7.816878671706831 ], [ 109.729768114037086, -7.8168725307454 ], [ 109.729761478802345, -7.816870983056504 ], [ 109.729748214204164, -7.81686786282188 ], [ 109.729741584839019, -7.816866290275584 ], [ 109.729683555078111, -7.816852410141735 ], [ 109.72967989129279, -7.816851529784742 ], [ 109.729672565557223, -7.816849761477442 ], [ 109.729668903616073, -7.816848873529239 ], [ 109.729654259554991, -7.816845306557695 ], [ 109.729650599442948, -7.816844411014586 ], [ 109.72964328111442, -7.816842612349376 ], [ 109.729639622891909, -7.816841709226026 ], [ 109.729610365009194, -7.816834454001423 ], [ 109.729606708699464, -7.81683354330346 ], [ 109.729599397946231, -7.816831714321495 ], [ 109.72959574349278, -7.816830796035049 ], [ 109.729581129670237, -7.816827107781876 ], [ 109.729577477189252, -7.816826181935994 ], [ 109.729570174127616, -7.816824322666719 ], [ 109.729566523553956, -7.816823389245144 ], [ 109.729548355765417, -7.816818723004872 ], [ 109.72954139419204, -7.816816925507965 ], [ 109.729529795550718, -7.816813914387012 ], [ 109.729522838776688, -7.81681209854446 ], [ 109.729501975773474, -7.816806623529487 ], [ 109.729495023788559, -7.816804789338278 ], [ 109.7294834412765, -7.81680171709894 ], [ 109.729476494281187, -7.816799864612392 ], [ 109.729466893431834, -7.816797290990792 ], [ 109.729460426752894, -7.816795548930372 ], [ 109.729449652589267, -7.816792632275281 ], [ 109.729443190218547, -7.81679087433497 ], [ 109.729423809751211, -7.816785576743484 ], [ 109.729417351758286, -7.816783802941984 ], [ 109.729406592088196, -7.816780833389487 ], [ 109.729400138497965, -7.816779043733789 ], [ 109.729365336666149, -7.81676934743615 ], [ 109.729361713356127, -7.816768333811581 ], [ 109.729354468864415, -7.816766299069343 ], [ 109.729350847666637, -7.816765277946956 ], [ 109.729336367205917, -7.816761178491163 ], [ 109.729332748160914, -7.816760149882384 ], [ 109.729325512194634, -7.816758085169852 ], [ 109.729321895283249, -7.816757049068997 ], [ 109.729292968963023, -7.81674873041942 ], [ 109.729289354223965, -7.816747686837573 ], [ 109.729282126894134, -7.81674559218618 ], [ 109.729278514302109, -7.816744541116122 ], [ 109.729264068447094, -7.816740321923305 ], [ 109.729260458082649, -7.816739263388342 ], [ 109.729253239553771, -7.816737138845951 ], [ 109.729249631390587, -7.816736072838751 ], [ 109.729213650328688, -7.816725401249073 ], [ 109.72920723196404, -7.816723489177889 ], [ 109.729196538621125, -7.816720289255272 ], [ 109.729190124981358, -7.816718361421465 ], [ 109.729170891351714, -7.816712554336789 ], [ 109.729164482534429, -7.81671061076986 ], [ 109.729153805134331, -7.816707358363317 ], [ 109.729147401117643, -7.816705399056673 ], [ 109.729138049472454, -7.816702525446487 ], [ 109.729132073308904, -7.816700681502311 ], [ 109.729122116602525, -7.816697596846325 ], [ 109.729116144732927, -7.816695739208171 ], [ 109.729098235642539, -7.816690145776874 ], [ 109.72909226809378, -7.816688274453043 ], [ 109.729082325788852, -7.816685144178734 ], [ 109.729076362560363, -7.816683259169565 ], [ 109.729059966261445, -7.816678056137278 ], [ 109.729056381999499, -7.81667691452202 ], [ 109.729049215846487, -7.816674623873212 ], [ 109.729045633968781, -7.816673474843867 ], [ 109.729031311247638, -7.81666886390542 ], [ 109.729027731752524, -7.81666770746142 ], [ 109.729020575179959, -7.816665387170303 ], [ 109.729016998093414, -7.816664223320061 ], [ 109.72898839153504, -7.816654883055321 ], [ 109.728984816894751, -7.816653711810886 ], [ 109.728977587491158, -7.816651334684593 ], [ 109.728939492667848, -7.816643269475094 ], [ 109.728935168056807, -7.816642349508129 ], [ 109.728926521059179, -7.816640499051744 ], [ 109.728922198668045, -7.816639568561584 ], [ 109.728904913833674, -7.81663582561589 ], [ 109.728900593765616, -7.816634884624307 ], [ 109.728891955931374, -7.816632992135681 ], [ 109.728887638165133, -7.816632040638467 ], [ 109.728853105927271, -7.81662438678859 ], [ 109.728848790495874, -7.816623424792567 ], [ 109.728840162008112, -7.816621490311206 ], [ 109.728835848960898, -7.816620517827857 ], [ 109.728818601560079, -7.816616606924242 ], [ 109.728814290868911, -7.81661562394703 ], [ 109.728805671955854, -7.816613647524491 ], [ 109.72880136372919, -7.816612654078313 ], [ 109.728792729559018, -7.816610652037468 ], [ 109.728787757488249, -7.816609491781492 ], [ 109.728777816619697, -7.816607157305668 ], [ 109.728772847820096, -7.816605983085367 ], [ 109.728752979432954, -7.816601258339006 ], [ 109.72874801398234, -7.816600070172626 ], [ 109.728738086464489, -7.816597679902259 ], [ 109.728733124394125, -7.816596477797475 ], [ 109.728693442248016, -7.81658680542256 ], [ 109.72868848359019, -7.816585589386818 ], [ 109.728678569713168, -7.816583143391256 ], [ 109.728673614494539, -7.816581913431492 ], [ 109.728653800733582, -7.816576965802312 ], [ 109.728648849017929, -7.816575721934214 ], [ 109.728638949132062, -7.816573220300256 ], [ 109.728634000965371, -7.816571962535534 ], [ 109.72855486524287, -7.816551728794707 ], [ 109.728549920632645, -7.816550457134326 ], [ 109.728540035025446, -7.816547899933425 ], [ 109.728535094022789, -7.816546614391427 ], [ 109.728515337412261, -7.816541444508175 ], [ 109.728510400080609, -7.816540145100987 ], [ 109.728500529076712, -7.816537532418636 ], [ 109.728495595407082, -7.816536219144098 ], [ 109.728456141831884, -7.816525657778698 ], [ 109.728451211905735, -7.816524330657899 ], [ 109.728441355804193, -7.816521662572598 ], [ 109.728436429637554, -7.816520321610483 ], [ 109.72841673267078, -7.816514930127767 ], [ 109.728411810306397, -7.816513575335591 ], [ 109.728401969443212, -7.816510851938801 ], [ 109.728397050939918, -7.816509483332936 ], [ 109.728388518776626, -7.816507096284397 ], [ 109.728383057401288, -7.816505559155246 ], [ 109.728372139498276, -7.816502467859664 ], [ 109.728366682963667, -7.816500913691243 ], [ 109.728344866786529, -7.816494663018261 ], [ 109.728339415166602, -7.816493091831376 ], [ 109.728328516888041, -7.816489932452839 ], [ 109.728323070237593, -7.816488344263576 ], [ 109.728279518049987, -7.81647557107209 ], [ 109.728274076399828, -7.816473965888918 ], [ 109.72826319816852, -7.81647073854964 ], [ 109.728257761584359, -7.816469116392568 ], [ 109.728236025576166, -7.816462593874576 ], [ 109.728230594112006, -7.816460954759521 ], [ 109.72821973633512, -7.816457659580863 ], [ 109.728214310024327, -7.816456003517771 ], [ 109.72812753995106, -7.816429373884262 ], [ 109.728122118883903, -7.816427700899737 ], [ 109.728111282010104, -7.816424338015736 ], [ 109.728105866199769, -7.816422648115008 ], [ 109.728084213763623, -7.816415854770355 ], [ 109.728078803296341, -7.81641414798014 ], [ 109.728067987729617, -7.816410717518011 ], [ 109.728062582634379, -7.816408993847574 ], [ 109.728019364726038, -7.816395137398331 ], [ 109.728013965089758, -7.816393396874957 ], [ 109.728003171282296, -7.816389898977718 ], [ 109.727997777108499, -7.816388141603227 ], [ 109.727976211638349, -7.816381078499319 ], [ 109.727970823008718, -7.816379304299687 ], [ 109.727960051353136, -7.816375739095179 ], [ 109.727954668335201, -7.816373948093087 ], [ 109.727946293183436, -7.816371147037103 ], [ 109.727943554522597, -7.816370228675169 ], [ 109.727938078718751, -7.816368387616308 ], [ 109.727935341584498, -7.816367464922564 ], [ 109.727924395925754, -7.816363765425308 ], [ 109.727921660232312, -7.816362838370878 ], [ 109.727916190379972, -7.816360979933222 ], [ 109.727913456209251, -7.816360048545903 ], [ 109.72789158877265, -7.816352580061334 ], [ 109.727888856075367, -7.8163516443243 ], [ 109.727883392167485, -7.816349768505233 ], [ 109.727880660948529, -7.816348828420246 ], [ 109.727869739169478, -7.816345059432308 ], [ 109.727867009469435, -7.816344115013294 ], [ 109.727861551595993, -7.81634222184374 ], [ 109.727858823426516, -7.816341273094679 ], [ 109.727815185752775, -7.816326058744778 ], [ 109.727812459408085, -7.816325105768669 ], [ 109.727807008238074, -7.816323195483676 ], [ 109.727804283402634, -7.816322238171153 ], [ 109.727793387174358, -7.816318400282228 ], [ 109.727790663904386, -7.8163174386533 ], [ 109.727785218836686, -7.8163155110459 ], [ 109.727782497047656, -7.816314545070668 ], [ 109.727765571197949, -7.816308551684187 ], [ 109.727757904917723, -7.816306482487448 ], [ 109.727754238582065, -7.816305488620969 ], [ 109.727739577424074, -7.816301497836037 ], [ 109.727735913166725, -7.816300496306042 ], [ 109.727728586789738, -7.816298485598793 ], [ 109.727724924676465, -7.816297476423415 ], [ 109.727717526533354, -7.816295429381455 ], [ 109.72771471123923, -7.81629464796174 ], [ 109.72770908191967, -7.816293080599507 ], [ 109.727706267876954, -7.816292294652044 ], [ 109.727695014345727, -7.816289141844948 ], [ 109.727692201627804, -7.816288351390199 ], [ 109.727686577401414, -7.81628676594147 ], [ 109.727683765903009, -7.816285970949934 ], [ 109.727661279451354, -7.816279593056151 ], [ 109.727658469269954, -7.816278793555341 ], [ 109.727652850213417, -7.816277190041205 ], [ 109.727650041342088, -7.816276386029188 ], [ 109.727638808424729, -7.816273160943524 ], [ 109.727636000822201, -7.816272352408419 ], [ 109.727630386964222, -7.816270730837459 ], [ 109.727627580711044, -7.816269917802515 ], [ 109.727582692125566, -7.81625687343751 ], [ 109.727579887169668, -7.816256055887322 ], [ 109.727574278593465, -7.8162544162833 ], [ 109.727571474966965, -7.816253594227476 ], [ 109.727564078744308, -7.816251419110756 ], [ 109.727556651580016, -7.816250005592508 ], [ 109.727550438959895, -7.816248816275049 ], [ 109.727540086922829, -7.816246822074959 ], [ 109.727533877102587, -7.816245618353094 ], [ 109.727524244060135, -7.816243740095103 ], [ 109.727520315093841, -7.81624296927555 ], [ 109.727512458872184, -7.816241418984873 ], [ 109.727508531621879, -7.816240639514774 ], [ 109.727492826128071, -7.816237504348351 ], [ 109.727488900610012, -7.816236716230947 ], [ 109.727481051333768, -7.81623513135429 ], [ 109.727477127577004, -7.816234334595435 ], [ 109.727445744953911, -7.816227926036504 ], [ 109.727441822952187, -7.816227120634721 ], [ 109.727433980759486, -7.816225501199483 ], [ 109.727430060569816, -7.816224687166653 ], [ 109.72741438344957, -7.816221413775907 ], [ 109.727388265927743, -7.816215759757313 ], [ 109.727343461914984, -7.816205715073238 ], [ 109.727328200828708, -7.816202496625237 ], [ 109.727322324560021, -7.816201250818835 ], [ 109.727290023257012, -7.816194366110039 ], [ 109.72728285311257, -7.816192822608286 ], [ 109.727268519126994, -7.81618970668876 ], [ 109.727261355290182, -7.816188134271954 ], [ 109.727245724502666, -7.81618467034275 ], [ 109.727233799981036, -7.816181985661387 ], [ 109.727209969370506, -7.816176536194178 ], [ 109.727196816305195, -7.816173478668929 ], [ 109.727184951633433, -7.816170722354798 ], [ 109.727180594477943, -7.816169706437961 ], [ 109.727169342496552, -7.816167219698968 ], [ 109.727140038434072, -7.816160616261527 ], [ 109.727125400107241, -7.816157254018322 ], [ 109.727116556107944, -7.816155183579326 ], [ 109.727110661547044, -7.816153797100299 ], [ 109.727093269164754, -7.81614914959988 ], [ 109.727087185407754, -7.816147731976571 ], [ 109.727082193804563, -7.816146653192448 ], [ 109.727077356284667, -7.816145519975009 ], [ 109.727071461409309, -7.816144135945365 ], [ 109.727055323859702, -7.816140337918171 ], [ 109.727052482050624, -7.81613966783317 ], [ 109.727046799028358, -7.816138325393808 ], [ 109.727043957819831, -7.816137653040528 ], [ 109.727032594135267, -7.816134959078454 ], [ 109.727029753468571, -7.81613428444291 ], [ 109.727024072812242, -7.816132932921619 ], [ 109.727021242834212, -7.81613221958753 ], [ 109.726998647868868, -7.816126316703333 ], [ 109.726995823725815, -7.816125577689718 ], [ 109.726990175978983, -7.816124097378918 ], [ 109.726987352361562, -7.816123356077981 ], [ 109.726976058977755, -7.816120386308171 ], [ 109.726973235924333, -7.816119642729859 ], [ 109.726967558671845, -7.816118296995398 ], [ 109.726964744230202, -7.816117524484241 ], [ 109.726919307888068, -7.816106564414781 ], [ 109.726916478982787, -7.816105841404692 ], [ 109.726910822346213, -7.816104390842611 ], [ 109.726907994626629, -7.816103663293745 ], [ 109.726896686040391, -7.816100744000437 ], [ 109.72689385946444, -7.816100011901938 ], [ 109.726888207513355, -7.816098543169971 ], [ 109.726885382126284, -7.816097806533605 ], [ 109.72686278404575, -7.816091895357602 ], [ 109.726859959864839, -7.816091154187632 ], [ 109.726854312711339, -7.816089667314714 ], [ 109.72685148973909, -7.816088921611993 ], [ 109.726840200243885, -7.816085929729468 ], [ 109.726837378480639, -7.81608517949411 ], [ 109.726831736142458, -7.816083674485299 ], [ 109.726828915577016, -7.816082919714347 ], [ 109.726820720418687, -7.816080719669401 ], [ 109.726817552077364, -7.816079866039729 ], [ 109.726811216984004, -7.816078153072795 ], [ 109.726808050234467, -7.816077293736214 ], [ 109.72679538630166, -7.816073844943389 ], [ 109.726792221084395, -7.816072979883529 ], [ 109.726785892242049, -7.816071244056843 ], [ 109.726782728607702, -7.81607037328763 ], [ 109.726757426081804, -7.816063384355004 ], [ 109.726754264031797, -7.816062507876552 ], [ 109.726747941527663, -7.816060749213818 ], [ 109.726744781080129, -7.816059867031413 ], [ 109.72673214248988, -7.816056326892294 ], [ 109.726728983635496, -7.816055439003321 ], [ 109.726722667552906, -7.816053657527902 ], [ 109.726719510318105, -7.816052763939695 ], [ 109.726669009417947, -7.816038421471319 ], [ 109.726665853822681, -7.816037522189163 ], [ 109.726659544253266, -7.816035717926297 ], [ 109.726656390278777, -7.816034812945418 ], [ 109.726643777744641, -7.816031181658957 ], [ 109.726640625462096, -7.816030270999647 ], [ 109.726634322498455, -7.816028443976563 ], [ 109.726631171818724, -7.81602752761313 ], [ 109.72660597344202, -7.816020174077153 ], [ 109.726602824450936, -7.81601925203438 ], [ 109.726596528145933, -7.816017402266027 ], [ 109.726593380843781, -7.816016474544028 ], [ 109.726580794994788, -7.816012752292636 ], [ 109.726577649366675, -7.816011818887205 ], [ 109.72657135981683, -7.816009946402346 ], [ 109.726568215889188, -7.816009007321099 ], [ 109.726551961584278, -7.816004136222659 ], [ 109.726548695964482, -7.816003154239638 ], [ 109.726542166646823, -7.816001184168726 ], [ 109.726538902955781, -7.816000196083223 ], [ 109.726525851777353, -7.815996231453994 ], [ 109.726522589898025, -7.815995237230538 ], [ 109.726516068036574, -7.815993242671595 ], [ 109.72651280805195, -7.815992242335426 ], [ 109.726486735957053, -7.815984215257231 ], [ 109.726483477861223, -7.815983208806301 ], [ 109.726476963573987, -7.815981189795025 ], [ 109.726473707373884, -7.815980177231665 ], [ 109.726460686464918, -7.81597611478503 ], [ 109.726457432197662, -7.815975096120837 ], [ 109.726450925580195, -7.8159730526869 ], [ 109.726447673235839, -7.815972027918917 ], [ 109.726395653138297, -7.815955583437471 ], [ 109.726392402737247, -7.815954552571611 ], [ 109.726385903870039, -7.815952484739626 ], [ 109.726382655405985, -7.815951447774296 ], [ 109.726369665520679, -7.815947287744621 ], [ 109.726366419021645, -7.815946244688575 ], [ 109.726359928007525, -7.815944152492023 ], [ 109.726356683488348, -7.815943103350264 ], [ 109.726330735483202, -7.815934685946615 ], [ 109.726327492957125, -7.81593363072318 ], [ 109.726321009876415, -7.815931514187866 ], [ 109.72631776931712, -7.815930452874397 ], [ 109.726304811221723, -7.815926195508325 ], [ 109.726301572726015, -7.815925128136428 ], [ 109.726295097728041, -7.815922987311581 ], [ 109.726291861231118, -7.815921913860279 ], [ 109.726283812085228, -7.81591923580703 ], [ 109.726280903771794, -7.815918265447806 ], [ 109.726275088807142, -7.815916319829796 ], [ 109.726272182166895, -7.815915344574648 ], [ 109.726260558926356, -7.815911433753911 ], [ 109.726257653936671, -7.815910453595393 ], [ 109.726251845641002, -7.815908488385958 ], [ 109.726248942318421, -7.815907503329584 ], [ 109.726225722687388, -7.815899603381752 ], [ 109.7262228210746, -7.815898613441902 ], [ 109.726217019481624, -7.815896628652695 ], [ 109.726214119505869, -7.815895633804644 ], [ 109.726202523089455, -7.815891644669136 ], [ 109.726199624837136, -7.815890644942556 ], [ 109.726193830011539, -7.815888640595631 ], [ 109.726190933440364, -7.815887635975969 ], [ 109.72614460349871, -7.815871523521537 ], [ 109.726141580560693, -7.815870469228571 ], [ 109.726135536599145, -7.815868355335112 ], [ 109.726132515576921, -7.815867295735075 ], [ 109.726120435171822, -7.815863046669733 ], [ 109.726117416020315, -7.815861981747048 ], [ 109.726111379575741, -7.815859846574654 ], [ 109.726108362278751, -7.81585877632341 ], [ 109.726084272132482, -7.815850207515439 ], [ 109.726081246989509, -7.815849128465629 ], [ 109.72607519862629, -7.815846965022786 ], [ 109.726072175419517, -7.815845880634697 ], [ 109.726060167142464, -7.815841561423952 ], [ 109.726057107920269, -7.815840457970523 ], [ 109.726050197119662, -7.815837957664144 ], [ 109.726047287540553, -7.81583690089758 ], [ 109.726036650371213, -7.815833025532129 ], [ 109.726018051862354, -7.815826228735318 ], [ 109.726015262854389, -7.815825206828833 ], [ 109.726009783617201, -7.81582319412604 ], [ 109.726007044776054, -7.815822185562411 ], [ 109.725996200459008, -7.815818182304156 ], [ 109.725993490192138, -7.815817179339149 ], [ 109.725988071239215, -7.81581516909165 ], [ 109.725985362553843, -7.815814161809556 ], [ 109.725963821051892, -7.815806131633394 ], [ 109.725961129162158, -7.815805125732936 ], [ 109.725955746946795, -7.815803109662966 ], [ 109.725953056621506, -7.815802099493851 ], [ 109.725942298640177, -7.815798050350736 ], [ 109.725939609945556, -7.815797035937521 ], [ 109.725934234170154, -7.815795002860796 ], [ 109.72593154708693, -7.815793984196375 ], [ 109.725888567923732, -7.815777652039685 ], [ 109.725885882494822, -7.815776629140032 ], [ 109.725880513209688, -7.815774579075196 ], [ 109.725877829345734, -7.815773551906716 ], [ 109.725867097320872, -7.815769434809852 ], [ 109.725864415133231, -7.815768403415063 ], [ 109.725859052400722, -7.815766336386105 ], [ 109.725856371870975, -7.815765300757903 ], [ 109.725834934206887, -7.815756998776294 ], [ 109.725832255293085, -7.815755958898421 ], [ 109.725826899146114, -7.815753874918073 ], [ 109.72582422190402, -7.81575283081213 ], [ 109.725813516266612, -7.81574864592767 ], [ 109.725810840682414, -7.81574759758837 ], [ 109.725805491186975, -7.815745496682382 ], [ 109.72580281728267, -7.815744444118366 ], [ 109.725799390900647, -7.815743092215143 ], [ 109.725792251639916, -7.815740653665557 ], [ 109.725787575775428, -7.81573904942843 ], [ 109.725768881153897, -7.815732607069776 ], [ 109.725764209681643, -7.815730990118595 ], [ 109.725754871183312, -7.815727743520938 ], [ 109.725750204152973, -7.815726113872984 ], [ 109.725712886481745, -7.815713026182038 ], [ 109.725708224536788, -7.8157113840644 ], [ 109.725698905178149, -7.815708087167422 ], [ 109.725694247766796, -7.815706432389049 ], [ 109.725675627224007, -7.815699787966537 ], [ 109.725670975589026, -7.81569812097473 ], [ 109.72566167691059, -7.81569477435869 ], [ 109.725657032370862, -7.815693095643496 ], [ 109.725652383050829, -7.815691400881008 ], [ 109.725643094048053, -7.815688000528155 ], [ 109.725638451851012, -7.81568629402517 ], [ 109.725619897589922, -7.81567944466633 ], [ 109.725615261365363, -7.815677726017213 ], [ 109.725605993597696, -7.815674276100424 ], [ 109.725601362061468, -7.815672544835138 ], [ 109.725564334580099, -7.815658646518955 ], [ 109.725559708434048, -7.815656902902504 ], [ 109.725550460936347, -7.815653403096746 ], [ 109.725545839581685, -7.815651646906531 ], [ 109.725527363854951, -7.815644597039579 ], [ 109.725522747327147, -7.815642828289015 ], [ 109.725513519100105, -7.815639278228616 ], [ 109.725508907402229, -7.815637496919123 ], [ 109.725435170278956, -7.815608899908113 ], [ 109.725425962233658, -7.815605299947549 ], [ 109.725407565963508, -7.815598049992843 ], [ 109.725398377742295, -7.81559440000018 ], [ 109.725361665594676, -7.815579700398018 ], [ 109.725352497464598, -7.815576000478472 ], [ 109.725334181587414, -7.815568550830903 ], [ 109.725325033836782, -7.815564801101573 ], [ 109.725251939838927, -7.815534606697895 ], [ 109.725242812727572, -7.815530807263599 ], [ 109.725224579428073, -7.81552315880964 ], [ 109.72521547324385, -7.815519309791739 ], [ 109.725179091393443, -7.81550381499045 ], [ 109.725170006387089, -7.815499916494559 ], [ 109.725151857838966, -7.815492070148366 ], [ 109.725142794295095, -7.815488122297097 ], [ 109.725070378212536, -7.815456344872587 ], [ 109.725061336385181, -7.815452347774908 ], [ 109.725043274736663, -7.815444304462858 ], [ 109.72503425491584, -7.815440258248714 ], [ 109.724998220683517, -7.815423975625208 ], [ 109.724989223123885, -7.815419880408228 ], [ 109.724971250536896, -7.815411641095352 ], [ 109.724962275507437, -7.815407496998546 ], [ 109.724890571808658, -7.8153741516781 ], [ 109.724881619587279, -7.815369958828114 ], [ 109.724863738193164, -7.815361524489504 ], [ 109.724854809021281, -7.815357283001163 ], [ 109.724819139552096, -7.815340220302801 ], [ 109.724810233708922, -7.815335930307867 ], [ 109.724792445632829, -7.815327301947605 ], [ 109.724783563401729, -7.815322963583355 ], [ 109.724712606215633, -7.815288066238736 ], [ 109.724703747836031, -7.815283679620507 ], [ 109.724686055208565, -7.8152748582703 ], [ 109.724677220960189, -7.815270423538266 ], [ 109.724641933244527, -7.815252588892918 ], [ 109.724633123380556, -7.815248106173613 ], [ 109.724615528295885, -7.81523909288012 ], [ 109.724606743071774, -7.815234562303999 ], [ 109.724536566171423, -7.815198129545706 ], [ 109.724527805876903, -7.815193551260734 ], [ 109.724510310424876, -7.815184347092099 ], [ 109.724501575268107, -7.815179721208608 ], [ 109.724466686086203, -7.815161123096914 ], [ 109.72445797637539, -7.815156449777362 ], [ 109.724440582642558, -7.815147055833052 ], [ 109.724431898623209, -7.815142335209771 ], [ 109.724362535409341, -7.815104384377946 ], [ 109.724358203541158, -7.81510200660523 ], [ 109.724349546320809, -7.815097239287695 ], [ 109.724345220972509, -7.815094849745037 ], [ 109.724327932730773, -7.8150852680958 ], [ 109.72432361391418, -7.815082866789453 ], [ 109.724314982895976, -7.815078052459626 ], [ 109.724310670691295, -7.815075639434383 ], [ 109.724276200034751, -7.815056288655455 ], [ 109.724271895277866, -7.815053864383287 ], [ 109.724263292401588, -7.815049004140747 ], [ 109.724258994279182, -7.815046568168555 ], [ 109.724241815241271, -7.815036800982909 ], [ 109.72423752549139, -7.815034354304657 ], [ 109.724228952705857, -7.815029449305769 ], [ 109.724224673049434, -7.815026992930655 ], [ 109.724220387472712, -7.81502451761736 ], [ 109.724211829842375, -7.815019559225732 ], [ 109.724207554408679, -7.815017074201194 ], [ 109.724190473134513, -7.815007114831133 ], [ 109.724186206192712, -7.815004619163233 ], [ 109.724177679170566, -7.814999616239618 ], [ 109.724173419091358, -7.814997108984755 ], [ 109.724139373234209, -7.81497700892146 ], [ 109.724135120867743, -7.814974490584291 ], [ 109.724126623016105, -7.814969442340157 ], [ 109.724122377533206, -7.814966912434556 ], [ 109.724105409571223, -7.814956769795629 ], [ 109.724101171019129, -7.814954228349563 ], [ 109.72409270090867, -7.814949133954713 ], [ 109.724088469349567, -7.814946581005529 ], [ 109.724020832150586, -7.814905648931983 ], [ 109.72401239086895, -7.814900509048471 ], [ 109.723995536538951, -7.814890183441491 ], [ 109.723987123492122, -7.814884997718991 ], [ 109.72395352877578, -7.814864163768448 ], [ 109.723945144211996, -7.814858932359186 ], [ 109.723928403827301, -7.814848424016418 ], [ 109.72392004800389, -7.814843147081547 ], [ 109.723853322311015, -7.814800753258851 ], [ 109.723844995469904, -7.814795430949175 ], [ 109.723828371019295, -7.814784741116853 ], [ 109.723820073412583, -7.814779373595684 ], [ 109.723786942439062, -7.81475781372535 ], [ 109.723778674308392, -7.814752401148269 ], [ 109.72376216778531, -7.814741531110258 ], [ 109.723753929391137, -7.814736073648305 ], [ 109.723688146962388, -7.814692238253826 ], [ 109.723679938534701, -7.814686736057752 ], [ 109.723663551895811, -7.814675687100646 ], [ 109.723655373683528, -7.814670140338933 ], [ 109.723622722227276, -7.814647864814219 ], [ 109.723614574469252, -7.814642273648474 ], [ 109.723598309650072, -7.814631047079445 ], [ 109.723590192589086, -7.814625411676559 ], [ 109.72352538473433, -7.814580155574674 ], [ 109.723517298620891, -7.81457447610677 ], [ 109.723501157582689, -7.814563073277043 ], [ 109.723493102656164, -7.81455734991431 ], [ 109.723460946255784, -7.814534369336059 ], [ 109.723452922750198, -7.814528602243911 ], [ 109.723436907387111, -7.814517024494648 ], [ 109.723428915532281, -7.814511213839069 ], [ 109.723365113098566, -7.814464558571046 ], [ 109.723357153148697, -7.814458704534957 ], [ 109.723341265398403, -7.814446953263882 ], [ 109.723333337595591, -7.814441056027306 ], [ 109.723301691562824, -7.814417381338558 ], [ 109.723293796118128, -7.814411441057814 ], [ 109.723278037838668, -7.81439951764213 ], [ 109.72327017500686, -7.814393534509463 ], [ 109.723207408360906, -7.814345502282208 ], [ 109.723199578361687, -7.81433947646309 ], [ 109.723183951448789, -7.814327382334397 ], [ 109.723176154534031, -7.814321314024426 ], [ 109.723145033923402, -7.814296956488022 ], [ 109.723137270302914, -7.814290845849769 ], [ 109.723121776606263, -7.814278582442512 ], [ 109.723114046530156, -7.814272429673565 ], [ 109.72305234554517, -7.814223043347852 ], [ 109.723048493651618, -7.814219951617702 ], [ 109.723040798309285, -7.814213757675986 ], [ 109.723036954852034, -7.81421065545743 ], [ 109.723021598154617, -7.814198225814494 ], [ 109.723017763226323, -7.814195113182109 ], [ 109.72301010186942, -7.814188877479751 ], [ 109.723006275446892, -7.81418575441495 ], [ 109.722975698914297, -7.814160728837578 ], [ 109.722971882034301, -7.814157596192672 ], [ 109.722964256825037, -7.814151320515634 ], [ 109.722960448491108, -7.814148177479751 ], [ 109.722945232494851, -7.814135584757707 ], [ 109.72294143471305, -7.814132432999486 ], [ 109.722933847767933, -7.814126119169771 ], [ 109.722930062451155, -7.814122960316922 ], [ 109.722926271394613, -7.814119779104487 ], [ 109.722918705681764, -7.81411341281563 ], [ 109.722914927184775, -7.814110224525393 ], [ 109.722899838366402, -7.814097457322703 ], [ 109.722896070523973, -7.814094260387378 ], [ 109.722888543579415, -7.814087856261153 ], [ 109.722884784473877, -7.814084649067183 ], [ 109.722854755052253, -7.814058957728548 ], [ 109.722851005706673, -7.81405574115513 ], [ 109.722843515806801, -7.814049297804843 ], [ 109.72283977524711, -7.814046071023313 ], [ 109.722824830805507, -7.814033143675317 ], [ 109.722821099124928, -7.814029906766109 ], [ 109.722813644581663, -7.814023422767434 ], [ 109.722809921726594, -7.814020175684391 ], [ 109.722750439644358, -7.813968152315113 ], [ 109.722743021618896, -7.813961628689583 ], [ 109.722728221349257, -7.813948541179855 ], [ 109.722720839104738, -7.813941977295201 ], [ 109.722691382602079, -7.813915642051768 ], [ 109.722684036367355, -7.813909038110921 ], [ 109.722669380134334, -7.813895790377273 ], [ 109.722662070135698, -7.813889146584302 ], [ 109.722603740236934, -7.813835841523201 ], [ 109.72259646668499, -7.813829158067733 ], [ 109.722581956235103, -7.813815751686661 ], [ 109.722574719335114, -7.813809028759181 ], [ 109.722545845939749, -7.813782058942309 ], [ 109.722538645928125, -7.813775296761889 ], [ 109.722524282982818, -7.813761733326544 ], [ 109.722517120049645, -7.813754932072072 ], [ 109.722459970099067, -7.813700370693539 ], [ 109.722452844480586, -7.813693530587443 ], [ 109.722438630750446, -7.813679811710472 ], [ 109.722431542640265, -7.81367293294096 ], [ 109.722403266085678, -7.813645341379527 ], [ 109.72239621570975, -7.813638424164822 ], [ 109.722382152883483, -7.813624551478881 ], [ 109.722375140433314, -7.813617596007589 ], [ 109.722319197630554, -7.813561804279914 ], [ 109.722312223332608, -7.813554810774747 ], [ 109.722298313092153, -7.813540785936141 ], [ 109.722291377150214, -7.813533754603441 ], [ 109.722263710900506, -7.813505554435949 ], [ 109.722256813517902, -7.813498485481375 ], [ 109.722243057511605, -7.813484310155445 ], [ 109.722236198887174, -7.81347720378335 ], [ 109.722181489856666, -7.813420208260709 ], [ 109.722174670205845, -7.813413064692156 ], [ 109.722161070068637, -7.813398740560672 ], [ 109.722154289584239, -7.813391559999616 ], [ 109.722127246804803, -7.813362764646229 ], [ 109.722120505693852, -7.813355547311403 ], [ 109.722107063049862, -7.813341076087568 ], [ 109.72210036151472, -7.813333822196284 ], [ 109.722046912294559, -7.813275650006119 ], [ 109.722040250530824, -7.813268359768131 ], [ 109.722026966976273, -7.81325374316782 ], [ 109.72202034518449, -7.813246416804475 ], [ 109.721993938744788, -7.813217039969118 ], [ 109.721987357132377, -7.813209677709494 ], [ 109.72197423424825, -7.813194917475755 ], [ 109.721967692976875, -7.813187519501639 ], [ 109.721915529008129, -7.813128198334084 ], [ 109.721912274074384, -7.813124486608046 ], [ 109.721905774351114, -7.813117054300108 ], [ 109.721902529565511, -7.813113333722583 ], [ 109.721889570855865, -7.813098433865946 ], [ 109.721886336259274, -7.813094704483547 ], [ 109.721879877271078, -7.813087236932688 ], [ 109.721876652877881, -7.813083498762239 ], [ 109.721850899189292, -7.813053558992124 ], [ 109.721847685999023, -7.813049813201246 ], [ 109.72184126987878, -7.813042312909886 ], [ 109.721838066949317, -7.813038558410142 ], [ 109.721825275808726, -7.813023523059087 ], [ 109.721822085066435, -7.813019762127169 ], [ 109.721815713887679, -7.813012231632968 ], [ 109.721812537291441, -7.813008466634699 ], [ 109.721809356624306, -7.813004675875334 ], [ 109.7218030133306, -7.812997094830223 ], [ 109.721799846864599, -7.812993299981429 ], [ 109.721787209498416, -7.812978112623114 ], [ 109.721784055327475, -7.812974311457367 ], [ 109.721777757417328, -7.81296670058282 ], [ 109.721774613677667, -7.812962890873507 ], [ 109.721749513474322, -7.812932388732918 ], [ 109.721746381106755, -7.812928571629243 ], [ 109.721740126814382, -7.81292092890601 ], [ 109.721737004886734, -7.812917103282416 ], [ 109.721724538209969, -7.812901783936638 ], [ 109.721721426767147, -7.812897949847752 ], [ 109.721715214379401, -7.812890273220887 ], [ 109.72171211343732, -7.812886430686774 ], [ 109.721662593825613, -7.812824896800237 ], [ 109.721656424456967, -7.812817187665303 ], [ 109.721644127963202, -7.812801735939843 ], [ 109.721638000835924, -7.812793993346475 ], [ 109.721613577586709, -7.812762957039183 ], [ 109.721607492898954, -7.812755181236867 ], [ 109.721595366144413, -7.812739596656058 ], [ 109.721589324078877, -7.812731787879329 ], [ 109.721541162316839, -7.812669191307066 ], [ 109.721535163055307, -7.812661349788698 ], [ 109.721523207496489, -7.812645634221894 ], [ 109.721517251198975, -7.812637760173061 ], [ 109.721493512686834, -7.81260619990951 ], [ 109.721487599544673, -7.812598293582482 ], [ 109.721475816589646, -7.81258244888329 ], [ 109.721469946777233, -7.812574510511922 ], [ 109.72142316578379, -7.81251088104392 ], [ 109.721417339474726, -7.812502910860758 ], [ 109.721405730541392, -7.812486938933034 ], [ 109.721399947918258, -7.812478937190406 ], [ 109.721376905436387, -7.812446867985784 ], [ 109.721371166652204, -7.812438834894408 ], [ 109.721359733105487, -7.812422737619443 ], [ 109.721354038342952, -7.812414673435796 ], [ 109.721308660383443, -7.812350041358627 ], [ 109.721303009813994, -7.812341946323556 ], [ 109.721291753029675, -7.812325725635219 ], [ 109.721286146810883, -7.812317599976495 ], [ 109.721263811332562, -7.812285037103322 ], [ 109.721258249648088, -7.812276881086461 ], [ 109.72124717095511, -7.812260538903217 ], [ 109.721241653947629, -7.812252352738483 ], [ 109.72119770062028, -7.812186748816202 ], [ 109.721192228483744, -7.812178532788778 ], [ 109.721181329201727, -7.812162071054161 ], [ 109.721175902056416, -7.812153825346741 ], [ 109.721154284206534, -7.812120784296553 ], [ 109.721148902254583, -7.812112509215581 ], [ 109.721138183687344, -7.81209592990183 ], [ 109.721132847073534, -7.812087625670927 ], [ 109.721090339292971, -7.812021081123362 ], [ 109.721085048173052, -7.812012747982806 ], [ 109.721074511587062, -7.811996053045618 ], [ 109.721069266123607, -7.811987691253648 ], [ 109.721048376194176, -7.811954187758658 ], [ 109.721043176534295, -7.811945797548447 ], [ 109.721032823190853, -7.811928988990076 ], [ 109.721027669505759, -7.811920570639529 ], [ 109.720986627507671, -7.811853117147962 ], [ 109.720984068377902, -7.811848898198662 ], [ 109.720978961674007, -7.811840453375339 ], [ 109.720976414103347, -7.811836227506888 ], [ 109.720966246945181, -7.811819310206602 ], [ 109.720963710911235, -7.81181507738205 ], [ 109.720958650454293, -7.811806604900141 ], [ 109.720956126029535, -7.811802365240112 ], [ 109.720935977340787, -7.811768421078227 ], [ 109.720933465352289, -7.811764175985047 ], [ 109.720928453013812, -7.811755679031364 ], [ 109.72092595266264, -7.811751427168929 ], [ 109.72091597450634, -7.811734406136964 ], [ 109.72091348748279, -7.811730150406959 ], [ 109.720908525043967, -7.811721632165302 ], [ 109.720906053004512, -7.81171737548442 ], [ 109.720903579979733, -7.811713090202772 ], [ 109.720898652440439, -7.811704524650793 ], [ 109.720896194551415, -7.81170023855168 ], [ 109.720886393131138, -7.811683092431679 ], [ 109.7208839486334, -7.811678802556628 ], [ 109.720879071376373, -7.811670216156983 ], [ 109.720876638613618, -7.811665919626193 ], [ 109.720857230620538, -7.811631533459206 ], [ 109.720854810447292, -7.811627231795853 ], [ 109.720849981885408, -7.811618621920786 ], [ 109.720847573497792, -7.811614313710834 ], [ 109.720837963548661, -7.811597067831087 ], [ 109.720835566945027, -7.811592753071409 ], [ 109.720830785556586, -7.811584117065138 ], [ 109.72082840077195, -7.811579795818716 ], [ 109.72079034822508, -7.811510621163734 ], [ 109.72078561495141, -7.811501960752423 ], [ 109.720776195838255, -7.811484614312064 ], [ 109.720771509999508, -7.811475928283812 ], [ 109.72075286206956, -7.811441133967492 ], [ 109.720748223811597, -7.811432422592247 ], [ 109.720738994996225, -7.811414974719753 ], [ 109.720734404437678, -7.811406238220115 ], [ 109.720697874138523, -7.811336252168701 ], [ 109.720693331431562, -7.81132749083207 ], [ 109.720684294010937, -7.811309943597564 ], [ 109.720679799298409, -7.811301157702246 ], [ 109.720661916931192, -7.811265965971018 ], [ 109.720657470330593, -7.81125715574592 ], [ 109.720648625382012, -7.811239511245162 ], [ 109.720644227034029, -7.811230676969956 ], [ 109.720609236368205, -7.811159912833546 ], [ 109.720604886395904, -7.811151054752713 ], [ 109.720596234969491, -7.81113331507737 ], [ 109.720591933516232, -7.81112443348519 ], [ 109.720574825214953, -7.811088861074495 ], [ 109.720570572397321, -7.811079956211245 ], [ 109.720562115523876, -7.811062123478791 ], [ 109.720557911464937, -7.811053195603051 ], [ 109.720524477082563, -7.810981687056994 ], [ 109.720520321923118, -7.810972736465089 ], [ 109.720512060610417, -7.810954812797206 ], [ 109.720507954456764, -7.810945839720546 ], [ 109.720491628374248, -7.810909903583365 ], [ 109.720487571365823, -7.810900908326175 ], [ 109.720479506595098, -7.81088289585557 ], [ 109.720475498832627, -7.810873878641758 ], [ 109.720443636649179, -7.810801659731055 ], [ 109.720439678271191, -7.810792620870018 ], [ 109.720431811002925, -7.810774521738949 ], [ 109.720427902115148, -7.810765461474602 ], [ 109.720412366014557, -7.810729178702502 ], [ 109.720408506735623, -7.810720097309115 ], [ 109.720400837902787, -7.810701913667231 ], [ 109.720397028348486, -7.810692811417937 ], [ 109.720366753526378, -7.810619916515577 ], [ 109.720362993813296, -7.810610793686578 ], [ 109.720355524336014, -7.810592527713084 ], [ 109.720351814569995, -7.810583384563984 ], [ 109.720337075848647, -7.810546772435259 ], [ 109.720333416146048, -7.810537609252094 ], [ 109.720326146902721, -7.810519263098627 ], [ 109.720322537362506, -7.810510080129802 ], [ 109.72029386430512, -7.810436543921128 ], [ 109.720292078711964, -7.81043194596009 ], [ 109.720288520103054, -7.810422745199332 ], [ 109.720286747090938, -7.810418142409162 ], [ 109.720279680240878, -7.81039972168395 ], [ 109.720277919818159, -7.810395114085679 ], [ 109.720274411576838, -7.810385894120316 ], [ 109.720272663754315, -7.810381281742821 ], [ 109.720258731927231, -7.810344364533194 ], [ 109.7202569973594, -7.810339749123614 ], [ 109.720253540856902, -7.810330513640224 ], [ 109.720251818927636, -7.810325893581251 ], [ 109.720244956454735, -7.810307403960451 ], [ 109.72024324840379, -7.810302782621761 ], [ 109.720239844940181, -7.810293535351548 ], [ 109.720238152029083, -7.810288916275454 ], [ 109.720236462390119, -7.810284266841393 ], [ 109.720233100847565, -7.81027497714507 ], [ 109.720231426440989, -7.810270330023911 ], [ 109.7202247592096, -7.810251746207655 ], [ 109.72022309874319, -7.810247097944966 ], [ 109.720219790549095, -7.810237796959939 ], [ 109.720218142818112, -7.810233144228505 ], [ 109.720205016999444, -7.810195918925274 ], [ 109.720203382604097, -7.810191263441482 ], [ 109.720200126549969, -7.810181948037723 ], [ 109.720198504889822, -7.810177288114289 ], [ 109.720192043797397, -7.810158639763586 ], [ 109.720190434903202, -7.810153975488845 ], [ 109.720187229864678, -7.810144642542241 ], [ 109.720185633721712, -7.810139973873845 ], [ 109.720160204364788, -7.810065260350939 ], [ 109.720157051000456, -7.810055911822872 ], [ 109.720150795442407, -7.810037197741906 ], [ 109.720147693247498, -7.810027832185199 ], [ 109.720135387201708, -7.809990337096849 ], [ 109.720132336283427, -7.809980954834487 ], [ 109.720126285795857, -7.809962173828751 ], [ 109.720123286228329, -7.809952775089755 ], [ 109.72009949726089, -7.809877526114519 ], [ 109.720096549143591, -7.809868111208345 ], [ 109.720090704440395, -7.809849265490527 ], [ 109.720087807855009, -7.809839834680076 ], [ 109.720076324932506, -7.809802080790746 ], [ 109.720073479969642, -7.809792634370467 ], [ 109.720067841748573, -7.809773726193498 ], [ 109.720065048490653, -7.809764264437661 ], [ 109.720042911232781, -7.809688515824519 ], [ 109.720040169763877, -7.809679039015577 ], [ 109.720034738699212, -7.809660070638472 ], [ 109.720032049102713, -7.809650579068204 ], [ 109.720021394766661, -7.809612584343142 ], [ 109.720018757117998, -7.809603078276211 ], [ 109.720013533847066, -7.809584051929733 ], [ 109.720010948225251, -7.809574531650867 ], [ 109.719990473211737, -7.809498319455543 ], [ 109.719987939697546, -7.809488785260328 ], [ 109.719982924851024, -7.809469703237426 ], [ 109.71998044351858, -7.80946015540826 ], [ 109.719970622841515, -7.809421937940954 ], [ 109.719968193763066, -7.809412376755063 ], [ 109.719963387932125, -7.809393241309976 ], [ 109.719961011180146, -7.80938366705243 ], [ 109.719942208152418, -7.809307027543753 ], [ 109.719939883798872, -7.809297440503315 ], [ 109.71993528755678, -7.809278253915352 ], [ 109.719933015668289, -7.809268654368509 ], [ 109.719924033318478, -7.809230232330947 ], [ 109.719921813966323, -7.809220620578401 ], [ 109.719917427858832, -7.809201385129995 ], [ 109.719915261103381, -7.809191761433112 ], [ 109.719898139009047, -7.809114731088528 ], [ 109.719896024920956, -7.80910509576006 ], [ 109.719891849472162, -7.809085813746663 ], [ 109.719889788110777, -7.809076167058322 ], [ 109.719881648365345, -7.809037558749594 ], [ 109.71987963979393, -7.809027900997933 ], [ 109.719875675497633, -7.809008574703512 ], [ 109.719873719773886, -7.808998906166494 ], [ 109.719858286760257, -7.808921521651882 ], [ 109.719857328921307, -7.808916684377834 ], [ 109.719855426468712, -7.808907007225457 ], [ 109.719854481855236, -7.808902167348037 ], [ 109.719850729892414, -7.808882802840003 ], [ 109.71984979851743, -7.80887796042623 ], [ 109.719847949007544, -7.808868273072392 ], [ 109.719847030871222, -7.808863428124141 ], [ 109.719839738936741, -7.808824659457969 ], [ 109.719838834403561, -7.808819813939692 ], [ 109.7198370385766, -7.808810120426131 ], [ 109.7198361472839, -7.808805272437553 ], [ 109.719832608644992, -7.808785875819467 ], [ 109.719831731282966, -7.808781029201612 ], [ 109.719829989803657, -7.808771333635491 ], [ 109.719829127019523, -7.808766492228017 ], [ 109.719828272518669, -7.808761620220139 ], [ 109.71982657949502, -7.808751888912866 ], [ 109.71982573963686, -7.80874702205972 ], [ 109.719822409490234, -7.808727565454035 ], [ 109.719821583606517, -7.808722700161809 ], [ 109.719819945150221, -7.80871296732272 ], [ 109.719819132579232, -7.808708099786543 ], [ 109.719812687923934, -7.808669166596815 ], [ 109.71981188898593, -7.808664298783015 ], [ 109.719810304418786, -7.808654560952505 ], [ 109.719809518790328, -7.808649690938864 ], [ 109.719806402948336, -7.808630206812552 ], [ 109.719805630645965, -7.808625334701276 ], [ 109.719804099371117, -7.808615588406496 ], [ 109.71980334039813, -7.808610714219469 ], [ 109.719791306767661, -7.80853273200654 ], [ 109.719789829112187, -7.808522979429767 ], [ 109.719786927155269, -7.808503466351908 ], [ 109.719785502853711, -7.80849370584798 ], [ 109.71977991254505, -7.808454649285693 ], [ 109.719778541647884, -7.80844488120016 ], [ 109.719775853295573, -7.8084253377138 ], [ 109.719774535840827, -7.808415562317805 ], [ 109.719764210894766, -7.80833733686319 ], [ 109.719762946923765, -7.80832755446329 ], [ 109.719760472496716, -7.808307982902136 ], [ 109.7197592620401, -7.808298193737187 ], [ 109.719754527403268, -7.808259024849406 ], [ 109.719753370504122, -7.808249229264106 ], [ 109.719751110293828, -7.808229631935092 ], [ 109.719750006983134, -7.808219830194957 ], [ 109.719741395632923, -7.808141398728822 ], [ 109.719740345945297, -7.808131591138078 ], [ 109.719738300224151, -7.808111970400091 ], [ 109.719737304190517, -7.808102157253359 ], [ 109.719733427476626, -7.808062894672332 ], [ 109.719732485126258, -7.80805307625468 ], [ 109.719730654134025, -7.80803343441471 ], [ 109.719729765492332, -7.808023610992905 ], [ 109.719722871834563, -7.80794501084597 ], [ 109.719722036931614, -7.807935182746974 ], [ 109.719720420889018, -7.807915522167491 ], [ 109.719719639749599, -7.807905689690074 ], [ 109.719716622804867, -7.807866352123085 ], [ 109.71971589544961, -7.80785651552435 ], [ 109.719714494547816, -7.807836838539856 ], [ 109.719713821001108, -7.807826998151882 ], [ 109.719708648313713, -7.807748266732176 ], [ 109.719708028592777, -7.80773842280405 ], [ 109.719706842997311, -7.807718731738532 ], [ 109.719706277122668, -7.807708884598981 ], [ 109.719704121380232, -7.807669490748594 ], [ 109.71970360936831, -7.807659640683141 ], [ 109.719702639220941, -7.80763993789725 ], [ 109.719702181085722, -7.807630085177266 ], [ 109.719698731829055, -7.807551259957734 ], [ 109.719698327585832, -7.807541404908875 ], [ 109.719697573001895, -7.807521692736998 ], [ 109.719697222660955, -7.807511835611194 ], [ 109.719695929146496, -7.807472404244493 ], [ 109.719695632720004, -7.807462545380815 ], [ 109.719695093789312, -7.807442826186957 ], [ 109.71969485128534, -7.807432965861267 ], [ 109.719693127097798, -7.807354084358508 ], [ 109.719693026087725, -7.807349154720328 ], [ 109.719692837544528, -7.807339295137638 ], [ 109.719692750011518, -7.807334365192332 ], [ 109.719692426839799, -7.807314645172539 ], [ 109.719692352785955, -7.807309715041754 ], [ 109.71969221815732, -7.807299854603855 ], [ 109.719692157582472, -7.807294924297423 ], [ 109.71969172690973, -7.807255481941013 ], [ 109.719691679830419, -7.807250553422421 ], [ 109.719691599140845, -7.807240696287408 ], [ 109.719691565530525, -7.807235767666441 ], [ 109.719691458029331, -7.807216053100262 ], [ 109.719691437899144, -7.807211128305994 ], [ 109.719691411087183, -7.807201278647938 ], [ 109.71969140440541, -7.807196361563342 ], [ 109.719691411209396, -7.807191415335637 ], [ 109.719691438340192, -7.807181538465557 ], [ 109.719691458667057, -7.807176600047114 ], [ 109.719691566933875, -7.807156862152738 ], [ 109.719691600751446, -7.807151927687983 ], [ 109.719691681887412, -7.807142058891372 ], [ 109.719691729205863, -7.807137124565429 ], [ 109.719692161578905, -7.807097666677635 ], [ 109.719692222371862, -7.807092734415335 ], [ 109.719692357447116, -7.807082870076556 ], [ 109.719692431729754, -7.807077937994507 ], [ 109.719692755836377, -7.807058210226103 ], [ 109.719692843607731, -7.807053278383194 ], [ 109.719693032638929, -7.80704341495283 ], [ 109.719693133898943, -7.807038483365204 ], [ 109.719694861483902, -7.806959601934921 ], [ 109.719695104412779, -7.806949741614687 ], [ 109.719695644192768, -7.806930022432311 ], [ 109.719695941043994, -7.806920163568009 ], [ 109.719697236255968, -7.806880732252125 ], [ 109.719697587020335, -7.806870875160428 ], [ 109.719698342451977, -7.80685116302692 ], [ 109.719698747119025, -7.806841307990567 ], [ 109.719702199763958, -7.80676248291644 ], [ 109.71970265832158, -7.806752630228971 ], [ 109.719703629314836, -7.806732927486337 ], [ 109.71970414175064, -7.806723077424238 ], [ 109.719706299183599, -7.806683683666563 ], [ 109.719706865479793, -7.806673836561686 ], [ 109.719708051919326, -7.806654145546531 ], [ 109.719708672062552, -7.806644301641825 ], [ 109.719713848121614, -7.806565570439375 ], [ 109.719714522090214, -7.806555730068567 ], [ 109.719715923834542, -7.806536053132447 ], [ 109.719716651610611, -7.806526216561792 ], [ 109.719719670236657, -7.806486879116505 ], [ 109.719720451795638, -7.806477046674445 ], [ 109.719722068677413, -7.806457386164311 ], [ 109.719722903999411, -7.806447558102832 ], [ 109.719729801006679, -7.80636895824415 ], [ 109.719730690066513, -7.806359134860259 ], [ 109.719732521893093, -7.806339493109817 ], [ 109.719733464659157, -7.8063296747506 ], [ 109.719737343039981, -7.806290412338626 ], [ 109.719738339493574, -7.806280599199283 ], [ 109.719740386048329, -7.806260978537352 ], [ 109.719741436149661, -7.80625117100908 ], [ 109.71975005082021, -7.806172739902479 ], [ 109.71975115454569, -7.806162938205148 ], [ 109.719753415583625, -7.80614334097271 ], [ 109.719754572896818, -7.806133545431351 ], [ 109.719759309186941, -7.806094376732233 ], [ 109.719760520053001, -7.806084587641635 ], [ 109.71976299530462, -7.806065016176888 ], [ 109.719764259690407, -7.80605523380342 ], [ 109.719774587922188, -7.805977008778882 ], [ 109.719775905786378, -7.805967233439503 ], [ 109.719778594957575, -7.80594769006467 ], [ 109.719779966263843, -7.805937922034389 ], [ 109.71978555820499, -7.805898865709025 ], [ 109.719786982910875, -7.805889105286496 ], [ 109.719789885680768, -7.805869592334375 ], [ 109.719791363745571, -7.805859839800632 ], [ 109.719803400619639, -7.805781858087641 ], [ 109.719804159499915, -7.805776985810496 ], [ 109.719806489265068, -7.805767315335743 ], [ 109.719807221182691, -7.805762446180722 ], [ 109.71980844337304, -7.805753962828305 ], [ 109.71981012927904, -7.805742977771729 ], [ 109.719810880604996, -7.805738104631871 ], [ 109.719812389882293, -7.805728359611521 ], [ 109.719813147836362, -7.805723487715227 ], [ 109.719819237918784, -7.805684517903046 ], [ 109.719820012160255, -7.805679650771083 ], [ 109.719821662293953, -7.805669931583168 ], [ 109.719822489390594, -7.80566508008792 ], [ 109.719826081781321, -7.805645692141297 ], [ 109.71982698218585, -7.805640851033274 ], [ 109.719828789641213, -7.805631169865933 ], [ 109.719829695278179, -7.805626337320803 ], [ 109.719830612893304, -7.805621477576665 ], [ 109.719832234873763, -7.805611726749305 ], [ 109.719833144106815, -7.80560687255263 ], [ 109.719837077024579, -7.805587534758217 ], [ 109.719837885001027, -7.805582710647968 ], [ 109.719838895311625, -7.805572803159464 ], [ 109.719839801067621, -7.805567952034892 ], [ 109.719847097254558, -7.805529168591022 ], [ 109.719848015930211, -7.805524321781888 ], [ 109.719849866520462, -7.805514630750224 ], [ 109.7198507984358, -7.805509786525135 ], [ 109.719854552604318, -7.805490414642975 ], [ 109.719855497772357, -7.805485572932582 ], [ 109.719857401352044, -7.805475892075663 ], [ 109.71985835976443, -7.805471052925952 ], [ 109.719873795920421, -7.805393669047646 ], [ 109.719875752035193, -7.805384000594472 ], [ 109.719879717110757, -7.80536467447547 ], [ 109.719881726071208, -7.805355016811177 ], [ 109.719889867373752, -7.805316408834585 ], [ 109.719891929121843, -7.805306762238047 ], [ 109.7198961053478, -7.805287480385402 ], [ 109.719898219825495, -7.805277845129865 ], [ 109.719915345002846, -7.805200815485421 ], [ 109.719917512142558, -7.805191191876872 ], [ 109.719921899015787, -7.805171956611048 ], [ 109.71992411874902, -7.805162344954397 ], [ 109.719933102622576, -7.805123923291148 ], [ 109.719935374892771, -7.805114323830821 ], [ 109.719939971893382, -7.805095137432829 ], [ 109.719942296623856, -7.805085550494198 ], [ 109.719961102668378, -7.805008911752907 ], [ 109.719963479795013, -7.804999337596655 ], [ 109.719968286375206, -7.804980202347906 ], [ 109.719970715828822, -7.804970641255295 ], [ 109.719980537998708, -7.804932424180606 ], [ 109.719983019702454, -7.804922876454214 ], [ 109.719988035291806, -7.804903794629467 ], [ 109.71999056917798, -7.804894260529693 ], [ 109.720011047136722, -7.804818049167181 ], [ 109.720013633126769, -7.804808528987053 ], [ 109.72001885712632, -7.804789502862548 ], [ 109.720021495134176, -7.804779996922093 ], [ 109.720032150922634, -7.804742002633191 ], [ 109.720034840883216, -7.804732511164787 ], [ 109.720040272673202, -7.804713542997661 ], [ 109.720043014503233, -7.804704066297177 ], [ 109.720065154629424, -7.8046283185775 ], [ 109.72006794824523, -7.804618856931029 ], [ 109.720073587176842, -7.804599948984617 ], [ 109.720076432493045, -7.804590502683993 ], [ 109.720087916831119, -7.804552749250831 ], [ 109.720090813765353, -7.804543318568278 ], [ 109.720096659171134, -7.804524473083802 ], [ 109.720099607643021, -7.804515058281368 ], [ 109.720123399397551, -7.804439810256497 ], [ 109.720126399312335, -7.80443041163511 ], [ 109.720132450491633, -7.804411630868231 ], [ 109.720135501756658, -7.804402248720464 ], [ 109.720147809172715, -7.80436475412796 ], [ 109.720150911701239, -7.804355388718989 ], [ 109.720157167938567, -7.804336674891317 ], [ 109.720160321647143, -7.804327326474265 ], [ 109.720185753702538, -7.804252613963058 ], [ 109.720187349415426, -7.80424794709927 ], [ 109.720190553597604, -7.804238617718624 ], [ 109.720192162065416, -7.804233955205689 ], [ 109.720198621395753, -7.804215314002704 ], [ 109.72020024261144, -7.804210655861368 ], [ 109.720203497758007, -7.804201344044202 ], [ 109.720205131689738, -7.804196690365529 ], [ 109.72021825382069, -7.804159479314819 ], [ 109.720219899860069, -7.804154831808091 ], [ 109.720223204643219, -7.804145541260823 ], [ 109.720224863387102, -7.804140898219941 ], [ 109.720231523682685, -7.804122335235832 ], [ 109.720233193863123, -7.804117700165079 ], [ 109.72023654687132, -7.804108434589239 ], [ 109.720238227194386, -7.804103810947311 ], [ 109.720239929587819, -7.804099166154401 ], [ 109.72024334205031, -7.804089894960271 ], [ 109.720245054624058, -7.804085261696457 ], [ 109.720251925186119, -7.804066751719688 ], [ 109.720253649159986, -7.804062126554413 ], [ 109.7202571097651, -7.804052880906966 ], [ 109.720258846396007, -7.804048260425702 ], [ 109.720272784514407, -7.804011330037611 ], [ 109.720274533127565, -7.804006716013987 ], [ 109.720278042958398, -7.803997492762903 ], [ 109.720279804172719, -7.803992883543344 ], [ 109.720286874233352, -7.803974456268691 ], [ 109.720288648070778, -7.803969851795785 ], [ 109.72029220830143, -7.803960647771305 ], [ 109.720293994697727, -7.803956048211546 ], [ 109.720322670262419, -7.803882513125814 ], [ 109.720326280109759, -7.803873330308477 ], [ 109.720333549970746, -7.803854984444513 ], [ 109.720337209984905, -7.803845821396806 ], [ 109.720351949938333, -7.80380920983373 ], [ 109.720355660016423, -7.803800066812755 ], [ 109.720363130108353, -7.803781801115178 ], [ 109.720366890121454, -7.803772678439657 ], [ 109.72039716735128, -7.803699784706396 ], [ 109.720400977201848, -7.803690682609897 ], [ 109.720408646625117, -7.803672499273034 ], [ 109.720412506199864, -7.803663418028918 ], [ 109.720428043475465, -7.803627135859188 ], [ 109.720431952652461, -7.803618075753093 ], [ 109.720439820506044, -7.803599976917496 ], [ 109.720443779181892, -7.80359093818987 ], [ 109.720475643663633, -7.803518720504997 ], [ 109.720479651701453, -7.803509703466602 ], [ 109.720487717036349, -7.803491691310967 ], [ 109.720491774335926, -7.803482696188837 ], [ 109.72050810154127, -7.803446760673921 ], [ 109.720512207962599, -7.80343778777808 ], [ 109.720520469830433, -7.803419864423802 ], [ 109.720524625274948, -7.803410913970254 ], [ 109.720558061842212, -7.803339406700729 ], [ 109.720562266168031, -7.803330478993189 ], [ 109.720570723581261, -7.803312646579229 ], [ 109.720574976668388, -7.803303741874004 ], [ 109.720592086031218, -7.80326817011786 ], [ 109.720596387751812, -7.803259288682455 ], [ 109.720605039702036, -7.803241549338054 ], [ 109.720609389932292, -7.803232691428207 ], [ 109.720644382668638, -7.803161928610621 ], [ 109.720648781274349, -7.803153094497475 ], [ 109.720657626730485, -7.803135450333457 ], [ 109.720662073579945, -7.803126640283892 ], [ 109.72067995695329, -7.803091449221654 ], [ 109.720684451919112, -7.803082663487203 ], [ 109.720693489837288, -7.803065116587959 ], [ 109.720698032790324, -7.803056355421688 ], [ 109.72073456503847, -7.802986370735482 ], [ 109.720739155829165, -7.802977634423883 ], [ 109.720748385122931, -7.802960186895575 ], [ 109.720753023626344, -7.802951475678071 ], [ 109.72077167249995, -7.802916682055297 ], [ 109.720776358569594, -7.802907996206727 ], [ 109.720785778147615, -7.80289065011516 ], [ 109.720790511654855, -7.802881989874606 ], [ 109.720828566028729, -7.802812816621554 ], [ 109.720830950123627, -7.80280849691303 ], [ 109.720835730103431, -7.802799864014901 ], [ 109.720838125992429, -7.802795550817734 ], [ 109.720847733079268, -7.802778311154952 ], [ 109.720850140739856, -7.802774004509445 ], [ 109.72085496784689, -7.802765397744395 ], [ 109.720857387292142, -7.80276109762741 ], [ 109.720876789415456, -7.802726723827845 ], [ 109.720879219751055, -7.802722431814004 ], [ 109.720884092173492, -7.802713854355716 ], [ 109.720886534260899, -7.802709568910018 ], [ 109.720896325922638, -7.802692440602527 ], [ 109.720898778020512, -7.802688164753874 ], [ 109.72090369388485, -7.802679619733738 ], [ 109.720906154274246, -7.802675356395923 ], [ 109.720908638994445, -7.80267107792821 ], [ 109.720913613384369, -7.802662539404139 ], [ 109.720916106428945, -7.802658273518944 ], [ 109.720926095072628, -7.802641235310944 ], [ 109.720928598062414, -7.802636979152624 ], [ 109.720933615692104, -7.80262847363656 ], [ 109.720936130334451, -7.802624224274837 ], [ 109.720956286599574, -7.802590269175482 ], [ 109.720958811984985, -7.802586028133476 ], [ 109.720963874340498, -7.80257755294241 ], [ 109.720966411303664, -7.802573318804775 ], [ 109.720976582300182, -7.802556396083332 ], [ 109.720979130835758, -7.802552168859052 ], [ 109.720984239473523, -7.80254372133345 ], [ 109.720986799581055, -7.802539501023659 ], [ 109.721027843149443, -7.802472049006781 ], [ 109.721032997038094, -7.802463630824207 ], [ 109.72104335076915, -7.802446822630429 ], [ 109.721048550607577, -7.802438432625024 ], [ 109.72106944128717, -7.802404929878435 ], [ 109.721074686940142, -7.802396568267739 ], [ 109.721085223890839, -7.802379873711914 ], [ 109.721090515192429, -7.802371540760873 ], [ 109.721133024406356, -7.802304997726537 ], [ 109.721138361194789, -7.802296693687367 ], [ 109.72114908011298, -7.802280114750488 ], [ 109.721154462238474, -7.80227183985869 ], [ 109.721176080771784, -7.802238799571739 ], [ 109.721181508071083, -7.802230554077937 ], [ 109.721192407685635, -7.802214092728946 ], [ 109.72119788000424, -7.802205876868527 ], [ 109.721241834633304, -7.802140274482042 ], [ 109.721247351793579, -7.802132088519329 ], [ 109.72125843080363, -7.802115746719835 ], [ 109.721263992654144, -7.80210759088169 ], [ 109.721286328752285, -7.802075028778575 ], [ 109.721291935113697, -7.802066903327329 ], [ 109.721303192201788, -7.802050683023538 ], [ 109.721308842925907, -7.802042588174459 ], [ 109.721354222049513, -7.801977957658323 ], [ 109.721359916960182, -7.801969893662033 ], [ 109.721371350785773, -7.801953796782357 ], [ 109.721377089701832, -7.801945763897436 ], [ 109.721400132726558, -7.801913695484984 ], [ 109.721405915480716, -7.801905693944207 ], [ 109.72141752467769, -7.80188972241433 ], [ 109.721423351121587, -7.801881752423924 ], [ 109.7214701331377, -7.801818124541285 ], [ 109.72147600307261, -7.801810186371085 ], [ 109.721487786269961, -7.801794342074174 ], [ 109.72149369952723, -7.801786435954511 ], [ 109.721517438515605, -7.801754876487905 ], [ 109.721523394927544, -7.80174700264206 ], [ 109.721535350723002, -7.80173128746668 ], [ 109.721548520545184, -7.801714189164102 ], [ 109.721589867257933, -7.801661166258668 ], [ 109.721600346819287, -7.801647391943732 ], [ 109.721606400878102, -7.801639590011007 ], [ 109.721609432832167, -7.801635693686933 ], [ 109.721633728619736, -7.80160455923675 ], [ 109.721642884566847, -7.801592924589784 ], [ 109.721655158258272, -7.801577458798931 ], [ 109.721665964944805, -7.801563974301928 ], [ 109.721686145510148, -7.801539038119415 ], [ 109.721706142905134, -7.801513910898393 ], [ 109.721715404120232, -7.801502371115816 ], [ 109.721721614710304, -7.801494697009787 ], [ 109.721724725247952, -7.801490864182142 ], [ 109.721737188306236, -7.801475549849556 ], [ 109.721740309328254, -7.801471725473732 ], [ 109.721746561797374, -7.801464085246437 ], [ 109.721749693250729, -7.801460269387405 ], [ 109.721774786103822, -7.801429777186115 ], [ 109.721777927019616, -7.801425971014282 ], [ 109.721784219257643, -7.801418367204747 ], [ 109.721787370576692, -7.801414569570966 ], [ 109.72179999653099, -7.80139939626639 ], [ 109.721803156301576, -7.801395609503516 ], [ 109.721809486179552, -7.801388044570615 ], [ 109.721812652451035, -7.801384270959431 ], [ 109.721815843449804, -7.801380488882444 ], [ 109.721822228080384, -7.801372942565308 ], [ 109.721825425548275, -7.801369173766147 ], [ 109.721838228298111, -7.801354125093781 ], [ 109.721841434153248, -7.80135036725477 ], [ 109.721847856110969, -7.801342860337854 ], [ 109.721851072210882, -7.801339111262905 ], [ 109.721876833839815, -7.801309163190467 ], [ 109.721880059224191, -7.80130542398922 ], [ 109.721886520195312, -7.801297954387053 ], [ 109.721889755788993, -7.80129422397863 ], [ 109.721902718506101, -7.801279320016988 ], [ 109.721905964291068, -7.801275598421682 ], [ 109.72191246603461, -7.801268164064936 ], [ 109.721915721987955, -7.801264451309294 ], [ 109.721967886400819, -7.8012051317898 ], [ 109.72197442771801, -7.801197734028449 ], [ 109.721987550705535, -7.801182974203812 ], [ 109.721994132375983, -7.801175612140241 ], [ 109.722020538997981, -7.801146236134173 ], [ 109.722027160837229, -7.801138909973758 ], [ 109.722040444473805, -7.801124293790281 ], [ 109.722047106271873, -7.80111700376608 ], [ 109.722100555786028, -7.801058833234379 ], [ 109.722107257363803, -7.801051579540285 ], [ 109.72212070006583, -7.801037108736978 ], [ 109.722127441190651, -7.801029891626797 ], [ 109.722154484082523, -7.801001097101164 ], [ 109.722161264588635, -7.800993916751452 ], [ 109.722174864779618, -7.800979593028273 ], [ 109.722181684463465, -7.800972449655774 ], [ 109.722236393642333, -7.800915455793984 ], [ 109.722243252278133, -7.800908349633062 ], [ 109.722257008308418, -7.800894174724817 ], [ 109.722263905704835, -7.800887105975676 ], [ 109.722291571992059, -7.800858906638666 ], [ 109.722298507940593, -7.800851875514127 ], [ 109.72231241819577, -7.800837851086953 ], [ 109.722319392502754, -7.800830857784035 ], [ 109.722375335306765, -7.800775067717723 ], [ 109.722382347749829, -7.800768112457718 ], [ 109.722396410565068, -7.800754240187587 ], [ 109.72240346093497, -7.800747323179849 ], [ 109.72243173745278, -7.800719732449181 ], [ 109.722438825546817, -7.800712853891525 ], [ 109.722453039249217, -7.800699135431273 ], [ 109.722460164858148, -7.800692295527824 ], [ 109.722517314660536, -7.800637735809914 ], [ 109.722524477566878, -7.800630934767184 ], [ 109.722538840464438, -7.800617371746739 ], [ 109.722546040454347, -7.80061060977016 ], [ 109.722574913738924, -7.800583640782349 ], [ 109.722582150602989, -7.800576918067406 ], [ 109.722596660989495, -7.800563512100666 ], [ 109.7226039345137, -7.800556828847277 ], [ 109.722662264115968, -7.800503525442139 ], [ 109.722669574073961, -7.800496881855793 ], [ 109.722684230221375, -7.800483634536477 ], [ 109.722691576412558, -7.800477030801858 ], [ 109.722721032729623, -7.800450696385326 ], [ 109.72272841491565, -7.800444132715825 ], [ 109.722743215085131, -7.800431045618438 ], [ 109.72275063306563, -7.800424522192998 ], [ 109.722810114703748, -7.800372500471838 ], [ 109.722813836560363, -7.800369254334612 ], [ 109.722821289153046, -7.800362772177266 ], [ 109.722825019897641, -7.80035953614987 ], [ 109.722839960420742, -7.800346612460316 ], [ 109.722843699976977, -7.800343386608972 ], [ 109.722851187908702, -7.800336945075742 ], [ 109.722854936273336, -7.800333729403178 ], [ 109.722884957755866, -7.800308045308157 ], [ 109.722888713940904, -7.800304840654803 ], [ 109.722896235066855, -7.800298441562916 ], [ 109.72290000001027, -7.800295247122278 ], [ 109.722915077132029, -7.800282489928122 ], [ 109.72291884887278, -7.800279307350536 ], [ 109.722926401030804, -7.80027295245992 ], [ 109.72293017761092, -7.800269783357578 ], [ 109.722933977256673, -7.800266612509745 ], [ 109.722941577523386, -7.80026028758499 ], [ 109.722945381976899, -7.800257130301134 ], [ 109.722960609299946, -7.800244528309463 ], [ 109.72296442046644, -7.800241382968181 ], [ 109.722972051359477, -7.800235102690692 ], [ 109.722975871087158, -7.800231967753689 ], [ 109.723006454969777, -7.800206936568657 ], [ 109.723010282304131, -7.800203812811958 ], [ 109.723017945503102, -7.80019757571921 ], [ 109.723021781377838, -7.800194462374975 ], [ 109.723037141773943, -7.800182029971154 ], [ 109.723040986120168, -7.800178927094976 ], [ 109.723048683317131, -7.80017273178396 ], [ 109.723052536160878, -7.800169639354976 ], [ 109.723114236409344, -7.800120254652256 ], [ 109.723121966393478, -7.800114102082887 ], [ 109.723137459899533, -7.800101839077058 ], [ 109.723145223420374, -7.800095728641679 ], [ 109.723176343627586, -7.800071371911997 ], [ 109.723184140442129, -7.800065303801205 ], [ 109.723199767142091, -7.800053210077806 ], [ 109.723207597026544, -7.800047184466337 ], [ 109.723270362790856, -7.799999153845363 ], [ 109.723278225525348, -7.79999317090062 ], [ 109.723293983573171, -7.799981247886137 ], [ 109.723301878886218, -7.799975307816453 ], [ 109.723333524444001, -7.79995163392482 ], [ 109.723341452135969, -7.799945736879749 ], [ 109.723357339645759, -7.799933986003111 ], [ 109.723365299465229, -7.799928132170066 ], [ 109.723429100876103, -7.799881478487634 ], [ 109.723437092598942, -7.799875668030211 ], [ 109.723453107692592, -7.799864090678057 ], [ 109.723461131061356, -7.799858323784747 ], [ 109.723493286916437, -7.799835343992754 ], [ 109.723501341707902, -7.799829620823402 ], [ 109.723517482471834, -7.799818218381688 ], [ 109.723525568446405, -7.799812539107563 ], [ 109.723590375139054, -7.799767284567338 ], [ 109.723598492046392, -7.799761649362154 ], [ 109.72361475655913, -7.799750423185799 ], [ 109.723622904160095, -7.799744832217414 ], [ 109.72365555499772, -7.799722557468954 ], [ 109.723663733067156, -7.799717010891356 ], [ 109.723680119390167, -7.799705962320786 ], [ 109.7236883276463, -7.799700460325596 ], [ 109.723754108773335, -7.799656626466913 ], [ 109.723762347007948, -7.799651169191748 ], [ 109.723778853203157, -7.799640299530722 ], [ 109.72378712116631, -7.799634887143213 ], [ 109.723820251454868, -7.7996133280339 ], [ 109.723828548884683, -7.799607960704748 ], [ 109.723845172978201, -7.799597271256118 ], [ 109.723853499640938, -7.799591949136982 ], [ 109.723920223896414, -7.799549556820864 ], [ 109.723928579531162, -7.79954428007693 ], [ 109.723945319549784, -7.79953377210677 ], [ 109.723953703929908, -7.799528540882704 ], [ 109.723987297898759, -7.79950770767465 ], [ 109.72399571076204, -7.799502522133935 ], [ 109.724012564712496, -7.79949219689604 ], [ 109.724021005801376, -7.799487057197609 ], [ 109.724088641430228, -7.799446126598582 ], [ 109.724092872080689, -7.79944357422778 ], [ 109.724101340318214, -7.799438481016409 ], [ 109.724105577897717, -7.799435940180217 ], [ 109.724122542093482, -7.799425799892333 ], [ 109.724126786631132, -7.799423270573072 ], [ 109.724135282586928, -7.799418223498321 ], [ 109.724139534010817, -7.799415705739079 ], [ 109.72417357229449, -7.799395610289423 ], [ 109.724177829765154, -7.799393104582521 ], [ 109.724186351521951, -7.799388104764148 ], [ 109.724190615811665, -7.799385610650688 ], [ 109.724207686524323, -7.799375657432449 ], [ 109.724211955937619, -7.79937317589463 ], [ 109.724220501522268, -7.799368224435739 ], [ 109.724224774318827, -7.799365756457917 ], [ 109.724229066513317, -7.799363292840439 ], [ 109.724237650879786, -7.799358381168815 ], [ 109.724241946422012, -7.799355931174318 ], [ 109.724259135136663, -7.799346158478784 ], [ 109.724263435685032, -7.79934372113388 ], [ 109.724272043407211, -7.799338858167289 ], [ 109.724276350583125, -7.799336432544123 ], [ 109.724310827112674, -7.799317078590775 ], [ 109.724315140072463, -7.799314665159443 ], [ 109.72432377256041, -7.799309850045461 ], [ 109.724328092089706, -7.799307448361958 ], [ 109.724345383279342, -7.799297865161066 ], [ 109.724349709355351, -7.799295475238239 ], [ 109.72435836805613, -7.799290707151783 ], [ 109.724362700683002, -7.799288328987359 ], [ 109.724432062069866, -7.79925037955735 ], [ 109.724440745859397, -7.799245659107385 ], [ 109.724458139123271, -7.79923626551232 ], [ 109.724466848596933, -7.799231592367676 ], [ 109.724501736831087, -7.799212994948789 ], [ 109.724510471733311, -7.79920836924606 ], [ 109.724527966704159, -7.799199165421953 ], [ 109.724536726773067, -7.799194587300406 ], [ 109.724606901720506, -7.799158155904763 ], [ 109.724615686686718, -7.799153625503436 ], [ 109.72463328127634, -7.799144612546399 ], [ 109.724642090900431, -7.799140129990292 ], [ 109.724677377612124, -7.799122296014389 ], [ 109.724686211613061, -7.799117861446405 ], [ 109.724703903732461, -7.799109040428789 ], [ 109.724712761848139, -7.799104653980578 ], [ 109.724783716963714, -7.799069757954612 ], [ 109.724792598942031, -7.799065419749525 ], [ 109.724810386494084, -7.799056791714804 ], [ 109.724819292072425, -7.799052501882841 ], [ 109.724854960476478, -7.79903543983329 ], [ 109.724863889368066, -7.799031198512125 ], [ 109.724881770221828, -7.799022764496158 ], [ 109.724890722181726, -7.799018571802492 ], [ 109.724962423696809, -7.798985227754372 ], [ 109.724971398441141, -7.798981083819456 ], [ 109.724989370474077, -7.798972844821094 ], [ 109.724998367764442, -7.798968749756796 ], [ 109.725034400876439, -7.798952467757886 ], [ 109.725043420415489, -7.798948421698981 ], [ 109.72506148149597, -7.798940378697694 ], [ 109.725070523035015, -7.798936381756334 ], [ 109.72514293681968, -7.798904605557425 ], [ 109.725152000073138, -7.798900657858098 ], [ 109.725170148040888, -7.798892811813687 ], [ 109.725179232757512, -7.798888913467579 ], [ 109.725215613433363, -7.798873419266215 ], [ 109.725224719324729, -7.798869570396448 ], [ 109.725242952031806, -7.79886192223978 ], [ 109.725252078842573, -7.798858122954869 ], [ 109.72532517043544, -7.79882792972677 ], [ 109.725334317886791, -7.798824180141253 ], [ 109.725352633154273, -7.798816730784097 ], [ 109.725361800976373, -7.798813031010184 ], [ 109.725398511894014, -7.798798331983392 ], [ 109.725407699799234, -7.798794682136418 ], [ 109.725426095447403, -7.79878743246735 ], [ 109.725435303185122, -7.798783832647473 ], [ 109.725509037801203, -7.798755236759291 ], [ 109.725513648724757, -7.798753455756412 ], [ 109.725522875399861, -7.79874990630617 ], [ 109.725527491148341, -7.798748137859889 ], [ 109.725545963746697, -7.798741089204896 ], [ 109.725550584318, -7.798739333315837 ], [ 109.725559830239035, -7.798735834111994 ], [ 109.725564455591723, -7.798734090796017 ], [ 109.725601476780696, -7.798720194843725 ], [ 109.725606106272323, -7.798718464339629 ], [ 109.725615369966704, -7.798715015927314 ], [ 109.725620004171731, -7.798713298018185 ], [ 109.725638550257429, -7.798706451630323 ], [ 109.72564318787397, -7.798704746792509 ], [ 109.725652467765656, -7.798701349724126 ], [ 109.725657107535994, -7.798699658402882 ], [ 109.72566176129709, -7.798697976315168 ], [ 109.72567106840421, -7.798694626615941 ], [ 109.72567572425055, -7.798692958096638 ], [ 109.725694351642289, -7.79868631118444 ], [ 109.725699010796575, -7.798684655778061 ], [ 109.725708333586397, -7.798681357655937 ], [ 109.725712997225116, -7.798679714938942 ], [ 109.725750318582016, -7.798666625953047 ], [ 109.725754986076311, -7.79866499614343 ], [ 109.725764325501359, -7.798661749226142 ], [ 109.725768997432112, -7.798660132118641 ], [ 109.725787693898724, -7.798653689136813 ], [ 109.72579237023092, -7.798652084743424 ], [ 109.725801727271232, -7.798648888679281 ], [ 109.725806407977188, -7.798647297009438 ], [ 109.725881323073509, -7.798621935863025 ], [ 109.725890696832153, -7.798618790951423 ], [ 109.725909461400533, -7.798612552164968 ], [ 109.725918852209929, -7.798609458290173 ], [ 109.725956448460863, -7.798597185220501 ], [ 109.725965856057144, -7.798594142469028 ], [ 109.725984687739128, -7.798588108186038 ], [ 109.725994111827845, -7.798585116653669 ], [ 109.72606956381901, -7.798561391369958 ], [ 109.726079004129588, -7.798558451140821 ], [ 109.726097900692082, -7.798552622074794 ], [ 109.726107356939281, -7.79854973323944 ], [ 109.726145212682525, -7.798538281024264 ], [ 109.726154684595542, -7.798535443664832 ], [ 109.726173643775894, -7.798529820515796 ], [ 109.726183131047321, -7.798527034724884 ], [ 109.726259084026537, -7.798504956594002 ], [ 109.726268586396429, -7.798502222446245 ], [ 109.726287605963705, -7.79849680587364 ], [ 109.726297123159952, -7.798494123449132 ], [ 109.726335220393082, -7.798483497534392 ], [ 109.726344752108389, -7.798480866919306 ], [ 109.726363829775835, -7.798475657576489 ], [ 109.726373375727235, -7.798473078849213 ], [ 109.726449793547943, -7.798452658378551 ], [ 109.726459353468101, -7.798450131609741 ], [ 109.726478486974088, -7.79844513011227 ], [ 109.726488060563099, -7.798442655382871 ], [ 109.726526381148915, -7.798432860827234 ], [ 109.726535968126541, -7.798430438209039 ], [ 109.726555155206881, -7.798425645150644 ], [ 109.726564755308743, -7.79842327471107 ], [ 109.72664160159843, -7.79840452162 ], [ 109.726651214509275, -7.798402203435387 ], [ 109.726670452866131, -7.798397619388595 ], [ 109.726680078308107, -7.798395353527212 ], [ 109.726718604016241, -7.7983863949907 ], [ 109.726728241716273, -7.798384181516667 ], [ 109.72674752906687, -7.798379807027231 ], [ 109.726757178721584, -7.798377646010692 ], [ 109.726834416910094, -7.798360569223746 ], [ 109.726844078236411, -7.79835846072649 ], [ 109.726863412282398, -7.798354296313505 ], [ 109.726873085001216, -7.798352240397946 ], [ 109.726911797484206, -7.79834412214683 ], [ 109.726921481293516, -7.798342118876633 ], [ 109.726940859727108, -7.798338165038956 ], [ 109.726950554352698, -7.798336214471419 ], [ 109.727028147679789, -7.798320822115613 ], [ 109.727032998787763, -7.798319866646011 ], [ 109.727042703614245, -7.798317968900506 ], [ 109.727047557328433, -7.798317026625341 ], [ 109.727066977192237, -7.79831328395295 ], [ 109.727071833451987, -7.798312354883876 ], [ 109.727081548490332, -7.798310509956707 ], [ 109.727086407275351, -7.798309594097532 ], [ 109.72712528678295, -7.798302320226128 ], [ 109.727130147700507, -7.7983014176491 ], [ 109.727139872023201, -7.798299625710229 ], [ 109.727144735431011, -7.798298736347874 ], [ 109.727164193743135, -7.798295205383113 ], [ 109.727169058871482, -7.798294329373448 ], [ 109.727178791528843, -7.798292590581752 ], [ 109.727183657719706, -7.79829172803494 ], [ 109.727188186352635, -7.798290937571608 ], [ 109.727197242945977, -7.798289368560518 ], [ 109.727201772246246, -7.798288589777087 ], [ 109.727219890613696, -7.798285498018686 ], [ 109.727224421178789, -7.798284730804653 ], [ 109.727233484285307, -7.798283207822919 ], [ 109.727238016819854, -7.798282452056355 ], [ 109.727274281367841, -7.798276452310063 ], [ 109.727278815453474, -7.79827570805918 ], [ 109.727287885507849, -7.798274231017501 ], [ 109.727292421477841, -7.798273498226592 ], [ 109.727310568991584, -7.798270590004222 ], [ 109.727315106795857, -7.798269868681132 ], [ 109.72732418425602, -7.798268437500269 ], [ 109.727328723911796, -7.798267727642667 ], [ 109.727401364833725, -7.798256462937957 ], [ 109.727410449111574, -7.798255077707097 ], [ 109.727428624584434, -7.798252353178952 ], [ 109.727437715778706, -7.798251013881554 ], [ 109.727474093483465, -7.798245748690874 ], [ 109.727483191369288, -7.79824445535985 ], [ 109.727501393598686, -7.798241914697655 ], [ 109.727510497940159, -7.79824066736677 ], [ 109.727583352893191, -7.798230873471425 ], [ 109.727592463462543, -7.798229672170748 ], [ 109.727610690578558, -7.798227315634108 ], [ 109.727619807129599, -7.798226160397405 ], [ 109.727656284378725, -7.798221631692854 ], [ 109.727665406679534, -7.798220522549059 ], [ 109.727683656812303, -7.798218350381205 ], [ 109.727692784643239, -7.798217287357375 ], [ 109.727765823681864, -7.798208968297274 ], [ 109.727774956782014, -7.798207951422626 ], [ 109.727793228049336, -7.798205963846044 ], [ 109.727802366216906, -7.798204993144111 ], [ 109.727838928009419, -7.798201202788277 ], [ 109.727848070980428, -7.79820027828697 ], [ 109.727866361506528, -7.798198475507377 ], [ 109.727875509059288, -7.798197597229318 ], [ 109.727948702171659, -7.798190756422457 ], [ 109.727957854076465, -7.79818992438851 ], [ 109.727976161986135, -7.798188306589111 ], [ 109.727985317990829, -7.798187520823433 ], [ 109.728021949311199, -7.798184470372519 ], [ 109.728031109199321, -7.798183730893413 ], [ 109.728049432609509, -7.798182298242068 ], [ 109.728058596130836, -7.798181605069942 ], [ 109.728131913244795, -7.798176245326829 ], [ 109.728141080175476, -7.798175598477485 ], [ 109.728159417205006, -7.798174351119712 ], [ 109.728168587305731, -7.79817375061117 ], [ 109.728205273097558, -7.798171441319141 ], [ 109.728214446129357, -7.798170887166862 ], [ 109.728232794892392, -7.798169825232492 ], [ 109.728241970622946, -7.798169317450686 ], [ 109.728315381606535, -7.798165440974287 ], [ 109.728324559795624, -7.798164979575006 ], [ 109.728342918407122, -7.798164103171644 ], [ 109.72835209882868, -7.798163688167506 ], [ 109.728388824017657, -7.79816212098325 ], [ 109.728398006433508, -7.798161752384772 ], [ 109.728416373010589, -7.798161061603935 ], [ 109.728425557171931, -7.798160739421462 ], [ 109.72849903186227, -7.798158347804247 ], [ 109.728503624509585, -7.798158204121307 ], [ 109.728512810198083, -7.798157928361093 ], [ 109.728517403248816, -7.798157796283533 ], [ 109.728535775911837, -7.798157291194002 ], [ 109.72854036923934, -7.798157170725347 ], [ 109.72854955621375, -7.79815694139586 ], [ 109.728554149852243, -7.798156832535255 ], [ 109.728590899361848, -7.798156008100875 ], [ 109.728595493253863, -7.798155910849459 ], [ 109.728604681272373, -7.798155727956271 ], [ 109.72860927540188, -7.798155642314555 ], [ 109.728627652251248, -7.798155322969819 ], [ 109.728632246556288, -7.798155248938883 ], [ 109.728641435381462, -7.798155112486995 ], [ 109.728646029906429, -7.798155050066327 ], [ 109.72866401559736, -7.79815482871436 ], [ 109.728668215942321, -7.798154780192363 ], [ 109.728675216537113, -7.798154704713966 ], [ 109.728679416914929, -7.798154662661773 ], [ 109.728692018154106, -7.798154546208877 ], [ 109.728696218589278, -7.798154510626034 ], [ 109.72870321939206, -7.798154456712155 ], [ 109.728707419928014, -7.79815442759849 ], [ 109.728731222825104, -7.798154280952929 ], [ 109.72873542339579, -7.798154258308728 ], [ 109.728742424369841, -7.798154225960047 ], [ 109.728746624932228, -7.798154209785878 ], [ 109.728759226694194, -7.798154170967337 ], [ 109.728763427288357, -7.798154161262744 ], [ 109.72877064679335, -7.79815415033778 ], [ 109.728775572331926, -7.79815414739187 ], [ 109.728777503768981, -7.798154147842467 ], [ 109.728782578326786, -7.798154152178029 ], [ 109.72879127760541, -7.798154166051802 ], [ 109.728797077172317, -7.798154179925859 ], [ 109.72881157588688, -7.798154226172073 ], [ 109.728817375299911, -7.798154249294782 ], [ 109.728826074512313, -7.798154290916273 ], [ 109.72883184493503, -7.798154323103745 ], [ 109.728841573535874, -7.798154384588997 ], [ 109.728844647141614, -7.798154406696369 ], [ 109.728850677997229, -7.798154455172437 ], [ 109.728853693419467, -7.79815448191124 ], [ 109.728865754931576, -7.798154598867541 ], [ 109.728868770284521, -7.79815463060703 ], [ 109.728874800943004, -7.798154699087263 ], [ 109.728877816239844, -7.798154735827779 ], [ 109.728901938246452, -7.798155049753461 ], [ 109.728904953486733, -7.798155091494721 ], [ 109.728910983893513, -7.798155179978323 ], [ 109.728913999069164, -7.79815522672061 ], [ 109.728926059552975, -7.798155423690048 ], [ 109.728929074643588, -7.798155475432907 ], [ 109.728935104718289, -7.798155583918856 ], [ 109.728938119695044, -7.798155640661832 ], [ 109.728986357414271, -7.798156588526354 ], [ 109.72898937232776, -7.798156650269959 ], [ 109.728995402007456, -7.798156778756606 ], [ 109.728998416772583, -7.798156845499648 ], [ 109.72901047567666, -7.798157122472787 ], [ 109.729013490357261, -7.798157194216344 ], [ 109.729019519583971, -7.798157342703007 ], [ 109.729022534132582, -7.79815741944617 ], [ 109.729046649831218, -7.798158053384896 ], [ 109.729049664248691, -7.798158135127437 ], [ 109.729055692943575, -7.798158303612126 ], [ 109.729058707218087, -7.798158390353933 ], [ 109.729070764002472, -7.798158747319235 ], [ 109.729073778139707, -7.798158839060534 ], [ 109.729079806226309, -7.798159027541033 ], [ 109.72908282017579, -7.798159124280289 ], [ 109.729099401819383, -7.798159670268547 ], [ 109.729104501541485, -7.798159845352643 ], [ 109.729114700451419, -7.798160209831735 ], [ 109.72911979963402, -7.79816039922639 ], [ 109.729140195226819, -7.798161185423282 ], [ 109.729145293875604, -7.798161389128495 ], [ 109.729155490561766, -7.798161810846636 ], [ 109.729160588608693, -7.798162028859963 ], [ 109.729201369605789, -7.79816383015401 ], [ 109.729206467017548, -7.798164062473518 ], [ 109.729216661158318, -7.798164541416895 ], [ 109.729221757887785, -7.798164788040879 ], [ 109.729242143303452, -7.798165803138204 ], [ 109.729247239317033, -7.798166064064844 ], [ 109.729257430588689, -7.798166600218622 ], [ 109.729262525846025, -7.798166875445929 ], [ 109.729344036847692, -7.798171393089547 ], [ 109.729349131320134, -7.79817168261502 ], [ 109.729359319411401, -7.798172275961633 ], [ 109.729364413028975, -7.798172579782488 ], [ 109.729384785691479, -7.798173823649734 ], [ 109.729389878429799, -7.79817414176398 ], [ 109.729400063002288, -7.798174792284783 ], [ 109.72940515483981, -7.798175124691511 ], [ 109.729445884844608, -7.798177841040967 ], [ 109.729450975704424, -7.798178187734663 ], [ 109.729461156460047, -7.798178895410331 ], [ 109.729466246363131, -7.798179256392984 ], [ 109.729486603715884, -7.798180728876275 ], [ 109.72949169253485, -7.798181104138507 ], [ 109.729501869134538, -7.798181868946074 ], [ 109.729506956912019, -7.798182258491295 ], [ 109.729521268606788, -7.79818337446784 ], [ 109.72952555573562, -7.798183713865058 ], [ 109.729534129221008, -7.798184402802576 ], [ 109.729538415584443, -7.798184752343616 ], [ 109.729555559192249, -7.798186170769611 ], [ 109.729559844675123, -7.798186530445093 ], [ 109.729568414792539, -7.798187259932945 ], [ 109.729572699413211, -7.798187629744348 ], [ 109.729606972399608, -7.798190628731675 ], [ 109.729611256155579, -7.7981910086786 ], [ 109.729619822730228, -7.798191778701948 ], [ 109.729624105548396, -7.798192168778257 ], [ 109.729641234916528, -7.798193749339134 ], [ 109.729645516803714, -7.798194149545282 ], [ 109.729654079597253, -7.798194960082867 ], [ 109.729658360505653, -7.798195370414362 ], [ 109.729726843252934, -7.798202016334187 ], [ 109.72973112317942, -7.798202436790234 ], [ 109.729739682034733, -7.798203287825913 ], [ 109.729743960960377, -7.798203718405375 ], [ 109.729761074508474, -7.79820546095408 ], [ 109.729765352395873, -7.798205901653034 ], [ 109.72977390709184, -7.798206793166173 ], [ 109.729778183901828, -7.798207243980585 ], [ 109.729812393658676, -7.79821089091206 ], [ 109.729816669380114, -7.79821135184045 ], [ 109.729825219759391, -7.798212283814109 ], [ 109.729829494427634, -7.798212754860685 ], [ 109.729846590645423, -7.79821465924482 ], [ 109.729850864127229, -7.798215140394859 ], [ 109.729859409948176, -7.798216112803175 ], [ 109.729863682270945, -7.798216604059519 ], [ 109.729870800119102, -7.798217431042019 ], [ 109.72987423077717, -7.798217832934142 ], [ 109.729881091310858, -7.798218643234236 ], [ 109.729884521199722, -7.798219051643741 ], [ 109.729898239089493, -7.798220698301293 ], [ 109.729901668157197, -7.798221113221814 ], [ 109.729908525534597, -7.798221949581773 ], [ 109.729911953834062, -7.798222371019847 ], [ 109.729939376668028, -7.798225768534223 ], [ 109.729942804172481, -7.798226196486553 ], [ 109.729949658307191, -7.798227058895634 ], [ 109.729953084936824, -7.798227493352272 ], [ 109.72996678987181, -7.798229244208187 ], [ 109.729970215702451, -7.798229685178569 ], [ 109.729977066499544, -7.798230573625062 ], [ 109.729980491469519, -7.798231021101515 ], [ 109.730004517124769, -7.798234587230866 ], [ 109.730035255293728, -7.798238455221508 ], [ 109.730038681956955, -7.79823888807806 ], [ 109.730045534777332, -7.798239757034992 ], [ 109.730048960929651, -7.798240193134689 ], [ 109.730062664590605, -7.798241944028689 ], [ 109.730066085300905, -7.798242415377445 ], [ 109.730072919661382, -7.798243416615719 ], [ 109.730076336631043, -7.798243918862397 ], [ 109.730103670618689, -7.798247949843017 ], [ 109.730107087198064, -7.79824845534921 ], [ 109.730113919922189, -7.798249469614689 ], [ 109.730117336081776, -7.798249978376191 ], [ 109.730130999829612, -7.798252019924689 ], [ 109.73013395632546, -7.798252471969931 ], [ 109.730141179730083, -7.798253745313332 ], [ 109.730144567324089, -7.798254391525518 ], [ 109.7301518359601, -7.798254530020927 ], [ 109.730154983318414, -7.798254995851835 ], [ 109.730161277247532, -7.798255933026269 ], [ 109.730164423800943, -7.798256404367294 ], [ 109.730177008287967, -7.798258300733721 ], [ 109.730180154014533, -7.798258777581566 ], [ 109.730186444583126, -7.798259736775094 ], [ 109.730189589424299, -7.798260219120721 ], [ 109.730214744757063, -7.798264099898176 ], [ 109.730217888795153, -7.798264587754147 ], [ 109.730224175958085, -7.798265568959607 ], [ 109.730227319085486, -7.798266062309324 ], [ 109.73023988993117, -7.798268046720409 ], [ 109.7302430322178, -7.798268545574956 ], [ 109.730249315900494, -7.798269548780752 ], [ 109.730252457296615, -7.798270053132171 ], [ 109.730302710922444, -7.798278166470254 ], [ 109.730305851615469, -7.798278676348787 ], [ 109.730312132058998, -7.798279701594993 ], [ 109.730315271808252, -7.798280216962326 ], [ 109.730327829050282, -7.798282289430801 ], [ 109.730330967902262, -7.798282810294495 ], [ 109.73033724469667, -7.798283857516196 ], [ 109.730340382638815, -7.798284383874261 ], [ 109.730365482235015, -7.798288616664593 ], [ 109.73036861956632, -7.798289148567903 ], [ 109.730374893312955, -7.79829021786901 ], [ 109.730378029742212, -7.798290755269306 ], [ 109.730390573426916, -7.798292915825357 ], [ 109.730394238119061, -7.798293550902201 ], [ 109.73040144476181, -7.798294807380671 ], [ 109.730404987485258, -7.79829542891855 ], [ 109.730412473129945, -7.798296753340708 ], [ 109.730423705655767, -7.798298752806431 ], [ 109.730431193092898, -7.798300093703006 ], [ 109.730449911224696, -7.798303466075708 ], [ 109.730457397175542, -7.79830482287872 ], [ 109.730468623943523, -7.798306869827115 ], [ 109.730476057494343, -7.798308233153534 ], [ 109.730485770367864, -7.7983100240765 ], [ 109.730489901073099, -7.798310790852838 ], [ 109.730497962609036, -7.79831229694264 ], [ 109.730501992514917, -7.798313054531491 ], [ 109.730518108619776, -7.798316103049729 ], [ 109.730522136794548, -7.79831686972517 ], [ 109.730530191387288, -7.798318412158096 ], [ 109.73053421780827, -7.798319187916036 ], [ 109.730566421740377, -7.798325430226726 ], [ 109.730570446397962, -7.798326215064947 ], [ 109.730578493927055, -7.798327793817634 ], [ 109.730582516801348, -7.798328587732556 ], [ 109.730598604617569, -7.798331781523018 ], [ 109.730602625665426, -7.798332584506113 ], [ 109.73061066595011, -7.798334199543376 ], [ 109.73061468518398, -7.798335011597089 ], [ 109.730678974508919, -7.798348076224272 ], [ 109.73068299188435, -7.798348897339054 ], [ 109.730691024760574, -7.798350548627127 ], [ 109.730695040254489, -7.798351378798884 ], [ 109.730711098423114, -7.798354717590541 ], [ 109.730715112045289, -7.798355556821264 ], [ 109.730723137337009, -7.798357244324734 ], [ 109.730727149012807, -7.798358092598846 ], [ 109.730759234413426, -7.798364914916306 ], [ 109.730763244169339, -7.798365772238924 ], [ 109.730771261726261, -7.798367495925731 ], [ 109.730775269520905, -7.798368362288556 ], [ 109.73079129674187, -7.798371845811857 ], [ 109.730795302579111, -7.798372721215458 ], [ 109.730803312235025, -7.798374481050303 ], [ 109.730807316080984, -7.798375365487516 ], [ 109.730815150922922, -7.798377105451266 ], [ 109.730818876394892, -7.798377936911038 ], [ 109.730826325607381, -7.798379607658092 ], [ 109.730830049320275, -7.798380446939234 ], [ 109.730844940602424, -7.798383819694834 ], [ 109.730848662556525, -7.79838466679746 ], [ 109.730856104634768, -7.79838636880794 ], [ 109.730859824768686, -7.798387223718009 ], [ 109.730889578309132, -7.798394094169794 ], [ 109.730893296622753, -7.798394956887137 ], [ 109.730900731443683, -7.798396690132449 ], [ 109.730904447954003, -7.798397560661044 ], [ 109.730919310223612, -7.79840105835973 ], [ 109.73092302485918, -7.798401936683092 ], [ 109.73093045231019, -7.79840370113709 ], [ 109.730934165123017, -7.798404587267385 ], [ 109.730993551943243, -7.798418826940633 ], [ 109.730997262860683, -7.798419720860181 ], [ 109.731004682777666, -7.798421516483359 ], [ 109.731008391777493, -7.798422418187045 ], [ 109.73102322397682, -7.79842604057859 ], [ 109.731026931072563, -7.798426950069768 ], [ 109.731034343346778, -7.798428776836204 ], [ 109.731038048519281, -7.798429694110212 ], [ 109.731067681808497, -7.798437063333381 ], [ 109.731071385071289, -7.798437988393346 ], [ 109.731078789585069, -7.798439846274277 ], [ 109.731082490831511, -7.79844077909388 ], [ 109.731097291929814, -7.798444525927778 ], [ 109.731100991259893, -7.798445466532144 ], [ 109.731108387853624, -7.79844735548761 ], [ 109.731112085109089, -7.798448303836494 ], [ 109.731119859957971, -7.798450306795701 ], [ 109.731123618264007, -7.798451279293602 ], [ 109.731131132727, -7.79845323229921 ], [ 109.731134888897827, -7.798454212810611 ], [ 109.731149909387739, -7.798458150902491 ], [ 109.731153663474572, -7.798459139440467 ], [ 109.73116116950132, -7.798461124526682 ], [ 109.731164921449022, -7.798462121077023 ], [ 109.731194928076263, -7.798470125421488 ], [ 109.73119867785914, -7.798471129976861 ], [ 109.731206175271268, -7.798473147096217 ], [ 109.731209922903702, -7.798474159660941 ], [ 109.731224909031937, -7.798478225910912 ], [ 109.73122865447732, -7.798479246474926 ], [ 109.731232457021008, -7.798480286961535 ], [ 109.731236043983017, -7.798480904542714 ], [ 109.731240978128199, -7.798481758204559 ], [ 109.731249200728087, -7.798483188583134 ], [ 109.731254135978872, -7.79848405177637 ], [ 109.731256679157696, -7.798484499459448 ], [ 109.731260982470758, -7.798485260892335 ], [ 109.73126959073403, -7.798486791732898 ], [ 109.731274754984042, -7.798487715237286 ], [ 109.731290247866525, -7.798490501158028 ], [ 109.731295411324311, -7.798491434777645 ], [ 109.731304015609567, -7.798492999094321 ], [ 109.731309177272692, -7.798493942651021 ], [ 109.731338423904106, -7.798499318048187 ], [ 109.731343584161948, -7.79850027161433 ], [ 109.731352183114211, -7.798501869176846 ], [ 109.731357341624289, -7.798502832690758 ], [ 109.731372814171095, -7.798505738086988 ], [ 109.731377970785275, -7.798506711521327 ], [ 109.731386563525632, -7.798508342172056 ], [ 109.731391718171949, -7.79850932551301 ], [ 109.731409529857046, -7.798512740749288 ], [ 109.731412362813501, -7.798513286343677 ], [ 109.731418027820268, -7.798514382020755 ], [ 109.73142085987115, -7.798514932103672 ], [ 109.731432186351697, -7.798517141429897 ], [ 109.731435017574938, -7.798517696016745 ], [ 109.731440679049058, -7.79851880966612 ], [ 109.731443509301016, -7.798519368728705 ], [ 109.731466147943991, -7.798523859232205 ], [ 109.73146897737081, -7.798524422799176 ], [ 109.731474635279994, -7.798525554414084 ], [ 109.731477463760712, -7.798526122461624 ], [ 109.731488775918308, -7.798528403638159 ], [ 109.731491603525626, -7.798528976180705 ], [ 109.731497257775857, -7.798530125742616 ], [ 109.731500084429456, -7.798530702764083 ], [ 109.731545302558573, -7.798539970791751 ], [ 109.731548128303928, -7.798540552301006 ], [ 109.731553778858768, -7.79854171980196 ], [ 109.731556603658703, -7.798542305791614 ], [ 109.731567901031724, -7.798544658724381 ], [ 109.731570724925916, -7.798545249202732 ], [ 109.731576371744552, -7.798546434634829 ], [ 109.731579194675589, -7.79854702958994 ], [ 109.73160177416446, -7.798551807114336 ], [ 109.731604596171792, -7.798552406554506 ], [ 109.731610239164525, -7.798553609898875 ], [ 109.731613060142308, -7.798554213801481 ], [ 109.731624342259579, -7.798556638393109 ], [ 109.731627162351685, -7.798557246789017 ], [ 109.731632801470539, -7.798558468035424 ], [ 109.731635620508314, -7.79855908088831 ], [ 109.731653458450467, -7.798562974208096 ], [ 109.731659309441966, -7.798564257800251 ], [ 109.731669058746661, -7.79856640783413 ], [ 109.731674906929186, -7.798567704284437 ], [ 109.731692447027797, -7.798571612870319 ], [ 109.73169829226498, -7.798572922148367 ], [ 109.731708031973938, -7.798575114990797 ], [ 109.731713874372531, -7.798576437120573 ], [ 109.73174697240529, -7.798583965408795 ], [ 109.731752811786862, -7.798585300349202 ], [ 109.731762541713238, -7.798587535957893 ], [ 109.731768378228367, -7.798588883744117 ], [ 109.731785883131295, -7.798592946292899 ], [ 109.731791716629971, -7.798594306890607 ], [ 109.731801436621879, -7.79859658523111 ], [ 109.731807267082274, -7.79859795863473 ], [ 109.731817832006641, -7.798600459822808 ], [ 109.731825027704588, -7.798602173475956 ], [ 109.731837016572797, -7.798605045813872 ], [ 109.73184420753563, -7.798606778970679 ], [ 109.731865773346442, -7.798612007702786 ], [ 109.731872959610314, -7.798613760372064 ], [ 109.731884932692196, -7.798616697721798 ], [ 109.731892114120797, -7.798618469870632 ], [ 109.731932794454735, -7.798628567056483 ], [ 109.731939971052043, -7.798630358685102 ], [ 109.731951927912746, -7.798633360939561 ], [ 109.731959099574624, -7.798635172022671 ], [ 109.731980607064997, -7.798640634430171 ], [ 109.731987773794231, -7.798642464968395 ], [ 109.731999714116228, -7.798645532048397 ], [ 109.732006875759566, -7.798647382002514 ], [ 109.732024637837583, -7.798651995050534 ], [ 109.732028306523432, -7.798652952121756 ], [ 109.732035641870482, -7.798654873911403 ], [ 109.732039308529636, -7.798655838629031 ], [ 109.732053971084042, -7.798659712784513 ], [ 109.732057635740887, -7.798660685154914 ], [ 109.732064962952961, -7.79866263752217 ], [ 109.732068625517059, -7.798663617521242 ], [ 109.732097917632132, -7.798671488020261 ], [ 109.732101578157142, -7.798672475662158 ], [ 109.732108897123737, -7.798674458577125 ], [ 109.732112555563333, -7.798675453849626 ], [ 109.732127185114393, -7.798679450190548 ], [ 109.732130841467495, -7.798680453093198 ], [ 109.732138152050027, -7.798682466518699 ], [ 109.732141806281788, -7.798683477042118 ], [ 109.732200254402642, -7.798699705651757 ], [ 109.732203906513575, -7.798700723795548 ], [ 109.732211208605349, -7.798702767701343 ], [ 109.732214858585905, -7.798703793463289 ], [ 109.73222945411834, -7.798707911711347 ], [ 109.732233101918098, -7.798708945077351 ], [ 109.732240395358417, -7.7987110194195 ], [ 109.732244041000456, -7.798712060396042 ], [ 109.732273197013683, -7.798720418509049 ], [ 109.732276840451618, -7.798721467082771 ], [ 109.73228412515175, -7.798723571835637 ], [ 109.732287766418779, -7.798724628016203 ], [ 109.732302326917534, -7.798728867886723 ], [ 109.73230596594243, -7.798729931653668 ], [ 109.732313241740883, -7.798732066771095 ], [ 109.732316878506083, -7.798733138119132 ], [ 109.732333150200645, -7.7987379500222 ], [ 109.732336384073392, -7.798738909615679 ], [ 109.732342850038549, -7.798740834806551 ], [ 109.732346082128515, -7.798741800403207 ], [ 109.732359006841762, -7.798745674772022 ], [ 109.732362237153779, -7.798746646373502 ], [ 109.732368695911362, -7.798748595554571 ], [ 109.73237192435306, -7.798749573132966 ], [ 109.732397744538332, -7.798757417706383 ], [ 109.732400971182187, -7.798758401283408 ], [ 109.732407422591166, -7.798760374411756 ], [ 109.732410647369136, -7.798761363966833 ], [ 109.732423542823653, -7.798765334166035 ], [ 109.732426765768537, -7.798766329709224 ], [ 109.732433209806914, -7.798768326778259 ], [ 109.732436430897167, -7.798769328302967 ], [ 109.732487951356518, -7.798785399879023 ], [ 109.732491170570029, -7.798786407378088 ], [ 109.73249760709956, -7.798788428344324 ], [ 109.732500824416149, -7.798789441811891 ], [ 109.732513689908785, -7.798793507624453 ], [ 109.732516905326236, -7.798794527059385 ], [ 109.732523334296673, -7.798796571908042 ], [ 109.732526547847328, -7.79879759732097 ], [ 109.732552248125842, -7.798805824325541 ], [ 109.732555459753996, -7.798806855698672 ], [ 109.732561881013396, -7.798808924381206 ], [ 109.732565090646858, -7.798809961691177 ], [ 109.73257792543501, -7.798814122883641 ], [ 109.732581133168821, -7.798815166161205 ], [ 109.732587546702007, -7.798817258672614 ], [ 109.732590752493195, -7.798818307903957 ], [ 109.732598799346363, -7.798820949851063 ], [ 109.732601604927538, -7.798821873508132 ], [ 109.73260721456046, -7.798823725374518 ], [ 109.732610018628179, -7.798824653589008 ], [ 109.732621231844519, -7.798828375552716 ], [ 109.732624034372122, -7.79882930831576 ], [ 109.732629637935986, -7.798831178406658 ], [ 109.732632438965254, -7.798832115732182 ], [ 109.732654840836346, -7.798839632462261 ], [ 109.732657640339028, -7.798840574340772 ], [ 109.73266323777375, -7.79884246263606 ], [ 109.732666035707723, -7.798843409053575 ], [ 109.732677224364465, -7.798847203820742 ], [ 109.732680020750706, -7.798848154783968 ], [ 109.732685611983584, -7.798850061259486 ], [ 109.732688406825105, -7.798851016769788 ], [ 109.732733110452216, -7.798866340802419 ], [ 109.732735903709738, -7.798867300846098 ], [ 109.732741488668239, -7.798869225476153 ], [ 109.732744280370014, -7.798870190063099 ], [ 109.732755443982285, -7.798874057468254 ], [ 109.732758234127118, -7.798875026598068 ], [ 109.732763812773953, -7.798876969370838 ], [ 109.732766601275159, -7.798877943013281 ], [ 109.732788902994912, -7.798885750302929 ], [ 109.732791689944577, -7.798886728490231 ], [ 109.732797262217559, -7.798888689383546 ], [ 109.732800047544913, -7.798889672090866 ], [ 109.732811185631817, -7.798893611968197 ], [ 109.732814031340524, -7.798894621242823 ], [ 109.73281972110351, -7.798896644530316 ], [ 109.732822664097057, -7.798897693914796 ], [ 109.732833636228747, -7.798901617491026 ], [ 109.732844034288746, -7.798905348423546 ], [ 109.732858822320509, -7.798910674857893 ], [ 109.732868337740456, -7.798914114737386 ], [ 109.732871516357079, -7.798915267790846 ], [ 109.732879102908953, -7.79891803152799 ], [ 109.732882451230012, -7.798919255353667 ], [ 109.732895584870505, -7.798924070370163 ], [ 109.732898888355635, -7.798925285115956 ], [ 109.73290567479728, -7.798927788269566 ], [ 109.732908822114496, -7.798928650855544 ], [ 109.732930933378952, -7.798932675908929 ], [ 109.732934947074853, -7.798933409605752 ], [ 109.732941635675957, -7.79893463744304 ], [ 109.732945648269606, -7.798935377145312 ], [ 109.732957684355711, -7.79893760525249 ], [ 109.732961695880476, -7.798938350966409 ], [ 109.732968380713089, -7.798939598804509 ], [ 109.732972391013277, -7.798940350501084 ], [ 109.73299025202283, -7.798943711971219 ], [ 109.732992804012213, -7.798944194184571 ], [ 109.732997907316133, -7.798945162260225 ], [ 109.73300045863175, -7.79894564812281 ], [ 109.733010662428626, -7.798947598849111 ], [ 109.733013213028016, -7.798948088352745 ], [ 109.733018313526372, -7.798949071004245 ], [ 109.73302086341414, -7.798949564149837 ], [ 109.733041259625622, -7.798953523874104 ], [ 109.733043808836385, -7.798954020668361 ], [ 109.73304890649257, -7.798955017888545 ], [ 109.733051454945382, -7.798955518315722 ], [ 109.733061647357999, -7.798957527313405 ], [ 109.733064195046268, -7.798958031372081 ], [ 109.733069289804121, -7.798959043149637 ], [ 109.733071836873535, -7.798959550868744 ], [ 109.733112582459455, -7.798967703143376 ], [ 109.733115128760744, -7.798968214493073 ], [ 109.733120220596334, -7.798969240823396 ], [ 109.733122766122278, -7.798969755802261 ], [ 109.733132946846808, -7.798971823010731 ], [ 109.733135491677615, -7.798972341635078 ], [ 109.733140580567124, -7.798973382513566 ], [ 109.733143124631454, -7.798973904768957 ], [ 109.733163474011064, -7.798978097320514 ], [ 109.733166017262704, -7.798978623197115 ], [ 109.733171103109669, -7.7989796786037 ], [ 109.733173645723582, -7.798980208137891 ], [ 109.73318381437781, -7.798982333480581 ], [ 109.73318635613856, -7.798982866627512 ], [ 109.733191438948097, -7.798983936563729 ], [ 109.733193979977159, -7.798984473348924 ], [ 109.733211088633709, -7.798988100274073 ], [ 109.733214678301124, -7.798988865048557 ], [ 109.733221856112323, -7.798990401850347 ], [ 109.73322544425281, -7.798991173877084 ], [ 109.733239793587472, -7.798994276451708 ], [ 109.733243380152658, -7.798995055720525 ], [ 109.73325055167669, -7.798996621493473 ], [ 109.733254136639914, -7.798997407998741 ], [ 109.733282809642731, -7.799003728918535 ], [ 109.733286393000014, -7.799004522658777 ], [ 109.733293558093578, -7.799006117371221 ], [ 109.733297139824401, -7.799006918342286 ], [ 109.733311463498922, -7.799010136688651 ], [ 109.733315043618404, -7.79901094489378 ], [ 109.73332220219794, -7.799012568527473 ], [ 109.733325780658276, -7.799013383956094 ], [ 109.733383020280428, -7.799026488031416 ], [ 109.733386597084689, -7.799027310683698 ], [ 109.733393748994843, -7.799028963202602 ], [ 109.733397324090618, -7.799029793066779 ], [ 109.733411621163327, -7.799033126972176 ], [ 109.733415194611325, -7.799033964062403 ], [ 109.733422339773654, -7.799035645449067 ], [ 109.733425911500035, -7.799036489748289 ], [ 109.733454478112606, -7.799043272902338 ], [ 109.733458048137948, -7.799044124415161 ], [ 109.733465186408012, -7.799045834635479 ], [ 109.733468754653416, -7.799046693343257 ], [ 109.733483024192594, -7.799050142591625 ], [ 109.733486590699499, -7.799051008504023 ], [ 109.733493721961452, -7.799052747530368 ], [ 109.733497286709621, -7.79905362064261 ], [ 109.733515383128747, -7.799058073169817 ], [ 109.733522328429046, -7.799059791383399 ], [ 109.733533900109592, -7.799062670247565 ], [ 109.733540840843773, -7.799064406675313 ], [ 109.733561656079871, -7.799069643250277 ], [ 109.733568592198935, -7.7990713978798 ], [ 109.733580148549663, -7.799074337430113 ], [ 109.733587080049858, -7.799076110260501 ], [ 109.733626344491142, -7.799086207618643 ], [ 109.733633271253439, -7.799087998619143 ], [ 109.733644811906458, -7.799090998761528 ], [ 109.73365173393654, -7.799092807934073 ], [ 109.733672492739004, -7.799098262659641 ], [ 109.733679409985371, -7.799100089990418 ], [ 109.733690934709443, -7.799103150665246 ], [ 109.733697878081216, -7.799105004451292 ], [ 109.733717996617202, -7.799110404539363 ], [ 109.733726392251072, -7.799112668662758 ], [ 109.733739028087825, -7.799116092499446 ], [ 109.733747418267399, -7.799118376700619 ], [ 109.733766328879312, -7.799123548185548 ], [ 109.733768831485406, -7.799124234578699 ], [ 109.733774931942662, -7.799125913357898 ], [ 109.733780892239963, -7.79912756069217 ], [ 109.733798090550636, -7.799132105775925 ], [ 109.733805415490565, -7.799134052085606 ], [ 109.73381759870415, -7.799137307423507 ], [ 109.733824904520532, -7.799139270395131 ], [ 109.733846813703963, -7.799145189697811 ], [ 109.733854114062353, -7.799147172942128 ], [ 109.733866276698393, -7.799150495222136 ], [ 109.733873571473509, -7.799152498705496 ], [ 109.733891810710645, -7.799157534367225 ], [ 109.733896181474279, -7.79915874717949 ], [ 109.733904919933138, -7.799161183702836 ], [ 109.73390928763223, -7.799162407414883 ], [ 109.733926752194293, -7.79916732403268 ], [ 109.733931116791325, -7.79916855863371 ], [ 109.733939842897371, -7.799171038728787 ], [ 109.733944204405361, -7.799172284222607 ], [ 109.733979083335839, -7.799182291520822 ], [ 109.733983441704424, -7.79918354789271 ], [ 109.733992155275132, -7.799186071507449 ], [ 109.733996510480722, -7.79918733875121 ], [ 109.734011208189543, -7.799191635280295 ], [ 109.734020729035535, -7.799193458652553 ], [ 109.734027721425662, -7.799194806679623 ], [ 109.734039372439327, -7.799197068603405 ], [ 109.734046361251899, -7.799198434882044 ], [ 109.734056501484872, -7.799200430459678 ], [ 109.734060429576516, -7.799201206706073 ], [ 109.734066975466419, -7.799202505261292 ], [ 109.734070902442454, -7.799203287281159 ], [ 109.734082681606594, -7.799205641983178 ], [ 109.734086607421148, -7.799206429767537 ], [ 109.73409314948259, -7.79920774754612 ], [ 109.734097074146746, -7.799208541097187 ], [ 109.734119310332972, -7.799213054160873 ], [ 109.734123233745152, -7.7992138534579 ], [ 109.734129771824712, -7.799215190428697 ], [ 109.734133694162722, -7.799215995507893 ], [ 109.73414545928955, -7.799218419363115 ], [ 109.734149380313056, -7.799219230175595 ], [ 109.734155914473149, -7.79922058635151 ], [ 109.734159852683263, -7.799221406764957 ], [ 109.734187943930465, -7.799227281079027 ], [ 109.734195786920168, -7.799228929990193 ], [ 109.734207576018377, -7.799231422105038 ], [ 109.734215433587053, -7.799233092199927 ], [ 109.734235072807621, -7.799237289123198 ], [ 109.73424292657819, -7.799238976558627 ], [ 109.734254704548789, -7.799241520752275 ], [ 109.734262528134877, -7.799243219767732 ], [ 109.734281607515072, -7.799247384175885 ], [ 109.734284133398205, -7.799247937447717 ], [ 109.734290314147984, -7.799249296795836 ], [ 109.734302672171737, -7.7992520309719 ], [ 109.734310084681113, -7.799253681799996 ], [ 109.734332315194195, -7.799258665229218 ], [ 109.734339723086293, -7.79926033670074 ], [ 109.734352065592645, -7.799263139659502 ], [ 109.734359468723028, -7.799264831741709 ], [ 109.734401405684309, -7.799274478460688 ], [ 109.734408804068096, -7.799276191156537 ], [ 109.734421130686769, -7.799279062812957 ], [ 109.734428524233351, -7.799280796101925 ], [ 109.734450697545924, -7.799286026841855 ], [ 109.734458086263146, -7.79928778072599 ], [ 109.734470396646941, -7.799290721000375 ], [ 109.73447778040844, -7.79929249544972 ], [ 109.73449606649416, -7.799296915964192 ], [ 109.734500109214821, -7.799297898359043 ], [ 109.73450819239963, -7.799299872401434 ], [ 109.734512232844054, -7.799300864044085 ], [ 109.734528390030903, -7.79930484910119 ], [ 109.734532428217562, -7.799305849996358 ], [ 109.734540502225343, -7.799307861012608 ], [ 109.734544538055331, -7.799308871135793 ], [ 109.73457681512491, -7.799316988995145 ], [ 109.734580848652911, -7.799318008359762 ], [ 109.734588913331038, -7.799320056311444 ], [ 109.7345929444798, -7.799321084898054 ], [ 109.734609064346159, -7.799325217696492 ], [ 109.734613093137682, -7.799326255510778 ], [ 109.73462114832688, -7.799328340357931 ], [ 109.734625174727967, -7.799329387391595 ], [ 109.734689574002857, -7.799346212630212 ], [ 109.73472380148786, -7.799355948053631 ], [ 109.734733264105614, -7.799358540654225 ], [ 109.734746311737183, -7.799361996639448 ], [ 109.734756997700799, -7.799364654360033 ], [ 109.734767053743553, -7.799367307505122 ], [ 109.734784142381955, -7.79937183641988 ], [ 109.734801443580807, -7.799376513723473 ], [ 109.734809461588043, -7.799378723842949 ], [ 109.734831275551301, -7.799384883387745 ], [ 109.734848601293038, -7.799389892785371 ], [ 109.734855463651343, -7.799391882635689 ], [ 109.734867812906657, -7.799395474031371 ], [ 109.734874698418025, -7.79939748236535 ], [ 109.734897504957473, -7.799404154292802 ], [ 109.734914751164922, -7.799409385101285 ], [ 109.734935922844613, -7.799415220702258 ], [ 109.734969049673566, -7.799425456577012 ], [ 109.734974556174052, -7.79942698172448 ], [ 109.73497730952397, -7.799427743513036 ], [ 109.734988276633828, -7.799430951209104 ], [ 109.734991024785074, -7.7994317334784 ], [ 109.734996520324046, -7.799433300137139 ], [ 109.734999267726664, -7.799434084530901 ], [ 109.735021244037398, -7.799440368202454 ], [ 109.735023978581182, -7.799441191258097 ], [ 109.735029425266987, -7.79944292031297 ], [ 109.735032148346306, -7.799443785936205 ], [ 109.735043039293146, -7.799447252711786 ], [ 109.735045761699439, -7.799448120480179 ], [ 109.735051205960303, -7.799449858200717 ], [ 109.735053782115585, -7.799450650287781 ], [ 109.735064929251791, -7.799452408599223 ], [ 109.735071885209209, -7.799453798703667 ], [ 109.735092747502222, -7.799457996131423 ], [ 109.735099699775674, -7.799459404319293 ], [ 109.735111283842684, -7.799461766371735 ], [ 109.735118232433592, -7.7994631926436 ], [ 109.735157596488875, -7.799471325910417 ], [ 109.735164541337497, -7.799472770253544 ], [ 109.735176112893441, -7.799475192536988 ], [ 109.73518305392696, -7.799476654936768 ], [ 109.735203871188844, -7.799481069196759 ], [ 109.735210808355589, -7.79948254964205 ], [ 109.735222367070151, -7.799485032087546 ], [ 109.735229300362846, -7.799486530576985 ], [ 109.735246474450548, -7.799490265010036 ], [ 109.73524899153648, -7.79949081432369 ], [ 109.735254024934363, -7.799491916519798 ], [ 109.735256541231763, -7.799492469399297 ], [ 109.735266604817468, -7.799494688042273 ], [ 109.735269120318321, -7.799495244485513 ], [ 109.735274150510236, -7.799496360933176 ], [ 109.735276665211927, -7.799496920939873 ], [ 109.73529677958345, -7.799501415235852 ], [ 109.735299293457501, -7.799501978799412 ], [ 109.73530432046033, -7.7995031095017 ], [ 109.735306833595985, -7.799503676642246 ], [ 109.735316884377539, -7.799505952294396 ], [ 109.735319396668899, -7.799506522988111 ], [ 109.73532442045115, -7.799507667938656 ], [ 109.735326931931581, -7.799508242193042 ], [ 109.735367108152332, -7.799517458523439 ], [ 109.735369618811035, -7.799518036335883 ], [ 109.735374639299437, -7.799519195517348 ], [ 109.735377149133001, -7.799519776887337 ], [ 109.735387186782134, -7.799522109473799 ], [ 109.735389695756851, -7.799522694393374 ], [ 109.735394712907976, -7.799523867796097 ], [ 109.735397221080518, -7.799524456278391 ], [ 109.735417282914284, -7.799529178309001 ], [ 109.735419790279309, -7.799529770352933 ], [ 109.735424804098159, -7.799530957978106 ], [ 109.735427310549198, -7.799531553558666 ], [ 109.735437334724452, -7.799533943000654 ], [ 109.735439840330173, -7.799534542133756 ], [ 109.735444850694535, -7.79953574395239 ], [ 109.735447355451299, -7.799536346637353 ], [ 109.735455318294839, -7.799538268597871 ], [ 109.73545853261146, -7.799539047520739 ], [ 109.735464959749038, -7.79954061119696 ], [ 109.735468172582614, -7.799541395953213 ], [ 109.735481021095097, -7.799544546680295 ], [ 109.735484232491729, -7.799545337281018 ], [ 109.7354906538622, -7.799546924330798 ], [ 109.735493863835813, -7.799547720779685 ], [ 109.735519537451751, -7.799554115643161 ], [ 109.735522745961475, -7.799554917929925 ], [ 109.735529161498903, -7.799556528337007 ], [ 109.735532368523081, -7.799557336456303 ], [ 109.735545193636824, -7.799560580595369 ], [ 109.735548399172956, -7.799561394546572 ], [ 109.735554808751772, -7.799563028279294 ], [ 109.735558012798208, -7.799563848061837 ], [ 109.735609263701463, -7.799577010738403 ], [ 109.735612466215116, -7.799577836341086 ], [ 109.735618869776545, -7.79957949338376 ], [ 109.735622070833188, -7.799580324826252 ], [ 109.735634871866466, -7.799583662204157 ], [ 109.735638071367248, -7.799584499460934 ], [ 109.73564446884302, -7.799586179796961 ], [ 109.735647666808859, -7.799587022873595 ], [ 109.735673244109478, -7.799593790689983 ], [ 109.735676440531108, -7.799594639583802 ], [ 109.735682831779513, -7.799596343175494 ], [ 109.735686026613791, -7.799597197875244 ], [ 109.735698802869933, -7.799600628310543 ], [ 109.735701996160003, -7.799601488827534 ], [ 109.735708381172003, -7.799603215672448 ], [ 109.735711572873811, -7.799604081995085 ], [ 109.735728330552433, -7.799608646902243 ], [ 109.735731896229595, -7.799609622114133 ], [ 109.735739025534201, -7.799611579773398 ], [ 109.735742589182792, -7.799612562226457 ], [ 109.735756839747808, -7.79961650652848 ], [ 109.735760401384994, -7.799617496227143 ], [ 109.73576752263773, -7.799619482867854 ], [ 109.735771082246913, -7.799620479807913 ], [ 109.735799550617116, -7.799628484182392 ], [ 109.735803108152027, -7.799629488350433 ], [ 109.735810221194981, -7.799631503927912 ], [ 109.735813776708881, -7.799632515339226 ], [ 109.735827994524072, -7.799636575414354 ], [ 109.735831547955797, -7.799637594051433 ], [ 109.735835457554629, -7.799638719093196 ], [ 109.735850093624435, -7.799641866669958 ], [ 109.735854527859601, -7.799642826070965 ], [ 109.735863393919658, -7.799644755938061 ], [ 109.7358678257458, -7.799645726404435 ], [ 109.735885548072304, -7.799649630365138 ], [ 109.735889977422005, -7.799650611881816 ], [ 109.735898833656165, -7.799652585968033 ], [ 109.73590326053278, -7.799653578535924 ], [ 109.735911064378172, -7.799655338499747 ], [ 109.735915037018174, -7.799656239109709 ], [ 109.73592298028592, -7.799658049234495 ], [ 109.735926950918838, -7.799658958750683 ], [ 109.735942829125293, -7.799662614556723 ], [ 109.735946797656197, -7.799663532957368 ], [ 109.735954732626055, -7.799665378645273 ], [ 109.735958699064611, -7.799666305932476 ], [ 109.735990421889142, -7.799673759701307 ], [ 109.735994386243362, -7.799674695876604 ], [ 109.736002312824496, -7.799676577105799 ], [ 109.736006275054365, -7.799677522160152 ], [ 109.736022119676136, -7.799681320123966 ], [ 109.73602607974874, -7.79968227404936 ], [ 109.736033997788695, -7.799684190783751 ], [ 109.73603795575616, -7.799685153592918 ], [ 109.736101261968315, -7.799700628525443 ], [ 109.736105217729573, -7.799701600193316 ], [ 109.736113127043268, -7.799703552387541 ], [ 109.736117080588883, -7.799704532912187 ], [ 109.736132890340059, -7.799708472724205 ], [ 109.736136841672646, -7.79970946210625 ], [ 109.736144742114902, -7.79971144972518 ], [ 109.736148691232188, -7.799712447964168 ], [ 109.736180274598723, -7.799720469122519 ], [ 109.736184221434655, -7.799721476201455 ], [ 109.736192112834146, -7.799723499201718 ], [ 109.736196057391055, -7.799724515121511 ], [ 109.736211831009541, -7.799728596468526 ], [ 109.736215773278616, -7.799729621226561 ], [ 109.736223655504489, -7.799731679575075 ], [ 109.736227595482262, -7.799732713171124 ], [ 109.736234873342369, -7.79973463113231 ], [ 109.736238538977659, -7.799735601241593 ], [ 109.736245868266792, -7.799737549120266 ], [ 109.736249531898693, -7.799738526883743 ], [ 109.736264182294065, -7.799742453213128 ], [ 109.736267843887049, -7.79974343862159 ], [ 109.736275164985841, -7.799745417070483 ], [ 109.736278824496935, -7.799746410112391 ], [ 109.736308091849708, -7.799754384868891 ], [ 109.736311749264871, -7.799755385539981 ], [ 109.736319061969311, -7.799757394503843 ], [ 109.736322717249607, -7.799758402793884 ], [ 109.736337334203483, -7.799762451219578 ], [ 109.736340987398421, -7.799763467142043 ], [ 109.736348291644674, -7.799765506603251 ], [ 109.736351942705483, -7.79976653014478 ], [ 109.736410339491897, -7.799782966881367 ], [ 109.736413988388563, -7.799783998032979 ], [ 109.73642128398626, -7.799786067938044 ], [ 109.736424930693204, -7.799787106692918 ], [ 109.736439513158587, -7.799791276923884 ], [ 109.736443157680583, -7.799792323283327 ], [ 109.736450444547188, -7.799794423609114 ], [ 109.736454086889978, -7.799795477575003 ], [ 109.736483216322881, -7.799803939554295 ], [ 109.736486856418026, -7.799805001106392 ], [ 109.73649413439108, -7.799807131806006 ], [ 109.736497772270241, -7.799808200953805 ], [ 109.736512319226222, -7.79981249269855 ], [ 109.736515954837671, -7.799813569426874 ], [ 109.736523223808376, -7.799815730468424 ], [ 109.736526857167405, -7.799816814781707 ], [ 109.736534064030593, -7.799818973737445 ], [ 109.736537511094184, -7.799820010094038 ], [ 109.736544403172559, -7.799822089637246 ], [ 109.736547848177736, -7.799823132820961 ], [ 109.736561623969806, -7.799827319175733 ], [ 109.736565066879621, -7.799828369175202 ], [ 109.736571950605708, -7.799830475990575 ], [ 109.7365753914263, -7.799831532807843 ], [ 109.736602909220778, -7.799840014488382 ], [ 109.736606347920429, -7.799841078113275 ], [ 109.736613223212373, -7.79984321217546 ], [ 109.736616659815581, -7.799844282616107 ], [ 109.736630401832485, -7.799848577946307 ], [ 109.73663383624347, -7.799849655172522 ], [ 109.736640702965815, -7.799851816439514 ], [ 109.736644135266829, -7.799852900477276 ], [ 109.736699032271417, -7.799870298640201 ], [ 109.73671418778207, -7.799875174954366 ], [ 109.736744455284679, -7.799885060133079 ], [ 109.73675956727476, -7.799890068997001 ], [ 109.736821130624037, -7.799910779857498 ], [ 109.736825507967865, -7.799912236481987 ], [ 109.736835687961957, -7.799915624666028 ], [ 109.736856027722411, -7.799922461080484 ], [ 109.736866295077732, -7.79992594618534 ], [ 109.736878924154155, -7.799930275735278 ], [ 109.736892212454734, -7.799934818550639 ], [ 109.73690990452053, -7.799937283739609 ], [ 109.736915496103563, -7.799938068634049 ], [ 109.736924814134852, -7.799939386451285 ], [ 109.736930404150598, -7.799940182932289 ], [ 109.736947171573092, -7.799942589715613 ], [ 109.736952759911389, -7.799943397767265 ], [ 109.736962072375604, -7.799944754157423 ], [ 109.736967658978642, -7.799945573771652 ], [ 109.736999311316652, -7.799950250986285 ], [ 109.737004896236556, -7.799951082170082 ], [ 109.737014202981754, -7.799952477110537 ], [ 109.737019786150199, -7.799953319854239 ], [ 109.737036532977243, -7.799955865417417 ], [ 109.737042114378369, -7.79995671971858 ], [ 109.737051415203894, -7.799958153179489 ], [ 109.737056994797399, -7.79995901903203 ], [ 109.737067277178369, -7.799960625737185 ], [ 109.737073700894882, -7.799961637242291 ], [ 109.737084405075166, -7.799963335849498 ], [ 109.737090826339568, -7.799964362667708 ], [ 109.737110086331029, -7.799967466070882 ], [ 109.737116505067661, -7.799968508189409 ], [ 109.737127200933571, -7.799970257816483 ], [ 109.737133617223833, -7.799971315248968 ], [ 109.737170041469483, -7.799977362834113 ], [ 109.737176893961419, -7.799978509521225 ], [ 109.73718831229985, -7.799980435208568 ], [ 109.737195161828595, -7.799981599348826 ], [ 109.737215647633832, -7.799985107969064 ], [ 109.737222544997223, -7.799986298396448 ], [ 109.737233937183987, -7.799988279697459 ], [ 109.737240078389391, -7.799989355431649 ], [ 109.737242755357727, -7.799989827397553 ], [ 109.737254663011981, -7.799991936880303 ], [ 109.737273647566496, -7.799995320641187 ], [ 109.737277603148868, -7.799996030309444 ], [ 109.737285393839613, -7.799997436922752 ], [ 109.737289288417287, -7.799998144470294 ], [ 109.737304730357266, -7.800000967256551 ], [ 109.73730859009396, -7.80000167712285 ], [ 109.737316307993353, -7.800003105181077 ], [ 109.737320166153211, -7.800003823372322 ], [ 109.737350872531067, -7.800009573624607 ], [ 109.737354710093712, -7.800010296536129 ], [ 109.73736238365791, -7.800011750601868 ], [ 109.73736621966691, -7.800012481757619 ], [ 109.737381560441406, -7.800015422839692 ], [ 109.737385394819057, -7.800016162224665 ], [ 109.737393062032368, -7.80001764924134 ], [ 109.737396894862457, -7.800018396872019 ], [ 109.737458203729602, -7.800030424133581 ], [ 109.737462034907082, -7.800031179988878 ], [ 109.737469695613981, -7.800032699925566 ], [ 109.73747352513135, -7.800033464004343 ], [ 109.737488839923628, -7.800036536775337 ], [ 109.737492667831759, -7.800037309087884 ], [ 109.737500321917253, -7.80003886192253 ], [ 109.737504148103937, -7.800039642446279 ], [ 109.737534750583791, -7.800045919453282 ], [ 109.737538575087854, -7.80004670819585 ], [ 109.73754622240034, -7.800048293897362 ], [ 109.737550045203363, -7.800049090855168 ], [ 109.737565332893098, -7.800052295091689 ], [ 109.737569153968252, -7.800053100259163 ], [ 109.737576794348854, -7.800054718794968 ], [ 109.737580613658508, -7.800055532164151 ], [ 109.73759525236477, -7.800058666099574 ], [ 109.737599166492316, -7.800059508567358 ], [ 109.737606992889084, -7.800061202124482 ], [ 109.737610905164217, -7.800062053215072 ], [ 109.73762655041071, -7.80006547479087 ], [ 109.737630460768628, -7.800066334490225 ], [ 109.737638279618352, -7.800068062509013 ], [ 109.737642188107031, -7.800068930827763 ], [ 109.737673447695727, -7.800075911666795 ], [ 109.737677354226435, -7.800076788585159 ], [ 109.737685165333573, -7.800078551022182 ], [ 109.737689069913358, -7.800079436541694 ], [ 109.73770468425073, -7.800082995803791 ], [ 109.737708586849521, -7.80008388991763 ], [ 109.737716390074979, -7.800085686741568 ], [ 109.73772029069346, -7.800086589449961 ], [ 109.737782681337023, -7.800101100742665 ], [ 109.737786579950352, -7.800102012039304 ], [ 109.737794375145825, -7.800103843215311 ], [ 109.737798271745305, -7.800104763098773 ], [ 109.737813853950854, -7.800108459767273 ], [ 109.737817748471457, -7.800109388222097 ], [ 109.737825535485172, -7.800111253715272 ], [ 109.737829427958388, -7.800112190749019 ], [ 109.737860559027297, -7.800119721206158 ], [ 109.737864449431186, -7.800120666813314 ], [ 109.737872228099548, -7.800122566584321 ], [ 109.737876116370273, -7.800123520749707 ], [ 109.7378916652263, -7.800127354536755 ], [ 109.737895551391489, -7.800128317266854 ], [ 109.737903321569434, -7.800130251280393 ], [ 109.737907205562124, -7.800131222558832 ], [ 109.737914445420074, -7.800133041521349 ], [ 109.737917782708905, -7.800133883351748 ], [ 109.737924455618042, -7.800135573314151 ], [ 109.737927791257903, -7.800136421451157 ], [ 109.737941130566924, -7.800139826623592 ], [ 109.737944464577538, -7.800140681071809 ], [ 109.73795113098771, -7.800142396284343 ], [ 109.737954463386757, -7.800143257048489 ], [ 109.737981115685784, -7.800150168309472 ], [ 109.737984446416363, -7.800151035374654 ], [ 109.73799110624816, -7.800152775816514 ], [ 109.73799443535529, -7.800153649194669 ], [ 109.738007748356438, -7.800157155286172 ], [ 109.738011075795555, -7.800158034965705 ], [ 109.738017728960699, -7.80015980061421 ], [ 109.738021054681724, -7.800160686581705 ], [ 109.738074250980844, -7.800174911963836 ], [ 109.738077575033685, -7.80017580423231 ], [ 109.738084221414908, -7.800177595055345 ], [ 109.738087543749316, -7.800178493611668 ], [ 109.738100829649682, -7.800182100412258 ], [ 109.738104150258209, -7.800183005254212 ], [ 109.738110789780023, -7.800184821232222 ], [ 109.738114108691946, -7.800185732367936 ], [ 109.738140652666402, -7.800193046481866 ], [ 109.738143969817031, -7.800193963893605 ], [ 109.738150602385701, -7.800195805000783 ], [ 109.738153917799934, -7.800196728695425 ], [ 109.738167175885394, -7.800200436012119 ], [ 109.738170489527022, -7.80020136597949 ], [ 109.738177115027213, -7.800203232184231 ], [ 109.738180426893905, -7.800204168423818 ], [ 109.738187574757319, -7.800206196382589 ], [ 109.738191027671746, -7.80020717971405 ], [ 109.738197931561274, -7.800209153200399 ], [ 109.738201382530235, -7.800210143353468 ], [ 109.738215182369345, -7.800214117566384 ], [ 109.738218631333154, -7.80021511452361 ], [ 109.738225527296208, -7.800217115253929 ], [ 109.73822897429875, -7.800218119028045 ], [ 109.738256542018405, -7.800226176355295 ], [ 109.738259986997093, -7.800227186927884 ], [ 109.738266874986664, -7.800229214888191 ], [ 109.738270318004595, -7.800230232278182 ], [ 109.738284085869338, -7.800234315388138 ], [ 109.73828752681942, -7.800235339563699 ], [ 109.738294406696184, -7.800237394713463 ], [ 109.738297845609679, -7.800238425683972 ], [ 109.738352849562887, -7.800254974853203 ], [ 109.738356286413875, -7.800256012610191 ], [ 109.738363158068239, -7.800258094915876 ], [ 109.738366592875366, -7.800259139465595 ], [ 109.73838032786432, -7.800263331204178 ], [ 109.738383760565227, -7.800264382527757 ], [ 109.738390623897658, -7.80026649195986 ], [ 109.738394054528044, -7.800267550068099 ], [ 109.73842149077791, -7.800276041914458 ], [ 109.738424919307192, -7.800277106798035 ], [ 109.738431774214632, -7.800279243324781 ], [ 109.738435200598758, -7.800280314969882 ], [ 109.738448901855236, -7.800284615076521 ], [ 109.738452326047366, -7.800285693468254 ], [ 109.738459172377304, -7.800287857041724 ], [ 109.738462594539556, -7.800288942231646 ], [ 109.738469662409784, -7.800291191186489 ], [ 109.73847329148407, -7.800292350127904 ], [ 109.738480547279664, -7.800294675645375 ], [ 109.738484173985, -7.800295842216201 ], [ 109.738498675660082, -7.800300523627186 ], [ 109.738502299809568, -7.800301697767168 ], [ 109.738509545712645, -7.80030405366773 ], [ 109.738513167456972, -7.80030523542581 ], [ 109.738542130832684, -7.800314719647645 ], [ 109.738545750028266, -7.800315908976643 ], [ 109.738552985944693, -7.800318295229772 ], [ 109.738556602663323, -7.800319492153392 ], [ 109.738571064367022, -7.800324294965435 ], [ 109.738574678508371, -7.80032549945048 ], [ 109.738581904291891, -7.800327916008087 ], [ 109.738585515932641, -7.800329128080136 ], [ 109.738643278718655, -7.80034858076192 ], [ 109.7386468877894, -7.800349800397328 ], [ 109.738654103326724, -7.800352247220417 ], [ 109.73865770979171, -7.800353474407586 ], [ 109.738672130496695, -7.80035839827832 ], [ 109.738675734371554, -7.800359633022367 ], [ 109.738682939543878, -7.800362110071489 ], [ 109.738686540841968, -7.800363352377133 ], [ 109.738715340251588, -7.800373320836627 ], [ 109.738718938911973, -7.800374570682607 ], [ 109.738726133581167, -7.800377077910468 ], [ 109.738729729590546, -7.800378335292294 ], [ 109.738744108306378, -7.800383379885147 ], [ 109.738747701659349, -7.800384644801113 ], [ 109.738754885697972, -7.800387182163092 ], [ 109.738758540822346, -7.80038847752229 ], [ 109.738766890198974, -7.800391446833771 ], [ 109.738772484045114, -7.800393440962694 ], [ 109.738780920630745, -7.800396456263229 ], [ 109.738786543337142, -7.800398471075596 ], [ 109.738800596653505, -7.800403519909253 ], [ 109.738806218730531, -7.800405544933938 ], [ 109.738814650648465, -7.800408589877179 ], [ 109.738820277876584, -7.800410627227848 ], [ 109.738823938375162, -7.800411958505492 ], [ 109.738831326301295, -7.800414654706628 ], [ 109.738835052285083, -7.800416019106422 ], [ 109.73884841535488, -7.800420929022607 ], [ 109.738851754899144, -7.800422159766924 ], [ 109.738858935082021, -7.80042481448038 ], [ 109.738861974773499, -7.800425649993429 ], [ 109.738864770717271, -7.800426367649777 ], [ 109.73887036141565, -7.800427807390804 ], [ 109.738873156170655, -7.800428529475539 ], [ 109.738884332911255, -7.800431426696207 ], [ 109.738887126513248, -7.800432153218424 ], [ 109.73889271255706, -7.800433610698519 ], [ 109.738895504998538, -7.800434341656285 ], [ 109.738940173623405, -7.800446072159616 ], [ 109.73894296490954, -7.800446807554124 ], [ 109.738948546294694, -7.800448282771583 ], [ 109.738951336385867, -7.800449022592602 ], [ 109.738962494402244, -7.800451990740385 ], [ 109.738965283326536, -7.800452734995247 ], [ 109.738970859964184, -7.800454227927332 ], [ 109.738973647686407, -7.800454976606829 ], [ 109.738995944532746, -7.800460983707353 ], [ 109.738998731067966, -7.800461736815407 ], [ 109.739004302914793, -7.800463247450239 ], [ 109.739007088213384, -7.800464004973435 ], [ 109.73901822706091, -7.800467043930894 ], [ 109.739021011208024, -7.800467805892481 ], [ 109.739026578201276, -7.800469334213233 ], [ 109.739029361044231, -7.800470100571431 ], [ 109.739038579927467, -7.800472647879928 ], [ 109.739044849102527, -7.800474387741133 ], [ 109.739055294207958, -7.800477299963461 ], [ 109.739061559146194, -7.800479054765162 ], [ 109.739080347676406, -7.80048434159994 ], [ 109.739086608457285, -7.800486111364194 ], [ 109.739097039455714, -7.800489073391645 ], [ 109.739103295922746, -7.80049085807434 ], [ 109.739114742737229, -7.800494137429439 ], [ 109.739120880295275, -7.800495289265484 ], [ 109.739128199657102, -7.800496672214194 ], [ 109.739150152004754, -7.800500851040795 ], [ 109.739157467546704, -7.80050225397747 ], [ 109.739169656915351, -7.800504608858603 ], [ 109.739176968603488, -7.80050603177699 ], [ 109.73921838958654, -7.800514151399852 ], [ 109.739225697332415, -7.800515594282331 ], [ 109.739237873589957, -7.800518015716932 ], [ 109.739245177343093, -7.800519478554122 ], [ 109.739267082482172, -7.800523896970503 ], [ 109.739274382221083, -7.800525379757914 ], [ 109.739286544977404, -7.800527867668904 ], [ 109.739293840534629, -7.800529370372374 ], [ 109.739303624102888, -7.800531398613714 ], [ 109.739306391151558, -7.800531974742455 ], [ 109.739311924233448, -7.800533131277859 ], [ 109.739314690281276, -7.800533711687251 ], [ 109.739325752792183, -7.800536041953364 ], [ 109.739328517991794, -7.800536626675409 ], [ 109.739334047420073, -7.800537800406232 ], [ 109.739336811653573, -7.800538389415976 ], [ 109.73935892188473, -7.80054311869219 ], [ 109.739361685215101, -7.800543712002764 ], [ 109.739367210967032, -7.800544902924003 ], [ 109.739369973391433, -7.800545500535293 ], [ 109.739381021113672, -7.800547899545961 ], [ 109.739383782588959, -7.800548501448418 ], [ 109.739389304562792, -7.800549709538473 ], [ 109.739392065059349, -7.800550315725559 ], [ 109.739436224672545, -7.80056004888371 ], [ 109.739438984229025, -7.800560659363612 ], [ 109.739444502428626, -7.800561884622709 ], [ 109.739447261082375, -7.800562499404293 ], [ 109.739458293602866, -7.800564967069079 ], [ 109.739461051222406, -7.800565586122786 ], [ 109.739466565547048, -7.800566828529156 ], [ 109.739469322248965, -7.800567451881193 ], [ 109.739491371628162, -7.800572455762563 ], [ 109.73949412732054, -7.800573083392067 ], [ 109.73949963771463, -7.800574342933032 ], [ 109.739502392408156, -7.800574974842448 ], [ 109.739513409262997, -7.800577511057952 ], [ 109.739516163027133, -7.800578147263195 ], [ 109.739521669488397, -7.800579423938302 ], [ 109.739524422180693, -7.800580064406688 ], [ 109.739541471844234, -7.800584045325138 ], [ 109.739544604581681, -7.800584779711471 ], [ 109.739550868690174, -7.800586254014831 ], [ 109.739554000074236, -7.800586993934758 ], [ 109.739566522998814, -7.800589964704272 ], [ 109.739569653074398, -7.800590710168308 ], [ 109.739575911883321, -7.800592206632757 ], [ 109.739579040609556, -7.800592957631238 ], [ 109.73960406498361, -7.800598987747662 ], [ 109.739607192402275, -7.800599744290537 ], [ 109.739613445858367, -7.800601262903172 ], [ 109.739616571908357, -7.800602024975888 ], [ 109.739629073366359, -7.800605084324843 ], [ 109.739632198039828, -7.800605851925468 ], [ 109.739638446043898, -7.800607392662187 ], [ 109.739641569368473, -7.800608165797314 ], [ 109.73969152975485, -7.800620579731117 ], [ 109.739694651669822, -7.800621358385342 ], [ 109.739700894160478, -7.800622921230683 ], [ 109.739704014739118, -7.800623705422765 ], [ 109.739716494103845, -7.800626853197059 ], [ 109.739719613244688, -7.800627642901532 ], [ 109.739725753882055, -7.800630007060875 ], [ 109.739728884040403, -7.8006306732442 ], [ 109.73973397593636, -7.800631672920247 ], [ 109.739742323008727, -7.800633377144322 ], [ 109.739749483869275, -7.800634512439444 ], [ 109.739753383519826, -7.800635132869672 ], [ 109.739761182171151, -7.800636377969568 ], [ 109.739765081172607, -7.800637002639519 ], [ 109.739772882418322, -7.800638256846696 ], [ 109.739827510214809, -7.800646704806468 ], [ 109.739831410127181, -7.800647325275577 ], [ 109.739839208574608, -7.800648574680793 ], [ 109.739843107096817, -7.800649203614853 ], [ 109.739858698449893, -7.800651736287818 ], [ 109.739862595637192, -7.800652373695755 ], [ 109.739870388539146, -7.800653656963107 ], [ 109.739874284262726, -7.800654302823887 ], [ 109.739905444251804, -7.800659503528721 ], [ 109.73990957366135, -7.800660197630066 ], [ 109.739917830820389, -7.800661595334475 ], [ 109.73992195857295, -7.80066229893805 ], [ 109.739938418154168, -7.80066512409735 ], [ 109.739942568793822, -7.800665841473915 ], [ 109.739950771993563, -7.8006672690654 ], [ 109.739954825371967, -7.800667979424531 ], [ 109.739963723379674, -7.800669553250145 ], [ 109.739976180903739, -7.800671769430608 ], [ 109.739984939129499, -7.800673336364127 ], [ 109.739994295846543, -7.800675018762718 ], [ 109.739999133255196, -7.800675895507709 ], [ 109.740008641219958, -7.800677632039879 ], [ 109.740013394028551, -7.800678506621864 ], [ 109.740032195316758, -7.800681992161117 ], [ 109.740036894485968, -7.800682869725165 ], [ 109.740046290513419, -7.800684637210964 ], [ 109.740050987370353, -7.800685527132543 ], [ 109.740088552053976, -7.80069269575813 ], [ 109.740093246547133, -7.800693598027237 ], [ 109.740102633107654, -7.80069541490127 ], [ 109.740107325174279, -7.800696329506025 ], [ 109.740126088562306, -7.800700012591051 ], [ 109.740130778209902, -7.800700939532874 ], [ 109.740140155038091, -7.800702805744152 ], [ 109.740144842218854, -7.80070374501372 ], [ 109.740219811631789, -7.800718870782873 ], [ 109.740224496321218, -7.800719822374504 ], [ 109.740233863159006, -7.800721737870333 ], [ 109.740238545307193, -7.800722701774646 ], [ 109.7402572687202, -7.800726581996855 ], [ 109.740261948305829, -7.800727558209474 ], [ 109.740271304880025, -7.800729522935569 ], [ 109.740275981870354, -7.800730511449501 ], [ 109.740313386630874, -7.800738468599945 ], [ 109.740318060991854, -7.800739469407915 ], [ 109.740327407059112, -7.800741483312606 ], [ 109.740332078765107, -7.800742496409384 ], [ 109.740350760132173, -7.800746573341939 ], [ 109.740355429152203, -7.800747598720761 ], [ 109.740364764472758, -7.800749661753287 ], [ 109.740369430777264, -7.800750699407843 ], [ 109.740376183641672, -7.8007522103768 ], [ 109.740381469187753, -7.800753401305201 ], [ 109.74039203671839, -7.800755798915759 ], [ 109.740397318704822, -7.800757005598598 ], [ 109.740418439260395, -7.800761863776017 ], [ 109.740423717582019, -7.800763086188965 ], [ 109.740434270586547, -7.800765546751052 ], [ 109.740439545265531, -7.800766784899452 ], [ 109.740481726679661, -7.800776752686602 ], [ 109.740486997601636, -7.800778006543339 ], [ 109.740497535683005, -7.8007805299643 ], [ 109.74050280284871, -7.800781799530057 ], [ 109.740523863687315, -7.800786909135354 ], [ 109.740529126970102, -7.800788194379265 ], [ 109.740539649727339, -7.800790780563318 ], [ 109.740544909195762, -7.800792081502209 ], [ 109.740629021116888, -7.800813019825455 ], [ 109.740634276636854, -7.80081433642539 ], [ 109.740644783726452, -7.800816985286701 ], [ 109.740650035291821, -7.800818317547055 ], [ 109.740671033400361, -7.80082367784712 ], [ 109.740676280944058, -7.800825025750783 ], [ 109.7406867719601, -7.800827737188797 ], [ 109.740692015432444, -7.800829100722979 ], [ 109.740733945910563, -7.800840071252367 ], [ 109.740739185290352, -7.800841450411383 ], [ 109.740749659883818, -7.800844224335037 ], [ 109.740754895102782, -7.800845619101267 ], [ 109.740775827470316, -7.800851229330306 ], [ 109.740781058492814, -7.800852639694085 ], [ 109.740791516282684, -7.800855476003619 ], [ 109.740796743032718, -7.800856901944599 ], [ 109.740803407904934, -7.80085873090735 ], [ 109.740809414524165, -7.80086039031346 ], [ 109.740821421986027, -7.800863729700097 ], [ 109.740827422848042, -7.800865409686025 ], [ 109.740851414489612, -7.800872170707009 ], [ 109.740857409511136, -7.80087387124928 ], [ 109.740869393677144, -7.800877292879647 ], [ 109.740875382816284, -7.800879013966494 ], [ 109.740923270625387, -7.800892864324055 ], [ 109.740929253791364, -7.800894605928704 ], [ 109.740941214086718, -7.800898109638013 ], [ 109.740947191218538, -7.800899871743468 ], [ 109.740971087387322, -7.800906961080443 ], [ 109.74097705841865, -7.800908743666866 ], [ 109.740988994294753, -7.800912329295443 ], [ 109.740994959136515, -7.800914132336459 ], [ 109.741090334820967, -7.800943140889444 ], [ 109.741096293421151, -7.800944964368057 ], [ 109.741108204280124, -7.800948631733661 ], [ 109.74111415654329, -7.800950475621903 ], [ 109.741137952732174, -7.800957891934615 ], [ 109.74114389862126, -7.800959756220891 ], [ 109.741155783950944, -7.800963505168227 ], [ 109.741161723388871, -7.800965389828491 ], [ 109.74120921127502, -7.800980548027439 ], [ 109.741215144174362, -7.800982453033555 ], [ 109.741227003371705, -7.800986283371913 ], [ 109.741232929670275, -7.800988208704439 ], [ 109.741256621375953, -7.800995950593233 ], [ 109.741262540981211, -7.800997896221645 ], [ 109.741274373462318, -7.801001807762873 ], [ 109.741280286347092, -7.801003773678531 ], [ 109.741287568216762, -7.801006208630326 ], [ 109.741290312637659, -7.801007128756453 ], [ 109.741295800022954, -7.801008973384285 ], [ 109.741298542986499, -7.80100989788582 ], [ 109.741309511741804, -7.801013604581215 ], [ 109.741312253173248, -7.801014533433033 ], [ 109.741317734566906, -7.801016395508157 ], [ 109.741320474518091, -7.80101732872771 ], [ 109.741342388100691, -7.801024811918865 ], [ 109.741345126576618, -7.801025749507858 ], [ 109.741350602013654, -7.801027629041812 ], [ 109.741353338989938, -7.801028570992059 ], [ 109.741364283812231, -7.801032347486739 ], [ 109.741367019219865, -7.801033293774253 ], [ 109.741372488605919, -7.801035190734979 ], [ 109.741375222572401, -7.801036141404097 ], [ 109.741414956708184, -7.801049993455536 ], [ 109.741436495001096, -7.801055085016571 ], [ 109.741441863308125, -7.801056362669328 ], [ 109.741452596001295, -7.801058934264688 ], [ 109.741457960380956, -7.801060228205642 ], [ 109.741479409865462, -7.801065436502086 ], [ 109.741484770285524, -7.801066746723393 ], [ 109.741495487076691, -7.801069383424533 ], [ 109.741500843450183, -7.801070709904991 ], [ 109.741543677255834, -7.801081386534406 ], [ 109.74154902957298, -7.801082729271116 ], [ 109.741559730076233, -7.801085430982482 ], [ 109.741565078265864, -7.801086789957992 ], [ 109.741586462585587, -7.801092258290737 ], [ 109.741591806601491, -7.801093633493224 ], [ 109.741602490421883, -7.801096400115625 ], [ 109.741607830223586, -7.801097791534971 ], [ 109.741616213061604, -7.80109998949024 ], [ 109.741621414924396, -7.80110136163546 ], [ 109.741631814536959, -7.801104121311766 ], [ 109.741637012288663, -7.801105508843477 ], [ 109.741657794916932, -7.801111089700726 ], [ 109.741662988532426, -7.801112492611935 ], [ 109.741673371543129, -7.801115313791627 ], [ 109.741678560937316, -7.801116732059597 ], [ 109.741720058310477, -7.801128139382399 ], [ 109.741725243478527, -7.801129573005312 ], [ 109.741735609518287, -7.801132455587208 ], [ 109.741740790384995, -7.801133904544713 ], [ 109.741761505129602, -7.801139731010096 ], [ 109.741766681688716, -7.801141195300431 ], [ 109.741777030395838, -7.801144139184601 ], [ 109.741782202546005, -7.801145618779174 ], [ 109.7418649140958, -7.80116941253516 ], [ 109.741870081839011, -7.801170907433402 ], [ 109.741880412842079, -7.801173912512525 ], [ 109.741885576114214, -7.801175422696929 ], [ 109.741906220055512, -7.80118149394707 ], [ 109.741911378798818, -7.801183019400639 ], [ 109.741921691735456, -7.801186085571146 ], [ 109.74192684591776, -7.801187626284559 ], [ 109.741968060093313, -7.801200012717061 ], [ 109.741973209688354, -7.801201568682018 ], [ 109.741983504200846, -7.801204695836759 ], [ 109.741988649117502, -7.801206267025975 ], [ 109.742009219344084, -7.80121258220646 ], [ 109.742014359580423, -7.801214168619481 ], [ 109.742024635290818, -7.801217356644088 ], [ 109.742029770759416, -7.801218958253855 ], [ 109.742038038608939, -7.801221550202285 ], [ 109.742042846930644, -7.801223064927512 ], [ 109.742052459322792, -7.801226107704338 ], [ 109.742057263398863, -7.801227635757471 ], [ 109.742076471068629, -7.801233774580055 ], [ 109.742081270872177, -7.801235315952511 ], [ 109.742090866156047, -7.801238412000373 ], [ 109.742095661639155, -7.80123996667669 ], [ 109.742134007308039, -7.801252457004466 ], [ 109.742138798428073, -7.80125402497049 ], [ 109.742148376281762, -7.801257174185082 ], [ 109.742153163015814, -7.801258755433707 ], [ 109.742172301024141, -7.801265106941514 ], [ 109.742177083341289, -7.801266701462453 ], [ 109.742186643493028, -7.801269903754815 ], [ 109.742191421327902, -7.801271511526238 ], [ 109.742267824580154, -7.801297339755251 ], [ 109.742272741771046, -7.801299009853096 ], [ 109.742282571320686, -7.80130236408462 ], [ 109.742287483674431, -7.80130404821665 ], [ 109.74230712335401, -7.801310812791769 ], [ 109.742312030864809, -7.801312510955881 ], [ 109.742321840993554, -7.801315921299192 ], [ 109.742326743616218, -7.801317633479982 ], [ 109.742365912331934, -7.801331375515247 ], [ 109.742370818254528, -7.801333104611729 ], [ 109.742380625114208, -7.801336576840299 ], [ 109.74238552604578, -7.801338319970455 ], [ 109.742405056549217, -7.801345297963394 ], [ 109.742409979861804, -7.801347064995696 ], [ 109.742419696887055, -7.801350568346095 ], [ 109.742424482215256, -7.801352301606755 ], [ 109.742437435750048, -7.801357022069965 ], [ 109.742449689566342, -7.801361502767463 ], [ 109.74245470152573, -7.801363344035053 ], [ 109.742464543893163, -7.801366976299676 ], [ 109.742469462432723, -7.801368799529598 ], [ 109.74248891527435, -7.801376042375296 ], [ 109.742493775899675, -7.801377860034108 ], [ 109.742503491928005, -7.801381509226985 ], [ 109.742508347330158, -7.801383340760822 ], [ 109.742546903788764, -7.801397947808482 ], [ 109.742551720849292, -7.801399780562519 ], [ 109.74256134970932, -7.801403459715971 ], [ 109.742566161504897, -7.801405306113736 ], [ 109.742585398096423, -7.801412718968436 ], [ 109.742590204635235, -7.801414579012999 ], [ 109.742599812365484, -7.801418312713906 ], [ 109.742604613561184, -7.801420186372013 ], [ 109.742681383395052, -7.801450271231886 ], [ 109.742686179229224, -7.801452158495181 ], [ 109.742695765508358, -7.801455946616841 ], [ 109.742700555956048, -7.80145784747657 ], [ 109.742719706768696, -7.801465478026387 ], [ 109.742724491765443, -7.801467392456743 ], [ 109.742734056295774, -7.801471234883422 ], [ 109.742753674768664, -7.801479249604029 ], [ 109.742764500389228, -7.801483746069096 ], [ 109.742772100400202, -7.801486623367225 ], [ 109.742785074817789, -7.801491593676303 ], [ 109.742788845940765, -7.801493040764967 ], [ 109.742795384795386, -7.801495553268921 ], [ 109.742799495396696, -7.801497135408795 ], [ 109.742813025403109, -7.801501721387012 ], [ 109.742832005957155, -7.801508730932596 ], [ 109.742835650299583, -7.801510100263556 ], [ 109.742842937000432, -7.801512844597994 ], [ 109.742847307657314, -7.801514494965204 ], [ 109.742873751564673, -7.801524505782538 ], [ 109.742878008545574, -7.801526123500992 ], [ 109.742886518427042, -7.801529369601496 ], [ 109.74289077133227, -7.801530997985424 ], [ 109.742907774672346, -7.801537532802911 ], [ 109.742912023465124, -7.801539171838385 ], [ 109.742920516909862, -7.801542460549911 ], [ 109.742924761559266, -7.801544110225166 ], [ 109.742958701536679, -7.801557349932352 ], [ 109.74296294201099, -7.801559010234485 ], [ 109.742971418769798, -7.801562341460283 ], [ 109.742975655048326, -7.801564012381448 ], [ 109.742992591688903, -7.801570717272512 ], [ 109.742996823768806, -7.801572398811913 ], [ 109.7430052836512, -7.80157577247752 ], [ 109.743009511457728, -7.801577464605316 ], [ 109.743077117762311, -7.80160462157852 ], [ 109.743085560532506, -7.801608037588721 ], [ 109.743102428753502, -7.801614911871241 ], [ 109.743110854205099, -7.801618370143728 ], [ 109.743144520534031, -7.801632287412076 ], [ 109.74315292847416, -7.80163578786761 ], [ 109.743169726581584, -7.801642830853439 ], [ 109.743178116747288, -7.801646373382823 ], [ 109.743245162164726, -7.801674879863242 ], [ 109.74325353439491, -7.801678464396844 ], [ 109.743270260686529, -7.801685675370209 ], [ 109.743278614750977, -7.801689301811109 ], [ 109.743311993838574, -7.801703891022896 ], [ 109.743320329528387, -7.801707559279919 ], [ 109.743336982323285, -7.801714937518 ], [ 109.743345299426551, -7.801718647498319 ], [ 109.743411756877663, -7.801748491972603 ], [ 109.743420055188324, -7.801752243582939 ], [ 109.743436632799785, -7.801759788336824 ], [ 109.743444912102007, -7.801763581480998 ], [ 109.743477990465522, -7.801778836743551 ], [ 109.743486250550063, -7.8017826713251 ], [ 109.743502751301037, -7.801790381833314 ], [ 109.743510991966957, -7.801794257759582 ], [ 109.743576834609428, -7.801825428173743 ], [ 109.743585055648168, -7.801829345345197 ], [ 109.743601477883146, -7.801837220832397 ], [ 109.743609679079668, -7.801841179148028 ], [ 109.743642443357714, -7.801857094299294 ], [ 109.743650624500788, -7.801861093656782 ], [ 109.743666966542435, -7.80186913332011 ], [ 109.743675127441747, -7.801873173626575 ], [ 109.743740328677291, -7.801905657388829 ], [ 109.743748469121158, -7.8019097385382 ], [ 109.743764729340626, -7.801917941574857 ], [ 109.743772849114464, -7.801922063461063 ], [ 109.743805286074064, -7.801938632073131 ], [ 109.743813384986368, -7.801942794598403 ], [ 109.743829561727068, -7.801951160174383 ], [ 109.743837639556091, -7.801955363225375 ], [ 109.743902173048639, -7.801989147215011 ], [ 109.74391022960566, -7.801993390691848 ], [ 109.74392632124318, -7.802001917965129 ], [ 109.743934356324928, -7.802006201762367 ], [ 109.743966452858388, -7.802023417140106 ], [ 109.743974466253292, -7.802027741144457 ], [ 109.743990471151164, -7.802036429249995 ], [ 109.743998462652485, -7.802040793350272 ], [ 109.744062302339785, -7.802075863923562 ], [ 109.744066290265152, -7.802078061221891 ], [ 109.744074260531704, -7.802082465784679 ], [ 109.744078242869932, -7.802084673047318 ], [ 109.744094161124394, -7.802093522067935 ], [ 109.744098137904189, -7.802095739310573 ], [ 109.744106085895567, -7.802100183770506 ], [ 109.744110057113801, -7.802102410991665 ], [ 109.744141803642947, -7.802120268129045 ], [ 109.744145770048419, -7.802122505752664 ], [ 109.744153697216177, -7.80212699093795 ], [ 109.744157657981589, -7.80212923850155 ], [ 109.744173489632374, -7.802138248561903 ], [ 109.744177446412891, -7.802140507013291 ], [ 109.744185354266847, -7.80214503382922 ], [ 109.744189308709281, -7.802147304133655 ], [ 109.744193581530851, -7.802149772109374 ], [ 109.744202127175583, -7.802154723569743 ], [ 109.744206396624918, -7.802157205111655 ], [ 109.744223467446659, -7.80216715832637 ], [ 109.744227731774401, -7.8021696524454 ], [ 109.744236253577014, -7.802174652257065 ], [ 109.744240511049099, -7.802177157947938 ], [ 109.744274549557645, -7.802197253394581 ], [ 109.744278801025416, -7.802199771162691 ], [ 109.744287297039989, -7.802204818238522 ], [ 109.744291541587472, -7.802207347546471 ], [ 109.744308505897038, -7.802217487833843 ], [ 109.744312743536284, -7.80222002868868 ], [ 109.744321211828492, -7.8022251218988 ], [ 109.744325442480772, -7.802227674253459 ], [ 109.744393078556868, -7.802268604846802 ], [ 109.744401519714302, -7.802273744552167 ], [ 109.744418373776625, -7.802284069789209 ], [ 109.744426786685437, -7.802289255322989 ], [ 109.744460380878081, -7.802310088529168 ], [ 109.744468765314366, -7.802315319752779 ], [ 109.744485505446676, -7.802325827723564 ], [ 109.744493861140541, -7.80233110446926 ], [ 109.744560585835131, -7.802373496778443 ], [ 109.744568912555621, -7.802378818898546 ], [ 109.744585536755949, -7.802389508343765 ], [ 109.744593834238117, -7.802394875670643 ], [ 109.744626964737677, -7.802416434771885 ], [ 109.744635232745679, -7.802421847152232 ], [ 109.744651739042411, -7.802432716806663 ], [ 109.744659977328752, -7.802438174079043 ], [ 109.744725758890979, -7.80248200793153 ], [ 109.744733967226523, -7.802487509942694 ], [ 109.744750353665381, -7.802498558517016 ], [ 109.744758531769264, -7.802504105080573 ], [ 109.744791182832785, -7.802526379832784 ], [ 109.744799330493834, -7.802531970804637 ], [ 109.744815595120826, -7.802543196984004 ], [ 109.744823712089101, -7.802548832193452 ], [ 109.74488851920961, -7.802594086727879 ], [ 109.744896605226984, -7.802599765993648 ], [ 109.744912746096247, -7.802611168432918 ], [ 109.744920800950126, -7.80261689160767 ], [ 109.744952957011037, -7.802639871392103 ], [ 109.744960980427663, -7.802645638280865 ], [ 109.74497699561789, -7.802657215624663 ], [ 109.744984987388136, -7.802663026077482 ], [ 109.74504878922113, -7.802709679753548 ], [ 109.745056749094033, -7.802715533586252 ], [ 109.745072636712734, -7.802727284464083 ], [ 109.745080564458476, -7.802733181509552 ], [ 109.74511221022874, -7.802756855400105 ], [ 109.745120105605395, -7.802762795477634 ], [ 109.745135863758549, -7.802774718491548 ], [ 109.745143726533684, -7.802780701426968 ], [ 109.745206492714431, -7.802828732042258 ], [ 109.745214322651634, -7.802834757653727 ], [ 109.745229949452096, -7.80284685137309 ], [ 109.745237746316604, -7.80285291948195 ], [ 109.745268866726519, -7.802877276205891 ], [ 109.745276630299543, -7.802883386641156 ], [ 109.745292123908825, -7.802895649645734 ], [ 109.74529985394355, -7.802901802213853 ], [ 109.745361554600038, -7.802951186909866 ], [ 109.745365407457996, -7.802954279329299 ], [ 109.745373104704754, -7.802960474638496 ], [ 109.745376949096396, -7.802963577530363 ], [ 109.745392309592717, -7.802976009931342 ], [ 109.745396145485586, -7.802979123269381 ], [ 109.745403808734977, -7.802985360361106 ], [ 109.745407636092636, -7.802988484115815 ], [ 109.745438220178471, -7.803013515298062 ], [ 109.745442039939348, -7.803016650241318 ], [ 109.745449670887467, -7.803022930521706 ], [ 109.745453482073515, -7.803026075857758 ], [ 109.745468709502973, -7.803038677852442 ], [ 109.745472513976324, -7.803041835131637 ], [ 109.745480114295447, -7.803048160057244 ], [ 109.745483913976898, -7.80305133091349 ], [ 109.74548769057958, -7.803054500013332 ], [ 109.745495242789104, -7.803060854904516 ], [ 109.745499014554753, -7.803064037481477 ], [ 109.74551409178116, -7.803076794678191 ], [ 109.745517856770562, -7.803079989136336 ], [ 109.745525377949264, -7.803086388230099 ], [ 109.745529134139815, -7.80308959286657 ], [ 109.745559155820615, -7.803115276958067 ], [ 109.745562904219184, -7.803118492638134 ], [ 109.745570392191553, -7.803124934162952 ], [ 109.745574131765352, -7.803128160007702 ], [ 109.745589072380653, -7.803141083689923 ], [ 109.745592803129341, -7.803144319698958 ], [ 109.745600255772672, -7.803150801856532 ], [ 109.745603977669759, -7.803154048007173 ], [ 109.74566345970112, -7.803206069721341 ], [ 109.74567087772607, -7.80321259314178 ], [ 109.745685677991105, -7.803225680235244 ], [ 109.74569306023028, -7.803232243907587 ], [ 109.745722516740216, -7.803258578319173 ], [ 109.745729862972098, -7.803265182045607 ], [ 109.745744519215975, -7.803278429362649 ], [ 109.745751829228482, -7.803285072953543 ], [ 109.745810159215011, -7.803338376349984 ], [ 109.745817432785202, -7.803345059600474 ], [ 109.745831943266182, -7.803358465564088 ], [ 109.7458391801772, -7.803365188277269 ], [ 109.745868053653794, -7.803392157262067 ], [ 109.745875253688496, -7.803398919235178 ], [ 109.745889616684622, -7.803412482256988 ], [ 109.745896779646898, -7.80341928330671 ], [ 109.745953929826953, -7.803473843017287 ], [ 109.745961055486305, -7.803480682923009 ], [ 109.745975269285168, -7.803494401383944 ], [ 109.745982357421099, -7.803501279935801 ], [ 109.746010634125128, -7.803528870661808 ], [ 109.746017684547212, -7.803535787674264 ], [ 109.746031747451866, -7.803549659938938 ], [ 109.746038759935402, -7.803556615192349 ], [ 109.746094703107474, -7.803612405249112 ], [ 109.746101677457602, -7.803619398547937 ], [ 109.746115587798215, -7.803633422966584 ], [ 109.746122523790802, -7.803640454088395 ], [ 109.746150190257083, -7.803668653417276 ], [ 109.746157087698464, -7.803675722164826 ], [ 109.746170843823961, -7.80368989707523 ], [ 109.746177702504497, -7.803697003234618 ], [ 109.746232412045572, -7.80375399708845 ], [ 109.746239231773302, -7.803761140458676 ], [ 109.746252832045855, -7.80377546417094 ], [ 109.746259612593519, -7.803782644515991 ], [ 109.746286655668143, -7.80381143904151 ], [ 109.746293396847136, -7.803818656160786 ], [ 109.746306839647787, -7.803833126972506 ], [ 109.746313541268933, -7.803840380664496 ], [ 109.746366991139951, -7.803898551191878 ], [ 109.746373652995374, -7.803905841229607 ], [ 109.74638693672523, -7.803920457417348 ], [ 109.74639355859415, -7.803927783561278 ], [ 109.746419965394807, -7.80395715956746 ], [ 109.746426547117665, -7.803964521640125 ], [ 109.746439670188522, -7.803979281458965 ], [ 109.746446211542093, -7.803986679211505 ], [ 109.74649837630011, -7.804045998723041 ], [ 109.746501632290631, -7.804049711495963 ], [ 109.746508134075498, -7.804057145849981 ], [ 109.746511379864558, -7.804060867425051 ], [ 109.746524342665907, -7.80407577138277 ], [ 109.746527578284599, -7.804079501795002 ], [ 109.746534039299945, -7.804086971397453 ], [ 109.746537264700862, -7.804090710593073 ], [ 109.746563026500837, -7.80412065866193 ], [ 109.746566242636106, -7.804124407752738 ], [ 109.746572664642542, -7.804131914676134 ], [ 109.74657587051189, -7.804135672506447 ], [ 109.746588673348356, -7.804150721179099 ], [ 109.746591870850523, -7.804154489993323 ], [ 109.746598255520382, -7.804162036305968 ], [ 109.746601446528018, -7.804165818368176 ], [ 109.746604612816384, -7.80416959197396 ], [ 109.746610942728978, -7.80417715689731 ], [ 109.746614102517356, -7.804180943655808 ], [ 109.746626728555327, -7.804196116958394 ], [ 109.746629879893192, -7.804199914589162 ], [ 109.746636172181297, -7.804207518407964 ], [ 109.746639313129606, -7.804211324593552 ], [ 109.746664406147204, -7.804241816789101 ], [ 109.74666753761386, -7.804245632638697 ], [ 109.746673790116915, -7.804253272855817 ], [ 109.746676911156158, -7.804257097226866 ], [ 109.74668937429476, -7.804272411554734 ], [ 109.746692484852304, -7.804276244380787 ], [ 109.74669869548643, -7.804283918489432 ], [ 109.746701795561307, -7.804287759769693 ], [ 109.74675131623701, -7.804349292024995 ], [ 109.746757485746343, -7.804357000961772 ], [ 109.746769782521369, -7.804372452287396 ], [ 109.746775909787857, -7.804380194677321 ], [ 109.746800333604938, -7.804411230175958 ], [ 109.746806418427752, -7.804419005764771 ], [ 109.746818545469182, -7.804434589936307 ], [ 109.746824587687286, -7.804442398518688 ], [ 109.746872750649231, -7.804504993477963 ], [ 109.746878750064582, -7.804512834795787 ], [ 109.746890705935925, -7.804528549964232 ], [ 109.74689666239027, -7.804536423813033 ], [ 109.746920401537466, -7.804567983277195 ], [ 109.746926314846576, -7.804575889412774 ], [ 109.746938098122428, -7.804591733708605 ], [ 109.74694396808917, -7.804599671868061 ], [ 109.746990750414909, -7.80466329974189 ], [ 109.746996576888989, -7.804671269719563 ], [ 109.747008186169808, -7.804687241256602 ], [ 109.747013968975693, -7.804695242815114 ], [ 109.747037012155317, -7.8047273112266 ], [ 109.747042751121398, -7.80473534412755 ], [ 109.747054185022193, -7.804751441004782 ], [ 109.747059879958613, -7.804759504983167 ], [ 109.74710525938309, -7.80482413549214 ], [ 109.747110910140634, -7.804832230334057 ], [ 109.747122167298699, -7.804848450629322 ], [ 109.747127773697798, -7.804856576080283 ], [ 109.747150109942083, -7.804889138176691 ], [ 109.747155671828864, -7.804897294012505 ], [ 109.747166750913209, -7.804913635811261 ], [ 109.747172268112706, -7.804921821776873 ], [ 109.747216223032581, -7.804987424154433 ], [ 109.74722169538137, -7.804995640004563 ], [ 109.747232595069079, -7.805012101352929 ], [ 109.747238022410897, -7.805020346855372 ], [ 109.747259641086259, -7.805053387136809 ], [ 109.747265023238754, -7.80506166201377 ], [ 109.747275742225895, -7.805078240945306 ], [ 109.747281079057643, -7.80508654499539 ], [ 109.747323588553854, -7.805153088022223 ], [ 109.74732887988921, -7.805161420970251 ], [ 109.747339416911871, -7.805178115527269 ], [ 109.747344662601961, -7.805186477140808 ], [ 109.747365553421162, -7.80521997988501 ], [ 109.747370753297048, -7.805228369894337 ], [ 109.747381107095407, -7.805245178084192 ], [ 109.747386261014469, -7.805253596259433 ], [ 109.747427304854625, -7.805321048267558 ], [ 109.747429864968012, -7.805325268558363 ], [ 109.747434973643635, -7.805333716089024 ], [ 109.747437522202517, -7.805337943323309 ], [ 109.747447693269521, -7.805354866048049 ], [ 109.747450230267646, -7.805359100215412 ], [ 109.747455292656412, -7.805367575405 ], [ 109.747457818051032, -7.80537181643416 ], [ 109.747477974448827, -7.805405771528228 ], [ 109.747480489093164, -7.805410020864485 ], [ 109.747485506765315, -7.805418526394988 ], [ 109.747488009801657, -7.805422782603841 ], [ 109.747497998508948, -7.805439820806214 ], [ 109.747500491543008, -7.805444086644854 ], [ 109.747505465956749, -7.805452625151361 ], [ 109.7475079507023, -7.805456903634365 ], [ 109.747510411104713, -7.805461166965813 ], [ 109.74751532699122, -7.805469711966794 ], [ 109.747517779096938, -7.805473987799985 ], [ 109.747527570819045, -7.805491116097642 ], [ 109.747530012915718, -7.805495401529811 ], [ 109.74753488537317, -7.805503978991851 ], [ 109.747537315736452, -7.805508271025303 ], [ 109.747556717985503, -7.805542644815091 ], [ 109.747559137445535, -7.805546944929574 ], [ 109.747563964592587, -7.805555551707357 ], [ 109.747566372280119, -7.805559858372249 ], [ 109.747575979431474, -7.805577098034576 ], [ 109.747578375342869, -7.805581411242997 ], [ 109.747583155348593, -7.805590044129758 ], [ 109.747585539442753, -7.805594363808098 ], [ 109.747623594068841, -7.805663537051771 ], [ 109.747628327608822, -7.805672197293347 ], [ 109.747637747251304, -7.805689543386507 ], [ 109.74764243335278, -7.805698229235304 ], [ 109.747661082350476, -7.805733022854554 ], [ 109.747665720880946, -7.805741734063645 ], [ 109.74767495023616, -7.805759181590076 ], [ 109.747679541063462, -7.805767917912419 ], [ 109.747716073554955, -7.80583790259243 ], [ 109.74772061653556, -7.805846663752334 ], [ 109.74772965450876, -7.805864210639811 ], [ 109.747734149501412, -7.805872996367611 ], [ 109.747752032992878, -7.805908187423825 ], [ 109.74775647987201, -7.805916997472309 ], [ 109.747765325391526, -7.805934641643773 ], [ 109.74776972403032, -7.805943475763513 ], [ 109.747804716998473, -7.806014238571663 ], [ 109.74780906725465, -7.806023096474348 ], [ 109.747817719260695, -7.80604083581278 ], [ 109.747822021012894, -7.8060497172537 ], [ 109.747839130490433, -7.806085289008138 ], [ 109.747843383605812, -7.806094193712511 ], [ 109.747851841077193, -7.806112026128119 ], [ 109.747856045430126, -7.806120953833272 ], [ 109.747889482218739, -7.806192461092337 ], [ 109.74789363768781, -7.806201411538552 ], [ 109.747901899607314, -7.806219334883679 ], [ 109.747906006057406, -7.80622830778168 ], [ 109.747922333369161, -7.806264243287956 ], [ 109.747926390695568, -7.806273238408551 ], [ 109.747934456086398, -7.806291250566858 ], [ 109.74793846415281, -7.806300267609117 ], [ 109.747970328845554, -7.806372485284498 ], [ 109.747974287540103, -7.806381523993196 ], [ 109.747982155440752, -7.806399622814411 ], [ 109.74798606464401, -7.806408682920335 ], [ 109.748001602024829, -7.806444965088986 ], [ 109.748005461630271, -7.806454046344015 ], [ 109.748013131111122, -7.806472229694123 ], [ 109.74801694098835, -7.806481331792838 ], [ 109.748047218419231, -7.806554225517857 ], [ 109.748050978463198, -7.80656334820668 ], [ 109.748058448600432, -7.806581613892092 ], [ 109.748062158693813, -7.806590756888397 ], [ 109.748076898744443, -7.80662736844522 ], [ 109.74808055878259, -7.806636531490994 ], [ 109.748087828696498, -7.806654877363997 ], [ 109.74809143857334, -7.806664060194123 ], [ 109.748120114327889, -7.806737595270192 ], [ 109.748121900746924, -7.806742194857918 ], [ 109.748125460995539, -7.806751398866595 ], [ 109.748127234821766, -7.806756003279531 ], [ 109.748134304930886, -7.806774430555322 ], [ 109.74813606617181, -7.806779039813478 ], [ 109.748139576031065, -7.806788263077294 ], [ 109.748141324652238, -7.806792877090288 ], [ 109.748155262863349, -7.806829807474912 ], [ 109.74815699949994, -7.806834427939975 ], [ 109.748160460123415, -7.806843673573667 ], [ 109.748162184108992, -7.806848298738885 ], [ 109.748169054717209, -7.806866808714403 ], [ 109.748170767308011, -7.806871441993053 ], [ 109.748174179798411, -7.806880713199973 ], [ 109.748175882204805, -7.806885357997146 ], [ 109.748177562544583, -7.806889981654138 ], [ 109.748180915571197, -7.806899247218382 ], [ 109.748182585751636, -7.806903882258098 ], [ 109.748189246089908, -7.806922445235386 ], [ 109.748190904842488, -7.80692708826956 ], [ 109.748194209649967, -7.806936378822058 ], [ 109.748195855704068, -7.80694102633845 ], [ 109.748208977921536, -7.806978237383134 ], [ 109.748210611872651, -7.806982891085227 ], [ 109.748213867039794, -7.806992202898869 ], [ 109.748215488259234, -7.806996861019229 ], [ 109.748221947631805, -7.807015502217951 ], [ 109.748223556100925, -7.807020164703317 ], [ 109.74822676030351, -7.80702949407987 ], [ 109.748228356035042, -7.807034160966452 ], [ 109.748253788259035, -7.807108873467655 ], [ 109.748256941986085, -7.807118221876067 ], [ 109.748263198267637, -7.807136935708684 ], [ 109.748266300822422, -7.807146301134026 ], [ 109.748278608322153, -7.807183795728406 ], [ 109.748281659611166, -7.807193177886631 ], [ 109.748287710829572, -7.807211958648736 ], [ 109.748290710757828, -7.807221357248693 ], [ 109.748314502668848, -7.807296605259694 ], [ 109.74831745116154, -7.807306020064289 ], [ 109.748323296606543, -7.807324865548026 ], [ 109.748326193559819, -7.807334296229158 ], [ 109.748337677970369, -7.807372049645096 ], [ 109.748340523303057, -7.807381495936511 ], [ 109.748346162268263, -7.80740040386695 ], [ 109.748348955900951, -7.807409865506827 ], [ 109.748371096174594, -7.807485613216443 ], [ 109.748373838022019, -7.807495089913459 ], [ 109.748379269851057, -7.80751405808752 ], [ 109.748381959833182, -7.807523549567748 ], [ 109.748392615694058, -7.807561543857616 ], [ 109.74839525372056, -7.807571049801311 ], [ 109.748400477753535, -7.807590075919393 ], [ 109.748403063758701, -7.807599596090199 ], [ 109.748423541854208, -7.807675807445264 ], [ 109.748426075755276, -7.807685341536626 ], [ 109.748431091377881, -7.807704423358189 ], [ 109.748433573100101, -7.807713971091459 ], [ 109.748443395334846, -7.807752188158929 ], [ 109.748445824801422, -7.807761749237613 ], [ 109.748450631414471, -7.807780884487158 ], [ 109.748453008559693, -7.807790458653244 ], [ 109.748471814729328, -7.80786709738436 ], [ 109.748474139475945, -7.807876684324924 ], [ 109.748478736505717, -7.807895870714844 ], [ 109.748481008789611, -7.807905470167327 ], [ 109.748489992724444, -7.807943891832394 ], [ 109.748492212476606, -7.80795350350553 ], [ 109.748496599381156, -7.807972738778744 ], [ 109.748498766533316, -7.807982362378198 ], [ 109.748515891824695, -7.808059392013547 ], [ 109.748518006311599, -7.808069027245722 ], [ 109.748522182565637, -7.80808830909649 ], [ 109.748524244333964, -7.808097955721962 ], [ 109.748532385690567, -7.808136563695143 ], [ 109.748534394663807, -7.808146221355116 ], [ 109.748538359766201, -7.808165547474516 ], [ 109.748540315892967, -7.808175215922063 ], [ 109.748555752151333, -7.808252599790364 ], [ 109.748556710570256, -7.808257438940075 ], [ 109.748558614156366, -7.808267119764309 ], [ 109.748559559323667, -7.808271961437129 ], [ 109.748563313515092, -7.80829133330451 ], [ 109.748564245442708, -7.808296177560294 ], [ 109.748566096049501, -7.808305868612592 ], [ 109.74856701473044, -7.808310715417235 ], [ 109.748574310966035, -7.808349498856728 ], [ 109.748575216729535, -7.808354349987781 ], [ 109.748577014982118, -7.808364054709045 ], [ 109.748577907471883, -7.808368908302668 ], [ 109.748581450849599, -7.80838832741523 ], [ 109.748582330731381, -7.808393187177955 ], [ 109.748584077188923, -7.8084029091047 ], [ 109.748584945096809, -7.808407778803996 ], [ 109.748585794723624, -7.808412622559104 ], [ 109.74858748338977, -7.80842232742441 ], [ 109.748588321094246, -7.808427180986087 ], [ 109.748591647981073, -7.808446614835702 ], [ 109.74859247306955, -7.808451474461378 ], [ 109.748594109956571, -7.808461195902851 ], [ 109.74859492175591, -7.808466057722399 ], [ 109.748601365396041, -7.808504975551728 ], [ 109.748602164215185, -7.808509841460875 ], [ 109.748603748550011, -7.808519575450418 ], [ 109.748604534066146, -7.808524443534736 ], [ 109.748607649486075, -7.808543919976273 ], [ 109.748608421688687, -7.808548790168288 ], [ 109.74860995277362, -7.808558532618406 ], [ 109.74861071165634, -7.808563404878157 ], [ 109.748622748610728, -7.808641386580916 ], [ 109.748624226683148, -7.808651139099084 ], [ 109.748627129473675, -7.808670652056037 ], [ 109.748628554191782, -7.808680412495505 ], [ 109.748634146170957, -7.808719468821266 ], [ 109.748635517485923, -7.808729236848421 ], [ 109.748638206674855, -7.808748780219616 ], [ 109.748638672903553, -7.808758692416802 ], [ 109.748649746239209, -7.808836796737808 ], [ 109.748651050253159, -7.808846570675712 ], [ 109.748653418332594, -7.808866154505495 ], [ 109.748654589007856, -7.808875948234572 ], [ 109.748656904321876, -7.808895545218206 ], [ 109.748658845322439, -7.808915146110394 ], [ 109.748659870585527, -7.808924943132126 ], [ 109.748662958082036, -7.808944484971676 ], [ 109.748664061813145, -7.808954286654341 ], [ 109.748672676541275, -7.809032717750199 ], [ 109.748673726651703, -7.809042525294558 ], [ 109.748675773218906, -7.809062145943415 ], [ 109.748676769676024, -7.809071959052119 ], [ 109.748680648082939, -7.809111221457897 ], [ 109.7486815908577, -7.809121039839908 ], [ 109.74868342269707, -7.809140681594783 ], [ 109.748684311761906, -7.809150504966169 ], [ 109.74869120881533, -7.809229104813255 ], [ 109.748692044141819, -7.80923893285933 ], [ 109.748693661035077, -7.809258593374409 ], [ 109.748694442601561, -7.809268425843868 ], [ 109.748697461247843, -7.809307763286029 ], [ 109.748698189027834, -7.809317599841506 ], [ 109.748699590780518, -7.809337276763131 ], [ 109.748700264753381, -7.809347117127459 ], [ 109.748705440847573, -7.80942584831962 ], [ 109.748706060994209, -7.809435692213128 ], [ 109.748707247442098, -7.809455383226691 ], [ 109.748707813742726, -7.809465230338844 ], [ 109.748709971190294, -7.809504624089527 ], [ 109.748710483629623, -7.809514474151115 ], [ 109.748711454629586, -7.809534176894147 ], [ 109.748711913190618, -7.809544029582639 ], [ 109.74871536585897, -7.80962285464642 ], [ 109.748715770529429, -7.809632709696359 ], [ 109.748716525966358, -7.809652421832254 ], [ 109.748716876732885, -7.809662278917358 ], [ 109.748718171953385, -7.80970171022858 ], [ 109.748718468806373, -7.809711569082481 ], [ 109.748719008589887, -7.809731288255023 ], [ 109.748719251520356, -7.809741148573437 ], [ 109.74872097911782, -7.809820029993489 ], [ 109.748721080378687, -7.80982496159902 ], [ 109.748721269411476, -7.809834825038422 ], [ 109.748721357183229, -7.809839756869167 ], [ 109.748721681292125, -7.809859484641208 ], [ 109.748721755575673, -7.809864416747246 ], [ 109.74872189065195, -7.809874281088469 ], [ 109.748721951444736, -7.809879213324905 ], [ 109.748722383821018, -7.809918671210028 ], [ 109.748722431139811, -7.809923605540462 ], [ 109.748722512276288, -7.809933474330421 ], [ 109.748722546094257, -7.809938408794494 ], [ 109.748722654361757, -7.809958146686427 ], [ 109.748722674688793, -7.809963085111463 ], [ 109.748722701819815, -7.80997296198359 ], [ 109.748722708623802, -7.809977908206463 ], [ 109.748722701942029, -7.809982825274119 ], [ 109.748722675130011, -7.809992674916998 ], [ 109.748722654999824, -7.809997599702456 ], [ 109.748722547498062, -7.81001731426835 ], [ 109.748722513887458, -7.81002224292871 ], [ 109.748722433197145, -7.810032100076853 ], [ 109.748722386117663, -7.810037028571514 ], [ 109.74872195544225, -7.810076470921615 ], [ 109.74872189486706, -7.810081401235209 ], [ 109.748721760237686, -7.810091261669925 ], [ 109.74872168618316, -7.810096191804405 ], [ 109.748721363009508, -7.810115911809191 ], [ 109.748721275476669, -7.810120841715786 ], [ 109.748721086932562, -7.810130701286084 ], [ 109.748720985921636, -7.810135630940806 ], [ 109.748719261723579, -7.810214512433276 ], [ 109.748719019217333, -7.810224372777043 ], [ 109.748718480282889, -7.810244091979996 ], [ 109.748718183854407, -7.810253950838955 ], [ 109.748716890331252, -7.810293382210375 ], [ 109.748716539989118, -7.810303239310485 ], [ 109.74871578540052, -7.810322951472529 ], [ 109.748715381154113, -7.81033280653719 ], [ 109.74871193187505, -7.810411631744557 ], [ 109.748711473736989, -7.81042148446312 ], [ 109.748710503583084, -7.810441187253957 ], [ 109.74870999156775, -7.810451037318046 ], [ 109.748707835811842, -7.810490431153141 ], [ 109.748707269932538, -7.810500278307416 ], [ 109.748706084330365, -7.810519969351105 ], [ 109.74870546460744, -7.810529813247001 ], [ 109.748700291886848, -7.810608544656304 ], [ 109.748699618334967, -7.810618385053601 ], [ 109.748698217422884, -7.810638062052817 ], [ 109.748697490062682, -7.810647898653428 ], [ 109.748694473097657, -7.810687236223771 ], [ 109.748693691951701, -7.810697068718241 ], [ 109.748692075898646, -7.81071672929113 ], [ 109.748691240991889, -7.810726557368525 ], [ 109.748684347289213, -7.810805157505399 ], [ 109.748683458642176, -7.810814980920497 ], [ 109.748681627638746, -7.810834622748359 ], [ 109.748680685282864, -7.810844441158395 ], [ 109.748676808544644, -7.810883703727825 ], [ 109.748675812502654, -7.810893516892065 ], [ 109.748673766767183, -7.810913137636192 ], [ 109.748672717072964, -7.810922945223126 ], [ 109.748664105666251, -7.811001376679144 ], [ 109.748663002349019, -7.81101117841223 ], [ 109.748660742124116, -7.811030775736469 ], [ 109.748659585216672, -7.811040571327169 ], [ 109.748654850547837, -7.811079740215234 ], [ 109.748653640086218, -7.811089529357446 ], [ 109.748651165642286, -7.811109100922181 ], [ 109.748649901660485, -7.811118883341408 ], [ 109.748639576646553, -7.811197108784825 ], [ 109.748638259183281, -7.811206884179285 ], [ 109.748635570813406, -7.811226427661268 ], [ 109.748634199905894, -7.811236195755384 ], [ 109.748628609560285, -7.811275252310622 ], [ 109.748627185253952, -7.811285012782776 ], [ 109.74862428327873, -7.811304525853757 ], [ 109.748622805610808, -7.811314278448151 ], [ 109.748610771901326, -7.811392260651076 ], [ 109.748610012925667, -7.811397134822187 ], [ 109.748608481640872, -7.811406881115374 ], [ 109.748607709330315, -7.811411753246432 ], [ 109.748604593468599, -7.811431237365014 ], [ 109.74860380783872, -7.811436107354155 ], [ 109.748602223262537, -7.811445845175513 ], [ 109.74860142431902, -7.811450712991302 ], [ 109.748594979621089, -7.811489646179325 ], [ 109.748594167043393, -7.811494513723289 ], [ 109.748592528573909, -7.81150424657551 ], [ 109.748591702679903, -7.811509111896441 ], [ 109.74858837250946, -7.811528568509232 ], [ 109.748587532655563, -7.811533435304113 ], [ 109.748585839620546, -7.811543166613092 ], [ 109.74858498510622, -7.811548038665308 ], [ 109.748584122307307, -7.811552880122292 ], [ 109.748582380813616, -7.811562575701942 ], [ 109.748581503455512, -7.811567422265796 ], [ 109.748577964791764, -7.811586818889282 ], [ 109.748577073493664, -7.811591666874051 ], [ 109.748575277657835, -7.811601360370275 ], [ 109.748574373116185, -7.811606205902535 ], [ 109.74856708113299, -7.81164497456416 ], [ 109.7485661629986, -7.811649819470574 ], [ 109.748564313477686, -7.811659506817421 ], [ 109.748563382091561, -7.81166434925683 ], [ 109.748559630106342, -7.811683713751052 ], [ 109.748558685492526, -7.811688553597151 ], [ 109.748556783027482, -7.811698230748789 ], [ 109.748555825176084, -7.811703068053021 ], [ 109.748540392061045, -7.811780452557628 ], [ 109.748538436326783, -7.811790121080833 ], [ 109.748534472005474, -7.811809447367864 ], [ 109.748532463419451, -7.811819105124869 ], [ 109.748524323621666, -7.811857713423819 ], [ 109.74852226224607, -7.81186736011324 ], [ 109.748518086769195, -7.811886642126751 ], [ 109.748515972667235, -7.811896277454991 ], [ 109.748498850462056, -7.81197330778042 ], [ 109.748496683698249, -7.811982931449563 ], [ 109.748492297564098, -7.812002166886714 ], [ 109.748490078192958, -7.812011778658018 ], [ 109.748481095785962, -7.812050200682791 ], [ 109.748478823885762, -7.812059800214627 ], [ 109.748474227613258, -7.812078986802021 ], [ 109.748471903241636, -7.812088573853543 ], [ 109.748453100090217, -7.812165213352387 ], [ 109.748450723324083, -7.812174787602487 ], [ 109.74844591746205, -7.812193923044049 ], [ 109.748443488364614, -7.812203484240513 ], [ 109.748433667619111, -7.812241701717085 ], [ 109.748431186272114, -7.812251249538178 ], [ 109.748426171389553, -7.812270331571312 ], [ 109.748423637854899, -7.812279865778578 ], [ 109.748403162704449, -7.812356077971515 ], [ 109.748400577066434, -7.812365598245037 ], [ 109.748395353762703, -7.812384624583501 ], [ 109.748392716096987, -7.812394130648499 ], [ 109.748382061691245, -7.812432125366399 ], [ 109.748379372077011, -7.812441616935416 ], [ 109.748373940975227, -7.812460585314625 ], [ 109.74837119948802, -7.812470062123055 ], [ 109.748349062084287, -7.812545810726078 ], [ 109.748346268808461, -7.812555272478733 ], [ 109.748340630551127, -7.812574180650017 ], [ 109.748337785568594, -7.812583627072058 ], [ 109.748326302570888, -7.812621380954909 ], [ 109.7483234059697, -7.812630811753195 ], [ 109.748317561228873, -7.812649657466636 ], [ 109.748314613090429, -7.812659072377244 ], [ 109.74829082396576, -7.812734321343953 ], [ 109.74828782438118, -7.812743720072945 ], [ 109.748281773853648, -7.812762501076804 ], [ 109.748278722910527, -7.812771883353093 ], [ 109.748266416783395, -7.812809378436839 ], [ 109.748263314572455, -7.812818743979335 ], [ 109.748257058972854, -7.812837458058709 ], [ 109.748253905584193, -7.812846806595985 ], [ 109.748228476059751, -7.812921520109342 ], [ 109.748226879908998, -7.812926188768586 ], [ 109.7482236748383, -7.81293552174651 ], [ 109.748222065919038, -7.812940186061837 ], [ 109.748215604780569, -7.812958834418851 ], [ 109.748213983109622, -7.812963494342398 ], [ 109.748210727042192, -7.812972809720634 ], [ 109.748209092644686, -7.812977465179245 ], [ 109.74819596673899, -7.813014690477644 ], [ 109.748194318997662, -7.813019343207486 ], [ 109.748191010787991, -7.813028644173642 ], [ 109.748189350322434, -7.813033292402338 ], [ 109.748182683048753, -7.813051876212569 ], [ 109.74818100862035, -7.813056523363002 ], [ 109.74817764704926, -7.813065813075809 ], [ 109.74817595739745, -7.813070462513451 ], [ 109.748174264476461, -7.813075081585851 ], [ 109.748170860993071, -7.813084328847026 ], [ 109.748169152935191, -7.813088950173267 ], [ 109.748162290417554, -7.813107439791111 ], [ 109.748160568470666, -7.81311205986583 ], [ 109.748157111941737, -7.813121295357575 ], [ 109.748155377361968, -7.813125910767951 ], [ 109.748141445443764, -7.81316282796945 ], [ 109.748139697612771, -7.813167440338759 ], [ 109.748136189349907, -7.813176660298495 ], [ 109.74813442891633, -7.813181267893867 ], [ 109.748127362022956, -7.813199688608506 ], [ 109.748125589003166, -7.813204291387706 ], [ 109.748122030373679, -7.813213492139369 ], [ 109.748120244766142, -7.813218090106545 ], [ 109.748091571519751, -7.81329162630567 ], [ 109.748087961962142, -7.813300809257271 ], [ 109.748080692672431, -7.813319155404599 ], [ 109.748077032940728, -7.813328318599531 ], [ 109.748062294119336, -7.813364930730643 ], [ 109.748058584325975, -7.813374073885655 ], [ 109.748051114794862, -7.813392339867619 ], [ 109.74804735505694, -7.813401462695651 ], [ 109.748017080033719, -7.813474357591247 ], [ 109.748013270453725, -7.813483459840711 ], [ 109.748005601570412, -7.81350164347981 ], [ 109.748001742268173, -7.813510724867399 ], [ 109.747986206065832, -7.813547007632451 ], [ 109.747982297150998, -7.813556067898503 ], [ 109.747974429832482, -7.813574167023262 ], [ 109.747970471428573, -7.813583205883219 ], [ 109.747938609034406, -7.813655424784656 ], [ 109.747934601250108, -7.813664441987044 ], [ 109.747926536425553, -7.813682454456796 ], [ 109.747922479386773, -7.813691449721034 ], [ 109.747906153195345, -7.813727385855941 ], [ 109.747902047010598, -7.813736358940218 ], [ 109.747893785642134, -7.813754282608272 ], [ 109.747889630457507, -7.813763233194152 ], [ 109.747856195855945, -7.813834741727021 ], [ 109.747851991777225, -7.813843669584799 ], [ 109.747843534849267, -7.81386150231242 ], [ 109.747839281995027, -7.813870407192724 ], [ 109.747822173585575, -7.813905979588185 ], [ 109.747817872107134, -7.813914861172691 ], [ 109.747809220627801, -7.813932600837177 ], [ 109.747804870632365, -7.813941458905958 ], [ 109.747769879735984, -7.814012223033558 ], [ 109.747765481352815, -7.814021057320133 ], [ 109.747756636345059, -7.814038701819868 ], [ 109.747752189721041, -7.814047512032175 ], [ 109.747734307233543, -7.814082703763631 ], [ 109.747729812484067, -7.814091489671966 ], [ 109.747720775002563, -7.814109036906586 ], [ 109.747716232268715, -7.814117798236111 ], [ 109.747679701727805, -7.814187784279738 ], [ 109.747675111140154, -7.814196520775965 ], [ 109.747665882261003, -7.814213968651814 ], [ 109.747661243971606, -7.814222680027626 ], [ 109.747642595916602, -7.814257474343151 ], [ 109.74763791004267, -7.814266160377827 ], [ 109.747628490867726, -7.8142835068154 ], [ 109.747623757565805, -7.81429216722006 ], [ 109.747585704767573, -7.814361341866174 ], [ 109.747583319957528, -7.814365663129593 ], [ 109.747578538530888, -7.814374299146607 ], [ 109.747576141913783, -7.814378613901454 ], [ 109.747566531903203, -7.814395859775004 ], [ 109.747564123498876, -7.814400167985582 ], [ 109.74755929491829, -7.814408777836093 ], [ 109.747556874740098, -7.814413079479209 ], [ 109.747537466617018, -7.814447465645287 ], [ 109.747535033851022, -7.814451762152999 ], [ 109.747530156554262, -7.814460348564864 ], [ 109.747527712022531, -7.814464638471122 ], [ 109.747517910533304, -7.814481784595728 ], [ 109.74751545260898, -7.814486070727639 ], [ 109.747510525034727, -7.814494636282461 ], [ 109.74750805200955, -7.814498921535858 ], [ 109.747505579969356, -7.814503178189227 ], [ 109.747500617493813, -7.814511696436909 ], [ 109.747498130435758, -7.814515952197098 ], [ 109.747488152209883, -7.814532973232815 ], [ 109.747485651831994, -7.814537225111849 ], [ 109.747480639460719, -7.81454572206394 ], [ 109.747478127469208, -7.814549967133473 ], [ 109.747457978645969, -7.814583911292971 ], [ 109.747455454196142, -7.814588150966131 ], [ 109.747450393707766, -7.814596623443435 ], [ 109.74744785766336, -7.814600856257073 ], [ 109.747437690442837, -7.814617773546956 ], [ 109.747435142862912, -7.814621999401993 ], [ 109.747430036131504, -7.81463044421406 ], [ 109.747427476983944, -7.814634663164327 ], [ 109.747386434714997, -7.814702116647197 ], [ 109.747381280985849, -7.814710535013035 ], [ 109.747370927571524, -7.814727343572827 ], [ 109.747365727887825, -7.814735733764735 ], [ 109.747344837821458, -7.81476923725404 ], [ 109.747339592319634, -7.81477759905107 ], [ 109.747329055666285, -7.814794293982231 ], [ 109.747323764513737, -7.81480262711807 ], [ 109.747281256455494, -7.814869171652049 ], [ 109.747275919805418, -7.814877475883463 ], [ 109.747265201166272, -7.814894055196703 ], [ 109.747259819177202, -7.814902330278983 ], [ 109.747238201186633, -7.814935371321781 ], [ 109.747232774021256, -7.814943617004133 ], [ 109.747221874668696, -7.814960078734714 ], [ 109.74721640248157, -7.814968294783 ], [ 109.747172448863409, -7.815033898697038 ], [ 109.747166931826087, -7.815042084851257 ], [ 109.747155853060065, -7.815058427032056 ], [ 109.747150291334265, -7.815066583054715 ], [ 109.747127955704741, -7.815099145929025 ], [ 109.747122349450422, -7.815107271584623 ], [ 109.747111092588682, -7.815123492275177 ], [ 109.74710544197751, -7.815131587315761 ], [ 109.747060063717754, -7.81519621938503 ], [ 109.747054368919521, -7.815204283564583 ], [ 109.74704293530192, -7.815220380831022 ], [ 109.747037196487895, -7.815228413909949 ], [ 109.747014153858743, -7.815260483103998 ], [ 109.747008371187349, -7.815268484859871 ], [ 109.746996762174888, -7.815284456788618 ], [ 109.746990935828762, -7.815292426968881 ], [ 109.746944154525977, -7.815356056428698 ], [ 109.746938284680596, -7.815363994791198 ], [ 109.746926501650023, -7.815379839485217 ], [ 109.746920588465969, -7.815387745815315 ], [ 109.746896849793075, -7.815419306080003 ], [ 109.746890893457021, -7.815427180126676 ], [ 109.746878937814699, -7.815442895697629 ], [ 109.746872938508034, -7.815450737221965 ], [ 109.746824776426934, -7.815513333786953 ], [ 109.746818734320073, -7.815521142564705 ], [ 109.746806607489816, -7.815536727137498 ], [ 109.746800522768865, -7.815544502929868 ], [ 109.746776099359408, -7.815575539231929 ], [ 109.746769972191487, -7.815583281824559 ], [ 109.746757675611036, -7.815598733554964 ], [ 109.746751506197427, -7.815606442694218 ], [ 109.74670198625796, -7.815667976573195 ], [ 109.746698885296894, -7.815671819105262 ], [ 109.74669267286987, -7.815679495728489 ], [ 109.746689561404821, -7.815683329818796 ], [ 109.746677094645861, -7.815698649162812 ], [ 109.746673972709345, -7.815702474771513 ], [ 109.746667718381616, -7.815710117486617 ], [ 109.74666458598881, -7.81571393459518 ], [ 109.746639485618459, -7.81574443673361 ], [ 109.746636341826957, -7.815748246479814 ], [ 109.746630043867469, -7.815755857362433 ], [ 109.746626889706761, -7.815759658490094 ], [ 109.74661425225429, -7.815774845849887 ], [ 109.746611085762311, -7.815778640704195 ], [ 109.746604742424722, -7.815786221750727 ], [ 109.746601561729904, -7.815790012517652 ], [ 109.74659838509956, -7.815793777530928 ], [ 109.746592013875329, -7.815801308028028 ], [ 109.746588823125762, -7.815805068942893 ], [ 109.746576031899394, -7.81582010429355 ], [ 109.74657282893935, -7.815823858803697 ], [ 109.746566412777383, -7.815831359092954 ], [ 109.746563199573814, -7.815835104874168 ], [ 109.746537445716626, -7.815865044638429 ], [ 109.746534221303705, -7.815868782806433 ], [ 109.746527762286576, -7.815876250340409 ], [ 109.746524527689076, -7.81587997969865 ], [ 109.746511568901099, -7.81589487954534 ], [ 109.746508324082981, -7.815898600135029 ], [ 109.746501824311792, -7.815906032447913 ], [ 109.746498569350649, -7.81590974418009 ], [ 109.74644640503692, -7.815969065340084 ], [ 109.74643986373394, -7.815976463300274 ], [ 109.746426740765628, -7.815991223529579 ], [ 109.74642015910382, -7.815998585794773 ], [ 109.746393752487563, -7.816027962629107 ], [ 109.74638713064013, -7.816035289004333 ], [ 109.746373846991446, -7.816049905609475 ], [ 109.746367185190422, -7.816057195839335 ], [ 109.746313735615502, -7.816115368023645 ], [ 109.74630703402795, -7.816122621922716 ], [ 109.746293591294432, -7.816137093145073 ], [ 109.746286850148124, -7.816144310468871 ], [ 109.746259807188778, -7.816173105820155 ], [ 109.746253026662998, -7.816180286376493 ], [ 109.746239426439786, -7.816194610502123 ], [ 109.746232606739284, -7.816201754074768 ], [ 109.746177897346854, -7.81625874959019 ], [ 109.746171038671491, -7.816265855967288 ], [ 109.746157282569811, -7.816280031295832 ], [ 109.746150385150429, -7.816287100240459 ], [ 109.746122718716663, -7.816315300405677 ], [ 109.746115782714298, -7.816322331752133 ], [ 109.74610187238153, -7.816336356589034 ], [ 109.746094898047716, -7.816343350083116 ], [ 109.746038954875644, -7.816399141803061 ], [ 109.74603194238, -7.81640609727242 ], [ 109.746017879461363, -7.816419969956144 ], [ 109.746010829034446, -7.816426887174202 ], [ 109.745982552296709, -7.816454478727962 ], [ 109.745975464142646, -7.816461357493779 ], [ 109.745961250325308, -7.816475076362508 ], [ 109.745954124665218, -7.816481916462351 ], [ 109.745896974337029, -7.816536477834234 ], [ 109.74588981135588, -7.816543279088364 ], [ 109.745875448307174, -7.816556842529849 ], [ 109.745868248236945, -7.816563604719931 ], [ 109.745839374646323, -7.816590574536974 ], [ 109.74583213770552, -7.816597297457065 ], [ 109.745817627161443, -7.816610703834783 ], [ 109.745810353557886, -7.816617387292752 ], [ 109.745752023275031, -7.816670692345042 ], [ 109.74574471323109, -7.816677336134433 ], [ 109.74573005690587, -7.816690583862169 ], [ 109.745722710627433, -7.816697187797786 ], [ 109.745693253935769, -7.816723523032863 ], [ 109.745685871643502, -7.816730086915697 ], [ 109.745671071277741, -7.816743174422243 ], [ 109.745663653202371, -7.816749698047829 ], [ 109.745604170726892, -7.81680172141057 ], [ 109.745600447861818, -7.816804968480596 ], [ 109.74559299326171, -7.816811452485183 ], [ 109.74558926152605, -7.816814689420255 ], [ 109.745574316977923, -7.816827616773139 ], [ 109.745570576411978, -7.816830843538298 ], [ 109.745563086464301, -7.816837286886198 ], [ 109.745559337084671, -7.816840503467347 ], [ 109.745529307460743, -7.816866194805812 ], [ 109.74552554834537, -7.81686940198648 ], [ 109.745518021343457, -7.81687580611856 ], [ 109.745514253457884, -7.816879003069005 ], [ 109.745499164540547, -7.816891770269194 ], [ 109.745495386005757, -7.816894958569719 ], [ 109.745487820247433, -7.816901324853745 ], [ 109.745484029178783, -7.816904506054925 ], [ 109.745480243851546, -7.816907664895041 ], [ 109.745472656853849, -7.816913978726177 ], [ 109.745468859016626, -7.816917130509012 ], [ 109.745453642920836, -7.816929723228156 ], [ 109.745449834578949, -7.816932866249488 ], [ 109.745442209325802, -7.816939141920216 ], [ 109.7454383924279, -7.816942274558812 ], [ 109.745407815693341, -7.816967300132774 ], [ 109.745403989241083, -7.816970423200871 ], [ 109.745396327835692, -7.816976658900501 ], [ 109.745392492883468, -7.816979771531521 ], [ 109.745377136085494, -7.8169922011719 ], [ 109.745373292613124, -7.81699530338193 ], [ 109.745365597215027, -7.817001497326828 ], [ 109.745361745282537, -7.81700458906738 ], [ 109.745300043889586, -7.8170539753865 ], [ 109.745292313772381, -7.817060128146579 ], [ 109.745276819978244, -7.817072391548436 ], [ 109.745269056301936, -7.817078502189474 ], [ 109.745237935484568, -7.817102859723605 ], [ 109.74523013850586, -7.817108928042444 ], [ 109.745214511487063, -7.81712102217125 ], [ 109.745206681448224, -7.817127047980421 ], [ 109.74514391438737, -7.817175080201309 ], [ 109.745136051507075, -7.817181063330565 ], [ 109.74512029312541, -7.817192986743237 ], [ 109.745112397625007, -7.817198927025913 ], [ 109.745080751380954, -7.817222601713183 ], [ 109.745068848804976, -7.817231430439051 ], [ 109.745044971637185, -7.817248990489418 ], [ 109.745032997040028, -7.817257721818123 ], [ 109.745008968198533, -7.817275092586272 ], [ 109.744985043858151, -7.817292587019097 ], [ 109.744975049258187, -7.81729984335567 ], [ 109.744955010722379, -7.817314287880095 ], [ 109.744944966770561, -7.817321476079655 ], [ 109.744912753757319, -7.817344364609426 ], [ 109.7449046828566, -7.817350066250867 ], [ 109.744888509960845, -7.817361425568606 ], [ 109.744880407938865, -7.817367083263548 ], [ 109.744851571661172, -7.817387103163355 ], [ 109.744817731541445, -7.817411078466421 ], [ 109.744791364843991, -7.817429410467582 ], [ 109.744758713171336, -7.817451685989795 ], [ 109.744750534903858, -7.817457232751508 ], [ 109.744734148149689, -7.817468281711854 ], [ 109.744725939669763, -7.817473783905996 ], [ 109.744660156805992, -7.817517619294847 ], [ 109.74465191834912, -7.817523076761574 ], [ 109.74463541171167, -7.817533946801632 ], [ 109.744627143525861, -7.817539359378202 ], [ 109.744594012335483, -7.817560919244158 ], [ 109.744585714677442, -7.817566286762315 ], [ 109.744569090123264, -7.817576976589407 ], [ 109.744560763230481, -7.8175822988959 ], [ 109.744494037094228, -7.817624692714674 ], [ 109.744485681211813, -7.817629969651307 ], [ 109.744468940714853, -7.817640477993507 ], [ 109.744460556101103, -7.817645709398676 ], [ 109.744426961154204, -7.817666543351834 ], [ 109.744418548043143, -7.817671729079052 ], [ 109.744401693593204, -7.817682054689726 ], [ 109.744393252252564, -7.817687194574546 ], [ 109.744325614605486, -7.817728126642862 ], [ 109.744321383012618, -7.817730679595115 ], [ 109.744312912857367, -7.817735773982406 ], [ 109.744308674293393, -7.817738315418524 ], [ 109.744291706229433, -7.817748458049891 ], [ 109.74428746073005, -7.817750987948386 ], [ 109.744278962822762, -7.817756036191554 ], [ 109.744274710418267, -7.817758554534407 ], [ 109.744240664336246, -7.817778654594974 ], [ 109.744236404219691, -7.817781161854953 ], [ 109.744227877141839, -7.817786164777488 ], [ 109.744223610173719, -7.817788660444023 ], [ 109.744206528779841, -7.817798619816529 ], [ 109.744202253341484, -7.817801104827026 ], [ 109.744193695646345, -7.817806063223031 ], [ 109.744189410015963, -7.817808538550707 ], [ 109.744185130315486, -7.817810994934348 ], [ 109.74417655747294, -7.817815899932725 ], [ 109.744172267714362, -7.817818346599438 ], [ 109.744155088564696, -7.817828113782639 ], [ 109.744150790414949, -7.817830549753978 ], [ 109.744142187485579, -7.817835409993734 ], [ 109.744137882700613, -7.817837834265276 ], [ 109.744103411819708, -7.81785718503977 ], [ 109.74409909958041, -7.817859598067969 ], [ 109.744090468508375, -7.817864412395579 ], [ 109.744086149681493, -7.817866813691467 ], [ 109.744068861327264, -7.817876395338544 ], [ 109.744064535933887, -7.81787878489007 ], [ 109.744055878652432, -7.817883552209025 ], [ 109.744051546757419, -7.817885929980434 ], [ 109.74398218308437, -7.817923880807541 ], [ 109.743973499003175, -7.817928601432413 ], [ 109.743956105155917, -7.817937995375189 ], [ 109.743947395397527, -7.817942668688829 ], [ 109.743912505986486, -7.817961266797226 ], [ 109.743903770782993, -7.817965892674408 ], [ 109.743886275221541, -7.817975096838666 ], [ 109.743877514857047, -7.817979675129493 ], [ 109.743807337488931, -7.818016107885057 ], [ 109.743798552214571, -7.81802063845663 ], [ 109.743780957006436, -7.818029651752681 ], [ 109.743772147073912, -7.818034134476648 ], [ 109.743736859120588, -7.818051969121882 ], [ 109.74372802480633, -7.818056403857213 ], [ 109.743710332058583, -7.818065225207704 ], [ 109.743701473624412, -7.818069611823319 ], [ 109.743630515967993, -7.818104509163788 ], [ 109.743621633666862, -7.818108847532926 ], [ 109.743603845476571, -7.818117475890176 ], [ 109.743594939587354, -7.818121765878345 ], [ 109.743559269883917, -7.818138828573694 ], [ 109.743550340664797, -7.818143070055896 ], [ 109.743532459154267, -7.818151504392688 ], [ 109.743523506864335, -7.818155697246539 ], [ 109.743451802692505, -7.81818904256221 ], [ 109.743442827596652, -7.818193186661688 ], [ 109.743424854884097, -7.818201425976497 ], [ 109.743415857266314, -7.81820552119234 ], [ 109.743379822795418, -7.818221803813628 ], [ 109.743370802913716, -7.818225850027829 ], [ 109.743352741153444, -7.818233893335389 ], [ 109.743343699274192, -7.818237890429032 ], [ 109.743271282712215, -7.818269667849734 ], [ 109.743262219108658, -7.818273615700434 ], [ 109.743244070437981, -7.818281462046741 ], [ 109.743234985372851, -7.818285360541495 ], [ 109.74319860328103, -7.818300855341249 ], [ 109.743189497025696, -7.818304704363243 ], [ 109.743171263605632, -7.818312352816122 ], [ 109.743162136439935, -7.818316152247405 ], [ 109.743089041956011, -7.818346346648184 ], [ 109.743079894142681, -7.818350096377912 ], [ 109.743061578143283, -7.81835754602497 ], [ 109.743052409954601, -7.818361245943095 ], [ 109.743015697562157, -7.81837594554429 ], [ 109.743006509282907, -7.818379595535475 ], [ 109.742988112889122, -7.818386845489954 ], [ 109.742978904777033, -7.818390445452337 ], [ 109.742905167165247, -7.818419042459766 ], [ 109.742900555461688, -7.818420823759482 ], [ 109.742891327182065, -7.818424373816356 ], [ 109.742886710600601, -7.818426142575447 ], [ 109.742868234753132, -7.818433192440921 ], [ 109.742863613360214, -7.818434948633808 ], [ 109.74285436579413, -7.818438448441839 ], [ 109.742849739628014, -7.818440192054197 ], [ 109.742812711901365, -7.818454090368675 ], [ 109.742808080346492, -7.818455821629243 ], [ 109.742798812521414, -7.818459271544157 ], [ 109.742794176245525, -7.818460990200663 ], [ 109.742775621860289, -7.818467839559162 ], [ 109.742770979645513, -7.818469546057145 ], [ 109.742761690576231, -7.818472946411362 ], [ 109.742757041216407, -7.818474641177033 ], [ 109.74275239664172, -7.818476319893477 ], [ 109.742743097895243, -7.818479666511507 ], [ 109.74273844623275, -7.818481333501836 ], [ 109.742719825567349, -7.818487977923155 ], [ 109.742715168111602, -7.818489632706189 ], [ 109.74270584870078, -7.818492929599188 ], [ 109.742701186747468, -7.818494571708811 ], [ 109.742663868829482, -7.818507659398051 ], [ 109.74265920174463, -7.81850928905402 ], [ 109.742649863184795, -7.818512535651053 ], [ 109.742645191716292, -7.818514152590126 ], [ 109.742626496971127, -7.818520594948041 ], [ 109.742621821051728, -7.818522199193239 ], [ 109.742612464865886, -7.818525394954008 ], [ 109.742607784586255, -7.818526986474183 ], [ 109.742532866295676, -7.818552348628771 ], [ 109.742523492147825, -7.818555493660654 ], [ 109.742504726778634, -7.818561732693581 ], [ 109.742495335558203, -7.818564826694228 ], [ 109.742457737696498, -7.818577100250536 ], [ 109.742448329705837, -7.818580143119675 ], [ 109.742429497214346, -7.818586177642942 ], [ 109.742420072716584, -7.818589169296104 ], [ 109.742344617442541, -7.818612895529725 ], [ 109.742335176721951, -7.818615835875107 ], [ 109.742316279338922, -7.818621665172145 ], [ 109.742306822671992, -7.818624554125108 ], [ 109.742268965259882, -7.818636006801967 ], [ 109.742259492943276, -7.818638844271447 ], [ 109.742240532913627, -7.818644467651495 ], [ 109.742231045203084, -7.818647253561323 ], [ 109.742155088852712, -7.818669332582431 ], [ 109.742145586057916, -7.818672066840236 ], [ 109.742126565649187, -7.818677483628733 ], [ 109.742117048038835, -7.818680166158572 ], [ 109.742078949098868, -7.818690792503446 ], [ 109.742069416949903, -7.818693423226762 ], [ 109.742050338418608, -7.818698632783082 ], [ 109.742040792034686, -7.818701211616599 ], [ 109.741964370760741, -7.818721632916379 ], [ 109.741954810404877, -7.818724159787621 ], [ 109.741935676025435, -7.818729161488591 ], [ 109.741926101997308, -7.818731636319797 ], [ 109.741887779663386, -7.818741431274589 ], [ 109.741878192250567, -7.818743853991009 ], [ 109.741859004295691, -7.818748647244888 ], [ 109.741849403757726, -7.818751017781381 ], [ 109.741772553942155, -7.818769771637562 ], [ 109.741762940601802, -7.818772089912898 ], [ 109.741743701360463, -7.818776674145795 ], [ 109.74173407545652, -7.818778940103869 ], [ 109.741695547973961, -7.818787899005486 ], [ 109.741685909842943, -7.818790112566489 ], [ 109.741666621603315, -7.818794487235095 ], [ 109.741656971498799, -7.818796648341618 ], [ 109.741579729719263, -7.818813725828477 ], [ 109.74157006793962, -7.818815834411964 ], [ 109.741550732992437, -7.818819998994741 ], [ 109.741541059824726, -7.81882205499403 ], [ 109.74150234552684, -7.818830173579499 ], [ 109.741492661258519, -7.818832176933029 ], [ 109.741473281907986, -7.818836130935665 ], [ 109.741463586825887, -7.818838081584659 ], [ 109.741385989843025, -7.818853474574723 ], [ 109.741381138165877, -7.818854430149486 ], [ 109.741371432231347, -7.81885632809724 ], [ 109.741366577979079, -7.81885727046938 ], [ 109.741347155865924, -7.818861013543483 ], [ 109.741342299029213, -7.818861942714648 ], [ 109.741332582849509, -7.818863787840996 ], [ 109.741327723504583, -7.818864703796635 ], [ 109.741288839484298, -7.818871978434174 ], [ 109.741283977307887, -7.818872881233631 ], [ 109.741274250509491, -7.818874673603318 ], [ 109.741269385880969, -7.818875563174856 ], [ 109.741249922640691, -7.818879094972544 ], [ 109.741245054942965, -7.818879971426213 ], [ 109.741235317167593, -7.81888171108892 ], [ 109.741230445759243, -7.818882574531926 ], [ 109.741225577014006, -7.818883423850139 ], [ 109.741215834540185, -7.81888510971288 ], [ 109.741210962142077, -7.818885946023386 ], [ 109.741191465435406, -7.818889265201904 ], [ 109.741186590120662, -7.818890088369869 ], [ 109.741176837225112, -7.818891721450541 ], [ 109.741171959644987, -7.818892531363133 ], [ 109.741132928413435, -7.818898957891975 ], [ 109.741128048319922, -7.818899754588529 ], [ 109.741118285965797, -7.818901334708357 ], [ 109.741113403705185, -7.818902118131575 ], [ 109.741093870514646, -7.818905225247136 ], [ 109.741088986153272, -7.81890599538616 ], [ 109.741079215311743, -7.818907522382915 ], [ 109.741074328832781, -7.818908279240418 ], [ 109.740996132400653, -7.818920282060844 ], [ 109.740986353027438, -7.818921755937538 ], [ 109.740966786348167, -7.818924650479119 ], [ 109.740956999042794, -7.818926071143949 ], [ 109.740917835174912, -7.818931647203385 ], [ 109.740908040245586, -7.818933014611105 ], [ 109.740888443061806, -7.818935696128051 ], [ 109.740878640810877, -7.81893701023705 ], [ 109.740800200417709, -7.818947308999327 ], [ 109.740790391115524, -7.818948569771862 ], [ 109.740770765766342, -7.818951037942554 ], [ 109.740760949712239, -7.818952245341507 ], [ 109.740721673188887, -7.818956968043835 ], [ 109.740711850701871, -7.818958122029869 ], [ 109.740692199525029, -7.818960376562188 ], [ 109.740682370837646, -7.818961477108076 ], [ 109.740603723817514, -7.818970066909799 ], [ 109.740593889274749, -7.818971113975522 ], [ 109.740574214601338, -7.81897315459986 ], [ 109.740564374476889, -7.818974148157793 ], [ 109.740525003981531, -7.818978015256846 ], [ 109.740515158564961, -7.818978955277203 ], [ 109.740495462745059, -7.818980781751804 ], [ 109.740485612337636, -7.818981668206391 ], [ 109.740406796124205, -7.818988544959325 ], [ 109.740396941011568, -7.818989377820913 ], [ 109.740377226376836, -7.818990989927613 ], [ 109.740367366856503, -7.818991769172499 ], [ 109.74032792113394, -7.818994778826607 ], [ 109.740318057492971, -7.818995504431598 ], [ 109.740298326404059, -7.818996901979176 ], [ 109.740288458956229, -7.818997573921763 ], [ 109.740209511066212, -7.819002734352352 ], [ 109.740199640075787, -7.819003352613151 ], [ 109.740179894874757, -7.819004535433862 ], [ 109.740170020664664, -7.819005099994058 ], [ 109.74013051850028, -7.819007250770426 ], [ 109.740120641345015, -7.819007761613875 ], [ 109.740100884383082, -7.819008729569191 ], [ 109.740091004573571, -7.819009186681228 ], [ 109.740036646480462, -7.819011227114913 ], [ 109.740011950414839, -7.819012386564282 ], [ 109.740002070629089, -7.819012836940203 ], [ 109.739982310337552, -7.819013710797719 ], [ 109.739972428295005, -7.81901405360162 ], [ 109.739932883356687, -7.819015075553239 ], [ 109.739913101903028, -7.819015425279588 ] ] ] } }
]
}
