{
"type": "FeatureCollection",
"name": "dhl",
"crs": { "type": "name", "properties": { "name": "urn:ogc:def:crs:OGC:1.3:CRS84" } },
"features": [
{ "type": "Feature", "properties": { "Join_Count": 1, "TARGET_FID": 1, "JOIN_FID": 3, "Id": 3, "Contour": 640.0, "Shape_Leng": 18.061618402400001, "Skor": 4.0, "Shape_Le_1": 18.061618400499999, "Shape_Area": 11.6953504812 }, "geometry": { "type": "Polygon", "coordinates": [ [ [ 109.733166281015542, -7.794172705522535, 0.0 ], [ 109.73316528627106, -7.794172872603149, 0.0 ], [ 109.73316437774659, -7.794172615112923, 0.0 ], [ 109.733162629013592, -7.794171703024933, 0.0 ], [ 109.733163196813678, -7.794169611092076, 0.0 ], [ 109.733156321332586, -7.794124909837, 0.0 ], [ 109.733157563751618, -7.79411582883367, 0.0 ], [ 109.733159799101486, -7.794110175045567, 0.0 ], [ 109.733165517267864, -7.794096054359137, 0.0 ], [ 109.73317286957753, -7.794108504697038, 0.0 ], [ 109.733176824541232, -7.794115886441266, 0.0 ], [ 109.733176668756414, -7.794127100641563, 0.0 ], [ 109.733168136566306, -7.794168888799305, 0.0 ], [ 109.733168083014903, -7.794171719337583, 0.0 ], [ 109.733166281015542, -7.794172705522535, 0.0 ] ] ] } },
{ "type": "Feature", "properties": { "Join_Count": 1, "TARGET_FID": 2, "JOIN_FID": 3, "Id": 3, "Contour": 640.0, "Shape_Leng": 18.061618402400001, "Skor": 4.0, "Shape_Le_1": 224.654886369, "Shape_Area": 2573.4300056000002 }, "geometry": { "type": "Polygon", "coordinates": [ [ [ 109.733350789500122, -7.794060547672458, 0.0 ], [ 109.73335892454854, -7.794172290091096, 0.0 ], [ 109.733361225778026, -7.794203898681197, 0.0 ], [ 109.733364758847145, -7.794252427007314, 0.0 ], [ 109.733365336913536, -7.794260367259841, 0.0 ], [ 109.73336705983651, -7.794284032510462, 0.0 ], [ 109.733360039399443, -7.794311079233423, 0.0 ], [ 109.733352466520202, -7.79432030508289, 0.0 ], [ 109.733339384826678, -7.7943398087916, 0.0 ], [ 109.733332800010842, -7.794343945266149, 0.0 ], [ 109.733324655533977, -7.794347875572097, 0.0 ], [ 109.733299022429193, -7.794361914097386, 0.0 ], [ 109.733276711587749, -7.794370228603147, 0.0 ], [ 109.733248715013886, -7.794367463772978, 0.0 ], [ 109.733220718259531, -7.794364885635357, 0.0 ], [ 109.733198042534994, -7.794362009548146, 0.0 ], [ 109.733185898460135, -7.794360469213474, 0.0 ], [ 109.733148236950171, -7.794355692370172, 0.0 ], [ 109.73312197568967, -7.794352361564114, 0.0 ], [ 109.733108742186204, -7.794350683085287, 0.0 ], [ 109.733052754153746, -7.794343581938873, 0.0 ], [ 109.733048625509554, -7.794343058278296, 0.0 ], [ 109.732998820007026, -7.794336741009197, 0.0 ], [ 109.732994130089295, -7.794336146166156, 0.0 ], [ 109.732940778098822, -7.794329379346189, 0.0 ], [ 109.732923926725945, -7.794321737055371, 0.0 ], [ 109.732905142990077, -7.794318223805141, 0.0 ], [ 109.732884882001073, -7.794291715693862, 0.0 ], [ 109.732881309962949, -7.794286158707934, 0.0 ], [ 109.732881302492288, -7.794282579566396, 0.0 ], [ 109.732884937621819, -7.794273223407438, 0.0 ], [ 109.732898525311867, -7.794240224289231, 0.0 ], [ 109.732902980092788, -7.794226785382252, 0.0 ], [ 109.732924658007519, -7.794170991196875, 0.0 ], [ 109.732968013174727, -7.794059402817741, 0.0 ], [ 109.732989691069207, -7.79400360862582, 0.0 ], [ 109.733033046195857, -7.793892020233667, 0.0 ], [ 109.733054724073185, -7.793836226035212, 0.0 ], [ 109.733098079159276, -7.793724637629987, 0.0 ], [ 109.73310163169117, -7.793715652327004, 0.0 ], [ 109.733110719299987, -7.793693210973919, 0.0 ], [ 109.733124103607466, -7.793711312782531, 0.0 ], [ 109.733140138363041, -7.793724763424578, 0.0 ], [ 109.733154444292666, -7.793736926468866, 0.0 ], [ 109.733166578952265, -7.793742979979377, 0.0 ], [ 109.733202684857872, -7.793780809529963, 0.0 ], [ 109.733309616959474, -7.793892847410541, 0.0 ], [ 109.733320919880512, -7.793906042550593, 0.0 ], [ 109.733334059444289, -7.793925063693383, 0.0 ], [ 109.733341112611186, -7.793941716469017, 0.0 ], [ 109.733342654211285, -7.793948805253051, 0.0 ], [ 109.733346721735771, -7.794004676462359, 0.0 ], [ 109.733350789500122, -7.794060547672458, 0.0 ] ], [ [ 109.733166281015542, -7.794172705522535, 0.0 ], [ 109.733168083014903, -7.794171719337583, 0.0 ], [ 109.733168136566306, -7.794168888799305, 0.0 ], [ 109.733176668756414, -7.794127100641563, 0.0 ], [ 109.733176824541232, -7.794115886441266, 0.0 ], [ 109.73317286957753, -7.794108504697038, 0.0 ], [ 109.733165517267864, -7.794096054359137, 0.0 ], [ 109.733159799101486, -7.794110175045567, 0.0 ], [ 109.733157563751618, -7.79411582883367, 0.0 ], [ 109.733156321332586, -7.794124909837, 0.0 ], [ 109.733163196813678, -7.794169611092076, 0.0 ], [ 109.733162629013592, -7.794171703024933, 0.0 ], [ 109.73316437774659, -7.794172615112923, 0.0 ], [ 109.73316528627106, -7.794172872603149, 0.0 ], [ 109.733166281015542, -7.794172705522535, 0.0 ] ] ] } },
{ "type": "Feature", "properties": { "Join_Count": 1, "TARGET_FID": 3, "JOIN_FID": 5, "Id": 5, "Contour": 600.0, "Shape_Leng": 206.593268464, "Skor": 3.0, "Shape_Le_1": 599.75826254599997, "Shape_Area": 6520.5322688799997 }, "geometry": { "type": "Polygon", "coordinates": [ [ [ 109.733422375609749, -7.793669748410127, 0.0 ], [ 109.733446768831925, -7.7936953063429, 0.0 ], [ 109.73346067124541, -7.793711807377672, 0.0 ], [ 109.733469723547316, -7.793725749034115, 0.0 ], [ 109.733479739411379, -7.793748596134324, 0.0 ], [ 109.733480780129682, -7.793759895790743, 0.0 ], [ 109.733486604190631, -7.793781658557159, 0.0 ], [ 109.733487770976254, -7.793796326086435, 0.0 ], [ 109.733489874607798, -7.793825047441, 0.0 ], [ 109.733490855696303, -7.793837530318354, 0.0 ], [ 109.733498990787552, -7.793949272740784, 0.0 ], [ 109.733503058573007, -7.794005143952639, 0.0 ], [ 109.733511193663588, -7.794116886375018, 0.0 ], [ 109.733511954410659, -7.794127335559466, 0.0 ], [ 109.733514321510427, -7.79415984963781, 0.0 ], [ 109.733516354791831, -7.794187777553923, 0.0 ], [ 109.73351810325137, -7.794211792669755, 0.0 ], [ 109.733519328993722, -7.794228628798026, 0.0 ], [ 109.733527464086535, -7.794340371220271, 0.0 ], [ 109.733531531868095, -7.794396242432117, 0.0 ], [ 109.733531374124738, -7.794421404835259, 0.0 ], [ 109.733531852224772, -7.79442743445877, 0.0 ], [ 109.733531682504761, -7.79445210193088, 0.0 ], [ 109.733521960405099, -7.794473536890166, 0.0 ], [ 109.733500373540991, -7.794495175346164, 0.0 ], [ 109.733444258142086, -7.794530426122103, 0.0 ], [ 109.733391765306294, -7.794563401619192, 0.0 ], [ 109.73338945314083, -7.794564698660309, 0.0 ], [ 109.733388144058907, -7.794565236426002, 0.0 ], [ 109.733386428328132, -7.794565097201775, 0.0 ], [ 109.733332975209777, -7.79456406059268, 0.0 ], [ 109.733332138354314, -7.794563999785437, 0.0 ], [ 109.733331446012443, -7.794563911974477, 0.0 ], [ 109.733281640474715, -7.79455759473382, 0.0 ], [ 109.733276150286386, -7.79455689838493, 0.0 ], [ 109.73322016222069, -7.794549797255879, 0.0 ], [ 109.733205181246831, -7.794547897138645, 0.0 ], [ 109.733182028981375, -7.794544960658659, 0.0 ], [ 109.733141258438323, -7.794539789474638, 0.0 ], [ 109.733132223372778, -7.794538643481895, 0.0 ], [ 109.733108186099244, -7.794535594697943, 0.0 ], [ 109.733052198042728, -7.794528493547569, 0.0 ], [ 109.733032611940885, -7.794526009327768, 0.0 ], [ 109.733013412842695, -7.794523574135105, 0.0 ], [ 109.73298280635828, -7.794519692114744, 0.0 ], [ 109.732949490077203, -7.794515466479097, 0.0 ], [ 109.732940221939685, -7.794514290946985, 0.0 ], [ 109.732874824328519, -7.794505996324775, 0.0 ], [ 109.732828245848154, -7.794500088567323, 0.0 ], [ 109.732821644716779, -7.794499251301573, 0.0 ], [ 109.73278358359579, -7.794494423655305, 0.0 ], [ 109.732772257807753, -7.794492987132083, 0.0 ], [ 109.732716269769583, -7.794485885939109, 0.0 ], [ 109.732693799130004, -7.794483035837002, 0.0 ], [ 109.732683972179117, -7.794481789438637, 0.0 ], [ 109.732660281734894, -7.794478784606212, 0.0 ], [ 109.732638215284638, -7.794471458542974, 0.0 ], [ 109.732605476229892, -7.794449331384658, 0.0 ], [ 109.732605981557526, -7.794447721469831, 0.0 ], [ 109.732623138744728, -7.794412141010089, 0.0 ], [ 109.732626718676443, -7.794393535920127, 0.0 ], [ 109.732660802099275, -7.794305811601387, 0.0 ], [ 109.732667501240542, -7.794288569317909, 0.0 ], [ 109.732675854970992, -7.794267068659532, 0.0 ], [ 109.732683163997578, -7.794248256923336, 0.0 ], [ 109.73269175190093, -7.794226153421115, 0.0 ], [ 109.732717248504187, -7.794160529891697, 0.0 ], [ 109.732730151799984, -7.794127319284557, 0.0 ], [ 109.732745946181154, -7.794086667990237, 0.0 ], [ 109.732756785061454, -7.794058770902513, 0.0 ], [ 109.73277846266113, -7.794002976724934, 0.0 ], [ 109.732800140575037, -7.793947182546223, 0.0 ], [ 109.732843495740539, -7.793835594180225, 0.0 ], [ 109.732865173637322, -7.793779799995015, 0.0 ], [ 109.73290852876228, -7.793668211616013, 0.0 ], [ 109.732930206635615, -7.793612417424199, 0.0 ], [ 109.732973561720058, -7.793500829032141, 0.0 ], [ 109.732995239573114, -7.793445034833802, 0.0 ], [ 109.733038594616986, -7.793333446428697, 0.0 ], [ 109.733043464331416, -7.793321129610802, 0.0 ], [ 109.733055921375879, -7.793290367591048, 0.0 ], [ 109.733074268214409, -7.793315181074147, 0.0 ], [ 109.733096248219226, -7.793333618863064, 0.0 ], [ 109.733104645571046, -7.793340758381898, 0.0 ], [ 109.733111768420741, -7.793344311698412, 0.0 ], [ 109.733155044493728, -7.79338965375007, 0.0 ], [ 109.733261976498241, -7.793501691626759, 0.0 ], [ 109.733315443021894, -7.793557710559613, 0.0 ], [ 109.733368909057845, -7.793613729486444, 0.0 ], [ 109.733422375609749, -7.793669748410127, 0.0 ] ], [ [ 109.733350789500122, -7.794060547672458, 0.0 ], [ 109.733346721735771, -7.794004676462359, 0.0 ], [ 109.733342654211285, -7.793948805253051, 0.0 ], [ 109.733341112611186, -7.793941716469017, 0.0 ], [ 109.733334059444289, -7.793925063693383, 0.0 ], [ 109.733320919880512, -7.793906042550593, 0.0 ], [ 109.733309616959474, -7.793892847410541, 0.0 ], [ 109.733202684857872, -7.793780809529963, 0.0 ], [ 109.733166578952265, -7.793742979979377, 0.0 ], [ 109.733154444292666, -7.793736926468866, 0.0 ], [ 109.733140138363041, -7.793724763424578, 0.0 ], [ 109.733124103607466, -7.793711312782531, 0.0 ], [ 109.733110719299987, -7.793693210973919, 0.0 ], [ 109.73310163169117, -7.793715652327004, 0.0 ], [ 109.733098079159276, -7.793724637629987, 0.0 ], [ 109.733054724073185, -7.793836226035212, 0.0 ], [ 109.733033046195857, -7.793892020233667, 0.0 ], [ 109.732989691069207, -7.79400360862582, 0.0 ], [ 109.732968013174727, -7.794059402817741, 0.0 ], [ 109.732924658007519, -7.794170991196875, 0.0 ], [ 109.732902980092788, -7.794226785382252, 0.0 ], [ 109.732898525311867, -7.794240224289231, 0.0 ], [ 109.732884937621819, -7.794273223407438, 0.0 ], [ 109.732881302492288, -7.794282579566396, 0.0 ], [ 109.732881309962949, -7.794286158707934, 0.0 ], [ 109.732884882001073, -7.794291715693862, 0.0 ], [ 109.732905142990077, -7.794318223805141, 0.0 ], [ 109.732923926725945, -7.794321737055371, 0.0 ], [ 109.732940778098822, -7.794329379346189, 0.0 ], [ 109.732994130089295, -7.794336146166156, 0.0 ], [ 109.732998820007026, -7.794336741009197, 0.0 ], [ 109.733048625509554, -7.794343058278296, 0.0 ], [ 109.733052754153746, -7.794343581938873, 0.0 ], [ 109.733108742186204, -7.794350683085287, 0.0 ], [ 109.73312197568967, -7.794352361564114, 0.0 ], [ 109.733148236950171, -7.794355692370172, 0.0 ], [ 109.733185898460135, -7.794360469213474, 0.0 ], [ 109.733198042534994, -7.794362009548146, 0.0 ], [ 109.733220718259531, -7.794364885635357, 0.0 ], [ 109.733248715013886, -7.794367463772978, 0.0 ], [ 109.733276711587749, -7.794370228603147, 0.0 ], [ 109.733299022429193, -7.794361914097386, 0.0 ], [ 109.733324655533977, -7.794347875572097, 0.0 ], [ 109.733332800010842, -7.794343945266149, 0.0 ], [ 109.733339384826678, -7.7943398087916, 0.0 ], [ 109.733352466520202, -7.79432030508289, 0.0 ], [ 109.733360039399443, -7.794311079233423, 0.0 ], [ 109.73336705983651, -7.794284032510462, 0.0 ], [ 109.733365336913536, -7.794260367259841, 0.0 ], [ 109.733364758847145, -7.794252427007314, 0.0 ], [ 109.733361225778026, -7.794203898681197, 0.0 ], [ 109.73335892454854, -7.794172290091096, 0.0 ], [ 109.733350789500122, -7.794060547672458, 0.0 ] ] ] } },
{ "type": "Feature", "properties": { "Join_Count": 1, "TARGET_FID": 4, "JOIN_FID": 7, "Id": 7, "Contour": 560.0, "Shape_Leng": 393.16499457899999, "Skor": 3.0, "Shape_Le_1": 972.60426827900005, "Shape_Area": 10473.892308099999 }, "geometry": { "type": "Polygon", "coordinates": [ [ [ 109.733374735030381, -7.79327859262223, 0.0 ], [ 109.733391958028506, -7.79329663798446, 0.0 ], [ 109.73341047202139, -7.793316036027312, 0.0 ], [ 109.733428201049165, -7.793334611537841, 0.0 ], [ 109.733481667580662, -7.793390630450284, 0.0 ], [ 109.73350362485003, -7.79341363612492, 0.0 ], [ 109.733519720451156, -7.793430500286854, 0.0 ], [ 109.7335351336245, -7.7934466493567, 0.0 ], [ 109.733588599685547, -7.79350266825848, 0.0 ], [ 109.733601496809058, -7.79351650708757, 0.0 ], [ 109.73361528758906, -7.793532012944582, 0.0 ], [ 109.733624506709063, -7.793549388187023, 0.0 ], [ 109.733626854140411, -7.793558641678728, 0.0 ], [ 109.733627769157962, -7.793571210002216, 0.0 ], [ 109.733629849401154, -7.793599783781032, 0.0 ], [ 109.733630921732598, -7.793614512891913, 0.0 ], [ 109.7336349893028, -7.793670384104992, 0.0 ], [ 109.733636569852948, -7.793692093875146, 0.0 ], [ 109.733637412633314, -7.793703670132571, 0.0 ], [ 109.733639056919642, -7.793726255318166, 0.0 ], [ 109.733642563622197, -7.793774420373413, 0.0 ], [ 109.733643124673563, -7.793782126531793, 0.0 ], [ 109.733651259810088, -7.793893868957858, 0.0 ], [ 109.733655327613505, -7.793949740171572, 0.0 ], [ 109.733667530315614, -7.794117353810578, 0.0 ], [ 109.733671598121688, -7.794173225024248, 0.0 ], [ 109.733675665687699, -7.794229096237243, 0.0 ], [ 109.733676173538029, -7.79423607187588, 0.0 ], [ 109.733679010858168, -7.794275044632864, 0.0 ], [ 109.733679733275366, -7.794284967450274, 0.0 ], [ 109.733680573910576, -7.794296513836543, 0.0 ], [ 109.733682792612157, -7.794326987672971, 0.0 ], [ 109.73368380102815, -7.794340838663758, 0.0 ], [ 109.733684974419745, -7.794356955940127, 0.0 ], [ 109.733686574247287, -7.794378930829278, 0.0 ], [ 109.733687868624969, -7.794396709876819, 0.0 ], [ 109.733696003755995, -7.794508452302656, 0.0 ], [ 109.733700071561287, -7.794564323516295, 0.0 ], [ 109.733697194960484, -7.794591170319351, 0.0 ], [ 109.733697406512206, -7.794593537274462, 0.0 ], [ 109.733693000782679, -7.794620161427072, 0.0 ], [ 109.733682283824848, -7.794634391505506, 0.0 ], [ 109.733667947193382, -7.794646405378045, 0.0 ], [ 109.733621145210662, -7.794675805631695, 0.0 ], [ 109.733615445681124, -7.79467938597773, 0.0 ], [ 109.73361183178271, -7.794681656178285, 0.0 ], [ 109.733555716363412, -7.79471690696617, 0.0 ], [ 109.733546763950159, -7.794722530758087, 0.0 ], [ 109.733532644948127, -7.794731400048783, 0.0 ], [ 109.733499600935446, -7.794752157748403, 0.0 ], [ 109.733472514774405, -7.794758215499663, 0.0 ], [ 109.733471128995618, -7.79475869927192, 0.0 ], [ 109.733443558544394, -7.794763113804736, 0.0 ], [ 109.733415564494791, -7.794759563159054, 0.0 ], [ 109.733387570445942, -7.794756012531089, 0.0 ], [ 109.73333158234999, -7.794748911412269, 0.0 ], [ 109.733315432541019, -7.79474686304796, 0.0 ], [ 109.733288386785318, -7.794743432616564, 0.0 ], [ 109.733275594257833, -7.794741810062899, 0.0 ], [ 109.733265626926382, -7.794740545860184, 0.0 ], [ 109.733224464006256, -7.794735325028377, 0.0 ], [ 109.733215821160954, -7.794734228815287, 0.0 ], [ 109.73316601537924, -7.79472791178735, 0.0 ], [ 109.733163618081534, -7.794727607721707, 0.0 ], [ 109.733107629997974, -7.794720506542098, 0.0 ], [ 109.733096618528506, -7.794719109885964, 0.0 ], [ 109.733066404016853, -7.794715277517763, 0.0 ], [ 109.733051641918124, -7.794713405154582, 0.0 ], [ 109.732995653840575, -7.794706303993142, 0.0 ], [ 109.732968772874102, -7.794702894518102, 0.0 ], [ 109.732966792545369, -7.794702643345105, 0.0 ], [ 109.732939665766565, -7.794699202672394, 0.0 ], [ 109.732916986882032, -7.794696326185789, 0.0 ], [ 109.732904850052876, -7.794694786818666, 0.0 ], [ 109.732867181161751, -7.794690009072457, 0.0 ], [ 109.732840927316417, -7.794686679194456, 0.0 ], [ 109.732827689627214, -7.794685000187702, 0.0 ], [ 109.732817375440774, -7.794683691959978, 0.0 ], [ 109.732771701562811, -7.794677898729061, 0.0 ], [ 109.732734284293741, -7.794673152932977, 0.0 ], [ 109.73271571350061, -7.794670797522373, 0.0 ], [ 109.732713081650488, -7.794670463707069, 0.0 ], [ 109.73266795837047, -7.794664740514653, 0.0 ], [ 109.732649158916686, -7.794662356042047, 0.0 ], [ 109.732618152806097, -7.794658423234476, 0.0 ], [ 109.732603737386256, -7.794656594828653, 0.0 ], [ 109.732547749333222, -7.794649493610396, 0.0 ], [ 109.73251975530809, -7.794645942930565, 0.0 ], [ 109.732518541375129, -7.794645788963853, 0.0 ], [ 109.732468735758644, -7.794639471724902, 0.0 ], [ 109.732457390493863, -7.794638032747821, 0.0 ], [ 109.73243577323727, -7.794635290870819, 0.0 ], [ 109.73237978519343, -7.794628189634438, 0.0 ], [ 109.732369867058395, -7.794626101132107, 0.0 ], [ 109.732338748361627, -7.794616110219754, 0.0 ], [ 109.732341463509229, -7.794598567014131, 0.0 ], [ 109.732349112944902, -7.794585423002315, 0.0 ], [ 109.732350456741941, -7.794560286240353, 0.0 ], [ 109.732358715437556, -7.794539030203119, 0.0 ], [ 109.73236709359243, -7.79451746681839, 0.0 ], [ 109.732372134727797, -7.794504492098588, 0.0 ], [ 109.732374378223042, -7.794498717813673, 0.0 ], [ 109.732382973590404, -7.794476595026492, 0.0 ], [ 109.732415490102682, -7.794392903806845, 0.0 ], [ 109.732421366132627, -7.794377780209787, 0.0 ], [ 109.732437168090087, -7.794337109658601, 0.0 ], [ 109.732458845749704, -7.794281315507275, 0.0 ], [ 109.732468354165846, -7.79425684275166, 0.0 ], [ 109.732472674068447, -7.794245724130295, 0.0 ], [ 109.732480523440003, -7.794225521353849, 0.0 ], [ 109.732484016777533, -7.79421653020489, 0.0 ], [ 109.732493113042921, -7.794193118490297, 0.0 ], [ 109.732499679556511, -7.794176217829095, 0.0 ], [ 109.732502201372881, -7.794169727198978, 0.0 ], [ 109.73252387901222, -7.79411393304112, 0.0 ], [ 109.732531004771502, -7.794095592739573, 0.0 ], [ 109.732543060969647, -7.794064562298797, 0.0 ], [ 109.732546667350377, -7.794055280168748, 0.0 ], [ 109.732549559481683, -7.794047836478788, 0.0 ], [ 109.732562330127735, -7.794014967801417, 0.0 ], [ 109.732567234591656, -7.79400234471974, 0.0 ], [ 109.732588912210758, -7.793946550555375, 0.0 ], [ 109.732593655348666, -7.793934342735287, 0.0 ], [ 109.7326060058721, -7.793902555288007, 0.0 ], [ 109.732610590144091, -7.79389075638976, 0.0 ], [ 109.732653945348474, -7.793779168050065, 0.0 ], [ 109.732656305828925, -7.793773092673815, 0.0 ], [ 109.732664784307417, -7.793751270964261, 0.0 ], [ 109.732675623264669, -7.793723373877896, 0.0 ], [ 109.732719028248553, -7.793611657293609, 0.0 ], [ 109.732740656321283, -7.793555991346445, 0.0 ], [ 109.732784011444565, -7.793444402980676, 0.0 ], [ 109.732805689317118, -7.793388608795429, 0.0 ], [ 109.732849044399842, -7.793277020416609, 0.0 ], [ 109.732870722255186, -7.793221226224842, 0.0 ], [ 109.732914077297366, -7.793109637832967, 0.0 ], [ 109.732922569819692, -7.793087779781468, 0.0 ], [ 109.732930188452912, -7.793068171043918, 0.0 ], [ 109.732935755104407, -7.793053843634663, 0.0 ], [ 109.732938232475092, -7.793047467347859, 0.0 ], [ 109.732946593882275, -7.793025946534306, 0.0 ], [ 109.73295743263354, -7.792998049433336, 0.0 ], [ 109.7329653816996, -7.792977590040356, 0.0 ], [ 109.732969557520462, -7.792966842220776, 0.0 ], [ 109.732979110327321, -7.792942255230313, 0.0 ], [ 109.732985297140345, -7.792926607013854, 0.0 ], [ 109.733001123495413, -7.792887524223385, 0.0 ], [ 109.733024432730787, -7.792919049496836, 0.0 ], [ 109.733052358036687, -7.792942474302834, 0.0 ], [ 109.733054846868242, -7.792944590309822, 0.0 ], [ 109.733056957933115, -7.792945643448792, 0.0 ], [ 109.733107403661649, -7.792998497970611, 0.0 ], [ 109.733160870105408, -7.793054516910757, 0.0 ], [ 109.733214336067732, -7.793110535844779, 0.0 ], [ 109.733224457911092, -7.793121140901195, 0.0 ], [ 109.733246599562221, -7.79314433953084, 0.0 ], [ 109.7332678025397, -7.793166554775725, 0.0 ], [ 109.733321268530204, -7.79322257370049, 0.0 ], [ 109.733336124640417, -7.793238139023276, 0.0 ], [ 109.733355847909877, -7.793258803809552, 0.0 ], [ 109.733374735030381, -7.79327859262223, 0.0 ] ], [ [ 109.733422375609749, -7.793669748410127, 0.0 ], [ 109.733368909057845, -7.793613729486444, 0.0 ], [ 109.733315443021894, -7.793557710559613, 0.0 ], [ 109.733261976498241, -7.793501691626759, 0.0 ], [ 109.733155044493728, -7.79338965375007, 0.0 ], [ 109.733111768420741, -7.793344311698412, 0.0 ], [ 109.733104645571046, -7.793340758381898, 0.0 ], [ 109.733096248219226, -7.793333618863064, 0.0 ], [ 109.733074268214409, -7.793315181074147, 0.0 ], [ 109.733055921375879, -7.793290367591048, 0.0 ], [ 109.733043464331416, -7.793321129610802, 0.0 ], [ 109.733038594616986, -7.793333446428697, 0.0 ], [ 109.732995239573114, -7.793445034833802, 0.0 ], [ 109.732973561720058, -7.793500829032141, 0.0 ], [ 109.732930206635615, -7.793612417424199, 0.0 ], [ 109.73290852876228, -7.793668211616013, 0.0 ], [ 109.732865173637322, -7.793779799995015, 0.0 ], [ 109.732843495740539, -7.793835594180225, 0.0 ], [ 109.732800140575037, -7.793947182546223, 0.0 ], [ 109.73277846266113, -7.794002976724934, 0.0 ], [ 109.732756785061454, -7.794058770902513, 0.0 ], [ 109.732745946181154, -7.794086667990237, 0.0 ], [ 109.732730151799984, -7.794127319284557, 0.0 ], [ 109.732717248504187, -7.794160529891697, 0.0 ], [ 109.73269175190093, -7.794226153421115, 0.0 ], [ 109.732683163997578, -7.794248256923336, 0.0 ], [ 109.732675854970992, -7.794267068659532, 0.0 ], [ 109.732667501240542, -7.794288569317909, 0.0 ], [ 109.732660802099275, -7.794305811601387, 0.0 ], [ 109.732626718676443, -7.794393535920127, 0.0 ], [ 109.732623138744728, -7.794412141010089, 0.0 ], [ 109.732605981557526, -7.794447721469831, 0.0 ], [ 109.732605476229892, -7.794449331384658, 0.0 ], [ 109.732638215284638, -7.794471458542974, 0.0 ], [ 109.732660281734894, -7.794478784606212, 0.0 ], [ 109.732683972179117, -7.794481789438637, 0.0 ], [ 109.732693799130004, -7.794483035837002, 0.0 ], [ 109.732716269769583, -7.794485885939109, 0.0 ], [ 109.732772257807753, -7.794492987132083, 0.0 ], [ 109.73278358359579, -7.794494423655305, 0.0 ], [ 109.732821644716779, -7.794499251301573, 0.0 ], [ 109.732828245848154, -7.794500088567323, 0.0 ], [ 109.732874824328519, -7.794505996324775, 0.0 ], [ 109.732940221939685, -7.794514290946985, 0.0 ], [ 109.732949490077203, -7.794515466479097, 0.0 ], [ 109.73298280635828, -7.794519692114744, 0.0 ], [ 109.733013412842695, -7.794523574135105, 0.0 ], [ 109.733032611940885, -7.794526009327768, 0.0 ], [ 109.733052198042728, -7.794528493547569, 0.0 ], [ 109.733108186099244, -7.794535594697943, 0.0 ], [ 109.733132223372778, -7.794538643481895, 0.0 ], [ 109.733141258438323, -7.794539789474638, 0.0 ], [ 109.733182028981375, -7.794544960658659, 0.0 ], [ 109.733205181246831, -7.794547897138645, 0.0 ], [ 109.73322016222069, -7.794549797255879, 0.0 ], [ 109.733276150286386, -7.79455689838493, 0.0 ], [ 109.733281640474715, -7.79455759473382, 0.0 ], [ 109.733331446012443, -7.794563911974477, 0.0 ], [ 109.733332138354314, -7.794563999785437, 0.0 ], [ 109.733332975209777, -7.79456406059268, 0.0 ], [ 109.733386428328132, -7.794565097201775, 0.0 ], [ 109.733388144058907, -7.794565236426002, 0.0 ], [ 109.73338945314083, -7.794564698660309, 0.0 ], [ 109.733391765306294, -7.794563401619192, 0.0 ], [ 109.733444258142086, -7.794530426122103, 0.0 ], [ 109.733500373540991, -7.794495175346164, 0.0 ], [ 109.733521960405099, -7.794473536890166, 0.0 ], [ 109.733531682504761, -7.79445210193088, 0.0 ], [ 109.733531852224772, -7.79442743445877, 0.0 ], [ 109.733531374124738, -7.794421404835259, 0.0 ], [ 109.733531531868095, -7.794396242432117, 0.0 ], [ 109.733527464086535, -7.794340371220271, 0.0 ], [ 109.733519328993722, -7.794228628798026, 0.0 ], [ 109.73351810325137, -7.794211792669755, 0.0 ], [ 109.733516354791831, -7.794187777553923, 0.0 ], [ 109.733514321510427, -7.79415984963781, 0.0 ], [ 109.733511954410659, -7.794127335559466, 0.0 ], [ 109.733511193663588, -7.794116886375018, 0.0 ], [ 109.733503058573007, -7.794005143952639, 0.0 ], [ 109.733498990787552, -7.793949272740784, 0.0 ], [ 109.733490855696303, -7.793837530318354, 0.0 ], [ 109.733489874607798, -7.793825047441, 0.0 ], [ 109.733487770976254, -7.793796326086435, 0.0 ], [ 109.733486604190631, -7.793781658557159, 0.0 ], [ 109.733480780129682, -7.793759895790743, 0.0 ], [ 109.733479739411379, -7.793748596134324, 0.0 ], [ 109.733469723547316, -7.793725749034115, 0.0 ], [ 109.73346067124541, -7.793711807377672, 0.0 ], [ 109.733446768831925, -7.7936953063429, 0.0 ], [ 109.733422375609749, -7.793669748410127, 0.0 ] ] ] } },
{ "type": "Feature", "properties": { "Join_Count": 1, "TARGET_FID": 5, "JOIN_FID": 21, "Id": 21, "Contour": 400.0, "Shape_Leng": 837.10403817300005, "Skor": 3.0, "Shape_Le_1": 837.10403817700001, "Shape_Area": 41773.593385300002 }, "geometry": { "type": "Polygon", "coordinates": [ [ [ 109.740779103507393, -7.79533286328138, 0.0 ], [ 109.740751878257612, -7.795338652969833, 0.0 ], [ 109.740749434069215, -7.795337795035175, 0.0 ], [ 109.740739520800588, -7.795350903949462, 0.0 ], [ 109.740724396762502, -7.795367295607035, 0.0 ], [ 109.740723563404501, -7.795367865806009, 0.0 ], [ 109.740722986031827, -7.79536892049017, 0.0 ], [ 109.740721382804736, -7.795368885670293, 0.0 ], [ 109.740718582032187, -7.795367278316641, 0.0 ], [ 109.740499772312873, -7.795093004829696, 0.0 ], [ 109.740497252685586, -7.79508984644378, 0.0 ], [ 109.740495235615853, -7.795087318166773, 0.0 ], [ 109.740450566365666, -7.795031326127983, 0.0 ], [ 109.740447634346594, -7.795027651022535, 0.0 ], [ 109.74044397181548, -7.795023059986626, 0.0 ], [ 109.740405897126905, -7.794975334086167, 0.0 ], [ 109.740398016024827, -7.794965455597612, 0.0 ], [ 109.740388171335908, -7.794953115138973, 0.0 ], [ 109.74037625113175, -7.794931339852306, 0.0 ], [ 109.740374126836358, -7.794919380405608, 0.0 ], [ 109.740374238918704, -7.794905343277731, 0.0 ], [ 109.740367971650173, -7.794883854892095, 0.0 ], [ 109.740368202778868, -7.794843261062681, 0.0 ], [ 109.740365841994176, -7.794830273097392, 0.0 ], [ 109.740365951630409, -7.794807637711349, 0.0 ], [ 109.740368581662949, -7.794787614919024, 0.0 ], [ 109.740370275922487, -7.794770184269382, 0.0 ], [ 109.740372552661853, -7.794751798153903, 0.0 ], [ 109.740389096152072, -7.794643828949365, 0.0 ], [ 109.740389656836484, -7.794640680430315, 0.0 ], [ 109.740389662818842, -7.794640130660297, 0.0 ], [ 109.740398217354567, -7.794584296910943, 0.0 ], [ 109.740423882555632, -7.794416795663497, 0.0 ], [ 109.740426792097381, -7.794397806228116, 0.0 ], [ 109.740430009520523, -7.79437680661251, 0.0 ], [ 109.740434232477597, -7.794349244765519, 0.0 ], [ 109.740440071244038, -7.794311138439568, 0.0 ], [ 109.740440992132264, -7.794305128160198, 0.0 ], [ 109.740458102234413, -7.794193460655754, 0.0 ], [ 109.740460195036277, -7.794179801735788, 0.0 ], [ 109.740463995206028, -7.794155000150765, 0.0 ], [ 109.740470256661084, -7.79411413364719, 0.0 ], [ 109.740471435619867, -7.794106438731085, 0.0 ], [ 109.740475211783647, -7.794081793147043, 0.0 ], [ 109.740500876892099, -7.793914291881284, 0.0 ], [ 109.740503344555592, -7.793898185849874, 0.0 ], [ 109.740508638563682, -7.793863632550589, 0.0 ], [ 109.740509431383245, -7.793858458123011, 0.0 ], [ 109.740535096450586, -7.793690956849164, 0.0 ], [ 109.74054365092492, -7.793635123088221, 0.0 ], [ 109.740569315951063, -7.793467621806164, 0.0 ], [ 109.740577870414782, -7.793411788042483, 0.0 ], [ 109.740603535399813, -7.793244286752288, 0.0 ], [ 109.740605366338613, -7.79323233683721, 0.0 ], [ 109.740611120733575, -7.793194778458879, 0.0 ], [ 109.740612806597511, -7.793183775300625, 0.0 ], [ 109.740617592352137, -7.793152541110569, 0.0 ], [ 109.740637754790612, -7.793020951687651, 0.0 ], [ 109.740641306105715, -7.792997773424939, 0.0 ], [ 109.740642569076954, -7.792989530636612, 0.0 ], [ 109.740650009456502, -7.792940969233826, 0.0 ], [ 109.740651367592093, -7.792932105367908, 0.0 ], [ 109.740654864195832, -7.792909284150435, 0.0 ], [ 109.740671974129626, -7.792797616612071, 0.0 ], [ 109.740673593016737, -7.792796551603483, 0.0 ], [ 109.740674667033716, -7.792796109538314, 0.0 ], [ 109.740676880309294, -7.79279542589216, 0.0 ], [ 109.740715331216663, -7.792782400612257, 0.0 ], [ 109.740730730359928, -7.792778045639289, 0.0 ], [ 109.740786780090346, -7.792764529966572, 0.0 ], [ 109.740804859446214, -7.792760170314574, 0.0 ], [ 109.740831203349614, -7.792753817669828, 0.0 ], [ 109.740849881220214, -7.792749313667132, 0.0 ], [ 109.74087866915842, -7.792742371800768, 0.0 ], [ 109.740898879544517, -7.792737498318727, 0.0 ], [ 109.740905435855353, -7.792735917328487, 0.0 ], [ 109.740939925067863, -7.792727600662116, 0.0 ], [ 109.740979668447366, -7.79271801688921, 0.0 ], [ 109.740984946871222, -7.792716744031733, 0.0 ], [ 109.741010978988825, -7.792710466638844, 0.0 ], [ 109.741067028706865, -7.792696950926105, 0.0 ], [ 109.741075420787311, -7.792695462482776, 0.0 ], [ 109.741112100488664, -7.792687206331093, 0.0 ], [ 109.741121075630758, -7.792685240957058, 0.0 ], [ 109.741123074428558, -7.792684772007105, 0.0 ], [ 109.741125181139296, -7.792685143031019, 0.0 ], [ 109.74113539374865, -7.79268727554943, 0.0 ], [ 109.741171406784417, -7.792695008466479, 0.0 ], [ 109.741179048280998, -7.792696649315436, 0.0 ], [ 109.741190746696873, -7.792699114436417, 0.0 ], [ 109.741217639922297, -7.79270486647114, 0.0 ], [ 109.741235022215676, -7.792708500534784, 0.0 ], [ 109.741260827584185, -7.792713399062462, 0.0 ], [ 109.741264481566958, -7.792714121204726, 0.0 ], [ 109.741291000011458, -7.792719060616634, 0.0 ], [ 109.741346979798536, -7.79272895538165, 0.0 ], [ 109.741432191619978, -7.792744016620273, 0.0 ], [ 109.741454972055791, -7.792748043082828, 0.0 ], [ 109.741464580022182, -7.792749741328025, 0.0 ], [ 109.741502648520566, -7.792756470165188, 0.0 ], [ 109.741514919184326, -7.792758639042366, 0.0 ], [ 109.741570898987405, -7.792768533484812, 0.0 ], [ 109.741626878793411, -7.792778428211674, 0.0 ], [ 109.741738838418513, -7.792798217061663, 0.0 ], [ 109.741766828326718, -7.792803164420326, 0.0 ], [ 109.741788708144938, -7.792807031797542, 0.0 ], [ 109.74179481823586, -7.792808111767603, 0.0 ], [ 109.741850798057882, -7.792818006175095, 0.0 ], [ 109.741906777882761, -7.792827900870351, 0.0 ], [ 109.742018737545649, -7.792847689647211, 0.0 ], [ 109.742075057760843, -7.792857644482132, 0.0 ], [ 109.742130697222819, -7.792867478690794, 0.0 ], [ 109.742186677066599, -7.792877373351127, 0.0 ], [ 109.742242656915053, -7.792887267709758, 0.0 ], [ 109.742257913372654, -7.792898796772969, 0.0 ], [ 109.742280343612194, -7.7929141132469, 0.0 ], [ 109.742291178108147, -7.792921511591586, 0.0 ], [ 109.742298550534159, -7.792926051898881, 0.0 ], [ 109.742353871242841, -7.792970744574111, 0.0 ], [ 109.742354425192772, -7.792971192098672, 0.0 ], [ 109.742360313601722, -7.792976097125358, 0.0 ], [ 109.74238446384706, -7.792996108546836, 0.0 ], [ 109.742410292623518, -7.793018758114465, 0.0 ], [ 109.742413330405341, -7.793023183722805, 0.0 ], [ 109.742414793656465, -7.793026230876031, 0.0 ], [ 109.742465854037889, -7.793168860998682, 0.0 ], [ 109.742494867221637, -7.793249905534406, 0.0 ], [ 109.742493644627899, -7.793277721045025, 0.0 ], [ 109.742493662019456, -7.793277960112216, 0.0 ], [ 109.742492125614604, -7.793305756633644, 0.0 ], [ 109.742459697869194, -7.793361519604392, 0.0 ], [ 109.742427270338752, -7.79341728257176, 0.0 ], [ 109.742394842574569, -7.793473045534552, 0.0 ], [ 109.742362415022299, -7.793528808493971, 0.0 ], [ 109.742329987239387, -7.793584571448689, 0.0 ], [ 109.742297140394328, -7.793641055386553, 0.0 ], [ 109.742265131869786, -7.793696097346938, 0.0 ], [ 109.742240113980955, -7.793739118462688, 0.0 ], [ 109.742235244132445, -7.793747034618479, 0.0 ], [ 109.74223266515601, -7.793751860174167, 0.0 ], [ 109.742222529125925, -7.793769277957586, 0.0 ], [ 109.742214794264342, -7.79378254384632, 0.0 ], [ 109.742200276459641, -7.793807623229142, 0.0 ], [ 109.742194260283782, -7.793817968691611, 0.0 ], [ 109.742183815452663, -7.793835929599771, 0.0 ], [ 109.742170846357908, -7.793850504163764, 0.0 ], [ 109.742146760571416, -7.793882365577251, 0.0 ], [ 109.742127577785041, -7.793912347184539, 0.0 ], [ 109.742016019398378, -7.79403051294729, 0.0 ], [ 109.741988460898085, -7.794059704017484, 0.0 ], [ 109.741963431462835, -7.794086215983062, 0.0 ], [ 109.741902828804243, -7.794150407942673, 0.0 ], [ 109.741879804414083, -7.794174796078334, 0.0 ], [ 109.741858255025988, -7.794197622026275, 0.0 ], [ 109.741846641517938, -7.794209923453335, 0.0 ], [ 109.741734266899954, -7.794328953521249, 0.0 ], [ 109.74170049010327, -7.794364731023942, 0.0 ], [ 109.741689655632612, -7.79437620729888, 0.0 ], [ 109.741678079565546, -7.794388469001452, 0.0 ], [ 109.741595313354566, -7.794476136977694, 0.0 ], [ 109.741580998937096, -7.794491299209856, 0.0 ], [ 109.741553834913105, -7.794520072338349, 0.0 ], [ 109.741542725306644, -7.794531839942322, 0.0 ], [ 109.74145333007165, -7.794626529434717, 0.0 ], [ 109.741445178130235, -7.794635164188858, 0.0 ], [ 109.741437548423761, -7.794643245842564, 0.0 ], [ 109.741397142657064, -7.794686044864163, 0.0 ], [ 109.741284767782574, -7.794805074769648, 0.0 ], [ 109.741279783163947, -7.794810354626801, 0.0 ], [ 109.741255028925892, -7.794836575146887, 0.0 ], [ 109.74122786473886, -7.794865348126817, 0.0 ], [ 109.741172392842515, -7.794924105097565, 0.0 ], [ 109.741146372046501, -7.794951666954696, 0.0 ], [ 109.741122018207832, -7.794977463332263, 0.0 ], [ 109.741116205347765, -7.794983620476256, 0.0 ], [ 109.741003830312891, -7.795102650280204, 0.0 ], [ 109.740983137382386, -7.795124054556941, 0.0 ], [ 109.740964252692109, -7.795144571956353, 0.0 ], [ 109.740956222553564, -7.795153077730037, 0.0 ], [ 109.740947642770024, -7.795162165628398, 0.0 ], [ 109.740927078041352, -7.795179863911679, 0.0 ], [ 109.740911664170198, -7.795200274813302, 0.0 ], [ 109.740891455212505, -7.795221680503396, 0.0 ], [ 109.740871042634353, -7.795235697285583, 0.0 ], [ 109.740859075506435, -7.795255977660944, 0.0 ], [ 109.740847565443985, -7.795268169371708, 0.0 ], [ 109.740835267638332, -7.795281195578711, 0.0 ], [ 109.740813413613537, -7.79528993183092, 0.0 ], [ 109.74079875461409, -7.795311657509257, 0.0 ], [ 109.740788677473731, -7.795321140841915, 0.0 ], [ 109.740779103507393, -7.79533286328138, 0.0 ] ] ] } },
{ "type": "Feature", "properties": { "Join_Count": 1, "TARGET_FID": 6, "JOIN_FID": 10, "Id": 10, "Contour": 520.0, "Shape_Leng": 579.43927370699998, "Skor": 3.0, "Shape_Le_1": 1341.8118447100001, "Shape_Area": 14413.760890899999 }, "geometry": { "type": "Polygon", "coordinates": [ [ [ 109.732285297712636, -7.794801187318323, 0.0 ], [ 109.732417, -7.79422, 0.0 ], [ 109.732756, -7.793047, 0.0 ], [ 109.732811162630441, -7.792830228661391, 0.0 ], [ 109.732817398661297, -7.792814178289331, 0.0 ], [ 109.732833061171846, -7.792773865716159, 0.0 ], [ 109.732854593086827, -7.792718446636689, 0.0 ], [ 109.732864386291197, -7.792693240680252, 0.0 ], [ 109.732867781291915, -7.792684502600655, 0.0 ], [ 109.732880048853346, -7.792652928168693, 0.0 ], [ 109.732895711349826, -7.792612615594283, 0.0 ], [ 109.732902974487075, -7.792593921613835, 0.0 ], [ 109.732911373911094, -7.792572303090157, 0.0 ], [ 109.732919625857093, -7.792551064033683, 0.0 ], [ 109.7329271298631, -7.79253208428291, 0.0 ], [ 109.732939173259084, -7.792502343718583, 0.0 ], [ 109.732942007560553, -7.792495271934231, 0.0 ], [ 109.732943461079486, -7.792492442655588, 0.0 ], [ 109.732946314246888, -7.792488476026969, 0.0 ], [ 109.73295283135262, -7.792495304306446, 0.0 ], [ 109.732974523869984, -7.792522990699234, 0.0 ], [ 109.733002147489628, -7.792546975123794, 0.0 ], [ 109.73316669591722, -7.792719380065424, 0.0 ], [ 109.733168139651127, -7.792720892737837, 0.0 ], [ 109.733169647310163, -7.792722472374345, 0.0 ], [ 109.733220162091285, -7.792775398993567, 0.0 ], [ 109.73327362803326, -7.792831417916478, 0.0 ], [ 109.733647891758054, -7.793223550252502, 0.0 ], [ 109.733659757008127, -7.793235982003499, 0.0 ], [ 109.733672147601723, -7.793248964120152, 0.0 ], [ 109.733701358059108, -7.79327956913925, 0.0 ], [ 109.733727981044055, -7.793307463277942, 0.0 ], [ 109.733741301719078, -7.793322218423096, 0.0 ], [ 109.733752060593631, -7.793335579759723, 0.0 ], [ 109.733762619787996, -7.793356776726164, 0.0 ], [ 109.733764154667554, -7.793371885613302, 0.0 ], [ 109.733769820120457, -7.793391491903047, 0.0 ], [ 109.733771366062825, -7.793403798172076, 0.0 ], [ 109.733773949846878, -7.793437740240106, 0.0 ], [ 109.733775055300299, -7.793447366608213, 0.0 ], [ 109.733775630194572, -7.793455263026508, 0.0 ], [ 109.73377878672116, -7.793498620133986, 0.0 ], [ 109.73377941182261, -7.793507206213704, 0.0 ], [ 109.733783232311993, -7.793559681754514, 0.0 ], [ 109.733787258205453, -7.793614980253362, 0.0 ], [ 109.733791325911966, -7.79367085146861, 0.0 ], [ 109.73379539350303, -7.793726722683474, 0.0 ], [ 109.733799461209358, -7.793782593898724, 0.0 ], [ 109.73380078888114, -7.793800830136314, 0.0 ], [ 109.733802101876705, -7.793818865049295, 0.0 ], [ 109.733805189286642, -7.793861272112045, 0.0 ], [ 109.733805883560379, -7.793870808178306, 0.0 ], [ 109.733810126750342, -7.793929090535894, 0.0 ], [ 109.73381369798102, -7.793978143151331, 0.0 ], [ 109.733813990134536, -7.793982156099197, 0.0 ], [ 109.733815731799638, -7.794006078758774, 0.0 ], [ 109.733819799508495, -7.794061949974004, 0.0 ], [ 109.733823867095694, -7.794117821188828, 0.0 ], [ 109.733827934801212, -7.794173692403962, 0.0 ], [ 109.733832002391267, -7.794229563618793, 0.0 ], [ 109.733836136963873, -7.794286353287582, 0.0 ], [ 109.733839918581026, -7.794338296481147, 0.0 ], [ 109.733840392650308, -7.794344808034481, 0.0 ], [ 109.733843700298166, -7.794390239577789, 0.0 ], [ 109.733844793132306, -7.794405250088069, 0.0 ], [ 109.733848273096498, -7.794453048478902, 0.0 ], [ 109.733852340682915, -7.794508919693693, 0.0 ], [ 109.733856408390764, -7.794564790908806, 0.0 ], [ 109.733860475976968, -7.794620662123493, 0.0 ], [ 109.733864543681463, -7.794676533338613, 0.0 ], [ 109.733868611267468, -7.794732404553335, 0.0 ], [ 109.733862946831991, -7.794759625896384, 0.0 ], [ 109.733860083110187, -7.794763843226276, 0.0 ], [ 109.733848645132227, -7.79478820391825, 0.0 ], [ 109.733841186165535, -7.794793820163722, 0.0 ], [ 109.733835520968768, -7.794797635132046, 0.0 ], [ 109.733806275320305, -7.794816006775307, 0.0 ], [ 109.733779405546258, -7.794832885985592, 0.0 ], [ 109.733762025354466, -7.794843804005922, 0.0 ], [ 109.733738320636263, -7.794858694982542, 0.0 ], [ 109.733703979742316, -7.794880267360114, 0.0 ], [ 109.733673525244512, -7.794899398449805, 0.0 ], [ 109.733667174674878, -7.794903387795227, 0.0 ], [ 109.733635298056569, -7.794923412228492, 0.0 ], [ 109.733611059226277, -7.794938638647656, 0.0 ], [ 109.733600447611067, -7.794944473367888, 0.0 ], [ 109.733576425890433, -7.794954967157476, 0.0 ], [ 109.733561089887132, -7.79496101229802, 0.0 ], [ 109.733554978829019, -7.794962227923121, 0.0 ], [ 109.73349864201171, -7.794955082439152, 0.0 ], [ 109.733448836191627, -7.794948765442969, 0.0 ], [ 109.733443002574276, -7.794948025541461, 0.0 ], [ 109.73338701445175, -7.79494092426704, 0.0 ], [ 109.733331026331797, -7.79493382312812, 0.0 ], [ 109.733275038215368, -7.794926721842779, 0.0 ], [ 109.733249613251346, -7.794923497078995, 0.0 ], [ 109.733243746881413, -7.794922753028873, 0.0 ], [ 109.733199807487168, -7.794917180009476, 0.0 ], [ 109.733179824043475, -7.794914645397284, 0.0 ], [ 109.733163061991277, -7.794912519386819, 0.0 ], [ 109.733107073884042, -7.794905418076917, 0.0 ], [ 109.733100196088017, -7.794904545734068, 0.0 ], [ 109.733050390290458, -7.794898228689696, 0.0 ], [ 109.732995097678327, -7.794891215581609, 0.0 ], [ 109.732988055507036, -7.794890322385323, 0.0 ], [ 109.732950778921506, -7.794885594364406, 0.0 ], [ 109.732924132657061, -7.794882214687474, 0.0 ], [ 109.732900973156262, -7.794879277277301, 0.0 ], [ 109.732860209885715, -7.794874107051793, 0.0 ], [ 109.732851167437161, -7.794872960139411, 0.0 ], [ 109.732799139347819, -7.794866361145576, 0.0 ], [ 109.732796287084156, -7.794865999371224, 0.0 ], [ 109.73277114530373, -7.794862810499174, 0.0 ], [ 109.73271515721791, -7.794855709142849, 0.0 ], [ 109.732701750322647, -7.794854008669262, 0.0 ], [ 109.732668441461982, -7.794849783956207, 0.0 ], [ 109.73265194455702, -7.794847691563751, 0.0 ], [ 109.732552333226863, -7.794835057148578, 0.0 ], [ 109.732540595765684, -7.794833568416446, 0.0 ], [ 109.732502527465371, -7.794828740029382, 0.0 ], [ 109.732491204904562, -7.794827303918389, 0.0 ], [ 109.732435216834119, -7.79482020252652, 0.0 ], [ 109.732379228766277, -7.794813101266802, 0.0 ], [ 109.732323240701945, -7.794805999857442, 0.0 ], [ 109.732303304709404, -7.794803471241459, 0.0 ], [ 109.732285297712636, -7.794801187318323, 0.0 ] ], [ [ 109.733374735030381, -7.79327859262223, 0.0 ], [ 109.733355847909877, -7.793258803809552, 0.0 ], [ 109.733336124640417, -7.793238139023276, 0.0 ], [ 109.733321268530204, -7.79322257370049, 0.0 ], [ 109.7332678025397, -7.793166554775725, 0.0 ], [ 109.733246599562221, -7.79314433953084, 0.0 ], [ 109.733224457911092, -7.793121140901195, 0.0 ], [ 109.733214336067732, -7.793110535844779, 0.0 ], [ 109.733160870105408, -7.793054516910757, 0.0 ], [ 109.733107403661649, -7.792998497970611, 0.0 ], [ 109.733056957933115, -7.792945643448792, 0.0 ], [ 109.733054846868242, -7.792944590309822, 0.0 ], [ 109.733052358036687, -7.792942474302834, 0.0 ], [ 109.733024432730787, -7.792919049496836, 0.0 ], [ 109.733001123495413, -7.792887524223385, 0.0 ], [ 109.732985297140345, -7.792926607013854, 0.0 ], [ 109.732979110327321, -7.792942255230313, 0.0 ], [ 109.732969557520462, -7.792966842220776, 0.0 ], [ 109.7329653816996, -7.792977590040356, 0.0 ], [ 109.73295743263354, -7.792998049433336, 0.0 ], [ 109.732946593882275, -7.793025946534306, 0.0 ], [ 109.732938232475092, -7.793047467347859, 0.0 ], [ 109.732935755104407, -7.793053843634663, 0.0 ], [ 109.732930188452912, -7.793068171043918, 0.0 ], [ 109.732922569819692, -7.793087779781468, 0.0 ], [ 109.732914077297366, -7.793109637832967, 0.0 ], [ 109.732870722255186, -7.793221226224842, 0.0 ], [ 109.732849044399842, -7.793277020416609, 0.0 ], [ 109.732805689317118, -7.793388608795429, 0.0 ], [ 109.732784011444565, -7.793444402980676, 0.0 ], [ 109.732740656321283, -7.793555991346445, 0.0 ], [ 109.732719028248553, -7.793611657293609, 0.0 ], [ 109.732675623264669, -7.793723373877896, 0.0 ], [ 109.732664784307417, -7.793751270964261, 0.0 ], [ 109.732656305828925, -7.793773092673815, 0.0 ], [ 109.732653945348474, -7.793779168050065, 0.0 ], [ 109.732610590144091, -7.79389075638976, 0.0 ], [ 109.7326060058721, -7.793902555288007, 0.0 ], [ 109.732593655348666, -7.793934342735287, 0.0 ], [ 109.732588912210758, -7.793946550555375, 0.0 ], [ 109.732567234591656, -7.79400234471974, 0.0 ], [ 109.732562330127735, -7.794014967801417, 0.0 ], [ 109.732549559481683, -7.794047836478788, 0.0 ], [ 109.732546667350377, -7.794055280168748, 0.0 ], [ 109.732543060969647, -7.794064562298797, 0.0 ], [ 109.732531004771502, -7.794095592739573, 0.0 ], [ 109.73252387901222, -7.79411393304112, 0.0 ], [ 109.732502201372881, -7.794169727198978, 0.0 ], [ 109.732499679556511, -7.794176217829095, 0.0 ], [ 109.732493113042921, -7.794193118490297, 0.0 ], [ 109.732484016777533, -7.79421653020489, 0.0 ], [ 109.732480523440003, -7.794225521353849, 0.0 ], [ 109.732472674068447, -7.794245724130295, 0.0 ], [ 109.732468354165846, -7.79425684275166, 0.0 ], [ 109.732458845749704, -7.794281315507275, 0.0 ], [ 109.732437168090087, -7.794337109658601, 0.0 ], [ 109.732421366132627, -7.794377780209787, 0.0 ], [ 109.732415490102682, -7.794392903806845, 0.0 ], [ 109.732382973590404, -7.794476595026492, 0.0 ], [ 109.732374378223042, -7.794498717813673, 0.0 ], [ 109.732372134727797, -7.794504492098588, 0.0 ], [ 109.73236709359243, -7.79451746681839, 0.0 ], [ 109.732358715437556, -7.794539030203119, 0.0 ], [ 109.732350456741941, -7.794560286240353, 0.0 ], [ 109.732349112944902, -7.794585423002315, 0.0 ], [ 109.732341463509229, -7.794598567014131, 0.0 ], [ 109.732338748361627, -7.794616110219754, 0.0 ], [ 109.732369867058395, -7.794626101132107, 0.0 ], [ 109.73237978519343, -7.794628189634438, 0.0 ], [ 109.73243577323727, -7.794635290870819, 0.0 ], [ 109.732457390493863, -7.794638032747821, 0.0 ], [ 109.732468735758644, -7.794639471724902, 0.0 ], [ 109.732518541375129, -7.794645788963853, 0.0 ], [ 109.73251975530809, -7.794645942930565, 0.0 ], [ 109.732547749333222, -7.794649493610396, 0.0 ], [ 109.732603737386256, -7.794656594828653, 0.0 ], [ 109.732618152806097, -7.794658423234476, 0.0 ], [ 109.732649158916686, -7.794662356042047, 0.0 ], [ 109.73266795837047, -7.794664740514653, 0.0 ], [ 109.732713081650488, -7.794670463707069, 0.0 ], [ 109.73271571350061, -7.794670797522373, 0.0 ], [ 109.732734284293741, -7.794673152932977, 0.0 ], [ 109.732771701562811, -7.794677898729061, 0.0 ], [ 109.732817375440774, -7.794683691959978, 0.0 ], [ 109.732827689627214, -7.794685000187702, 0.0 ], [ 109.732840927316417, -7.794686679194456, 0.0 ], [ 109.732867181161751, -7.794690009072457, 0.0 ], [ 109.732904850052876, -7.794694786818666, 0.0 ], [ 109.732916986882032, -7.794696326185789, 0.0 ], [ 109.732939665766565, -7.794699202672394, 0.0 ], [ 109.732966792545369, -7.794702643345105, 0.0 ], [ 109.732968772874102, -7.794702894518102, 0.0 ], [ 109.732995653840575, -7.794706303993142, 0.0 ], [ 109.733051641918124, -7.794713405154582, 0.0 ], [ 109.733066404016853, -7.794715277517763, 0.0 ], [ 109.733096618528506, -7.794719109885964, 0.0 ], [ 109.733107629997974, -7.794720506542098, 0.0 ], [ 109.733163618081534, -7.794727607721707, 0.0 ], [ 109.73316601537924, -7.79472791178735, 0.0 ], [ 109.733215821160954, -7.794734228815287, 0.0 ], [ 109.733224464006256, -7.794735325028377, 0.0 ], [ 109.733265626926382, -7.794740545860184, 0.0 ], [ 109.733275594257833, -7.794741810062899, 0.0 ], [ 109.733288386785318, -7.794743432616564, 0.0 ], [ 109.733315432541019, -7.79474686304796, 0.0 ], [ 109.73333158234999, -7.794748911412269, 0.0 ], [ 109.733387570445942, -7.794756012531089, 0.0 ], [ 109.733415564494791, -7.794759563159054, 0.0 ], [ 109.733443558544394, -7.794763113804736, 0.0 ], [ 109.733471128995618, -7.79475869927192, 0.0 ], [ 109.733472514774405, -7.794758215499663, 0.0 ], [ 109.733499600935446, -7.794752157748403, 0.0 ], [ 109.733532644948127, -7.794731400048783, 0.0 ], [ 109.733546763950159, -7.794722530758087, 0.0 ], [ 109.733555716363412, -7.79471690696617, 0.0 ], [ 109.73361183178271, -7.794681656178285, 0.0 ], [ 109.733615445681124, -7.79467938597773, 0.0 ], [ 109.733621145210662, -7.794675805631695, 0.0 ], [ 109.733667947193382, -7.794646405378045, 0.0 ], [ 109.733682283824848, -7.794634391505506, 0.0 ], [ 109.733693000782679, -7.794620161427072, 0.0 ], [ 109.733697406512206, -7.794593537274462, 0.0 ], [ 109.733697194960484, -7.794591170319351, 0.0 ], [ 109.733700071561287, -7.794564323516295, 0.0 ], [ 109.733696003755995, -7.794508452302656, 0.0 ], [ 109.733687868624969, -7.794396709876819, 0.0 ], [ 109.733686574247287, -7.794378930829278, 0.0 ], [ 109.733684974419745, -7.794356955940127, 0.0 ], [ 109.73368380102815, -7.794340838663758, 0.0 ], [ 109.733682792612157, -7.794326987672971, 0.0 ], [ 109.733680573910576, -7.794296513836543, 0.0 ], [ 109.733679733275366, -7.794284967450274, 0.0 ], [ 109.733679010858168, -7.794275044632864, 0.0 ], [ 109.733676173538029, -7.79423607187588, 0.0 ], [ 109.733675665687699, -7.794229096237243, 0.0 ], [ 109.733671598121688, -7.794173225024248, 0.0 ], [ 109.733667530315614, -7.794117353810578, 0.0 ], [ 109.733655327613505, -7.793949740171572, 0.0 ], [ 109.733651259810088, -7.793893868957858, 0.0 ], [ 109.733643124673563, -7.793782126531793, 0.0 ], [ 109.733642563622197, -7.793774420373413, 0.0 ], [ 109.733639056919642, -7.793726255318166, 0.0 ], [ 109.733637412633314, -7.793703670132571, 0.0 ], [ 109.733636569852948, -7.793692093875146, 0.0 ], [ 109.7336349893028, -7.793670384104992, 0.0 ], [ 109.733630921732598, -7.793614512891913, 0.0 ], [ 109.733629849401154, -7.793599783781032, 0.0 ], [ 109.733627769157962, -7.793571210002216, 0.0 ], [ 109.733626854140411, -7.793558641678728, 0.0 ], [ 109.733624506709063, -7.793549388187023, 0.0 ], [ 109.73361528758906, -7.793532012944582, 0.0 ], [ 109.733601496809058, -7.79351650708757, 0.0 ], [ 109.733588599685547, -7.79350266825848, 0.0 ], [ 109.7335351336245, -7.7934466493567, 0.0 ], [ 109.733519720451156, -7.793430500286854, 0.0 ], [ 109.73350362485003, -7.79341363612492, 0.0 ], [ 109.733481667580662, -7.793390630450284, 0.0 ], [ 109.733428201049165, -7.793334611537841, 0.0 ], [ 109.73341047202139, -7.793316036027312, 0.0 ], [ 109.733391958028506, -7.79329663798446, 0.0 ], [ 109.733374735030381, -7.79327859262223, 0.0 ] ] ] } },
{ "type": "Feature", "properties": { "Join_Count": 1, "TARGET_FID": 7, "JOIN_FID": 12, "Id": 12, "Contour": 480.0, "Shape_Leng": 762.37257100700003, "Skor": 3.0, "Shape_Le_1": 1710.6333596699999, "Shape_Area": 18374.3217759 }, "geometry": { "type": "Polygon", "coordinates": [ [ [ 109.732244550157148, -7.79498100122, 0.0 ], [ 109.732285297712636, -7.794801187318323, 0.0 ], [ 109.732303304709404, -7.794803471241459, 0.0 ], [ 109.732323240701945, -7.794805999857442, 0.0 ], [ 109.732379228766277, -7.794813101266802, 0.0 ], [ 109.732435216834119, -7.79482020252652, 0.0 ], [ 109.732491204904562, -7.794827303918389, 0.0 ], [ 109.732502527465371, -7.794828740029382, 0.0 ], [ 109.732540595765684, -7.794833568416446, 0.0 ], [ 109.732552333226863, -7.794835057148578, 0.0 ], [ 109.73265194455702, -7.794847691563751, 0.0 ], [ 109.732668441461982, -7.794849783956207, 0.0 ], [ 109.732701750322647, -7.794854008669262, 0.0 ], [ 109.73271515721791, -7.794855709142849, 0.0 ], [ 109.73277114530373, -7.794862810499174, 0.0 ], [ 109.732796287084156, -7.794865999371224, 0.0 ], [ 109.732799139347819, -7.794866361145576, 0.0 ], [ 109.732851167437161, -7.794872960139411, 0.0 ], [ 109.732860209885715, -7.794874107051793, 0.0 ], [ 109.732900973156262, -7.794879277277301, 0.0 ], [ 109.732924132657061, -7.794882214687474, 0.0 ], [ 109.732950778921506, -7.794885594364406, 0.0 ], [ 109.732988055507036, -7.794890322385323, 0.0 ], [ 109.732995097678327, -7.794891215581609, 0.0 ], [ 109.733050390290458, -7.794898228689696, 0.0 ], [ 109.733100196088017, -7.794904545734068, 0.0 ], [ 109.733107073884042, -7.794905418076917, 0.0 ], [ 109.733163061991277, -7.794912519386819, 0.0 ], [ 109.733179824043475, -7.794914645397284, 0.0 ], [ 109.733199807487168, -7.794917180009476, 0.0 ], [ 109.733243746881413, -7.794922753028873, 0.0 ], [ 109.733249613251346, -7.794923497078995, 0.0 ], [ 109.733275038215368, -7.794926721842779, 0.0 ], [ 109.733331026331797, -7.79493382312812, 0.0 ], [ 109.73338701445175, -7.79494092426704, 0.0 ], [ 109.733443002574276, -7.794948025541461, 0.0 ], [ 109.733448836191627, -7.794948765442969, 0.0 ], [ 109.73349864201171, -7.794955082439152, 0.0 ], [ 109.733554978829019, -7.794962227923121, 0.0 ], [ 109.733561089887132, -7.79496101229802, 0.0 ], [ 109.733576425890433, -7.794954967157476, 0.0 ], [ 109.733600447611067, -7.794944473367888, 0.0 ], [ 109.733611059226277, -7.794938638647656, 0.0 ], [ 109.733635298056569, -7.794923412228492, 0.0 ], [ 109.733667174674878, -7.794903387795227, 0.0 ], [ 109.733673525244512, -7.794899398449805, 0.0 ], [ 109.733703979742316, -7.794880267360114, 0.0 ], [ 109.733738320636263, -7.794858694982542, 0.0 ], [ 109.733762025354466, -7.794843804005922, 0.0 ], [ 109.733779405546258, -7.794832885985592, 0.0 ], [ 109.733806275320305, -7.794816006775307, 0.0 ], [ 109.733835520968768, -7.794797635132046, 0.0 ], [ 109.733841186165535, -7.794793820163722, 0.0 ], [ 109.733848645132227, -7.79478820391825, 0.0 ], [ 109.733860083110187, -7.794763843226276, 0.0 ], [ 109.733862946831991, -7.794759625896384, 0.0 ], [ 109.733868611267468, -7.794732404553335, 0.0 ], [ 109.733864543681463, -7.794676533338613, 0.0 ], [ 109.733860475976968, -7.794620662123493, 0.0 ], [ 109.733856408390764, -7.794564790908806, 0.0 ], [ 109.733852340682915, -7.794508919693693, 0.0 ], [ 109.733848273096498, -7.794453048478902, 0.0 ], [ 109.733844793132306, -7.794405250088069, 0.0 ], [ 109.733843700298166, -7.794390239577789, 0.0 ], [ 109.733840392650308, -7.794344808034481, 0.0 ], [ 109.733839918581026, -7.794338296481147, 0.0 ], [ 109.733836136963873, -7.794286353287582, 0.0 ], [ 109.733832002391267, -7.794229563618793, 0.0 ], [ 109.733827934801212, -7.794173692403962, 0.0 ], [ 109.733823867095694, -7.794117821188828, 0.0 ], [ 109.733819799508495, -7.794061949974004, 0.0 ], [ 109.733815731799638, -7.794006078758774, 0.0 ], [ 109.733813990134536, -7.793982156099197, 0.0 ], [ 109.73381369798102, -7.793978143151331, 0.0 ], [ 109.733810126750342, -7.793929090535894, 0.0 ], [ 109.733805883560379, -7.793870808178306, 0.0 ], [ 109.733805189286642, -7.793861272112045, 0.0 ], [ 109.733802101876705, -7.793818865049295, 0.0 ], [ 109.73380078888114, -7.793800830136314, 0.0 ], [ 109.733799461209358, -7.793782593898724, 0.0 ], [ 109.73379539350303, -7.793726722683474, 0.0 ], [ 109.733791325911966, -7.79367085146861, 0.0 ], [ 109.733787258205453, -7.793614980253362, 0.0 ], [ 109.733783232311993, -7.793559681754514, 0.0 ], [ 109.73377941182261, -7.793507206213704, 0.0 ], [ 109.73377878672116, -7.793498620133986, 0.0 ], [ 109.733775630194572, -7.793455263026508, 0.0 ], [ 109.733775055300299, -7.793447366608213, 0.0 ], [ 109.733773949846878, -7.793437740240106, 0.0 ], [ 109.733771366062825, -7.793403798172076, 0.0 ], [ 109.733769820120457, -7.793391491903047, 0.0 ], [ 109.733764154667554, -7.793371885613302, 0.0 ], [ 109.733762619787996, -7.793356776726164, 0.0 ], [ 109.733752060593631, -7.793335579759723, 0.0 ], [ 109.733741301719078, -7.793322218423096, 0.0 ], [ 109.733727981044055, -7.793307463277942, 0.0 ], [ 109.733701358059108, -7.79327956913925, 0.0 ], [ 109.733672147601723, -7.793248964120152, 0.0 ], [ 109.733659757008127, -7.793235982003499, 0.0 ], [ 109.733647891758054, -7.793223550252502, 0.0 ], [ 109.73327362803326, -7.792831417916478, 0.0 ], [ 109.733220162091285, -7.792775398993567, 0.0 ], [ 109.733169647310163, -7.792722472374345, 0.0 ], [ 109.733168139651127, -7.792720892737837, 0.0 ], [ 109.73316669591722, -7.792719380065424, 0.0 ], [ 109.733002147489628, -7.792546975123794, 0.0 ], [ 109.732974523869984, -7.792522990699234, 0.0 ], [ 109.73295283135262, -7.792495304306446, 0.0 ], [ 109.732946314246888, -7.792488476026969, 0.0 ], [ 109.732943461079486, -7.792492442655588, 0.0 ], [ 109.732942007560553, -7.792495271934231, 0.0 ], [ 109.732939173259084, -7.792502343718583, 0.0 ], [ 109.7329271298631, -7.79253208428291, 0.0 ], [ 109.732919625857093, -7.792551064033683, 0.0 ], [ 109.732911373911094, -7.792572303090157, 0.0 ], [ 109.732902974487075, -7.792593921613835, 0.0 ], [ 109.732895711349826, -7.792612615594283, 0.0 ], [ 109.732880048853346, -7.792652928168693, 0.0 ], [ 109.732867781291915, -7.792684502600655, 0.0 ], [ 109.732864386291197, -7.792693240680252, 0.0 ], [ 109.732854593086827, -7.792718446636689, 0.0 ], [ 109.732833061171846, -7.792773865716159, 0.0 ], [ 109.732817398661297, -7.792814178289331, 0.0 ], [ 109.732811162630441, -7.792830228661391, 0.0 ], [ 109.73297682991371, -7.792179207841763, 0.0 ], [ 109.733119055544933, -7.792328224287056, 0.0 ], [ 109.733172521424208, -7.792384243212587, 0.0 ], [ 109.733600250948726, -7.792832394456512, 0.0 ], [ 109.733653716955004, -7.792888413340504, 0.0 ], [ 109.733896503673321, -7.793142791142759, 0.0 ], [ 109.73390614534614, -7.793158799358686, 0.0 ], [ 109.733908841592893, -7.793168471211173, 0.0 ], [ 109.733910278020659, -7.793182331412963, 0.0 ], [ 109.733913442211232, -7.79320725770788, 0.0 ], [ 109.733915121059965, -7.793224349038743, 0.0 ], [ 109.733919188669802, -7.793280220255561, 0.0 ], [ 109.733923256397958, -7.793336091472697, 0.0 ], [ 109.733927324007567, -7.793391962689414, 0.0 ], [ 109.733931391738622, -7.793447833906572, 0.0 ], [ 109.73393275592818, -7.793466571674605, 0.0 ], [ 109.733934204807866, -7.79348647231426, 0.0 ], [ 109.73393653764451, -7.793518514795671, 0.0 ], [ 109.733938605224296, -7.793546914279084, 0.0 ], [ 109.733939527075719, -7.793559576340369, 0.0 ], [ 109.733943594806433, -7.793615447557499, 0.0 ], [ 109.733947662415474, -7.793671318774222, 0.0 ], [ 109.73395180661268, -7.793728240313015, 0.0 ], [ 109.733955797754817, -7.793783061207989, 0.0 ], [ 109.73395986548195, -7.793838932424969, 0.0 ], [ 109.733960607494112, -7.793849124294427, 0.0 ], [ 109.733963009462357, -7.793882116827064, 0.0 ], [ 109.733965007906647, -7.79390956625266, 0.0 ], [ 109.733966791181075, -7.793934059944824, 0.0 ], [ 109.733968000820624, -7.793950674858729, 0.0 ], [ 109.733972068547473, -7.794006546075703, 0.0 ], [ 109.733976136155718, -7.794062417292394, 0.0 ], [ 109.733980203885437, -7.794118288509408, 0.0 ], [ 109.733984271493512, -7.794174159726016, 0.0 ], [ 109.733988339219877, -7.794230030943016, 0.0 ], [ 109.733992406830836, -7.794285902159646, 0.0 ], [ 109.733996474556989, -7.794341773376576, 0.0 ], [ 109.733997044739638, -7.794349605067693, 0.0 ], [ 109.734000211578419, -7.794393102320719, 0.0 ], [ 109.734000826473121, -7.794401548169275, 0.0 ], [ 109.734004611964963, -7.79445354425614, 0.0 ], [ 109.734008677619499, -7.794509387027063, 0.0 ], [ 109.734012745226792, -7.794565258243637, 0.0 ], [ 109.734016812955545, -7.794621129460518, 0.0 ], [ 109.734020880562582, -7.794677000677106, 0.0 ], [ 109.734024948287967, -7.79473287189401, 0.0 ], [ 109.734026614225073, -7.794755754270652, 0.0 ], [ 109.734027298279585, -7.794765150199653, 0.0 ], [ 109.734033083623103, -7.794844614327421, 0.0 ], [ 109.734033927188364, -7.79486996288011, 0.0 ], [ 109.734034353067443, -7.794875572697408, 0.0 ], [ 109.734035259314936, -7.794900479888627, 0.0 ], [ 109.734026584609254, -7.794923805505171, 0.0 ], [ 109.73400309486621, -7.79494886490594, 0.0 ], [ 109.733998559110603, -7.794951714207289, 0.0 ], [ 109.733964218202715, -7.794973286593816, 0.0 ], [ 109.733946979432062, -7.794984115748043, 0.0 ], [ 109.733890863988648, -7.795019366775549, 0.0 ], [ 109.733834748537191, -7.79505461759966, 0.0 ], [ 109.73377863307644, -7.795089868609144, 0.0 ], [ 109.733758173100384, -7.795102721261035, 0.0 ], [ 109.73372383216973, -7.795124293623978, 0.0 ], [ 109.733722517607603, -7.795125119415255, 0.0 ], [ 109.733717375630562, -7.795128085037942, 0.0 ], [ 109.733688785824242, -7.795145158235695, 0.0 ], [ 109.733666412722044, -7.795156846931616, 0.0 ], [ 109.73364393155704, -7.79515618244442, 0.0 ], [ 109.733634234867253, -7.795154814673975, 0.0 ], [ 109.733610411049426, -7.79515424086487, 0.0 ], [ 109.733554422893619, -7.79514713960785, 0.0 ], [ 109.733532434234547, -7.795144350701605, 0.0 ], [ 109.733518721229672, -7.795142611447115, 0.0 ], [ 109.733482628425762, -7.79513803367022, 0.0 ], [ 109.733454798334606, -7.795134503837943, 0.0 ], [ 109.733442446590757, -7.795132937215006, 0.0 ], [ 109.733386458444173, -7.795125835939889, 0.0 ], [ 109.733330470300146, -7.795118734796979, 0.0 ], [ 109.733274482159672, -7.79511163350444, 0.0 ], [ 109.733218494021841, -7.795104532347276, 0.0 ], [ 109.733162505887449, -7.795097431040564, 0.0 ], [ 109.733129769201696, -7.795093278892569, 0.0 ], [ 109.733084182355654, -7.795087496906922, 0.0 ], [ 109.733071261104072, -7.795085858027437, 0.0 ], [ 109.733050529627505, -7.795083228551473, 0.0 ], [ 109.732994541502322, -7.795076127223473, 0.0 ], [ 109.732984570918603, -7.795074862604999, 0.0 ], [ 109.732943415404932, -7.795069642696189, 0.0 ], [ 109.732934765108411, -7.79506854553437, 0.0 ], [ 109.732882565260752, -7.795061924688565, 0.0 ], [ 109.732826577144337, -7.795054823481691, 0.0 ], [ 109.732770589031475, -7.795047722128444, 0.0 ], [ 109.732751646842701, -7.795045319581168, 0.0 ], [ 109.732735542191918, -7.795043276921283, 0.0 ], [ 109.732678724149636, -7.795036070376284, 0.0 ], [ 109.732658612814404, -7.795033519536744, 0.0 ], [ 109.732602624710694, -7.795026418158935, 0.0 ], [ 109.732586125023758, -7.795024325404853, 0.0 ], [ 109.732559878341263, -7.795020996415266, 0.0 ], [ 109.732536319251707, -7.795018008276376, 0.0 ], [ 109.732495955487479, -7.795012888644475, 0.0 ], [ 109.732486513563359, -7.795011691061529, 0.0 ], [ 109.732436707889931, -7.795005373828113, 0.0 ], [ 109.732386902103272, -7.794999056702181, 0.0 ], [ 109.732368109875836, -7.794996673159562, 0.0 ], [ 109.732337096409694, -7.794992739483404, 0.0 ], [ 109.732304187046438, -7.794988565377174, 0.0 ], [ 109.732287290659158, -7.794986422317117, 0.0 ], [ 109.732266696151456, -7.794983810177118, 0.0 ], [ 109.732244550157148, -7.79498100122, 0.0 ] ] ] } },
{ "type": "Feature", "properties": { "Join_Count": 1, "TARGET_FID": 8, "JOIN_FID": 15, "Id": 15, "Contour": 440.0, "Shape_Leng": 948.26078865800002, "Skor": 3.0, "Shape_Le_1": 2064.9366719300001, "Shape_Area": 21608.660855400001 }, "geometry": { "type": "Polygon", "coordinates": [ [ [ 109.732208398271837, -7.795140534818659, 0.0 ], [ 109.732244550157148, -7.79498100122, 0.0 ], [ 109.732266696151456, -7.794983810177118, 0.0 ], [ 109.732287290659158, -7.794986422317117, 0.0 ], [ 109.732304187046438, -7.794988565377174, 0.0 ], [ 109.732337096409694, -7.794992739483404, 0.0 ], [ 109.732368109875836, -7.794996673159562, 0.0 ], [ 109.732386902103272, -7.794999056702181, 0.0 ], [ 109.732436707889931, -7.795005373828113, 0.0 ], [ 109.732486513563359, -7.795011691061529, 0.0 ], [ 109.732495955487479, -7.795012888644475, 0.0 ], [ 109.732536319251707, -7.795018008276376, 0.0 ], [ 109.732559878341263, -7.795020996415266, 0.0 ], [ 109.732586125023758, -7.795024325404853, 0.0 ], [ 109.732602624710694, -7.795026418158935, 0.0 ], [ 109.732658612814404, -7.795033519536744, 0.0 ], [ 109.732678724149636, -7.795036070376284, 0.0 ], [ 109.732735542191918, -7.795043276921283, 0.0 ], [ 109.732751646842701, -7.795045319581168, 0.0 ], [ 109.732770589031475, -7.795047722128444, 0.0 ], [ 109.732826577144337, -7.795054823481691, 0.0 ], [ 109.732882565260752, -7.795061924688565, 0.0 ], [ 109.732934765108411, -7.79506854553437, 0.0 ], [ 109.732943415404932, -7.795069642696189, 0.0 ], [ 109.732984570918603, -7.795074862604999, 0.0 ], [ 109.732994541502322, -7.795076127223473, 0.0 ], [ 109.733050529627505, -7.795083228551473, 0.0 ], [ 109.733071261104072, -7.795085858027437, 0.0 ], [ 109.733084182355654, -7.795087496906922, 0.0 ], [ 109.733129769201696, -7.795093278892569, 0.0 ], [ 109.733162505887449, -7.795097431040564, 0.0 ], [ 109.733218494021841, -7.795104532347276, 0.0 ], [ 109.733274482159672, -7.79511163350444, 0.0 ], [ 109.733330470300146, -7.795118734796979, 0.0 ], [ 109.733386458444173, -7.795125835939889, 0.0 ], [ 109.733442446590757, -7.795132937215006, 0.0 ], [ 109.733454798334606, -7.795134503837943, 0.0 ], [ 109.733482628425762, -7.79513803367022, 0.0 ], [ 109.733518721229672, -7.795142611447115, 0.0 ], [ 109.733532434234547, -7.795144350701605, 0.0 ], [ 109.733554422893619, -7.79514713960785, 0.0 ], [ 109.733610411049426, -7.79515424086487, 0.0 ], [ 109.733634234867253, -7.795154814673975, 0.0 ], [ 109.73364393155704, -7.79515618244442, 0.0 ], [ 109.733666412722044, -7.795156846931616, 0.0 ], [ 109.733688785824242, -7.795145158235695, 0.0 ], [ 109.733717375630562, -7.795128085037942, 0.0 ], [ 109.733722517607603, -7.795125119415255, 0.0 ], [ 109.73372383216973, -7.795124293623978, 0.0 ], [ 109.733758173100384, -7.795102721261035, 0.0 ], [ 109.73377863307644, -7.795089868609144, 0.0 ], [ 109.733834748537191, -7.79505461759966, 0.0 ], [ 109.733890863988648, -7.795019366775549, 0.0 ], [ 109.733946979432062, -7.794984115748043, 0.0 ], [ 109.733964218202715, -7.794973286593816, 0.0 ], [ 109.733998559110603, -7.794951714207289, 0.0 ], [ 109.73400309486621, -7.79494886490594, 0.0 ], [ 109.734026584609254, -7.794923805505171, 0.0 ], [ 109.734035259314936, -7.794900479888627, 0.0 ], [ 109.734034353067443, -7.794875572697408, 0.0 ], [ 109.734033927188364, -7.79486996288011, 0.0 ], [ 109.734033083623103, -7.794844614327421, 0.0 ], [ 109.734027298279585, -7.794765150199653, 0.0 ], [ 109.734026614225073, -7.794755754270652, 0.0 ], [ 109.734024948287967, -7.79473287189401, 0.0 ], [ 109.734020880562582, -7.794677000677106, 0.0 ], [ 109.734016812955545, -7.794621129460518, 0.0 ], [ 109.734012745226792, -7.794565258243637, 0.0 ], [ 109.734008677619499, -7.794509387027063, 0.0 ], [ 109.734004611964963, -7.79445354425614, 0.0 ], [ 109.734000826473121, -7.794401548169275, 0.0 ], [ 109.734000211578419, -7.794393102320719, 0.0 ], [ 109.733997044739638, -7.794349605067693, 0.0 ], [ 109.733996474556989, -7.794341773376576, 0.0 ], [ 109.733992406830836, -7.794285902159646, 0.0 ], [ 109.733988339219877, -7.794230030943016, 0.0 ], [ 109.733984271493512, -7.794174159726016, 0.0 ], [ 109.733980203885437, -7.794118288509408, 0.0 ], [ 109.733976136155718, -7.794062417292394, 0.0 ], [ 109.733972068547473, -7.794006546075703, 0.0 ], [ 109.733968000820624, -7.793950674858729, 0.0 ], [ 109.733966791181075, -7.793934059944824, 0.0 ], [ 109.733965007906647, -7.79390956625266, 0.0 ], [ 109.733963009462357, -7.793882116827064, 0.0 ], [ 109.733960607494112, -7.793849124294427, 0.0 ], [ 109.73395986548195, -7.793838932424969, 0.0 ], [ 109.733955797754817, -7.793783061207989, 0.0 ], [ 109.73395180661268, -7.793728240313015, 0.0 ], [ 109.733947662415474, -7.793671318774222, 0.0 ], [ 109.733943594806433, -7.793615447557499, 0.0 ], [ 109.733939527075719, -7.793559576340369, 0.0 ], [ 109.733938605224296, -7.793546914279084, 0.0 ], [ 109.73393653764451, -7.793518514795671, 0.0 ], [ 109.733934204807866, -7.79348647231426, 0.0 ], [ 109.73393275592818, -7.793466571674605, 0.0 ], [ 109.733931391738622, -7.793447833906572, 0.0 ], [ 109.733927324007567, -7.793391962689414, 0.0 ], [ 109.733923256397958, -7.793336091472697, 0.0 ], [ 109.733919188669802, -7.793280220255561, 0.0 ], [ 109.733915121059965, -7.793224349038743, 0.0 ], [ 109.733913442211232, -7.79320725770788, 0.0 ], [ 109.733910278020659, -7.793182331412963, 0.0 ], [ 109.733908841592893, -7.793168471211173, 0.0 ], [ 109.73390614534614, -7.793158799358686, 0.0 ], [ 109.733896503673321, -7.793142791142759, 0.0 ], [ 109.733653716955004, -7.792888413340504, 0.0 ], [ 109.733600250948726, -7.792832394456512, 0.0 ], [ 109.733172521424208, -7.792384243212587, 0.0 ], [ 109.733119055544933, -7.792328224287056, 0.0 ], [ 109.73297682991371, -7.792179207841763, 0.0 ], [ 109.73301200000013, -7.792041, 0.0 ], [ 109.733040448754167, -7.791904623602472, 0.0 ], [ 109.733071414957081, -7.791937068509879, 0.0 ], [ 109.733115859437092, -7.791983635081463, 0.0 ], [ 109.733120467934341, -7.791988463610359, 0.0 ], [ 109.733124881037199, -7.79199308743415, 0.0 ], [ 109.733365478565915, -7.792245172536266, 0.0 ], [ 109.73349914398031, -7.792385219774872, 0.0 ], [ 109.733552609923919, -7.792441238661522, 0.0 ], [ 109.733981275986736, -7.792890370307257, 0.0 ], [ 109.73403380603348, -7.792945408439728, 0.0 ], [ 109.734045194862759, -7.79296525914896, 0.0 ], [ 109.734047807879691, -7.792984155306777, 0.0 ], [ 109.734053377937968, -7.793001325991736, 0.0 ], [ 109.734055132949223, -7.793011099110452, 0.0 ], [ 109.734058268550939, -7.793050677586197, 0.0 ], [ 109.734059254269184, -7.793057202615533, 0.0 ], [ 109.73406738977134, -7.793168945053492, 0.0 ], [ 109.734071457402251, -7.793224816272067, 0.0 ], [ 109.734075525154608, -7.793280687491078, 0.0 ], [ 109.734079592785292, -7.793336558709684, 0.0 ], [ 109.734083660534324, -7.793392429928581, 0.0 ], [ 109.734087728164795, -7.793448301147203, 0.0 ], [ 109.734091795916669, -7.793504172366143, 0.0 ], [ 109.734093829763026, -7.793532107975525, 0.0 ], [ 109.734094023312167, -7.793534766386582, 0.0 ], [ 109.734097445151178, -7.793581766508065, 0.0 ], [ 109.734098423769836, -7.79359520837275, 0.0 ], [ 109.734099931295503, -7.793615914803594, 0.0 ], [ 109.734103999047107, -7.793671786022458, 0.0 ], [ 109.734108066676981, -7.793727657241029, 0.0 ], [ 109.734112134428386, -7.793783528459945, 0.0 ], [ 109.734116202058075, -7.793839399678396, 0.0 ], [ 109.734120426155684, -7.793897418398024, 0.0 ], [ 109.734123917104725, -7.793945368554464, 0.0 ], [ 109.734124826569101, -7.793957860338669, 0.0 ], [ 109.73412769885843, -7.793997311657836, 0.0 ], [ 109.734128405186496, -7.79400701333461, 0.0 ], [ 109.734132472934149, -7.794062884553481, 0.0 ], [ 109.734136540563327, -7.794118755771956, 0.0 ], [ 109.734140608313893, -7.794174626990737, 0.0 ], [ 109.734144675942872, -7.79423049820923, 0.0 ], [ 109.734148743690099, -7.794286369428032, 0.0 ], [ 109.734152811321906, -7.794342240646443, 0.0 ], [ 109.734156879068934, -7.794398111865227, 0.0 ], [ 109.73415795256895, -7.794412856797408, 0.0 ], [ 109.734160030421577, -7.79444139642255, 0.0 ], [ 109.734161734309339, -7.794464799910322, 0.0 ], [ 109.734164430849347, -7.794501838379366, 0.0 ], [ 109.734165515983918, -7.794516743094325, 0.0 ], [ 109.734169082187819, -7.794565725521145, 0.0 ], [ 109.734169297739712, -7.794568686194352, 0.0 ], [ 109.734173149822169, -7.794621596739503, 0.0 ], [ 109.734177217571798, -7.794677467958269, 0.0 ], [ 109.734181285199725, -7.794733339176589, 0.0 ], [ 109.734185352945971, -7.794789210395345, 0.0 ], [ 109.734186433222376, -7.794804048400498, 0.0 ], [ 109.734188206254657, -7.794828401955844, 0.0 ], [ 109.734190833664911, -7.794864490373481, 0.0 ], [ 109.734191987981688, -7.794880345081595, 0.0 ], [ 109.734195234147734, -7.7949249323855, 0.0 ], [ 109.734195769680554, -7.794932288239699, 0.0 ], [ 109.734199634608643, -7.794985374374741, 0.0 ], [ 109.734201623699263, -7.795012695269433, 0.0 ], [ 109.734199800338942, -7.79503967674657, 0.0 ], [ 109.734199976374114, -7.795041744239389, 0.0 ], [ 109.73419749224108, -7.795068541981937, 0.0 ], [ 109.734187317073946, -7.795085070007871, 0.0 ], [ 109.734170668886094, -7.795100094599382, 0.0 ], [ 109.734132286207711, -7.795124206145238, 0.0 ], [ 109.734121434326212, -7.795131023153803, 0.0 ], [ 109.734086495713555, -7.795152971034818, 0.0 ], [ 109.734058437985041, -7.795170596510974, 0.0 ], [ 109.734043786069236, -7.795179800664261, 0.0 ], [ 109.734018411716974, -7.795195740490976, 0.0 ], [ 109.733984070800346, -7.795217312888829, 0.0 ], [ 109.733955285909218, -7.795235395160852, 0.0 ], [ 109.7339462070493, -7.795241098386536, 0.0 ], [ 109.733930475326247, -7.795250980822612, 0.0 ], [ 109.733915389078533, -7.795260457794586, 0.0 ], [ 109.733881048152128, -7.795282030182308, 0.0 ], [ 109.733866785727628, -7.795290989635108, 0.0 ], [ 109.733778285836095, -7.79534658408788, 0.0 ], [ 109.733778023147266, -7.795346745116539, 0.0 ], [ 109.733777860618389, -7.795346838593288, 0.0 ], [ 109.733777604725844, -7.795346837261441, 0.0 ], [ 109.733728801387272, -7.795353387395825, 0.0 ], [ 109.733721831493853, -7.795353354906782, 0.0 ], [ 109.733665796602665, -7.795346247736544, 0.0 ], [ 109.73361603228058, -7.79533993601911, 0.0 ], [ 109.733609855124527, -7.795339152548588, 0.0 ], [ 109.733553866944632, -7.795332051287645, 0.0 ], [ 109.733497878767409, -7.795324950162048, 0.0 ], [ 109.733440273549846, -7.7953176437934, 0.0 ], [ 109.733416809136273, -7.795314667706197, 0.0 ], [ 109.733410158324759, -7.795313824165301, 0.0 ], [ 109.733367003321106, -7.795308350648607, 0.0 ], [ 109.733346235421408, -7.795305716545686, 0.0 ], [ 109.733329914254924, -7.7953036464609, 0.0 ], [ 109.733273926090362, -7.795296545167708, 0.0 ], [ 109.733217937928472, -7.795289444003345, 0.0 ], [ 109.73321757230427, -7.795289412912168, 0.0 ], [ 109.733214750581027, -7.795289039735143, 0.0 ], [ 109.733161949770022, -7.79528234269586, 0.0 ], [ 109.733105961614257, -7.795275241520575, 0.0 ], [ 109.733049973461959, -7.795268140195652, 0.0 ], [ 109.73302662093657, -7.795265178279627, 0.0 ], [ 109.733018362910983, -7.795264130862168, 0.0 ], [ 109.732993985312504, -7.795261038934923, 0.0 ], [ 109.732967992030524, -7.795258373957199, 0.0 ], [ 109.732963402799513, -7.795257777680961, 0.0 ], [ 109.732937993841105, -7.795255043045795, 0.0 ], [ 109.732916353111378, -7.795253874111249, 0.0 ], [ 109.732901537817085, -7.795251734712546, 0.0 ], [ 109.732881998028574, -7.795250491198963, 0.0 ], [ 109.732864698063935, -7.795249390250738, 0.0 ], [ 109.732838886257483, -7.795244902546647, 0.0 ], [ 109.732826008348979, -7.795243901449462, 0.0 ], [ 109.732814925802032, -7.795243039894824, 0.0 ], [ 109.732771776507988, -7.795233597393371, 0.0 ], [ 109.732770030373885, -7.795233422115921, 0.0 ], [ 109.732768576606489, -7.795233296088765, 0.0 ], [ 109.732762922075466, -7.795231828930695, 0.0 ], [ 109.73271893441246, -7.795226816788266, 0.0 ], [ 109.732714042537623, -7.795226221773515, 0.0 ], [ 109.732708283680452, -7.795225921143391, 0.0 ], [ 109.732662440880873, -7.795227129525584, 0.0 ], [ 109.73265803112038, -7.795226860105617, 0.0 ], [ 109.732653075857144, -7.795226557365207, 0.0 ], [ 109.732605288333588, -7.795228095573698, 0.0 ], [ 109.732602018634537, -7.795227853908171, 0.0 ], [ 109.732598248440169, -7.795227575242, 0.0 ], [ 109.73254754280525, -7.795229649464647, 0.0 ], [ 109.732544156696022, -7.795229331227601, 0.0 ], [ 109.732512578414131, -7.795231079753757, 0.0 ], [ 109.732489985111741, -7.795232684190421, 0.0 ], [ 109.732487265554568, -7.795233713157417, 0.0 ], [ 109.732441577695027, -7.795238466255537, 0.0 ], [ 109.732208398271837, -7.795140534818659, 0.0 ] ] ] } },
{ "type": "Feature", "properties": { "Join_Count": 1, "TARGET_FID": 9, "JOIN_FID": 16, "Id": 16, "Contour": 400.0, "Shape_Leng": 5.2275750406199997, "Skor": 3.0, "Shape_Le_1": 2689.52090821, "Shape_Area": 31724.831460199999 }, "geometry": { "type": "Polygon", "coordinates": [ [ [ 109.732173284859257, -7.795295485608205, 0.0 ], [ 109.732208398271837, -7.795140534818659, 0.0 ], [ 109.732441577695027, -7.795238466255537, 0.0 ], [ 109.732487265554568, -7.795233713157417, 0.0 ], [ 109.732489985111741, -7.795232684190421, 0.0 ], [ 109.732512578414131, -7.795231079753757, 0.0 ], [ 109.732544156696022, -7.795229331227601, 0.0 ], [ 109.73254754280525, -7.795229649464647, 0.0 ], [ 109.732598248440169, -7.795227575242, 0.0 ], [ 109.732602018634537, -7.795227853908171, 0.0 ], [ 109.732605288333588, -7.795228095573698, 0.0 ], [ 109.732653075857144, -7.795226557365207, 0.0 ], [ 109.73265803112038, -7.795226860105617, 0.0 ], [ 109.732662440880873, -7.795227129525584, 0.0 ], [ 109.732708283680452, -7.795225921143391, 0.0 ], [ 109.732714042537623, -7.795226221773515, 0.0 ], [ 109.73271893441246, -7.795226816788266, 0.0 ], [ 109.732762922075466, -7.795231828930695, 0.0 ], [ 109.732768576606489, -7.795233296088765, 0.0 ], [ 109.732770030373885, -7.795233422115921, 0.0 ], [ 109.732771776507988, -7.795233597393371, 0.0 ], [ 109.732814925802032, -7.795243039894824, 0.0 ], [ 109.732826008348979, -7.795243901449462, 0.0 ], [ 109.732838886257483, -7.795244902546647, 0.0 ], [ 109.732864698063935, -7.795249390250738, 0.0 ], [ 109.732881998028574, -7.795250491198963, 0.0 ], [ 109.732901537817085, -7.795251734712546, 0.0 ], [ 109.732916353111378, -7.795253874111249, 0.0 ], [ 109.732937993841105, -7.795255043045795, 0.0 ], [ 109.732963402799513, -7.795257777680961, 0.0 ], [ 109.732967992030524, -7.795258373957199, 0.0 ], [ 109.732993985312504, -7.795261038934923, 0.0 ], [ 109.733018362910983, -7.795264130862168, 0.0 ], [ 109.73302662093657, -7.795265178279627, 0.0 ], [ 109.733049973461959, -7.795268140195652, 0.0 ], [ 109.733105961614257, -7.795275241520575, 0.0 ], [ 109.733161949770022, -7.79528234269586, 0.0 ], [ 109.733214750581027, -7.795289039735143, 0.0 ], [ 109.73321757230427, -7.795289412912168, 0.0 ], [ 109.733217937928472, -7.795289444003345, 0.0 ], [ 109.733273926090362, -7.795296545167708, 0.0 ], [ 109.733329914254924, -7.7953036464609, 0.0 ], [ 109.733346235421408, -7.795305716545686, 0.0 ], [ 109.733367003321106, -7.795308350648607, 0.0 ], [ 109.733410158324759, -7.795313824165301, 0.0 ], [ 109.733416809136273, -7.795314667706197, 0.0 ], [ 109.733440273549846, -7.7953176437934, 0.0 ], [ 109.733497878767409, -7.795324950162048, 0.0 ], [ 109.733553866944632, -7.795332051287645, 0.0 ], [ 109.733609855124527, -7.795339152548588, 0.0 ], [ 109.73361603228058, -7.79533993601911, 0.0 ], [ 109.733665796602665, -7.795346247736544, 0.0 ], [ 109.733721831493853, -7.795353354906782, 0.0 ], [ 109.733728801387272, -7.795353387395825, 0.0 ], [ 109.733777604725844, -7.795346837261441, 0.0 ], [ 109.733777860618389, -7.795346838593288, 0.0 ], [ 109.733778023147266, -7.795346745116539, 0.0 ], [ 109.733778285836095, -7.79534658408788, 0.0 ], [ 109.733866785727628, -7.795290989635108, 0.0 ], [ 109.733881048152128, -7.795282030182308, 0.0 ], [ 109.733915389078533, -7.795260457794586, 0.0 ], [ 109.733930475326247, -7.795250980822612, 0.0 ], [ 109.7339462070493, -7.795241098386536, 0.0 ], [ 109.733955285909218, -7.795235395160852, 0.0 ], [ 109.733984070800346, -7.795217312888829, 0.0 ], [ 109.734018411716974, -7.795195740490976, 0.0 ], [ 109.734043786069236, -7.795179800664261, 0.0 ], [ 109.734058437985041, -7.795170596510974, 0.0 ], [ 109.734086495713555, -7.795152971034818, 0.0 ], [ 109.734121434326212, -7.795131023153803, 0.0 ], [ 109.734132286207711, -7.795124206145238, 0.0 ], [ 109.734170668886094, -7.795100094599382, 0.0 ], [ 109.734187317073946, -7.795085070007871, 0.0 ], [ 109.73419749224108, -7.795068541981937, 0.0 ], [ 109.734199976374114, -7.795041744239389, 0.0 ], [ 109.734199800338942, -7.79503967674657, 0.0 ], [ 109.734201623699263, -7.795012695269433, 0.0 ], [ 109.734199634608643, -7.794985374374741, 0.0 ], [ 109.734195769680554, -7.794932288239699, 0.0 ], [ 109.734195234147734, -7.7949249323855, 0.0 ], [ 109.734191987981688, -7.794880345081595, 0.0 ], [ 109.734190833664911, -7.794864490373481, 0.0 ], [ 109.734188206254657, -7.794828401955844, 0.0 ], [ 109.734186433222376, -7.794804048400498, 0.0 ], [ 109.734185352945971, -7.794789210395345, 0.0 ], [ 109.734181285199725, -7.794733339176589, 0.0 ], [ 109.734177217571798, -7.794677467958269, 0.0 ], [ 109.734173149822169, -7.794621596739503, 0.0 ], [ 109.734169297739712, -7.794568686194352, 0.0 ], [ 109.734169082187819, -7.794565725521145, 0.0 ], [ 109.734165515983918, -7.794516743094325, 0.0 ], [ 109.734164430849347, -7.794501838379366, 0.0 ], [ 109.734161734309339, -7.794464799910322, 0.0 ], [ 109.734160030421577, -7.79444139642255, 0.0 ], [ 109.73415795256895, -7.794412856797408, 0.0 ], [ 109.734156879068934, -7.794398111865227, 0.0 ], [ 109.734152811321906, -7.794342240646443, 0.0 ], [ 109.734148743690099, -7.794286369428032, 0.0 ], [ 109.734144675942872, -7.79423049820923, 0.0 ], [ 109.734140608313893, -7.794174626990737, 0.0 ], [ 109.734136540563327, -7.794118755771956, 0.0 ], [ 109.734132472934149, -7.794062884553481, 0.0 ], [ 109.734128405186496, -7.79400701333461, 0.0 ], [ 109.73412769885843, -7.793997311657836, 0.0 ], [ 109.734124826569101, -7.793957860338669, 0.0 ], [ 109.734123917104725, -7.793945368554464, 0.0 ], [ 109.734120426155684, -7.793897418398024, 0.0 ], [ 109.734116202058075, -7.793839399678396, 0.0 ], [ 109.734112134428386, -7.793783528459945, 0.0 ], [ 109.734108066676981, -7.793727657241029, 0.0 ], [ 109.734103999047107, -7.793671786022458, 0.0 ], [ 109.734099931295503, -7.793615914803594, 0.0 ], [ 109.734098423769836, -7.79359520837275, 0.0 ], [ 109.734097445151178, -7.793581766508065, 0.0 ], [ 109.734094023312167, -7.793534766386582, 0.0 ], [ 109.734093829763026, -7.793532107975525, 0.0 ], [ 109.734091795916669, -7.793504172366143, 0.0 ], [ 109.734087728164795, -7.793448301147203, 0.0 ], [ 109.734083660534324, -7.793392429928581, 0.0 ], [ 109.734079592785292, -7.793336558709684, 0.0 ], [ 109.734075525154608, -7.793280687491078, 0.0 ], [ 109.734071457402251, -7.793224816272067, 0.0 ], [ 109.73406738977134, -7.793168945053492, 0.0 ], [ 109.734059254269184, -7.793057202615533, 0.0 ], [ 109.734058268550939, -7.793050677586197, 0.0 ], [ 109.734055132949223, -7.793011099110452, 0.0 ], [ 109.734053377937968, -7.793001325991736, 0.0 ], [ 109.734047807879691, -7.792984155306777, 0.0 ], [ 109.734045194862759, -7.79296525914896, 0.0 ], [ 109.73403380603348, -7.792945408439728, 0.0 ], [ 109.733981275986736, -7.792890370307257, 0.0 ], [ 109.733552609923919, -7.792441238661522, 0.0 ], [ 109.73349914398031, -7.792385219774872, 0.0 ], [ 109.733365478565915, -7.792245172536266, 0.0 ], [ 109.733124881037199, -7.79199308743415, 0.0 ], [ 109.733120467934341, -7.791988463610359, 0.0 ], [ 109.733115859437092, -7.791983635081463, 0.0 ], [ 109.733071414957081, -7.791937068509879, 0.0 ], [ 109.733040448754167, -7.791904623602472, 0.0 ], [ 109.733098865250028, -7.791624588752699, 0.0 ], [ 109.733116882076345, -7.791643465837981, 0.0 ], [ 109.733124271342092, -7.79165054064557, 0.0 ], [ 109.733130706723358, -7.79165795057517, 0.0 ], [ 109.733172715253346, -7.791701964897149, 0.0 ], [ 109.733178715385165, -7.791707951159451, 0.0 ], [ 109.733184172783098, -7.791713969488216, 0.0 ], [ 109.733228548445766, -7.791760463951316, 0.0 ], [ 109.733233214526578, -7.791765307065222, 0.0 ], [ 109.733237638853836, -7.791769988396731, 0.0 ], [ 109.733398037156945, -7.791938045094448, 0.0 ], [ 109.733451881368367, -7.791994460379958, 0.0 ], [ 109.733479798001298, -7.792023709835202, 0.0 ], [ 109.733506312179784, -7.792051489990537, 0.0 ], [ 109.733879232575546, -7.792442214937937, 0.0 ], [ 109.733932698580347, -7.792498233785692, 0.0 ], [ 109.733954381345214, -7.792520951725668, 0.0 ], [ 109.733970617288847, -7.792537962761751, 0.0 ], [ 109.733986164851714, -7.792554252629659, 0.0 ], [ 109.734177715068597, -7.792754947633858, 0.0 ], [ 109.734187039513174, -7.792768947746002, 0.0 ], [ 109.734189863087849, -7.79277829758024, 0.0 ], [ 109.734192084905359, -7.792792748789963, 0.0 ], [ 109.734196742896685, -7.792815020401139, 0.0 ], [ 109.734199319830196, -7.792834184903427, 0.0 ], [ 109.734203387482779, -7.792890056123917, 0.0 ], [ 109.734207455253625, -7.792945927344718, 0.0 ], [ 109.734211522909064, -7.793001798565245, 0.0 ], [ 109.734215590679725, -7.79305766978608, 0.0 ], [ 109.734216753653101, -7.793073643564906, 0.0 ], [ 109.734218637943712, -7.793099524433364, 0.0 ], [ 109.734220535412305, -7.793125586683008, 0.0 ], [ 109.734223038400117, -7.793159966395673, 0.0 ], [ 109.734224317108854, -7.79317752986561, 0.0 ], [ 109.734227438940351, -7.793220408442412, 0.0 ], [ 109.734228098886604, -7.79322947297081, 0.0 ], [ 109.734231880567378, -7.793281416166287, 0.0 ], [ 109.734235929300695, -7.793337025889365, 0.0 ], [ 109.734239996952255, -7.793392897109734, 0.0 ], [ 109.734244064722148, -7.793448768330534, 0.0 ], [ 109.734245040900987, -7.793462176431122, 0.0 ], [ 109.734247007508245, -7.793489188741783, 0.0 ], [ 109.734249441366018, -7.793522618399894, 0.0 ], [ 109.734250789263527, -7.79354113186631, 0.0 ], [ 109.734254233996779, -7.793588446381934, 0.0 ], [ 109.73425457098125, -7.793593075026287, 0.0 ], [ 109.734260335569957, -7.793672253212741, 0.0 ], [ 109.734264403339282, -7.793728124433495, 0.0 ], [ 109.734268470990045, -7.79378399565387, 0.0 ], [ 109.734272538762283, -7.793839866874512, 0.0 ], [ 109.734276606412848, -7.793895738094903, 0.0 ], [ 109.734280674181733, -7.793951609315553, 0.0 ], [ 109.73428474183207, -7.794007480535841, 0.0 ], [ 109.734292877372425, -7.794119222977205, 0.0 ], [ 109.734296945022407, -7.794175094197445, 0.0 ], [ 109.734301012793878, -7.794230965418128, 0.0 ], [ 109.734305080443676, -7.794286836638402, 0.0 ], [ 109.734309148211764, -7.794342707858984, 0.0 ], [ 109.734313215864475, -7.794398579079251, 0.0 ], [ 109.73431728363235, -7.7944544502998, 0.0 ], [ 109.73431886045806, -7.794476108470297, 0.0 ], [ 109.734319849313266, -7.794489690469807, 0.0 ], [ 109.734322642205314, -7.794528051601035, 0.0 ], [ 109.734324249779192, -7.794550132444805, 0.0 ], [ 109.734326423908698, -7.794579994770567, 0.0 ], [ 109.734328650304022, -7.794610574478303, 0.0 ], [ 109.734330205671341, -7.794631937888465, 0.0 ], [ 109.734333050750962, -7.794671016433886, 0.0 ], [ 109.734333554469089, -7.79467793518141, 0.0 ], [ 109.734337622239579, -7.794733806401921, 0.0 ], [ 109.734341689888367, -7.794789677622146, 0.0 ], [ 109.73434575765549, -7.794845548842695, 0.0 ], [ 109.734346252268324, -7.794852342479013, 0.0 ], [ 109.734349114283191, -7.794891653658381, 0.0 ], [ 109.734350652714795, -7.794912784434552, 0.0 ], [ 109.734352896045323, -7.794943596772961, 0.0 ], [ 109.734355053235717, -7.794973226464723, 0.0 ], [ 109.734356677747954, -7.794995539942409, 0.0 ], [ 109.734359453703703, -7.79503366844291, 0.0 ], [ 109.734360459494184, -7.795047483073099, 0.0 ], [ 109.734362028492228, -7.795069033723967, 0.0 ], [ 109.73436609625881, -7.795124904944494, 0.0 ], [ 109.734370163906817, -7.795180776164617, 0.0 ], [ 109.734365592272951, -7.795207908174764, 0.0 ], [ 109.734363780619802, -7.795211267200313, 0.0 ], [ 109.73435562296649, -7.795236591772632, 0.0 ], [ 109.734346759115553, -7.795245039660611, 0.0 ], [ 109.734338243028276, -7.795251324244747, 0.0 ], [ 109.73428212757004, -7.79528657532322, 0.0 ], [ 109.73427865047725, -7.795288759585487, 0.0 ], [ 109.734244309546639, -7.795310331992213, 0.0 ], [ 109.734226012103719, -7.795321826195051, 0.0 ], [ 109.734169896628146, -7.795357077258755, 0.0 ], [ 109.734113781144487, -7.795392328112598, 0.0 ], [ 109.734057665651534, -7.795427579155045, 0.0 ], [ 109.734038264329911, -7.795439766784407, 0.0 ], [ 109.734007666232969, -7.795458987971842, 0.0 ], [ 109.734004175284539, -7.795461591905346, 0.0 ], [ 109.734001546675984, -7.795463986024988, 0.0 ], [ 109.733974904689646, -7.795488251426409, 0.0 ], [ 109.733951096889498, -7.795514677911679, 0.0 ], [ 109.733976959105917, -7.795539051715823, 0.0 ], [ 109.734001287470548, -7.795550226641299, 0.0 ], [ 109.73403029753905, -7.795570773738401, 0.0 ], [ 109.734032213713292, -7.795595659203419, 0.0 ], [ 109.734057089800771, -7.795619179371933, 0.0 ], [ 109.73406080988471, -7.79562300246212, 0.0 ], [ 109.734087307849265, -7.795626803220055, 0.0 ], [ 109.73406274870527, -7.795632413168791, 0.0 ], [ 109.734057047600757, -7.79563322020015, 0.0 ], [ 109.73394500452666, -7.795641177236711, 0.0 ], [ 109.733928972017665, -7.795642315880936, 0.0 ], [ 109.733906670892438, -7.795643899799882, 0.0 ], [ 109.733888982989015, -7.795645156002691, 0.0 ], [ 109.733552853771101, -7.795669026716506, 0.0 ], [ 109.733544115255, -7.795672333026117, 0.0 ], [ 109.732173284859257, -7.795295485608205, 0.0 ] ] ] } },
{ "type": "Feature", "properties": { "Join_Count": 1, "TARGET_FID": 10, "JOIN_FID": 62, "Id": 62, "Contour": 240.0, "Shape_Leng": 3371.85535643, "Skor": 2.0, "Shape_Le_1": 3371.8553564399999, "Shape_Area": 117246.63172 }, "geometry": { "type": "MultiPolygon", "coordinates": [ [ [ [ 109.742108, -7.797458000999975, 0.0 ], [ 109.741982, -7.797923, 0.0 ], [ 109.74177, -7.798355, 0.0 ], [ 109.741765433021769, -7.798364664594086, 0.0 ], [ 109.740982470754773, -7.798335481314288, 0.0 ], [ 109.736900355356923, -7.796966663088383, 0.0 ], [ 109.736909567143883, -7.796957174470081, 0.0 ], [ 109.736924199857341, -7.796934559421729, 0.0 ], [ 109.736922200416672, -7.796920027761425, 0.0 ], [ 109.73691546303229, -7.796914256013856, 0.0 ], [ 109.736909705099734, -7.796911177792667, 0.0 ], [ 109.736892792310712, -7.796903048430038, 0.0 ], [ 109.736876099120238, -7.796897587336954, 0.0 ], [ 109.736853794937915, -7.796877955188078, 0.0 ], [ 109.736845452329135, -7.796872276843036, 0.0 ], [ 109.736842999094762, -7.796863932376975, 0.0 ], [ 109.736817403761236, -7.796844390579142, 0.0 ], [ 109.736797922957294, -7.796832006532546, 0.0 ], [ 109.736782210078061, -7.796823587701251, 0.0 ], [ 109.736763797869941, -7.796807836981111, 0.0 ], [ 109.73675296679302, -7.796796885836605, 0.0 ], [ 109.736742031902622, -7.796792420913341, 0.0 ], [ 109.736686140859248, -7.796752835252686, 0.0 ], [ 109.736685454629722, -7.79675242973019, 0.0 ], [ 109.736684596692328, -7.7967517415737, 0.0 ], [ 109.736655714902497, -7.796726220024952, 0.0 ], [ 109.736630249826902, -7.796713249583015, 0.0 ], [ 109.73660539553704, -7.796695646154788, 0.0 ], [ 109.73659291853069, -7.796677088877678, 0.0 ], [ 109.736574374756657, -7.796668346818638, 0.0 ], [ 109.736558047779198, -7.796655965871921, 0.0 ], [ 109.736529160088594, -7.796639559573642, 0.0 ], [ 109.736527155443994, -7.796630898824209, 0.0 ], [ 109.736518498158958, -7.796623957305005, 0.0 ], [ 109.736499211073934, -7.796602909284429, 0.0 ], [ 109.73648035073056, -7.796601301321511, 0.0 ], [ 109.736462576796271, -7.796594492617085, 0.0 ], [ 109.736456129467669, -7.796589926195867, 0.0 ], [ 109.736446993205973, -7.796583455281819, 0.0 ], [ 109.736439812969138, -7.796560629935518, 0.0 ], [ 109.736443796744354, -7.796546459898411, 0.0 ], [ 109.736420547972386, -7.796541301431463, 0.0 ], [ 109.73640675502493, -7.796531837026101, 0.0 ], [ 109.736404426056524, -7.796529797959686, 0.0 ], [ 109.736397401601877, -7.796527448189745, 0.0 ], [ 109.736397672347252, -7.796518350391596, 0.0 ], [ 109.736406833063612, -7.796505826644161, 0.0 ], [ 109.736430663567191, -7.796495423628412, 0.0 ], [ 109.736445737624322, -7.796488843323565, 0.0 ], [ 109.736469575600282, -7.79647843719287, 0.0 ], [ 109.736508487310587, -7.796461450431642, 0.0 ], [ 109.736547399297862, -7.796444463945666, 0.0 ], [ 109.736586311108525, -7.796427477286692, 0.0 ], [ 109.736611756388811, -7.796416369597313, 0.0 ], [ 109.736631165816419, -7.796407896690239, 0.0 ], [ 109.736687248992538, -7.796383413581378, 0.0 ], [ 109.73670304652741, -7.796376517278683, 0.0 ], [ 109.736741958606999, -7.796359530879405, 0.0 ], [ 109.736746875476868, -7.796357384451388, 0.0 ], [ 109.736780870311065, -7.796342544102511, 0.0 ], [ 109.736819782276527, -7.796325557587877, 0.0 ], [ 109.736847255111968, -7.796313564389773, 0.0 ], [ 109.736858693993867, -7.796308570822294, 0.0 ], [ 109.736865935470817, -7.796305409675957, 0.0 ], [ 109.736911581634203, -7.796285483457389, 0.0 ], [ 109.736967664782526, -7.796261000306102, 0.0 ], [ 109.736975429359731, -7.796257610728342, 0.0 ], [ 109.737014341417492, -7.796240624297151, 0.0 ], [ 109.737048013609908, -7.796225924901534, 0.0 ], [ 109.737053253183618, -7.796223637572824, 0.0 ], [ 109.737092165130321, -7.79620665102954, 0.0 ], [ 109.737120114949775, -7.796194449581542, 0.0 ], [ 109.737135914189452, -7.796187552397518, 0.0 ], [ 109.737191997313133, -7.796163070012091, 0.0 ], [ 109.737247812060986, -7.796138703977454, 0.0 ], [ 109.737286724096904, -7.796121717517655, 0.0 ], [ 109.737325635859833, -7.796104730780881, 0.0 ], [ 109.737349151151378, -7.796094465532646, 0.0 ], [ 109.737364547853147, -7.796087744270674, 0.0 ], [ 109.737374294651289, -7.796083489313494, 0.0 ], [ 109.737416329757252, -7.796065138782152, 0.0 ], [ 109.737442371126292, -7.796053770539584, 0.0 ], [ 109.737449530979859, -7.796050645010579, 0.0 ], [ 109.73748128306498, -7.796036783971646, 0.0 ], [ 109.737520194705752, -7.796019797107275, 0.0 ], [ 109.737549910074677, -7.79600682517153, 0.0 ], [ 109.737559106648405, -7.796002810537598, 0.0 ], [ 109.737598018389463, -7.795985823768968, 0.0 ], [ 109.73762847384593, -7.795972528869564, 0.0 ], [ 109.737640662110053, -7.795967208216091, 0.0 ], [ 109.737649978252065, -7.7959633135184, 0.0 ], [ 109.737676502761275, -7.795952513294293, 0.0 ], [ 109.73769674219399, -7.795943723341611, 0.0 ], [ 109.737702674712509, -7.795966764622522, 0.0 ], [ 109.737703704443334, -7.795972753131454, 0.0 ], [ 109.737808097317668, -7.796976105511952, 0.0 ], [ 109.737808662016747, -7.796981532950909, 0.0 ], [ 109.737813350031814, -7.797026590816451, 0.0 ], [ 109.737814163161062, -7.79703440590212, 0.0 ], [ 109.737819976803067, -7.797090282364092, 0.0 ], [ 109.737821679416783, -7.797106646366496, 0.0 ], [ 109.737823855573581, -7.797127561312502, 0.0 ], [ 109.737825790570085, -7.797146158826409, 0.0 ], [ 109.737845329923687, -7.797161965065564, 0.0 ], [ 109.737880815774787, -7.797182478313239, 0.0 ], [ 109.737908153107597, -7.797193404442763, 0.0 ], [ 109.737920316596487, -7.79719901125905, 0.0 ], [ 109.737930485182204, -7.797202330046902, 0.0 ], [ 109.737965858988986, -7.797209554807463, 0.0 ], [ 109.737972993153193, -7.797211011895743, 0.0 ], [ 109.738084944381612, -7.79723387698082, 0.0 ], [ 109.738105602335494, -7.797238096175657, 0.0 ], [ 109.73811293219137, -7.797239593224209, 0.0 ], [ 109.738140920002238, -7.797245309462736, 0.0 ], [ 109.738168907814071, -7.797251025718884, 0.0 ], [ 109.738245345742399, -7.7972666374684, 0.0 ], [ 109.73825287125581, -7.797268174480318, 0.0 ], [ 109.738420798167596, -7.797302471949938, 0.0 ], [ 109.738431670305744, -7.797304692471219, 0.0 ], [ 109.738448785989846, -7.797308188185528, 0.0 ], [ 109.738588725116884, -7.797336769360469, 0.0 ], [ 109.738614783245552, -7.797342091452365, 0.0 ], [ 109.738644700775168, -7.797348201789799, 0.0 ], [ 109.738700676437418, -7.797359634251068, 0.0 ], [ 109.738711157235954, -7.797361774841343, 0.0 ], [ 109.738755016888021, -7.797370732667792, 0.0 ], [ 109.738868603449546, -7.797393931531868, 0.0 ], [ 109.738895250634471, -7.797399373920939, 0.0 ], [ 109.738924579128678, -7.797405363929831, 0.0 ], [ 109.739204457586595, -7.797462525932419, 0.0 ], [ 109.73922355024223, -7.797466425371097, 0.0 ], [ 109.739260433290738, -7.797473958298561, 0.0 ], [ 109.73931595195964, -7.797485297338535, 0.0 ], [ 109.739363293866987, -7.797494966305771, 0.0 ], [ 109.739372384711686, -7.797496822997082, 0.0 ], [ 109.739484336149076, -7.797519687735999, 0.0 ], [ 109.739503037473966, -7.797523507242507, 0.0 ], [ 109.739526302653289, -7.797528258840627, 0.0 ], [ 109.739540311874251, -7.797531120041584, 0.0 ], [ 109.739568299738337, -7.797536836211212, 0.0 ], [ 109.739624275469595, -7.797548268551848, 0.0 ], [ 109.739652263336808, -7.797553984713016, 0.0 ], [ 109.739764214816105, -7.797576849353502, 0.0 ], [ 109.739829106055211, -7.79759010253132, 0.0 ], [ 109.739848178436532, -7.797593997815723, 0.0 ], [ 109.739988117824851, -7.79762257855473, 0.0 ], [ 109.740012085643599, -7.797627473641035, 0.0 ], [ 109.740044093587542, -7.797634010814228, 0.0 ], [ 109.740087238277127, -7.797642822529451, 0.0 ], [ 109.74010859350328, -7.797647184038397, 0.0 ], [ 109.740156045125488, -7.797656875318943, 0.0 ], [ 109.740267996679904, -7.797679739863928, 0.0 ], [ 109.7403239724635, -7.797691172085589, 0.0 ], [ 109.740603851443851, -7.797748333222732, 0.0 ], [ 109.740621080148344, -7.797751741102446, 0.0 ], [ 109.740648079714646, -7.797757290608196, 0.0 ], [ 109.740659827614792, -7.797759644260836, 0.0 ], [ 109.740669722962593, -7.797759210865729, 0.0 ], [ 109.740705953683005, -7.79776918604454, 0.0 ], [ 109.740715803065243, -7.797771197627809, 0.0 ], [ 109.740717920684318, -7.797771333965645, 0.0 ], [ 109.740741110387106, -7.797769290616002, 0.0 ], [ 109.740766610819136, -7.797764157223514, 0.0 ], [ 109.740771844619744, -7.797760647014464, 0.0 ], [ 109.740794761170747, -7.797736373455502, 0.0 ], [ 109.740816209834037, -7.797713654793029, 0.0 ], [ 109.74082803258861, -7.797701132024796, 0.0 ], [ 109.740884220541545, -7.797641616986072, 0.0 ], [ 109.740903418925939, -7.797621281830752, 0.0 ], [ 109.740921387513851, -7.797602249210764, 0.0 ], [ 109.740940408478508, -7.797582101937243, 0.0 ], [ 109.740973976441808, -7.797546546406577, 0.0 ], [ 109.740984912212312, -7.797534963098597, 0.0 ], [ 109.741012076587012, -7.797506190132293, 0.0 ], [ 109.741026565209182, -7.797490843593107, 0.0 ], [ 109.741052784303491, -7.797463072042227, 0.0 ], [ 109.741108972192265, -7.797403556962895, 0.0 ], [ 109.741120734234627, -7.797391098447771, 0.0 ], [ 109.74113174283579, -7.797379437939791, 0.0 ], [ 109.741165160065066, -7.797344041873388, 0.0 ], [ 109.741184331648299, -7.797323735099872, 0.0 ], [ 109.741202227418611, -7.797304779642362, 0.0 ], [ 109.7412293917602, -7.797276006657009, 0.0 ], [ 109.741236920362596, -7.797268032250807, 0.0 ], [ 109.741277535761725, -7.797225011897138, 0.0 ], [ 109.74128950923118, -7.797212329393297, 0.0 ], [ 109.741310884920878, -7.797189687845972, 0.0 ], [ 109.741338049303394, -7.797160914909603, 0.0 ], [ 109.741342097929845, -7.797156626526527, 0.0 ], [ 109.741389911394918, -7.797105981650367, 0.0 ], [ 109.741394686633157, -7.797100923650845, 0.0 ], [ 109.74141954238182, -7.797074596034277, 0.0 ], [ 109.741446099187471, -7.797046466513366, 0.0 ], [ 109.741446688971692, -7.797045805250127, 0.0 ], [ 109.74144727528811, -7.797045220766116, 0.0 ], [ 109.741499864147229, -7.796989517873243, 0.0 ], [ 109.741502286963367, -7.796986951579902, 0.0 ], [ 109.741522158828161, -7.796953443461524, 0.0 ], [ 109.741535875007145, -7.796933765698496, 0.0 ], [ 109.741545140065185, -7.796920473706887, 0.0 ], [ 109.741558544642373, -7.796904038250736, 0.0 ], [ 109.741606103954055, -7.796822256006875, 0.0 ], [ 109.741609218617285, -7.796816683369209, 0.0 ], [ 109.741614843825104, -7.796807227056001, 0.0 ], [ 109.741670711657974, -7.79671115754378, 0.0 ], [ 109.741727442105216, -7.796613604821367, 0.0 ], [ 109.741800672383349, -7.796487678929429, 0.0 ], [ 109.742061974847218, -7.796038345567436, 0.0 ], [ 109.742092524283805, -7.795985813043161, 0.0 ], [ 109.742103127210314, -7.795967580317519, 0.0 ], [ 109.742123703334926, -7.795932197641472, 0.0 ], [ 109.742177834096935, -7.795839114824506, 0.0 ], [ 109.742351947567826, -7.795539709761433, 0.0 ], [ 109.742514086777902, -7.795260895080392, 0.0 ], [ 109.742571925606114, -7.795161435468327, 0.0 ], [ 109.742600074946679, -7.795113029764, 0.0 ], [ 109.742774567644346, -7.794812971172362, 0.0 ], [ 109.74271800000011, -7.79507, 0.0 ], [ 109.742473, -7.79603, 0.0 ], [ 109.742293000000117, -7.796827, 0.0 ], [ 109.742108, -7.797458000999975, 0.0 ] ] ], [ [ [ 109.74353455193588, -7.79149342389535, 0.0 ], [ 109.743543517360237, -7.791521380114014, 0.0 ], [ 109.743546359457511, -7.791532805674373, 0.0 ], [ 109.743550382739045, -7.791547543417405, 0.0 ], [ 109.743427, -7.791519998999914, 0.0 ], [ 109.743369, -7.791724, 0.0 ], [ 109.743263, -7.792452000999934, 0.0 ], [ 109.743211684999551, -7.792722732474408, 0.0 ], [ 109.743195442720705, -7.79267736207907, 0.0 ], [ 109.743139896154759, -7.792522201169781, 0.0 ], [ 109.742980984405023, -7.792078304090336, 0.0 ], [ 109.742978798265241, -7.792072723225234, 0.0 ], [ 109.742973246518986, -7.792060116243072, 0.0 ], [ 109.742957837668172, -7.792037810096128, 0.0 ], [ 109.742941815669596, -7.792022328624945, 0.0 ], [ 109.742897341690082, -7.791986398975594, 0.0 ], [ 109.742866388532363, -7.791961392528145, 0.0 ], [ 109.742861534153533, -7.791957470785931, 0.0 ], [ 109.742804482159556, -7.791911379692727, 0.0 ], [ 109.742664224196389, -7.791798067922919, 0.0 ], [ 109.742666186515891, -7.791770270066275, 0.0 ], [ 109.742666778978446, -7.791769431558689, 0.0 ], [ 109.742674057111032, -7.791742237857832, 0.0 ], [ 109.742778177093115, -7.791737298539486, 0.0 ], [ 109.742813220188324, -7.791735636137262, 0.0 ], [ 109.742890211436389, -7.791731983748467, 0.0 ], [ 109.742918220022517, -7.791730655041181, 0.0 ], [ 109.742974237194971, -7.791727997662989, 0.0 ], [ 109.74301311544977, -7.791726153307417, 0.0 ], [ 109.743030254368023, -7.791725340254619, 0.0 ], [ 109.74305412316528, -7.7917112693345, 0.0 ], [ 109.743074019756151, -7.791687565341213, 0.0 ], [ 109.743078966973471, -7.791680168548019, 0.0 ], [ 109.743086447456861, -7.791663701374909, 0.0 ], [ 109.743095688329859, -7.791640918728912, 0.0 ], [ 109.743099308128691, -7.79163178110711, 0.0 ], [ 109.743110547525689, -7.791603884821728, 0.0 ], [ 109.74312178692719, -7.791575988535776, 0.0 ], [ 109.743127794365435, -7.791561078041619, 0.0 ], [ 109.74314287438601, -7.791523649319894, 0.0 ], [ 109.743144110456825, -7.791521421636402, 0.0 ], [ 109.74314441725852, -7.791520196411766, 0.0 ], [ 109.743145393134313, -7.791517704982851, 0.0 ], [ 109.743160563417192, -7.791481902553563, 0.0 ], [ 109.74316674455325, -7.791464403386463, 0.0 ], [ 109.743176019379803, -7.791441383205035, 0.0 ], [ 109.74319930127119, -7.791383597324987, 0.0 ], [ 109.743211217185561, -7.791364644433712, 0.0 ], [ 109.743214482877747, -7.791352826476136, 0.0 ], [ 109.743223624428836, -7.791328758647054, 0.0 ], [ 109.743225985561665, -7.791323435260872, 0.0 ], [ 109.743234180905873, -7.791297025645227, 0.0 ], [ 109.743240319321231, -7.791281790048295, 0.0 ], [ 109.7432557281128, -7.791243545241156, 0.0 ], [ 109.743257271147201, -7.791242771477105, 0.0 ], [ 109.743261689134457, -7.791235327351608, 0.0 ], [ 109.743280224643726, -7.791209774219369, 0.0 ], [ 109.743287719688226, -7.791185465924542, 0.0 ], [ 109.743294186912962, -7.791167756310901, 0.0 ], [ 109.743297832379042, -7.791143800986353, 0.0 ], [ 109.7433016172116, -7.79112964788349, 0.0 ], [ 109.743304619208971, -7.791122196876066, 0.0 ], [ 109.743312154910498, -7.791103493178611, 0.0 ], [ 109.743335201179804, -7.791096853067449, 0.0 ], [ 109.743352759051419, -7.791073940299984, 0.0 ], [ 109.743359473095879, -7.791065178551367, 0.0 ], [ 109.74336378095586, -7.791022725294686, 0.0 ], [ 109.743366171247388, -7.791015872760982, 0.0 ], [ 109.743368544881946, -7.790975777602422, 0.0 ], [ 109.743479531386484, -7.791321857900104, 0.0 ], [ 109.743487235366018, -7.791345880632269, 0.0 ], [ 109.743489724678128, -7.791353642801153, 0.0 ], [ 109.74353455193588, -7.79149342389535, 0.0 ] ] ] ] } },
{ "type": "Feature", "properties": { "Join_Count": 1, "TARGET_FID": 11, "JOIN_FID": 19, "Id": 19, "Contour": 400.0, "Shape_Leng": 8.628610262, "Skor": 3.0, "Shape_Le_1": 8.6286102622600005, "Shape_Area": 1.4209560350299999 }, "geometry": { "type": "Polygon", "coordinates": [ [ [ 109.740009949833691, -7.790730072363663, 0.0 ], [ 109.740008729953743, -7.790730844906423, 0.0 ], [ 109.740006536898449, -7.790728847905426, 0.0 ], [ 109.740004166404731, -7.790724269913663, 0.0 ], [ 109.74000884265314, -7.790693146206951, 0.0 ], [ 109.740010099835303, -7.790727502249715, 0.0 ], [ 109.740010283669989, -7.790728859046483, 0.0 ], [ 109.740009949833691, -7.790730072363663, 0.0 ] ] ] } },
{ "type": "Feature", "properties": { "Join_Count": 1, "TARGET_FID": 12, "JOIN_FID": 1, "Id": 1, "Contour": 720.0, "Shape_Leng": 25.058890423299999, "Skor": 4.0, "Shape_Le_1": 25.058890421699999, "Shape_Area": 36.912870004600002 }, "geometry": { "type": "Polygon", "coordinates": [ [ [ 109.742541454924435, -7.790692688660193, 0.0 ], [ 109.742529221775939, -7.790702921644129, 0.0 ], [ 109.742515550787957, -7.790694102470376, 0.0 ], [ 109.742501846914806, -7.790680401151515, 0.0 ], [ 109.742504042438, -7.790655153561338, 0.0 ], [ 109.74250803925986, -7.790645855925934, 0.0 ], [ 109.74251153566324, -7.790624570658971, 0.0 ], [ 109.742520348470563, -7.790615487084087, 0.0 ], [ 109.742529509984379, -7.790606319972151, 0.0 ], [ 109.742537427691857, -7.790616720024007, 0.0 ], [ 109.742539105086379, -7.790624652472008, 0.0 ], [ 109.742540366828692, -7.790635571051192, 0.0 ], [ 109.742547644805313, -7.790662284235514, 0.0 ], [ 109.742549101748224, -7.790680541382525, 0.0 ], [ 109.742541454924435, -7.790692688660193, 0.0 ] ] ] } },
{ "type": "Feature", "properties": { "Join_Count": 1, "TARGET_FID": 13, "JOIN_FID": 1, "Id": 1, "Contour": 720.0, "Shape_Leng": 25.058890423299999, "Skor": 4.0, "Shape_Le_1": 165.13434221099999, "Shape_Area": 980.15436340999997 }, "geometry": { "type": "Polygon", "coordinates": [ [ [ 109.742644249383218, -7.790347612480964, 0.0 ], [ 109.742643069810043, -7.790400598513425, 0.0 ], [ 109.742643028252857, -7.790401523859083, 0.0 ], [ 109.742642098308849, -7.790415197623529, 0.0 ], [ 109.742635060609132, -7.790450445458586, 0.0 ], [ 109.742637083832562, -7.790457365469003, 0.0 ], [ 109.742638129024414, -7.790461190400847, 0.0 ], [ 109.742634288156324, -7.790505696410125, 0.0 ], [ 109.74263543199207, -7.790513219815431, 0.0 ], [ 109.742627835837808, -7.790624915770839, 0.0 ], [ 109.742624037643651, -7.790680763747631, 0.0 ], [ 109.74261585555044, -7.790706046682435, 0.0 ], [ 109.742614632167971, -7.790710079762314, 0.0 ], [ 109.742605540031448, -7.790736568105682, 0.0 ], [ 109.742599457015743, -7.790750880828699, 0.0 ], [ 109.742584993400854, -7.790782521536872, 0.0 ], [ 109.742578829934502, -7.790786212098413, 0.0 ], [ 109.74253195474212, -7.790789226533584, 0.0 ], [ 109.742528961629944, -7.790790116283376, 0.0 ], [ 109.742526141173627, -7.79078937662402, 0.0 ], [ 109.742479003855181, -7.790786028868065, 0.0 ], [ 109.742472972694983, -7.79078335390856, 0.0 ], [ 109.742454963999677, -7.790754168616727, 0.0 ], [ 109.742443807469641, -7.790736088152794, 0.0 ], [ 109.742432387959042, -7.790720857134868, 0.0 ], [ 109.742417201083782, -7.790703757268722, 0.0 ], [ 109.742406084816309, -7.790691240728134, 0.0 ], [ 109.742394366799502, -7.790680082179433, 0.0 ], [ 109.742379439669207, -7.790661963389064, 0.0 ], [ 109.742361356774921, -7.790648530871805, 0.0 ], [ 109.742347325523866, -7.790638108054617, 0.0 ], [ 109.742315058874695, -7.790623987556629, 0.0 ], [ 109.742361582875517, -7.790572756188571, 0.0 ], [ 109.742417776586379, -7.790510876357646, 0.0 ], [ 109.742466829406467, -7.790456860255492, 0.0 ], [ 109.742470212489749, -7.790453134872588, 0.0 ], [ 109.742473970279505, -7.790448996846786, 0.0 ], [ 109.742498731372322, -7.790425721282586, 0.0 ], [ 109.742528002032742, -7.790399061942734, 0.0 ], [ 109.742530133933158, -7.790397180662396, 0.0 ], [ 109.742535428737739, -7.790395927664176, 0.0 ], [ 109.742571608614469, -7.790386785505804, 0.0 ], [ 109.742586183862272, -7.790383481257548, 0.0 ], [ 109.742610080593735, -7.790377610749843, 0.0 ], [ 109.742629820978337, -7.790389162721011, 0.0 ], [ 109.742624530881358, -7.790363284613575, 0.0 ], [ 109.742635422700189, -7.790345642043991, 0.0 ], [ 109.742639347128119, -7.790342694157954, 0.0 ], [ 109.742642320337097, -7.790340768866102, 0.0 ], [ 109.74264404511689, -7.790343938034081, 0.0 ], [ 109.742644340623684, -7.790345668504846, 0.0 ], [ 109.742644249383218, -7.790347612480964, 0.0 ] ], [ [ 109.742541454924435, -7.790692688660193, 0.0 ], [ 109.742549101748224, -7.790680541382525, 0.0 ], [ 109.742547644805313, -7.790662284235514, 0.0 ], [ 109.742540366828692, -7.790635571051192, 0.0 ], [ 109.742539105086379, -7.790624652472008, 0.0 ], [ 109.742537427691857, -7.790616720024007, 0.0 ], [ 109.742529509984379, -7.790606319972151, 0.0 ], [ 109.742520348470563, -7.790615487084087, 0.0 ], [ 109.74251153566324, -7.790624570658971, 0.0 ], [ 109.74250803925986, -7.790645855925934, 0.0 ], [ 109.742504042438, -7.790655153561338, 0.0 ], [ 109.742501846914806, -7.790680401151515, 0.0 ], [ 109.742515550787957, -7.790694102470376, 0.0 ], [ 109.742529221775939, -7.790702921644129, 0.0 ], [ 109.742541454924435, -7.790692688660193, 0.0 ] ] ] } },
{ "type": "Feature", "properties": { "Join_Count": 1, "TARGET_FID": 14, "JOIN_FID": 2, "Id": 2, "Contour": 680.0, "Shape_Leng": 140.07545178800001, "Skor": 4.0, "Shape_Le_1": 370.74553886299998, "Shape_Area": 2141.9157181300002 }, "geometry": { "type": "Polygon", "coordinates": [ [ [ 109.742727535384674, -7.790234196846959, 0.0 ], [ 109.742716141210067, -7.790401740791162, 0.0 ], [ 109.742712343034228, -7.790457588771591, 0.0 ], [ 109.742700948833317, -7.79062513271172, 0.0 ], [ 109.742697150648723, -7.790680980690712, 0.0 ], [ 109.742697091855831, -7.790681201940771, 0.0 ], [ 109.742686206324322, -7.79072586250293, 0.0 ], [ 109.742683124437846, -7.790736798321027, 0.0 ], [ 109.742660645653842, -7.790792590869094, 0.0 ], [ 109.742640825718325, -7.79084178385389, 0.0 ], [ 109.7426384350821, -7.790846012552691, 0.0 ], [ 109.742635154240432, -7.790848374475345, 0.0 ], [ 109.74260530400079, -7.790868798861423, 0.0 ], [ 109.742584718533564, -7.790874653503269, 0.0 ], [ 109.742472684429359, -7.790879968181484, 0.0 ], [ 109.742450356373368, -7.79087012367425, 0.0 ], [ 109.742422848099253, -7.790847744435119, 0.0 ], [ 109.742419603527154, -7.79084491872184, 0.0 ], [ 109.742416791290495, -7.790841097353884, 0.0 ], [ 109.742386358225218, -7.790791776895177, 0.0 ], [ 109.742376677762635, -7.79077608856993, 0.0 ], [ 109.742361051720664, -7.790750764642144, 0.0 ], [ 109.742351827186866, -7.790735815167224, 0.0 ], [ 109.742328003003138, -7.79071295801724, 0.0 ], [ 109.742297440496529, -7.790687564373057, 0.0 ], [ 109.742286577557365, -7.790679762262569, 0.0 ], [ 109.742263782743933, -7.790665239376401, 0.0 ], [ 109.742249312835582, -7.790657163825224, 0.0 ], [ 109.742228489415055, -7.790644535897971, 0.0 ], [ 109.742194012875373, -7.790623628271878, 0.0 ], [ 109.742194008370518, -7.790623027121701, 0.0 ], [ 109.74218119488161, -7.790580037006724, 0.0 ], [ 109.742171062997969, -7.790567700910977, 0.0 ], [ 109.742193644936151, -7.790542833983152, 0.0 ], [ 109.742418419740616, -7.790295316024475, 0.0 ], [ 109.74247461340083, -7.790233436178004, 0.0 ], [ 109.742474672082025, -7.790233388170752, 0.0 ], [ 109.742505322907903, -7.790208230641794, 0.0 ], [ 109.742530757864657, -7.790188041353713, 0.0 ], [ 109.742539226949887, -7.790186219879518, 0.0 ], [ 109.742577940628991, -7.790177893739705, 0.0 ], [ 109.7425868028552, -7.79017598773568, 0.0 ], [ 109.742589730147643, -7.790175012162169, 0.0 ], [ 109.742626137959789, -7.790161363907118, 0.0 ], [ 109.742642870154484, -7.790156454806698, 0.0 ], [ 109.742686228343231, -7.790122355791559, 0.0 ], [ 109.742693238353908, -7.79011663237495, 0.0 ], [ 109.742699010884337, -7.790112303019344, 0.0 ], [ 109.742705769077546, -7.790115663650851, 0.0 ], [ 109.742708376513335, -7.790122421503755, 0.0 ], [ 109.742714293193345, -7.790137756219792, 0.0 ], [ 109.742723758989399, -7.790153521849516, 0.0 ], [ 109.742728325169566, -7.790178339939756, 0.0 ], [ 109.742728002119136, -7.790205008737193, 0.0 ], [ 109.74272783258607, -7.790207365902419, 0.0 ], [ 109.742727535384674, -7.790234196846959, 0.0 ] ], [ [ 109.742644249383218, -7.790347612480964, 0.0 ], [ 109.742644340623684, -7.790345668504846, 0.0 ], [ 109.74264404511689, -7.790343938034081, 0.0 ], [ 109.742642320337097, -7.790340768866102, 0.0 ], [ 109.742639347128119, -7.790342694157954, 0.0 ], [ 109.742635422700189, -7.790345642043991, 0.0 ], [ 109.742624530881358, -7.790363284613575, 0.0 ], [ 109.742629820978337, -7.790389162721011, 0.0 ], [ 109.742610080593735, -7.790377610749843, 0.0 ], [ 109.742586183862272, -7.790383481257548, 0.0 ], [ 109.742571608614469, -7.790386785505804, 0.0 ], [ 109.742535428737739, -7.790395927664176, 0.0 ], [ 109.742530133933158, -7.790397180662396, 0.0 ], [ 109.742528002032742, -7.790399061942734, 0.0 ], [ 109.742498731372322, -7.790425721282586, 0.0 ], [ 109.742473970279505, -7.790448996846786, 0.0 ], [ 109.742470212489749, -7.790453134872588, 0.0 ], [ 109.742466829406467, -7.790456860255492, 0.0 ], [ 109.742417776586379, -7.790510876357646, 0.0 ], [ 109.742361582875517, -7.790572756188571, 0.0 ], [ 109.742315058874695, -7.790623987556629, 0.0 ], [ 109.742347325523866, -7.790638108054617, 0.0 ], [ 109.742361356774921, -7.790648530871805, 0.0 ], [ 109.742379439669207, -7.790661963389064, 0.0 ], [ 109.742394366799502, -7.790680082179433, 0.0 ], [ 109.742406084816309, -7.790691240728134, 0.0 ], [ 109.742417201083782, -7.790703757268722, 0.0 ], [ 109.742432387959042, -7.790720857134868, 0.0 ], [ 109.742443807469641, -7.790736088152794, 0.0 ], [ 109.742454963999677, -7.790754168616727, 0.0 ], [ 109.742472972694983, -7.79078335390856, 0.0 ], [ 109.742479003855181, -7.790786028868065, 0.0 ], [ 109.742526141173627, -7.79078937662402, 0.0 ], [ 109.742528961629944, -7.790790116283376, 0.0 ], [ 109.74253195474212, -7.790789226533584, 0.0 ], [ 109.742578829934502, -7.790786212098413, 0.0 ], [ 109.742584993400854, -7.790782521536872, 0.0 ], [ 109.742599457015743, -7.790750880828699, 0.0 ], [ 109.742605540031448, -7.790736568105682, 0.0 ], [ 109.742614632167971, -7.790710079762314, 0.0 ], [ 109.74261585555044, -7.790706046682435, 0.0 ], [ 109.742624037643651, -7.790680763747631, 0.0 ], [ 109.742627835837808, -7.790624915770839, 0.0 ], [ 109.74263543199207, -7.790513219815431, 0.0 ], [ 109.742634288156324, -7.790505696410125, 0.0 ], [ 109.742638129024414, -7.790461190400847, 0.0 ], [ 109.742637083832562, -7.790457365469003, 0.0 ], [ 109.742635060609132, -7.790450445458586, 0.0 ], [ 109.742642098308849, -7.790415197623529, 0.0 ], [ 109.742643028252857, -7.790401523859083, 0.0 ], [ 109.742643069810043, -7.790400598513425, 0.0 ], [ 109.742644249383218, -7.790347612480964, 0.0 ] ] ] } },
{ "type": "Feature", "properties": { "Join_Count": 1, "TARGET_FID": 15, "JOIN_FID": 13, "Id": 13, "Contour": 440.0, "Shape_Leng": 109.217842279, "Skor": 3.0, "Shape_Le_1": 109.217842281, "Shape_Area": 600.67000984699996 }, "geometry": { "type": "Polygon", "coordinates": [ [ [ 109.739792582309377, -7.790225478955406, 0.0 ], [ 109.739803387604084, -7.790281370278012, 0.0 ], [ 109.739801761560543, -7.790297094181931, 0.0 ], [ 109.739785907213459, -7.790324997554659, 0.0 ], [ 109.73976580060841, -7.790301381748399, 0.0 ], [ 109.739734389646614, -7.790281165084473, 0.0 ], [ 109.739732634799523, -7.790278569055912, 0.0 ], [ 109.739730036019353, -7.790278910772826, 0.0 ], [ 109.739711240873064, -7.79026230183401, 0.0 ], [ 109.739701542216878, -7.79025370098025, 0.0 ], [ 109.739674171053835, -7.790230745131426, 0.0 ], [ 109.739670986414282, -7.790228300741751, 0.0 ], [ 109.739666707749592, -7.790225104607079, 0.0 ], [ 109.739639895877374, -7.790203430644731, 0.0 ], [ 109.739618285859649, -7.790189348844238, 0.0 ], [ 109.739590755083711, -7.790169019522079, 0.0 ], [ 109.739594259335064, -7.790144935222663, 0.0 ], [ 109.739599073248314, -7.790132515797824, 0.0 ], [ 109.7396033582489, -7.790113197821599, 0.0 ], [ 109.739609406729159, -7.79010410621657, 0.0 ], [ 109.739631759970138, -7.790070506780044, 0.0 ], [ 109.739654113120338, -7.790036907257346, 0.0 ], [ 109.739676466356784, -7.79000330781724, 0.0 ], [ 109.739682743712052, -7.789993872180186, 0.0 ], [ 109.739698819486918, -7.789969708277932, 0.0 ], [ 109.739714624722993, -7.789945951174806, 0.0 ], [ 109.739731105602658, -7.789921178601901, 0.0 ], [ 109.739750475378059, -7.789926723269151, 0.0 ], [ 109.739780389080082, -7.789939493877703, 0.0 ], [ 109.739787052690431, -7.789941866689406, 0.0 ], [ 109.739787800130117, -7.789945412768277, 0.0 ], [ 109.739787863753264, -7.789946168974817, 0.0 ], [ 109.739787870084243, -7.789946999504479, 0.0 ], [ 109.739789672973217, -7.789999249171171, 0.0 ], [ 109.739789692633437, -7.790002033603427, 0.0 ], [ 109.739788609081884, -7.79005788957102, 0.0 ], [ 109.739787506652078, -7.790114713616628, 0.0 ], [ 109.739786441877712, -7.790169601505426, 0.0 ], [ 109.739786449996615, -7.790169679731108, 0.0 ], [ 109.739791994146643, -7.790219720471345, 0.0 ], [ 109.739792582309377, -7.790225478955406, 0.0 ] ] ] } },
{ "type": "Feature", "properties": { "Join_Count": 1, "TARGET_FID": 16, "JOIN_FID": 4, "Id": 4, "Contour": 640.0, "Shape_Leng": 230.67008707299999, "Skor": 4.0, "Shape_Le_1": 573.15244566399997, "Shape_Area": 3368.2505346299999 }, "geometry": { "type": "Polygon", "coordinates": [ [ [ 109.742815840592385, -7.790011021821077, 0.0 ], [ 109.742804446472746, -7.790178565775936, 0.0 ], [ 109.742800648315253, -7.790234413759834, 0.0 ], [ 109.742789254169352, -7.790401957710637, 0.0 ], [ 109.742785456003091, -7.790457805693264, 0.0 ], [ 109.742774061830914, -7.790625349639994, 0.0 ], [ 109.742770263655913, -7.790681197621186, 0.0 ], [ 109.742768054054764, -7.79069592653699, 0.0 ], [ 109.742762126494753, -7.790728113206235, 0.0 ], [ 109.742760708834169, -7.790737028522138, 0.0 ], [ 109.742758541247724, -7.790742408488355, 0.0 ], [ 109.742742466215702, -7.790782306718215, 0.0 ], [ 109.742724886667247, -7.790825939306002, 0.0 ], [ 109.742715751172398, -7.790848613627146, 0.0 ], [ 109.742696673208457, -7.790895965301232, 0.0 ], [ 109.742694182222152, -7.790901942338479, 0.0 ], [ 109.742693030323522, -7.790904405458197, 0.0 ], [ 109.742684981451106, -7.790915982488327, 0.0 ], [ 109.742672918609969, -7.790936634999871, 0.0 ], [ 109.742644593199529, -7.790956023680095, 0.0 ], [ 109.742640475457989, -7.790959190715815, 0.0 ], [ 109.742472424265912, -7.790967162743566, 0.0 ], [ 109.742464446992628, -7.790967541178125, 0.0 ], [ 109.742426312121481, -7.790969350215336, 0.0 ], [ 109.742416407202754, -7.790969820093736, 0.0 ], [ 109.742409986033636, -7.790965840575393, 0.0 ], [ 109.742403794551109, -7.790959406370572, 0.0 ], [ 109.742384684988224, -7.790935230668202, 0.0 ], [ 109.742369644708873, -7.790912497075485, 0.0 ], [ 109.742363440001185, -7.790903427357711, 0.0 ], [ 109.742341035407023, -7.790867118108486, 0.0 ], [ 109.742319713466401, -7.790832563301738, 0.0 ], [ 109.742298391488362, -7.790798008539677, 0.0 ], [ 109.742277000534912, -7.790763341882036, 0.0 ], [ 109.742259846764043, -7.790735542161278, 0.0 ], [ 109.742254005056907, -7.790730626518351, 0.0 ], [ 109.742222531391818, -7.790707501780918, 0.0 ], [ 109.742221740272413, -7.790706920521231, 0.0 ], [ 109.742218545894673, -7.790704876949139, 0.0 ], [ 109.742193211151999, -7.790688191597527, 0.0 ], [ 109.742187779589727, -7.790684895848766, 0.0 ], [ 109.74217878815152, -7.790679442317806, 0.0 ], [ 109.742137303253386, -7.790654284578475, 0.0 ], [ 109.742118069005087, -7.790642620346941, 0.0 ], [ 109.742086223506419, -7.790623308305917, 0.0 ], [ 109.742083936499796, -7.790620766023764, 0.0 ], [ 109.742081399451024, -7.790619008308854, 0.0 ], [ 109.742067553899346, -7.790609415820987, 0.0 ], [ 109.742051362023645, -7.790597367061929, 0.0 ], [ 109.742025493315921, -7.790584516992548, 0.0 ], [ 109.742014767966836, -7.790577953138871, 0.0 ], [ 109.7419958712496, -7.790567180845512, 0.0 ], [ 109.742003577979162, -7.79054523007216, 0.0 ], [ 109.742025707029981, -7.790512912045263, 0.0 ], [ 109.742194288207685, -7.790327273665685, 0.0 ], [ 109.74222942818389, -7.790288577957112, 0.0 ], [ 109.742239402639129, -7.790277594241129, 0.0 ], [ 109.742266025157946, -7.790248278089246, 0.0 ], [ 109.742280018465863, -7.790232868870136, 0.0 ], [ 109.742306675576629, -7.790203514367568, 0.0 ], [ 109.742475256502829, -7.790017875837244, 0.0 ], [ 109.742479816028833, -7.790014562307464, 0.0 ], [ 109.742486264367116, -7.790010043967325, 0.0 ], [ 109.742512695514904, -7.789991523651519, 0.0 ], [ 109.742531381778889, -7.789978902042987, 0.0 ], [ 109.742551619614147, -7.78997454942127, 0.0 ], [ 109.742571548615814, -7.789970263293268, 0.0 ], [ 109.742597604720203, -7.789964659349085, 0.0 ], [ 109.742643471701271, -7.789954794472328, 0.0 ], [ 109.742643560829606, -7.789954740178894, 0.0 ], [ 109.742680635570309, -7.789935910523978, 0.0 ], [ 109.742699560660782, -7.789927988902132, 0.0 ], [ 109.742715829736284, -7.789915194126865, 0.0 ], [ 109.742747134012333, -7.789890575094859, 0.0 ], [ 109.742755701350958, -7.789883837330849, 0.0 ], [ 109.742782409595193, -7.789869940385649, 0.0 ], [ 109.742807095830287, -7.789843418120276, 0.0 ], [ 109.742811842030548, -7.7898396854879, 0.0 ], [ 109.742813456602704, -7.789841820384678, 0.0 ], [ 109.742813808510022, -7.789843438033877, 0.0 ], [ 109.742813971884843, -7.789845580212675, 0.0 ], [ 109.742822809651244, -7.789888241262958, 0.0 ], [ 109.742823436772383, -7.789899325849823, 0.0 ], [ 109.742819638741125, -7.789955173835783, 0.0 ], [ 109.742815840592385, -7.790011021821077, 0.0 ] ], [ [ 109.742727535384674, -7.790234196846959, 0.0 ], [ 109.74272783258607, -7.790207365902419, 0.0 ], [ 109.742728002119136, -7.790205008737193, 0.0 ], [ 109.742728325169566, -7.790178339939756, 0.0 ], [ 109.742723758989399, -7.790153521849516, 0.0 ], [ 109.742714293193345, -7.790137756219792, 0.0 ], [ 109.742708376513335, -7.790122421503755, 0.0 ], [ 109.742705769077546, -7.790115663650851, 0.0 ], [ 109.742699010884337, -7.790112303019344, 0.0 ], [ 109.742693238353908, -7.79011663237495, 0.0 ], [ 109.742686228343231, -7.790122355791559, 0.0 ], [ 109.742642870154484, -7.790156454806698, 0.0 ], [ 109.742626137959789, -7.790161363907118, 0.0 ], [ 109.742589730147643, -7.790175012162169, 0.0 ], [ 109.7425868028552, -7.79017598773568, 0.0 ], [ 109.742577940628991, -7.790177893739705, 0.0 ], [ 109.742539226949887, -7.790186219879518, 0.0 ], [ 109.742530757864657, -7.790188041353713, 0.0 ], [ 109.742505322907903, -7.790208230641794, 0.0 ], [ 109.742474672082025, -7.790233388170752, 0.0 ], [ 109.74247461340083, -7.790233436178004, 0.0 ], [ 109.742418419740616, -7.790295316024475, 0.0 ], [ 109.742193644936151, -7.790542833983152, 0.0 ], [ 109.742171062997969, -7.790567700910977, 0.0 ], [ 109.74218119488161, -7.790580037006724, 0.0 ], [ 109.742194008370518, -7.790623027121701, 0.0 ], [ 109.742194012875373, -7.790623628271878, 0.0 ], [ 109.742228489415055, -7.790644535897971, 0.0 ], [ 109.742249312835582, -7.790657163825224, 0.0 ], [ 109.742263782743933, -7.790665239376401, 0.0 ], [ 109.742286577557365, -7.790679762262569, 0.0 ], [ 109.742297440496529, -7.790687564373057, 0.0 ], [ 109.742328003003138, -7.79071295801724, 0.0 ], [ 109.742351827186866, -7.790735815167224, 0.0 ], [ 109.742361051720664, -7.790750764642144, 0.0 ], [ 109.742376677762635, -7.79077608856993, 0.0 ], [ 109.742386358225218, -7.790791776895177, 0.0 ], [ 109.742416791290495, -7.790841097353884, 0.0 ], [ 109.742419603527154, -7.79084491872184, 0.0 ], [ 109.742422848099253, -7.790847744435119, 0.0 ], [ 109.742450356373368, -7.79087012367425, 0.0 ], [ 109.742472684429359, -7.790879968181484, 0.0 ], [ 109.742584718533564, -7.790874653503269, 0.0 ], [ 109.74260530400079, -7.790868798861423, 0.0 ], [ 109.742635154240432, -7.790848374475345, 0.0 ], [ 109.7426384350821, -7.790846012552691, 0.0 ], [ 109.742640825718325, -7.79084178385389, 0.0 ], [ 109.742660645653842, -7.790792590869094, 0.0 ], [ 109.742683124437846, -7.790736798321027, 0.0 ], [ 109.742686206324322, -7.79072586250293, 0.0 ], [ 109.742697091855831, -7.790681201940771, 0.0 ], [ 109.742697150648723, -7.790680980690712, 0.0 ], [ 109.742700948833317, -7.79062513271172, 0.0 ], [ 109.742712343034228, -7.790457588771591, 0.0 ], [ 109.742716141210067, -7.790401740791162, 0.0 ], [ 109.742727535384674, -7.790234196846959, 0.0 ] ] ] } },
{ "type": "Feature", "properties": { "Join_Count": 1, "TARGET_FID": 17, "JOIN_FID": 53, "Id": 53, "Contour": 280.0, "Shape_Leng": 419.76244365600002, "Skor": 2.0, "Shape_Le_1": 419.76244364799999, "Shape_Area": 4739.7508990400001 }, "geometry": { "type": "Polygon", "coordinates": [ [ [ 109.744282165700724, -7.790931950718167, 0.0 ], [ 109.744285810585282, -7.790944019701938, 0.0 ], [ 109.744292148874166, -7.790965006684597, 0.0 ], [ 109.744320453532055, -7.791058728932468, 0.0 ], [ 109.744324643213872, -7.79107260185232, 0.0 ], [ 109.744325918747748, -7.791076825322814, 0.0 ], [ 109.744359688634972, -7.791188643960604, 0.0 ], [ 109.744363475860482, -7.791201183998961, 0.0 ], [ 109.744376573582088, -7.79124455327936, 0.0 ], [ 109.744376687241356, -7.791245331992881, 0.0 ], [ 109.744376053195239, -7.791300102247637, 0.0 ], [ 109.74437611911587, -7.791300411214517, 0.0 ], [ 109.744375931650993, -7.791300599689522, 0.0 ], [ 109.744375741572767, -7.791300781339922, 0.0 ], [ 109.744263411535556, -7.791405359032099, 0.0 ], [ 109.744260073845282, -7.791408466348243, 0.0 ], [ 109.744256519590365, -7.791411775333855, 0.0 ], [ 109.744207246496245, -7.791457647861879, 0.0 ], [ 109.744196709667165, -7.791467457346755, 0.0 ], [ 109.744173178490968, -7.791489364344963, 0.0 ], [ 109.744144213507425, -7.79151633048373, 0.0 ], [ 109.744115248318238, -7.791543296415282, 0.0 ], [ 109.744094916376994, -7.791562225262093, 0.0 ], [ 109.744075950103166, -7.791541934483082, 0.0 ], [ 109.74406631517121, -7.791522930126106, 0.0 ], [ 109.744057159060873, -7.791504870397882, 0.0 ], [ 109.744051102795737, -7.791478941232371, 0.0 ], [ 109.744046918588708, -7.79146701335523, 0.0 ], [ 109.744045588149547, -7.791460648191722, 0.0 ], [ 109.744039305856788, -7.791428434026529, 0.0 ], [ 109.744025195205793, -7.791355230412518, 0.0 ], [ 109.744021765302762, -7.791337456243992, 0.0 ], [ 109.744018484204673, -7.791320438139925, 0.0 ], [ 109.744014410955813, -7.791299339170705, 0.0 ], [ 109.744007914117404, -7.791275223714128, 0.0 ], [ 109.744004449193483, -7.791264057731223, 0.0 ], [ 109.743998520039014, -7.791243432791453, 0.0 ], [ 109.743980589283211, -7.791187520365376, 0.0 ], [ 109.743962658113432, -7.791131607937904, 0.0 ], [ 109.74395903611358, -7.79110644457482, 0.0 ], [ 109.743958633841345, -7.791101305826886, 0.0 ], [ 109.743954326759948, -7.791075723967397, 0.0 ], [ 109.743953500946802, -7.791050700907725, 0.0 ], [ 109.7439533018009, -7.791044665716297, 0.0 ], [ 109.743951721210976, -7.790996771622585, 0.0 ], [ 109.743951389490022, -7.790986721357152, 0.0 ], [ 109.743949941393183, -7.790942842418025, 0.0 ], [ 109.743949477271599, -7.790928777088885, 0.0 ], [ 109.743948161690412, -7.790888913100408, 0.0 ], [ 109.743947564921939, -7.790870832690627, 0.0 ], [ 109.743946381836963, -7.790834983928054, 0.0 ], [ 109.743946256235972, -7.790831177561829, 0.0 ], [ 109.744282165700724, -7.790931950718167, 0.0 ] ] ] } },
{ "type": "Feature", "properties": { "Join_Count": 1, "TARGET_FID": 18, "JOIN_FID": 6, "Id": 6, "Contour": 600.0, "Shape_Leng": 342.482358589, "Skor": 3.0, "Shape_Le_1": 784.32665875400005, "Shape_Area": 4510.4353695700001 }, "geometry": { "type": "Polygon", "coordinates": [ [ [ 109.742904145690531, -7.789787846759524, 0.0 ], [ 109.742892751622776, -7.789955390725043, 0.0 ], [ 109.742888953486727, -7.790011238712546, 0.0 ], [ 109.742877559392696, -7.790178782673997, 0.0 ], [ 109.742873761247907, -7.7902346306601, 0.0 ], [ 109.742862367130726, -7.790402174617504, 0.0 ], [ 109.742858568974086, -7.790458022602332, 0.0 ], [ 109.742847174830629, -7.790625566555661, 0.0 ], [ 109.74284337666522, -7.790681414539055, 0.0 ], [ 109.742841098023433, -7.790705513753784, 0.0 ], [ 109.742840597855903, -7.79071268206815, 0.0 ], [ 109.742838148319493, -7.790737258279116, 0.0 ], [ 109.742829896100488, -7.790757971171422, 0.0 ], [ 109.742820314218875, -7.790781812561835, 0.0 ], [ 109.742815814377678, -7.790793051268353, 0.0 ], [ 109.742770856823995, -7.790904636380655, 0.0 ], [ 109.742765633193684, -7.790917601447684, 0.0 ], [ 109.742752520712941, -7.790950146778927, 0.0 ], [ 109.742748378038328, -7.790960428933389, 0.0 ], [ 109.742745081853755, -7.790967785627409, 0.0 ], [ 109.742732857912458, -7.790996770662896, 0.0 ], [ 109.74272329104636, -7.791016213744751, 0.0 ], [ 109.74271207715195, -7.791031947764004, 0.0 ], [ 109.742696232403247, -7.791043727927548, 0.0 ], [ 109.742528181174691, -7.791051699968926, 0.0 ], [ 109.742509286324008, -7.791052596323466, 0.0 ], [ 109.74249008848885, -7.791053507076308, 0.0 ], [ 109.742455964646823, -7.791055125882443, 0.0 ], [ 109.742431089062748, -7.791056305926281, 0.0 ], [ 109.742416147024315, -7.791057014760524, 0.0 ], [ 109.742398289996103, -7.791053288189877, 0.0 ], [ 109.742378031887682, -7.791053213584578, 0.0 ], [ 109.742360168011771, -7.791046916928585, 0.0 ], [ 109.742340521763595, -7.791015077816485, 0.0 ], [ 109.742326715033556, -7.790992702388, 0.0 ], [ 109.742305393098917, -7.790958147573444, 0.0 ], [ 109.742271459544497, -7.790903154348457, 0.0 ], [ 109.742248688879783, -7.790866251713154, 0.0 ], [ 109.742241427192383, -7.790854483249068, 0.0 ], [ 109.742236928516164, -7.790847192612351, 0.0 ], [ 109.742202397499383, -7.790791230874845, 0.0 ], [ 109.742192949346887, -7.790775919049387, 0.0 ], [ 109.742176723356764, -7.790751550528102, 0.0 ], [ 109.742163549821313, -7.790735256322128, 0.0 ], [ 109.742147069894216, -7.790725255655464, 0.0 ], [ 109.742137109477611, -7.790719213794203, 0.0 ], [ 109.742109155523849, -7.790702261692106, 0.0 ], [ 109.742077359721293, -7.790682979736594, 0.0 ], [ 109.742070998918507, -7.790679122346142, 0.0 ], [ 109.742024716590834, -7.790651055331618, 0.0 ], [ 109.742007648581961, -7.790640704783454, 0.0 ], [ 109.741978434276049, -7.790622988312954, 0.0 ], [ 109.741972848053663, -7.790619512742195, 0.0 ], [ 109.741969385792004, -7.790617501032818, 0.0 ], [ 109.741913477916299, -7.790583596770261, 0.0 ], [ 109.74190308191703, -7.790577292321831, 0.0 ], [ 109.741885869657182, -7.790566854263271, 0.0 ], [ 109.741876074523333, -7.790548374134655, 0.0 ], [ 109.741857630793945, -7.790529343041495, 0.0 ], [ 109.741848547804963, -7.790519970810825, 0.0 ], [ 109.741832481289634, -7.790510836517901, 0.0 ], [ 109.741970156659377, -7.790359231186043, 0.0 ], [ 109.742026350385871, -7.790297351414383, 0.0 ], [ 109.742034842223447, -7.790288000361492, 0.0 ], [ 109.742057441630081, -7.790263114397623, 0.0 ], [ 109.742084064080984, -7.790233798177779, 0.0 ], [ 109.742251125120305, -7.790049833536415, 0.0 ], [ 109.742270421340024, -7.790028584808439, 0.0 ], [ 109.742287793457351, -7.790009454979844, 0.0 ], [ 109.742307318762002, -7.789987954040445, 0.0 ], [ 109.742363678464898, -7.789925891323893, 0.0 ], [ 109.742475899587461, -7.789802315163965, 0.0 ], [ 109.742485716648886, -7.789796378512878, 0.0 ], [ 109.742503953370488, -7.789785791610352, 0.0 ], [ 109.742521090886299, -7.789775842800293, 0.0 ], [ 109.742532005675869, -7.789769762726888, 0.0 ], [ 109.742553812733703, -7.789765072606482, 0.0 ], [ 109.742564012230332, -7.789762878942305, 0.0 ], [ 109.742609997278223, -7.789752988825984, 0.0 ], [ 109.742625551673214, -7.789749643448229, 0.0 ], [ 109.742644095540683, -7.789745655146919, 0.0 ], [ 109.742700140469495, -7.789733601506995, 0.0 ], [ 109.742701409304544, -7.789732648687482, 0.0 ], [ 109.742735486776795, -7.789710811953796, 0.0 ], [ 109.742756251086504, -7.789699523136424, 0.0 ], [ 109.742769607749509, -7.789689018863849, 0.0 ], [ 109.742786442631385, -7.789675779092185, 0.0 ], [ 109.742812391738084, -7.789655371392715, 0.0 ], [ 109.742832216059526, -7.789639780580768, 0.0 ], [ 109.742863520307097, -7.789615161535554, 0.0 ], [ 109.742868532377912, -7.789611219798248, 0.0 ], [ 109.742877653660329, -7.789611093884469, 0.0 ], [ 109.742884373682458, -7.789620210344016, 0.0 ], [ 109.742901373075185, -7.789643271777258, 0.0 ], [ 109.742900114324243, -7.789651875485323, 0.0 ], [ 109.742905918830729, -7.789676133508591, 0.0 ], [ 109.7429080793748, -7.789692316679989, 0.0 ], [ 109.742906329206846, -7.789714136621991, 0.0 ], [ 109.742907943786705, -7.789731998770623, 0.0 ], [ 109.742906766354054, -7.789749312033053, 0.0 ], [ 109.742905410997437, -7.789769241296827, 0.0 ], [ 109.742904145690531, -7.789787846759524, 0.0 ] ], [ [ 109.742815840592385, -7.790011021821077, 0.0 ], [ 109.742819638741125, -7.789955173835783, 0.0 ], [ 109.742823436772383, -7.789899325849823, 0.0 ], [ 109.742822809651244, -7.789888241262958, 0.0 ], [ 109.742813971884843, -7.789845580212675, 0.0 ], [ 109.742813808510022, -7.789843438033877, 0.0 ], [ 109.742813456602704, -7.789841820384678, 0.0 ], [ 109.742811842030548, -7.7898396854879, 0.0 ], [ 109.742807095830287, -7.789843418120276, 0.0 ], [ 109.742782409595193, -7.789869940385649, 0.0 ], [ 109.742755701350958, -7.789883837330849, 0.0 ], [ 109.742747134012333, -7.789890575094859, 0.0 ], [ 109.742715829736284, -7.789915194126865, 0.0 ], [ 109.742699560660782, -7.789927988902132, 0.0 ], [ 109.742680635570309, -7.789935910523978, 0.0 ], [ 109.742643560829606, -7.789954740178894, 0.0 ], [ 109.742643471701271, -7.789954794472328, 0.0 ], [ 109.742597604720203, -7.789964659349085, 0.0 ], [ 109.742571548615814, -7.789970263293268, 0.0 ], [ 109.742551619614147, -7.78997454942127, 0.0 ], [ 109.742531381778889, -7.789978902042987, 0.0 ], [ 109.742512695514904, -7.789991523651519, 0.0 ], [ 109.742486264367116, -7.790010043967325, 0.0 ], [ 109.742479816028833, -7.790014562307464, 0.0 ], [ 109.742475256502829, -7.790017875837244, 0.0 ], [ 109.742306675576629, -7.790203514367568, 0.0 ], [ 109.742280018465863, -7.790232868870136, 0.0 ], [ 109.742266025157946, -7.790248278089246, 0.0 ], [ 109.742239402639129, -7.790277594241129, 0.0 ], [ 109.74222942818389, -7.790288577957112, 0.0 ], [ 109.742194288207685, -7.790327273665685, 0.0 ], [ 109.742025707029981, -7.790512912045263, 0.0 ], [ 109.742003577979162, -7.79054523007216, 0.0 ], [ 109.7419958712496, -7.790567180845512, 0.0 ], [ 109.742014767966836, -7.790577953138871, 0.0 ], [ 109.742025493315921, -7.790584516992548, 0.0 ], [ 109.742051362023645, -7.790597367061929, 0.0 ], [ 109.742067553899346, -7.790609415820987, 0.0 ], [ 109.742081399451024, -7.790619008308854, 0.0 ], [ 109.742083936499796, -7.790620766023764, 0.0 ], [ 109.742086223506419, -7.790623308305917, 0.0 ], [ 109.742118069005087, -7.790642620346941, 0.0 ], [ 109.742137303253386, -7.790654284578475, 0.0 ], [ 109.74217878815152, -7.790679442317806, 0.0 ], [ 109.742187779589727, -7.790684895848766, 0.0 ], [ 109.742193211151999, -7.790688191597527, 0.0 ], [ 109.742218545894673, -7.790704876949139, 0.0 ], [ 109.742221740272413, -7.790706920521231, 0.0 ], [ 109.742222531391818, -7.790707501780918, 0.0 ], [ 109.742254005056907, -7.790730626518351, 0.0 ], [ 109.742259846764043, -7.790735542161278, 0.0 ], [ 109.742277000534912, -7.790763341882036, 0.0 ], [ 109.742298391488362, -7.790798008539677, 0.0 ], [ 109.742319713466401, -7.790832563301738, 0.0 ], [ 109.742341035407023, -7.790867118108486, 0.0 ], [ 109.742363440001185, -7.790903427357711, 0.0 ], [ 109.742369644708873, -7.790912497075485, 0.0 ], [ 109.742384684988224, -7.790935230668202, 0.0 ], [ 109.742403794551109, -7.790959406370572, 0.0 ], [ 109.742409986033636, -7.790965840575393, 0.0 ], [ 109.742416407202754, -7.790969820093736, 0.0 ], [ 109.742426312121481, -7.790969350215336, 0.0 ], [ 109.742464446992628, -7.790967541178125, 0.0 ], [ 109.742472424265912, -7.790967162743566, 0.0 ], [ 109.742640475457989, -7.790959190715815, 0.0 ], [ 109.742644593199529, -7.790956023680095, 0.0 ], [ 109.742672918609969, -7.790936634999871, 0.0 ], [ 109.742684981451106, -7.790915982488327, 0.0 ], [ 109.742693030323522, -7.790904405458197, 0.0 ], [ 109.742694182222152, -7.790901942338479, 0.0 ], [ 109.742696673208457, -7.790895965301232, 0.0 ], [ 109.742715751172398, -7.790848613627146, 0.0 ], [ 109.742724886667247, -7.790825939306002, 0.0 ], [ 109.742742466215702, -7.790782306718215, 0.0 ], [ 109.742758541247724, -7.790742408488355, 0.0 ], [ 109.742760708834169, -7.790737028522138, 0.0 ], [ 109.742762126494753, -7.790728113206235, 0.0 ], [ 109.742768054054764, -7.79069592653699, 0.0 ], [ 109.742770263655913, -7.790681197621186, 0.0 ], [ 109.742774061830914, -7.790625349639994, 0.0 ], [ 109.742785456003091, -7.790457805693264, 0.0 ], [ 109.742789254169352, -7.790401957710637, 0.0 ], [ 109.742800648315253, -7.790234413759834, 0.0 ], [ 109.742804446472746, -7.790178565775936, 0.0 ], [ 109.742815840592385, -7.790011021821077, 0.0 ] ] ] } },
{ "type": "Feature", "properties": { "Join_Count": 1, "TARGET_FID": 19, "JOIN_FID": 102, "Id": 102, "Contour": 200.0, "Shape_Leng": 1163.9935147599999, "Skor": 1.0, "Shape_Le_1": 1163.9935147599999, "Shape_Area": 20304.637855600002 }, "geometry": { "type": "Polygon", "coordinates": [ [ [ 109.736312256125487, -7.789824100942488, 0.0 ], [ 109.736475272015099, -7.789880446128924, 0.0 ], [ 109.736594605347577, -7.789921692566503, 0.0 ], [ 109.736605767375011, -7.789925550592995, 0.0 ], [ 109.736638288605519, -7.789936791261406, 0.0 ], [ 109.73670650717763, -7.789960370432186, 0.0 ], [ 109.73672557419556, -7.789973854250687, 0.0 ], [ 109.736757229648475, -7.78998781470768, 0.0 ], [ 109.736762425763374, -7.789990500034044, 0.0 ], [ 109.736765864978167, -7.789993030695994, 0.0 ], [ 109.73679517878216, -7.790016234843817, 0.0 ], [ 109.736818311415945, -7.790031622101416, 0.0 ], [ 109.736845424025248, -7.790020274040994, 0.0 ], [ 109.736847086936763, -7.790020466693477, 0.0 ], [ 109.736874369102139, -7.790015339442196, 0.0 ], [ 109.736899637089863, -7.790024062069703, 0.0 ], [ 109.736905070340512, -7.790049304758633, 0.0 ], [ 109.736901715402425, -7.790076751471847, 0.0 ], [ 109.736898116326429, -7.790081262419399, 0.0 ], [ 109.736886638346945, -7.790105108949501, 0.0 ], [ 109.736919416781319, -7.790115838206305, 0.0 ], [ 109.736930071247954, -7.790117706420813, 0.0 ], [ 109.737041992860682, -7.790149813306756, 0.0 ], [ 109.737051054594829, -7.790152412845963, 0.0 ], [ 109.737082916421954, -7.790161553072669, 0.0 ], [ 109.737094415109667, -7.790165118676992, 0.0 ], [ 109.737097953674834, -7.790165866815717, 0.0 ], [ 109.737489679525524, -7.790278240659275, 0.0 ], [ 109.737530318352924, -7.790289898651328, 0.0 ], [ 109.737573141651538, -7.79030218332864, 0.0 ], [ 109.737601601245103, -7.790310347488483, 0.0 ], [ 109.737993327433202, -7.790422720908558, 0.0 ], [ 109.738009582503864, -7.790427383960572, 0.0 ], [ 109.738042353608364, -7.790436784948059, 0.0 ], [ 109.738049288338431, -7.790438774296806, 0.0 ], [ 109.738053065200646, -7.790439968644674, 0.0 ], [ 109.738095962929251, -7.790453133255696, 0.0 ], [ 109.738105246048804, -7.790455896598423, 0.0 ], [ 109.738161201238626, -7.790473862686665, 0.0 ], [ 109.738180915847082, -7.790480297760336, 0.0 ], [ 109.738205619762951, -7.790488536767435, 0.0 ], [ 109.738217154897129, -7.790492342254804, 0.0 ], [ 109.738222630460555, -7.790494635298353, 0.0 ], [ 109.738233463711182, -7.790500135316036, 0.0 ], [ 109.738273076333272, -7.790521587842609, 0.0 ], [ 109.738328994672884, -7.79055187076354, 0.0 ], [ 109.738440756900516, -7.790612396425744, 0.0 ], [ 109.738496749744414, -7.790642719661125, 0.0 ], [ 109.738544610830715, -7.790668639165386, 0.0 ], [ 109.738547645862184, -7.79067365507199, 0.0 ], [ 109.738580338876034, -7.790696412122917, 0.0 ], [ 109.73858063536116, -7.790696642593729, 0.0 ], [ 109.73860857247071, -7.790707974277153, 0.0 ], [ 109.738619405842911, -7.790713898912567, 0.0 ], [ 109.738643698361088, -7.790724793296014, 0.0 ], [ 109.738627953346693, -7.790744183525946, 0.0 ], [ 109.738608427118876, -7.790756541313755, 0.0 ], [ 109.738590832888136, -7.790762967114208, 0.0 ], [ 109.738557708733254, -7.790775064705645, 0.0 ], [ 109.738549893354758, -7.79077791904298, 0.0 ], [ 109.73850895391223, -7.790792871061543, 0.0 ], [ 109.738468766041848, -7.790807548495808, 0.0 ], [ 109.738427074923862, -7.790822774984636, 0.0 ], [ 109.738386135371769, -7.790837726889217, 0.0 ], [ 109.738345195823527, -7.790852678792603, 0.0 ], [ 109.738304256338211, -7.79086763075647, 0.0 ], [ 109.73829088092279, -7.790872515709974, 0.0 ], [ 109.738263316803909, -7.79088258267047, 0.0 ], [ 109.738222377348038, -7.790897534658014, 0.0 ], [ 109.738215934818584, -7.790899887594023, 0.0 ], [ 109.738159864472635, -7.790920365483298, 0.0 ], [ 109.738145022822152, -7.790931977934902, 0.0 ], [ 109.738126775526524, -7.790946690854621, 0.0 ], [ 109.738114062237173, -7.790956941703282, 0.0 ], [ 109.738103720195383, -7.790965534295302, 0.0 ], [ 109.738085077820571, -7.790983888150262, 0.0 ], [ 109.738066305455916, -7.791002369920115, 0.0 ], [ 109.737991370901341, -7.791076144586546, 0.0 ], [ 109.737966416656604, -7.791088941478655, 0.0 ], [ 109.737941341999061, -7.791113716033731, 0.0 ], [ 109.737938055818788, -7.791116513571412, 0.0 ], [ 109.737935231360154, -7.791119719146282, 0.0 ], [ 109.737930629700159, -7.791118277777175, 0.0 ], [ 109.737922414814719, -7.791113659658089, 0.0 ], [ 109.737879329930607, -7.791083778744175, 0.0 ], [ 109.73782343696557, -7.791045015329419, 0.0 ], [ 109.73776754401257, -7.791006251536412, 0.0 ], [ 109.737711651069347, -7.790967488110108, 0.0 ], [ 109.737679743941825, -7.790945359344575, 0.0 ], [ 109.737665559363691, -7.790935521785872, 0.0 ], [ 109.73765575813816, -7.790928724305521, 0.0 ], [ 109.737599865216723, -7.790889960867591, 0.0 ], [ 109.737566398201466, -7.790866750173172, 0.0 ], [ 109.737543972307307, -7.790851197051426, 0.0 ], [ 109.737488079407697, -7.79081243360185, 0.0 ], [ 109.737437073271266, -7.790777058921722, 0.0 ], [ 109.737434183374972, -7.790775054661167, 0.0 ], [ 109.737432186520067, -7.790773669774141, 0.0 ], [ 109.737376293642228, -7.790734906312991, 0.0 ], [ 109.737356182913643, -7.790720958755961, 0.0 ], [ 109.737335022292726, -7.790706283009175, 0.0 ], [ 109.73732040077644, -7.790696142473605, 0.0 ], [ 109.73727529268173, -7.790664858578302, 0.0 ], [ 109.737268914829912, -7.790660435319247, 0.0 ], [ 109.737236561497298, -7.790637996987123, 0.0 ], [ 109.737208615076369, -7.790618615149961, 0.0 ], [ 109.737194402668948, -7.790608758389185, 0.0 ], [ 109.737169753857984, -7.79059166358514, 0.0 ], [ 109.737136700281269, -7.790568739595476, 0.0 ], [ 109.737113512679002, -7.790552658187878, 0.0 ], [ 109.737096829419897, -7.790541087803135, 0.0 ], [ 109.737070592911024, -7.790522891839231, 0.0 ], [ 109.73705952641032, -7.790515216759618, 0.0 ], [ 109.73704093660848, -7.790502323973676, 0.0 ], [ 109.737037106167875, -7.790500397288711, 0.0 ], [ 109.737032622711894, -7.790496557974395, 0.0 ], [ 109.736985043807024, -7.790463560433103, 0.0 ], [ 109.736957123894101, -7.790468304866542, 0.0 ], [ 109.736956893672811, -7.79046827150789, 0.0 ], [ 109.736928988675501, -7.790478970402164, 0.0 ], [ 109.736916477585879, -7.790496211794093, 0.0 ], [ 109.73689818433138, -7.790521421329713, 0.0 ], [ 109.736884440036647, -7.790540362280399, 0.0 ], [ 109.736876031254923, -7.790551950360932, 0.0 ], [ 109.736872747450533, -7.790556475780642, 0.0 ], [ 109.736704023644833, -7.790788991849706, 0.0 ], [ 109.736647782330195, -7.79086649801628, 0.0 ], [ 109.736633353883349, -7.790886381644163, 0.0 ], [ 109.736615862655967, -7.790910485860102, 0.0 ], [ 109.736596406665527, -7.79093729800251, 0.0 ], [ 109.736592907495293, -7.790942120170995, 0.0 ], [ 109.736591540996301, -7.790944003342682, 0.0 ], [ 109.736479058263072, -7.791099013955941, 0.0 ], [ 109.73647450181528, -7.791104817564139, 0.0 ], [ 109.736471568319729, -7.791109335717284, 0.0 ], [ 109.736422816863808, -7.791176519245933, 0.0 ], [ 109.736399189445876, -7.791197336182096, 0.0 ], [ 109.736390675813126, -7.791220812720599, 0.0 ], [ 109.736366575440229, -7.791254025357192, 0.0 ], [ 109.736353942364943, -7.791233364212923, 0.0 ], [ 109.736354974214493, -7.791220706248623, 0.0 ], [ 109.73635737379702, -7.79121140895618, 0.0 ], [ 109.736357522808959, -7.791174122066997, 0.0 ], [ 109.736359119198468, -7.791164859494744, 0.0 ], [ 109.736366911293274, -7.791142011264514, 0.0 ], [ 109.736387906404417, -7.791129989196595, 0.0 ], [ 109.736390241381571, -7.791109093192545, 0.0 ], [ 109.736394736990022, -7.791081536214569, 0.0 ], [ 109.736394963799654, -7.791081043274296, 0.0 ], [ 109.736397180444982, -7.791053254769572, 0.0 ], [ 109.736416211048223, -7.79099745240421, 0.0 ], [ 109.736418026526508, -7.790992128951043, 0.0 ], [ 109.736423417079408, -7.790976322554541, 0.0 ], [ 109.736436270066591, -7.790954406162558, 0.0 ], [ 109.736437077182046, -7.790941655510701, 0.0 ], [ 109.736443261575232, -7.79092204485393, 0.0 ], [ 109.736447715473787, -7.790909862768736, 0.0 ], [ 109.736454272339188, -7.790885847668444, 0.0 ], [ 109.736479922810048, -7.790810634405133, 0.0 ], [ 109.736490453925981, -7.790784662607577, 0.0 ], [ 109.736492333630764, -7.790774242925511, 0.0 ], [ 109.736530394897898, -7.790662638175306, 0.0 ], [ 109.736531914996192, -7.790658180860186, 0.0 ], [ 109.736546150912957, -7.790616437217199, 0.0 ], [ 109.736549425327567, -7.790606835796976, 0.0 ], [ 109.736649439681401, -7.790313569278425, 0.0 ], [ 109.736660039124658, -7.790282489037408, 0.0 ], [ 109.736663608896379, -7.790272021492186, 0.0 ], [ 109.736666904509491, -7.79025478890838, 0.0 ], [ 109.736667893120114, -7.790234342394077, 0.0 ], [ 109.736672818566987, -7.790216189823812, 0.0 ], [ 109.736660327760191, -7.790205616323886, 0.0 ], [ 109.736649777271765, -7.790200936767938, 0.0 ], [ 109.736466882903287, -7.79015971671986, 0.0 ], [ 109.736215711190383, -7.790103108622422, 0.0 ], [ 109.735964540384359, -7.790046500389152, 0.0 ], [ 109.735929877585534, -7.790038688176899, 0.0 ], [ 109.735922153320487, -7.79003694728591, 0.0 ], [ 109.735713369668559, -7.789989892017688, 0.0 ], [ 109.735462198226443, -7.789933283505519, 0.0 ], [ 109.735211027691207, -7.789876674857563, 0.0 ], [ 109.735138559143124, -7.789860341966993, 0.0 ], [ 109.735117779750354, -7.789855658693207, 0.0 ], [ 109.735105993915624, -7.789853002405122, 0.0 ], [ 109.735082588164275, -7.78984772717983, 0.0 ], [ 109.735057554714288, -7.789845331388413, 0.0 ], [ 109.735051315278625, -7.789845000723179, 0.0 ], [ 109.735026594096794, -7.789842807628719, 0.0 ], [ 109.734970500975862, -7.789870894613881, 0.0 ], [ 109.734914407847853, -7.789898981758762, 0.0 ], [ 109.734892284382838, -7.789909549851399, 0.0 ], [ 109.734867722104823, -7.789922141715622, 0.0 ], [ 109.73485831535659, -7.789926854536096, 0.0 ], [ 109.73484517790655, -7.7899183140132, 0.0 ], [ 109.734828547716702, -7.789931392254335, 0.0 ], [ 109.734806305049077, -7.789935339085723, 0.0 ], [ 109.734802274957417, -7.789937369998946, 0.0 ], [ 109.734799527698172, -7.789934055453132, 0.0 ], [ 109.734799472175439, -7.78993130545009, 0.0 ], [ 109.734800310114949, -7.789929324276335, 0.0 ], [ 109.734802313323016, -7.789924587980979, 0.0 ], [ 109.734826224468051, -7.789899297739405, 0.0 ], [ 109.73482306791378, -7.789875516808014, 0.0 ], [ 109.73483358348021, -7.789850654353908, 0.0 ], [ 109.73483799232649, -7.789840230269065, 0.0 ], [ 109.734850220149667, -7.789811319381151, 0.0 ], [ 109.73485872245476, -7.789791217003789, 0.0 ], [ 109.734867438583976, -7.789772568104401, 0.0 ], [ 109.73487025948414, -7.789763939516786, 0.0 ], [ 109.734893855197711, -7.789708150867359, 0.0 ], [ 109.734900130214228, -7.789693314533465, 0.0 ], [ 109.734917450904064, -7.789652362215419, 0.0 ], [ 109.734919374710657, -7.789648165112314, 0.0 ], [ 109.734933864276996, -7.789615106857384, 0.0 ], [ 109.734942997019559, -7.78959657938307, 0.0 ], [ 109.734954779257777, -7.78958006439688, 0.0 ], [ 109.734971443739624, -7.789556749402476, 0.0 ], [ 109.735027688488231, -7.789478118726465, 0.0 ], [ 109.735051120353248, -7.789452617768259, 0.0 ], [ 109.735076210061678, -7.789421763878549, 0.0 ], [ 109.735083898479488, -7.789411063906802, 0.0 ], [ 109.735139856335891, -7.789428033448533, 0.0 ], [ 109.735184072935169, -7.789441442188998, 0.0 ], [ 109.735195814198534, -7.789445002769839, 0.0 ], [ 109.735251772066107, -7.789461972298207, 0.0 ], [ 109.735270108924766, -7.78946753301372, 0.0 ], [ 109.735297689147529, -7.789475896743443, 0.0 ], [ 109.735313127030764, -7.789480578315209, 0.0 ], [ 109.735331069402463, -7.78948601942206, 0.0 ], [ 109.73535593786184, -7.789493829103613, 0.0 ], [ 109.735363686363883, -7.789496396060766, 0.0 ], [ 109.73537929255906, -7.789501743806396, 0.0 ], [ 109.735397767197384, -7.789508052925842, 0.0 ], [ 109.735419637624432, -7.789515573586378, 0.0 ], [ 109.735497175522937, -7.789542374166239, 0.0 ], [ 109.735660191798388, -7.789598719633982, 0.0 ], [ 109.735823207478063, -7.789655065043995, 0.0 ], [ 109.735979145724059, -7.789708963897803, 0.0 ], [ 109.73598622385849, -7.789711410400026, 0.0 ], [ 109.736146998274137, -7.789766980986284, 0.0 ], [ 109.736258900005552, -7.789805658866573, 0.0 ], [ 109.736272533661349, -7.78981037119341, 0.0 ], [ 109.736312256125487, -7.789824100942488, 0.0 ] ] ] } },
{ "type": "Feature", "properties": { "Join_Count": 1, "TARGET_FID": 20, "JOIN_FID": 8, "Id": 8, "Contour": 560.0, "Shape_Leng": 441.84430016499999, "Skor": 3.0, "Shape_Le_1": 991.64563659600003, "Shape_Area": 5739.5091622800001 }, "geometry": { "type": "Polygon", "coordinates": [ [ [ 109.74299055168153, -7.789592595658672, 0.0 ], [ 109.742982955669888, -7.789704291642761, 0.0 ], [ 109.742981001441649, -7.789733027670038, 0.0 ], [ 109.742977258548692, -7.789788063629586, 0.0 ], [ 109.742965864509642, -7.789955607601704, 0.0 ], [ 109.742963167525346, -7.789995264746709, 0.0 ], [ 109.74296206642056, -7.790011455591521, 0.0 ], [ 109.742960167392354, -7.790039379586354, 0.0 ], [ 109.742959600715778, -7.790047712140374, 0.0 ], [ 109.742958268363594, -7.790067303581067, 0.0 ], [ 109.742954470341814, -7.790123151570442, 0.0 ], [ 109.742950672289837, -7.790178999559376, 0.0 ], [ 109.742948628507321, -7.790209051890709, 0.0 ], [ 109.742946874204463, -7.790234847547826, 0.0 ], [ 109.742944975178119, -7.79026277154202, 0.0 ], [ 109.742943076154347, -7.790290695536139, 0.0 ], [ 109.742939278123814, -7.79034654352414, 0.0 ], [ 109.742937379101519, -7.790374467517945, 0.0 ], [ 109.742935480078643, -7.79040239151172, 0.0 ], [ 109.742934633209217, -7.790414844101941, 0.0 ], [ 109.742932382923769, -7.790447932321687, 0.0 ], [ 109.742931066356263, -7.790467291467214, 0.0 ], [ 109.742928321542763, -7.790507652409129, 0.0 ], [ 109.742927499575956, -7.790519738903662, 0.0 ], [ 109.742920198801272, -7.790627092553734, 0.0 ], [ 109.742916489676603, -7.790681631444316, 0.0 ], [ 109.74291269163075, -7.790737479430004, 0.0 ], [ 109.742908242377382, -7.790750333432714, 0.0 ], [ 109.742900811093477, -7.790773092536033, 0.0 ], [ 109.742893398800746, -7.790793281446862, 0.0 ], [ 109.742885250131962, -7.790813506519026, 0.0 ], [ 109.742869175157111, -7.790853404807009, 0.0 ], [ 109.742853100153823, -7.790893303064605, 0.0 ], [ 109.742848441225789, -7.790904866570549, 0.0 ], [ 109.742836581684031, -7.790934302030329, 0.0 ], [ 109.742825962390526, -7.790960659128861, 0.0 ], [ 109.742820950130366, -7.790973099579524, 0.0 ], [ 109.74280024921751, -7.791024479426484, 0.0 ], [ 109.742781004798786, -7.791072244238909, 0.0 ], [ 109.742771927997978, -7.791091994661937, 0.0 ], [ 109.742752501302917, -7.791127510597176, 0.0 ], [ 109.742752238555141, -7.791128018134554, 0.0 ], [ 109.742752133739302, -7.791128161499796, 0.0 ], [ 109.742751989369381, -7.791128265131854, 0.0 ], [ 109.742633728912466, -7.791133875213673, 0.0 ], [ 109.742592260531282, -7.791135842397483, 0.0 ], [ 109.742583938104303, -7.791136237203106, 0.0 ], [ 109.742527921016887, -7.791138894545155, 0.0 ], [ 109.742515730093061, -7.791139472877408, 0.0 ], [ 109.742485617082352, -7.791140901448371, 0.0 ], [ 109.742471903929669, -7.79114155199302, 0.0 ], [ 109.742359869757252, -7.791146866632999, 0.0 ], [ 109.742345396956907, -7.791141261510196, 0.0 ], [ 109.742325946216894, -7.791126753034296, 0.0 ], [ 109.742313516800635, -7.791117174159003, 0.0 ], [ 109.742303986553054, -7.791104660437597, 0.0 ], [ 109.742291072632554, -7.791083731926507, 0.0 ], [ 109.742269750688322, -7.791049177119727, 0.0 ], [ 109.742248246983564, -7.791014327849696, 0.0 ], [ 109.742227106768965, -7.790980067539961, 0.0 ], [ 109.742214010251601, -7.790958843059778, 0.0 ], [ 109.742205784809371, -7.790945512757305, 0.0 ], [ 109.742192507436471, -7.790923995121845, 0.0 ], [ 109.742184462887408, -7.790910957938554, 0.0 ], [ 109.742162213690179, -7.790874900448933, 0.0 ], [ 109.742141819009319, -7.790841848344518, 0.0 ], [ 109.742120497037604, -7.790807293578911, 0.0 ], [ 109.742110417104087, -7.790790957834638, 0.0 ], [ 109.742096991722747, -7.790774903397349, 0.0 ], [ 109.742069288711207, -7.790746674833751, 0.0 ], [ 109.742055774175881, -7.790734936384689, 0.0 ], [ 109.742025099884444, -7.790716334524919, 0.0 ], [ 109.742001794857728, -7.790702201640435, 0.0 ], [ 109.741966939270753, -7.790681064180191, 0.0 ], [ 109.741913284107824, -7.790648525980615, 0.0 ], [ 109.741897228189501, -7.790638789168796, 0.0 ], [ 109.74186237260767, -7.790617651704776, 0.0 ], [ 109.741827517063996, -7.790596514202866, 0.0 ], [ 109.741801468369971, -7.790580717483518, 0.0 ], [ 109.741778080299952, -7.790566534221211, 0.0 ], [ 109.741758978814346, -7.790553076454652, 0.0 ], [ 109.74174556080321, -7.79054671690461, 0.0 ], [ 109.741723018004592, -7.790533034725367, 0.0 ], [ 109.741695923612241, -7.790516696480792, 0.0 ], [ 109.741689652671269, -7.790512908907373, 0.0 ], [ 109.741685515729088, -7.790510400133819, 0.0 ], [ 109.741684727511839, -7.790505463641312, 0.0 ], [ 109.741688786536855, -7.790455585111835, 0.0 ], [ 109.741688485720729, -7.790454549724977, 0.0 ], [ 109.74173907605612, -7.790398840717531, 0.0 ], [ 109.741746025095793, -7.790391188559772, 0.0 ], [ 109.741768990672668, -7.79036589916728, 0.0 ], [ 109.741795613126556, -7.790336582953704, 0.0 ], [ 109.741802218855398, -7.79032930884324, 0.0 ], [ 109.741840256393189, -7.790287422676921, 0.0 ], [ 109.741848858131902, -7.790277950626915, 0.0 ], [ 109.741858412597324, -7.790267429424092, 0.0 ], [ 109.741890846687795, -7.790231713644516, 0.0 ], [ 109.741902103125298, -7.790219318290851, 0.0 ], [ 109.741916141831581, -7.790203859125267, 0.0 ], [ 109.742026993722433, -7.790081791108303, 0.0 ], [ 109.74204261740914, -7.790064586497277, 0.0 ], [ 109.742061837937499, -7.790043421152773, 0.0 ], [ 109.742088460449452, -7.790014105011312, 0.0 ], [ 109.742093207680597, -7.790008877431757, 0.0 ], [ 109.742115082830296, -7.789984788740902, 0.0 ], [ 109.742139381056376, -7.789958031850514, 0.0 ], [ 109.742143797664184, -7.789953168357071, 0.0 ], [ 109.742168327717337, -7.789926156326318, 0.0 ], [ 109.742195574697661, -7.789896152369834, 0.0 ], [ 109.742244978079896, -7.789841750184225, 0.0 ], [ 109.742248195047679, -7.789838207718017, 0.0 ], [ 109.74225176832222, -7.789834272878843, 0.0 ], [ 109.742364155521017, -7.789710513869326, 0.0 ], [ 109.742396748428618, -7.789674622862028, 0.0 ], [ 109.742407929507266, -7.789662310341749, 0.0 ], [ 109.74242034909625, -7.789648634020458, 0.0 ], [ 109.742448445877073, -7.789617694257346, 0.0 ], [ 109.74246117432395, -7.789603677892729, 0.0 ], [ 109.742476542653762, -7.789586754488383, 0.0 ], [ 109.742492481506787, -7.789579061807645, 0.0 ], [ 109.742530762389208, -7.789561442288752, 0.0 ], [ 109.742532629555583, -7.789560623411916, 0.0 ], [ 109.742588674459782, -7.789548569779949, 0.0 ], [ 109.742607815462677, -7.789544453052687, 0.0 ], [ 109.742622389934212, -7.789541318428391, 0.0 ], [ 109.742668374956722, -7.789531428304775, 0.0 ], [ 109.742679554362851, -7.789529023878812, 0.0 ], [ 109.742700764262878, -7.789524462178103, 0.0 ], [ 109.742713995196468, -7.789521172193789, 0.0 ], [ 109.742751521866325, -7.789513368048523, 0.0 ], [ 109.742756809970274, -7.789512137134484, 0.0 ], [ 109.742759042025298, -7.789510340795329, 0.0 ], [ 109.74276199186879, -7.789508128798736, 0.0 ], [ 109.742790611948635, -7.789485988304468, 0.0 ], [ 109.742812941432177, -7.789471057312065, 0.0 ], [ 109.742836549491116, -7.789452490716943, 0.0 ], [ 109.742854689724084, -7.789438224334304, 0.0 ], [ 109.742885993944483, -7.789413605274836, 0.0 ], [ 109.742907309884302, -7.78939684135559, 0.0 ], [ 109.742925222645965, -7.78938275382655, 0.0 ], [ 109.742948759264493, -7.78936452455005, 0.0 ], [ 109.742978070237712, -7.78934119197918, 0.0 ], [ 109.742981363235444, -7.789338602208916, 0.0 ], [ 109.742982803061494, -7.789339766572862, 0.0 ], [ 109.742983233514252, -7.789341207293337, 0.0 ], [ 109.742984002241911, -7.789343857155983, 0.0 ], [ 109.743000767292344, -7.789377650228392, 0.0 ], [ 109.743003844781342, -7.789397127683568, 0.0 ], [ 109.743000046785838, -7.789452975676959, 0.0 ], [ 109.742998147777911, -7.789480899673475, 0.0 ], [ 109.742997364967763, -7.789492410596064, 0.0 ], [ 109.742996248772556, -7.789508823669967, 0.0 ], [ 109.742995268500849, -7.789523237963083, 0.0 ], [ 109.742993303561065, -7.789552130754266, 0.0 ], [ 109.742992450688561, -7.78956467166245, 0.0 ], [ 109.74299055168153, -7.789592595658672, 0.0 ] ], [ [ 109.742904145690531, -7.789787846759524, 0.0 ], [ 109.742905410997437, -7.789769241296827, 0.0 ], [ 109.742906766354054, -7.789749312033053, 0.0 ], [ 109.742907943786705, -7.789731998770623, 0.0 ], [ 109.742906329206846, -7.789714136621991, 0.0 ], [ 109.7429080793748, -7.789692316679989, 0.0 ], [ 109.742905918830729, -7.789676133508591, 0.0 ], [ 109.742900114324243, -7.789651875485323, 0.0 ], [ 109.742901373075185, -7.789643271777258, 0.0 ], [ 109.742884373682458, -7.789620210344016, 0.0 ], [ 109.742877653660329, -7.789611093884469, 0.0 ], [ 109.742868532377912, -7.789611219798248, 0.0 ], [ 109.742863520307097, -7.789615161535554, 0.0 ], [ 109.742832216059526, -7.789639780580768, 0.0 ], [ 109.742812391738084, -7.789655371392715, 0.0 ], [ 109.742786442631385, -7.789675779092185, 0.0 ], [ 109.742769607749509, -7.789689018863849, 0.0 ], [ 109.742756251086504, -7.789699523136424, 0.0 ], [ 109.742735486776795, -7.789710811953796, 0.0 ], [ 109.742701409304544, -7.789732648687482, 0.0 ], [ 109.742700140469495, -7.789733601506995, 0.0 ], [ 109.742644095540683, -7.789745655146919, 0.0 ], [ 109.742625551673214, -7.789749643448229, 0.0 ], [ 109.742609997278223, -7.789752988825984, 0.0 ], [ 109.742564012230332, -7.789762878942305, 0.0 ], [ 109.742553812733703, -7.789765072606482, 0.0 ], [ 109.742532005675869, -7.789769762726888, 0.0 ], [ 109.742521090886299, -7.789775842800293, 0.0 ], [ 109.742503953370488, -7.789785791610352, 0.0 ], [ 109.742485716648886, -7.789796378512878, 0.0 ], [ 109.742475899587461, -7.789802315163965, 0.0 ], [ 109.742363678464898, -7.789925891323893, 0.0 ], [ 109.742307318762002, -7.789987954040445, 0.0 ], [ 109.742287793457351, -7.790009454979844, 0.0 ], [ 109.742270421340024, -7.790028584808439, 0.0 ], [ 109.742251125120305, -7.790049833536415, 0.0 ], [ 109.742084064080984, -7.790233798177779, 0.0 ], [ 109.742057441630081, -7.790263114397623, 0.0 ], [ 109.742034842223447, -7.790288000361492, 0.0 ], [ 109.742026350385871, -7.790297351414383, 0.0 ], [ 109.741970156659377, -7.790359231186043, 0.0 ], [ 109.741832481289634, -7.790510836517901, 0.0 ], [ 109.741848547804963, -7.790519970810825, 0.0 ], [ 109.741857630793945, -7.790529343041495, 0.0 ], [ 109.741876074523333, -7.790548374134655, 0.0 ], [ 109.741885869657182, -7.790566854263271, 0.0 ], [ 109.74190308191703, -7.790577292321831, 0.0 ], [ 109.741913477916299, -7.790583596770261, 0.0 ], [ 109.741969385792004, -7.790617501032818, 0.0 ], [ 109.741972848053663, -7.790619512742195, 0.0 ], [ 109.741978434276049, -7.790622988312954, 0.0 ], [ 109.742007648581961, -7.790640704783454, 0.0 ], [ 109.742024716590834, -7.790651055331618, 0.0 ], [ 109.742070998918507, -7.790679122346142, 0.0 ], [ 109.742077359721293, -7.790682979736594, 0.0 ], [ 109.742109155523849, -7.790702261692106, 0.0 ], [ 109.742137109477611, -7.790719213794203, 0.0 ], [ 109.742147069894216, -7.790725255655464, 0.0 ], [ 109.742163549821313, -7.790735256322128, 0.0 ], [ 109.742176723356764, -7.790751550528102, 0.0 ], [ 109.742192949346887, -7.790775919049387, 0.0 ], [ 109.742202397499383, -7.790791230874845, 0.0 ], [ 109.742236928516164, -7.790847192612351, 0.0 ], [ 109.742241427192383, -7.790854483249068, 0.0 ], [ 109.742248688879783, -7.790866251713154, 0.0 ], [ 109.742271459544497, -7.790903154348457, 0.0 ], [ 109.742305393098917, -7.790958147573444, 0.0 ], [ 109.742326715033556, -7.790992702388, 0.0 ], [ 109.742340521763595, -7.791015077816485, 0.0 ], [ 109.742360168011771, -7.791046916928585, 0.0 ], [ 109.742378031887682, -7.791053213584578, 0.0 ], [ 109.742398289996103, -7.791053288189877, 0.0 ], [ 109.742416147024315, -7.791057014760524, 0.0 ], [ 109.742431089062748, -7.791056305926281, 0.0 ], [ 109.742455964646823, -7.791055125882443, 0.0 ], [ 109.74249008848885, -7.791053507076308, 0.0 ], [ 109.742509286324008, -7.791052596323466, 0.0 ], [ 109.742528181174691, -7.791051699968926, 0.0 ], [ 109.742696232403247, -7.791043727927548, 0.0 ], [ 109.74271207715195, -7.791031947764004, 0.0 ], [ 109.74272329104636, -7.791016213744751, 0.0 ], [ 109.742732857912458, -7.790996770662896, 0.0 ], [ 109.742745081853755, -7.790967785627409, 0.0 ], [ 109.742748378038328, -7.790960428933389, 0.0 ], [ 109.742752520712941, -7.790950146778927, 0.0 ], [ 109.742765633193684, -7.790917601447684, 0.0 ], [ 109.742770856823995, -7.790904636380655, 0.0 ], [ 109.742815814377678, -7.790793051268353, 0.0 ], [ 109.742820314218875, -7.790781812561835, 0.0 ], [ 109.742829896100488, -7.790757971171422, 0.0 ], [ 109.742838148319493, -7.790737258279116, 0.0 ], [ 109.742840597855903, -7.79071268206815, 0.0 ], [ 109.742841098023433, -7.790705513753784, 0.0 ], [ 109.74284337666522, -7.790681414539055, 0.0 ], [ 109.742847174830629, -7.790625566555661, 0.0 ], [ 109.742858568974086, -7.790458022602332, 0.0 ], [ 109.742862367130726, -7.790402174617504, 0.0 ], [ 109.742873761247907, -7.7902346306601, 0.0 ], [ 109.742877559392696, -7.790178782673997, 0.0 ], [ 109.742888953486727, -7.790011238712546, 0.0 ], [ 109.742892751622776, -7.789955390725043, 0.0 ], [ 109.742904145690531, -7.789787846759524, 0.0 ] ] ] } },
{ "type": "Feature", "properties": { "Join_Count": 1, "TARGET_FID": 21, "JOIN_FID": 13, "Id": 13, "Contour": 440.0, "Shape_Leng": 109.217842279, "Skor": 3.0, "Shape_Le_1": 489.63797582900003, "Shape_Area": 5933.6594291499996 }, "geometry": { "type": "Polygon", "coordinates": [ [ [ 109.739924122246464, -7.789834855763978, 0.0 ], [ 109.739921955188507, -7.789946567706393, 0.0 ], [ 109.739921413395834, -7.789974495691805, 0.0 ], [ 109.739921303953352, -7.78998013693348, 0.0 ], [ 109.739920871599665, -7.790002423677158, 0.0 ], [ 109.739919788065436, -7.790058279647865, 0.0 ], [ 109.739919387080661, -7.790078949340371, 0.0 ], [ 109.73991910079107, -7.790093707437058, 0.0 ], [ 109.739918704492339, -7.790114135618317, 0.0 ], [ 109.739917620958266, -7.790169991588683, 0.0 ], [ 109.739919118689812, -7.790190732531008, 0.0 ], [ 109.739920175167597, -7.790204028590705, 0.0 ], [ 109.739921726394797, -7.790225862988382, 0.0 ], [ 109.739954241436905, -7.790394049542534, 0.0 ], [ 109.739964947639024, -7.790449428276657, 0.0 ], [ 109.739970350254779, -7.790477373937589, 0.0 ], [ 109.739972146181159, -7.790486663602795, 0.0 ], [ 109.739975752880326, -7.790505319598529, 0.0 ], [ 109.739986558201323, -7.790561210920774, 0.0 ], [ 109.739989762562786, -7.790580585091522, 0.0 ], [ 109.739994033348466, -7.790602051060212, 0.0 ], [ 109.739996671988678, -7.790617100186748, 0.0 ], [ 109.73999267820875, -7.790633387678685, 0.0 ], [ 109.740006647462522, -7.790670732900383, 0.0 ], [ 109.740001300799307, -7.790672973143145, 0.0 ], [ 109.739964421461465, -7.79068439423786, 0.0 ], [ 109.739952872964352, -7.790679981420389, 0.0 ], [ 109.739883448680786, -7.790616763502715, 0.0 ], [ 109.739841159026355, -7.79057825453602, 0.0 ], [ 109.739831998110176, -7.790569912588923, 0.0 ], [ 109.739802716753317, -7.790543248855099, 0.0 ], [ 109.73978530207809, -7.79052739101785, 0.0 ], [ 109.739760360361288, -7.790504679073599, 0.0 ], [ 109.739637272276497, -7.790392594619176, 0.0 ], [ 109.739627002223457, -7.790383292638343, 0.0 ], [ 109.739617730750922, -7.790374989184588, 0.0 ], [ 109.739596659615628, -7.790357681034036, 0.0 ], [ 109.739568916868365, -7.790336532122548, 0.0 ], [ 109.739341058928702, -7.790168276780707, 0.0 ], [ 109.739339549501793, -7.790167033867446, 0.0 ], [ 109.739338310110369, -7.790166246996041, 0.0 ], [ 109.739265106134397, -7.790112191645131, 0.0 ], [ 109.739261835577437, -7.790091548244884, 0.0 ], [ 109.73926211825821, -7.790076719553571, 0.0 ], [ 109.739257122624252, -7.790056308715175, 0.0 ], [ 109.739282745161773, -7.790017795125981, 0.0 ], [ 109.739294211582475, -7.790000559874852, 0.0 ], [ 109.739312756048307, -7.789972685452788, 0.0 ], [ 109.739334362295949, -7.789940208647347, 0.0 ], [ 109.739356715545725, -7.789906609230474, 0.0 ], [ 109.73936838928978, -7.789889062178747, 0.0 ], [ 109.739395268871419, -7.789848659063053, 0.0 ], [ 109.739405478210315, -7.789833313323511, 0.0 ], [ 109.739424022663528, -7.789805438893998, 0.0 ], [ 109.739446128335871, -7.78977221136308, 0.0 ], [ 109.739468481566632, -7.789738611933986, 0.0 ], [ 109.739479661590323, -7.78972180698751, 0.0 ], [ 109.739507792484559, -7.789679522954458, 0.0 ], [ 109.739516744743867, -7.78966606672752, 0.0 ], [ 109.739534062375824, -7.789640036319797, 0.0 ], [ 109.739535923372458, -7.789637239028706, 0.0 ], [ 109.739557894280665, -7.789604214030652, 0.0 ], [ 109.739580247492412, -7.789570614595769, 0.0 ], [ 109.73960260061331, -7.789537015068153, 0.0 ], [ 109.739620316001293, -7.789510386803474, 0.0 ], [ 109.739628011183129, -7.7894988200869, 0.0 ], [ 109.739646555611145, -7.78947094564253, 0.0 ], [ 109.739648446865132, -7.789468102856592, 0.0 ], [ 109.739669660130332, -7.789436216656375, 0.0 ], [ 109.739692013323008, -7.789402617209201, 0.0 ], [ 109.73971436642492, -7.789369017675881, 0.0 ], [ 109.739732839421578, -7.789341250603613, 0.0 ], [ 109.739739277528116, -7.789331573401636, 0.0 ], [ 109.739751731678581, -7.789312853332175, 0.0 ], [ 109.739759072794371, -7.789301818775859, 0.0 ], [ 109.739781425884871, -7.789268219233817, 0.0 ], [ 109.739789101095582, -7.789256682486565, 0.0 ], [ 109.739801781071577, -7.789263234438742, 0.0 ], [ 109.739820409624613, -7.789275955457923, 0.0 ], [ 109.739835045034894, -7.789285949735787, 0.0 ], [ 109.739844995978402, -7.789294808018112, 0.0 ], [ 109.7398728872936, -7.789332648093525, 0.0 ], [ 109.739884458909671, -7.789348347193633, 0.0 ], [ 109.739900778614668, -7.789370487792183, 0.0 ], [ 109.739906327915776, -7.789382359445725, 0.0 ], [ 109.739908577171022, -7.789395789139694, 0.0 ], [ 109.739918028445686, -7.789426452712105, 0.0 ], [ 109.739922697593784, -7.789465982264786, 0.0 ], [ 109.739924854362428, -7.789475378672556, 0.0 ], [ 109.739927066573102, -7.789499709356801, 0.0 ], [ 109.739928390065373, -7.78952756653969, 0.0 ], [ 109.739928386995615, -7.789527716612237, 0.0 ], [ 109.739929540016661, -7.789555575904974, 0.0 ], [ 109.739928456444403, -7.789611431877051, 0.0 ], [ 109.739926289398255, -7.789723143821072, 0.0 ], [ 109.739925783737377, -7.789749209676045, 0.0 ], [ 109.739925710281497, -7.789752995904656, 0.0 ], [ 109.739924664034177, -7.789806927778301, 0.0 ], [ 109.739924122246464, -7.789834855763978, 0.0 ] ], [ [ 109.739792582309377, -7.790225478955406, 0.0 ], [ 109.739791994146643, -7.790219720471345, 0.0 ], [ 109.739786449996615, -7.790169679731108, 0.0 ], [ 109.739786441877712, -7.790169601505426, 0.0 ], [ 109.739787506652078, -7.790114713616628, 0.0 ], [ 109.739788609081884, -7.79005788957102, 0.0 ], [ 109.739789692633437, -7.790002033603427, 0.0 ], [ 109.739789672973217, -7.789999249171171, 0.0 ], [ 109.739787870084243, -7.789946999504479, 0.0 ], [ 109.739787863753264, -7.789946168974817, 0.0 ], [ 109.739787800130117, -7.789945412768277, 0.0 ], [ 109.739787052690431, -7.789941866689406, 0.0 ], [ 109.739780389080082, -7.789939493877703, 0.0 ], [ 109.739750475378059, -7.789926723269151, 0.0 ], [ 109.739731105602658, -7.789921178601901, 0.0 ], [ 109.739714624722993, -7.789945951174806, 0.0 ], [ 109.739698819486918, -7.789969708277932, 0.0 ], [ 109.739682743712052, -7.789993872180186, 0.0 ], [ 109.739676466356784, -7.79000330781724, 0.0 ], [ 109.739654113120338, -7.790036907257346, 0.0 ], [ 109.739631759970138, -7.790070506780044, 0.0 ], [ 109.739609406729159, -7.79010410621657, 0.0 ], [ 109.7396033582489, -7.790113197821599, 0.0 ], [ 109.739599073248314, -7.790132515797824, 0.0 ], [ 109.739594259335064, -7.790144935222663, 0.0 ], [ 109.739590755083711, -7.790169019522079, 0.0 ], [ 109.739618285859649, -7.790189348844238, 0.0 ], [ 109.739639895877374, -7.790203430644731, 0.0 ], [ 109.739666707749592, -7.790225104607079, 0.0 ], [ 109.739670986414282, -7.790228300741751, 0.0 ], [ 109.739674171053835, -7.790230745131426, 0.0 ], [ 109.739701542216878, -7.79025370098025, 0.0 ], [ 109.739711240873064, -7.79026230183401, 0.0 ], [ 109.739730036019353, -7.790278910772826, 0.0 ], [ 109.739732634799523, -7.790278569055912, 0.0 ], [ 109.739734389646614, -7.790281165084473, 0.0 ], [ 109.73976580060841, -7.790301381748399, 0.0 ], [ 109.739785907213459, -7.790324997554659, 0.0 ], [ 109.739801761560543, -7.790297094181931, 0.0 ], [ 109.739803387604084, -7.790281370278012, 0.0 ], [ 109.739792582309377, -7.790225478955406, 0.0 ] ] ] } },
{ "type": "Feature", "properties": { "Join_Count": 1, "TARGET_FID": 22, "JOIN_FID": 51, "Id": 51, "Contour": 280.0, "Shape_Leng": 286.81009917900002, "Skor": 2.0, "Shape_Le_1": 286.81009917599999, "Shape_Area": 3936.20820852 }, "geometry": { "type": "Polygon", "coordinates": [ [ [ 109.734136919464774, -7.789985185948404, 0.0 ], [ 109.734129976092561, -7.790001602483884, 0.0 ], [ 109.734111517344203, -7.790003513736576, 0.0 ], [ 109.734082157448086, -7.789993165383222, 0.0 ], [ 109.73407398458717, -7.789995833459579, 0.0 ], [ 109.734029427724934, -7.789873146707034, 0.0 ], [ 109.734026484830565, -7.789865043354786, 0.0 ], [ 109.734018435139717, -7.789842878753395, 0.0 ], [ 109.733962885724779, -7.789689924045314, 0.0 ], [ 109.733907336336998, -7.789536971132626, 0.0 ], [ 109.733806031719411, -7.789258029567448, 0.0 ], [ 109.733828095977074, -7.789234018454549, 0.0 ], [ 109.733852272189623, -7.789222472875021, 0.0 ], [ 109.733867361183627, -7.789217387165039, 0.0 ], [ 109.733898320951667, -7.789212409703616, 0.0 ], [ 109.733908318877951, -7.789209832007947, 0.0 ], [ 109.733963693919321, -7.789201986010727, 0.0 ], [ 109.733965232221394, -7.789201768045565, 0.0 ], [ 109.734012625003956, -7.789195052680769, 0.0 ], [ 109.734020384009781, -7.789193953291564, 0.0 ], [ 109.734132449136695, -7.78917807493591, 0.0 ], [ 109.734159419092521, -7.789174253503183, 0.0 ], [ 109.734161867016866, -7.789173906638134, 0.0 ], [ 109.734208350289279, -7.789167320266487, 0.0 ], [ 109.734227412010711, -7.789164619418695, 0.0 ], [ 109.734244514260993, -7.789162196157506, 0.0 ], [ 109.734345256612713, -7.789147922056191, 0.0 ], [ 109.734355144409619, -7.789146521056874, 0.0 ], [ 109.73435850157567, -7.789146045367728, 0.0 ], [ 109.734404075491668, -7.789139587682862, 0.0 ], [ 109.734412611939831, -7.789138378127559, 0.0 ], [ 109.734496660775491, -7.789126469282363, 0.0 ], [ 109.734524677053557, -7.789122499663474, 0.0 ], [ 109.734545402210316, -7.7891278339472, 0.0 ], [ 109.7345643421896, -7.789148576251937, 0.0 ], [ 109.734544648484814, -7.789168573457997, 0.0 ], [ 109.7345405187572, -7.789188367627227, 0.0 ], [ 109.734533603503493, -7.789204343554672, 0.0 ], [ 109.734524392712459, -7.789217220308074, 0.0 ], [ 109.734504860617562, -7.789240707224075, 0.0 ], [ 109.734493732440924, -7.78926008358472, 0.0 ], [ 109.734483119375284, -7.78927492067293, 0.0 ], [ 109.734459787616132, -7.789307538331273, 0.0 ], [ 109.734453861102324, -7.789315823608375, 0.0 ], [ 109.734411903113312, -7.789374481129038, 0.0 ], [ 109.734389802576118, -7.789405401584705, 0.0 ], [ 109.734374176872805, -7.789427303813651, 0.0 ], [ 109.73436809275789, -7.789439646570022, 0.0 ], [ 109.734355613222007, -7.789468118987565, 0.0 ], [ 109.734325686155969, -7.789538877156616, 0.0 ], [ 109.734317875793437, -7.789557343519143, 0.0 ], [ 109.734304165665421, -7.789589758688798, 0.0 ], [ 109.734301238976542, -7.789596678348175, 0.0 ], [ 109.73428460229276, -7.789636013315651, 0.0 ], [ 109.734254898732146, -7.789706242972088, 0.0 ], [ 109.734251328908186, -7.78971468324043, 0.0 ], [ 109.734234692073812, -7.789754018058075, 0.0 ], [ 109.734231302746622, -7.789762031571796, 0.0 ], [ 109.734186385436445, -7.789868231774979, 0.0 ], [ 109.73418407983543, -7.789871318476877, 0.0 ], [ 109.734183173624871, -7.789873605964796, 0.0 ], [ 109.734181100604957, -7.789878838707956, 0.0 ], [ 109.734165980308674, -7.78990918576665, 0.0 ], [ 109.734160248570831, -7.789929396561229, 0.0 ], [ 109.734151333570054, -7.78995051729942, 0.0 ], [ 109.734141808278821, -7.789973484218915, 0.0 ], [ 109.734136919464774, -7.789985185948404, 0.0 ] ] ] } },
{ "type": "Feature", "properties": { "Join_Count": 1, "TARGET_FID": 23, "JOIN_FID": 9, "Id": 9, "Contour": 520.0, "Shape_Leng": 549.80133643399995, "Skor": 3.0, "Shape_Le_1": 1209.6066937000001, "Shape_Area": 6902.3797351100002 }, "geometry": { "type": "Polygon", "coordinates": [ [ [ 109.743094132213031, -7.789086682227272, 0.0 ], [ 109.743095957370869, -7.789116196527009, 0.0 ], [ 109.743095947633449, -7.78911810454303, 0.0 ], [ 109.743093950989547, -7.789147464136889, 0.0 ], [ 109.743088440988757, -7.789168508843306, 0.0 ], [ 109.743091201853034, -7.789176604867437, 0.0 ], [ 109.743086832458829, -7.789222920900465, 0.0 ], [ 109.74308802221455, -7.789229799560178, 0.0 ], [ 109.743087779762362, -7.789235691225083, 0.0 ], [ 109.743084890421869, -7.789276998358111, 0.0 ], [ 109.743084553592809, -7.789285648533553, 0.0 ], [ 109.743080755611274, -7.789341496529803, 0.0 ], [ 109.74307695757453, -7.789397344525627, 0.0 ], [ 109.743073159588619, -7.789453192521218, 0.0 ], [ 109.743069361544372, -7.789509040516306, 0.0 ], [ 109.743065563554097, -7.789564888511237, 0.0 ], [ 109.743061765508614, -7.789620736505627, 0.0 ], [ 109.74305796751392, -7.789676584499914, 0.0 ], [ 109.743054169460947, -7.789732432493668, 0.0 ], [ 109.743050371461891, -7.7897882804872, 0.0 ], [ 109.743046573407639, -7.789844128480322, 0.0 ], [ 109.74304277540422, -7.789899976473209, 0.0 ], [ 109.743038757916693, -7.789959051018208, 0.0 ], [ 109.743035165862537, -7.790011870577429, 0.0 ], [ 109.743031381271734, -7.790067520449523, 0.0 ], [ 109.743027583259533, -7.790123368441097, 0.0 ], [ 109.743023785189081, -7.790179216432148, 0.0 ], [ 109.743019987175614, -7.790235064422985, 0.0 ], [ 109.743016189100771, -7.790290912413393, 0.0 ], [ 109.743012391079816, -7.790346760403595, 0.0 ], [ 109.743008593000596, -7.790402608393244, 0.0 ], [ 109.743004794978404, -7.790458456382815, 0.0 ], [ 109.743002895949346, -7.790486380377387, 0.0 ], [ 109.74299909788958, -7.79054222836628, 0.0 ], [ 109.742995956531104, -7.790588420087432, 0.0 ], [ 109.742994552068467, -7.790609071634492, 0.0 ], [ 109.742992389721138, -7.790640867492784, 0.0 ], [ 109.742990490687816, -7.790668791723222, 0.0 ], [ 109.742988822940362, -7.79069331492704, 0.0 ], [ 109.742985804709946, -7.790737696325025, 0.0 ], [ 109.742984192408798, -7.790744695128291, 0.0 ], [ 109.742972396953192, -7.790788886944107, 0.0 ], [ 109.742970983173251, -7.790793511611017, 0.0 ], [ 109.742956642088345, -7.790829106389626, 0.0 ], [ 109.74294056710346, -7.790869004661801, 0.0 ], [ 109.742926025648643, -7.790905096746299, 0.0 ], [ 109.742908417129172, -7.79094880121562, 0.0 ], [ 109.742892226834158, -7.790988985698005, 0.0 ], [ 109.742876267137603, -7.791028597764758, 0.0 ], [ 109.74286019211938, -7.791068496018055, 0.0 ], [ 109.742854863591987, -7.791081721468696, 0.0 ], [ 109.742844117128669, -7.791108394302702, 0.0 ], [ 109.742828042118902, -7.791148292569936, 0.0 ], [ 109.74281363162207, -7.791184059544233, 0.0 ], [ 109.742811775797534, -7.791187998899756, 0.0 ], [ 109.742807799841046, -7.791194872631441, 0.0 ], [ 109.742789219854032, -7.791202494688366, 0.0 ], [ 109.742777089981956, -7.791209225417602, 0.0 ], [ 109.742751729255403, -7.791215459673236, 0.0 ], [ 109.742728556559527, -7.791216558964348, 0.0 ], [ 109.742718369936725, -7.791217042200668, 0.0 ], [ 109.742675234796209, -7.791219088482901, 0.0 ], [ 109.742659370483977, -7.791219841075756, 0.0 ], [ 109.742621913051977, -7.791221618010854, 0.0 ], [ 109.742600371050514, -7.791222639923181, 0.0 ], [ 109.742583677955054, -7.791223431822992, 0.0 ], [ 109.74252766085597, -7.791226089156632, 0.0 ], [ 109.742471643757213, -7.791228746554037, 0.0 ], [ 109.742415626659096, -7.791231403872602, 0.0 ], [ 109.742359609561277, -7.791234061248511, 0.0 ], [ 109.742354777006312, -7.791233736501201, 0.0 ], [ 109.742305619932694, -7.791236390114848, 0.0 ], [ 109.742303593966511, -7.791236215116696, 0.0 ], [ 109.742278253670975, -7.791207827662322, 0.0 ], [ 109.742260154117744, -7.791182416984443, 0.0 ], [ 109.74224780507889, -7.791162403913929, 0.0 ], [ 109.742219935295353, -7.791117237573501, 0.0 ], [ 109.742212786343501, -7.791105651825053, 0.0 ], [ 109.742189506871298, -7.791067924657836, 0.0 ], [ 109.742136325977498, -7.790981738585203, 0.0 ], [ 109.742087498778233, -7.790902608270496, 0.0 ], [ 109.742063532704535, -7.790863768276561, 0.0 ], [ 109.742052716708926, -7.790846239636791, 0.0 ], [ 109.742020888820505, -7.790794658699979, 0.0 ], [ 109.742018436724521, -7.790790684774515, 0.0 ], [ 109.7419921834679, -7.790767423863876, 0.0 ], [ 109.741968991687443, -7.790749537617335, 0.0 ], [ 109.741960586788807, -7.790743055497575, 0.0 ], [ 109.741947984902637, -7.790734616379376, 0.0 ], [ 109.741926229983008, -7.790721423539429, 0.0 ], [ 109.741885136355663, -7.790696503075315, 0.0 ], [ 109.741855420294783, -7.790678482320097, 0.0 ], [ 109.741821663315477, -7.790658011056636, 0.0 ], [ 109.7418012745444, -7.790645646665118, 0.0 ], [ 109.741762855691846, -7.790622348244415, 0.0 ], [ 109.741716573377005, -7.790594281200333, 0.0 ], [ 109.741682241146179, -7.790573461043746, 0.0 ], [ 109.741647385598441, -7.7905523235517, 0.0 ], [ 109.741577726556685, -7.790510080043587, 0.0 ], [ 109.741577695108219, -7.790510028138614, 0.0 ], [ 109.741576112165276, -7.790508543928922, 0.0 ], [ 109.741549018926975, -7.790482764408265, 0.0 ], [ 109.741521765201199, -7.7904661213624, 0.0 ], [ 109.741514378182487, -7.790461413964366, 0.0 ], [ 109.741496944001796, -7.790453980909962, 0.0 ], [ 109.741507619145068, -7.790439826095136, 0.0 ], [ 109.741521893517231, -7.790423145686328, 0.0 ], [ 109.741578087309037, -7.790361266316434, 0.0 ], [ 109.7416342810846, -7.790299386767898, 0.0 ], [ 109.741645670574655, -7.790286844903046, 0.0 ], [ 109.741666897184814, -7.790263470637247, 0.0 ], [ 109.741693519674513, -7.790234154465772, 0.0 ], [ 109.741721556045974, -7.790203281392388, 0.0 ], [ 109.741748499835012, -7.790173611429399, 0.0 ], [ 109.741802862309711, -7.790113748394211, 0.0 ], [ 109.741848031612861, -7.790064008832531, 0.0 ], [ 109.741853254570884, -7.790058257421263, 0.0 ], [ 109.741879877034194, -7.790028941233661, 0.0 ], [ 109.74189862187815, -7.790008299794256, 0.0 ], [ 109.741915249708967, -7.789989989535051, 0.0 ], [ 109.741971443383903, -7.789928109928163, 0.0 ], [ 109.742027637041616, -7.789866230472925, 0.0 ], [ 109.742050392377479, -7.789841172628816, 0.0 ], [ 109.742066234190844, -7.78982372787571, 0.0 ], [ 109.74209285666447, -7.789794411708694, 0.0 ], [ 109.742100982600931, -7.789785463557236, 0.0 ], [ 109.742140024307247, -7.789742471369698, 0.0 ], [ 109.742196217914639, -7.78968059188372, 0.0 ], [ 109.742252752893549, -7.789618336291832, 0.0 ], [ 109.74228050829467, -7.789587772517213, 0.0 ], [ 109.742305836007318, -7.7895598819875, 0.0 ], [ 109.742308605079671, -7.789556832718914, 0.0 ], [ 109.742364798636771, -7.789494953202081, 0.0 ], [ 109.742404523213509, -7.789451208952054, 0.0 ], [ 109.742412325591559, -7.789442617073281, 0.0 ], [ 109.742438948016243, -7.789413300879573, 0.0 ], [ 109.742455113341833, -7.789395499822303, 0.0 ], [ 109.742477185701219, -7.789371193975771, 0.0 ], [ 109.74250034390829, -7.789362846267736, 0.0 ], [ 109.742515213723649, -7.789357791621573, 0.0 ], [ 109.742533253418117, -7.78935148405917, 0.0 ], [ 109.742542812469352, -7.789349428176907, 0.0 ], [ 109.742590079659891, -7.789339262250381, 0.0 ], [ 109.742634782501696, -7.789329647967887, 0.0 ], [ 109.742661818292746, -7.789323833303192, 0.0 ], [ 109.742680767487812, -7.789319757826159, 0.0 ], [ 109.742726752516035, -7.789309867718099, 0.0 ], [ 109.742733557022262, -7.789308404246124, 0.0 ], [ 109.742757432908192, -7.789303269186711, 0.0 ], [ 109.74277113786377, -7.789298372685839, 0.0 ], [ 109.742810694491382, -7.789287622791946, 0.0 ], [ 109.742813491113267, -7.789286743090537, 0.0 ], [ 109.74281589610311, -7.789284851687954, 0.0 ], [ 109.74284551019683, -7.789260937049768, 0.0 ], [ 109.742869631697801, -7.789242591454965, 0.0 ], [ 109.742877163414065, -7.789236668143053, 0.0 ], [ 109.742908467523279, -7.789212048981665, 0.0 ], [ 109.742925772271448, -7.789198439673984, 0.0 ], [ 109.742957416725176, -7.789173552947932, 0.0 ], [ 109.742981912833471, -7.789154287974291, 0.0 ], [ 109.743002379929393, -7.789138191590334, 0.0 ], [ 109.74303368406494, -7.78911357246275, 0.0 ], [ 109.743038053384353, -7.789110136203642, 0.0 ], [ 109.743050475450005, -7.789105594313795, 0.0 ], [ 109.743084842269994, -7.78910887247213, 0.0 ], [ 109.743094132213031, -7.789086682227272, 0.0 ] ], [ [ 109.74299055168153, -7.789592595658672, 0.0 ], [ 109.742992450688561, -7.78956467166245, 0.0 ], [ 109.742993303561065, -7.789552130754266, 0.0 ], [ 109.742995268500849, -7.789523237963083, 0.0 ], [ 109.742996248772556, -7.789508823669967, 0.0 ], [ 109.742997364967763, -7.789492410596064, 0.0 ], [ 109.742998147777911, -7.789480899673475, 0.0 ], [ 109.743000046785838, -7.789452975676959, 0.0 ], [ 109.743003844781342, -7.789397127683568, 0.0 ], [ 109.743000767292344, -7.789377650228392, 0.0 ], [ 109.742984002241911, -7.789343857155983, 0.0 ], [ 109.742983233514252, -7.789341207293337, 0.0 ], [ 109.742982803061494, -7.789339766572862, 0.0 ], [ 109.742981363235444, -7.789338602208916, 0.0 ], [ 109.742978070237712, -7.78934119197918, 0.0 ], [ 109.742948759264493, -7.78936452455005, 0.0 ], [ 109.742925222645965, -7.78938275382655, 0.0 ], [ 109.742907309884302, -7.78939684135559, 0.0 ], [ 109.742885993944483, -7.789413605274836, 0.0 ], [ 109.742854689724084, -7.789438224334304, 0.0 ], [ 109.742836549491116, -7.789452490716943, 0.0 ], [ 109.742812941432177, -7.789471057312065, 0.0 ], [ 109.742790611948635, -7.789485988304468, 0.0 ], [ 109.74276199186879, -7.789508128798736, 0.0 ], [ 109.742759042025298, -7.789510340795329, 0.0 ], [ 109.742756809970274, -7.789512137134484, 0.0 ], [ 109.742751521866325, -7.789513368048523, 0.0 ], [ 109.742713995196468, -7.789521172193789, 0.0 ], [ 109.742700764262878, -7.789524462178103, 0.0 ], [ 109.742679554362851, -7.789529023878812, 0.0 ], [ 109.742668374956722, -7.789531428304775, 0.0 ], [ 109.742622389934212, -7.789541318428391, 0.0 ], [ 109.742607815462677, -7.789544453052687, 0.0 ], [ 109.742588674459782, -7.789548569779949, 0.0 ], [ 109.742532629555583, -7.789560623411916, 0.0 ], [ 109.742530762389208, -7.789561442288752, 0.0 ], [ 109.742492481506787, -7.789579061807645, 0.0 ], [ 109.742476542653762, -7.789586754488383, 0.0 ], [ 109.74246117432395, -7.789603677892729, 0.0 ], [ 109.742448445877073, -7.789617694257346, 0.0 ], [ 109.74242034909625, -7.789648634020458, 0.0 ], [ 109.742407929507266, -7.789662310341749, 0.0 ], [ 109.742396748428618, -7.789674622862028, 0.0 ], [ 109.742364155521017, -7.789710513869326, 0.0 ], [ 109.74225176832222, -7.789834272878843, 0.0 ], [ 109.742248195047679, -7.789838207718017, 0.0 ], [ 109.742244978079896, -7.789841750184225, 0.0 ], [ 109.742195574697661, -7.789896152369834, 0.0 ], [ 109.742168327717337, -7.789926156326318, 0.0 ], [ 109.742143797664184, -7.789953168357071, 0.0 ], [ 109.742139381056376, -7.789958031850514, 0.0 ], [ 109.742115082830296, -7.789984788740902, 0.0 ], [ 109.742093207680597, -7.790008877431757, 0.0 ], [ 109.742088460449452, -7.790014105011312, 0.0 ], [ 109.742061837937499, -7.790043421152773, 0.0 ], [ 109.74204261740914, -7.790064586497277, 0.0 ], [ 109.742026993722433, -7.790081791108303, 0.0 ], [ 109.741916141831581, -7.790203859125267, 0.0 ], [ 109.741902103125298, -7.790219318290851, 0.0 ], [ 109.741890846687795, -7.790231713644516, 0.0 ], [ 109.741858412597324, -7.790267429424092, 0.0 ], [ 109.741848858131902, -7.790277950626915, 0.0 ], [ 109.741840256393189, -7.790287422676921, 0.0 ], [ 109.741802218855398, -7.79032930884324, 0.0 ], [ 109.741795613126556, -7.790336582953704, 0.0 ], [ 109.741768990672668, -7.79036589916728, 0.0 ], [ 109.741746025095793, -7.790391188559772, 0.0 ], [ 109.74173907605612, -7.790398840717531, 0.0 ], [ 109.741688485720729, -7.790454549724977, 0.0 ], [ 109.741688786536855, -7.790455585111835, 0.0 ], [ 109.741684727511839, -7.790505463641312, 0.0 ], [ 109.741685515729088, -7.790510400133819, 0.0 ], [ 109.741689652671269, -7.790512908907373, 0.0 ], [ 109.741695923612241, -7.790516696480792, 0.0 ], [ 109.741723018004592, -7.790533034725367, 0.0 ], [ 109.74174556080321, -7.79054671690461, 0.0 ], [ 109.741758978814346, -7.790553076454652, 0.0 ], [ 109.741778080299952, -7.790566534221211, 0.0 ], [ 109.741801468369971, -7.790580717483518, 0.0 ], [ 109.741827517063996, -7.790596514202866, 0.0 ], [ 109.74186237260767, -7.790617651704776, 0.0 ], [ 109.741897228189501, -7.790638789168796, 0.0 ], [ 109.741913284107824, -7.790648525980615, 0.0 ], [ 109.741966939270753, -7.790681064180191, 0.0 ], [ 109.742001794857728, -7.790702201640435, 0.0 ], [ 109.742025099884444, -7.790716334524919, 0.0 ], [ 109.742055774175881, -7.790734936384689, 0.0 ], [ 109.742069288711207, -7.790746674833751, 0.0 ], [ 109.742096991722747, -7.790774903397349, 0.0 ], [ 109.742110417104087, -7.790790957834638, 0.0 ], [ 109.742120497037604, -7.790807293578911, 0.0 ], [ 109.742141819009319, -7.790841848344518, 0.0 ], [ 109.742162213690179, -7.790874900448933, 0.0 ], [ 109.742184462887408, -7.790910957938554, 0.0 ], [ 109.742192507436471, -7.790923995121845, 0.0 ], [ 109.742205784809371, -7.790945512757305, 0.0 ], [ 109.742214010251601, -7.790958843059778, 0.0 ], [ 109.742227106768965, -7.790980067539961, 0.0 ], [ 109.742248246983564, -7.791014327849696, 0.0 ], [ 109.742269750688322, -7.791049177119727, 0.0 ], [ 109.742291072632554, -7.791083731926507, 0.0 ], [ 109.742303986553054, -7.791104660437597, 0.0 ], [ 109.742313516800635, -7.791117174159003, 0.0 ], [ 109.742325946216894, -7.791126753034296, 0.0 ], [ 109.742345396956907, -7.791141261510196, 0.0 ], [ 109.742359869757252, -7.791146866632999, 0.0 ], [ 109.742471903929669, -7.79114155199302, 0.0 ], [ 109.742485617082352, -7.791140901448371, 0.0 ], [ 109.742515730093061, -7.791139472877408, 0.0 ], [ 109.742527921016887, -7.791138894545155, 0.0 ], [ 109.742583938104303, -7.791136237203106, 0.0 ], [ 109.742592260531282, -7.791135842397483, 0.0 ], [ 109.742633728912466, -7.791133875213673, 0.0 ], [ 109.742751989369381, -7.791128265131854, 0.0 ], [ 109.742752133739302, -7.791128161499796, 0.0 ], [ 109.742752238555141, -7.791128018134554, 0.0 ], [ 109.742752501302917, -7.791127510597176, 0.0 ], [ 109.742771927997978, -7.791091994661937, 0.0 ], [ 109.742781004798786, -7.791072244238909, 0.0 ], [ 109.74280024921751, -7.791024479426484, 0.0 ], [ 109.742820950130366, -7.790973099579524, 0.0 ], [ 109.742825962390526, -7.790960659128861, 0.0 ], [ 109.742836581684031, -7.790934302030329, 0.0 ], [ 109.742848441225789, -7.790904866570549, 0.0 ], [ 109.742853100153823, -7.790893303064605, 0.0 ], [ 109.742869175157111, -7.790853404807009, 0.0 ], [ 109.742885250131962, -7.790813506519026, 0.0 ], [ 109.742893398800746, -7.790793281446862, 0.0 ], [ 109.742900811093477, -7.790773092536033, 0.0 ], [ 109.742908242377382, -7.790750333432714, 0.0 ], [ 109.74291269163075, -7.790737479430004, 0.0 ], [ 109.742916489676603, -7.790681631444316, 0.0 ], [ 109.742920198801272, -7.790627092553734, 0.0 ], [ 109.742927499575956, -7.790519738903662, 0.0 ], [ 109.742928321542763, -7.790507652409129, 0.0 ], [ 109.742931066356263, -7.790467291467214, 0.0 ], [ 109.742932382923769, -7.790447932321687, 0.0 ], [ 109.742934633209217, -7.790414844101941, 0.0 ], [ 109.742935480078643, -7.79040239151172, 0.0 ], [ 109.742937379101519, -7.790374467517945, 0.0 ], [ 109.742939278123814, -7.79034654352414, 0.0 ], [ 109.742943076154347, -7.790290695536139, 0.0 ], [ 109.742944975178119, -7.79026277154202, 0.0 ], [ 109.742946874204463, -7.790234847547826, 0.0 ], [ 109.742948628507321, -7.790209051890709, 0.0 ], [ 109.742950672289837, -7.790178999559376, 0.0 ], [ 109.742954470341814, -7.790123151570442, 0.0 ], [ 109.742958268363594, -7.790067303581067, 0.0 ], [ 109.742959600715778, -7.790047712140374, 0.0 ], [ 109.742960167392354, -7.790039379586354, 0.0 ], [ 109.74296206642056, -7.790011455591521, 0.0 ], [ 109.742963167525346, -7.789995264746709, 0.0 ], [ 109.742965864509642, -7.789955607601704, 0.0 ], [ 109.742977258548692, -7.789788063629586, 0.0 ], [ 109.742981001441649, -7.789733027670038, 0.0 ], [ 109.742982955669888, -7.789704291642761, 0.0 ], [ 109.74299055168153, -7.789592595658672, 0.0 ] ] ] } },
{ "type": "Feature", "properties": { "Join_Count": 1, "TARGET_FID": 24, "JOIN_FID": 25, "Id": 25, "Contour": 360.0, "Shape_Leng": 1.93419676946, "Skor": 2.0, "Shape_Le_1": 3824.5824418399998, "Shape_Area": 48056.195421199998 }, "geometry": { "type": "Polygon", "coordinates": [ [ [ 109.732124908486426, -7.795508963802728, 0.0 ], [ 109.732173284859257, -7.795295485608205, 0.0 ], [ 109.733544115255, -7.795672333026117, 0.0 ], [ 109.733552853771101, -7.795669026716506, 0.0 ], [ 109.733888982989015, -7.795645156002691, 0.0 ], [ 109.733906670892438, -7.795643899799882, 0.0 ], [ 109.733928972017665, -7.795642315880936, 0.0 ], [ 109.73394500452666, -7.795641177236711, 0.0 ], [ 109.734057047600757, -7.79563322020015, 0.0 ], [ 109.73406274870527, -7.795632413168791, 0.0 ], [ 109.734087307849265, -7.795626803220055, 0.0 ], [ 109.73406080988471, -7.79562300246212, 0.0 ], [ 109.734057089800771, -7.795619179371933, 0.0 ], [ 109.734032213713292, -7.795595659203419, 0.0 ], [ 109.73403029753905, -7.795570773738401, 0.0 ], [ 109.734001287470548, -7.795550226641299, 0.0 ], [ 109.733976959105917, -7.795539051715823, 0.0 ], [ 109.733951096889498, -7.795514677911679, 0.0 ], [ 109.733974904689646, -7.795488251426409, 0.0 ], [ 109.734001546675984, -7.795463986024988, 0.0 ], [ 109.734004175284539, -7.795461591905346, 0.0 ], [ 109.734007666232969, -7.795458987971842, 0.0 ], [ 109.734038264329911, -7.795439766784407, 0.0 ], [ 109.734057665651534, -7.795427579155045, 0.0 ], [ 109.734113781144487, -7.795392328112598, 0.0 ], [ 109.734169896628146, -7.795357077258755, 0.0 ], [ 109.734226012103719, -7.795321826195051, 0.0 ], [ 109.734244309546639, -7.795310331992213, 0.0 ], [ 109.73427865047725, -7.795288759585487, 0.0 ], [ 109.73428212757004, -7.79528657532322, 0.0 ], [ 109.734338243028276, -7.795251324244747, 0.0 ], [ 109.734346759115553, -7.795245039660611, 0.0 ], [ 109.73435562296649, -7.795236591772632, 0.0 ], [ 109.734363780619802, -7.795211267200313, 0.0 ], [ 109.734365592272951, -7.795207908174764, 0.0 ], [ 109.734370163906817, -7.795180776164617, 0.0 ], [ 109.73436609625881, -7.795124904944494, 0.0 ], [ 109.734362028492228, -7.795069033723967, 0.0 ], [ 109.734360459494184, -7.795047483073099, 0.0 ], [ 109.734359453703703, -7.79503366844291, 0.0 ], [ 109.734356677747954, -7.794995539942409, 0.0 ], [ 109.734355053235717, -7.794973226464723, 0.0 ], [ 109.734352896045323, -7.794943596772961, 0.0 ], [ 109.734350652714795, -7.794912784434552, 0.0 ], [ 109.734349114283191, -7.794891653658381, 0.0 ], [ 109.734346252268324, -7.794852342479013, 0.0 ], [ 109.73434575765549, -7.794845548842695, 0.0 ], [ 109.734341689888367, -7.794789677622146, 0.0 ], [ 109.734337622239579, -7.794733806401921, 0.0 ], [ 109.734333554469089, -7.79467793518141, 0.0 ], [ 109.734333050750962, -7.794671016433886, 0.0 ], [ 109.734330205671341, -7.794631937888465, 0.0 ], [ 109.734328650304022, -7.794610574478303, 0.0 ], [ 109.734326423908698, -7.794579994770567, 0.0 ], [ 109.734324249779192, -7.794550132444805, 0.0 ], [ 109.734322642205314, -7.794528051601035, 0.0 ], [ 109.734319849313266, -7.794489690469807, 0.0 ], [ 109.73431886045806, -7.794476108470297, 0.0 ], [ 109.73431728363235, -7.7944544502998, 0.0 ], [ 109.734313215864475, -7.794398579079251, 0.0 ], [ 109.734309148211764, -7.794342707858984, 0.0 ], [ 109.734305080443676, -7.794286836638402, 0.0 ], [ 109.734301012793878, -7.794230965418128, 0.0 ], [ 109.734296945022407, -7.794175094197445, 0.0 ], [ 109.734292877372425, -7.794119222977205, 0.0 ], [ 109.73428474183207, -7.794007480535841, 0.0 ], [ 109.734280674181733, -7.793951609315553, 0.0 ], [ 109.734276606412848, -7.793895738094903, 0.0 ], [ 109.734272538762283, -7.793839866874512, 0.0 ], [ 109.734268470990045, -7.79378399565387, 0.0 ], [ 109.734264403339282, -7.793728124433495, 0.0 ], [ 109.734260335569957, -7.793672253212741, 0.0 ], [ 109.73425457098125, -7.793593075026287, 0.0 ], [ 109.734254233996779, -7.793588446381934, 0.0 ], [ 109.734250789263527, -7.79354113186631, 0.0 ], [ 109.734249441366018, -7.793522618399894, 0.0 ], [ 109.734247007508245, -7.793489188741783, 0.0 ], [ 109.734245040900987, -7.793462176431122, 0.0 ], [ 109.734244064722148, -7.793448768330534, 0.0 ], [ 109.734239996952255, -7.793392897109734, 0.0 ], [ 109.734235929300695, -7.793337025889365, 0.0 ], [ 109.734231880567378, -7.793281416166287, 0.0 ], [ 109.734228098886604, -7.79322947297081, 0.0 ], [ 109.734227438940351, -7.793220408442412, 0.0 ], [ 109.734224317108854, -7.79317752986561, 0.0 ], [ 109.734223038400117, -7.793159966395673, 0.0 ], [ 109.734220535412305, -7.793125586683008, 0.0 ], [ 109.734218637943712, -7.793099524433364, 0.0 ], [ 109.734216753653101, -7.793073643564906, 0.0 ], [ 109.734215590679725, -7.79305766978608, 0.0 ], [ 109.734211522909064, -7.793001798565245, 0.0 ], [ 109.734207455253625, -7.792945927344718, 0.0 ], [ 109.734203387482779, -7.792890056123917, 0.0 ], [ 109.734199319830196, -7.792834184903427, 0.0 ], [ 109.734196742896685, -7.792815020401139, 0.0 ], [ 109.734192084905359, -7.792792748789963, 0.0 ], [ 109.734189863087849, -7.79277829758024, 0.0 ], [ 109.734187039513174, -7.792768947746002, 0.0 ], [ 109.734177715068597, -7.792754947633858, 0.0 ], [ 109.733986164851714, -7.792554252629659, 0.0 ], [ 109.733970617288847, -7.792537962761751, 0.0 ], [ 109.733954381345214, -7.792520951725668, 0.0 ], [ 109.733932698580347, -7.792498233785692, 0.0 ], [ 109.733879232575546, -7.792442214937937, 0.0 ], [ 109.733506312179784, -7.792051489990537, 0.0 ], [ 109.733479798001298, -7.792023709835202, 0.0 ], [ 109.733451881368367, -7.791994460379958, 0.0 ], [ 109.733398037156945, -7.791938045094448, 0.0 ], [ 109.733237638853836, -7.791769988396731, 0.0 ], [ 109.733233214526578, -7.791765307065222, 0.0 ], [ 109.733228548445766, -7.791760463951316, 0.0 ], [ 109.733184172783098, -7.791713969488216, 0.0 ], [ 109.733178715385165, -7.791707951159451, 0.0 ], [ 109.733172715253346, -7.791701964897149, 0.0 ], [ 109.733130706723358, -7.79165795057517, 0.0 ], [ 109.733124271342092, -7.79165054064557, 0.0 ], [ 109.733116882076345, -7.791643465837981, 0.0 ], [ 109.733098865250028, -7.791624588752699, 0.0 ], [ 109.733196356902042, -7.791157235666264, 0.0 ], [ 109.733209106225786, -7.791176594059823, 0.0 ], [ 109.733232114470994, -7.791209476666425, 0.0 ], [ 109.733233532640256, -7.791211385624632, 0.0 ], [ 109.733278879462631, -7.79126738024585, 0.0 ], [ 109.733324225907069, -7.791323374862906, 0.0 ], [ 109.733414919613139, -7.791435364090105, 0.0 ], [ 109.733453418820929, -7.791482903572303, 0.0 ], [ 109.733457196354507, -7.791487568119871, 0.0 ], [ 109.73348221343096, -7.791518459275823, 0.0 ], [ 109.73348996521284, -7.791528031273415, 0.0 ], [ 109.733505612973048, -7.791547353303883, 0.0 ], [ 109.733596306769073, -7.791659342506625, 0.0 ], [ 109.733641653294953, -7.791715337102193, 0.0 ], [ 109.733732428706176, -7.791827426976325, 0.0 ], [ 109.733777693721635, -7.791883320872937, 0.0 ], [ 109.733868387660422, -7.791995310038947, 0.0 ], [ 109.733882485979265, -7.792012718757324, 0.0 ], [ 109.733899834848359, -7.792034141110088, 0.0 ], [ 109.733913734645711, -7.792051304617302, 0.0 ], [ 109.733959081253062, -7.792107299191462, 0.0 ], [ 109.734049775284973, -7.792219288332912, 0.0 ], [ 109.734095142213434, -7.792275307949362, 0.0 ], [ 109.734185816025857, -7.79238727202092, 0.0 ], [ 109.734231162702997, -7.792443266576698, 0.0 ], [ 109.734232966996913, -7.792444955907141, 0.0 ], [ 109.734234647607011, -7.792447569738148, 0.0 ], [ 109.734257742241383, -7.792476086880556, 0.0 ], [ 109.734276509781424, -7.79249926113054, 0.0 ], [ 109.734284021060219, -7.792505727273519, 0.0 ], [ 109.734290453734104, -7.79251516315426, 0.0 ], [ 109.734309909528605, -7.792518775392478, 0.0 ], [ 109.734331385325902, -7.792514464344362, 0.0 ], [ 109.73434644167753, -7.792522230225148, 0.0 ], [ 109.734356970509722, -7.792544792383662, 0.0 ], [ 109.734356937785492, -7.792555360488222, 0.0 ], [ 109.734355575856966, -7.792564593022172, 0.0 ], [ 109.734346182194173, -7.792608619860145, 0.0 ], [ 109.734345838549416, -7.792610850357599, 0.0 ], [ 109.734345940487387, -7.792611186703309, 0.0 ], [ 109.734345980890538, -7.792611379322142, 0.0 ], [ 109.734344050570286, -7.792665083360013, 0.0 ], [ 109.734344321118201, -7.792667040935104, 0.0 ], [ 109.734344424795111, -7.792668614213572, 0.0 ], [ 109.73434592338883, -7.792694782778216, 0.0 ], [ 109.734350400738379, -7.792718382122943, 0.0 ], [ 109.734350597895343, -7.792722918757454, 0.0 ], [ 109.734350935080784, -7.792728017585525, 0.0 ], [ 109.734358029359001, -7.792766511633543, 0.0 ], [ 109.734358651086353, -7.792778801886971, 0.0 ], [ 109.734359342999724, -7.792792480259362, 0.0 ], [ 109.734362977578442, -7.792817298394843, 0.0 ], [ 109.734363685682865, -7.792834675998241, 0.0 ], [ 109.734364458448397, -7.792853639561695, 0.0 ], [ 109.734366395251556, -7.792869602479084, 0.0 ], [ 109.734367106556931, -7.792890545288249, 0.0 ], [ 109.73436787229133, -7.792913091617985, 0.0 ], [ 109.734368879770926, -7.792922831657224, 0.0 ], [ 109.734369563575257, -7.792946411698535, 0.0 ], [ 109.734370292510718, -7.792971546763265, 0.0 ], [ 109.734370753526505, -7.792976666321301, 0.0 ], [ 109.734371399208996, -7.793002276252365, 0.0 ], [ 109.73437208225333, -7.793029369342523, 0.0 ], [ 109.734372205677161, -7.793030918945559, 0.0 ], [ 109.7343728106447, -7.79305813953872, 0.0 ], [ 109.734374362587076, -7.793084472900737, 0.0 ], [ 109.734374502893914, -7.793087824909914, 0.0 ], [ 109.734375994773032, -7.793114008121214, 0.0 ], [ 109.73437766107547, -7.793136895138692, 0.0 ], [ 109.734378456358257, -7.793147818380833, 0.0 ], [ 109.73438144284151, -7.793188838274594, 0.0 ], [ 109.734382856855916, -7.793208260364587, 0.0 ], [ 109.734385224569962, -7.793240781442801, 0.0 ], [ 109.734387257400059, -7.793268702393831, 0.0 ], [ 109.734389006351492, -7.793292724562562, 0.0 ], [ 109.734391657875719, -7.793329144354853, 0.0 ], [ 109.734392265704244, -7.793337493011016, 0.0 ], [ 109.73439633349831, -7.793393364233578, 0.0 ], [ 109.734399695542024, -7.793439543350008, 0.0 ], [ 109.734400420577558, -7.793448485634926, 0.0 ], [ 109.734400437555038, -7.793449235564559, 0.0 ], [ 109.734400479652152, -7.793450049171715, 0.0 ], [ 109.734404237292097, -7.793500394123778, 0.0 ], [ 109.734404468961486, -7.793505106678437, 0.0 ], [ 109.734404859472875, -7.793510470406627, 0.0 ], [ 109.734407915073135, -7.793552440341983, 0.0 ], [ 109.734409259938673, -7.793570912361128, 0.0 ], [ 109.734411696857208, -7.793604383455201, 0.0 ], [ 109.734413660491356, -7.793631354400024, 0.0 ], [ 109.734415478581766, -7.793656326633054, 0.0 ], [ 109.734418060978641, -7.79369179637394, 0.0 ], [ 109.73441926035315, -7.793708269762447, 0.0 ], [ 109.734420739892741, -7.79372859156794, 0.0 ], [ 109.734424807682927, -7.793784462790494, 0.0 ], [ 109.734428875354581, -7.7938403340126, 0.0 ], [ 109.734432943147652, -7.793896205235177, 0.0 ], [ 109.734437010819079, -7.793952076457302, 0.0 ], [ 109.734441078608839, -7.794007947679766, 0.0 ], [ 109.734445146280052, -7.794063818901937, 0.0 ], [ 109.734449214072711, -7.794119690124427, 0.0 ], [ 109.734449514379989, -7.794123814926281, 0.0 ], [ 109.734453296181727, -7.7941757580233, 0.0 ], [ 109.734457349533017, -7.794231432568994, 0.0 ], [ 109.734461417325349, -7.794287303791457, 0.0 ], [ 109.734465484995994, -7.794343175013512, 0.0 ], [ 109.734469552788099, -7.794399046235957, 0.0 ], [ 109.734473620458516, -7.79445491745798, 0.0 ], [ 109.734477688247296, -7.794510788680427, 0.0 ], [ 109.734481755979843, -7.794566659902668, 0.0 ], [ 109.734483550154806, -7.794591303238228, 0.0 ], [ 109.734484068757652, -7.794598426458955, 0.0 ], [ 109.73448582370915, -7.794622531124839, 0.0 ], [ 109.734489891497631, -7.794678402347242, 0.0 ], [ 109.73449395916748, -7.794734273569218, 0.0 ], [ 109.734498026958832, -7.794790144791632, 0.0 ], [ 109.73450209462851, -7.794846016013652, 0.0 ], [ 109.734506240674378, -7.794902962103907, 0.0 ], [ 109.734510022368482, -7.794954905304079, 0.0 ], [ 109.734510471807056, -7.794961078440979, 0.0 ], [ 109.734513804162461, -7.795006848407435, 0.0 ], [ 109.734514297876814, -7.795013629680319, 0.0 ], [ 109.734518365667597, -7.795069500902581, 0.0 ], [ 109.73452243333675, -7.795125372124574, 0.0 ], [ 109.734526501124193, -7.795181243346879, 0.0 ], [ 109.734530568793076, -7.795237114568788, 0.0 ], [ 109.734534636583433, -7.795292985791098, 0.0 ], [ 109.734538704252103, -7.795348857013019, 0.0 ], [ 109.734531095044872, -7.795373958430454, 0.0 ], [ 109.734505817292913, -7.795402553780573, 0.0 ], [ 109.734504548402455, -7.795403350924572, 0.0 ], [ 109.734502547264498, -7.795404608035305, 0.0 ], [ 109.734414047406091, -7.795460202630338, 0.0 ], [ 109.734401525897312, -7.795468068482841, 0.0 ], [ 109.734367184970822, -7.795489640911055, 0.0 ], [ 109.734358131967568, -7.795495327891446, 0.0 ], [ 109.734337470857383, -7.795508306915734, 0.0 ], [ 109.734325547220706, -7.795515797201996, 0.0 ], [ 109.734330964284553, -7.795522260664856, 0.0 ], [ 109.734352947305979, -7.795556159891913, 0.0 ], [ 109.734360657019764, -7.795571761196624, 0.0 ], [ 109.734519058497099, -7.795683952705808, 0.0 ], [ 109.7345982590152, -7.795740048442333, 0.0 ], [ 109.73467745981111, -7.795796144168011, 0.0 ], [ 109.734756660373762, -7.795852239881312, 0.0 ], [ 109.734835861211167, -7.795908335583829, 0.0 ], [ 109.734838094865268, -7.79591059002206, 0.0 ], [ 109.734840345920787, -7.795911511973638, 0.0 ], [ 109.734915062070812, -7.795964431274712, 0.0 ], [ 109.734932504352955, -7.795984073472303, 0.0 ], [ 109.734952124525222, -7.795991639237177, 0.0 ], [ 109.73496892199276, -7.796003662923755, 0.0 ], [ 109.734993537609185, -7.796020524787284, 0.0 ], [ 109.734989797001788, -7.796038660639735, 0.0 ], [ 109.735007887665134, -7.796073714530571, 0.0 ], [ 109.735008781134809, -7.796075532888136, 0.0 ], [ 109.735022605997315, -7.796076470698465, 0.0 ], [ 109.734727768205886, -7.796097409777881, 0.0 ], [ 109.734703057931853, -7.796106759240732, 0.0 ], [ 109.734107988252376, -7.79582975792536, 0.0 ], [ 109.733359296578598, -7.795875374443219, 0.0 ], [ 109.732124908486426, -7.795508963802728, 0.0 ] ] ] } },
{ "type": "Feature", "properties": { "Join_Count": 1, "TARGET_FID": 25, "JOIN_FID": 11, "Id": 11, "Contour": 480.0, "Shape_Leng": 659.805357265, "Skor": 3.0, "Shape_Le_1": 1417.6886894700001, "Shape_Area": 8077.4304146000004 }, "geometry": { "type": "Polygon", "coordinates": [ [ [ 109.743172858344053, -7.789062473361652, 0.0 ], [ 109.743169060380822, -7.789118321361487, 0.0 ], [ 109.743165262359312, -7.789174169360767, 0.0 ], [ 109.743161464394859, -7.789230017359969, 0.0 ], [ 109.74315766636893, -7.789285865358607, 0.0 ], [ 109.743153868396988, -7.789341713357056, 0.0 ], [ 109.743150015849594, -7.78939836304518, 0.0 ], [ 109.743146272393474, -7.789453409352871, 0.0 ], [ 109.743142474358834, -7.789509257350159, 0.0 ], [ 109.743138676378095, -7.789565105347291, 0.0 ], [ 109.743134878342175, -7.789620953343879, 0.0 ], [ 109.743131080357088, -7.789676801340367, 0.0 ], [ 109.743127282313679, -7.789732649336321, 0.0 ], [ 109.743123484324201, -7.789788497332053, 0.0 ], [ 109.743119686279556, -7.789844345327371, 0.0 ], [ 109.743115888285701, -7.789900193322461, 0.0 ], [ 109.743112090233595, -7.789956041317045, 0.0 ], [ 109.743108292235348, -7.790011889311471, 0.0 ], [ 109.743104494181949, -7.790067737305374, 0.0 ], [ 109.743100696179326, -7.790123585299144, 0.0 ], [ 109.743096898118438, -7.790179433292396, 0.0 ], [ 109.743092947739527, -7.790237521866677, 0.0 ], [ 109.74308921222017, -7.790292450145735, 0.0 ], [ 109.743082247425562, -7.790394864152469, 0.0 ], [ 109.743081089531515, -7.790411890312271, 0.0 ], [ 109.743078680625501, -7.790447311554454, 0.0 ], [ 109.743077907952554, -7.790458673254052, 0.0 ], [ 109.743074109937751, -7.790514521245379, 0.0 ], [ 109.74307031186153, -7.7905703692363, 0.0 ], [ 109.743066513839253, -7.790626217227015, 0.0 ], [ 109.743062715761766, -7.790682065217181, 0.0 ], [ 109.743058917735127, -7.79073791320727, 0.0 ], [ 109.743055134471746, -7.790759843621145, 0.0 ], [ 109.74305201834008, -7.79077487345037, 0.0 ], [ 109.743048567594855, -7.79079374176111, 0.0 ], [ 109.743044109030834, -7.790804807968772, 0.0 ], [ 109.743028034073618, -7.790844706268525, 0.0 ], [ 109.743021567550173, -7.790860756241919, 0.0 ], [ 109.743003610042706, -7.790905326907761, 0.0 ], [ 109.742979809121593, -7.790964401098967, 0.0 ], [ 109.742963734119087, -7.791004299361591, 0.0 ], [ 109.742946841209829, -7.79104622773933, 0.0 ], [ 109.74293158413451, -7.791084095918964, 0.0 ], [ 109.74291369491111, -7.791128497173774, 0.0 ], [ 109.742891216067235, -7.791184289734469, 0.0 ], [ 109.742868737272474, -7.791240082293029, 0.0 ], [ 109.742863636392869, -7.791252742687601, 0.0 ], [ 109.742846616678122, -7.791278979811344, 0.0 ], [ 109.742817544779825, -7.791295789654189, 0.0 ], [ 109.742810923894226, -7.791299196068258, 0.0 ], [ 109.742807486250925, -7.791299996904185, 0.0 ], [ 109.74275146913827, -7.79130265426928, 0.0 ], [ 109.742744011541149, -7.79130300805121, 0.0 ], [ 109.742704887281946, -7.79130486403855, 0.0 ], [ 109.742685012107131, -7.791305806895712, 0.0 ], [ 109.742651565535652, -7.791307393581507, 0.0 ], [ 109.742626012636151, -7.791308605770608, 0.0 ], [ 109.742583417802976, -7.791310626384194, 0.0 ], [ 109.742527400692012, -7.791313283783924, 0.0 ], [ 109.742471383581787, -7.791315941111436, 0.0 ], [ 109.742415366471775, -7.791318598496174, 0.0 ], [ 109.742359349362459, -7.791321255808604, 0.0 ], [ 109.742303332253542, -7.791323913149125, 0.0 ], [ 109.742277577381685, -7.791319885093142, 0.0 ], [ 109.742269450633287, -7.791316208448308, 0.0 ], [ 109.742247363373124, -7.791310410425966, 0.0 ], [ 109.742241114960166, -7.79130034060421, 0.0 ], [ 109.742237235839085, -7.791294067429433, 0.0 ], [ 109.742191623589477, -7.791220147308929, 0.0 ], [ 109.742134499995359, -7.791127571752964, 0.0 ], [ 109.742113178066717, -7.791093016940094, 0.0 ], [ 109.74209911155188, -7.791070220451132, 0.0 ], [ 109.742080144502879, -7.791039482080653, 0.0 ], [ 109.742024404992691, -7.790949149407305, 0.0 ], [ 109.742006568353062, -7.790920242963923, 0.0 ], [ 109.741995518437477, -7.790902335201697, 0.0 ], [ 109.74196392450321, -7.790851133356509, 0.0 ], [ 109.741926456363927, -7.790790411694483, 0.0 ], [ 109.741918843931643, -7.790784439537593, 0.0 ], [ 109.741912890632946, -7.790780345194101, 0.0 ], [ 109.741885148901176, -7.790762151485364, 0.0 ], [ 109.741884061556249, -7.790761477714233, 0.0 ], [ 109.741856988596624, -7.790744480144426, 0.0 ], [ 109.741801080717053, -7.790710575882193, 0.0 ], [ 109.741745172847388, -7.790676671565332, 0.0 ], [ 109.741689264987329, -7.790642767294372, 0.0 ], [ 109.741641531847606, -7.790613820376382, 0.0 ], [ 109.74160540321563, -7.790591910834581, 0.0 ], [ 109.741571820773828, -7.790571545360227, 0.0 ], [ 109.741536965236378, -7.790550407856725, 0.0 ], [ 109.741516219531206, -7.790537826992596, 0.0 ], [ 109.741469937307855, -7.790509759925715, 0.0 ], [ 109.741467379048842, -7.790508009036025, 0.0 ], [ 109.741465633644793, -7.790507150040423, 0.0 ], [ 109.741409725833435, -7.790473245739437, 0.0 ], [ 109.741377372800102, -7.790453625779491, 0.0 ], [ 109.741372889642165, -7.790434605971579, 0.0 ], [ 109.741353927946221, -7.790402533642168, 0.0 ], [ 109.741352130453251, -7.790399493322054, 0.0 ], [ 109.741349904199808, -7.790397684970723, 0.0 ], [ 109.741353955747812, -7.790393223497193, 0.0 ], [ 109.741410149556529, -7.790331343987628, 0.0 ], [ 109.741451084771043, -7.790286267039881, 0.0 ], [ 109.741458313722205, -7.790278306688267, 0.0 ], [ 109.741484936225405, -7.790248990532421, 0.0 ], [ 109.741501675109504, -7.790230558062136, 0.0 ], [ 109.741522537122734, -7.790207585261567, 0.0 ], [ 109.741578730881116, -7.790145705721195, 0.0 ], [ 109.741634924622289, -7.79008382633253, 0.0 ], [ 109.741653445850119, -7.790063431078549, 0.0 ], [ 109.741671293667252, -7.790043777399677, 0.0 ], [ 109.741697916180755, -7.790014461264396, 0.0 ], [ 109.741704036149841, -7.790007722067641, 0.0 ], [ 109.741747312054827, -7.789960067359161, 0.0 ], [ 109.741804406041666, -7.789897196550752, 0.0 ], [ 109.741831602584952, -7.789867248188879, 0.0 ], [ 109.741859699419805, -7.78983630851321, 0.0 ], [ 109.741915893077618, -7.789774428908001, 0.0 ], [ 109.741972086718164, -7.789712549460963, 0.0 ], [ 109.742007577220022, -7.789673467826038, 0.0 ], [ 109.742017385582898, -7.789662667009632, 0.0 ], [ 109.742044008047458, -7.789633350844387, 0.0 ], [ 109.742058167424616, -7.789617758756833, 0.0 ], [ 109.74208447394949, -7.789588790364474, 0.0 ], [ 109.742140667539786, -7.789526910886642, 0.0 ], [ 109.742196861113769, -7.789465031230185, 0.0 ], [ 109.74220993769498, -7.789450631498699, 0.0 ], [ 109.742230364929924, -7.78942813736979, 0.0 ], [ 109.742256987324012, -7.789398821143915, 0.0 ], [ 109.742310232138109, -7.789340188730639, 0.0 ], [ 109.742365441734194, -7.789279392532718, 0.0 ], [ 109.742412298008617, -7.789227795038441, 0.0 ], [ 109.742416721643522, -7.78922292379532, 0.0 ], [ 109.742443344011264, -7.789193607556595, 0.0 ], [ 109.742462888088895, -7.789172085902648, 0.0 ], [ 109.742477828730344, -7.789155633457686, 0.0 ], [ 109.742499665655416, -7.789150431916811, 0.0 ], [ 109.742509538678405, -7.78914796748929, 0.0 ], [ 109.742533877263199, -7.789142344772368, 0.0 ], [ 109.742555205073998, -7.789137757741897, 0.0 ], [ 109.742572343552084, -7.789134071754952, 0.0 ], [ 109.742589922109957, -7.789130291095536, 0.0 ], [ 109.742702011797732, -7.789106183539889, 0.0 ], [ 109.742715821033201, -7.789103213554917, 0.0 ], [ 109.742739144996833, -7.789098197236378, 0.0 ], [ 109.74278607905778, -7.789088102974606, 0.0 ], [ 109.742814101476768, -7.789082076114449, 0.0 ], [ 109.742827897055392, -7.789075188503312, 0.0 ], [ 109.742867684329951, -7.789059080335487, 0.0 ], [ 109.742870181337665, -7.789058277269525, 0.0 ], [ 109.742899637002012, -7.789035111877101, 0.0 ], [ 109.742926321883559, -7.789014125503611, 0.0 ], [ 109.742936763209187, -7.789005913916996, 0.0 ], [ 109.7429824624178, -7.788969973828671, 0.0 ], [ 109.742993549374248, -7.788961254490864, 0.0 ], [ 109.7430248534519, -7.788936635316176, 0.0 ], [ 109.743042903539077, -7.788922439821126, 0.0 ], [ 109.743078283700314, -7.788894615115199, 0.0 ], [ 109.743094743452744, -7.788881670317823, 0.0 ], [ 109.743118765778817, -7.788862777888415, 0.0 ], [ 109.743150883953334, -7.788837518524011, 0.0 ], [ 109.743152008355182, -7.788837852090813, 0.0 ], [ 109.743154049516917, -7.788842151419623, 0.0 ], [ 109.743174160242006, -7.788871584029638, 0.0 ], [ 109.743178881356968, -7.788894913433719, 0.0 ], [ 109.743179851399475, -7.788921635396627, 0.0 ], [ 109.743179682127405, -7.788923893878739, 0.0 ], [ 109.743180454316956, -7.788950777361145, 0.0 ], [ 109.743176656361186, -7.789006625361628, 0.0 ], [ 109.743172858344053, -7.789062473361652, 0.0 ] ], [ [ 109.743094132213031, -7.789086682227272, 0.0 ], [ 109.743084842269994, -7.78910887247213, 0.0 ], [ 109.743050475450005, -7.789105594313795, 0.0 ], [ 109.743038053384353, -7.789110136203642, 0.0 ], [ 109.74303368406494, -7.78911357246275, 0.0 ], [ 109.743002379929393, -7.789138191590334, 0.0 ], [ 109.742981912833471, -7.789154287974291, 0.0 ], [ 109.742957416725176, -7.789173552947932, 0.0 ], [ 109.742925772271448, -7.789198439673984, 0.0 ], [ 109.742908467523279, -7.789212048981665, 0.0 ], [ 109.742877163414065, -7.789236668143053, 0.0 ], [ 109.742869631697801, -7.789242591454965, 0.0 ], [ 109.74284551019683, -7.789260937049768, 0.0 ], [ 109.74281589610311, -7.789284851687954, 0.0 ], [ 109.742813491113267, -7.789286743090537, 0.0 ], [ 109.742810694491382, -7.789287622791946, 0.0 ], [ 109.74277113786377, -7.789298372685839, 0.0 ], [ 109.742757432908192, -7.789303269186711, 0.0 ], [ 109.742733557022262, -7.789308404246124, 0.0 ], [ 109.742726752516035, -7.789309867718099, 0.0 ], [ 109.742680767487812, -7.789319757826159, 0.0 ], [ 109.742661818292746, -7.789323833303192, 0.0 ], [ 109.742634782501696, -7.789329647967887, 0.0 ], [ 109.742590079659891, -7.789339262250381, 0.0 ], [ 109.742542812469352, -7.789349428176907, 0.0 ], [ 109.742533253418117, -7.78935148405917, 0.0 ], [ 109.742515213723649, -7.789357791621573, 0.0 ], [ 109.74250034390829, -7.789362846267736, 0.0 ], [ 109.742477185701219, -7.789371193975771, 0.0 ], [ 109.742455113341833, -7.789395499822303, 0.0 ], [ 109.742438948016243, -7.789413300879573, 0.0 ], [ 109.742412325591559, -7.789442617073281, 0.0 ], [ 109.742404523213509, -7.789451208952054, 0.0 ], [ 109.742364798636771, -7.789494953202081, 0.0 ], [ 109.742308605079671, -7.789556832718914, 0.0 ], [ 109.742305836007318, -7.7895598819875, 0.0 ], [ 109.74228050829467, -7.789587772517213, 0.0 ], [ 109.742252752893549, -7.789618336291832, 0.0 ], [ 109.742196217914639, -7.78968059188372, 0.0 ], [ 109.742140024307247, -7.789742471369698, 0.0 ], [ 109.742100982600931, -7.789785463557236, 0.0 ], [ 109.74209285666447, -7.789794411708694, 0.0 ], [ 109.742066234190844, -7.78982372787571, 0.0 ], [ 109.742050392377479, -7.789841172628816, 0.0 ], [ 109.742027637041616, -7.789866230472925, 0.0 ], [ 109.741971443383903, -7.789928109928163, 0.0 ], [ 109.741915249708967, -7.789989989535051, 0.0 ], [ 109.74189862187815, -7.790008299794256, 0.0 ], [ 109.741879877034194, -7.790028941233661, 0.0 ], [ 109.741853254570884, -7.790058257421263, 0.0 ], [ 109.741848031612861, -7.790064008832531, 0.0 ], [ 109.741802862309711, -7.790113748394211, 0.0 ], [ 109.741748499835012, -7.790173611429399, 0.0 ], [ 109.741721556045974, -7.790203281392388, 0.0 ], [ 109.741693519674513, -7.790234154465772, 0.0 ], [ 109.741666897184814, -7.790263470637247, 0.0 ], [ 109.741645670574655, -7.790286844903046, 0.0 ], [ 109.7416342810846, -7.790299386767898, 0.0 ], [ 109.741578087309037, -7.790361266316434, 0.0 ], [ 109.741521893517231, -7.790423145686328, 0.0 ], [ 109.741507619145068, -7.790439826095136, 0.0 ], [ 109.741496944001796, -7.790453980909962, 0.0 ], [ 109.741514378182487, -7.790461413964366, 0.0 ], [ 109.741521765201199, -7.7904661213624, 0.0 ], [ 109.741549018926975, -7.790482764408265, 0.0 ], [ 109.741576112165276, -7.790508543928922, 0.0 ], [ 109.741577695108219, -7.790510028138614, 0.0 ], [ 109.741577726556685, -7.790510080043587, 0.0 ], [ 109.741647385598441, -7.7905523235517, 0.0 ], [ 109.741682241146179, -7.790573461043746, 0.0 ], [ 109.741716573377005, -7.790594281200333, 0.0 ], [ 109.741762855691846, -7.790622348244415, 0.0 ], [ 109.7418012745444, -7.790645646665118, 0.0 ], [ 109.741821663315477, -7.790658011056636, 0.0 ], [ 109.741855420294783, -7.790678482320097, 0.0 ], [ 109.741885136355663, -7.790696503075315, 0.0 ], [ 109.741926229983008, -7.790721423539429, 0.0 ], [ 109.741947984902637, -7.790734616379376, 0.0 ], [ 109.741960586788807, -7.790743055497575, 0.0 ], [ 109.741968991687443, -7.790749537617335, 0.0 ], [ 109.7419921834679, -7.790767423863876, 0.0 ], [ 109.742018436724521, -7.790790684774515, 0.0 ], [ 109.742020888820505, -7.790794658699979, 0.0 ], [ 109.742052716708926, -7.790846239636791, 0.0 ], [ 109.742063532704535, -7.790863768276561, 0.0 ], [ 109.742087498778233, -7.790902608270496, 0.0 ], [ 109.742136325977498, -7.790981738585203, 0.0 ], [ 109.742189506871298, -7.791067924657836, 0.0 ], [ 109.742212786343501, -7.791105651825053, 0.0 ], [ 109.742219935295353, -7.791117237573501, 0.0 ], [ 109.74224780507889, -7.791162403913929, 0.0 ], [ 109.742260154117744, -7.791182416984443, 0.0 ], [ 109.742278253670975, -7.791207827662322, 0.0 ], [ 109.742303593966511, -7.791236215116696, 0.0 ], [ 109.742305619932694, -7.791236390114848, 0.0 ], [ 109.742354777006312, -7.791233736501201, 0.0 ], [ 109.742359609561277, -7.791234061248511, 0.0 ], [ 109.742415626659096, -7.791231403872602, 0.0 ], [ 109.742471643757213, -7.791228746554037, 0.0 ], [ 109.74252766085597, -7.791226089156632, 0.0 ], [ 109.742583677955054, -7.791223431822992, 0.0 ], [ 109.742600371050514, -7.791222639923181, 0.0 ], [ 109.742621913051977, -7.791221618010854, 0.0 ], [ 109.742659370483977, -7.791219841075756, 0.0 ], [ 109.742675234796209, -7.791219088482901, 0.0 ], [ 109.742718369936725, -7.791217042200668, 0.0 ], [ 109.742728556559527, -7.791216558964348, 0.0 ], [ 109.742751729255403, -7.791215459673236, 0.0 ], [ 109.742777089981956, -7.791209225417602, 0.0 ], [ 109.742789219854032, -7.791202494688366, 0.0 ], [ 109.742807799841046, -7.791194872631441, 0.0 ], [ 109.742811775797534, -7.791187998899756, 0.0 ], [ 109.74281363162207, -7.791184059544233, 0.0 ], [ 109.742828042118902, -7.791148292569936, 0.0 ], [ 109.742844117128669, -7.791108394302702, 0.0 ], [ 109.742854863591987, -7.791081721468696, 0.0 ], [ 109.74286019211938, -7.791068496018055, 0.0 ], [ 109.742876267137603, -7.791028597764758, 0.0 ], [ 109.742892226834158, -7.790988985698005, 0.0 ], [ 109.742908417129172, -7.79094880121562, 0.0 ], [ 109.742926025648643, -7.790905096746299, 0.0 ], [ 109.74294056710346, -7.790869004661801, 0.0 ], [ 109.742956642088345, -7.790829106389626, 0.0 ], [ 109.742970983173251, -7.790793511611017, 0.0 ], [ 109.742972396953192, -7.790788886944107, 0.0 ], [ 109.742984192408798, -7.790744695128291, 0.0 ], [ 109.742985804709946, -7.790737696325025, 0.0 ], [ 109.742988822940362, -7.79069331492704, 0.0 ], [ 109.742990490687816, -7.790668791723222, 0.0 ], [ 109.742992389721138, -7.790640867492784, 0.0 ], [ 109.742994552068467, -7.790609071634492, 0.0 ], [ 109.742995956531104, -7.790588420087432, 0.0 ], [ 109.74299909788958, -7.79054222836628, 0.0 ], [ 109.743002895949346, -7.790486380377387, 0.0 ], [ 109.743004794978404, -7.790458456382815, 0.0 ], [ 109.743008593000596, -7.790402608393244, 0.0 ], [ 109.743012391079816, -7.790346760403595, 0.0 ], [ 109.743016189100771, -7.790290912413393, 0.0 ], [ 109.743019987175614, -7.790235064422985, 0.0 ], [ 109.743023785189081, -7.790179216432148, 0.0 ], [ 109.743027583259533, -7.790123368441097, 0.0 ], [ 109.743031381271734, -7.790067520449523, 0.0 ], [ 109.743035165862537, -7.790011870577429, 0.0 ], [ 109.743038757916693, -7.789959051018208, 0.0 ], [ 109.74304277540422, -7.789899976473209, 0.0 ], [ 109.743046573407639, -7.789844128480322, 0.0 ], [ 109.743050371461891, -7.7897882804872, 0.0 ], [ 109.743054169460947, -7.789732432493668, 0.0 ], [ 109.74305796751392, -7.789676584499914, 0.0 ], [ 109.743061765508614, -7.789620736505627, 0.0 ], [ 109.743065563554097, -7.789564888511237, 0.0 ], [ 109.743069361544372, -7.789509040516306, 0.0 ], [ 109.743073159588619, -7.789453192521218, 0.0 ], [ 109.74307695757453, -7.789397344525627, 0.0 ], [ 109.743080755611274, -7.789341496529803, 0.0 ], [ 109.743084553592809, -7.789285648533553, 0.0 ], [ 109.743084890421869, -7.789276998358111, 0.0 ], [ 109.743087779762362, -7.789235691225083, 0.0 ], [ 109.74308802221455, -7.789229799560178, 0.0 ], [ 109.743086832458829, -7.789222920900465, 0.0 ], [ 109.743091201853034, -7.789176604867437, 0.0 ], [ 109.743088440988757, -7.789168508843306, 0.0 ], [ 109.743093950989547, -7.789147464136889, 0.0 ], [ 109.743095947633449, -7.78911810454303, 0.0 ], [ 109.743095957370869, -7.789116196527009, 0.0 ], [ 109.743094132213031, -7.789086682227272, 0.0 ] ] ] } },
{ "type": "Feature", "properties": { "Join_Count": 1, "TARGET_FID": 26, "JOIN_FID": 19, "Id": 19, "Contour": 400.0, "Shape_Leng": 8.628610262, "Skor": 3.0, "Shape_Le_1": 3567.6654495900002, "Shape_Area": 101612.569651 }, "geometry": { "type": "Polygon", "coordinates": [ [ [ 109.740067220046939, -7.789220830057481, 0.0 ], [ 109.740066136454089, -7.789276686033715, 0.0 ], [ 109.740063969460337, -7.789388397986236, 0.0 ], [ 109.740062994428172, -7.789438662232667, 0.0 ], [ 109.740062773868189, -7.789450031757698, 0.0 ], [ 109.74006192828476, -7.789493618783547, 0.0 ], [ 109.740061802360913, -7.78950010993765, 0.0 ], [ 109.740059635358463, -7.789611821888593, 0.0 ], [ 109.740059469189944, -7.789620387553664, 0.0 ], [ 109.740058730097644, -7.789658488691709, 0.0 ], [ 109.740058367649354, -7.789677172797043, 0.0 ], [ 109.740057468328288, -7.789723533838782, 0.0 ], [ 109.740057266107215, -7.789733958043474, 0.0 ], [ 109.740056597894281, -7.78976840189249, 0.0 ], [ 109.740056384737713, -7.789779389813305, 0.0 ], [ 109.740054217717343, -7.789891101762382, 0.0 ], [ 109.740053961415455, -7.789904313826686, 0.0 ], [ 109.74005339967951, -7.789933271791362, 0.0 ], [ 109.74005285984849, -7.78996109908524, 0.0 ], [ 109.740052333538756, -7.78998822835682, 0.0 ], [ 109.740052050591359, -7.790002813710361, 0.0 ], [ 109.740049883562321, -7.79011452565788, 0.0 ], [ 109.740049555147806, -7.790131454862899, 0.0 ], [ 109.740049135297539, -7.790153098243713, 0.0 ], [ 109.740048800011294, -7.790170381631258, 0.0 ], [ 109.740049483972172, -7.790187218587864, 0.0 ], [ 109.740050230325707, -7.79021022309488, 0.0 ], [ 109.74005087041823, -7.790226246981825, 0.0 ], [ 109.740053350991502, -7.79023907800201, 0.0 ], [ 109.740062386260774, -7.790285813624838, 0.0 ], [ 109.740164326447513, -7.790813105859015, 0.0 ], [ 109.740170809723026, -7.790846641010474, 0.0 ], [ 109.740176325701171, -7.790875173030889, 0.0 ], [ 109.740180135048291, -7.790893089091353, 0.0 ], [ 109.740181466751167, -7.790896945613643, 0.0 ], [ 109.740184767799889, -7.790905465241725, 0.0 ], [ 109.740193223582253, -7.790935806348114, 0.0 ], [ 109.740202717715832, -7.790952867991897, 0.0 ], [ 109.740213494660708, -7.79097140286332, 0.0 ], [ 109.740231989349226, -7.790990737841207, 0.0 ], [ 109.740241961728998, -7.790998873918451, 0.0 ], [ 109.740253735131148, -7.791008878867501, 0.0 ], [ 109.740261208791665, -7.791035485646693, 0.0 ], [ 109.740262046884922, -7.791039024614633, 0.0 ], [ 109.740268797527591, -7.791064782845574, 0.0 ], [ 109.740281591005498, -7.791120680078015, 0.0 ], [ 109.740282707495055, -7.791125558289904, 0.0 ], [ 109.74028798774215, -7.791148628694256, 0.0 ], [ 109.740294384482539, -7.791176577310527, 0.0 ], [ 109.740296447385106, -7.791185590618284, 0.0 ], [ 109.740303486129861, -7.791216344808682, 0.0 ], [ 109.74031309235292, -7.791258316510913, 0.0 ], [ 109.740313875460473, -7.791261738058351, 0.0 ], [ 109.740319971197152, -7.791288371774775, 0.0 ], [ 109.740332764680986, -7.791344269007344, 0.0 ], [ 109.740334654148029, -7.791352524535276, 0.0 ], [ 109.740345043542504, -7.791397917723669, 0.0 ], [ 109.74034638266356, -7.791403768653525, 0.0 ], [ 109.740355432785293, -7.791443311067067, 0.0 ], [ 109.740358351477795, -7.791456063471871, 0.0 ], [ 109.740371145027652, -7.791511960704649, 0.0 ], [ 109.74037621155982, -7.791534097469678, 0.0 ], [ 109.740379672812438, -7.791549220620843, 0.0 ], [ 109.74038660083832, -7.791579490780808, 0.0 ], [ 109.74039810672258, -7.791629762077497, 0.0 ], [ 109.740409525388486, -7.791679652402035, 0.0 ], [ 109.740412963141367, -7.791694672750679, 0.0 ], [ 109.740417768923578, -7.791715670478591, 0.0 ], [ 109.740428158267505, -7.791761063728391, 0.0 ], [ 109.740429608151587, -7.791767398653222, 0.0 ], [ 109.740435112140787, -7.791791446866546, 0.0 ], [ 109.740447905648111, -7.791847344099185, 0.0 ], [ 109.740448936975412, -7.791851850215112, 0.0 ], [ 109.740454302399542, -7.791875292715508, 0.0 ], [ 109.74046069915461, -7.791903241331791, 0.0 ], [ 109.740462898500368, -7.791912850783127, 0.0 ], [ 109.740469715661163, -7.791942636737408, 0.0 ], [ 109.740479889230031, -7.791987087180273, 0.0 ], [ 109.740486285928156, -7.792015035796449, 0.0 ], [ 109.740499079441449, -7.792070933029106, 0.0 ], [ 109.740500883751054, -7.792078816461149, 0.0 ], [ 109.740511273166319, -7.792124209656142, 0.0 ], [ 109.740512833897071, -7.792131028815804, 0.0 ], [ 109.740521662436137, -7.792169602993186, 0.0 ], [ 109.740529478886742, -7.792203754679484, 0.0 ], [ 109.740532051810618, -7.792214996230143, 0.0 ], [ 109.740537459748694, -7.792238624726516, 0.0 ], [ 109.740550253271053, -7.792294521959259, 0.0 ], [ 109.740552830560887, -7.792305782710597, 0.0 ], [ 109.740563219983613, -7.79235117590238, 0.0 ], [ 109.740563968436447, -7.792354446079936, 0.0 ], [ 109.740574746384723, -7.792395441903468, 0.0 ], [ 109.740579981751907, -7.792406328736359, 0.0 ], [ 109.740597046875521, -7.792429026560042, 0.0 ], [ 109.740619723168038, -7.792439616875682, 0.0 ], [ 109.740675772852839, -7.792426101210841, 0.0 ], [ 109.740731822536034, -7.792412585259524, 0.0 ], [ 109.740787872215932, -7.792399069578665, 0.0 ], [ 109.740798340295939, -7.79239654530421, 0.0 ], [ 109.740826545217843, -7.792389744020674, 0.0 ], [ 109.74087257284927, -7.792378644851926, 0.0 ], [ 109.74089997156905, -7.792372037914519, 0.0 ], [ 109.740956021241487, -7.792358522209676, 0.0 ], [ 109.740984429853953, -7.792351671671001, 0.0 ], [ 109.741006632437205, -7.79234631765673, 0.0 ], [ 109.741012070912305, -7.792345006218355, 0.0 ], [ 109.74106812057984, -7.792331490497527, 0.0 ], [ 109.741124170245669, -7.792317974490138, 0.0 ], [ 109.741180219908216, -7.792304458753362, 0.0 ], [ 109.741189778048508, -7.792305959667019, 0.0 ], [ 109.741222695419196, -7.792310001468089, 0.0 ], [ 109.74123620577376, -7.792312299112322, 0.0 ], [ 109.741256224113769, -7.79231659759623, 0.0 ], [ 109.741269371182085, -7.792319420605528, 0.0 ], [ 109.74129217916061, -7.792324318127075, 0.0 ], [ 109.741348152551126, -7.79233633735516, 0.0 ], [ 109.741361721896752, -7.792339251077929, 0.0 ], [ 109.741398322843366, -7.792347110213366, 0.0 ], [ 109.741407897430406, -7.79234916613436, 0.0 ], [ 109.741432112645967, -7.792354365878301, 0.0 ], [ 109.741460099346099, -7.792360375482962, 0.0 ], [ 109.741469322675627, -7.792362316800381, 0.0 ], [ 109.741500303677, -7.792368941538019, 0.0 ], [ 109.741516073232404, -7.792372233045604, 0.0 ], [ 109.741539468184612, -7.792376666243106, 0.0 ], [ 109.741547159416811, -7.792378182235511, 0.0 ], [ 109.741572050939268, -7.792382812705931, 0.0 ], [ 109.741628030696404, -7.792392707133207, 0.0 ], [ 109.741642315022332, -7.792395231924483, 0.0 ], [ 109.741675506832252, -7.792401098762931, 0.0 ], [ 109.741689991464824, -7.792403658970472, 0.0 ], [ 109.741724334445394, -7.792409729103502, 0.0 ], [ 109.74173999022112, -7.792412496258325, 0.0 ], [ 109.741743291728753, -7.792413079806726, 0.0 ], [ 109.741785344733046, -7.79242051268235, 0.0 ], [ 109.741811076677422, -7.792425060882527, 0.0 ], [ 109.741833021205622, -7.792428939693752, 0.0 ], [ 109.741851949760971, -7.79243228535547, 0.0 ], [ 109.741907929536993, -7.792442179747845, 0.0 ], [ 109.741928374440292, -7.792445793423649, 0.0 ], [ 109.7419466467219, -7.792449023139775, 0.0 ], [ 109.741976050927335, -7.792454220413404, 0.0 ], [ 109.742014431699602, -7.792461004197882, 0.0 ], [ 109.742019889099481, -7.792461968803135, 0.0 ], [ 109.742047878992707, -7.792466915991334, 0.0 ], [ 109.742071404228483, -7.792471074061253, 0.0 ], [ 109.742082216611422, -7.792472985177497, 0.0 ], [ 109.742119080689349, -7.792479501071302, 0.0 ], [ 109.742131848677133, -7.79248175783042, 0.0 ], [ 109.742187828472026, -7.792491652187856, 0.0 ], [ 109.742206639890625, -7.792504081774485, 0.0 ], [ 109.74224181569754, -7.792524901926323, 0.0 ], [ 109.742243735529129, -7.792525916636585, 0.0 ], [ 109.742309497458734, -7.792579044389943, 0.0 ], [ 109.742378895141101, -7.792635109646782, 0.0 ], [ 109.742411359383595, -7.792661336842787, 0.0 ], [ 109.742427832771867, -7.792674645311525, 0.0 ], [ 109.742448293182349, -7.792691174896031, 0.0 ], [ 109.742517691242654, -7.792747240136754, 0.0 ], [ 109.742520692371627, -7.792749664690471, 0.0 ], [ 109.742523108682349, -7.792751616770019, 0.0 ], [ 109.742546506676263, -7.792779765856124, 0.0 ], [ 109.742559421941422, -7.792803223245839, 0.0 ], [ 109.742565487141732, -7.79281664209612, 0.0 ], [ 109.742578818388793, -7.792852035102866, 0.0 ], [ 109.742634364760249, -7.793007196057401, 0.0 ], [ 109.74269146583535, -7.793166700243295, 0.0 ], [ 109.742741511968745, -7.79330649688914, 0.0 ], [ 109.74274155235139, -7.793310412931834, 0.0 ], [ 109.742748121000687, -7.793359594273048, 0.0 ], [ 109.742748930346366, -7.793362378149987, 0.0 ], [ 109.742716502629307, -7.793418141144943, 0.0 ], [ 109.74268407512109, -7.793473904136632, 0.0 ], [ 109.742651647382189, -7.793529667123636, 0.0 ], [ 109.7426192198552, -7.793585430107252, 0.0 ], [ 109.74260300597912, -7.793613311597278, 0.0 ], [ 109.742586792100653, -7.793641193086306, 0.0 ], [ 109.742576409971193, -7.79365904637666, 0.0 ], [ 109.74256242168866, -7.793683100823968, 0.0 ], [ 109.742541845656874, -7.793718483467226, 0.0 ], [ 109.742521936778573, -7.793752719032973, 0.0 ], [ 109.742489508992776, -7.793808482000017, 0.0 ], [ 109.742457081418934, -7.79386424496364, 0.0 ], [ 109.742424653617576, -7.793920007922739, 0.0 ], [ 109.742392226024975, -7.793975770878418, 0.0 ], [ 109.742359798201718, -7.794031533829417, 0.0 ], [ 109.742327370590374, -7.794087296777157, 0.0 ], [ 109.742294917463411, -7.794143103201984, 0.0 ], [ 109.742262515118284, -7.794198822659897, 0.0 ], [ 109.74223008726068, -7.794254585594988, 0.0 ], [ 109.742197659611833, -7.794310348526711, 0.0 ], [ 109.742181445671704, -7.794338229990709, 0.0 ], [ 109.742171477257145, -7.794355371624847, 0.0 ], [ 109.742165231732343, -7.794366111453748, 0.0 ], [ 109.742132804064781, -7.794421874377498, 0.0 ], [ 109.742126021618816, -7.794433537454472, 0.0 ], [ 109.742109749081493, -7.794461519610733, 0.0 ], [ 109.742089173013326, -7.794496902267302, 0.0 ], [ 109.742069722948557, -7.794530348466885, 0.0 ], [ 109.74206848982206, -7.794532177450971, 0.0 ], [ 109.742067777388328, -7.794533399704136, 0.0 ], [ 109.742065052375793, -7.794538026777721, 0.0 ], [ 109.742047400855625, -7.794567045536059, 0.0 ], [ 109.742035520566361, -7.794589163123387, 0.0 ], [ 109.742013424248938, -7.794627159849325, 0.0 ], [ 109.742004428692667, -7.794635984881057, 0.0 ], [ 109.741996781810954, -7.794644907285614, 0.0 ], [ 109.74197861116609, -7.794666108930988, 0.0 ], [ 109.741957209421003, -7.794695877254457, 0.0 ], [ 109.741900560566577, -7.794755881121048, 0.0 ], [ 109.741846232387729, -7.79481342729738, 0.0 ], [ 109.741844834676527, -7.794814907793252, 0.0 ], [ 109.74174236356248, -7.794923447611112, 0.0 ], [ 109.741737575559327, -7.794928519196052, 0.0 ], [ 109.74171041150835, -7.794957292331262, 0.0 ], [ 109.74168977546573, -7.794979150587068, 0.0 ], [ 109.741620084996455, -7.795052968292338, 0.0 ], [ 109.74160175467334, -7.795072384247458, 0.0 ], [ 109.741584598637942, -7.795090556510369, 0.0 ], [ 109.741563897535315, -7.795112483737409, 0.0 ], [ 109.741451522567701, -7.795231513674205, 0.0 ], [ 109.741426833228502, -7.795257665328529, 0.0 ], [ 109.741411605301636, -7.795273795248963, 0.0 ], [ 109.741395335058456, -7.795291029088832, 0.0 ], [ 109.741321656229061, -7.795369071162875, 0.0 ], [ 109.741302948292429, -7.795388887054245, 0.0 ], [ 109.741275784181425, -7.795417660151482, 0.0 ], [ 109.741269068019932, -7.795424774067593, 0.0 ], [ 109.741170584865287, -7.795529089259739, 0.0 ], [ 109.741167127047532, -7.795532751857285, 0.0 ], [ 109.741163890746122, -7.795536179847939, 0.0 ], [ 109.741114397275865, -7.795588604623578, 0.0 ], [ 109.741006125030708, -7.795703288452697, 0.0 ], [ 109.741004141420689, -7.795705389534885, 0.0 ], [ 109.740976977268488, -7.795734162605981, 0.0 ], [ 109.740953536737308, -7.795758991304107, 0.0 ], [ 109.740889646761943, -7.795826664594707, 0.0 ], [ 109.740868320038004, -7.795849254278823, 0.0 ], [ 109.740848359562918, -7.795870396978517, 0.0 ], [ 109.740833459092357, -7.795886179907789, 0.0 ], [ 109.740721083707797, -7.796005209580545, 0.0 ], [ 109.740690593563528, -7.796037505423072, 0.0 ], [ 109.740678169960987, -7.796050664835007, 0.0 ], [ 109.740664299359281, -7.796065356823132, 0.0 ], [ 109.740585416127118, -7.796148911008121, 0.0 ], [ 109.740569512534535, -7.796165756370971, 0.0 ], [ 109.740542348322364, -7.796194529404123, 0.0 ], [ 109.740532827721282, -7.796204613788362, 0.0 ], [ 109.740440144962989, -7.796302784506003, 0.0 ], [ 109.740383957165065, -7.796362299737836, 0.0 ], [ 109.740271581523899, -7.796481329248087, 0.0 ], [ 109.740269883761144, -7.796483127550768, 0.0 ], [ 109.740243487602541, -7.796511086966586, 0.0 ], [ 109.740217295258574, -7.796538830277571, 0.0 ], [ 109.740159205817235, -7.796600359180774, 0.0 ], [ 109.74010301793912, -7.79665987436182, 0.0 ], [ 109.739990642137585, -7.796778903770533, 0.0 ], [ 109.739954351141876, -7.796817343773827, 0.0 ], [ 109.739944731884663, -7.796827532687385, 0.0 ], [ 109.739934454211351, -7.796838418921086, 0.0 ], [ 109.73987826627048, -7.796897933598421, 0.0 ], [ 109.739863238521465, -7.796913851154659, 0.0 ], [ 109.739849173492843, -7.796928749110313, 0.0 ], [ 109.739822078312187, -7.796957448728673, 0.0 ], [ 109.739743995616195, -7.797040154410743, 0.0 ], [ 109.739722446219844, -7.797052728964871, 0.0 ], [ 109.739709769867886, -7.797053916925496, 0.0 ], [ 109.739696992988456, -7.797052760455077, 0.0 ], [ 109.739668965046008, -7.797055098753598, 0.0 ], [ 109.739653759462513, -7.797054090376996, 0.0 ], [ 109.739641914214559, -7.797051671149846, 0.0 ], [ 109.739583181416947, -7.79703967571967, 0.0 ], [ 109.73954878031347, -7.797032615737525, 0.0 ], [ 109.739541808147166, -7.797031219457136, 0.0 ], [ 109.739530535776026, -7.797028268149207, 0.0 ], [ 109.7395030055051, -7.797022302722834, 0.0 ], [ 109.739459727260737, -7.797009514675495, 0.0 ], [ 109.739453677061661, -7.797007183656441, 0.0 ], [ 109.739429884493731, -7.796999112789548, 0.0 ], [ 109.73941808093619, -7.796995108791852, 0.0 ], [ 109.739391546846846, -7.796983246042614, 0.0 ], [ 109.739374105414271, -7.796815616621932, 0.0 ], [ 109.739319971440267, -7.796295339136545, 0.0 ], [ 109.73929852552439, -7.796089222466948, 0.0 ], [ 109.739297154467053, -7.796065777471337, 0.0 ], [ 109.739297033864872, -7.796056946417607, 0.0 ], [ 109.739295509161977, -7.796033354322193, 0.0 ], [ 109.739295055427093, -7.796007645123976, 0.0 ], [ 109.739295481062271, -7.796002792913965, 0.0 ], [ 109.739294909060831, -7.795977493370992, 0.0 ], [ 109.739294307217037, -7.795950868040998, 0.0 ], [ 109.739294631654758, -7.795947942085348, 0.0 ], [ 109.739293823853757, -7.795921630975436, 0.0 ], [ 109.739293541930749, -7.795894073830802, 0.0 ], [ 109.739293670944292, -7.795893201598448, 0.0 ], [ 109.739293252365172, -7.795865770109157, 0.0 ], [ 109.73929743246093, -7.795841950726198, 0.0 ], [ 109.739299168316307, -7.795832058724129, 0.0 ], [ 109.739303049869491, -7.795809940112118, 0.0 ], [ 109.739312846874483, -7.79575411011278, 0.0 ], [ 109.739314152094465, -7.795746672452272, 0.0 ], [ 109.739322512573679, -7.795699033983537, 0.0 ], [ 109.739322644869972, -7.795698280115583, 0.0 ], [ 109.739332441864363, -7.795642450114717, 0.0 ], [ 109.739334663387936, -7.795629790998578, 0.0 ], [ 109.739339232091339, -7.795603755605458, 0.0 ], [ 109.739342239216526, -7.79558662011409, 0.0 ], [ 109.739352036374825, -7.79553079011208, 0.0 ], [ 109.739355952008296, -7.795508477637649, 0.0 ], [ 109.739358326539531, -7.795494946042629, 0.0 ], [ 109.739361833825441, -7.795474960110267, 0.0 ], [ 109.739371630804825, -7.795419130106193, 0.0 ], [ 109.739372671581805, -7.795413199332967, 0.0 ], [ 109.739378724665258, -7.79537870846811, 0.0 ], [ 109.739380805281641, -7.795365333352934, 0.0 ], [ 109.739381097383756, -7.795363299117887, 0.0 ], [ 109.739381484689275, -7.795360601706665, 0.0 ], [ 109.739388175810689, -7.795316701699993, 0.0 ], [ 109.739389475748766, -7.795307464889549, 0.0 ], [ 109.739391189613656, -7.795295287518596, 0.0 ], [ 109.739395294226654, -7.795267817106975, 0.0 ], [ 109.739397528201849, -7.795251629690416, 0.0 ], [ 109.739400222952625, -7.795230639123117, 0.0 ], [ 109.73940180750273, -7.795218325388825, 0.0 ], [ 109.739404698391013, -7.795195791864561, 0.0 ], [ 109.739433275601598, -7.794972440247252, 0.0 ], [ 109.739433578973916, -7.794970069304333, 0.0 ], [ 109.739436014161143, -7.794951036388599, 0.0 ], [ 109.739461852760016, -7.79474908862087, 0.0 ], [ 109.739465343632091, -7.794721806439683, 0.0 ], [ 109.739465529765837, -7.794720351674071, 0.0 ], [ 109.739468997398788, -7.794693250713912, 0.0 ], [ 109.739483285744669, -7.794581574895568, 0.0 ], [ 109.739484402292888, -7.794572848606992, 0.0 ], [ 109.739490013139815, -7.794529000425253, 0.0 ], [ 109.739490430710916, -7.794525736987908, 0.0 ], [ 109.739493364994189, -7.794502803320508, 0.0 ], [ 109.739504719078923, -7.794414061166302, 0.0 ], [ 109.739506334822039, -7.794401433463629, 0.0 ], [ 109.739509814278009, -7.794374238632437, 0.0 ], [ 109.739511863509208, -7.794358223255361, 0.0 ], [ 109.739576161747976, -7.793855682027133, 0.0 ], [ 109.739579696059025, -7.79382806017899, 0.0 ], [ 109.739579782905366, -7.793827381404188, 0.0 ], [ 109.739583306343988, -7.793799844111199, 0.0 ], [ 109.739604738711094, -7.793632330355625, 0.0 ], [ 109.739605107308321, -7.79362944958645, 0.0 ], [ 109.739611460767932, -7.793579797590824, 0.0 ], [ 109.739611883665759, -7.793576492438425, 0.0 ], [ 109.739626171889029, -7.793464816597448, 0.0 ], [ 109.739628748431059, -7.793444679677194, 0.0 ], [ 109.73963051918696, -7.793430839655803, 0.0 ], [ 109.739633316366962, -7.793408978677158, 0.0 ], [ 109.739697614133803, -7.792906437362329, 0.0 ], [ 109.739700400461601, -7.792884661108663, 0.0 ], [ 109.73970219597463, -7.792870627514673, 0.0 ], [ 109.739704758577972, -7.792850599436413, 0.0 ], [ 109.739719046724716, -7.792738923580687, 0.0 ], [ 109.73971945877885, -7.792735703154829, 0.0 ], [ 109.739725812191708, -7.792686051151216, 0.0 ], [ 109.739726191630325, -7.792683085654438, 0.0 ], [ 109.739747623813585, -7.79251557186486, 0.0 ], [ 109.739750442803512, -7.792488637877571, 0.0 ], [ 109.739750641280196, -7.792486856662911, 0.0 ], [ 109.739753439349727, -7.792459729981903, 0.0 ], [ 109.73978051396999, -7.792128629630954, 0.0 ], [ 109.739780838867489, -7.792124656383786, 0.0 ], [ 109.739835637647687, -7.791454509145824, 0.0 ], [ 109.739836887628599, -7.791452860971063, 0.0 ], [ 109.739838649151494, -7.791417680609825, 0.0 ], [ 109.73984020419482, -7.791398663540193, 0.0 ], [ 109.739843257693948, -7.791394146599366, 0.0 ], [ 109.739864086155748, -7.791368096418496, 0.0 ], [ 109.739871922832151, -7.791342898686929, 0.0 ], [ 109.739882604791262, -7.791330649695583, 0.0 ], [ 109.739895017833547, -7.791297432437985, 0.0 ], [ 109.739899393761931, -7.791291467623114, 0.0 ], [ 109.739900676071215, -7.791287125010797, 0.0 ], [ 109.739924536783406, -7.79126066707714, 0.0 ], [ 109.739925890130351, -7.79125653230453, 0.0 ], [ 109.739938087297006, -7.791231377079211, 0.0 ], [ 109.739951279390652, -7.791213002172993, 0.0 ], [ 109.739969657202096, -7.791193883383063, 0.0 ], [ 109.739978105438126, -7.791175636894883, 0.0 ], [ 109.740007522716098, -7.791134662129216, 0.0 ], [ 109.740014894244595, -7.791127216699372, 0.0 ], [ 109.740018123349955, -7.791119896704282, 0.0 ], [ 109.740058141468765, -7.791064156508776, 0.0 ], [ 109.740063766019134, -7.79105632217473, 0.0 ], [ 109.74008288583849, -7.791027353170868, 0.0 ], [ 109.740093034611036, -7.791008401068983, 0.0 ], [ 109.740077342604621, -7.790994996998038, 0.0 ], [ 109.740063987476347, -7.790982242984795, 0.0 ], [ 109.740048182142019, -7.790968213371799, 0.0 ], [ 109.740034391909163, -7.790952367503419, 0.0 ], [ 109.739911303630166, -7.790840283098311, 0.0 ], [ 109.739896425163835, -7.790826734773377, 0.0 ], [ 109.739874222589521, -7.79080651708304, 0.0 ], [ 109.73984494121548, -7.790779853349306, 0.0 ], [ 109.739840568179588, -7.790775871256725, 0.0 ], [ 109.739786378356726, -7.790726525990438, 0.0 ], [ 109.739561283463061, -7.790521553800762, 0.0 ], [ 109.739552119279168, -7.790513224222725, 0.0 ], [ 109.739541967648435, -7.790504029515056, 0.0 ], [ 109.739522425686701, -7.790486969182838, 0.0 ], [ 109.739505418809856, -7.790473282071565, 0.0 ], [ 109.73939429442801, -7.79039122539299, 0.0 ], [ 109.739337762077895, -7.790349480749764, 0.0 ], [ 109.739329902449484, -7.790343677048279, 0.0 ], [ 109.739319220616252, -7.790335789352444, 0.0 ], [ 109.739091362798206, -7.7901675338923, 0.0 ], [ 109.739058334421159, -7.790143145019527, 0.0 ], [ 109.739040139003478, -7.790129709147039, 0.0 ], [ 109.739015410044487, -7.790111448717294, 0.0 ], [ 109.738939457502113, -7.790055363532305, 0.0 ], [ 109.738933327231862, -7.790042089213506, 0.0 ], [ 109.738925745730768, -7.790020345741533, 0.0 ], [ 109.738910887243364, -7.789999419340944, 0.0 ], [ 109.738946908489197, -7.789945275675704, 0.0 ], [ 109.738950042078216, -7.789940565528635, 0.0 ], [ 109.738969905265094, -7.789910708773012, 0.0 ], [ 109.738992258523368, -7.789877109360242, 0.0 ], [ 109.739014611687708, -7.78984350985801, 0.0 ], [ 109.739022154006776, -7.789832172914559, 0.0 ], [ 109.739059318269128, -7.789776311111119, 0.0 ], [ 109.739081671425154, -7.789742711603493, 0.0 ], [ 109.739104024661302, -7.789709112181722, 0.0 ], [ 109.739126377806613, -7.789675512670414, 0.0 ], [ 109.739148731038242, -7.789641913245033, 0.0 ], [ 109.739167711228689, -7.789613383682262, 0.0 ], [ 109.739171956006089, -7.789607003278024, 0.0 ], [ 109.739207598500585, -7.789553428771656, 0.0 ], [ 109.73921579070408, -7.789541114958095, 0.0 ], [ 109.739238143830363, -7.789507515434599, 0.0 ], [ 109.739260497042977, -7.789473916000245, 0.0 ], [ 109.739276546099987, -7.789449792268845, 0.0 ], [ 109.739281776005981, -7.789441931079134, 0.0 ], [ 109.739284479619215, -7.78943786723088, 0.0 ], [ 109.739318865012564, -7.789386182226246, 0.0 ], [ 109.73932755665173, -7.789373117686255, 0.0 ], [ 109.739349909762112, -7.789339518156926, 0.0 ], [ 109.739372262952557, -7.789305918713588, 0.0 ], [ 109.739385380881046, -7.789286200812731, 0.0 ], [ 109.73939304246133, -7.789274684503968, 0.0 ], [ 109.739397003135934, -7.789268731141344, 0.0 ], [ 109.73943013143024, -7.789218935636183, 0.0 ], [ 109.739439322504211, -7.789205120372616, 0.0 ], [ 109.739461675595578, -7.789171520834297, 0.0 ], [ 109.739484028767038, -7.789137921381904, 0.0 ], [ 109.739494215568769, -7.789122609313903, 0.0 ], [ 109.739506381860068, -7.789104321849715, 0.0 ], [ 109.739509526556191, -7.789099595002927, 0.0 ], [ 109.739541397753655, -7.789051689001495, 0.0 ], [ 109.73955108826469, -7.789037123013884, 0.0 ], [ 109.739573441333903, -7.789003523466621, 0.0 ], [ 109.739595794486334, -7.788969924005223, 0.0 ], [ 109.739603050169436, -7.788959017775606, 0.0 ], [ 109.739618147560336, -7.788936324464063, 0.0 ], [ 109.739622049880026, -7.788930458822104, 0.0 ], [ 109.739652663982739, -7.78888444232218, 0.0 ], [ 109.73966285392693, -7.788869125610222, 0.0 ], [ 109.7396852069771, -7.788835526053867, 0.0 ], [ 109.739708296985597, -7.788800818965567, 0.0 ], [ 109.739729913168617, -7.788768327036592, 0.0 ], [ 109.739752266316145, -7.788734727578838, 0.0 ], [ 109.739763929964852, -7.788717195597765, 0.0 ], [ 109.739790834684996, -7.788676754460448, 0.0 ], [ 109.73979716490588, -7.788667721608467, 0.0 ], [ 109.739801018710551, -7.788661446680078, 0.0 ], [ 109.739819563076381, -7.788633572219339, 0.0 ], [ 109.739841678681714, -7.78860032956081, 0.0 ], [ 109.739847096238435, -7.788592186317058, 0.0 ], [ 109.739854858581893, -7.78859798864748, 0.0 ], [ 109.739863145726716, -7.788605772198467, 0.0 ], [ 109.739883705600661, -7.788625082857338, 0.0 ], [ 109.73990293892993, -7.788647749333379, 0.0 ], [ 109.739954544343647, -7.788717762315696, 0.0 ], [ 109.739958721509865, -7.788723429413802, 0.0 ], [ 109.739980039052895, -7.788752350490521, 0.0 ], [ 109.739995808076117, -7.788773744183514, 0.0 ], [ 109.740037071410683, -7.78882972604766, 0.0 ], [ 109.740070286729321, -7.788874788732567, 0.0 ], [ 109.740072132862039, -7.788883821347334, 0.0 ], [ 109.740072285699199, -7.788885689927579, 0.0 ], [ 109.740072273280035, -7.78888770964616, 0.0 ], [ 109.740072653072403, -7.788938998806777, 0.0 ], [ 109.740072637599468, -7.788941550172208, 0.0 ], [ 109.740071523014407, -7.788999009295927, 0.0 ], [ 109.740070456873127, -7.789053965845031, 0.0 ], [ 109.74006962270893, -7.789096968606062, 0.0 ], [ 109.740069370694002, -7.789108902285292, 0.0 ], [ 109.740069387034964, -7.789109118103838, 0.0 ], [ 109.740067220046939, -7.789220830057481, 0.0 ] ], [ [ 109.739924122246464, -7.789834855763978, 0.0 ], [ 109.739924664034177, -7.789806927778301, 0.0 ], [ 109.739925710281497, -7.789752995904656, 0.0 ], [ 109.739925783737377, -7.789749209676045, 0.0 ], [ 109.739926289398255, -7.789723143821072, 0.0 ], [ 109.739928456444403, -7.789611431877051, 0.0 ], [ 109.739929540016661, -7.789555575904974, 0.0 ], [ 109.739928386995615, -7.789527716612237, 0.0 ], [ 109.739928390065373, -7.78952756653969, 0.0 ], [ 109.739927066573102, -7.789499709356801, 0.0 ], [ 109.739924854362428, -7.789475378672556, 0.0 ], [ 109.739922697593784, -7.789465982264786, 0.0 ], [ 109.739918028445686, -7.789426452712105, 0.0 ], [ 109.739908577171022, -7.789395789139694, 0.0 ], [ 109.739906327915776, -7.789382359445725, 0.0 ], [ 109.739900778614668, -7.789370487792183, 0.0 ], [ 109.739884458909671, -7.789348347193633, 0.0 ], [ 109.7398728872936, -7.789332648093525, 0.0 ], [ 109.739844995978402, -7.789294808018112, 0.0 ], [ 109.739835045034894, -7.789285949735787, 0.0 ], [ 109.739820409624613, -7.789275955457923, 0.0 ], [ 109.739801781071577, -7.789263234438742, 0.0 ], [ 109.739789101095582, -7.789256682486565, 0.0 ], [ 109.739781425884871, -7.789268219233817, 0.0 ], [ 109.739759072794371, -7.789301818775859, 0.0 ], [ 109.739751731678581, -7.789312853332175, 0.0 ], [ 109.739739277528116, -7.789331573401636, 0.0 ], [ 109.739732839421578, -7.789341250603613, 0.0 ], [ 109.73971436642492, -7.789369017675881, 0.0 ], [ 109.739692013323008, -7.789402617209201, 0.0 ], [ 109.739669660130332, -7.789436216656375, 0.0 ], [ 109.739648446865132, -7.789468102856592, 0.0 ], [ 109.739646555611145, -7.78947094564253, 0.0 ], [ 109.739628011183129, -7.7894988200869, 0.0 ], [ 109.739620316001293, -7.789510386803474, 0.0 ], [ 109.73960260061331, -7.789537015068153, 0.0 ], [ 109.739580247492412, -7.789570614595769, 0.0 ], [ 109.739557894280665, -7.789604214030652, 0.0 ], [ 109.739535923372458, -7.789637239028706, 0.0 ], [ 109.739534062375824, -7.789640036319797, 0.0 ], [ 109.739516744743867, -7.78966606672752, 0.0 ], [ 109.739507792484559, -7.789679522954458, 0.0 ], [ 109.739479661590323, -7.78972180698751, 0.0 ], [ 109.739468481566632, -7.789738611933986, 0.0 ], [ 109.739446128335871, -7.78977221136308, 0.0 ], [ 109.739424022663528, -7.789805438893998, 0.0 ], [ 109.739405478210315, -7.789833313323511, 0.0 ], [ 109.739395268871419, -7.789848659063053, 0.0 ], [ 109.73936838928978, -7.789889062178747, 0.0 ], [ 109.739356715545725, -7.789906609230474, 0.0 ], [ 109.739334362295949, -7.789940208647347, 0.0 ], [ 109.739312756048307, -7.789972685452788, 0.0 ], [ 109.739294211582475, -7.790000559874852, 0.0 ], [ 109.739282745161773, -7.790017795125981, 0.0 ], [ 109.739257122624252, -7.790056308715175, 0.0 ], [ 109.73926211825821, -7.790076719553571, 0.0 ], [ 109.739261835577437, -7.790091548244884, 0.0 ], [ 109.739265106134397, -7.790112191645131, 0.0 ], [ 109.739338310110369, -7.790166246996041, 0.0 ], [ 109.739339549501793, -7.790167033867446, 0.0 ], [ 109.739341058928702, -7.790168276780707, 0.0 ], [ 109.739568916868365, -7.790336532122548, 0.0 ], [ 109.739596659615628, -7.790357681034036, 0.0 ], [ 109.739617730750922, -7.790374989184588, 0.0 ], [ 109.739627002223457, -7.790383292638343, 0.0 ], [ 109.739637272276497, -7.790392594619176, 0.0 ], [ 109.739760360361288, -7.790504679073599, 0.0 ], [ 109.73978530207809, -7.79052739101785, 0.0 ], [ 109.739802716753317, -7.790543248855099, 0.0 ], [ 109.739831998110176, -7.790569912588923, 0.0 ], [ 109.739841159026355, -7.79057825453602, 0.0 ], [ 109.739883448680786, -7.790616763502715, 0.0 ], [ 109.739952872964352, -7.790679981420389, 0.0 ], [ 109.739964421461465, -7.79068439423786, 0.0 ], [ 109.740001300799307, -7.790672973143145, 0.0 ], [ 109.740006647462522, -7.790670732900383, 0.0 ], [ 109.73999267820875, -7.790633387678685, 0.0 ], [ 109.739996671988678, -7.790617100186748, 0.0 ], [ 109.739994033348466, -7.790602051060212, 0.0 ], [ 109.739989762562786, -7.790580585091522, 0.0 ], [ 109.739986558201323, -7.790561210920774, 0.0 ], [ 109.739975752880326, -7.790505319598529, 0.0 ], [ 109.739972146181159, -7.790486663602795, 0.0 ], [ 109.739970350254779, -7.790477373937589, 0.0 ], [ 109.739964947639024, -7.790449428276657, 0.0 ], [ 109.739954241436905, -7.790394049542534, 0.0 ], [ 109.739921726394797, -7.790225862988382, 0.0 ], [ 109.739920175167597, -7.790204028590705, 0.0 ], [ 109.739919118689812, -7.790190732531008, 0.0 ], [ 109.739917620958266, -7.790169991588683, 0.0 ], [ 109.739918704492339, -7.790114135618317, 0.0 ], [ 109.73991910079107, -7.790093707437058, 0.0 ], [ 109.739919387080661, -7.790078949340371, 0.0 ], [ 109.739919788065436, -7.790058279647865, 0.0 ], [ 109.739920871599665, -7.790002423677158, 0.0 ], [ 109.739921303953352, -7.78998013693348, 0.0 ], [ 109.739921413395834, -7.789974495691805, 0.0 ], [ 109.739921955188507, -7.789946567706393, 0.0 ], [ 109.739924122246464, -7.789834855763978, 0.0 ] ], [ [ 109.740009949833691, -7.790730072363663, 0.0 ], [ 109.740010283669989, -7.790728859046483, 0.0 ], [ 109.740010099835303, -7.790727502249715, 0.0 ], [ 109.74000884265314, -7.790693146206951, 0.0 ], [ 109.740004166404731, -7.790724269913663, 0.0 ], [ 109.740006536898449, -7.790728847905426, 0.0 ], [ 109.740008729953743, -7.790730844906423, 0.0 ], [ 109.740009949833691, -7.790730072363663, 0.0 ] ], [ [ 109.740779103507393, -7.79533286328138, 0.0 ], [ 109.740788677473731, -7.795321140841915, 0.0 ], [ 109.74079875461409, -7.795311657509257, 0.0 ], [ 109.740813413613537, -7.79528993183092, 0.0 ], [ 109.740835267638332, -7.795281195578711, 0.0 ], [ 109.740847565443985, -7.795268169371708, 0.0 ], [ 109.740859075506435, -7.795255977660944, 0.0 ], [ 109.740871042634353, -7.795235697285583, 0.0 ], [ 109.740891455212505, -7.795221680503396, 0.0 ], [ 109.740911664170198, -7.795200274813302, 0.0 ], [ 109.740927078041352, -7.795179863911679, 0.0 ], [ 109.740947642770024, -7.795162165628398, 0.0 ], [ 109.740956222553564, -7.795153077730037, 0.0 ], [ 109.740964252692109, -7.795144571956353, 0.0 ], [ 109.740983137382386, -7.795124054556941, 0.0 ], [ 109.741003830312891, -7.795102650280204, 0.0 ], [ 109.741116205347765, -7.794983620476256, 0.0 ], [ 109.741122018207832, -7.794977463332263, 0.0 ], [ 109.741146372046501, -7.794951666954696, 0.0 ], [ 109.741172392842515, -7.794924105097565, 0.0 ], [ 109.74122786473886, -7.794865348126817, 0.0 ], [ 109.741255028925892, -7.794836575146887, 0.0 ], [ 109.741279783163947, -7.794810354626801, 0.0 ], [ 109.741284767782574, -7.794805074769648, 0.0 ], [ 109.741397142657064, -7.794686044864163, 0.0 ], [ 109.741437548423761, -7.794643245842564, 0.0 ], [ 109.741445178130235, -7.794635164188858, 0.0 ], [ 109.74145333007165, -7.794626529434717, 0.0 ], [ 109.741542725306644, -7.794531839942322, 0.0 ], [ 109.741553834913105, -7.794520072338349, 0.0 ], [ 109.741580998937096, -7.794491299209856, 0.0 ], [ 109.741595313354566, -7.794476136977694, 0.0 ], [ 109.741678079565546, -7.794388469001452, 0.0 ], [ 109.741689655632612, -7.79437620729888, 0.0 ], [ 109.74170049010327, -7.794364731023942, 0.0 ], [ 109.741734266899954, -7.794328953521249, 0.0 ], [ 109.741846641517938, -7.794209923453335, 0.0 ], [ 109.741858255025988, -7.794197622026275, 0.0 ], [ 109.741879804414083, -7.794174796078334, 0.0 ], [ 109.741902828804243, -7.794150407942673, 0.0 ], [ 109.741963431462835, -7.794086215983062, 0.0 ], [ 109.741988460898085, -7.794059704017484, 0.0 ], [ 109.742016019398378, -7.79403051294729, 0.0 ], [ 109.742127577785041, -7.793912347184539, 0.0 ], [ 109.742146760571416, -7.793882365577251, 0.0 ], [ 109.742170846357908, -7.793850504163764, 0.0 ], [ 109.742183815452663, -7.793835929599771, 0.0 ], [ 109.742194260283782, -7.793817968691611, 0.0 ], [ 109.742200276459641, -7.793807623229142, 0.0 ], [ 109.742214794264342, -7.79378254384632, 0.0 ], [ 109.742222529125925, -7.793769277957586, 0.0 ], [ 109.74223266515601, -7.793751860174167, 0.0 ], [ 109.742235244132445, -7.793747034618479, 0.0 ], [ 109.742240113980955, -7.793739118462688, 0.0 ], [ 109.742265131869786, -7.793696097346938, 0.0 ], [ 109.742297140394328, -7.793641055386553, 0.0 ], [ 109.742329987239387, -7.793584571448689, 0.0 ], [ 109.742362415022299, -7.793528808493971, 0.0 ], [ 109.742394842574569, -7.793473045534552, 0.0 ], [ 109.742427270338752, -7.79341728257176, 0.0 ], [ 109.742459697869194, -7.793361519604392, 0.0 ], [ 109.742492125614604, -7.793305756633644, 0.0 ], [ 109.742493662019456, -7.793277960112216, 0.0 ], [ 109.742493644627899, -7.793277721045025, 0.0 ], [ 109.742494867221637, -7.793249905534406, 0.0 ], [ 109.742465854037889, -7.793168860998682, 0.0 ], [ 109.742414793656465, -7.793026230876031, 0.0 ], [ 109.742413330405341, -7.793023183722805, 0.0 ], [ 109.742410292623518, -7.793018758114465, 0.0 ], [ 109.74238446384706, -7.792996108546836, 0.0 ], [ 109.742360313601722, -7.792976097125358, 0.0 ], [ 109.742354425192772, -7.792971192098672, 0.0 ], [ 109.742353871242841, -7.792970744574111, 0.0 ], [ 109.742298550534159, -7.792926051898881, 0.0 ], [ 109.742291178108147, -7.792921511591586, 0.0 ], [ 109.742280343612194, -7.7929141132469, 0.0 ], [ 109.742257913372654, -7.792898796772969, 0.0 ], [ 109.742242656915053, -7.792887267709758, 0.0 ], [ 109.742186677066599, -7.792877373351127, 0.0 ], [ 109.742130697222819, -7.792867478690794, 0.0 ], [ 109.742075057760843, -7.792857644482132, 0.0 ], [ 109.742018737545649, -7.792847689647211, 0.0 ], [ 109.741906777882761, -7.792827900870351, 0.0 ], [ 109.741850798057882, -7.792818006175095, 0.0 ], [ 109.74179481823586, -7.792808111767603, 0.0 ], [ 109.741788708144938, -7.792807031797542, 0.0 ], [ 109.741766828326718, -7.792803164420326, 0.0 ], [ 109.741738838418513, -7.792798217061663, 0.0 ], [ 109.741626878793411, -7.792778428211674, 0.0 ], [ 109.741570898987405, -7.792768533484812, 0.0 ], [ 109.741514919184326, -7.792758639042366, 0.0 ], [ 109.741502648520566, -7.792756470165188, 0.0 ], [ 109.741464580022182, -7.792749741328025, 0.0 ], [ 109.741454972055791, -7.792748043082828, 0.0 ], [ 109.741432191619978, -7.792744016620273, 0.0 ], [ 109.741346979798536, -7.79272895538165, 0.0 ], [ 109.741291000011458, -7.792719060616634, 0.0 ], [ 109.741264481566958, -7.792714121204726, 0.0 ], [ 109.741260827584185, -7.792713399062462, 0.0 ], [ 109.741235022215676, -7.792708500534784, 0.0 ], [ 109.741217639922297, -7.79270486647114, 0.0 ], [ 109.741190746696873, -7.792699114436417, 0.0 ], [ 109.741179048280998, -7.792696649315436, 0.0 ], [ 109.741171406784417, -7.792695008466479, 0.0 ], [ 109.74113539374865, -7.79268727554943, 0.0 ], [ 109.741125181139296, -7.792685143031019, 0.0 ], [ 109.741123074428558, -7.792684772007105, 0.0 ], [ 109.741121075630758, -7.792685240957058, 0.0 ], [ 109.741112100488664, -7.792687206331093, 0.0 ], [ 109.741075420787311, -7.792695462482776, 0.0 ], [ 109.741067028706865, -7.792696950926105, 0.0 ], [ 109.741010978988825, -7.792710466638844, 0.0 ], [ 109.740984946871222, -7.792716744031733, 0.0 ], [ 109.740979668447366, -7.79271801688921, 0.0 ], [ 109.740939925067863, -7.792727600662116, 0.0 ], [ 109.740905435855353, -7.792735917328487, 0.0 ], [ 109.740898879544517, -7.792737498318727, 0.0 ], [ 109.74087866915842, -7.792742371800768, 0.0 ], [ 109.740849881220214, -7.792749313667132, 0.0 ], [ 109.740831203349614, -7.792753817669828, 0.0 ], [ 109.740804859446214, -7.792760170314574, 0.0 ], [ 109.740786780090346, -7.792764529966572, 0.0 ], [ 109.740730730359928, -7.792778045639289, 0.0 ], [ 109.740715331216663, -7.792782400612257, 0.0 ], [ 109.740676880309294, -7.79279542589216, 0.0 ], [ 109.740674667033716, -7.792796109538314, 0.0 ], [ 109.740673593016737, -7.792796551603483, 0.0 ], [ 109.740671974129626, -7.792797616612071, 0.0 ], [ 109.740654864195832, -7.792909284150435, 0.0 ], [ 109.740651367592093, -7.792932105367908, 0.0 ], [ 109.740650009456502, -7.792940969233826, 0.0 ], [ 109.740642569076954, -7.792989530636612, 0.0 ], [ 109.740641306105715, -7.792997773424939, 0.0 ], [ 109.740637754790612, -7.793020951687651, 0.0 ], [ 109.740617592352137, -7.793152541110569, 0.0 ], [ 109.740612806597511, -7.793183775300625, 0.0 ], [ 109.740611120733575, -7.793194778458879, 0.0 ], [ 109.740605366338613, -7.79323233683721, 0.0 ], [ 109.740603535399813, -7.793244286752288, 0.0 ], [ 109.740577870414782, -7.793411788042483, 0.0 ], [ 109.740569315951063, -7.793467621806164, 0.0 ], [ 109.74054365092492, -7.793635123088221, 0.0 ], [ 109.740535096450586, -7.793690956849164, 0.0 ], [ 109.740509431383245, -7.793858458123011, 0.0 ], [ 109.740508638563682, -7.793863632550589, 0.0 ], [ 109.740503344555592, -7.793898185849874, 0.0 ], [ 109.740500876892099, -7.793914291881284, 0.0 ], [ 109.740475211783647, -7.794081793147043, 0.0 ], [ 109.740471435619867, -7.794106438731085, 0.0 ], [ 109.740470256661084, -7.79411413364719, 0.0 ], [ 109.740463995206028, -7.794155000150765, 0.0 ], [ 109.740460195036277, -7.794179801735788, 0.0 ], [ 109.740458102234413, -7.794193460655754, 0.0 ], [ 109.740440992132264, -7.794305128160198, 0.0 ], [ 109.740440071244038, -7.794311138439568, 0.0 ], [ 109.740434232477597, -7.794349244765519, 0.0 ], [ 109.740430009520523, -7.79437680661251, 0.0 ], [ 109.740426792097381, -7.794397806228116, 0.0 ], [ 109.740423882555632, -7.794416795663497, 0.0 ], [ 109.740398217354567, -7.794584296910943, 0.0 ], [ 109.740389662818842, -7.794640130660297, 0.0 ], [ 109.740389656836484, -7.794640680430315, 0.0 ], [ 109.740389096152072, -7.794643828949365, 0.0 ], [ 109.740372552661853, -7.794751798153903, 0.0 ], [ 109.740370275922487, -7.794770184269382, 0.0 ], [ 109.740368581662949, -7.794787614919024, 0.0 ], [ 109.740365951630409, -7.794807637711349, 0.0 ], [ 109.740365841994176, -7.794830273097392, 0.0 ], [ 109.740368202778868, -7.794843261062681, 0.0 ], [ 109.740367971650173, -7.794883854892095, 0.0 ], [ 109.740374238918704, -7.794905343277731, 0.0 ], [ 109.740374126836358, -7.794919380405608, 0.0 ], [ 109.74037625113175, -7.794931339852306, 0.0 ], [ 109.740388171335908, -7.794953115138973, 0.0 ], [ 109.740398016024827, -7.794965455597612, 0.0 ], [ 109.740405897126905, -7.794975334086167, 0.0 ], [ 109.74044397181548, -7.795023059986626, 0.0 ], [ 109.740447634346594, -7.795027651022535, 0.0 ], [ 109.740450566365666, -7.795031326127983, 0.0 ], [ 109.740495235615853, -7.795087318166773, 0.0 ], [ 109.740497252685586, -7.79508984644378, 0.0 ], [ 109.740499772312873, -7.795093004829696, 0.0 ], [ 109.740718582032187, -7.795367278316641, 0.0 ], [ 109.740721382804736, -7.795368885670293, 0.0 ], [ 109.740722986031827, -7.79536892049017, 0.0 ], [ 109.740723563404501, -7.795367865806009, 0.0 ], [ 109.740724396762502, -7.795367295607035, 0.0 ], [ 109.740739520800588, -7.795350903949462, 0.0 ], [ 109.740749434069215, -7.795337795035175, 0.0 ], [ 109.740751878257612, -7.795338652969833, 0.0 ], [ 109.740779103507393, -7.79533286328138, 0.0 ] ] ] } },
{ "type": "Feature", "properties": { "Join_Count": 1, "TARGET_FID": 27, "JOIN_FID": 14, "Id": 14, "Contour": 440.0, "Shape_Leng": 757.88333220200002, "Skor": 3.0, "Shape_Le_1": 1626.52019531, "Shape_Area": 9296.1176738800004 }, "geometry": { "type": "Polygon", "coordinates": [ [ [ 109.743264840106477, -7.788785227571255, 0.0 ], [ 109.743261037296165, -7.788841146407695, 0.0 ], [ 109.743257365040876, -7.788895146157517, 0.0 ], [ 109.743253567037698, -7.7889509941604, 0.0 ], [ 109.743249769091534, -7.789006842163084, 0.0 ], [ 109.743245971083979, -7.789062690165305, 0.0 ], [ 109.743242173130312, -7.789118538167339, 0.0 ], [ 109.743238375118381, -7.789174386168818, 0.0 ], [ 109.743234577163477, -7.789230234170221, 0.0 ], [ 109.743230779147183, -7.78928608217106, 0.0 ], [ 109.743226981184776, -7.789341930171708, 0.0 ], [ 109.743223183164091, -7.789397778171923, 0.0 ], [ 109.743219385200405, -7.789453626171918, 0.0 ], [ 109.743215587175357, -7.789509474171407, 0.0 ], [ 109.74321178920421, -7.789565322170739, 0.0 ], [ 109.743207991174756, -7.789621170169514, 0.0 ], [ 109.743204178931776, -7.789677228005395, 0.0 ], [ 109.743200117570069, -7.789736948143584, 0.0 ], [ 109.743196597188614, -7.789788714164299, 0.0 ], [ 109.743192799153562, -7.789844562161814, 0.0 ], [ 109.743189001169299, -7.789900410159103, 0.0 ], [ 109.743185203126728, -7.789956258155888, 0.0 ], [ 109.74318140513806, -7.790012106152515, 0.0 ], [ 109.743177607122291, -7.790067954148698, 0.0 ], [ 109.743168538188897, -7.790201308143322, 0.0 ], [ 109.743167626848447, -7.790214709009311, 0.0 ], [ 109.743166213052518, -7.790235498135265, 0.0 ], [ 109.74316241505602, -7.79029134613025, 0.0 ], [ 109.743158616998144, -7.790347194124684, 0.0 ], [ 109.743154818994157, -7.7904030421189, 0.0 ], [ 109.743151020931919, -7.790458890112692, 0.0 ], [ 109.743147137602463, -7.79051599271608, 0.0 ], [ 109.743143424860065, -7.79057058609934, 0.0 ], [ 109.743139626847366, -7.790626434092255, 0.0 ], [ 109.743135828776332, -7.790682282084613, 0.0 ], [ 109.743132030762368, -7.79073813007691, 0.0 ], [ 109.743130334252029, -7.790752923933298, 0.0 ], [ 109.743128199422685, -7.79077712193293, 0.0 ], [ 109.743126151987667, -7.790793971896917, 0.0 ], [ 109.743114912618708, -7.790821868187353, 0.0 ], [ 109.743099426025609, -7.790860306097229, 0.0 ], [ 109.743083351073437, -7.790900204399487, 0.0 ], [ 109.743069955100594, -7.790933453343288, 0.0 ], [ 109.743067276086634, -7.790940102674543, 0.0 ], [ 109.743051201118035, -7.79098000096795, 0.0 ], [ 109.743019051123596, -7.791059797502528, 0.0 ], [ 109.743001455603334, -7.791103469775893, 0.0 ], [ 109.742986901142842, -7.791139594064886, 0.0 ], [ 109.742968800564597, -7.791184519910654, 0.0 ], [ 109.742964092453846, -7.791196205477242, 0.0 ], [ 109.742954751154159, -7.791219390625824, 0.0 ], [ 109.742938676157564, -7.791259288907788, 0.0 ], [ 109.742922601141913, -7.791299187169104, 0.0 ], [ 109.742919483962638, -7.791306924036756, 0.0 ], [ 109.742905755181681, -7.791338311971207, 0.0 ], [ 109.742897973781837, -7.791351887537672, 0.0 ], [ 109.74288291484747, -7.791371422770237, 0.0 ], [ 109.742863243267436, -7.79138453407595, 0.0 ], [ 109.742841183383973, -7.79138558058072, 0.0 ], [ 109.742828652619338, -7.791386175021224, 0.0 ], [ 109.742807226142531, -7.791387191475851, 0.0 ], [ 109.742751209018223, -7.7913898488358, 0.0 ], [ 109.742695191894143, -7.791392506259487, 0.0 ], [ 109.742639174770773, -7.791395163604345, 0.0 ], [ 109.742627896228228, -7.791395698644353, 0.0 ], [ 109.742592654759179, -7.791397370473097, 0.0 ], [ 109.74257457447149, -7.791398228175695, 0.0 ], [ 109.742527140525254, -7.791400478342906, 0.0 ], [ 109.742471123403163, -7.791403135729986, 0.0 ], [ 109.742387097721121, -7.79140712170917, 0.0 ], [ 109.742356656951287, -7.791408565743038, 0.0 ], [ 109.742303072039988, -7.791411107732904, 0.0 ], [ 109.742247054919901, -7.79141376503488, 0.0 ], [ 109.742241073149842, -7.79141176899247, 0.0 ], [ 109.74220771778333, -7.791389144144328, 0.0 ], [ 109.742191181652785, -7.791368223478607, 0.0 ], [ 109.742179786412265, -7.791349756125721, 0.0 ], [ 109.74216123305419, -7.791319688154193, 0.0 ], [ 109.742145255357755, -7.791293794379357, 0.0 ], [ 109.742135442084276, -7.791277890810395, 0.0 ], [ 109.742079702537723, -7.791187558135126, 0.0 ], [ 109.742056213688059, -7.791149491626428, 0.0 ], [ 109.742041662191809, -7.79112590913127, 0.0 ], [ 109.742023963013139, -7.791097225455956, 0.0 ], [ 109.741968223510213, -7.791006892886207, 0.0 ], [ 109.741938069045688, -7.79095802386959, 0.0 ], [ 109.741928282061252, -7.790942162838362, 0.0 ], [ 109.741906960130038, -7.790907608041571, 0.0 ], [ 109.741869007035078, -7.790846100354386, 0.0 ], [ 109.74186411842561, -7.79083869459993, 0.0 ], [ 109.741856737336448, -7.790828651027112, 0.0 ], [ 109.741840136612709, -7.790806776829405, 0.0 ], [ 109.741824970871392, -7.79079011037155, 0.0 ], [ 109.741800886888029, -7.790775505102228, 0.0 ], [ 109.741740244701518, -7.790738729751203, 0.0 ], [ 109.741686123949876, -7.79070590923732, 0.0 ], [ 109.74163316328486, -7.790673792178533, 0.0 ], [ 109.741577255436511, -7.790639887894288, 0.0 ], [ 109.741547277125861, -7.790621708066273, 0.0 ], [ 109.741521347598052, -7.790605983565102, 0.0 ], [ 109.74149339368239, -7.790589031417733, 0.0 ], [ 109.741461400404006, -7.790569629648022, 0.0 ], [ 109.741408430277829, -7.790537506857948, 0.0 ], [ 109.741353624140913, -7.79050427058712, 0.0 ], [ 109.741297716341307, -7.790470366272882, 0.0 ], [ 109.74126958357401, -7.790453305612965, 0.0 ], [ 109.741254858727814, -7.790440235367894, 0.0 ], [ 109.741241819732252, -7.790432718102956, 0.0 ], [ 109.741220075533192, -7.790419026147964, 0.0 ], [ 109.741196912145028, -7.790408229338308, 0.0 ], [ 109.741185900771455, -7.790402557571338, 0.0 ], [ 109.741177019111177, -7.790397171428958, 0.0 ], [ 109.741178079426035, -7.79038933477016, 0.0 ], [ 109.741185991446045, -7.790372196660665, 0.0 ], [ 109.741197247548087, -7.790352539747897, 0.0 ], [ 109.741205908605224, -7.790341398029463, 0.0 ], [ 109.741223107740851, -7.790322458775414, 0.0 ], [ 109.7412422118378, -7.790301421757946, 0.0 ], [ 109.741256498944878, -7.790285689087304, 0.0 ], [ 109.741276352768679, -7.790263826487449, 0.0 ], [ 109.741302975322043, -7.790234510383907, 0.0 ], [ 109.741307089320884, -7.79022998013694, 0.0 ], [ 109.74135622030245, -7.790175878059405, 0.0 ], [ 109.741410793211514, -7.790115783567949, 0.0 ], [ 109.741436087833421, -7.790087929639824, 0.0 ], [ 109.741462710357936, -7.790058613519173, 0.0 ], [ 109.741466986969058, -7.790053904208052, 0.0 ], [ 109.741523180710359, -7.789992024669389, 0.0 ], [ 109.74157937443438, -7.789930145285642, 0.0 ], [ 109.741610630845585, -7.789895726259003, 0.0 ], [ 109.741622445202424, -7.789882716509766, 0.0 ], [ 109.741649067706859, -7.78985340037624, 0.0 ], [ 109.741663664989204, -7.78983732611147, 0.0 ], [ 109.741691761832627, -7.789806386325492, 0.0 ], [ 109.741747955506341, -7.789744506910951, 0.0 ], [ 109.741804149163784, -7.789682627324288, 0.0 ], [ 109.741812991616243, -7.789672890174046, 0.0 ], [ 109.74183542486513, -7.789648187120403, 0.0 ], [ 109.741863581827133, -7.789617181132126, 0.0 ], [ 109.741916536427411, -7.789558868443906, 0.0 ], [ 109.741972730034533, -7.789496988826436, 0.0 ], [ 109.74201535223493, -7.789450053956188, 0.0 ], [ 109.74202178185773, -7.789442973767932, 0.0 ], [ 109.742048404265276, -7.789413657560923, 0.0 ], [ 109.742065942391505, -7.789394344881045, 0.0 ], [ 109.742085117197576, -7.789373229884477, 0.0 ], [ 109.74214182745591, -7.789310781252239, 0.0 ], [ 109.74219750429404, -7.789249470739573, 0.0 ], [ 109.742217712580143, -7.789227217605074, 0.0 ], [ 109.742234761037835, -7.789208444066474, 0.0 ], [ 109.742261383455684, -7.789179127883218, 0.0 ], [ 109.742268302701021, -7.78917150849666, 0.0 ], [ 109.742309891323472, -7.789125711550385, 0.0 ], [ 109.742366084812772, -7.789063832026208, 0.0 ], [ 109.742421117610434, -7.789003230449464, 0.0 ], [ 109.742422278285787, -7.789001952329856, 0.0 ], [ 109.742448679999498, -7.788974857327145, 0.0 ], [ 109.74247670640348, -7.788946949746654, 0.0 ], [ 109.742478456271186, -7.78894525909875, 0.0 ], [ 109.742482869043897, -7.78894431003435, 0.0 ], [ 109.742521612669549, -7.788935977399547, 0.0 ], [ 109.742554607620733, -7.788928881081983, 0.0 ], [ 109.742567597618105, -7.788926087269983, 0.0 ], [ 109.742613582602587, -7.788916197170798, 0.0 ], [ 109.742626346281696, -7.788913452029438, 0.0 ], [ 109.742659567548415, -7.788906307027302, 0.0 ], [ 109.742698084854894, -7.788898023051056, 0.0 ], [ 109.742705552561148, -7.788896416953175, 0.0 ], [ 109.742751537473069, -7.788886526769732, 0.0 ], [ 109.74276982355282, -7.788882593930575, 0.0 ], [ 109.74279752247682, -7.788876636671955, 0.0 ], [ 109.74284698086467, -7.788865999476749, 0.0 ], [ 109.742870769968306, -7.788860883081206, 0.0 ], [ 109.742884641536392, -7.788851989620212, 0.0 ], [ 109.742910173488212, -7.7888382572799, 0.0 ], [ 109.742920995340683, -7.788832436738466, 0.0 ], [ 109.742926871482013, -7.788829811412534, 0.0 ], [ 109.742986870011407, -7.788782625492196, 0.0 ], [ 109.743016022874784, -7.788759698208213, 0.0 ], [ 109.743039152484343, -7.788741507859942, 0.0 ], [ 109.743057630131204, -7.788726976082484, 0.0 ], [ 109.74309529296832, -7.788697356145601, 0.0 ], [ 109.743109935158557, -7.78868584077575, 0.0 ], [ 109.743141239207787, -7.788661221587837, 0.0 ], [ 109.743151433441327, -7.78865320431829, 0.0 ], [ 109.743199150491421, -7.788615677218875, 0.0 ], [ 109.743207573902637, -7.788609052604617, 0.0 ], [ 109.743225426670392, -7.788597982950101, 0.0 ], [ 109.743238585002786, -7.788590808926481, 0.0 ], [ 109.743263707004473, -7.788567365937644, 0.0 ], [ 109.74327523599392, -7.788604294830568, 0.0 ], [ 109.743276354852625, -7.788615906137584, 0.0 ], [ 109.743272556916452, -7.788671754142321, 0.0 ], [ 109.743268758922028, -7.788727602146502, 0.0 ], [ 109.743264840106477, -7.788785227571255, 0.0 ] ], [ [ 109.743172858344053, -7.789062473361652, 0.0 ], [ 109.743176656361186, -7.789006625361628, 0.0 ], [ 109.743180454316956, -7.788950777361145, 0.0 ], [ 109.743179682127405, -7.788923893878739, 0.0 ], [ 109.743179851399475, -7.788921635396627, 0.0 ], [ 109.743178881356968, -7.788894913433719, 0.0 ], [ 109.743174160242006, -7.788871584029638, 0.0 ], [ 109.743154049516917, -7.788842151419623, 0.0 ], [ 109.743152008355182, -7.788837852090813, 0.0 ], [ 109.743150883953334, -7.788837518524011, 0.0 ], [ 109.743118765778817, -7.788862777888415, 0.0 ], [ 109.743094743452744, -7.788881670317823, 0.0 ], [ 109.743078283700314, -7.788894615115199, 0.0 ], [ 109.743042903539077, -7.788922439821126, 0.0 ], [ 109.7430248534519, -7.788936635316176, 0.0 ], [ 109.742993549374248, -7.788961254490864, 0.0 ], [ 109.7429824624178, -7.788969973828671, 0.0 ], [ 109.742936763209187, -7.789005913916996, 0.0 ], [ 109.742926321883559, -7.789014125503611, 0.0 ], [ 109.742899637002012, -7.789035111877101, 0.0 ], [ 109.742870181337665, -7.789058277269525, 0.0 ], [ 109.742867684329951, -7.789059080335487, 0.0 ], [ 109.742827897055392, -7.789075188503312, 0.0 ], [ 109.742814101476768, -7.789082076114449, 0.0 ], [ 109.74278607905778, -7.789088102974606, 0.0 ], [ 109.742739144996833, -7.789098197236378, 0.0 ], [ 109.742715821033201, -7.789103213554917, 0.0 ], [ 109.742702011797732, -7.789106183539889, 0.0 ], [ 109.742589922109957, -7.789130291095536, 0.0 ], [ 109.742572343552084, -7.789134071754952, 0.0 ], [ 109.742555205073998, -7.789137757741897, 0.0 ], [ 109.742533877263199, -7.789142344772368, 0.0 ], [ 109.742509538678405, -7.78914796748929, 0.0 ], [ 109.742499665655416, -7.789150431916811, 0.0 ], [ 109.742477828730344, -7.789155633457686, 0.0 ], [ 109.742462888088895, -7.789172085902648, 0.0 ], [ 109.742443344011264, -7.789193607556595, 0.0 ], [ 109.742416721643522, -7.78922292379532, 0.0 ], [ 109.742412298008617, -7.789227795038441, 0.0 ], [ 109.742365441734194, -7.789279392532718, 0.0 ], [ 109.742310232138109, -7.789340188730639, 0.0 ], [ 109.742256987324012, -7.789398821143915, 0.0 ], [ 109.742230364929924, -7.78942813736979, 0.0 ], [ 109.74220993769498, -7.789450631498699, 0.0 ], [ 109.742196861113769, -7.789465031230185, 0.0 ], [ 109.742140667539786, -7.789526910886642, 0.0 ], [ 109.74208447394949, -7.789588790364474, 0.0 ], [ 109.742058167424616, -7.789617758756833, 0.0 ], [ 109.742044008047458, -7.789633350844387, 0.0 ], [ 109.742017385582898, -7.789662667009632, 0.0 ], [ 109.742007577220022, -7.789673467826038, 0.0 ], [ 109.741972086718164, -7.789712549460963, 0.0 ], [ 109.741915893077618, -7.789774428908001, 0.0 ], [ 109.741859699419805, -7.78983630851321, 0.0 ], [ 109.741831602584952, -7.789867248188879, 0.0 ], [ 109.741804406041666, -7.789897196550752, 0.0 ], [ 109.741747312054827, -7.789960067359161, 0.0 ], [ 109.741704036149841, -7.790007722067641, 0.0 ], [ 109.741697916180755, -7.790014461264396, 0.0 ], [ 109.741671293667252, -7.790043777399677, 0.0 ], [ 109.741653445850119, -7.790063431078549, 0.0 ], [ 109.741634924622289, -7.79008382633253, 0.0 ], [ 109.741578730881116, -7.790145705721195, 0.0 ], [ 109.741522537122734, -7.790207585261567, 0.0 ], [ 109.741501675109504, -7.790230558062136, 0.0 ], [ 109.741484936225405, -7.790248990532421, 0.0 ], [ 109.741458313722205, -7.790278306688267, 0.0 ], [ 109.741451084771043, -7.790286267039881, 0.0 ], [ 109.741410149556529, -7.790331343987628, 0.0 ], [ 109.741353955747812, -7.790393223497193, 0.0 ], [ 109.741349904199808, -7.790397684970723, 0.0 ], [ 109.741352130453251, -7.790399493322054, 0.0 ], [ 109.741353927946221, -7.790402533642168, 0.0 ], [ 109.741372889642165, -7.790434605971579, 0.0 ], [ 109.741377372800102, -7.790453625779491, 0.0 ], [ 109.741409725833435, -7.790473245739437, 0.0 ], [ 109.741465633644793, -7.790507150040423, 0.0 ], [ 109.741467379048842, -7.790508009036025, 0.0 ], [ 109.741469937307855, -7.790509759925715, 0.0 ], [ 109.741516219531206, -7.790537826992596, 0.0 ], [ 109.741536965236378, -7.790550407856725, 0.0 ], [ 109.741571820773828, -7.790571545360227, 0.0 ], [ 109.74160540321563, -7.790591910834581, 0.0 ], [ 109.741641531847606, -7.790613820376382, 0.0 ], [ 109.741689264987329, -7.790642767294372, 0.0 ], [ 109.741745172847388, -7.790676671565332, 0.0 ], [ 109.741801080717053, -7.790710575882193, 0.0 ], [ 109.741856988596624, -7.790744480144426, 0.0 ], [ 109.741884061556249, -7.790761477714233, 0.0 ], [ 109.741885148901176, -7.790762151485364, 0.0 ], [ 109.741912890632946, -7.790780345194101, 0.0 ], [ 109.741918843931643, -7.790784439537593, 0.0 ], [ 109.741926456363927, -7.790790411694483, 0.0 ], [ 109.74196392450321, -7.790851133356509, 0.0 ], [ 109.741995518437477, -7.790902335201697, 0.0 ], [ 109.742006568353062, -7.790920242963923, 0.0 ], [ 109.742024404992691, -7.790949149407305, 0.0 ], [ 109.742080144502879, -7.791039482080653, 0.0 ], [ 109.74209911155188, -7.791070220451132, 0.0 ], [ 109.742113178066717, -7.791093016940094, 0.0 ], [ 109.742134499995359, -7.791127571752964, 0.0 ], [ 109.742191623589477, -7.791220147308929, 0.0 ], [ 109.742237235839085, -7.791294067429433, 0.0 ], [ 109.742241114960166, -7.79130034060421, 0.0 ], [ 109.742247363373124, -7.791310410425966, 0.0 ], [ 109.742269450633287, -7.791316208448308, 0.0 ], [ 109.742277577381685, -7.791319885093142, 0.0 ], [ 109.742303332253542, -7.791323913149125, 0.0 ], [ 109.742359349362459, -7.791321255808604, 0.0 ], [ 109.742415366471775, -7.791318598496174, 0.0 ], [ 109.742471383581787, -7.791315941111436, 0.0 ], [ 109.742527400692012, -7.791313283783924, 0.0 ], [ 109.742583417802976, -7.791310626384194, 0.0 ], [ 109.742626012636151, -7.791308605770608, 0.0 ], [ 109.742651565535652, -7.791307393581507, 0.0 ], [ 109.742685012107131, -7.791305806895712, 0.0 ], [ 109.742704887281946, -7.79130486403855, 0.0 ], [ 109.742744011541149, -7.79130300805121, 0.0 ], [ 109.74275146913827, -7.79130265426928, 0.0 ], [ 109.742807486250925, -7.791299996904185, 0.0 ], [ 109.742810923894226, -7.791299196068258, 0.0 ], [ 109.742817544779825, -7.791295789654189, 0.0 ], [ 109.742846616678122, -7.791278979811344, 0.0 ], [ 109.742863636392869, -7.791252742687601, 0.0 ], [ 109.742868737272474, -7.791240082293029, 0.0 ], [ 109.742891216067235, -7.791184289734469, 0.0 ], [ 109.74291369491111, -7.791128497173774, 0.0 ], [ 109.74293158413451, -7.791084095918964, 0.0 ], [ 109.742946841209829, -7.79104622773933, 0.0 ], [ 109.742963734119087, -7.791004299361591, 0.0 ], [ 109.742979809121593, -7.790964401098967, 0.0 ], [ 109.743003610042706, -7.790905326907761, 0.0 ], [ 109.743021567550173, -7.790860756241919, 0.0 ], [ 109.743028034073618, -7.790844706268525, 0.0 ], [ 109.743044109030834, -7.790804807968772, 0.0 ], [ 109.743048567594855, -7.79079374176111, 0.0 ], [ 109.74305201834008, -7.79077487345037, 0.0 ], [ 109.743055134471746, -7.790759843621145, 0.0 ], [ 109.743058917735127, -7.79073791320727, 0.0 ], [ 109.743062715761766, -7.790682065217181, 0.0 ], [ 109.743066513839253, -7.790626217227015, 0.0 ], [ 109.74307031186153, -7.7905703692363, 0.0 ], [ 109.743074109937751, -7.790514521245379, 0.0 ], [ 109.743077907952554, -7.790458673254052, 0.0 ], [ 109.743078680625501, -7.790447311554454, 0.0 ], [ 109.743081089531515, -7.790411890312271, 0.0 ], [ 109.743082247425562, -7.790394864152469, 0.0 ], [ 109.74308921222017, -7.790292450145735, 0.0 ], [ 109.743092947739527, -7.790237521866677, 0.0 ], [ 109.743096898118438, -7.790179433292396, 0.0 ], [ 109.743100696179326, -7.790123585299144, 0.0 ], [ 109.743104494181949, -7.790067737305374, 0.0 ], [ 109.743108292235348, -7.790011889311471, 0.0 ], [ 109.743112090233595, -7.789956041317045, 0.0 ], [ 109.743115888285701, -7.789900193322461, 0.0 ], [ 109.743119686279556, -7.789844345327371, 0.0 ], [ 109.743123484324201, -7.789788497332053, 0.0 ], [ 109.743127282313679, -7.789732649336321, 0.0 ], [ 109.743131080357088, -7.789676801340367, 0.0 ], [ 109.743134878342175, -7.789620953343879, 0.0 ], [ 109.743138676378095, -7.789565105347291, 0.0 ], [ 109.743142474358834, -7.789509257350159, 0.0 ], [ 109.743146272393474, -7.789453409352871, 0.0 ], [ 109.743150015849594, -7.78939836304518, 0.0 ], [ 109.743153868396988, -7.789341713357056, 0.0 ], [ 109.74315766636893, -7.789285865358607, 0.0 ], [ 109.743161464394859, -7.789230017359969, 0.0 ], [ 109.743165262359312, -7.789174169360767, 0.0 ], [ 109.743169060380822, -7.789118321361487, 0.0 ], [ 109.743172858344053, -7.789062473361652, 0.0 ] ] ] } },
{ "type": "Feature", "properties": { "Join_Count": 1, "TARGET_FID": 28, "JOIN_FID": 22, "Id": 22, "Contour": 400.0, "Shape_Leng": 868.63686311100003, "Skor": 3.0, "Shape_Le_1": 1837.15825359, "Shape_Area": 10438.5004252 }, "geometry": { "type": "Polygon", "coordinates": [ [ [ 109.743353265495372, -7.788560274903888, 0.0 ], [ 109.743349467517987, -7.788616122911038, 0.0 ], [ 109.74334566959142, -7.788671970917974, 0.0 ], [ 109.74334187160656, -7.788727818924357, 0.0 ], [ 109.743338073675602, -7.78878366693065, 0.0 ], [ 109.743334275689463, -7.788839514936398, 0.0 ], [ 109.743330477754157, -7.788895362941966, 0.0 ], [ 109.743326679760528, -7.788951210947046, 0.0 ], [ 109.743322881820845, -7.789007058951922, 0.0 ], [ 109.743319030006987, -7.789063698356878, 0.0 ], [ 109.743315083839889, -7.789121725907428, 0.0 ], [ 109.743311487879581, -7.789174602964265, 0.0 ], [ 109.743307689931115, -7.789230450967858, 0.0 ], [ 109.743303891927482, -7.789286298970903, 0.0 ], [ 109.743300093974653, -7.789342146973754, 0.0 ], [ 109.743296295963546, -7.789397994976166, 0.0 ], [ 109.743292498009481, -7.789453842978363, 0.0 ], [ 109.743288699993997, -7.789509690980049, 0.0 ], [ 109.743284902032414, -7.78956553898158, 0.0 ], [ 109.743281104012539, -7.789621386982557, 0.0 ], [ 109.743277306049706, -7.789677234983456, 0.0 ], [ 109.743276229340765, -7.78969306755831, 0.0 ], [ 109.74327447072308, -7.789718927095883, 0.0 ], [ 109.743272662587628, -7.789745514974922, 0.0 ], [ 109.743269710055131, -7.789788930983938, 0.0 ], [ 109.74326781104736, -7.789816854983854, 0.0 ], [ 109.743265912032797, -7.789844778983666, 0.0 ], [ 109.743258225457609, -7.789957807512609, 0.0 ], [ 109.743254518042932, -7.790012322980955, 0.0 ], [ 109.743250720061653, -7.790068170979412, 0.0 ], [ 109.743246922025207, -7.790124018977425, 0.0 ], [ 109.743243124039566, -7.790179866975238, 0.0 ], [ 109.743239325995646, -7.790235714972503, 0.0 ], [ 109.743235528005627, -7.790291562969676, 0.0 ], [ 109.743231729960456, -7.79034741096632, 0.0 ], [ 109.743227931966047, -7.790403258962733, 0.0 ], [ 109.743224133913387, -7.790459106958727, 0.0 ], [ 109.743220335914657, -7.790514954954448, 0.0 ], [ 109.743216537860704, -7.790570802949773, 0.0 ], [ 109.743212739857555, -7.790626650944885, 0.0 ], [ 109.743208941796141, -7.790682498939446, 0.0 ], [ 109.743205143791712, -7.790738346933943, 0.0 ], [ 109.743201345725922, -7.790794194927856, 0.0 ], [ 109.74320127775583, -7.790794413650666, 0.0 ], [ 109.743201056357833, -7.790795046754987, 0.0 ], [ 109.74318667763356, -7.790835791606967, 0.0 ], [ 109.743181257677705, -7.790849994604602, 0.0 ], [ 109.743158778884663, -7.790905787188234, 0.0 ], [ 109.743154743034921, -7.790915804220661, 0.0 ], [ 109.743136300146944, -7.790961579769731, 0.0 ], [ 109.743130796344644, -7.790975240277751, 0.0 ], [ 109.743122593099841, -7.790995600802948, 0.0 ], [ 109.743106518133203, -7.791035499095617, 0.0 ], [ 109.743090443141227, -7.791075397370831, 0.0 ], [ 109.743068863829819, -7.791128957500268, 0.0 ], [ 109.74304638500513, -7.791184750072468, 0.0 ], [ 109.743023906232693, -7.791240542642542, 0.0 ], [ 109.743010068180936, -7.791274888771697, 0.0 ], [ 109.742993993186332, -7.791314787056156, 0.0 ], [ 109.742977918169501, -7.791354685319956, 0.0 ], [ 109.742961843180183, -7.791394583611841, 0.0 ], [ 109.742956469811389, -7.79140792033885, 0.0 ], [ 109.742944147755551, -7.791432856169712, 0.0 ], [ 109.742933656847867, -7.791449153857014, 0.0 ], [ 109.742924889941875, -7.791463685897903, 0.0 ], [ 109.742922296251137, -7.791466959040686, 0.0 ], [ 109.742919000304823, -7.7914690712404, 0.0 ], [ 109.742913293759159, -7.791469341953464, 0.0 ], [ 109.742870835927135, -7.791471356147547, 0.0 ], [ 109.742854294249014, -7.791472140869643, 0.0 ], [ 109.742817514113753, -7.791473885665982, 0.0 ], [ 109.74279529478936, -7.791474939728992, 0.0 ], [ 109.742764192344353, -7.791476415216557, 0.0 ], [ 109.742736295295899, -7.791477738612341, 0.0 ], [ 109.742694931759416, -7.791479700823746, 0.0 ], [ 109.742638914624166, -7.791482358234765, 0.0 ], [ 109.742582897489612, -7.791485015573477, 0.0 ], [ 109.742554888922427, -7.791486344254626, 0.0 ], [ 109.742550905149798, -7.791486533233745, 0.0 ], [ 109.742470863221698, -7.791490330293186, 0.0 ], [ 109.74238683752202, -7.791494316314811, 0.0 ], [ 109.742358828955673, -7.791495644982781, 0.0 ], [ 109.742302811823507, -7.791498302283867, 0.0 ], [ 109.742246794691582, -7.791500959642303, 0.0 ], [ 109.742229530351523, -7.791500261308881, 0.0 ], [ 109.74220679008323, -7.791501450795924, 0.0 ], [ 109.742190786340572, -7.791500675093511, 0.0 ], [ 109.74217131917392, -7.791480923299424, 0.0 ], [ 109.742156868112389, -7.791461406560698, 0.0 ], [ 109.742135000124861, -7.791425966863116, 0.0 ], [ 109.742122337023261, -7.791405444811772, 0.0 ], [ 109.742105071489661, -7.791377463936746, 0.0 ], [ 109.742084537116284, -7.791344185473699, 0.0 ], [ 109.742063215152783, -7.791309630686626, 0.0 ], [ 109.742023521024606, -7.791245301616895, 0.0 ], [ 109.741984212769864, -7.791181597800973, 0.0 ], [ 109.741977927352877, -7.791171411503394, 0.0 ], [ 109.741956605411687, -7.791136856703784, 0.0 ], [ 109.741912042012615, -7.791064636241662, 0.0 ], [ 109.741880619669914, -7.791013712527186, 0.0 ], [ 109.741871317679184, -7.790998637505975, 0.0 ], [ 109.741849995779077, -7.790964082680871, 0.0 ], [ 109.741800563088162, -7.790883970964278, 0.0 ], [ 109.741777026652088, -7.790845827239946, 0.0 ], [ 109.741761521425303, -7.790829022760459, 0.0 ], [ 109.741744764576183, -7.790813428916719, 0.0 ], [ 109.741732544590946, -7.790802057071385, 0.0 ], [ 109.741717181546875, -7.790789790305148, 0.0 ], [ 109.74168887729661, -7.790772625725888, 0.0 ], [ 109.741629824280182, -7.790736814075797, 0.0 ], [ 109.741577061574802, -7.790704817105714, 0.0 ], [ 109.741521153728627, -7.79067091276233, 0.0 ], [ 109.741465245892002, -7.790637008461545, 0.0 ], [ 109.741420691081885, -7.790609988959307, 0.0 ], [ 109.741381384155488, -7.790586151968326, 0.0 ], [ 109.741316124532275, -7.790546576371214, 0.0 ], [ 109.74128126901293, -7.790525438845798, 0.0 ], [ 109.741254358823838, -7.790509119607769, 0.0 ], [ 109.741241614643357, -7.790501391104478, 0.0 ], [ 109.741185706855433, -7.790467486776901, 0.0 ], [ 109.741129799077441, -7.7904335823916, 0.0 ], [ 109.741072136038696, -7.79039861359272, 0.0 ], [ 109.741069229907879, -7.790396851213783, 0.0 ], [ 109.74105448336762, -7.790377384966379, 0.0 ], [ 109.741047539954366, -7.79036730486552, 0.0 ], [ 109.741036092025453, -7.790358933212311, 0.0 ], [ 109.741015932126544, -7.79034294759068, 0.0 ], [ 109.741011322809427, -7.790340819960372, 0.0 ], [ 109.741018080312159, -7.790333378765269, 0.0 ], [ 109.741041146798992, -7.790307978478396, 0.0 ], [ 109.741061913208426, -7.790285111045659, 0.0 ], [ 109.741074274153192, -7.79027149946867, 0.0 ], [ 109.741130467977911, -7.790209619999811, 0.0 ], [ 109.741186661785392, -7.790147740682617, 0.0 ], [ 109.741214758683086, -7.790116800940879, 0.0 ], [ 109.741227504450123, -7.790102765573654, 0.0 ], [ 109.741254126994392, -7.79007344947185, 0.0 ], [ 109.741264274453485, -7.79006227530296, 0.0 ], [ 109.741299049350545, -7.790023981855565, 0.0 ], [ 109.741355243107705, -7.78996210250759, 0.0 ], [ 109.741411436848608, -7.789900222984206, 0.0 ], [ 109.741416045159653, -7.789895148408376, 0.0 ], [ 109.741441340340785, -7.789867293918898, 0.0 ], [ 109.741467630572245, -7.789838343618934, 0.0 ], [ 109.741523824279156, -7.789776464240166, 0.0 ], [ 109.741580017969753, -7.789714584685987, 0.0 ], [ 109.741618406083447, -7.789672312432936, 0.0 ], [ 109.741626841700082, -7.789663023304374, 0.0 ], [ 109.741653464147504, -7.789633707129079, 0.0 ], [ 109.74166899631625, -7.789616603418343, 0.0 ], [ 109.741692405299702, -7.789590825880365, 0.0 ], [ 109.741748598939992, -7.789528946295391, 0.0 ], [ 109.741804792563045, -7.789467066865304, 0.0 ], [ 109.741820766746159, -7.789449476324265, 0.0 ], [ 109.741839821202092, -7.789428493859895, 0.0 ], [ 109.741866443659845, -7.78939917770837, 0.0 ], [ 109.741917179759355, -7.789343307812428, 0.0 ], [ 109.741973373332087, -7.789281428351551, 0.0 ], [ 109.742023127144705, -7.789226640082356, 0.0 ], [ 109.742029566888519, -7.789219548737905, 0.0 ], [ 109.742052800485027, -7.789193964293923, 0.0 ], [ 109.742073717287525, -7.789170931001271, 0.0 ], [ 109.742085760427827, -7.78915766923708, 0.0 ], [ 109.742141953950309, -7.789095789745415, 0.0 ], [ 109.742200192359149, -7.789031658261614, 0.0 ], [ 109.742226244203053, -7.789002970328376, 0.0 ], [ 109.742239157147637, -7.788988750789415, 0.0 ], [ 109.742265779505402, -7.788959434561067, 0.0 ], [ 109.742276077470422, -7.788948094593208, 0.0 ], [ 109.742310534417612, -7.788910151046935, 0.0 ], [ 109.742366727873488, -7.78884827135226, 0.0 ], [ 109.742422921312141, -7.788786391809271, 0.0 ], [ 109.742425735988135, -7.788783760263367, 0.0 ], [ 109.74245508310662, -7.788757177741434, 0.0 ], [ 109.742479080110243, -7.788736119896565, 0.0 ], [ 109.742535124901735, -7.788724066130876, 0.0 ], [ 109.742591169691195, -7.788712012357342, 0.0 ], [ 109.742608610318868, -7.78870826135393, 0.0 ], [ 109.742625975093333, -7.788704526686037, 0.0 ], [ 109.742671960024452, -7.788694636550386, 0.0 ], [ 109.742680348884193, -7.788692832347148, 0.0 ], [ 109.742717944988385, -7.788684746441819, 0.0 ], [ 109.742752087521197, -7.788677403246638, 0.0 ], [ 109.742763929888781, -7.788674856266216, 0.0 ], [ 109.742809914884106, -7.788664966179532, 0.0 ], [ 109.742823826032833, -7.78866197425582, 0.0 ], [ 109.742855899781702, -7.788655075996479, 0.0 ], [ 109.742899415995041, -7.788645716820366, 0.0 ], [ 109.742901884736938, -7.788645185863313, 0.0 ], [ 109.742927438383234, -7.788639689937908, 0.0 ], [ 109.742941374749819, -7.788628779489165, 0.0 ], [ 109.74296195753972, -7.788614973829927, 0.0 ], [ 109.742974842684575, -7.788606331292982, 0.0 ], [ 109.742983561546524, -7.788601345435386, 0.0 ], [ 109.743038496363482, -7.788558141945023, 0.0 ], [ 109.743069800408477, -7.788533522764711, 0.0 ], [ 109.743095842470609, -7.788513041939431, 0.0 ], [ 109.743107736814807, -7.788503687625029, 0.0 ], [ 109.743151982915734, -7.788468890159533, 0.0 ], [ 109.743163712609302, -7.788459665293757, 0.0 ], [ 109.743195016683728, -7.788435046143905, 0.0 ], [ 109.74320812334966, -7.788424738347578, 0.0 ], [ 109.7432492569055, -7.78839238872893, 0.0 ], [ 109.743264263772119, -7.788380586555342, 0.0 ], [ 109.743288928845459, -7.78836118863788, 0.0 ], [ 109.743320404183493, -7.788336434695404, 0.0 ], [ 109.743320794648412, -7.788336352388979, 0.0 ], [ 109.743321244320654, -7.78833674289745, 0.0 ], [ 109.7433506407951, -7.788362456081746, 0.0 ], [ 109.743349947197203, -7.788366381154987, 0.0 ], [ 109.743357083563879, -7.78839270842025, 0.0 ], [ 109.743360488454996, -7.788408386640065, 0.0 ], [ 109.743358582350766, -7.788431070419504, 0.0 ], [ 109.743360861378108, -7.7884485788885, 0.0 ], [ 109.743359757947871, -7.788464804586821, 0.0 ], [ 109.743358263729007, -7.788486776572094, 0.0 ], [ 109.743357063417548, -7.788504426896328, 0.0 ], [ 109.743353265495372, -7.788560274903888, 0.0 ] ], [ [ 109.743264840106477, -7.788785227571255, 0.0 ], [ 109.743268758922028, -7.788727602146502, 0.0 ], [ 109.743272556916452, -7.788671754142321, 0.0 ], [ 109.743276354852625, -7.788615906137584, 0.0 ], [ 109.74327523599392, -7.788604294830568, 0.0 ], [ 109.743263707004473, -7.788567365937644, 0.0 ], [ 109.743238585002786, -7.788590808926481, 0.0 ], [ 109.743225426670392, -7.788597982950101, 0.0 ], [ 109.743207573902637, -7.788609052604617, 0.0 ], [ 109.743199150491421, -7.788615677218875, 0.0 ], [ 109.743151433441327, -7.78865320431829, 0.0 ], [ 109.743141239207787, -7.788661221587837, 0.0 ], [ 109.743109935158557, -7.78868584077575, 0.0 ], [ 109.74309529296832, -7.788697356145601, 0.0 ], [ 109.743057630131204, -7.788726976082484, 0.0 ], [ 109.743039152484343, -7.788741507859942, 0.0 ], [ 109.743016022874784, -7.788759698208213, 0.0 ], [ 109.742986870011407, -7.788782625492196, 0.0 ], [ 109.742926871482013, -7.788829811412534, 0.0 ], [ 109.742920995340683, -7.788832436738466, 0.0 ], [ 109.742910173488212, -7.7888382572799, 0.0 ], [ 109.742884641536392, -7.788851989620212, 0.0 ], [ 109.742870769968306, -7.788860883081206, 0.0 ], [ 109.74284698086467, -7.788865999476749, 0.0 ], [ 109.74279752247682, -7.788876636671955, 0.0 ], [ 109.74276982355282, -7.788882593930575, 0.0 ], [ 109.742751537473069, -7.788886526769732, 0.0 ], [ 109.742705552561148, -7.788896416953175, 0.0 ], [ 109.742698084854894, -7.788898023051056, 0.0 ], [ 109.742659567548415, -7.788906307027302, 0.0 ], [ 109.742626346281696, -7.788913452029438, 0.0 ], [ 109.742613582602587, -7.788916197170798, 0.0 ], [ 109.742567597618105, -7.788926087269983, 0.0 ], [ 109.742554607620733, -7.788928881081983, 0.0 ], [ 109.742521612669549, -7.788935977399547, 0.0 ], [ 109.742482869043897, -7.78894431003435, 0.0 ], [ 109.742478456271186, -7.78894525909875, 0.0 ], [ 109.74247670640348, -7.788946949746654, 0.0 ], [ 109.742448679999498, -7.788974857327145, 0.0 ], [ 109.742422278285787, -7.789001952329856, 0.0 ], [ 109.742421117610434, -7.789003230449464, 0.0 ], [ 109.742366084812772, -7.789063832026208, 0.0 ], [ 109.742309891323472, -7.789125711550385, 0.0 ], [ 109.742268302701021, -7.78917150849666, 0.0 ], [ 109.742261383455684, -7.789179127883218, 0.0 ], [ 109.742234761037835, -7.789208444066474, 0.0 ], [ 109.742217712580143, -7.789227217605074, 0.0 ], [ 109.74219750429404, -7.789249470739573, 0.0 ], [ 109.74214182745591, -7.789310781252239, 0.0 ], [ 109.742085117197576, -7.789373229884477, 0.0 ], [ 109.742065942391505, -7.789394344881045, 0.0 ], [ 109.742048404265276, -7.789413657560923, 0.0 ], [ 109.74202178185773, -7.789442973767932, 0.0 ], [ 109.74201535223493, -7.789450053956188, 0.0 ], [ 109.741972730034533, -7.789496988826436, 0.0 ], [ 109.741916536427411, -7.789558868443906, 0.0 ], [ 109.741863581827133, -7.789617181132126, 0.0 ], [ 109.74183542486513, -7.789648187120403, 0.0 ], [ 109.741812991616243, -7.789672890174046, 0.0 ], [ 109.741804149163784, -7.789682627324288, 0.0 ], [ 109.741747955506341, -7.789744506910951, 0.0 ], [ 109.741691761832627, -7.789806386325492, 0.0 ], [ 109.741663664989204, -7.78983732611147, 0.0 ], [ 109.741649067706859, -7.78985340037624, 0.0 ], [ 109.741622445202424, -7.789882716509766, 0.0 ], [ 109.741610630845585, -7.789895726259003, 0.0 ], [ 109.74157937443438, -7.789930145285642, 0.0 ], [ 109.741523180710359, -7.789992024669389, 0.0 ], [ 109.741466986969058, -7.790053904208052, 0.0 ], [ 109.741462710357936, -7.790058613519173, 0.0 ], [ 109.741436087833421, -7.790087929639824, 0.0 ], [ 109.741410793211514, -7.790115783567949, 0.0 ], [ 109.74135622030245, -7.790175878059405, 0.0 ], [ 109.741307089320884, -7.79022998013694, 0.0 ], [ 109.741302975322043, -7.790234510383907, 0.0 ], [ 109.741276352768679, -7.790263826487449, 0.0 ], [ 109.741256498944878, -7.790285689087304, 0.0 ], [ 109.7412422118378, -7.790301421757946, 0.0 ], [ 109.741223107740851, -7.790322458775414, 0.0 ], [ 109.741205908605224, -7.790341398029463, 0.0 ], [ 109.741197247548087, -7.790352539747897, 0.0 ], [ 109.741185991446045, -7.790372196660665, 0.0 ], [ 109.741178079426035, -7.79038933477016, 0.0 ], [ 109.741177019111177, -7.790397171428958, 0.0 ], [ 109.741185900771455, -7.790402557571338, 0.0 ], [ 109.741196912145028, -7.790408229338308, 0.0 ], [ 109.741220075533192, -7.790419026147964, 0.0 ], [ 109.741241819732252, -7.790432718102956, 0.0 ], [ 109.741254858727814, -7.790440235367894, 0.0 ], [ 109.74126958357401, -7.790453305612965, 0.0 ], [ 109.741297716341307, -7.790470366272882, 0.0 ], [ 109.741353624140913, -7.79050427058712, 0.0 ], [ 109.741408430277829, -7.790537506857948, 0.0 ], [ 109.741461400404006, -7.790569629648022, 0.0 ], [ 109.74149339368239, -7.790589031417733, 0.0 ], [ 109.741521347598052, -7.790605983565102, 0.0 ], [ 109.741547277125861, -7.790621708066273, 0.0 ], [ 109.741577255436511, -7.790639887894288, 0.0 ], [ 109.74163316328486, -7.790673792178533, 0.0 ], [ 109.741686123949876, -7.79070590923732, 0.0 ], [ 109.741740244701518, -7.790738729751203, 0.0 ], [ 109.741800886888029, -7.790775505102228, 0.0 ], [ 109.741824970871392, -7.79079011037155, 0.0 ], [ 109.741840136612709, -7.790806776829405, 0.0 ], [ 109.741856737336448, -7.790828651027112, 0.0 ], [ 109.74186411842561, -7.79083869459993, 0.0 ], [ 109.741869007035078, -7.790846100354386, 0.0 ], [ 109.741906960130038, -7.790907608041571, 0.0 ], [ 109.741928282061252, -7.790942162838362, 0.0 ], [ 109.741938069045688, -7.79095802386959, 0.0 ], [ 109.741968223510213, -7.791006892886207, 0.0 ], [ 109.742023963013139, -7.791097225455956, 0.0 ], [ 109.742041662191809, -7.79112590913127, 0.0 ], [ 109.742056213688059, -7.791149491626428, 0.0 ], [ 109.742079702537723, -7.791187558135126, 0.0 ], [ 109.742135442084276, -7.791277890810395, 0.0 ], [ 109.742145255357755, -7.791293794379357, 0.0 ], [ 109.74216123305419, -7.791319688154193, 0.0 ], [ 109.742179786412265, -7.791349756125721, 0.0 ], [ 109.742191181652785, -7.791368223478607, 0.0 ], [ 109.74220771778333, -7.791389144144328, 0.0 ], [ 109.742241073149842, -7.79141176899247, 0.0 ], [ 109.742247054919901, -7.79141376503488, 0.0 ], [ 109.742303072039988, -7.791411107732904, 0.0 ], [ 109.742356656951287, -7.791408565743038, 0.0 ], [ 109.742387097721121, -7.79140712170917, 0.0 ], [ 109.742471123403163, -7.791403135729986, 0.0 ], [ 109.742527140525254, -7.791400478342906, 0.0 ], [ 109.74257457447149, -7.791398228175695, 0.0 ], [ 109.742592654759179, -7.791397370473097, 0.0 ], [ 109.742627896228228, -7.791395698644353, 0.0 ], [ 109.742639174770773, -7.791395163604345, 0.0 ], [ 109.742695191894143, -7.791392506259487, 0.0 ], [ 109.742751209018223, -7.7913898488358, 0.0 ], [ 109.742807226142531, -7.791387191475851, 0.0 ], [ 109.742828652619338, -7.791386175021224, 0.0 ], [ 109.742841183383973, -7.79138558058072, 0.0 ], [ 109.742863243267436, -7.79138453407595, 0.0 ], [ 109.74288291484747, -7.791371422770237, 0.0 ], [ 109.742897973781837, -7.791351887537672, 0.0 ], [ 109.742905755181681, -7.791338311971207, 0.0 ], [ 109.742919483962638, -7.791306924036756, 0.0 ], [ 109.742922601141913, -7.791299187169104, 0.0 ], [ 109.742938676157564, -7.791259288907788, 0.0 ], [ 109.742954751154159, -7.791219390625824, 0.0 ], [ 109.742964092453846, -7.791196205477242, 0.0 ], [ 109.742968800564597, -7.791184519910654, 0.0 ], [ 109.742986901142842, -7.791139594064886, 0.0 ], [ 109.743001455603334, -7.791103469775893, 0.0 ], [ 109.743019051123596, -7.791059797502528, 0.0 ], [ 109.743051201118035, -7.79098000096795, 0.0 ], [ 109.743067276086634, -7.790940102674543, 0.0 ], [ 109.743069955100594, -7.790933453343288, 0.0 ], [ 109.743083351073437, -7.790900204399487, 0.0 ], [ 109.743099426025609, -7.790860306097229, 0.0 ], [ 109.743114912618708, -7.790821868187353, 0.0 ], [ 109.743126151987667, -7.790793971896917, 0.0 ], [ 109.743128199422685, -7.79077712193293, 0.0 ], [ 109.743130334252029, -7.790752923933298, 0.0 ], [ 109.743132030762368, -7.79073813007691, 0.0 ], [ 109.743135828776332, -7.790682282084613, 0.0 ], [ 109.743139626847366, -7.790626434092255, 0.0 ], [ 109.743143424860065, -7.79057058609934, 0.0 ], [ 109.743147137602463, -7.79051599271608, 0.0 ], [ 109.743151020931919, -7.790458890112692, 0.0 ], [ 109.743154818994157, -7.7904030421189, 0.0 ], [ 109.743158616998144, -7.790347194124684, 0.0 ], [ 109.74316241505602, -7.79029134613025, 0.0 ], [ 109.743166213052518, -7.790235498135265, 0.0 ], [ 109.743167626848447, -7.790214709009311, 0.0 ], [ 109.743168538188897, -7.790201308143322, 0.0 ], [ 109.743177607122291, -7.790067954148698, 0.0 ], [ 109.74318140513806, -7.790012106152515, 0.0 ], [ 109.743185203126728, -7.789956258155888, 0.0 ], [ 109.743189001169299, -7.789900410159103, 0.0 ], [ 109.743192799153562, -7.789844562161814, 0.0 ], [ 109.743196597188614, -7.789788714164299, 0.0 ], [ 109.743200117570069, -7.789736948143584, 0.0 ], [ 109.743204178931776, -7.789677228005395, 0.0 ], [ 109.743207991174756, -7.789621170169514, 0.0 ], [ 109.74321178920421, -7.789565322170739, 0.0 ], [ 109.743215587175357, -7.789509474171407, 0.0 ], [ 109.743219385200405, -7.789453626171918, 0.0 ], [ 109.743223183164091, -7.789397778171923, 0.0 ], [ 109.743226981184776, -7.789341930171708, 0.0 ], [ 109.743230779147183, -7.78928608217106, 0.0 ], [ 109.743234577163477, -7.789230234170221, 0.0 ], [ 109.743238375118381, -7.789174386168818, 0.0 ], [ 109.743242173130312, -7.789118538167339, 0.0 ], [ 109.743245971083979, -7.789062690165305, 0.0 ], [ 109.743249769091534, -7.789006842163084, 0.0 ], [ 109.743253567037698, -7.7889509941604, 0.0 ], [ 109.743257365040876, -7.788895146157517, 0.0 ], [ 109.743261037296165, -7.788841146407695, 0.0 ], [ 109.743264840106477, -7.788785227571255, 0.0 ] ] ] } },
{ "type": "Feature", "properties": { "Join_Count": 1, "TARGET_FID": 29, "JOIN_FID": 33, "Id": 33, "Contour": 360.0, "Shape_Leng": 968.52139047900005, "Skor": 2.0, "Shape_Le_1": 2044.4807974800001, "Shape_Area": 11657.5532021 }, "geometry": { "type": "Polygon", "coordinates": [ [ [ 109.743445367803588, -7.788281251610485, 0.0 ], [ 109.743441569899716, -7.788337099621662, 0.0 ], [ 109.74343777193755, -7.788392947632319, 0.0 ], [ 109.743433974032428, -7.788448795642797, 0.0 ], [ 109.743430049578834, -7.788506503624078, 0.0 ], [ 109.743426378153274, -7.788560491662539, 0.0 ], [ 109.743422580185481, -7.788616339671887, 0.0 ], [ 109.743418782268506, -7.788672187681025, 0.0 ], [ 109.743414984293182, -7.788728035689605, 0.0 ], [ 109.743411186371816, -7.788783883698096, 0.0 ], [ 109.743407388395298, -7.788839731706045, 0.0 ], [ 109.743403590469526, -7.788895579713813, 0.0 ], [ 109.743399792485491, -7.788951427721094, 0.0 ], [ 109.743395994555385, -7.789007275728164, 0.0 ], [ 109.743392196570085, -7.789063123734797, 0.0 ], [ 109.743388398635588, -7.789118971741231, 0.0 ], [ 109.743384600642798, -7.789174819747108, 0.0 ], [ 109.743380802703939, -7.789230667752901, 0.0 ], [ 109.743376786686227, -7.789289721732196, 0.0 ], [ 109.743373191700812, -7.789342585314708, 0.0 ], [ 109.743369408765133, -7.789398211767804, 0.0 ], [ 109.74336561081752, -7.789454059772194, 0.0 ], [ 109.743361812814712, -7.789509907776088, 0.0 ], [ 109.743358014862707, -7.789565755779816, 0.0 ], [ 109.743356115876537, -7.789593679781529, 0.0 ], [ 109.743355386415317, -7.789604406367314, 0.0 ], [ 109.743350418896043, -7.789677451786083, 0.0 ], [ 109.743346620940642, -7.789733299788809, 0.0 ], [ 109.743342822923765, -7.789789147790972, 0.0 ], [ 109.743339024960861, -7.789844995793047, 0.0 ], [ 109.743335226942747, -7.789900843794578, 0.0 ], [ 109.743331428975424, -7.789956691795926, 0.0 ], [ 109.74332763094985, -7.790012539796785, 0.0 ], [ 109.743323832978149, -7.790068387797441, 0.0 ], [ 109.743320034951282, -7.790124235797655, 0.0 ], [ 109.743316152352534, -7.790181328118007, 0.0 ], [ 109.743312271967142, -7.790238387075781, 0.0 ], [ 109.74330864096045, -7.790291779796505, 0.0 ], [ 109.743304842924857, -7.790347627795349, 0.0 ], [ 109.74330104494004, -7.790403475793962, 0.0 ], [ 109.743297246896972, -7.790459323792152, 0.0 ], [ 109.743293448907778, -7.790515171790074, 0.0 ], [ 109.743289650863417, -7.790571019787602, 0.0 ], [ 109.743285852869846, -7.79062686778491, 0.0 ], [ 109.743282054817996, -7.79068271578167, 0.0 ], [ 109.743278256820048, -7.790738563778358, 0.0 ], [ 109.743274458766962, -7.790794411774482, 0.0 ], [ 109.74327094987315, -7.790808287981136, 0.0 ], [ 109.743259547117816, -7.790847595547839, 0.0 ], [ 109.743258842063028, -7.790850224717703, 0.0 ], [ 109.743242210013094, -7.790891505782768, 0.0 ], [ 109.743236363341893, -7.790906017307273, 0.0 ], [ 109.743213884551423, -7.790961809894339, 0.0 ], [ 109.74319140581639, -7.791017602479269, 0.0 ], [ 109.743177910127599, -7.791051098926329, 0.0 ], [ 109.743161835162908, -7.791090997221474, 0.0 ], [ 109.743145760172865, -7.791130895499184, 0.0 ], [ 109.743129685207265, -7.791170793801735, 0.0 ], [ 109.743112730114206, -7.791212876508419, 0.0 ], [ 109.743097535237425, -7.791250590374082, 0.0 ], [ 109.743079011915398, -7.791296565369401, 0.0 ], [ 109.743056533138684, -7.791352357940691, 0.0 ], [ 109.743033235214739, -7.791410183465778, 0.0 ], [ 109.743017160227367, -7.791450081760105, 0.0 ], [ 109.742998594906553, -7.791496160992382, 0.0 ], [ 109.742989096688888, -7.791519735640501, 0.0 ], [ 109.742984318639188, -7.791529184483719, 0.0 ], [ 109.742974788261677, -7.791543249322326, 0.0 ], [ 109.742950049087739, -7.791550828657694, 0.0 ], [ 109.742943050564108, -7.791551228012328, 0.0 ], [ 109.742918740213625, -7.791556265873434, 0.0 ], [ 109.74286272306496, -7.79155892324461, 0.0 ], [ 109.742806705916593, -7.791561580679583, 0.0 ], [ 109.742750688768922, -7.791564238035748, 0.0 ], [ 109.742722680195158, -7.79156556674015, 0.0 ], [ 109.742694671621521, -7.791566895445889, 0.0 ], [ 109.742666663048098, -7.791568224123893, 0.0 ], [ 109.74263865447476, -7.791569552796764, 0.0 ], [ 109.742580557671687, -7.791572308854465, 0.0 ], [ 109.742526620182517, -7.79157486752768, 0.0 ], [ 109.742498611609804, -7.79157619619115, 0.0 ], [ 109.742466939508276, -7.791577698644296, 0.0 ], [ 109.742420592243903, -7.791579897301857, 0.0 ], [ 109.742407939989803, -7.791580497495407, 0.0 ], [ 109.742358568747889, -7.791582839535306, 0.0 ], [ 109.742302551603828, -7.791585496902486, 0.0 ], [ 109.742246534460435, -7.791588154190991, 0.0 ], [ 109.742230941553331, -7.791588893882363, 0.0 ], [ 109.74220730500673, -7.791590015129825, 0.0 ], [ 109.742190517317468, -7.79159081149788, 0.0 ], [ 109.742174876117247, -7.791588783847608, 0.0 ], [ 109.742135679402125, -7.79157418078087, 0.0 ], [ 109.742134558412431, -7.791573957259097, 0.0 ], [ 109.74213418928835, -7.791573427415101, 0.0 ], [ 109.742133949792745, -7.791573056991935, 0.0 ], [ 109.742078818581092, -7.791483710347727, 0.0 ], [ 109.74201309100107, -7.791377190855096, 0.0 ], [ 109.741967339496341, -7.79130304497526, 0.0 ], [ 109.741926763351501, -7.791237286460365, 0.0 ], [ 109.741911599986778, -7.791212712347892, 0.0 ], [ 109.741899641021035, -7.791193331351676, 0.0 ], [ 109.741892232356307, -7.791181324699997, 0.0 ], [ 109.741855860499214, -7.791122379700473, 0.0 ], [ 109.741800121033705, -7.791032047003866, 0.0 ], [ 109.741744381590209, -7.790941714300093, 0.0 ], [ 109.741686421803891, -7.790847783328108, 0.0 ], [ 109.741685046272394, -7.790845554105552, 0.0 ], [ 109.741656332743446, -7.790821920303727, 0.0 ], [ 109.74163277164908, -7.790804965630859, 0.0 ], [ 109.741623728967298, -7.790798550372589, 0.0 ], [ 109.74160939222692, -7.790789470211345, 0.0 ], [ 109.74157686771143, -7.790769746320208, 0.0 ], [ 109.741516827668335, -7.79073333608357, 0.0 ], [ 109.741465052013112, -7.790701937673375, 0.0 ], [ 109.741409144178633, -7.79066803331675, 0.0 ], [ 109.74135323635376, -7.790634129002679, 0.0 ], [ 109.741297328538806, -7.79060022463398, 0.0 ], [ 109.741239134071662, -7.790564933601347, 0.0 ], [ 109.741205704180842, -7.790544660593589, 0.0 ], [ 109.741170848668588, -7.790523523063228, 0.0 ], [ 109.741129605152025, -7.790498511592463, 0.0 ], [ 109.741073697375882, -7.790464607248368, 0.0 ], [ 109.7410177896096, -7.790430702849778, 0.0 ], [ 109.740961440709114, -7.790396530971208, 0.0 ], [ 109.740927794514931, -7.790374633982331, 0.0 ], [ 109.740905974106155, -7.790362894086317, 0.0 ], [ 109.74086887633436, -7.790340396728425, 0.0 ], [ 109.740870053334362, -7.790320492035471, 0.0 ], [ 109.740865708895058, -7.790300042551326, 0.0 ], [ 109.740867327402697, -7.790284532914469, 0.0 ], [ 109.740906336503272, -7.790241576951426, 0.0 ], [ 109.740962530343893, -7.790179697673238, 0.0 ], [ 109.741019098328337, -7.79011740620166, 0.0 ], [ 109.741046821073766, -7.790086878613683, 0.0 ], [ 109.741072166136888, -7.790058969185478, 0.0 ], [ 109.741074917975396, -7.790055938914453, 0.0 ], [ 109.741131111765711, -7.789994059602218, 0.0 ], [ 109.741187305539768, -7.789932180117857, 0.0 ], [ 109.741221459554041, -7.789894570468654, 0.0 ], [ 109.741231901173762, -7.789883072404589, 0.0 ], [ 109.741258523657919, -7.78985375626099, 0.0 ], [ 109.741272049866268, -7.789838861514728, 0.0 ], [ 109.741299693036609, -7.789808421442076, 0.0 ], [ 109.741355886760346, -7.789746541926887, 0.0 ], [ 109.741412080466858, -7.789684662563345, 0.0 ], [ 109.741423820534308, -7.789671734602444, 0.0 ], [ 109.741444880994592, -7.789648543217101, 0.0 ], [ 109.74147150349215, -7.78961922709728, 0.0 ], [ 109.741525000914876, -7.78956031661934, 0.0 ], [ 109.741580661486267, -7.78949902424922, 0.0 ], [ 109.741626181237933, -7.789448898602954, 0.0 ], [ 109.741631238125066, -7.789443330044109, 0.0 ], [ 109.741657860596291, -7.789414013904858, 0.0 ], [ 109.741676771453925, -7.789393189582508, 0.0 ], [ 109.7416930487489, -7.78937526526783, 0.0 ], [ 109.7417492423548, -7.789313385842707, 0.0 ], [ 109.741805435944457, -7.789251506242171, 0.0 ], [ 109.741828541786475, -7.789226062470544, 0.0 ], [ 109.74184421753472, -7.789208800619119, 0.0 ], [ 109.741870839935459, -7.78917948442251, 0.0 ], [ 109.741879131932521, -7.78917035341673, 0.0 ], [ 109.741917823072455, -7.789127747343835, 0.0 ], [ 109.741974016611778, -7.789065867712446, 0.0 ], [ 109.741980312037313, -7.789058935283833, 0.0 ], [ 109.742005607127467, -7.789031080745593, 0.0 ], [ 109.742057196669393, -7.788974271014228, 0.0 ], [ 109.742083819077322, -7.788944954834947, 0.0 ], [ 109.742086403639206, -7.788942108752606, 0.0 ], [ 109.742142597128293, -7.788880229090444, 0.0 ], [ 109.742182672233454, -7.788836098918601, 0.0 ], [ 109.742190308522183, -7.78882768995175, 0.0 ], [ 109.742216930874008, -7.788798373725214, 0.0 ], [ 109.742233262287485, -7.788780389806621, 0.0 ], [ 109.742254984055108, -7.788756470068962, 0.0 ], [ 109.742311177493889, -7.788694590376066, 0.0 ], [ 109.742367370915389, -7.788632710838035, 0.0 ], [ 109.742385032165458, -7.788613262420151, 0.0 ], [ 109.742403287256195, -7.788593160097584, 0.0 ], [ 109.742423564320248, -7.788570831254169, 0.0 ], [ 109.742430916066752, -7.788564853640946, 0.0 ], [ 109.742462231979758, -7.788540246392581, 0.0 ], [ 109.742479703932517, -7.788526980533589, 0.0 ], [ 109.742500412846425, -7.788522526616648, 0.0 ], [ 109.742519135690216, -7.788518499813711, 0.0 ], [ 109.742546397742274, -7.788512636475575, 0.0 ], [ 109.742592382717461, -7.788502746410322, 0.0 ], [ 109.742638367585656, -7.788492856232641, 0.0 ], [ 109.74264783821404, -7.788490819357634, 0.0 ], [ 109.742703882970574, -7.788478765563534, 0.0 ], [ 109.74273033738622, -7.788473075929311, 0.0 ], [ 109.74273435144714, -7.788472212604726, 0.0 ], [ 109.742776322287497, -7.788463185774564, 0.0 ], [ 109.742806089960339, -7.788456783575806, 0.0 ], [ 109.742822307243287, -7.788453295669678, 0.0 ], [ 109.742868292107616, -7.788443405465272, 0.0 ], [ 109.742877828579566, -7.78844135442406, 0.0 ], [ 109.742914277066845, -7.788433515356141, 0.0 ], [ 109.742928061975206, -7.788430550576726, 0.0 ], [ 109.742951034794118, -7.788424470258108, 0.0 ], [ 109.742958791009457, -7.78842214940405, 0.0 ], [ 109.742984113984861, -7.788416060570393, 0.0 ], [ 109.742997749738876, -7.788405210018643, 0.0 ], [ 109.743015355313375, -7.788391695148364, 0.0 ], [ 109.743029107642855, -7.78838064488693, 0.0 ], [ 109.743040251530587, -7.788372879558253, 0.0 ], [ 109.743060969784295, -7.788356585646166, 0.0 ], [ 109.743092273811399, -7.788331966458116, 0.0 ], [ 109.743096391959483, -7.788328727731574, 0.0 ], [ 109.743154881966859, -7.78828272819331, 0.0 ], [ 109.743186185983419, -7.788258108999671, 0.0 ], [ 109.743208672782984, -7.788240424189228, 0.0 ], [ 109.743228603434162, -7.788224749694298, 0.0 ], [ 109.743264813177731, -7.788196272402391, 0.0 ], [ 109.743280098105103, -7.788184251492206, 0.0 ], [ 109.74331140214791, -7.78815963232909, 0.0 ], [ 109.743320953561295, -7.788152120567258, 0.0 ], [ 109.743370123393959, -7.788113450736343, 0.0 ], [ 109.743377093933546, -7.788107968735642, 0.0 ], [ 109.743405503414749, -7.788085625987698, 0.0 ], [ 109.743433234294528, -7.788063816868732, 0.0 ], [ 109.743451178811199, -7.788095699638977, 0.0 ], [ 109.743454332818146, -7.788113700375398, 0.0 ], [ 109.743453609835811, -7.78813422867257, 0.0 ], [ 109.743453642933602, -7.788148950390412, 0.0 ], [ 109.743452963657759, -7.788169555587354, 0.0 ], [ 109.743449165761362, -7.788225403599185, 0.0 ], [ 109.743445367803588, -7.788281251610485, 0.0 ] ], [ [ 109.743353265495372, -7.788560274903888, 0.0 ], [ 109.743357063417548, -7.788504426896328, 0.0 ], [ 109.743358263729007, -7.788486776572094, 0.0 ], [ 109.743359757947871, -7.788464804586821, 0.0 ], [ 109.743360861378108, -7.7884485788885, 0.0 ], [ 109.743358582350766, -7.788431070419504, 0.0 ], [ 109.743360488454996, -7.788408386640065, 0.0 ], [ 109.743357083563879, -7.78839270842025, 0.0 ], [ 109.743349947197203, -7.788366381154987, 0.0 ], [ 109.7433506407951, -7.788362456081746, 0.0 ], [ 109.743321244320654, -7.78833674289745, 0.0 ], [ 109.743320794648412, -7.788336352388979, 0.0 ], [ 109.743320404183493, -7.788336434695404, 0.0 ], [ 109.743288928845459, -7.78836118863788, 0.0 ], [ 109.743264263772119, -7.788380586555342, 0.0 ], [ 109.7432492569055, -7.78839238872893, 0.0 ], [ 109.74320812334966, -7.788424738347578, 0.0 ], [ 109.743195016683728, -7.788435046143905, 0.0 ], [ 109.743163712609302, -7.788459665293757, 0.0 ], [ 109.743151982915734, -7.788468890159533, 0.0 ], [ 109.743107736814807, -7.788503687625029, 0.0 ], [ 109.743095842470609, -7.788513041939431, 0.0 ], [ 109.743069800408477, -7.788533522764711, 0.0 ], [ 109.743038496363482, -7.788558141945023, 0.0 ], [ 109.742983561546524, -7.788601345435386, 0.0 ], [ 109.742974842684575, -7.788606331292982, 0.0 ], [ 109.74296195753972, -7.788614973829927, 0.0 ], [ 109.742941374749819, -7.788628779489165, 0.0 ], [ 109.742927438383234, -7.788639689937908, 0.0 ], [ 109.742901884736938, -7.788645185863313, 0.0 ], [ 109.742899415995041, -7.788645716820366, 0.0 ], [ 109.742855899781702, -7.788655075996479, 0.0 ], [ 109.742823826032833, -7.78866197425582, 0.0 ], [ 109.742809914884106, -7.788664966179532, 0.0 ], [ 109.742763929888781, -7.788674856266216, 0.0 ], [ 109.742752087521197, -7.788677403246638, 0.0 ], [ 109.742717944988385, -7.788684746441819, 0.0 ], [ 109.742680348884193, -7.788692832347148, 0.0 ], [ 109.742671960024452, -7.788694636550386, 0.0 ], [ 109.742625975093333, -7.788704526686037, 0.0 ], [ 109.742608610318868, -7.78870826135393, 0.0 ], [ 109.742591169691195, -7.788712012357342, 0.0 ], [ 109.742535124901735, -7.788724066130876, 0.0 ], [ 109.742479080110243, -7.788736119896565, 0.0 ], [ 109.74245508310662, -7.788757177741434, 0.0 ], [ 109.742425735988135, -7.788783760263367, 0.0 ], [ 109.742422921312141, -7.788786391809271, 0.0 ], [ 109.742366727873488, -7.78884827135226, 0.0 ], [ 109.742310534417612, -7.788910151046935, 0.0 ], [ 109.742276077470422, -7.788948094593208, 0.0 ], [ 109.742265779505402, -7.788959434561067, 0.0 ], [ 109.742239157147637, -7.788988750789415, 0.0 ], [ 109.742226244203053, -7.789002970328376, 0.0 ], [ 109.742200192359149, -7.789031658261614, 0.0 ], [ 109.742141953950309, -7.789095789745415, 0.0 ], [ 109.742085760427827, -7.78915766923708, 0.0 ], [ 109.742073717287525, -7.789170931001271, 0.0 ], [ 109.742052800485027, -7.789193964293923, 0.0 ], [ 109.742029566888519, -7.789219548737905, 0.0 ], [ 109.742023127144705, -7.789226640082356, 0.0 ], [ 109.741973373332087, -7.789281428351551, 0.0 ], [ 109.741917179759355, -7.789343307812428, 0.0 ], [ 109.741866443659845, -7.78939917770837, 0.0 ], [ 109.741839821202092, -7.789428493859895, 0.0 ], [ 109.741820766746159, -7.789449476324265, 0.0 ], [ 109.741804792563045, -7.789467066865304, 0.0 ], [ 109.741748598939992, -7.789528946295391, 0.0 ], [ 109.741692405299702, -7.789590825880365, 0.0 ], [ 109.74166899631625, -7.789616603418343, 0.0 ], [ 109.741653464147504, -7.789633707129079, 0.0 ], [ 109.741626841700082, -7.789663023304374, 0.0 ], [ 109.741618406083447, -7.789672312432936, 0.0 ], [ 109.741580017969753, -7.789714584685987, 0.0 ], [ 109.741523824279156, -7.789776464240166, 0.0 ], [ 109.741467630572245, -7.789838343618934, 0.0 ], [ 109.741441340340785, -7.789867293918898, 0.0 ], [ 109.741416045159653, -7.789895148408376, 0.0 ], [ 109.741411436848608, -7.789900222984206, 0.0 ], [ 109.741355243107705, -7.78996210250759, 0.0 ], [ 109.741299049350545, -7.790023981855565, 0.0 ], [ 109.741264274453485, -7.79006227530296, 0.0 ], [ 109.741254126994392, -7.79007344947185, 0.0 ], [ 109.741227504450123, -7.790102765573654, 0.0 ], [ 109.741214758683086, -7.790116800940879, 0.0 ], [ 109.741186661785392, -7.790147740682617, 0.0 ], [ 109.741130467977911, -7.790209619999811, 0.0 ], [ 109.741074274153192, -7.79027149946867, 0.0 ], [ 109.741061913208426, -7.790285111045659, 0.0 ], [ 109.741041146798992, -7.790307978478396, 0.0 ], [ 109.741018080312159, -7.790333378765269, 0.0 ], [ 109.741011322809427, -7.790340819960372, 0.0 ], [ 109.741015932126544, -7.79034294759068, 0.0 ], [ 109.741036092025453, -7.790358933212311, 0.0 ], [ 109.741047539954366, -7.79036730486552, 0.0 ], [ 109.74105448336762, -7.790377384966379, 0.0 ], [ 109.741069229907879, -7.790396851213783, 0.0 ], [ 109.741072136038696, -7.79039861359272, 0.0 ], [ 109.741129799077441, -7.7904335823916, 0.0 ], [ 109.741185706855433, -7.790467486776901, 0.0 ], [ 109.741241614643357, -7.790501391104478, 0.0 ], [ 109.741254358823838, -7.790509119607769, 0.0 ], [ 109.74128126901293, -7.790525438845798, 0.0 ], [ 109.741316124532275, -7.790546576371214, 0.0 ], [ 109.741381384155488, -7.790586151968326, 0.0 ], [ 109.741420691081885, -7.790609988959307, 0.0 ], [ 109.741465245892002, -7.790637008461545, 0.0 ], [ 109.741521153728627, -7.79067091276233, 0.0 ], [ 109.741577061574802, -7.790704817105714, 0.0 ], [ 109.741629824280182, -7.790736814075797, 0.0 ], [ 109.74168887729661, -7.790772625725888, 0.0 ], [ 109.741717181546875, -7.790789790305148, 0.0 ], [ 109.741732544590946, -7.790802057071385, 0.0 ], [ 109.741744764576183, -7.790813428916719, 0.0 ], [ 109.741761521425303, -7.790829022760459, 0.0 ], [ 109.741777026652088, -7.790845827239946, 0.0 ], [ 109.741800563088162, -7.790883970964278, 0.0 ], [ 109.741849995779077, -7.790964082680871, 0.0 ], [ 109.741871317679184, -7.790998637505975, 0.0 ], [ 109.741880619669914, -7.791013712527186, 0.0 ], [ 109.741912042012615, -7.791064636241662, 0.0 ], [ 109.741956605411687, -7.791136856703784, 0.0 ], [ 109.741977927352877, -7.791171411503394, 0.0 ], [ 109.741984212769864, -7.791181597800973, 0.0 ], [ 109.742023521024606, -7.791245301616895, 0.0 ], [ 109.742063215152783, -7.791309630686626, 0.0 ], [ 109.742084537116284, -7.791344185473699, 0.0 ], [ 109.742105071489661, -7.791377463936746, 0.0 ], [ 109.742122337023261, -7.791405444811772, 0.0 ], [ 109.742135000124861, -7.791425966863116, 0.0 ], [ 109.742156868112389, -7.791461406560698, 0.0 ], [ 109.74217131917392, -7.791480923299424, 0.0 ], [ 109.742190786340572, -7.791500675093511, 0.0 ], [ 109.74220679008323, -7.791501450795924, 0.0 ], [ 109.742229530351523, -7.791500261308881, 0.0 ], [ 109.742246794691582, -7.791500959642303, 0.0 ], [ 109.742302811823507, -7.791498302283867, 0.0 ], [ 109.742358828955673, -7.791495644982781, 0.0 ], [ 109.74238683752202, -7.791494316314811, 0.0 ], [ 109.742470863221698, -7.791490330293186, 0.0 ], [ 109.742550905149798, -7.791486533233745, 0.0 ], [ 109.742554888922427, -7.791486344254626, 0.0 ], [ 109.742582897489612, -7.791485015573477, 0.0 ], [ 109.742638914624166, -7.791482358234765, 0.0 ], [ 109.742694931759416, -7.791479700823746, 0.0 ], [ 109.742736295295899, -7.791477738612341, 0.0 ], [ 109.742764192344353, -7.791476415216557, 0.0 ], [ 109.74279529478936, -7.791474939728992, 0.0 ], [ 109.742817514113753, -7.791473885665982, 0.0 ], [ 109.742854294249014, -7.791472140869643, 0.0 ], [ 109.742870835927135, -7.791471356147547, 0.0 ], [ 109.742913293759159, -7.791469341953464, 0.0 ], [ 109.742919000304823, -7.7914690712404, 0.0 ], [ 109.742922296251137, -7.791466959040686, 0.0 ], [ 109.742924889941875, -7.791463685897903, 0.0 ], [ 109.742933656847867, -7.791449153857014, 0.0 ], [ 109.742944147755551, -7.791432856169712, 0.0 ], [ 109.742956469811389, -7.79140792033885, 0.0 ], [ 109.742961843180183, -7.791394583611841, 0.0 ], [ 109.742977918169501, -7.791354685319956, 0.0 ], [ 109.742993993186332, -7.791314787056156, 0.0 ], [ 109.743010068180936, -7.791274888771697, 0.0 ], [ 109.743023906232693, -7.791240542642542, 0.0 ], [ 109.74304638500513, -7.791184750072468, 0.0 ], [ 109.743068863829819, -7.791128957500268, 0.0 ], [ 109.743090443141227, -7.791075397370831, 0.0 ], [ 109.743106518133203, -7.791035499095617, 0.0 ], [ 109.743122593099841, -7.790995600802948, 0.0 ], [ 109.743130796344644, -7.790975240277751, 0.0 ], [ 109.743136300146944, -7.790961579769731, 0.0 ], [ 109.743154743034921, -7.790915804220661, 0.0 ], [ 109.743158778884663, -7.790905787188234, 0.0 ], [ 109.743181257677705, -7.790849994604602, 0.0 ], [ 109.74318667763356, -7.790835791606967, 0.0 ], [ 109.743201056357833, -7.790795046754987, 0.0 ], [ 109.74320127775583, -7.790794413650666, 0.0 ], [ 109.743201345725922, -7.790794194927856, 0.0 ], [ 109.743205143791712, -7.790738346933943, 0.0 ], [ 109.743208941796141, -7.790682498939446, 0.0 ], [ 109.743212739857555, -7.790626650944885, 0.0 ], [ 109.743216537860704, -7.790570802949773, 0.0 ], [ 109.743220335914657, -7.790514954954448, 0.0 ], [ 109.743224133913387, -7.790459106958727, 0.0 ], [ 109.743227931966047, -7.790403258962733, 0.0 ], [ 109.743231729960456, -7.79034741096632, 0.0 ], [ 109.743235528005627, -7.790291562969676, 0.0 ], [ 109.743239325995646, -7.790235714972503, 0.0 ], [ 109.743243124039566, -7.790179866975238, 0.0 ], [ 109.743246922025207, -7.790124018977425, 0.0 ], [ 109.743250720061653, -7.790068170979412, 0.0 ], [ 109.743254518042932, -7.790012322980955, 0.0 ], [ 109.743258225457609, -7.789957807512609, 0.0 ], [ 109.743265912032797, -7.789844778983666, 0.0 ], [ 109.74326781104736, -7.789816854983854, 0.0 ], [ 109.743269710055131, -7.789788930983938, 0.0 ], [ 109.743272662587628, -7.789745514974922, 0.0 ], [ 109.74327447072308, -7.789718927095883, 0.0 ], [ 109.743276229340765, -7.78969306755831, 0.0 ], [ 109.743277306049706, -7.789677234983456, 0.0 ], [ 109.743281104012539, -7.789621386982557, 0.0 ], [ 109.743284902032414, -7.78956553898158, 0.0 ], [ 109.743288699993997, -7.789509690980049, 0.0 ], [ 109.743292498009481, -7.789453842978363, 0.0 ], [ 109.743296295963546, -7.789397994976166, 0.0 ], [ 109.743300093974653, -7.789342146973754, 0.0 ], [ 109.743303891927482, -7.789286298970903, 0.0 ], [ 109.743307689931115, -7.789230450967858, 0.0 ], [ 109.743311487879581, -7.789174602964265, 0.0 ], [ 109.743315083839889, -7.789121725907428, 0.0 ], [ 109.743319030006987, -7.789063698356878, 0.0 ], [ 109.743322881820845, -7.789007058951922, 0.0 ], [ 109.743326679760528, -7.788951210947046, 0.0 ], [ 109.743330477754157, -7.788895362941966, 0.0 ], [ 109.743334275689463, -7.788839514936398, 0.0 ], [ 109.743338073675602, -7.78878366693065, 0.0 ], [ 109.74334187160656, -7.788727818924357, 0.0 ], [ 109.74334566959142, -7.788671970917974, 0.0 ], [ 109.743349467517987, -7.788616122911038, 0.0 ], [ 109.743353265495372, -7.788560274903888, 0.0 ] ] ] } },
{ "type": "Feature", "properties": { "Join_Count": 1, "TARGET_FID": 30, "JOIN_FID": 35, "Id": 35, "Contour": 360.0, "Shape_Leng": 2341.5126676, "Skor": 2.0, "Shape_Le_1": 5221.6245312399997, "Shape_Area": 118833.09737600001 }, "geometry": { "type": "Polygon", "coordinates": [ [ [ 109.740211400658993, -7.788550948236402, 0.0 ], [ 109.74020923373827, -7.788662660200174, 0.0 ], [ 109.740208691979873, -7.788690588190835, 0.0 ], [ 109.740207608465141, -7.7887464441722, 0.0 ], [ 109.740207066711875, -7.788774372162824, 0.0 ], [ 109.740204899779329, -7.78888608412499, 0.0 ], [ 109.740204358014878, -7.788914012115328, 0.0 ], [ 109.740203816250087, -7.788941940105619, 0.0 ], [ 109.74020273277857, -7.7889977960862, 0.0 ], [ 109.740202336945387, -7.789018201422121, 0.0 ], [ 109.740202040245848, -7.789033497037011, 0.0 ], [ 109.740201649271256, -7.789053652066539, 0.0 ], [ 109.740200565796783, -7.789109508046767, 0.0 ], [ 109.740200204856052, -7.789128114675598, 0.0 ], [ 109.740199837179887, -7.789147067585685, 0.0 ], [ 109.740199482255363, -7.789165364026563, 0.0 ], [ 109.740198398777935, -7.789221220006444, 0.0 ], [ 109.740198072726798, -7.789238027899104, 0.0 ], [ 109.740197634142262, -7.789260638094792, 0.0 ], [ 109.740197315270976, -7.789277075985997, 0.0 ], [ 109.740195148311869, -7.789388787944742, 0.0 ], [ 109.740194874598373, -7.789402897806046, 0.0 ], [ 109.740194329547748, -7.789430993889266, 0.0 ], [ 109.740193808488485, -7.789457854376361, 0.0 ], [ 109.740193228014235, -7.789487779152616, 0.0 ], [ 109.740192981247105, -7.789500499902386, 0.0 ], [ 109.740190814276161, -7.789612211859541, 0.0 ], [ 109.740190610349103, -7.789622724287576, 0.0 ], [ 109.740189923392066, -7.789658134951218, 0.0 ], [ 109.740189544224165, -7.789677680850634, 0.0 ], [ 109.740188821858709, -7.789714920207325, 0.0 ], [ 109.740188647199602, -7.789723923815719, 0.0 ], [ 109.740186480216835, -7.789835635771375, 0.0 ], [ 109.740186346073855, -7.78984255076287, 0.0 ], [ 109.740185396634402, -7.78989149174864, 0.0 ], [ 109.740184854881605, -7.789919419737294, 0.0 ], [ 109.74018441568191, -7.789942061255578, 0.0 ], [ 109.740184313128438, -7.789947347725947, 0.0 ], [ 109.740182146137016, -7.79005905968006, 0.0 ], [ 109.740181062539349, -7.790114915656561, 0.0 ], [ 109.740179979039908, -7.790170771633156, 0.0 ], [ 109.74017996862446, -7.79017230953793, 0.0 ], [ 109.740180026251906, -7.79022487885543, 0.0 ], [ 109.740180014488743, -7.790226630936055, 0.0 ], [ 109.740234185993671, -7.790506836245624, 0.0 ], [ 109.740255651924429, -7.79061787018309, 0.0 ], [ 109.740261061702711, -7.790645852740758, 0.0 ], [ 109.740266457228046, -7.790673761504053, 0.0 ], [ 109.740270705028465, -7.79069191203448, 0.0 ], [ 109.740278601816485, -7.790719476728356, 0.0 ], [ 109.740281199591209, -7.790729664529515, 0.0 ], [ 109.740283140941116, -7.790735276300907, 0.0 ], [ 109.740288731959396, -7.79074532150687, 0.0 ], [ 109.740456359639694, -7.790879003934456, 0.0 ], [ 109.740512235558271, -7.790923564510108, 0.0 ], [ 109.740550275495991, -7.790953901184964, 0.0 ], [ 109.740557417098387, -7.790964598689629, 0.0 ], [ 109.740568066472875, -7.790983189478663, 0.0 ], [ 109.740577764513276, -7.791000119549396, 0.0 ], [ 109.74058251798715, -7.791009856222451, 0.0 ], [ 109.740586836433224, -7.791028724490831, 0.0 ], [ 109.740590211844633, -7.791043472531435, 0.0 ], [ 109.740595311379906, -7.791065753451632, 0.0 ], [ 109.740608104958795, -7.791121650681301, 0.0 ], [ 109.740610990665729, -7.791134258929211, 0.0 ], [ 109.740620126662421, -7.791174176450276, 0.0 ], [ 109.740621379933131, -7.791179652273387, 0.0 ], [ 109.740631769361471, -7.791225045459382, 0.0 ], [ 109.740633691827298, -7.791233445139918, 0.0 ], [ 109.740646485353764, -7.791289342369451, 0.0 ], [ 109.740652548116373, -7.79131583193143, 0.0 ], [ 109.740653417080992, -7.791319628588454, 0.0 ], [ 109.74066293748983, -7.791361225175558, 0.0 ], [ 109.740670062114219, -7.791392354474032, 0.0 ], [ 109.740672072164202, -7.791401136827944, 0.0 ], [ 109.740678748645735, -7.791430307559806, 0.0 ], [ 109.740683716213056, -7.791452011692911, 0.0 ], [ 109.740684865700601, -7.79145703405752, 0.0 ], [ 109.740697659236133, -7.791512931287184, 0.0 ], [ 109.740703352543363, -7.791537806596128, 0.0 ], [ 109.740704494976654, -7.791542798171522, 0.0 ], [ 109.740714884351263, -7.791588191422138, 0.0 ], [ 109.74071999760055, -7.791610532494793, 0.0 ], [ 109.740723246067816, -7.791624725745721, 0.0 ], [ 109.740734036000433, -7.791671868853846, 0.0 ], [ 109.740735663101958, -7.791678977926591, 0.0 ], [ 109.740736642832516, -7.791683258562334, 0.0 ], [ 109.740748833154782, -7.791736520205015, 0.0 ], [ 109.740753288052716, -7.791755984616962, 0.0 ], [ 109.740756441867958, -7.791769764418215, 0.0 ], [ 109.740766831250085, -7.791815157668892, 0.0 ], [ 109.740769933124525, -7.791828710515661, 0.0 ], [ 109.740774420004541, -7.791848314663718, 0.0 ], [ 109.740789323397479, -7.791913430151316, 0.0 ], [ 109.740800007109627, -7.791960109123143, 0.0 ], [ 109.740810228899377, -7.791981190940758, 0.0 ], [ 109.740813469235732, -7.791991693946317, 0.0 ], [ 109.740837723435703, -7.792016080424827, 0.0 ], [ 109.740841618189421, -7.792019480454941, 0.0 ], [ 109.740845013916328, -7.792020093231527, 0.0 ], [ 109.740848230719024, -7.792019317524893, 0.0 ], [ 109.740861363581388, -7.792016150683378, 0.0 ], [ 109.740892696567144, -7.792007903192294, 0.0 ], [ 109.740901063540775, -7.792006577507122, 0.0 ], [ 109.74091394233163, -7.792003471905228, 0.0 ], [ 109.740938274404655, -7.791997604494587, 0.0 ], [ 109.74098329613318, -7.791986747857998, 0.0 ], [ 109.740988174811335, -7.791985571417347, 0.0 ], [ 109.741013162782991, -7.79197954579466, 0.0 ], [ 109.741069212399992, -7.791966030065708, 0.0 ], [ 109.741073339793701, -7.791965034780469, 0.0 ], [ 109.741090189887927, -7.791960971475363, 0.0 ], [ 109.741125262015316, -7.791952514050229, 0.0 ], [ 109.741181311627344, -7.791938998305261, 0.0 ], [ 109.741209336432647, -7.791932240355238, 0.0 ], [ 109.741237361237467, -7.791925482370891, 0.0 ], [ 109.741258376949645, -7.791926574652167, 0.0 ], [ 109.741272201832587, -7.791926761186238, 0.0 ], [ 109.74129336310753, -7.791927948745291, 0.0 ], [ 109.741321641816526, -7.791934020988571, 0.0 ], [ 109.741349336447811, -7.791939967780452, 0.0 ], [ 109.741405309792086, -7.791951986925256, 0.0 ], [ 109.741413510703239, -7.791953747881849, 0.0 ], [ 109.741459686004418, -7.791963663116789, 0.0 ], [ 109.741463740619366, -7.791964533752867, 0.0 ], [ 109.741505861511769, -7.79197357815005, 0.0 ], [ 109.741517256494305, -7.791976024970794, 0.0 ], [ 109.74157322985134, -7.791988044162961, 0.0 ], [ 109.741598212172633, -7.791993408560876, 0.0 ], [ 109.741605839260544, -7.791995046284298, 0.0 ], [ 109.74164438762628, -7.792003323638158, 0.0 ], [ 109.741676888630437, -7.792010302569135, 0.0 ], [ 109.741685176579352, -7.792012082222183, 0.0 ], [ 109.741715947294054, -7.792018689621943, 0.0 ], [ 109.741736738264137, -7.792023154056321, 0.0 ], [ 109.741741149949462, -7.792024101361264, 0.0 ], [ 109.741747899643173, -7.792025520356705, 0.0 ], [ 109.741782966539958, -7.792033016765276, 0.0 ], [ 109.741797123782575, -7.792035966873414, 0.0 ], [ 109.741818112238022, -7.792039937090974, 0.0 ], [ 109.741829837706447, -7.792042242106226, 0.0 ], [ 109.741853101406207, -7.79204656423399, 0.0 ], [ 109.741909081131567, -7.792056458912875, 0.0 ], [ 109.742020363925775, -7.792076128060543, 0.0 ], [ 109.742022002662281, -7.792076417710676, 0.0 ], [ 109.742068040325648, -7.792084555085371, 0.0 ], [ 109.742077020332161, -7.792086142315134, 0.0 ], [ 109.742133000073579, -7.792096036671439, 0.0 ], [ 109.742155799171584, -7.792108937775792, 0.0 ], [ 109.742176378864457, -7.792119247747788, 0.0 ], [ 109.742188920568367, -7.792125781402384, 0.0 ], [ 109.74219641344466, -7.792131834782791, 0.0 ], [ 109.742335209340624, -7.79224396530094, 0.0 ], [ 109.742356544263615, -7.792261201445839, 0.0 ], [ 109.74237798148215, -7.792278520178861, 0.0 ], [ 109.742408934706702, -7.792303526583236, 0.0 ], [ 109.742412418853718, -7.79230634136072, 0.0 ], [ 109.742474004979428, -7.792356095783801, 0.0 ], [ 109.742612801031271, -7.792468226233464, 0.0 ], [ 109.742682198746095, -7.792524291444367, 0.0 ], [ 109.742686968000726, -7.792529125335233, 0.0 ], [ 109.742691776235631, -7.792537320783833, 0.0 ], [ 109.742703551456898, -7.79256837797598, 0.0 ], [ 109.742707898555153, -7.792580226961315, 0.0 ], [ 109.742748277168715, -7.792693018864048, 0.0 ], [ 109.74280287535268, -7.792845531503259, 0.0 ], [ 109.742913968302162, -7.793155853374556, 0.0 ], [ 109.742969514824836, -7.793311014785083, 0.0 ], [ 109.742988156716649, -7.793363088110345, 0.0 ], [ 109.742994962215604, -7.793388718652787, 0.0 ], [ 109.742995704613563, -7.793392607435575, 0.0 ], [ 109.743004315689461, -7.79341899530919, 0.0 ], [ 109.74299201803035, -7.793441790784833, 0.0 ], [ 109.742978692690912, -7.793465166597359, 0.0 ], [ 109.742973307479147, -7.793474762540688, 0.0 ], [ 109.742969004206941, -7.793482162544443, 0.0 ], [ 109.742951158803535, -7.79351284983465, 0.0 ], [ 109.742930582808896, -7.793548232503568, 0.0 ], [ 109.742912705873948, -7.793578974002799, 0.0 ], [ 109.742908452282578, -7.79358628856779, 0.0 ], [ 109.74290267392233, -7.793596225123682, 0.0 ], [ 109.742889430948111, -7.793618997976311, 0.0 ], [ 109.742868854945314, -7.793654380637208, 0.0 ], [ 109.742856407512647, -7.793675785452384, 0.0 ], [ 109.742843597051646, -7.793697814579002, 0.0 ], [ 109.742811169309917, -7.793753577578234, 0.0 ], [ 109.742778741780086, -7.793809340574178, 0.0 ], [ 109.742746314019612, -7.793865103565384, 0.0 ], [ 109.742713886474178, -7.793920866553382, 0.0 ], [ 109.742681458694946, -7.793976629536648, 0.0 ], [ 109.742649031127641, -7.794032392516546, 0.0 ], [ 109.742616603329694, -7.794088155491874, 0.0 ], [ 109.742584175743673, -7.794143918463831, 0.0 ], [ 109.742551747930051, -7.794199681431111, 0.0 ], [ 109.742519320325258, -7.794255444395093, 0.0 ], [ 109.742498487091012, -7.79429126919651, 0.0 ], [ 109.742477911063062, -7.794326651878815, 0.0 ], [ 109.742462318192509, -7.79435346534299, 0.0 ], [ 109.742454464644979, -7.79436697030969, 0.0 ], [ 109.742422037012091, -7.794422733261683, 0.0 ], [ 109.742389609151601, -7.794478496208953, 0.0 ], [ 109.742357181499955, -7.794534259152973, 0.0 ], [ 109.742324753617652, -7.794590022092311, 0.0 ], [ 109.742292325947261, -7.794645785028254, 0.0 ], [ 109.742259898046157, -7.794701547959631, 0.0 ], [ 109.742227470360135, -7.794757310887646, 0.0 ], [ 109.742195042440329, -7.794813073810964, 0.0 ], [ 109.742162614732464, -7.79486883673099, 0.0 ], [ 109.742130186793887, -7.794924599646285, 0.0 ], [ 109.742097759067235, -7.794980362558355, 0.0 ], [ 109.742066389680986, -7.795034305150851, 0.0 ], [ 109.742061396480779, -7.795042891451665, 0.0 ], [ 109.742045813589357, -7.795069687815539, 0.0 ], [ 109.742025237428678, -7.795105070413758, 0.0 ], [ 109.742011928702397, -7.795127956109933, 0.0 ], [ 109.742000475391606, -7.795147651269102, 0.0 ], [ 109.741968047406175, -7.795203414164481, 0.0 ], [ 109.741935619632642, -7.795259177056484, 0.0 ], [ 109.741903191631607, -7.795314939943897, 0.0 ], [ 109.741899331047577, -7.79532157860834, 0.0 ], [ 109.741879701260018, -7.795351240689121, 0.0 ], [ 109.74186855853695, -7.795370696276342, 0.0 ], [ 109.741859173436353, -7.795386671796885, 0.0 ], [ 109.741843035630026, -7.795417234062559, 0.0 ], [ 109.741838472260696, -7.795421928992884, 0.0 ], [ 109.741834301280605, -7.795426453720941, 0.0 ], [ 109.741810806333987, -7.795450198640389, 0.0 ], [ 109.741786840200263, -7.795479407126527, 0.0 ], [ 109.741784237276363, -7.795482164198398, 0.0 ], [ 109.741758331474941, -7.795509604287959, 0.0 ], [ 109.741746206259819, -7.795522447732617, 0.0 ], [ 109.741731649096479, -7.795537867167742, 0.0 ], [ 109.741730652692581, -7.795538922587262, 0.0 ], [ 109.741618277631872, -7.79565795255537, 0.0 ], [ 109.741573883540582, -7.795704976019823, 0.0 ], [ 109.741568181938973, -7.795711015339438, 0.0 ], [ 109.741562090076073, -7.79571746798563, 0.0 ], [ 109.74146870629076, -7.795816381876361, 0.0 ], [ 109.741459524793697, -7.795826107132441, 0.0 ], [ 109.74143236065882, -7.79585488023632, 0.0 ], [ 109.741416118032802, -7.795872084792386, 0.0 ], [ 109.741337234972789, -7.795955639147897, 0.0 ], [ 109.741323703469675, -7.795969972007871, 0.0 ], [ 109.741310940813975, -7.795983490595878, 0.0 ], [ 109.741281152060708, -7.796015043601861, 0.0 ], [ 109.741168776743422, -7.796134073404229, 0.0 ], [ 109.741153174920925, -7.79615059923441, 0.0 ], [ 109.741133553510792, -7.796171382790289, 0.0 ], [ 109.741112589059327, -7.796193588753271, 0.0 ], [ 109.741047997670719, -7.796262004949285, 0.0 ], [ 109.741024896184697, -7.796286474489833, 0.0 ], [ 109.74099773198985, -7.796315247555787, 0.0 ], [ 109.740995409300396, -7.796317707794148, 0.0 ], [ 109.740887838166714, -7.796431648665108, 0.0 ], [ 109.740837643191853, -7.796484816272728, 0.0 ], [ 109.740834745952739, -7.796487885102499, 0.0 ], [ 109.74083165040247, -7.79649116396337, 0.0 ], [ 109.740732465505033, -7.796596221879963, 0.0 ], [ 109.74072608839019, -7.796602976626128, 0.0 ], [ 109.740698924154117, -7.796631749665988, 0.0 ], [ 109.740679877050383, -7.796651924671515, 0.0 ], [ 109.740606899189132, -7.796729223668814, 0.0 ], [ 109.740550711344639, -7.796788738916295, 0.0 ], [ 109.740438335610349, -7.796907768457838, 0.0 ], [ 109.740416932998698, -7.796930438490924, 0.0 ], [ 109.740400115902048, -7.796948251531119, 0.0 ], [ 109.740382147717739, -7.796967283674845, 0.0 ], [ 109.740325959810477, -7.797026798421797, 0.0 ], [ 109.740318622593918, -7.79703457009681, 0.0 ], [ 109.740311755417423, -7.797041843956851, 0.0 ], [ 109.740269771885821, -7.79708631361849, 0.0 ], [ 109.740157395991162, -7.797205343058478, 0.0 ], [ 109.740101208018345, -7.797264858224693, 0.0 ], [ 109.740100869235704, -7.797264990678597, 0.0 ], [ 109.740067037629316, -7.797286397553236, 0.0 ], [ 109.74004512282842, -7.797290014931184, 0.0 ], [ 109.740020473705542, -7.797288999769164, 0.0 ], [ 109.740014811368482, -7.797290026439812, 0.0 ], [ 109.739989114996206, -7.797289315599463, 0.0 ], [ 109.739864923007104, -7.797263951026015, 0.0 ], [ 109.739709236459731, -7.797232154123145, 0.0 ], [ 109.739688784387923, -7.797227977078518, 0.0 ], [ 109.739669905295585, -7.797224121265002, 0.0 ], [ 109.73965326076484, -7.797220721848555, 0.0 ], [ 109.73942935802782, -7.79717499245751, 0.0 ], [ 109.739409297332301, -7.797170895324027, 0.0 ], [ 109.73938943782241, -7.797166839304569, 0.0 ], [ 109.739373382353719, -7.797163560190399, 0.0 ], [ 109.739309829138307, -7.797150580223937, 0.0 ], [ 109.739032282990706, -7.797093894569459, 0.0 ], [ 109.738991070585868, -7.797084277388496, 0.0 ], [ 109.738981559637352, -7.797081234706834, 0.0 ], [ 109.738963200199038, -7.797075361246926, 0.0 ], [ 109.738948000050016, -7.797071283397791, 0.0 ], [ 109.738925604503734, -7.797062954296853, 0.0 ], [ 109.738907147883239, -7.797056090176632, 0.0 ], [ 109.738869711873264, -7.797037592398379, 0.0 ], [ 109.738869654679007, -7.797037566987698, 0.0 ], [ 109.738869628028851, -7.797037550968835, 0.0 ], [ 109.738815226626869, -7.796514693159801, 0.0 ], [ 109.738788235509318, -7.796255280395127, 0.0 ], [ 109.738785586783976, -7.796229824246235, 0.0 ], [ 109.738785008529646, -7.796224266591213, 0.0 ], [ 109.738782421574584, -7.796199403925191, 0.0 ], [ 109.738760783761876, -7.79599144039407, 0.0 ], [ 109.738706340928815, -7.79546818763355, 0.0 ], [ 109.738651612246187, -7.794942183370163, 0.0 ], [ 109.738608008989615, -7.794523109853924, 0.0 ], [ 109.738606990705236, -7.794513323409473, 0.0 ], [ 109.738602761865465, -7.7944726796264, 0.0 ], [ 109.738602195187696, -7.794467233385041, 0.0 ], [ 109.738597455369629, -7.794421678358955, 0.0 ], [ 109.738543012632249, -7.793898425604588, 0.0 ], [ 109.738497547834015, -7.793461456952957, 0.0 ], [ 109.738496746678578, -7.793453067146397, 0.0 ], [ 109.738492147464996, -7.793409251418169, 0.0 ], [ 109.738491790660106, -7.793405580653141, 0.0 ], [ 109.738491738485536, -7.793402339316775, 0.0 ], [ 109.738488569938013, -7.793375169092556, 0.0 ], [ 109.738474292864893, -7.793237951080083, 0.0 ], [ 109.73847365833663, -7.793222622061187, 0.0 ], [ 109.738474236691459, -7.793196918835939, 0.0 ], [ 109.738473528807219, -7.793182089650212, 0.0 ], [ 109.738473235075418, -7.79316617095416, 0.0 ], [ 109.738475642205998, -7.793139832582127, 0.0 ], [ 109.738475317825433, -7.793126235823273, 0.0 ], [ 109.738474975666364, -7.793111890825177, 0.0 ], [ 109.738478557906831, -7.793081249157966, 0.0 ], [ 109.738478200500282, -7.793070385253064, 0.0 ], [ 109.738478439225958, -7.793059339336305, 0.0 ], [ 109.738484522749374, -7.793019642873792, 0.0 ], [ 109.738484660987922, -7.793014545337135, 0.0 ], [ 109.738485405617112, -7.793010302215624, 0.0 ], [ 109.738493765359294, -7.79296266303925, 0.0 ], [ 109.7384944581421, -7.792958715356975, 0.0 ], [ 109.738504255292497, -7.792902885376119, 0.0 ], [ 109.738507270147394, -7.792885705813051, 0.0 ], [ 109.738510485379337, -7.792867385223932, 0.0 ], [ 109.738514053012622, -7.792847055396154, 0.0 ], [ 109.738523849984091, -7.792791225413112, 0.0 ], [ 109.738527205021782, -7.792772107039415, 0.0 ], [ 109.738530933764352, -7.792750860403616, 0.0 ], [ 109.738533647721653, -7.792735395431699, 0.0 ], [ 109.738543444857044, -7.792679565447632, 0.0 ], [ 109.738543925038613, -7.792676829235816, 0.0 ], [ 109.73854671767802, -7.792660914946156, 0.0 ], [ 109.738553241876502, -7.792623735462497, 0.0 ], [ 109.738554596587292, -7.792616015758018, 0.0 ], [ 109.73856064448519, -7.79258155087449, 0.0 ], [ 109.738566428240645, -7.792548593183337, 0.0 ], [ 109.738569004718656, -7.792533912209424, 0.0 ], [ 109.738572836786176, -7.792512075492399, 0.0 ], [ 109.73859243068037, -7.792400415516265, 0.0 ], [ 109.738594083911167, -7.792390994706921, 0.0 ], [ 109.738601923274146, -7.792346325355414, 0.0 ], [ 109.738602444326361, -7.792343356231195, 0.0 ], [ 109.738603698974316, -7.792336206401695, 0.0 ], [ 109.73861202556003, -7.792288755539931, 0.0 ], [ 109.738613754524252, -7.792278903153907, 0.0 ], [ 109.73861916373157, -7.792248077858654, 0.0 ], [ 109.738621822811936, -7.79223292555004, 0.0 ], [ 109.738649485048711, -7.792222472611522, 0.0 ], [ 109.738660060383665, -7.792218552243169, 0.0 ], [ 109.738683205474715, -7.792210050599762, 0.0 ], [ 109.738690329975171, -7.792207425631646, 0.0 ], [ 109.73871613117349, -7.792197982568869, 0.0 ], [ 109.738772330961183, -7.792177514474306, 0.0 ], [ 109.738813206304314, -7.792162627349215, 0.0 ], [ 109.738854176368264, -7.792147705908771, 0.0 ], [ 109.738860925048712, -7.792145247983653, 0.0 ], [ 109.738884342181962, -7.792136719322946, 0.0 ], [ 109.738924460371265, -7.792122108164603, 0.0 ], [ 109.738936116464203, -7.792117862995075, 0.0 ], [ 109.738949723829435, -7.79211290710559, 0.0 ], [ 109.738977086406123, -7.792102941424409, 0.0 ], [ 109.73899648283215, -7.792095877168167, 0.0 ], [ 109.739013684103412, -7.792083633218645, 0.0 ], [ 109.739045287087592, -7.792066608629308, 0.0 ], [ 109.739050017818769, -7.792064060159001, 0.0 ], [ 109.739052590308887, -7.792063038005606, 0.0 ], [ 109.739090034826376, -7.792010882638515, 0.0 ], [ 109.739097438320854, -7.79199958401897, 0.0 ], [ 109.739108833921307, -7.79198469806759, 0.0 ], [ 109.739130053157453, -7.791955142566085, 0.0 ], [ 109.739170071256126, -7.791899402487347, 0.0 ], [ 109.739210089564878, -7.791843662403737, 0.0 ], [ 109.739250107644281, -7.791787922313823, 0.0 ], [ 109.739290125930737, -7.791732182218875, 0.0 ], [ 109.739330143987843, -7.791676442117763, 0.0 ], [ 109.739370162251902, -7.791620702011632, 0.0 ], [ 109.739410180283585, -7.79156496189919, 0.0 ], [ 109.739450198525319, -7.791509221781895, 0.0 ], [ 109.739490216537746, -7.791453481658229, 0.0 ], [ 109.739530660309526, -7.791397148787235, 0.0 ], [ 109.739570252747257, -7.791342001394821, 0.0 ], [ 109.739610270944354, -7.791286261254958, 0.0 ], [ 109.739650288909033, -7.791230521108902, 0.0 ], [ 109.739690307083748, -7.79117478095784, 0.0 ], [ 109.739730325029186, -7.791119040800496, 0.0 ], [ 109.739770343181632, -7.791063300638251, 0.0 ], [ 109.739810361104702, -7.791007560469675, 0.0 ], [ 109.739813645464551, -7.790981332245741, 0.0 ], [ 109.739813549631663, -7.790978054109035, 0.0 ], [ 109.739816070141913, -7.790951718260763, 0.0 ], [ 109.739784120323876, -7.79092262467969, 0.0 ], [ 109.739770039986382, -7.79090980306644, 0.0 ], [ 109.739754526026744, -7.790895676034392, 0.0 ], [ 109.739569893780953, -7.790727549316495, 0.0 ], [ 109.739560692489121, -7.790719170607517, 0.0 ], [ 109.73953578887469, -7.79069649330481, 0.0 ], [ 109.739506507529214, -7.790669829552181, 0.0 ], [ 109.739448978653485, -7.790617443652787, 0.0 ], [ 109.739447924039936, -7.790616522670959, 0.0 ], [ 109.739446610860924, -7.790615464225925, 0.0 ], [ 109.739416666907502, -7.790591817705426, 0.0 ], [ 109.739393099619434, -7.790573981587174, 0.0 ], [ 109.739221429818855, -7.790447216768861, 0.0 ], [ 109.739145476999653, -7.790391131607026, 0.0 ], [ 109.738917619236517, -7.79022287606016, 0.0 ], [ 109.738841666502168, -7.790166790856295, 0.0 ], [ 109.738834244264439, -7.790161310092543, 0.0 ], [ 109.738814188173066, -7.790146662913978, 0.0 ], [ 109.738805045888554, -7.790140006566491, 0.0 ], [ 109.738778358333974, -7.790120196016365, 0.0 ], [ 109.738772181327235, -7.790116895228617, 0.0 ], [ 109.738763191204967, -7.790110698134101, 0.0 ], [ 109.738738557354452, -7.790094536767945, 0.0 ], [ 109.73872246331382, -7.790082123475849, 0.0 ], [ 109.738704599903201, -7.790072508917702, 0.0 ], [ 109.738675030613479, -7.790054576573239, 0.0 ], [ 109.738669605772628, -7.790051508825687, 0.0 ], [ 109.738666552904732, -7.790049197166502, 0.0 ], [ 109.738655914473455, -7.790043893866032, 0.0 ], [ 109.738633074222022, -7.790032032915573, 0.0 ], [ 109.738610626183018, -7.790021725163197, 0.0 ], [ 109.738593590471851, -7.790015483786753, 0.0 ], [ 109.738561070323613, -7.79000476338935, 0.0 ], [ 109.738554674663121, -7.790002542254594, 0.0 ], [ 109.738551496956902, -7.790001521959883, 0.0 ], [ 109.73852669708468, -7.789993559200292, 0.0 ], [ 109.738498719507746, -7.789984576147547, 0.0 ], [ 109.738386809213509, -7.789948644217911, 0.0 ], [ 109.738330854075642, -7.789930678090987, 0.0 ], [ 109.738274898943104, -7.789912712109562, 0.0 ], [ 109.738254461071421, -7.789906149923014, 0.0 ], [ 109.738232329414942, -7.789899043854242, 0.0 ], [ 109.738212027439616, -7.789892525277589, 0.0 ], [ 109.738190322063787, -7.789885556136904, 0.0 ], [ 109.738107033581073, -7.789858813973316, 0.0 ], [ 109.738051078472353, -7.789840847813137, 0.0 ], [ 109.737939168271552, -7.789804915777214, 0.0 ], [ 109.737883213180382, -7.789786949597177, 0.0 ], [ 109.737872501175616, -7.789783584824442, 0.0 ], [ 109.737839119411831, -7.789772791990744, 0.0 ], [ 109.737827258094555, -7.789768983562588, 0.0 ], [ 109.737821951882182, -7.789767444235642, 0.0 ], [ 109.737786594350183, -7.789757366137763, 0.0 ], [ 109.737771297480933, -7.789752865512081, 0.0 ], [ 109.737644013033119, -7.789716351719855, 0.0 ], [ 109.737616399277471, -7.789703324112503, 0.0 ], [ 109.737603543539123, -7.789661814828031, 0.0 ], [ 109.737603252920678, -7.789660664438222, 0.0 ], [ 109.737603321717472, -7.789660371364949, 0.0 ], [ 109.737603402059449, -7.789660225758533, 0.0 ], [ 109.73760354895245, -7.789660007239777, 0.0 ], [ 109.737626368164086, -7.789627241220621, 0.0 ], [ 109.737638116422517, -7.78960461586346, 0.0 ], [ 109.737645181462369, -7.78959009016673, 0.0 ], [ 109.737659839537031, -7.789565930418468, 0.0 ], [ 109.737666813519297, -7.789555767184387, 0.0 ], [ 109.737674898630502, -7.789548866277549, 0.0 ], [ 109.737686941427, -7.789522003882821, 0.0 ], [ 109.73768761829956, -7.789520614195607, 0.0 ], [ 109.737698373026475, -7.789493077049596, 0.0 ], [ 109.737702368437894, -7.789479386569272, 0.0 ], [ 109.73770867517463, -7.789444764484521, 0.0 ], [ 109.737710527514182, -7.789437254103593, 0.0 ], [ 109.737711873206948, -7.789432896257947, 0.0 ], [ 109.737716292734248, -7.789417539326251, 0.0 ], [ 109.737742372253734, -7.789407469552862, 0.0 ], [ 109.737759452580477, -7.789394424344128, 0.0 ], [ 109.737772397059246, -7.789385646770893, 0.0 ], [ 109.737776118542584, -7.789385300814955, 0.0 ], [ 109.73778802358683, -7.789381625765084, 0.0 ], [ 109.737819918075857, -7.789373218515153, 0.0 ], [ 109.737828450629451, -7.789370703090668, 0.0 ], [ 109.737839870079881, -7.789370392168216, 0.0 ], [ 109.737878367248243, -7.789375834215834, 0.0 ], [ 109.73788444482031, -7.78937559126553, 0.0 ], [ 109.737922162757343, -7.789382025243587, 0.0 ], [ 109.737937798760186, -7.789384692427157, 0.0 ], [ 109.737944111622213, -7.789385769193751, 0.0 ], [ 109.737985729316208, -7.789392867432147, 0.0 ], [ 109.737996405305225, -7.789394688439733, 0.0 ], [ 109.738444247378453, -7.789471081630052, 0.0 ], [ 109.738465026291138, -7.789474625875267, 0.0 ], [ 109.738482359795924, -7.78947758222575, 0.0 ], [ 109.738512956692503, -7.789482801007837, 0.0 ], [ 109.738549640494739, -7.789489058462981, 0.0 ], [ 109.738556207937251, -7.789490178664328, 0.0 ], [ 109.738780129092007, -7.789528375035668, 0.0 ], [ 109.738807637271279, -7.789524814679082, 0.0 ], [ 109.738808398383057, -7.789524564171979, 0.0 ], [ 109.738836155979655, -7.789522351637332, 0.0 ], [ 109.738844299058215, -7.789504556860739, 0.0 ], [ 109.738850124925847, -7.789496505979243, 0.0 ], [ 109.738866267733485, -7.789470571621559, 0.0 ], [ 109.738892381549491, -7.789449915829684, 0.0 ], [ 109.738896040428685, -7.789444416130301, 0.0 ], [ 109.738898452422831, -7.789440790615967, 0.0 ], [ 109.738908887240996, -7.789424436107216, 0.0 ], [ 109.738917806477033, -7.789410227597717, 0.0 ], [ 109.738934794764063, -7.789385039582863, 0.0 ], [ 109.738939282196768, -7.789375747783909, 0.0 ], [ 109.738948643392234, -7.78936534785396, 0.0 ], [ 109.738972630160603, -7.78932929298742, 0.0 ], [ 109.738985453228366, -7.789310018365175, 0.0 ], [ 109.739007806461487, -7.789276418964844, 0.0 ], [ 109.739019030899499, -7.789259547273553, 0.0 ], [ 109.739030159594478, -7.789242819462015, 0.0 ], [ 109.739052512804477, -7.789209220038615, 0.0 ], [ 109.739074865920529, -7.789175620525723, 0.0 ], [ 109.739083896514103, -7.789162046506929, 0.0 ], [ 109.739117428775685, -7.78911164386156, 0.0 ], [ 109.739119572399161, -7.789108421751037, 0.0 ], [ 109.739127865705782, -7.789095955890279, 0.0 ], [ 109.739141925509998, -7.789074822239259, 0.0 ], [ 109.739164278700969, -7.789041222806851, 0.0 ], [ 109.739186631798006, -7.789007623284902, 0.0 ], [ 109.739195162941627, -7.788994799982318, 0.0 ], [ 109.739231338241694, -7.788940424495529, 0.0 ], [ 109.739236700424954, -7.788932364464312, 0.0 ], [ 109.739253691333545, -7.788906824971426, 0.0 ], [ 109.739276044502333, -7.788873225529989, 0.0 ], [ 109.739298397580342, -7.788839625999102, 0.0 ], [ 109.739306429274876, -7.788827553413098, 0.0 ], [ 109.739343103989086, -7.788772427191708, 0.0 ], [ 109.739345535053914, -7.788768772995645, 0.0 ], [ 109.739365457058796, -7.788738827658625, 0.0 ], [ 109.739387810208569, -7.788705228208196, 0.0 ], [ 109.73941016326755, -7.788671628668215, 0.0 ], [ 109.739417695513836, -7.78866030679923, 0.0 ], [ 109.739454998891787, -7.788604235562165, 0.0 ], [ 109.739477222688919, -7.788570830300755, 0.0 ], [ 109.739499575819664, -7.788537230841322, 0.0 ], [ 109.739521928862757, -7.788503631289144, 0.0 ], [ 109.739528961658493, -7.788493060140718, 0.0 ], [ 109.739566635195388, -7.788436432448965, 0.0 ], [ 109.739588988223915, -7.788402832894593, 0.0 ], [ 109.739611341338772, -7.788369233426164, 0.0 ], [ 109.739633694359696, -7.788335633868239, 0.0 ], [ 109.739656047463839, -7.788302034396199, 0.0 ], [ 109.739672037536863, -7.788277999185803, 0.0 ], [ 109.739678400486497, -7.788268434841152, 0.0 ], [ 109.739680045155026, -7.788265962697174, 0.0 ], [ 109.739714405121106, -7.788214315610999, 0.0 ], [ 109.739723106759627, -7.788201235969257, 0.0 ], [ 109.739745459761508, -7.788167636402276, 0.0 ], [ 109.739767812846608, -7.78813403692123, 0.0 ], [ 109.739780871801855, -7.788114407546345, 0.0 ], [ 109.739788582220257, -7.788102817763741, 0.0 ], [ 109.739792568141368, -7.78809682641806, 0.0 ], [ 109.739825671014344, -7.788047068833507, 0.0 ], [ 109.739834872085325, -7.788033238467257, 0.0 ], [ 109.739848829597889, -7.788012258424901, 0.0 ], [ 109.739858292614812, -7.788000709955938, 0.0 ], [ 109.739864709789913, -7.787991325695263, 0.0 ], [ 109.739881071626854, -7.787967537811934, 0.0 ], [ 109.739892059198525, -7.78794848287559, 0.0 ], [ 109.739899848056908, -7.787935570956525, 0.0 ], [ 109.739901931122034, -7.787932439831479, 0.0 ], [ 109.739905091031275, -7.787927690090075, 0.0 ], [ 109.739909087463317, -7.787931601001508, 0.0 ], [ 109.739912438134766, -7.78793560838318, 0.0 ], [ 109.739933230170323, -7.787963359032452, 0.0 ], [ 109.739934622834781, -7.787965239238822, 0.0 ], [ 109.739954174869709, -7.787991591650206, 0.0 ], [ 109.739995438138251, -7.788047573507304, 0.0 ], [ 109.740036701825446, -7.788103555363161, 0.0 ], [ 109.740077965114793, -7.788159537215473, 0.0 ], [ 109.740119228822877, -7.788215519066544, 0.0 ], [ 109.740184011760377, -7.788303409934787, 0.0 ], [ 109.740191320108309, -7.788320113128986, 0.0 ], [ 109.740192485575832, -7.78832745520739, 0.0 ], [ 109.74019409961312, -7.788337622884356, 0.0 ], [ 109.740202182852443, -7.78836503699806, 0.0 ], [ 109.740204263874176, -7.788383349417132, 0.0 ], [ 109.740206892908034, -7.788406484463948, 0.0 ], [ 109.74020863523549, -7.788414333312399, 0.0 ], [ 109.740210831135983, -7.788439228138778, 0.0 ], [ 109.740211706682103, -7.78846698150018, 0.0 ], [ 109.740211699572541, -7.788467333123744, 0.0 ], [ 109.740212484168566, -7.788495092254454, 0.0 ], [ 109.740211931323273, -7.788523591804753, 0.0 ], [ 109.740211400658993, -7.788550948236402, 0.0 ] ], [ [ 109.740067220046939, -7.789220830057481, 0.0 ], [ 109.740069387034964, -7.789109118103838, 0.0 ], [ 109.740069370694002, -7.789108902285292, 0.0 ], [ 109.74006962270893, -7.789096968606062, 0.0 ], [ 109.740070456873127, -7.789053965845031, 0.0 ], [ 109.740071523014407, -7.788999009295927, 0.0 ], [ 109.740072637599468, -7.788941550172208, 0.0 ], [ 109.740072653072403, -7.788938998806777, 0.0 ], [ 109.740072273280035, -7.78888770964616, 0.0 ], [ 109.740072285699199, -7.788885689927579, 0.0 ], [ 109.740072132862039, -7.788883821347334, 0.0 ], [ 109.740070286729321, -7.788874788732567, 0.0 ], [ 109.740037071410683, -7.78882972604766, 0.0 ], [ 109.739995808076117, -7.788773744183514, 0.0 ], [ 109.739980039052895, -7.788752350490521, 0.0 ], [ 109.739958721509865, -7.788723429413802, 0.0 ], [ 109.739954544343647, -7.788717762315696, 0.0 ], [ 109.73990293892993, -7.788647749333379, 0.0 ], [ 109.739883705600661, -7.788625082857338, 0.0 ], [ 109.739863145726716, -7.788605772198467, 0.0 ], [ 109.739854858581893, -7.78859798864748, 0.0 ], [ 109.739847096238435, -7.788592186317058, 0.0 ], [ 109.739841678681714, -7.78860032956081, 0.0 ], [ 109.739819563076381, -7.788633572219339, 0.0 ], [ 109.739801018710551, -7.788661446680078, 0.0 ], [ 109.73979716490588, -7.788667721608467, 0.0 ], [ 109.739790834684996, -7.788676754460448, 0.0 ], [ 109.739763929964852, -7.788717195597765, 0.0 ], [ 109.739752266316145, -7.788734727578838, 0.0 ], [ 109.739729913168617, -7.788768327036592, 0.0 ], [ 109.739708296985597, -7.788800818965567, 0.0 ], [ 109.7396852069771, -7.788835526053867, 0.0 ], [ 109.73966285392693, -7.788869125610222, 0.0 ], [ 109.739652663982739, -7.78888444232218, 0.0 ], [ 109.739622049880026, -7.788930458822104, 0.0 ], [ 109.739618147560336, -7.788936324464063, 0.0 ], [ 109.739603050169436, -7.788959017775606, 0.0 ], [ 109.739595794486334, -7.788969924005223, 0.0 ], [ 109.739573441333903, -7.789003523466621, 0.0 ], [ 109.73955108826469, -7.789037123013884, 0.0 ], [ 109.739541397753655, -7.789051689001495, 0.0 ], [ 109.739509526556191, -7.789099595002927, 0.0 ], [ 109.739506381860068, -7.789104321849715, 0.0 ], [ 109.739494215568769, -7.789122609313903, 0.0 ], [ 109.739484028767038, -7.789137921381904, 0.0 ], [ 109.739461675595578, -7.789171520834297, 0.0 ], [ 109.739439322504211, -7.789205120372616, 0.0 ], [ 109.73943013143024, -7.789218935636183, 0.0 ], [ 109.739397003135934, -7.789268731141344, 0.0 ], [ 109.73939304246133, -7.789274684503968, 0.0 ], [ 109.739385380881046, -7.789286200812731, 0.0 ], [ 109.739372262952557, -7.789305918713588, 0.0 ], [ 109.739349909762112, -7.789339518156926, 0.0 ], [ 109.73932755665173, -7.789373117686255, 0.0 ], [ 109.739318865012564, -7.789386182226246, 0.0 ], [ 109.739284479619215, -7.78943786723088, 0.0 ], [ 109.739281776005981, -7.789441931079134, 0.0 ], [ 109.739276546099987, -7.789449792268845, 0.0 ], [ 109.739260497042977, -7.789473916000245, 0.0 ], [ 109.739238143830363, -7.789507515434599, 0.0 ], [ 109.73921579070408, -7.789541114958095, 0.0 ], [ 109.739207598500585, -7.789553428771656, 0.0 ], [ 109.739171956006089, -7.789607003278024, 0.0 ], [ 109.739167711228689, -7.789613383682262, 0.0 ], [ 109.739148731038242, -7.789641913245033, 0.0 ], [ 109.739126377806613, -7.789675512670414, 0.0 ], [ 109.739104024661302, -7.789709112181722, 0.0 ], [ 109.739081671425154, -7.789742711603493, 0.0 ], [ 109.739059318269128, -7.789776311111119, 0.0 ], [ 109.739022154006776, -7.789832172914559, 0.0 ], [ 109.739014611687708, -7.78984350985801, 0.0 ], [ 109.738992258523368, -7.789877109360242, 0.0 ], [ 109.738969905265094, -7.789910708773012, 0.0 ], [ 109.738950042078216, -7.789940565528635, 0.0 ], [ 109.738946908489197, -7.789945275675704, 0.0 ], [ 109.738910887243364, -7.789999419340944, 0.0 ], [ 109.738925745730768, -7.790020345741533, 0.0 ], [ 109.738933327231862, -7.790042089213506, 0.0 ], [ 109.738939457502113, -7.790055363532305, 0.0 ], [ 109.739015410044487, -7.790111448717294, 0.0 ], [ 109.739040139003478, -7.790129709147039, 0.0 ], [ 109.739058334421159, -7.790143145019527, 0.0 ], [ 109.739091362798206, -7.7901675338923, 0.0 ], [ 109.739319220616252, -7.790335789352444, 0.0 ], [ 109.739329902449484, -7.790343677048279, 0.0 ], [ 109.739337762077895, -7.790349480749764, 0.0 ], [ 109.73939429442801, -7.79039122539299, 0.0 ], [ 109.739505418809856, -7.790473282071565, 0.0 ], [ 109.739522425686701, -7.790486969182838, 0.0 ], [ 109.739541967648435, -7.790504029515056, 0.0 ], [ 109.739552119279168, -7.790513224222725, 0.0 ], [ 109.739561283463061, -7.790521553800762, 0.0 ], [ 109.739786378356726, -7.790726525990438, 0.0 ], [ 109.739840568179588, -7.790775871256725, 0.0 ], [ 109.73984494121548, -7.790779853349306, 0.0 ], [ 109.739874222589521, -7.79080651708304, 0.0 ], [ 109.739896425163835, -7.790826734773377, 0.0 ], [ 109.739911303630166, -7.790840283098311, 0.0 ], [ 109.740034391909163, -7.790952367503419, 0.0 ], [ 109.740048182142019, -7.790968213371799, 0.0 ], [ 109.740063987476347, -7.790982242984795, 0.0 ], [ 109.740077342604621, -7.790994996998038, 0.0 ], [ 109.740093034611036, -7.791008401068983, 0.0 ], [ 109.74008288583849, -7.791027353170868, 0.0 ], [ 109.740063766019134, -7.79105632217473, 0.0 ], [ 109.740058141468765, -7.791064156508776, 0.0 ], [ 109.740018123349955, -7.791119896704282, 0.0 ], [ 109.740014894244595, -7.791127216699372, 0.0 ], [ 109.740007522716098, -7.791134662129216, 0.0 ], [ 109.739978105438126, -7.791175636894883, 0.0 ], [ 109.739969657202096, -7.791193883383063, 0.0 ], [ 109.739951279390652, -7.791213002172993, 0.0 ], [ 109.739938087297006, -7.791231377079211, 0.0 ], [ 109.739925890130351, -7.79125653230453, 0.0 ], [ 109.739924536783406, -7.79126066707714, 0.0 ], [ 109.739900676071215, -7.791287125010797, 0.0 ], [ 109.739899393761931, -7.791291467623114, 0.0 ], [ 109.739895017833547, -7.791297432437985, 0.0 ], [ 109.739882604791262, -7.791330649695583, 0.0 ], [ 109.739871922832151, -7.791342898686929, 0.0 ], [ 109.739864086155748, -7.791368096418496, 0.0 ], [ 109.739843257693948, -7.791394146599366, 0.0 ], [ 109.73984020419482, -7.791398663540193, 0.0 ], [ 109.739838649151494, -7.791417680609825, 0.0 ], [ 109.739836887628599, -7.791452860971063, 0.0 ], [ 109.739835637647687, -7.791454509145824, 0.0 ], [ 109.739780838867489, -7.792124656383786, 0.0 ], [ 109.73978051396999, -7.792128629630954, 0.0 ], [ 109.739753439349727, -7.792459729981903, 0.0 ], [ 109.739750641280196, -7.792486856662911, 0.0 ], [ 109.739750442803512, -7.792488637877571, 0.0 ], [ 109.739747623813585, -7.79251557186486, 0.0 ], [ 109.739726191630325, -7.792683085654438, 0.0 ], [ 109.739725812191708, -7.792686051151216, 0.0 ], [ 109.73971945877885, -7.792735703154829, 0.0 ], [ 109.739719046724716, -7.792738923580687, 0.0 ], [ 109.739704758577972, -7.792850599436413, 0.0 ], [ 109.73970219597463, -7.792870627514673, 0.0 ], [ 109.739700400461601, -7.792884661108663, 0.0 ], [ 109.739697614133803, -7.792906437362329, 0.0 ], [ 109.739633316366962, -7.793408978677158, 0.0 ], [ 109.73963051918696, -7.793430839655803, 0.0 ], [ 109.739628748431059, -7.793444679677194, 0.0 ], [ 109.739626171889029, -7.793464816597448, 0.0 ], [ 109.739611883665759, -7.793576492438425, 0.0 ], [ 109.739611460767932, -7.793579797590824, 0.0 ], [ 109.739605107308321, -7.79362944958645, 0.0 ], [ 109.739604738711094, -7.793632330355625, 0.0 ], [ 109.739583306343988, -7.793799844111199, 0.0 ], [ 109.739579782905366, -7.793827381404188, 0.0 ], [ 109.739579696059025, -7.79382806017899, 0.0 ], [ 109.739576161747976, -7.793855682027133, 0.0 ], [ 109.739511863509208, -7.794358223255361, 0.0 ], [ 109.739509814278009, -7.794374238632437, 0.0 ], [ 109.739506334822039, -7.794401433463629, 0.0 ], [ 109.739504719078923, -7.794414061166302, 0.0 ], [ 109.739493364994189, -7.794502803320508, 0.0 ], [ 109.739490430710916, -7.794525736987908, 0.0 ], [ 109.739490013139815, -7.794529000425253, 0.0 ], [ 109.739484402292888, -7.794572848606992, 0.0 ], [ 109.739483285744669, -7.794581574895568, 0.0 ], [ 109.739468997398788, -7.794693250713912, 0.0 ], [ 109.739465529765837, -7.794720351674071, 0.0 ], [ 109.739465343632091, -7.794721806439683, 0.0 ], [ 109.739461852760016, -7.79474908862087, 0.0 ], [ 109.739436014161143, -7.794951036388599, 0.0 ], [ 109.739433578973916, -7.794970069304333, 0.0 ], [ 109.739433275601598, -7.794972440247252, 0.0 ], [ 109.739404698391013, -7.795195791864561, 0.0 ], [ 109.73940180750273, -7.795218325388825, 0.0 ], [ 109.739400222952625, -7.795230639123117, 0.0 ], [ 109.739397528201849, -7.795251629690416, 0.0 ], [ 109.739395294226654, -7.795267817106975, 0.0 ], [ 109.739391189613656, -7.795295287518596, 0.0 ], [ 109.739389475748766, -7.795307464889549, 0.0 ], [ 109.739388175810689, -7.795316701699993, 0.0 ], [ 109.739381484689275, -7.795360601706665, 0.0 ], [ 109.739381097383756, -7.795363299117887, 0.0 ], [ 109.739380805281641, -7.795365333352934, 0.0 ], [ 109.739378724665258, -7.79537870846811, 0.0 ], [ 109.739372671581805, -7.795413199332967, 0.0 ], [ 109.739371630804825, -7.795419130106193, 0.0 ], [ 109.739361833825441, -7.795474960110267, 0.0 ], [ 109.739358326539531, -7.795494946042629, 0.0 ], [ 109.739355952008296, -7.795508477637649, 0.0 ], [ 109.739352036374825, -7.79553079011208, 0.0 ], [ 109.739342239216526, -7.79558662011409, 0.0 ], [ 109.739339232091339, -7.795603755605458, 0.0 ], [ 109.739334663387936, -7.795629790998578, 0.0 ], [ 109.739332441864363, -7.795642450114717, 0.0 ], [ 109.739322644869972, -7.795698280115583, 0.0 ], [ 109.739322512573679, -7.795699033983537, 0.0 ], [ 109.739314152094465, -7.795746672452272, 0.0 ], [ 109.739312846874483, -7.79575411011278, 0.0 ], [ 109.739303049869491, -7.795809940112118, 0.0 ], [ 109.739299168316307, -7.795832058724129, 0.0 ], [ 109.73929743246093, -7.795841950726198, 0.0 ], [ 109.739293252365172, -7.795865770109157, 0.0 ], [ 109.739293670944292, -7.795893201598448, 0.0 ], [ 109.739293541930749, -7.795894073830802, 0.0 ], [ 109.739293823853757, -7.795921630975436, 0.0 ], [ 109.739294631654758, -7.795947942085348, 0.0 ], [ 109.739294307217037, -7.795950868040998, 0.0 ], [ 109.739294909060831, -7.795977493370992, 0.0 ], [ 109.739295481062271, -7.796002792913965, 0.0 ], [ 109.739295055427093, -7.796007645123976, 0.0 ], [ 109.739295509161977, -7.796033354322193, 0.0 ], [ 109.739297033864872, -7.796056946417607, 0.0 ], [ 109.739297154467053, -7.796065777471337, 0.0 ], [ 109.73929852552439, -7.796089222466948, 0.0 ], [ 109.739319971440267, -7.796295339136545, 0.0 ], [ 109.739374105414271, -7.796815616621932, 0.0 ], [ 109.739391546846846, -7.796983246042614, 0.0 ], [ 109.73941808093619, -7.796995108791852, 0.0 ], [ 109.739429884493731, -7.796999112789548, 0.0 ], [ 109.739453677061661, -7.797007183656441, 0.0 ], [ 109.739459727260737, -7.797009514675495, 0.0 ], [ 109.7395030055051, -7.797022302722834, 0.0 ], [ 109.739530535776026, -7.797028268149207, 0.0 ], [ 109.739541808147166, -7.797031219457136, 0.0 ], [ 109.73954878031347, -7.797032615737525, 0.0 ], [ 109.739583181416947, -7.79703967571967, 0.0 ], [ 109.739641914214559, -7.797051671149846, 0.0 ], [ 109.739653759462513, -7.797054090376996, 0.0 ], [ 109.739668965046008, -7.797055098753598, 0.0 ], [ 109.739696992988456, -7.797052760455077, 0.0 ], [ 109.739709769867886, -7.797053916925496, 0.0 ], [ 109.739722446219844, -7.797052728964871, 0.0 ], [ 109.739743995616195, -7.797040154410743, 0.0 ], [ 109.739822078312187, -7.796957448728673, 0.0 ], [ 109.739849173492843, -7.796928749110313, 0.0 ], [ 109.739863238521465, -7.796913851154659, 0.0 ], [ 109.73987826627048, -7.796897933598421, 0.0 ], [ 109.739934454211351, -7.796838418921086, 0.0 ], [ 109.739944731884663, -7.796827532687385, 0.0 ], [ 109.739954351141876, -7.796817343773827, 0.0 ], [ 109.739990642137585, -7.796778903770533, 0.0 ], [ 109.74010301793912, -7.79665987436182, 0.0 ], [ 109.740159205817235, -7.796600359180774, 0.0 ], [ 109.740217295258574, -7.796538830277571, 0.0 ], [ 109.740243487602541, -7.796511086966586, 0.0 ], [ 109.740269883761144, -7.796483127550768, 0.0 ], [ 109.740271581523899, -7.796481329248087, 0.0 ], [ 109.740383957165065, -7.796362299737836, 0.0 ], [ 109.740440144962989, -7.796302784506003, 0.0 ], [ 109.740532827721282, -7.796204613788362, 0.0 ], [ 109.740542348322364, -7.796194529404123, 0.0 ], [ 109.740569512534535, -7.796165756370971, 0.0 ], [ 109.740585416127118, -7.796148911008121, 0.0 ], [ 109.740664299359281, -7.796065356823132, 0.0 ], [ 109.740678169960987, -7.796050664835007, 0.0 ], [ 109.740690593563528, -7.796037505423072, 0.0 ], [ 109.740721083707797, -7.796005209580545, 0.0 ], [ 109.740833459092357, -7.795886179907789, 0.0 ], [ 109.740848359562918, -7.795870396978517, 0.0 ], [ 109.740868320038004, -7.795849254278823, 0.0 ], [ 109.740889646761943, -7.795826664594707, 0.0 ], [ 109.740953536737308, -7.795758991304107, 0.0 ], [ 109.740976977268488, -7.795734162605981, 0.0 ], [ 109.741004141420689, -7.795705389534885, 0.0 ], [ 109.741006125030708, -7.795703288452697, 0.0 ], [ 109.741114397275865, -7.795588604623578, 0.0 ], [ 109.741163890746122, -7.795536179847939, 0.0 ], [ 109.741167127047532, -7.795532751857285, 0.0 ], [ 109.741170584865287, -7.795529089259739, 0.0 ], [ 109.741269068019932, -7.795424774067593, 0.0 ], [ 109.741275784181425, -7.795417660151482, 0.0 ], [ 109.741302948292429, -7.795388887054245, 0.0 ], [ 109.741321656229061, -7.795369071162875, 0.0 ], [ 109.741395335058456, -7.795291029088832, 0.0 ], [ 109.741411605301636, -7.795273795248963, 0.0 ], [ 109.741426833228502, -7.795257665328529, 0.0 ], [ 109.741451522567701, -7.795231513674205, 0.0 ], [ 109.741563897535315, -7.795112483737409, 0.0 ], [ 109.741584598637942, -7.795090556510369, 0.0 ], [ 109.74160175467334, -7.795072384247458, 0.0 ], [ 109.741620084996455, -7.795052968292338, 0.0 ], [ 109.74168977546573, -7.794979150587068, 0.0 ], [ 109.74171041150835, -7.794957292331262, 0.0 ], [ 109.741737575559327, -7.794928519196052, 0.0 ], [ 109.74174236356248, -7.794923447611112, 0.0 ], [ 109.741844834676527, -7.794814907793252, 0.0 ], [ 109.741846232387729, -7.79481342729738, 0.0 ], [ 109.741900560566577, -7.794755881121048, 0.0 ], [ 109.741957209421003, -7.794695877254457, 0.0 ], [ 109.74197861116609, -7.794666108930988, 0.0 ], [ 109.741996781810954, -7.794644907285614, 0.0 ], [ 109.742004428692667, -7.794635984881057, 0.0 ], [ 109.742013424248938, -7.794627159849325, 0.0 ], [ 109.742035520566361, -7.794589163123387, 0.0 ], [ 109.742047400855625, -7.794567045536059, 0.0 ], [ 109.742065052375793, -7.794538026777721, 0.0 ], [ 109.742067777388328, -7.794533399704136, 0.0 ], [ 109.74206848982206, -7.794532177450971, 0.0 ], [ 109.742069722948557, -7.794530348466885, 0.0 ], [ 109.742089173013326, -7.794496902267302, 0.0 ], [ 109.742109749081493, -7.794461519610733, 0.0 ], [ 109.742126021618816, -7.794433537454472, 0.0 ], [ 109.742132804064781, -7.794421874377498, 0.0 ], [ 109.742165231732343, -7.794366111453748, 0.0 ], [ 109.742171477257145, -7.794355371624847, 0.0 ], [ 109.742181445671704, -7.794338229990709, 0.0 ], [ 109.742197659611833, -7.794310348526711, 0.0 ], [ 109.74223008726068, -7.794254585594988, 0.0 ], [ 109.742262515118284, -7.794198822659897, 0.0 ], [ 109.742294917463411, -7.794143103201984, 0.0 ], [ 109.742327370590374, -7.794087296777157, 0.0 ], [ 109.742359798201718, -7.794031533829417, 0.0 ], [ 109.742392226024975, -7.793975770878418, 0.0 ], [ 109.742424653617576, -7.793920007922739, 0.0 ], [ 109.742457081418934, -7.79386424496364, 0.0 ], [ 109.742489508992776, -7.793808482000017, 0.0 ], [ 109.742521936778573, -7.793752719032973, 0.0 ], [ 109.742541845656874, -7.793718483467226, 0.0 ], [ 109.74256242168866, -7.793683100823968, 0.0 ], [ 109.742576409971193, -7.79365904637666, 0.0 ], [ 109.742586792100653, -7.793641193086306, 0.0 ], [ 109.74260300597912, -7.793613311597278, 0.0 ], [ 109.7426192198552, -7.793585430107252, 0.0 ], [ 109.742651647382189, -7.793529667123636, 0.0 ], [ 109.74268407512109, -7.793473904136632, 0.0 ], [ 109.742716502629307, -7.793418141144943, 0.0 ], [ 109.742748930346366, -7.793362378149987, 0.0 ], [ 109.742748121000687, -7.793359594273048, 0.0 ], [ 109.74274155235139, -7.793310412931834, 0.0 ], [ 109.742741511968745, -7.79330649688914, 0.0 ], [ 109.74269146583535, -7.793166700243295, 0.0 ], [ 109.742634364760249, -7.793007196057401, 0.0 ], [ 109.742578818388793, -7.792852035102866, 0.0 ], [ 109.742565487141732, -7.79281664209612, 0.0 ], [ 109.742559421941422, -7.792803223245839, 0.0 ], [ 109.742546506676263, -7.792779765856124, 0.0 ], [ 109.742523108682349, -7.792751616770019, 0.0 ], [ 109.742520692371627, -7.792749664690471, 0.0 ], [ 109.742517691242654, -7.792747240136754, 0.0 ], [ 109.742448293182349, -7.792691174896031, 0.0 ], [ 109.742427832771867, -7.792674645311525, 0.0 ], [ 109.742411359383595, -7.792661336842787, 0.0 ], [ 109.742378895141101, -7.792635109646782, 0.0 ], [ 109.742309497458734, -7.792579044389943, 0.0 ], [ 109.742243735529129, -7.792525916636585, 0.0 ], [ 109.74224181569754, -7.792524901926323, 0.0 ], [ 109.742206639890625, -7.792504081774485, 0.0 ], [ 109.742187828472026, -7.792491652187856, 0.0 ], [ 109.742131848677133, -7.79248175783042, 0.0 ], [ 109.742119080689349, -7.792479501071302, 0.0 ], [ 109.742082216611422, -7.792472985177497, 0.0 ], [ 109.742071404228483, -7.792471074061253, 0.0 ], [ 109.742047878992707, -7.792466915991334, 0.0 ], [ 109.742019889099481, -7.792461968803135, 0.0 ], [ 109.742014431699602, -7.792461004197882, 0.0 ], [ 109.741976050927335, -7.792454220413404, 0.0 ], [ 109.7419466467219, -7.792449023139775, 0.0 ], [ 109.741928374440292, -7.792445793423649, 0.0 ], [ 109.741907929536993, -7.792442179747845, 0.0 ], [ 109.741851949760971, -7.79243228535547, 0.0 ], [ 109.741833021205622, -7.792428939693752, 0.0 ], [ 109.741811076677422, -7.792425060882527, 0.0 ], [ 109.741785344733046, -7.79242051268235, 0.0 ], [ 109.741743291728753, -7.792413079806726, 0.0 ], [ 109.74173999022112, -7.792412496258325, 0.0 ], [ 109.741724334445394, -7.792409729103502, 0.0 ], [ 109.741689991464824, -7.792403658970472, 0.0 ], [ 109.741675506832252, -7.792401098762931, 0.0 ], [ 109.741642315022332, -7.792395231924483, 0.0 ], [ 109.741628030696404, -7.792392707133207, 0.0 ], [ 109.741572050939268, -7.792382812705931, 0.0 ], [ 109.741547159416811, -7.792378182235511, 0.0 ], [ 109.741539468184612, -7.792376666243106, 0.0 ], [ 109.741516073232404, -7.792372233045604, 0.0 ], [ 109.741500303677, -7.792368941538019, 0.0 ], [ 109.741469322675627, -7.792362316800381, 0.0 ], [ 109.741460099346099, -7.792360375482962, 0.0 ], [ 109.741432112645967, -7.792354365878301, 0.0 ], [ 109.741407897430406, -7.79234916613436, 0.0 ], [ 109.741398322843366, -7.792347110213366, 0.0 ], [ 109.741361721896752, -7.792339251077929, 0.0 ], [ 109.741348152551126, -7.79233633735516, 0.0 ], [ 109.74129217916061, -7.792324318127075, 0.0 ], [ 109.741269371182085, -7.792319420605528, 0.0 ], [ 109.741256224113769, -7.79231659759623, 0.0 ], [ 109.74123620577376, -7.792312299112322, 0.0 ], [ 109.741222695419196, -7.792310001468089, 0.0 ], [ 109.741189778048508, -7.792305959667019, 0.0 ], [ 109.741180219908216, -7.792304458753362, 0.0 ], [ 109.741124170245669, -7.792317974490138, 0.0 ], [ 109.74106812057984, -7.792331490497527, 0.0 ], [ 109.741012070912305, -7.792345006218355, 0.0 ], [ 109.741006632437205, -7.79234631765673, 0.0 ], [ 109.740984429853953, -7.792351671671001, 0.0 ], [ 109.740956021241487, -7.792358522209676, 0.0 ], [ 109.74089997156905, -7.792372037914519, 0.0 ], [ 109.74087257284927, -7.792378644851926, 0.0 ], [ 109.740826545217843, -7.792389744020674, 0.0 ], [ 109.740798340295939, -7.79239654530421, 0.0 ], [ 109.740787872215932, -7.792399069578665, 0.0 ], [ 109.740731822536034, -7.792412585259524, 0.0 ], [ 109.740675772852839, -7.792426101210841, 0.0 ], [ 109.740619723168038, -7.792439616875682, 0.0 ], [ 109.740597046875521, -7.792429026560042, 0.0 ], [ 109.740579981751907, -7.792406328736359, 0.0 ], [ 109.740574746384723, -7.792395441903468, 0.0 ], [ 109.740563968436447, -7.792354446079936, 0.0 ], [ 109.740563219983613, -7.79235117590238, 0.0 ], [ 109.740552830560887, -7.792305782710597, 0.0 ], [ 109.740550253271053, -7.792294521959259, 0.0 ], [ 109.740537459748694, -7.792238624726516, 0.0 ], [ 109.740532051810618, -7.792214996230143, 0.0 ], [ 109.740529478886742, -7.792203754679484, 0.0 ], [ 109.740521662436137, -7.792169602993186, 0.0 ], [ 109.740512833897071, -7.792131028815804, 0.0 ], [ 109.740511273166319, -7.792124209656142, 0.0 ], [ 109.740500883751054, -7.792078816461149, 0.0 ], [ 109.740499079441449, -7.792070933029106, 0.0 ], [ 109.740486285928156, -7.792015035796449, 0.0 ], [ 109.740479889230031, -7.791987087180273, 0.0 ], [ 109.740469715661163, -7.791942636737408, 0.0 ], [ 109.740462898500368, -7.791912850783127, 0.0 ], [ 109.74046069915461, -7.791903241331791, 0.0 ], [ 109.740454302399542, -7.791875292715508, 0.0 ], [ 109.740448936975412, -7.791851850215112, 0.0 ], [ 109.740447905648111, -7.791847344099185, 0.0 ], [ 109.740435112140787, -7.791791446866546, 0.0 ], [ 109.740429608151587, -7.791767398653222, 0.0 ], [ 109.740428158267505, -7.791761063728391, 0.0 ], [ 109.740417768923578, -7.791715670478591, 0.0 ], [ 109.740412963141367, -7.791694672750679, 0.0 ], [ 109.740409525388486, -7.791679652402035, 0.0 ], [ 109.74039810672258, -7.791629762077497, 0.0 ], [ 109.74038660083832, -7.791579490780808, 0.0 ], [ 109.740379672812438, -7.791549220620843, 0.0 ], [ 109.74037621155982, -7.791534097469678, 0.0 ], [ 109.740371145027652, -7.791511960704649, 0.0 ], [ 109.740358351477795, -7.791456063471871, 0.0 ], [ 109.740355432785293, -7.791443311067067, 0.0 ], [ 109.74034638266356, -7.791403768653525, 0.0 ], [ 109.740345043542504, -7.791397917723669, 0.0 ], [ 109.740334654148029, -7.791352524535276, 0.0 ], [ 109.740332764680986, -7.791344269007344, 0.0 ], [ 109.740319971197152, -7.791288371774775, 0.0 ], [ 109.740313875460473, -7.791261738058351, 0.0 ], [ 109.74031309235292, -7.791258316510913, 0.0 ], [ 109.740303486129861, -7.791216344808682, 0.0 ], [ 109.740296447385106, -7.791185590618284, 0.0 ], [ 109.740294384482539, -7.791176577310527, 0.0 ], [ 109.74028798774215, -7.791148628694256, 0.0 ], [ 109.740282707495055, -7.791125558289904, 0.0 ], [ 109.740281591005498, -7.791120680078015, 0.0 ], [ 109.740268797527591, -7.791064782845574, 0.0 ], [ 109.740262046884922, -7.791039024614633, 0.0 ], [ 109.740261208791665, -7.791035485646693, 0.0 ], [ 109.740253735131148, -7.791008878867501, 0.0 ], [ 109.740241961728998, -7.790998873918451, 0.0 ], [ 109.740231989349226, -7.790990737841207, 0.0 ], [ 109.740213494660708, -7.79097140286332, 0.0 ], [ 109.740202717715832, -7.790952867991897, 0.0 ], [ 109.740193223582253, -7.790935806348114, 0.0 ], [ 109.740184767799889, -7.790905465241725, 0.0 ], [ 109.740181466751167, -7.790896945613643, 0.0 ], [ 109.740180135048291, -7.790893089091353, 0.0 ], [ 109.740176325701171, -7.790875173030889, 0.0 ], [ 109.740170809723026, -7.790846641010474, 0.0 ], [ 109.740164326447513, -7.790813105859015, 0.0 ], [ 109.740062386260774, -7.790285813624838, 0.0 ], [ 109.740053350991502, -7.79023907800201, 0.0 ], [ 109.74005087041823, -7.790226246981825, 0.0 ], [ 109.740050230325707, -7.79021022309488, 0.0 ], [ 109.740049483972172, -7.790187218587864, 0.0 ], [ 109.740048800011294, -7.790170381631258, 0.0 ], [ 109.740049135297539, -7.790153098243713, 0.0 ], [ 109.740049555147806, -7.790131454862899, 0.0 ], [ 109.740049883562321, -7.79011452565788, 0.0 ], [ 109.740052050591359, -7.790002813710361, 0.0 ], [ 109.740052333538756, -7.78998822835682, 0.0 ], [ 109.74005285984849, -7.78996109908524, 0.0 ], [ 109.74005339967951, -7.789933271791362, 0.0 ], [ 109.740053961415455, -7.789904313826686, 0.0 ], [ 109.740054217717343, -7.789891101762382, 0.0 ], [ 109.740056384737713, -7.789779389813305, 0.0 ], [ 109.740056597894281, -7.78976840189249, 0.0 ], [ 109.740057266107215, -7.789733958043474, 0.0 ], [ 109.740057468328288, -7.789723533838782, 0.0 ], [ 109.740058367649354, -7.789677172797043, 0.0 ], [ 109.740058730097644, -7.789658488691709, 0.0 ], [ 109.740059469189944, -7.789620387553664, 0.0 ], [ 109.740059635358463, -7.789611821888593, 0.0 ], [ 109.740061802360913, -7.78950010993765, 0.0 ], [ 109.74006192828476, -7.789493618783547, 0.0 ], [ 109.740062773868189, -7.789450031757698, 0.0 ], [ 109.740062994428172, -7.789438662232667, 0.0 ], [ 109.740063969460337, -7.789388397986236, 0.0 ], [ 109.740066136454089, -7.789276686033715, 0.0 ], [ 109.740067220046939, -7.789220830057481, 0.0 ] ] ] } },
{ "type": "Feature", "properties": { "Join_Count": 1, "TARGET_FID": 31, "JOIN_FID": 42, "Id": 42, "Contour": 320.0, "Shape_Leng": 1075.9594069899999, "Skor": 2.0, "Shape_Le_1": 2264.1981048399998, "Shape_Area": 12855.5781095 }, "geometry": { "type": "Polygon", "coordinates": [ [ [ 109.743535122978173, -7.788036741081112, 0.0 ], [ 109.743533672080133, -7.788058076289104, 0.0 ], [ 109.743529874194564, -7.788113924303769, 0.0 ], [ 109.743526076250731, -7.78816977231801, 0.0 ], [ 109.743522278363926, -7.788225620332039, 0.0 ], [ 109.743518480415716, -7.788281468345535, 0.0 ], [ 109.743514682521422, -7.788337316358914, 0.0 ], [ 109.743510884568863, -7.78839316437177, 0.0 ], [ 109.743507086673276, -7.788449012384448, 0.0 ], [ 109.743506363679643, -7.788467284375431, 0.0 ], [ 109.743504917562973, -7.788487971854729, 0.0 ], [ 109.743504212051377, -7.788504863133794, 0.0 ], [ 109.743503591080923, -7.788520528492763, 0.0 ], [ 109.743501632485476, -7.788546922473768, 0.0 ], [ 109.743500513351805, -7.788573466479813, 0.0 ], [ 109.743497909678126, -7.788606307056353, 0.0 ], [ 109.743497022829942, -7.788625990326603, 0.0 ], [ 109.743493592734495, -7.788666280677301, 0.0 ], [ 109.743493025121566, -7.788678005323858, 0.0 ], [ 109.743488519058815, -7.788727004530018, 0.0 ], [ 109.743488394429335, -7.788729385266089, 0.0 ], [ 109.743487224597601, -7.788741080791644, 0.0 ], [ 109.74348409623444, -7.788787083117606, 0.0 ], [ 109.743480501100052, -7.788839948463079, 0.0 ], [ 109.743476703187, -7.788895796473056, 0.0 ], [ 109.743472905212542, -7.788951644482535, 0.0 ], [ 109.743469107292015, -7.789007492491807, 0.0 ], [ 109.743465309316292, -7.789063340500637, 0.0 ], [ 109.743461511391402, -7.789119188509268, 0.0 ], [ 109.743457713408162, -7.789175036517345, 0.0 ], [ 109.743453915478895, -7.789230884525338, 0.0 ], [ 109.743452016497812, -7.78925880852914, 0.0 ], [ 109.743448810257732, -7.789305955384578, 0.0 ], [ 109.743445243567905, -7.789358402833575, 0.0 ], [ 109.743442521624871, -7.789398428547005, 0.0 ], [ 109.743438723630746, -7.789454276553426, 0.0 ], [ 109.743438257967881, -7.789463446006388, 0.0 ], [ 109.743435481318542, -7.789503605213715, 0.0 ], [ 109.743435139123648, -7.789510125192499, 0.0 ], [ 109.743434906970137, -7.789516109857725, 0.0 ], [ 109.743431488565491, -7.789563257381474, 0.0 ], [ 109.743431273022068, -7.789568489837372, 0.0 ], [ 109.743428648256156, -7.789602432214352, 0.0 ], [ 109.7434272383354, -7.789623164815825, 0.0 ], [ 109.743423531747609, -7.789677668576113, 0.0 ], [ 109.743419733801744, -7.789733516581039, 0.0 ], [ 109.743415935794502, -7.789789364585402, 0.0 ], [ 109.743412137841148, -7.789845212589676, 0.0 ], [ 109.7434083398295, -7.789901060593395, 0.0 ], [ 109.743404541874895, -7.789956908596953, 0.0 ], [ 109.743400743858857, -7.790012756600012, 0.0 ], [ 109.743396945896762, -7.790068604602869, 0.0 ], [ 109.743393147876347, -7.790124452605269, 0.0 ], [ 109.743389349912988, -7.790180300607494, 0.0 ], [ 109.743385551888224, -7.790236148609154, 0.0 ], [ 109.743381753917376, -7.790291996610727, 0.0 ], [ 109.743377475809424, -7.790354904056782, 0.0 ], [ 109.743374157916122, -7.790403692612583, 0.0 ], [ 109.743370359882604, -7.790459540612975, 0.0 ], [ 109.743370343777073, -7.790459800374812, 0.0 ], [ 109.743370071396981, -7.790463782701737, 0.0 ], [ 109.743366318579234, -7.790518966584938, 0.0 ], [ 109.743362763868248, -7.790571236612819, 0.0 ], [ 109.743358965884255, -7.790627084612332, 0.0 ], [ 109.743355167841997, -7.790682932611287, 0.0 ], [ 109.743351369853642, -7.790738780610175, 0.0 ], [ 109.743347571810091, -7.790794628608499, 0.0 ], [ 109.743342400411493, -7.790821147592236, 0.0 ], [ 109.743341992032654, -7.790823536819489, 0.0 ], [ 109.743336426509899, -7.790850454816784, 0.0 ], [ 109.743313947739125, -7.79090624741193, 0.0 ], [ 109.743313602837887, -7.790907106432192, 0.0 ], [ 109.743312734066052, -7.790909259769966, 0.0 ], [ 109.743297527047645, -7.790947003891127, 0.0 ], [ 109.743281452083579, -7.79098690218366, 0.0 ], [ 109.743268990279589, -7.791017832595569, 0.0 ], [ 109.743256307304662, -7.791049311902839, 0.0 ], [ 109.743246511500431, -7.791073625183883, 0.0 ], [ 109.743224032761105, -7.791129417769982, 0.0 ], [ 109.743199880499915, -7.791189363891742, 0.0 ], [ 109.743185002255444, -7.791226291924305, 0.0 ], [ 109.74316783580754, -7.791268899225152, 0.0 ], [ 109.743152852289455, -7.791306088504878, 0.0 ], [ 109.743134117622077, -7.791352588091395, 0.0 ], [ 109.743120702303088, -7.791385885071039, 0.0 ], [ 109.743111638838656, -7.791408380666093, 0.0 ], [ 109.743088552274543, -7.791465681606552, 0.0 ], [ 109.743072477289132, -7.791505579903392, 0.0 ], [ 109.743055441798276, -7.791547862092666, 0.0 ], [ 109.743040327273434, -7.791585376464369, 0.0 ], [ 109.74303059982222, -7.791609520024736, 0.0 ], [ 109.743021281605181, -7.791622294363666, 0.0 ], [ 109.743001789939314, -7.79163149180361, 0.0 ], [ 109.742982362970167, -7.791639274246701, 0.0 ], [ 109.7429744972804, -7.791640803064417, 0.0 ], [ 109.742918480119613, -7.791643460444554, 0.0 ], [ 109.742862462959067, -7.791646117881852, 0.0 ], [ 109.742806445799218, -7.791648775246864, 0.0 ], [ 109.742770175569547, -7.791650495855965, 0.0 ], [ 109.742722420060218, -7.791652761324061, 0.0 ], [ 109.742716853765828, -7.791653025387177, 0.0 ], [ 109.742610385743177, -7.791658076076986, 0.0 ], [ 109.742582377164226, -7.791659404761355, 0.0 ], [ 109.74252636000675, -7.79166206208874, 0.0 ], [ 109.742470342849629, -7.791664719473457, 0.0 ], [ 109.74241432569309, -7.79166737678583, 0.0 ], [ 109.742386317114978, -7.791668705460255, 0.0 ], [ 109.74237458205144, -7.791669262155901, 0.0 ], [ 109.742343601071212, -7.791670731827321, 0.0 ], [ 109.742315582562171, -7.791672060950037, 0.0 ], [ 109.742290279249218, -7.791673261281309, 0.0 ], [ 109.742256583039051, -7.791674859771303, 0.0 ], [ 109.742236957458729, -7.791675790760945, 0.0 ], [ 109.742197583560198, -7.791677658538993, 0.0 ], [ 109.742190257071485, -7.791678006089702, 0.0 ], [ 109.742134239917405, -7.791680663364472, 0.0 ], [ 109.742126880454805, -7.791677405018906, 0.0 ], [ 109.742084550274868, -7.791678333080807, 0.0 ], [ 109.742078327661304, -7.791648178313755, 0.0 ], [ 109.742069457235743, -7.791637602906334, 0.0 ], [ 109.742071630952154, -7.791628731208291, 0.0 ], [ 109.742047997482388, -7.791603184715951, 0.0 ], [ 109.742048683257821, -7.791598951507796, 0.0 ], [ 109.742041969244809, -7.791572783909697, 0.0 ], [ 109.742022637022203, -7.791541453708946, 0.0 ], [ 109.742009105911293, -7.791530355025586, 0.0 ], [ 109.742006322013665, -7.791516818838732, 0.0 ], [ 109.741991107329952, -7.791492505427017, 0.0 ], [ 109.741981391927851, -7.791475413554325, 0.0 ], [ 109.74197290706698, -7.791460860393989, 0.0 ], [ 109.741966897476146, -7.79145112111209, 0.0 ], [ 109.741947696518295, -7.791424156138778, 0.0 ], [ 109.741938376051493, -7.791404898634108, 0.0 ], [ 109.741911157952302, -7.791360788440126, 0.0 ], [ 109.741905880628778, -7.791354225650376, 0.0 ], [ 109.741903844978978, -7.791348936872485, 0.0 ], [ 109.741852048440606, -7.791264994227427, 0.0 ], [ 109.741799678970608, -7.791180123039141, 0.0 ], [ 109.741743939512389, -7.79108979044616, 0.0 ], [ 109.741731189858271, -7.79106912804234, 0.0 ], [ 109.741713924378985, -7.791041147157312, 0.0 ], [ 109.741696658883114, -7.791013166271867, 0.0 ], [ 109.741688200076482, -7.790999457735937, 0.0 ], [ 109.741662127894571, -7.790957204499887, 0.0 ], [ 109.741629457440624, -7.790904257927969, 0.0 ], [ 109.741627596920694, -7.790901242726401, 0.0 ], [ 109.741619220827261, -7.790887950395357, 0.0 ], [ 109.741607935425961, -7.790869901514559, 0.0 ], [ 109.741591999880981, -7.790845277785345, 0.0 ], [ 109.741583089804195, -7.79083884013445, 0.0 ], [ 109.741576673846396, -7.790834675531249, 0.0 ], [ 109.741520765984689, -7.790800771185245, 0.0 ], [ 109.741464858132545, -7.79076686688512, 0.0 ], [ 109.741436904210204, -7.790749914710101, 0.0 ], [ 109.741408815950948, -7.790732881057282, 0.0 ], [ 109.741353042457689, -7.790699058211745, 0.0 ], [ 109.741297134634976, -7.790665153841815, 0.0 ], [ 109.741234705843254, -7.790627294976338, 0.0 ], [ 109.74118531901857, -7.790597345132457, 0.0 ], [ 109.741129411224918, -7.790563440796356, 0.0 ], [ 109.741095283835008, -7.790542744790593, 0.0 ], [ 109.741060428329916, -7.790521607248803, 0.0 ], [ 109.741017595666989, -7.790495632051041, 0.0 ], [ 109.740989641783599, -7.790478679868247, 0.0 ], [ 109.740955861868642, -7.790458194583699, 0.0 ], [ 109.740905780148026, -7.790427823281816, 0.0 ], [ 109.740849872403118, -7.790393918915711, 0.0 ], [ 109.740793964668086, -7.790360014491798, 0.0 ], [ 109.740761087167726, -7.79034007643723, 0.0 ], [ 109.74075061825917, -7.790327513426438, 0.0 ], [ 109.740718380719528, -7.790303780450218, 0.0 ], [ 109.740689327014692, -7.790291159454057, 0.0 ], [ 109.740682163451709, -7.790287444628243, 0.0 ], [ 109.74068001722236, -7.790286120750729, 0.0 ], [ 109.740676023646145, -7.790283964447436, 0.0 ], [ 109.740677834325012, -7.790279628990596, 0.0 ], [ 109.7406822050133, -7.790273533782218, 0.0 ], [ 109.740738398887103, -7.790211654536554, 0.0 ], [ 109.740794592744621, -7.790149775118732, 0.0 ], [ 109.740824512649993, -7.790116828063319, 0.0 ], [ 109.740836960272517, -7.790103121068507, 0.0 ], [ 109.740863582796507, -7.790073804956631, 0.0 ], [ 109.740875103035336, -7.790061119169964, 0.0 ], [ 109.740906980408354, -7.790026016576062, 0.0 ], [ 109.740963174215551, -7.789964137127424, 0.0 ], [ 109.74101936800551, -7.78990225783043, 0.0 ], [ 109.741026873944648, -7.789893992439588, 0.0 ], [ 109.741049940415238, -7.789868592138063, 0.0 ], [ 109.741077464291223, -7.789838283513031, 0.0 ], [ 109.741131755535619, -7.789778499040507, 0.0 ], [ 109.741187949275286, -7.789716619715954, 0.0 ], [ 109.741229234953337, -7.789671156682529, 0.0 ], [ 109.741236297824699, -7.789663379187046, 0.0 ], [ 109.741262920335785, -7.789634063079586, 0.0 ], [ 109.741279825245556, -7.789615447722643, 0.0 ], [ 109.741300336704811, -7.789592860864422, 0.0 ], [ 109.741356530394143, -7.789530981509076, 0.0 ], [ 109.741412724067231, -7.789469101975084, 0.0 ], [ 109.741431595794481, -7.789448320792504, 0.0 ], [ 109.741449277550032, -7.789428850012637, 0.0 ], [ 109.741475899990618, -7.789399533847731, 0.0 ], [ 109.74148218601988, -7.789392611799355, 0.0 ], [ 109.741525111362151, -7.789345343209836, 0.0 ], [ 109.741582389712178, -7.789282269161868, 0.0 ], [ 109.741609401789702, -7.789252523985054, 0.0 ], [ 109.741635634592356, -7.789223636845712, 0.0 ], [ 109.741637498590478, -7.789221584235082, 0.0 ], [ 109.741693692179282, -7.789159704814968, 0.0 ], [ 109.741749885751759, -7.789097825222596, 0.0 ], [ 109.741785726778431, -7.789058357664777, 0.0 ], [ 109.741795369055524, -7.789047739757565, 0.0 ], [ 109.741821991447196, -7.789018423562743, 0.0 ], [ 109.741836316905562, -7.78900264861335, 0.0 ], [ 109.741862272845509, -7.788974066330988, 0.0 ], [ 109.741918466367693, -7.788912186707844, 0.0 ], [ 109.741974659872625, -7.78885030723633, 0.0 ], [ 109.741988087024808, -7.788835521408738, 0.0 ], [ 109.74200834811144, -7.788813210160375, 0.0 ], [ 109.742034970513387, -7.788783893986088, 0.0 ], [ 109.742061592855663, -7.788754577754234, 0.0 ], [ 109.742089267044676, -7.788724103230716, 0.0 ], [ 109.742143240287433, -7.788664668598427, 0.0 ], [ 109.742194704572668, -7.788607996625609, 0.0 ], [ 109.742221326948297, -7.788578680438468, 0.0 ], [ 109.742241037034873, -7.788556975901528, 0.0 ], [ 109.742255627146946, -7.788540909401202, 0.0 ], [ 109.742311820551336, -7.788479029868151, 0.0 ], [ 109.742368013939426, -7.788417150159693, 0.0 ], [ 109.74239280682491, -7.788389848497309, 0.0 ], [ 109.742407683217479, -7.788373466794216, 0.0 ], [ 109.742424207310265, -7.788355270609356, 0.0 ], [ 109.742436749187448, -7.788346602225492, 0.0 ], [ 109.742455418083892, -7.788334175011553, 0.0 ], [ 109.742470318841569, -7.788324256126087, 0.0 ], [ 109.742480327737539, -7.788317841168505, 0.0 ], [ 109.742501399750466, -7.788313309153915, 0.0 ], [ 109.742512805343949, -7.788310856135358, 0.0 ], [ 109.742558790231342, -7.788300966005363, 0.0 ], [ 109.742573138247238, -7.788297880151653, 0.0 ], [ 109.742604775157744, -7.78829107590899, 0.0 ], [ 109.74264487682818, -7.788282451049263, 0.0 ], [ 109.742650760008189, -7.78828118573257, 0.0 ], [ 109.742696744959744, -7.78827129565153, 0.0 ], [ 109.742716615271348, -7.788267022066191, 0.0 ], [ 109.742742729819824, -7.788261405477423, 0.0 ], [ 109.742789359153335, -7.788251376745777, 0.0 ], [ 109.742834699607215, -7.788241625184675, 0.0 ], [ 109.742860092297434, -7.788236163912592, 0.0 ], [ 109.742872640830385, -7.78823346505355, 0.0 ], [ 109.742984730267253, -7.788209357384729, 0.0 ], [ 109.743009020109668, -7.78819990169269, 0.0 ], [ 109.743014254034634, -7.78819766502408, 0.0 ], [ 109.743040801033587, -7.78818856540496, 0.0 ], [ 109.743052139133951, -7.788179648504547, 0.0 ], [ 109.74306642982468, -7.788168409559733, 0.0 ], [ 109.743083353389423, -7.788154939266422, 0.0 ], [ 109.743096941434715, -7.788144413603001, 0.0 ], [ 109.743137189819961, -7.78811276011704, 0.0 ], [ 109.743153081824445, -7.788100261820897, 0.0 ], [ 109.743177355297206, -7.788081171874495, 0.0 ], [ 109.743209222203063, -7.788056109971023, 0.0 ], [ 109.7432653625699, -7.788011958254236, 0.0 ], [ 109.743271267394391, -7.788007314381788, 0.0 ], [ 109.743288634788485, -7.787993655689379, 0.0 ], [ 109.743535122978173, -7.788036741081112, 0.0 ] ], [ [ 109.743445367803588, -7.788281251610485, 0.0 ], [ 109.743449165761362, -7.788225403599185, 0.0 ], [ 109.743452963657759, -7.788169555587354, 0.0 ], [ 109.743453642933602, -7.788148950390412, 0.0 ], [ 109.743453609835811, -7.78813422867257, 0.0 ], [ 109.743454332818146, -7.788113700375398, 0.0 ], [ 109.743451178811199, -7.788095699638977, 0.0 ], [ 109.743433234294528, -7.788063816868732, 0.0 ], [ 109.743405503414749, -7.788085625987698, 0.0 ], [ 109.743377093933546, -7.788107968735642, 0.0 ], [ 109.743370123393959, -7.788113450736343, 0.0 ], [ 109.743320953561295, -7.788152120567258, 0.0 ], [ 109.74331140214791, -7.78815963232909, 0.0 ], [ 109.743280098105103, -7.788184251492206, 0.0 ], [ 109.743264813177731, -7.788196272402391, 0.0 ], [ 109.743228603434162, -7.788224749694298, 0.0 ], [ 109.743208672782984, -7.788240424189228, 0.0 ], [ 109.743186185983419, -7.788258108999671, 0.0 ], [ 109.743154881966859, -7.78828272819331, 0.0 ], [ 109.743096391959483, -7.788328727731574, 0.0 ], [ 109.743092273811399, -7.788331966458116, 0.0 ], [ 109.743060969784295, -7.788356585646166, 0.0 ], [ 109.743040251530587, -7.788372879558253, 0.0 ], [ 109.743029107642855, -7.78838064488693, 0.0 ], [ 109.743015355313375, -7.788391695148364, 0.0 ], [ 109.742997749738876, -7.788405210018643, 0.0 ], [ 109.742984113984861, -7.788416060570393, 0.0 ], [ 109.742958791009457, -7.78842214940405, 0.0 ], [ 109.742951034794118, -7.788424470258108, 0.0 ], [ 109.742928061975206, -7.788430550576726, 0.0 ], [ 109.742914277066845, -7.788433515356141, 0.0 ], [ 109.742877828579566, -7.78844135442406, 0.0 ], [ 109.742868292107616, -7.788443405465272, 0.0 ], [ 109.742822307243287, -7.788453295669678, 0.0 ], [ 109.742806089960339, -7.788456783575806, 0.0 ], [ 109.742776322287497, -7.788463185774564, 0.0 ], [ 109.74273435144714, -7.788472212604726, 0.0 ], [ 109.74273033738622, -7.788473075929311, 0.0 ], [ 109.742703882970574, -7.788478765563534, 0.0 ], [ 109.74264783821404, -7.788490819357634, 0.0 ], [ 109.742638367585656, -7.788492856232641, 0.0 ], [ 109.742592382717461, -7.788502746410322, 0.0 ], [ 109.742546397742274, -7.788512636475575, 0.0 ], [ 109.742519135690216, -7.788518499813711, 0.0 ], [ 109.742500412846425, -7.788522526616648, 0.0 ], [ 109.742479703932517, -7.788526980533589, 0.0 ], [ 109.742462231979758, -7.788540246392581, 0.0 ], [ 109.742430916066752, -7.788564853640946, 0.0 ], [ 109.742423564320248, -7.788570831254169, 0.0 ], [ 109.742403287256195, -7.788593160097584, 0.0 ], [ 109.742385032165458, -7.788613262420151, 0.0 ], [ 109.742367370915389, -7.788632710838035, 0.0 ], [ 109.742311177493889, -7.788694590376066, 0.0 ], [ 109.742254984055108, -7.788756470068962, 0.0 ], [ 109.742233262287485, -7.788780389806621, 0.0 ], [ 109.742216930874008, -7.788798373725214, 0.0 ], [ 109.742190308522183, -7.78882768995175, 0.0 ], [ 109.742182672233454, -7.788836098918601, 0.0 ], [ 109.742142597128293, -7.788880229090444, 0.0 ], [ 109.742086403639206, -7.788942108752606, 0.0 ], [ 109.742083819077322, -7.788944954834947, 0.0 ], [ 109.742057196669393, -7.788974271014228, 0.0 ], [ 109.742005607127467, -7.789031080745593, 0.0 ], [ 109.741980312037313, -7.789058935283833, 0.0 ], [ 109.741974016611778, -7.789065867712446, 0.0 ], [ 109.741917823072455, -7.789127747343835, 0.0 ], [ 109.741879131932521, -7.78917035341673, 0.0 ], [ 109.741870839935459, -7.78917948442251, 0.0 ], [ 109.74184421753472, -7.789208800619119, 0.0 ], [ 109.741828541786475, -7.789226062470544, 0.0 ], [ 109.741805435944457, -7.789251506242171, 0.0 ], [ 109.7417492423548, -7.789313385842707, 0.0 ], [ 109.7416930487489, -7.78937526526783, 0.0 ], [ 109.741676771453925, -7.789393189582508, 0.0 ], [ 109.741657860596291, -7.789414013904858, 0.0 ], [ 109.741631238125066, -7.789443330044109, 0.0 ], [ 109.741626181237933, -7.789448898602954, 0.0 ], [ 109.741580661486267, -7.78949902424922, 0.0 ], [ 109.741525000914876, -7.78956031661934, 0.0 ], [ 109.74147150349215, -7.78961922709728, 0.0 ], [ 109.741444880994592, -7.789648543217101, 0.0 ], [ 109.741423820534308, -7.789671734602444, 0.0 ], [ 109.741412080466858, -7.789684662563345, 0.0 ], [ 109.741355886760346, -7.789746541926887, 0.0 ], [ 109.741299693036609, -7.789808421442076, 0.0 ], [ 109.741272049866268, -7.789838861514728, 0.0 ], [ 109.741258523657919, -7.78985375626099, 0.0 ], [ 109.741231901173762, -7.789883072404589, 0.0 ], [ 109.741221459554041, -7.789894570468654, 0.0 ], [ 109.741187305539768, -7.789932180117857, 0.0 ], [ 109.741131111765711, -7.789994059602218, 0.0 ], [ 109.741074917975396, -7.790055938914453, 0.0 ], [ 109.741072166136888, -7.790058969185478, 0.0 ], [ 109.741046821073766, -7.790086878613683, 0.0 ], [ 109.741019098328337, -7.79011740620166, 0.0 ], [ 109.740962530343893, -7.790179697673238, 0.0 ], [ 109.740906336503272, -7.790241576951426, 0.0 ], [ 109.740867327402697, -7.790284532914469, 0.0 ], [ 109.740865708895058, -7.790300042551326, 0.0 ], [ 109.740870053334362, -7.790320492035471, 0.0 ], [ 109.74086887633436, -7.790340396728425, 0.0 ], [ 109.740905974106155, -7.790362894086317, 0.0 ], [ 109.740927794514931, -7.790374633982331, 0.0 ], [ 109.740961440709114, -7.790396530971208, 0.0 ], [ 109.7410177896096, -7.790430702849778, 0.0 ], [ 109.741073697375882, -7.790464607248368, 0.0 ], [ 109.741129605152025, -7.790498511592463, 0.0 ], [ 109.741170848668588, -7.790523523063228, 0.0 ], [ 109.741205704180842, -7.790544660593589, 0.0 ], [ 109.741239134071662, -7.790564933601347, 0.0 ], [ 109.741297328538806, -7.79060022463398, 0.0 ], [ 109.74135323635376, -7.790634129002679, 0.0 ], [ 109.741409144178633, -7.79066803331675, 0.0 ], [ 109.741465052013112, -7.790701937673375, 0.0 ], [ 109.741516827668335, -7.79073333608357, 0.0 ], [ 109.74157686771143, -7.790769746320208, 0.0 ], [ 109.74160939222692, -7.790789470211345, 0.0 ], [ 109.741623728967298, -7.790798550372589, 0.0 ], [ 109.74163277164908, -7.790804965630859, 0.0 ], [ 109.741656332743446, -7.790821920303727, 0.0 ], [ 109.741685046272394, -7.790845554105552, 0.0 ], [ 109.741686421803891, -7.790847783328108, 0.0 ], [ 109.741744381590209, -7.790941714300093, 0.0 ], [ 109.741800121033705, -7.791032047003866, 0.0 ], [ 109.741855860499214, -7.791122379700473, 0.0 ], [ 109.741892232356307, -7.791181324699997, 0.0 ], [ 109.741899641021035, -7.791193331351676, 0.0 ], [ 109.741911599986778, -7.791212712347892, 0.0 ], [ 109.741926763351501, -7.791237286460365, 0.0 ], [ 109.741967339496341, -7.79130304497526, 0.0 ], [ 109.74201309100107, -7.791377190855096, 0.0 ], [ 109.742078818581092, -7.791483710347727, 0.0 ], [ 109.742133949792745, -7.791573056991935, 0.0 ], [ 109.74213418928835, -7.791573427415101, 0.0 ], [ 109.742134558412431, -7.791573957259097, 0.0 ], [ 109.742135679402125, -7.79157418078087, 0.0 ], [ 109.742174876117247, -7.791588783847608, 0.0 ], [ 109.742190517317468, -7.79159081149788, 0.0 ], [ 109.74220730500673, -7.791590015129825, 0.0 ], [ 109.742230941553331, -7.791588893882363, 0.0 ], [ 109.742246534460435, -7.791588154190991, 0.0 ], [ 109.742302551603828, -7.791585496902486, 0.0 ], [ 109.742358568747889, -7.791582839535306, 0.0 ], [ 109.742407939989803, -7.791580497495407, 0.0 ], [ 109.742420592243903, -7.791579897301857, 0.0 ], [ 109.742466939508276, -7.791577698644296, 0.0 ], [ 109.742498611609804, -7.79157619619115, 0.0 ], [ 109.742526620182517, -7.79157486752768, 0.0 ], [ 109.742580557671687, -7.791572308854465, 0.0 ], [ 109.74263865447476, -7.791569552796764, 0.0 ], [ 109.742666663048098, -7.791568224123893, 0.0 ], [ 109.742694671621521, -7.791566895445889, 0.0 ], [ 109.742722680195158, -7.79156556674015, 0.0 ], [ 109.742750688768922, -7.791564238035748, 0.0 ], [ 109.742806705916593, -7.791561580679583, 0.0 ], [ 109.74286272306496, -7.79155892324461, 0.0 ], [ 109.742918740213625, -7.791556265873434, 0.0 ], [ 109.742943050564108, -7.791551228012328, 0.0 ], [ 109.742950049087739, -7.791550828657694, 0.0 ], [ 109.742974788261677, -7.791543249322326, 0.0 ], [ 109.742984318639188, -7.791529184483719, 0.0 ], [ 109.742989096688888, -7.791519735640501, 0.0 ], [ 109.742998594906553, -7.791496160992382, 0.0 ], [ 109.743017160227367, -7.791450081760105, 0.0 ], [ 109.743033235214739, -7.791410183465778, 0.0 ], [ 109.743056533138684, -7.791352357940691, 0.0 ], [ 109.743079011915398, -7.791296565369401, 0.0 ], [ 109.743097535237425, -7.791250590374082, 0.0 ], [ 109.743112730114206, -7.791212876508419, 0.0 ], [ 109.743129685207265, -7.791170793801735, 0.0 ], [ 109.743145760172865, -7.791130895499184, 0.0 ], [ 109.743161835162908, -7.791090997221474, 0.0 ], [ 109.743177910127599, -7.791051098926329, 0.0 ], [ 109.74319140581639, -7.791017602479269, 0.0 ], [ 109.743213884551423, -7.790961809894339, 0.0 ], [ 109.743236363341893, -7.790906017307273, 0.0 ], [ 109.743242210013094, -7.790891505782768, 0.0 ], [ 109.743258842063028, -7.790850224717703, 0.0 ], [ 109.743259547117816, -7.790847595547839, 0.0 ], [ 109.74327094987315, -7.790808287981136, 0.0 ], [ 109.743274458766962, -7.790794411774482, 0.0 ], [ 109.743278256820048, -7.790738563778358, 0.0 ], [ 109.743282054817996, -7.79068271578167, 0.0 ], [ 109.743285852869846, -7.79062686778491, 0.0 ], [ 109.743289650863417, -7.790571019787602, 0.0 ], [ 109.743293448907778, -7.790515171790074, 0.0 ], [ 109.743297246896972, -7.790459323792152, 0.0 ], [ 109.74330104494004, -7.790403475793962, 0.0 ], [ 109.743304842924857, -7.790347627795349, 0.0 ], [ 109.74330864096045, -7.790291779796505, 0.0 ], [ 109.743312271967142, -7.790238387075781, 0.0 ], [ 109.743316152352534, -7.790181328118007, 0.0 ], [ 109.743320034951282, -7.790124235797655, 0.0 ], [ 109.743323832978149, -7.790068387797441, 0.0 ], [ 109.74332763094985, -7.790012539796785, 0.0 ], [ 109.743331428975424, -7.789956691795926, 0.0 ], [ 109.743335226942747, -7.789900843794578, 0.0 ], [ 109.743339024960861, -7.789844995793047, 0.0 ], [ 109.743342822923765, -7.789789147790972, 0.0 ], [ 109.743346620940642, -7.789733299788809, 0.0 ], [ 109.743350418896043, -7.789677451786083, 0.0 ], [ 109.743355386415317, -7.789604406367314, 0.0 ], [ 109.743356115876537, -7.789593679781529, 0.0 ], [ 109.743358014862707, -7.789565755779816, 0.0 ], [ 109.743361812814712, -7.789509907776088, 0.0 ], [ 109.74336561081752, -7.789454059772194, 0.0 ], [ 109.743369408765133, -7.789398211767804, 0.0 ], [ 109.743373191700812, -7.789342585314708, 0.0 ], [ 109.743376786686227, -7.789289721732196, 0.0 ], [ 109.743380802703939, -7.789230667752901, 0.0 ], [ 109.743384600642798, -7.789174819747108, 0.0 ], [ 109.743388398635588, -7.789118971741231, 0.0 ], [ 109.743392196570085, -7.789063123734797, 0.0 ], [ 109.743395994555385, -7.789007275728164, 0.0 ], [ 109.743399792485491, -7.788951427721094, 0.0 ], [ 109.743403590469526, -7.788895579713813, 0.0 ], [ 109.743407388395298, -7.788839731706045, 0.0 ], [ 109.743411186371816, -7.788783883698096, 0.0 ], [ 109.743414984293182, -7.788728035689605, 0.0 ], [ 109.743418782268506, -7.788672187681025, 0.0 ], [ 109.743422580185481, -7.788616339671887, 0.0 ], [ 109.743426378153274, -7.788560491662539, 0.0 ], [ 109.743430049578834, -7.788506503624078, 0.0 ], [ 109.743433974032428, -7.788448795642797, 0.0 ], [ 109.74343777193755, -7.788392947632319, 0.0 ], [ 109.743441569899716, -7.788337099621662, 0.0 ], [ 109.743445367803588, -7.788281251610485, 0.0 ] ] ] } },
{ "type": "Feature", "properties": { "Join_Count": 1, "TARGET_FID": 32, "JOIN_FID": 103, "Id": 103, "Contour": 160.0, "Shape_Leng": 416.09271425200001, "Skor": 1.0, "Shape_Le_1": 416.09271424999997, "Shape_Area": 7779.5791737299996 }, "geometry": { "type": "Polygon", "coordinates": [ [ [ 109.741800009517945, -7.787382622980702, 0.0 ], [ 109.741809831953404, -7.787383826657443, 0.0 ], [ 109.741811009654668, -7.787383814475623, 0.0 ], [ 109.741812205856945, -7.787383852304704, 0.0 ], [ 109.741862354658281, -7.787387448404014, 0.0 ], [ 109.741867007049393, -7.787387584938549, 0.0 ], [ 109.741979001295576, -7.787395310091525, 0.0 ], [ 109.74203499842217, -7.787399172600485, 0.0 ], [ 109.742090995550811, -7.787403035160487, 0.0 ], [ 109.742111981102909, -7.787404482686378, 0.0 ], [ 109.742125136599441, -7.787405390107677, 0.0 ], [ 109.742174991248035, -7.787408828943275, 0.0 ], [ 109.742202989814871, -7.787410760200523, 0.0 ], [ 109.742258986950134, -7.787414622738836, 0.0 ], [ 109.74231498408767, -7.787418485250522, 0.0 ], [ 109.742370981227438, -7.787422347735504, 0.0 ], [ 109.742426978369309, -7.787426210255345, 0.0 ], [ 109.742439300781982, -7.787428084075829, 0.0 ], [ 109.742477957234385, -7.787435505129292, 0.0 ], [ 109.742482956884601, -7.787436319150213, 0.0 ], [ 109.742486091864151, -7.787437388197261, 0.0 ], [ 109.742527890570187, -7.787451641850814, 0.0 ], [ 109.742566884535265, -7.787464939049515, 0.0 ], [ 109.742594860421946, -7.787474478995374, 0.0 ], [ 109.742660594889685, -7.787496894867298, 0.0 ], [ 109.742825839125274, -7.78755324421656, 0.0 ], [ 109.742832887602333, -7.787567496868996, 0.0 ], [ 109.742839802932352, -7.787587955424464, 0.0 ], [ 109.742859831237524, -7.78760920428462, 0.0 ], [ 109.742762422265216, -7.787630154467816, 0.0 ], [ 109.742735145524662, -7.787636021011477, 0.0 ], [ 109.742687937214058, -7.787646174319671, 0.0 ], [ 109.742663407052163, -7.787651450154118, 0.0 ], [ 109.742650332984539, -7.787654262055657, 0.0 ], [ 109.742482199048368, -7.78769042326138, 0.0 ], [ 109.742459847404774, -7.787697465344766, 0.0 ], [ 109.742442660023158, -7.787703221614015, 0.0 ], [ 109.742426136169883, -7.787708588790998, 0.0 ], [ 109.742314951096134, -7.787831025020055, 0.0 ], [ 109.742264361179181, -7.787886734164124, 0.0 ], [ 109.742145169655501, -7.788017986859574, 0.0 ], [ 109.742127007695274, -7.78803584397737, 0.0 ], [ 109.742112591571271, -7.788053861547071, 0.0 ], [ 109.742088976302398, -7.788079866419815, 0.0 ], [ 109.742072459580655, -7.78809316864238, 0.0 ], [ 109.742062001599976, -7.788109570657819, 0.0 ], [ 109.74203278293254, -7.788141745966546, 0.0 ], [ 109.742018101060907, -7.788150683528959, 0.0 ], [ 109.742010668365324, -7.788165277554498, 0.0 ], [ 109.741994394232606, -7.788182924808106, 0.0 ], [ 109.741976591567223, -7.788202948087819, 0.0 ], [ 109.741962469944198, -7.788206921647549, 0.0 ], [ 109.741952115118934, -7.788220963013791, 0.0 ], [ 109.741935369664233, -7.788235758334654, 0.0 ], [ 109.741920418097649, -7.788258147410685, 0.0 ], [ 109.741904321242529, -7.788260633915617, 0.0 ], [ 109.741888774465636, -7.788276634252655, 0.0 ], [ 109.741873214118684, -7.788285450603554, 0.0 ], [ 109.741864248913501, -7.788311905732195, 0.0 ], [ 109.741837862053188, -7.788302826568949, 0.0 ], [ 109.741811774654892, -7.788276405698028, 0.0 ], [ 109.741810642343239, -7.788274119013988, 0.0 ], [ 109.741808366625705, -7.788269523303372, 0.0 ], [ 109.741784073298035, -7.788220464234338, 0.0 ], [ 109.741756372418237, -7.78816452277125, 0.0 ], [ 109.741752693397217, -7.788157093187269, 0.0 ], [ 109.741736652567056, -7.788124699428102, 0.0 ], [ 109.741718155252101, -7.788087344404811, 0.0 ], [ 109.741704881887685, -7.788060539416333, 0.0 ], [ 109.741699657793134, -7.788049989532945, 0.0 ], [ 109.741697020195247, -7.788044662922323, 0.0 ], [ 109.74167326930953, -7.787996698375758, 0.0 ], [ 109.741645567953768, -7.787940756908023, 0.0 ], [ 109.74164416554909, -7.787937924795839, 0.0 ], [ 109.741625668307933, -7.787900569715934, 0.0 ], [ 109.741617867106214, -7.787884815441048, 0.0 ], [ 109.741590165763341, -7.787828873971773, 0.0 ], [ 109.741585673868627, -7.787819802651786, 0.0 ], [ 109.741571822974294, -7.787786872238426, 0.0 ], [ 109.74156830636565, -7.787772949844896, 0.0 ], [ 109.741562381186341, -7.787749492439328, 0.0 ], [ 109.741560148489867, -7.787742753008995, 0.0 ], [ 109.741554909785719, -7.787717050841631, 0.0 ], [ 109.741552029339857, -7.787695108976355, 0.0 ], [ 109.741550607338425, -7.78768165388879, 0.0 ], [ 109.741548039557756, -7.787661171213366, 0.0 ], [ 109.741546371769928, -7.787645024510458, 0.0 ], [ 109.741543647092911, -7.787618644762129, 0.0 ], [ 109.741541153657153, -7.787594504361936, 0.0 ], [ 109.741537191086039, -7.787556141530837, 0.0 ], [ 109.741536496666853, -7.787549418481015, 0.0 ], [ 109.741530735005057, -7.787493638221633, 0.0 ], [ 109.741524953777315, -7.787437665748718, 0.0 ], [ 109.741513410599325, -7.787325913015651, 0.0 ], [ 109.741524623960856, -7.787319429087885, 0.0 ], [ 109.74153115826671, -7.787319544000246, 0.0 ], [ 109.741536326371389, -7.787320822919433, 0.0 ], [ 109.741586215155309, -7.787325196767312, 0.0 ], [ 109.741587149492418, -7.787325375902551, 0.0 ], [ 109.741589648366826, -7.78732613933516, 0.0 ], [ 109.741625491044829, -7.787343810817437, 0.0 ], [ 109.741643102301566, -7.787344081650033, 0.0 ], [ 109.741667966545549, -7.787351190893118, 0.0 ], [ 109.741672696737638, -7.787352703935015, 0.0 ], [ 109.741699064726674, -7.787359567089188, 0.0 ], [ 109.741755022352194, -7.787376662670908, 0.0 ], [ 109.741759822035775, -7.787377713690618, 0.0 ], [ 109.741800009517945, -7.787382622980702, 0.0 ] ] ] } },
{ "type": "Feature", "properties": { "Join_Count": 1, "TARGET_FID": 33, "JOIN_FID": 45, "Id": 45, "Contour": 320.0, "Shape_Leng": 2880.11186365, "Skor": 2.0, "Shape_Le_1": 6562.1533548400002, "Shape_Area": 145248.64500399999 }, "geometry": { "type": "Polygon", "coordinates": [ [ [ 109.743133316248858, -7.793136195140395, 0.0 ], [ 109.743089, -7.793370000999951, 0.0 ], [ 109.742949278168624, -7.794014310729533, 0.0 ], [ 109.742938263865156, -7.794033251005643, 0.0 ], [ 109.742905836323175, -7.794089014009868, 0.0 ], [ 109.742873408553578, -7.79414477700942, 0.0 ], [ 109.742854913152399, -7.794176582021242, 0.0 ], [ 109.742846072902964, -7.794191783837095, 0.0 ], [ 109.742824767037519, -7.794228421501703, 0.0 ], [ 109.74280492086524, -7.794262549202771, 0.0 ], [ 109.742798614677511, -7.794273393329054, 0.0 ], [ 109.74277612540061, -7.794312065984715, 0.0 ], [ 109.742743192848664, -7.794368697305822, 0.0 ], [ 109.742711269995326, -7.794423591948489, 0.0 ], [ 109.74267884238769, -7.794479354924649, 0.0 ], [ 109.742646414549426, -7.794535117896259, 0.0 ], [ 109.742613986923075, -7.794590880864497, 0.0 ], [ 109.742581559066039, -7.794646643828029, 0.0 ], [ 109.742549131420915, -7.79470240678831, 0.0 ], [ 109.742516135263529, -7.794759146969125, 0.0 ], [ 109.742484275884408, -7.794813932696134, 0.0 ], [ 109.742460823232264, -7.794854261835998, 0.0 ], [ 109.742455128267508, -7.794864054868035, 0.0 ], [ 109.742439655422785, -7.794890662026614, 0.0 ], [ 109.742434552206802, -7.794899437548747, 0.0 ], [ 109.742413976086354, -7.794934820172621, 0.0 ], [ 109.742403206241164, -7.79495334005794, 0.0 ], [ 109.742386992397144, -7.794981221527617, 0.0 ], [ 109.742372823983359, -7.795005585561653, 0.0 ], [ 109.742363175407974, -7.795022177181317, 0.0 ], [ 109.742352247842291, -7.795040968170984, 0.0 ], [ 109.742348225858336, -7.795047884393941, 0.0 ], [ 109.742322136763747, -7.79509274739544, 0.0 ], [ 109.742289708822369, -7.795148510323097, 0.0 ], [ 109.74225728109289, -7.79520427324738, 0.0 ], [ 109.742224853135866, -7.795260036166987, 0.0 ], [ 109.742192425387657, -7.795315799083298, 0.0 ], [ 109.742159997408748, -7.795371561994933, 0.0 ], [ 109.742127569641781, -7.795427324903199, 0.0 ], [ 109.742094881352543, -7.795483535407167, 0.0 ], [ 109.742062713858431, -7.7955388507071, 0.0 ], [ 109.742030285845175, -7.795594613602795, 0.0 ], [ 109.742010433056407, -7.795628752484713, 0.0 ], [ 109.742002453944991, -7.795642473348263, 0.0 ], [ 109.741981643966639, -7.795678257939271, 0.0 ], [ 109.741961301594671, -7.795713238578778, 0.0 ], [ 109.741954134157794, -7.795725563592427, 0.0 ], [ 109.741933001961073, -7.795761902266417, 0.0 ], [ 109.741900574128493, -7.795817665146744, 0.0 ], [ 109.741868146068342, -7.795873428022386, 0.0 ], [ 109.74183571821699, -7.795929190894736, 0.0 ], [ 109.741803290134968, -7.795984953762411, 0.0 ], [ 109.741770862264914, -7.79604071662673, 0.0 ], [ 109.741738434167232, -7.796096479486423, 0.0 ], [ 109.741728938278769, -7.796112808573039, 0.0 ], [ 109.74171223456392, -7.79613567016347, 0.0 ], [ 109.741701822298324, -7.796152229909915, 0.0 ], [ 109.741690633509663, -7.796170024574008, 0.0 ], [ 109.741672657755743, -7.796203421838188, 0.0 ], [ 109.741668345325905, -7.796207989644433, 0.0 ], [ 109.741642692311871, -7.796233978804612, 0.0 ], [ 109.741616470122679, -7.796262936800708, 0.0 ], [ 109.741588937397893, -7.796292100303098, 0.0 ], [ 109.741563168293183, -7.796319395506756, 0.0 ], [ 109.741504094807127, -7.796381967161584, 0.0 ], [ 109.741480280153482, -7.796407192143606, 0.0 ], [ 109.741457991126296, -7.796430801333319, 0.0 ], [ 109.741447907124581, -7.796441482556789, 0.0 ], [ 109.741335531714157, -7.796560512393661, 0.0 ], [ 109.741300225086746, -7.796597910005793, 0.0 ], [ 109.74129013002721, -7.796608602972756, 0.0 ], [ 109.741279343983521, -7.796620027758332, 0.0 ], [ 109.741195047586103, -7.796709315742856, 0.0 ], [ 109.741181472565046, -7.796723694656754, 0.0 ], [ 109.741154308346282, -7.7967524677294, 0.0 ], [ 109.741142459166909, -7.796765018598996, 0.0 ], [ 109.741054592904717, -7.796858087729525, 0.0 ], [ 109.740998405093862, -7.796917603043435, 0.0 ], [ 109.740886029426818, -7.797036632717846, 0.0 ], [ 109.740879515177213, -7.797043532741609, 0.0 ], [ 109.740855500256785, -7.797068969922786, 0.0 ], [ 109.740828335874937, -7.797097742849944, 0.0 ], [ 109.740773653694276, -7.797155662814729, 0.0 ], [ 109.740717465803215, -7.797215178077837, 0.0 ], [ 109.740605089975801, -7.797334207650676, 0.0 ], [ 109.740563982477539, -7.79737774942067, 0.0 ], [ 109.740556691772738, -7.797385471890615, 0.0 ], [ 109.740548902036622, -7.797393722883335, 0.0 ], [ 109.740458804539898, -7.797489154908449, 0.0 ], [ 109.740448033893244, -7.797500563308525, 0.0 ], [ 109.740436526112376, -7.79751275258953, 0.0 ], [ 109.740415477804348, -7.797523926883486, 0.0 ], [ 109.740401462331263, -7.797523920387891, 0.0 ], [ 109.740380466678133, -7.797529291459116, 0.0 ], [ 109.740365307366559, -7.797529618404123, 0.0 ], [ 109.740344885316901, -7.797524316405787, 0.0 ], [ 109.74032447092624, -7.797524540581075, 0.0 ], [ 109.740268495164159, -7.797513108324049, 0.0 ], [ 109.740248048118445, -7.797508932325631, 0.0 ], [ 109.740229156408233, -7.797505074003216, 0.0 ], [ 109.740212519405972, -7.797501676157325, 0.0 ], [ 109.740146664278782, -7.797488226188603, 0.0 ], [ 109.739869117711976, -7.797431541030187, 0.0 ], [ 109.73976471349296, -7.797410217867945, 0.0 ], [ 109.739730343959096, -7.79740319838564, 0.0 ], [ 109.739708737772403, -7.797398785622734, 0.0 ], [ 109.739484834933037, -7.797353056245306, 0.0 ], [ 109.739452797247182, -7.797346512971029, 0.0 ], [ 109.739428859233414, -7.797341623958999, 0.0 ], [ 109.739314023627443, -7.797318170198991, 0.0 ], [ 109.739036477365744, -7.797261484529936, 0.0 ], [ 109.738990355546861, -7.797252064770605, 0.0 ], [ 109.738981053788152, -7.79725016499787, 0.0 ], [ 109.738756701627793, -7.797204343446248, 0.0 ], [ 109.738710868663375, -7.797194982544949, 0.0 ], [ 109.738701175520987, -7.797193002835566, 0.0 ], [ 109.738533248610636, -7.797158705515986, 0.0 ], [ 109.738524544058265, -7.79715692771052, 0.0 ], [ 109.738481383904002, -7.797148112677552, 0.0 ], [ 109.738478096575065, -7.797147281482433, 0.0 ], [ 109.738475578997594, -7.797146403356712, 0.0 ], [ 109.738434890230948, -7.797134422091609, 0.0 ], [ 109.738421318343711, -7.797128835413353, 0.0 ], [ 109.738395194891083, -7.797118082004165, 0.0 ], [ 109.738386991213488, -7.797113551007036, 0.0 ], [ 109.738365386781098, -7.797102697172782, 0.0 ], [ 109.738358185378559, -7.797099079281976, 0.0 ], [ 109.738347709452754, -7.797091855230637, 0.0 ], [ 109.738345651363218, -7.79707207529471, 0.0 ], [ 109.738344117395272, -7.797057333075315, 0.0 ], [ 109.738341895508896, -7.79703597876409, 0.0 ], [ 109.738310481354645, -7.796734050254768, 0.0 ], [ 109.738256039142797, -7.796210797528322, 0.0 ], [ 109.738201596974136, -7.795687541040905, 0.0 ], [ 109.738167484967519, -7.795359684801025, 0.0 ], [ 109.738165523381227, -7.795340832307264, 0.0 ], [ 109.738163406691896, -7.795320488374374, 0.0 ], [ 109.738161671159617, -7.795303808335563, 0.0 ], [ 109.738147137018615, -7.795164117173142, 0.0 ], [ 109.738092712709914, -7.794641035598378, 0.0 ], [ 109.738038270636793, -7.794117779120371, 0.0 ], [ 109.738010515591583, -7.793851020251761, 0.0 ], [ 109.738006997191334, -7.793827208210701, 0.0 ], [ 109.738004921107688, -7.793816844526928, 0.0 ], [ 109.738001400486482, -7.793795133951136, 0.0 ], [ 109.737998462869029, -7.79377997616652, 0.0 ], [ 109.737987611448148, -7.793743451335667, 0.0 ], [ 109.737986031151664, -7.793736607903906, 0.0 ], [ 109.737983424701937, -7.793729359157156, 0.0 ], [ 109.737871259196268, -7.79377832585295, 0.0 ], [ 109.737859820720359, -7.793783319238854, 0.0 ], [ 109.737820908457991, -7.793800305320452, 0.0 ], [ 109.737815176439838, -7.793802807591638, 0.0 ], [ 109.737703010900816, -7.793851774233243, 0.0 ], [ 109.737646928127759, -7.79387625594963, 0.0 ], [ 109.737534762555384, -7.793925222540202, 0.0 ], [ 109.737509616340901, -7.793936199916302, 0.0 ], [ 109.737499253059397, -7.793940723711795, 0.0 ], [ 109.737470704212967, -7.793953186117013, 0.0 ], [ 109.737452630952362, -7.79396107599229, 0.0 ], [ 109.737325544528829, -7.794016556289329, 0.0 ], [ 109.737315058660656, -7.794021133886632, 0.0 ], [ 109.73729849499297, -7.79402836440046, 0.0 ], [ 109.737276146450952, -7.794038119998629, 0.0 ], [ 109.737254348536879, -7.794047635683083, 0.0 ], [ 109.737142182886757, -7.79409660215793, 0.0 ], [ 109.737120500540669, -7.794106067381105, 0.0 ], [ 109.737097738296427, -7.794116003556387, 0.0 ], [ 109.737081588317594, -7.794123053472711, 0.0 ], [ 109.737071364340594, -7.794127516730967, 0.0 ], [ 109.736973934374717, -7.794170050209895, 0.0 ], [ 109.73696485403444, -7.794174014139474, 0.0 ], [ 109.736944275911611, -7.794182996891359, 0.0 ], [ 109.736917851529455, -7.794194531812606, 0.0 ], [ 109.736805685812726, -7.794243498182226, 0.0 ], [ 109.736796601212916, -7.794247463969982, 0.0 ], [ 109.736770295850064, -7.794258947505084, 0.0 ], [ 109.736731383727275, -7.794275933683267, 0.0 ], [ 109.736696223386375, -7.794291282826417, 0.0 ], [ 109.736693520078518, -7.794292462924554, 0.0 ], [ 109.736581354317352, -7.794341429229402, 0.0 ], [ 109.736575737859908, -7.794343881028198, 0.0 ], [ 109.736536825509305, -7.794360866974823, 0.0 ], [ 109.736525271433194, -7.794365910772542, 0.0 ], [ 109.736413105638704, -7.794414877026423, 0.0 ], [ 109.736357022737877, -7.794439358544079, 0.0 ], [ 109.736244856910062, -7.794488324746925, 0.0 ], [ 109.73622553268639, -7.794496760493645, 0.0 ], [ 109.736194329397719, -7.794510381256189, 0.0 ], [ 109.736186620355255, -7.794513746442413, 0.0 ], [ 109.736181740035875, -7.794515876923175, 0.0 ], [ 109.736054653324047, -7.79457135678376, 0.0 ], [ 109.736030974450017, -7.794581693671899, 0.0 ], [ 109.735993570868686, -7.794598021236841, 0.0 ], [ 109.735992062267101, -7.794598679765817, 0.0 ], [ 109.735964442252879, -7.794610736912191, 0.0 ], [ 109.735852276347288, -7.794659702992831, 0.0 ], [ 109.735836416003892, -7.794666626604839, 0.0 ], [ 109.735797503602527, -7.79468361247373, 0.0 ], [ 109.735796193390982, -7.794684184425464, 0.0 ], [ 109.735684027452052, -7.794733150458266, 0.0 ], [ 109.735671741420191, -7.794725515278945, 0.0 ], [ 109.735673385082364, -7.794737796079882, 0.0 ], [ 109.735627944479077, -7.794757631865393, 0.0 ], [ 109.735615097087475, -7.794750456444852, 0.0 ], [ 109.735615113960534, -7.794737622122629, 0.0 ], [ 109.735623016408638, -7.794732656113221, 0.0 ], [ 109.735628057918461, -7.79471983694017, 0.0 ], [ 109.735652664975319, -7.794706375822032, 0.0 ], [ 109.735653619883394, -7.794681877983575, 0.0 ], [ 109.735671973333609, -7.794669721161577, 0.0 ], [ 109.735684304320742, -7.794640900598491, 0.0 ], [ 109.735693905534859, -7.794635699014552, 0.0 ], [ 109.7356945880734, -7.794626141189481, 0.0 ], [ 109.735721552259278, -7.79460741027262, 0.0 ], [ 109.735736987869856, -7.794573926126511, 0.0 ], [ 109.735739155110934, -7.794570415132312, 0.0 ], [ 109.73574052989764, -7.794568896063903, 0.0 ], [ 109.735748709878138, -7.794562305360567, 0.0 ], [ 109.735771675740551, -7.794545645745471, 0.0 ], [ 109.735777560100388, -7.794533704317342, 0.0 ], [ 109.735789572408322, -7.794514706530773, 0.0 ], [ 109.735796725712191, -7.794506802486559, 0.0 ], [ 109.735823061979076, -7.794485148151267, 0.0 ], [ 109.735839989692167, -7.794458997920921, 0.0 ], [ 109.735852921509888, -7.794444708898979, 0.0 ], [ 109.735875535650635, -7.794425741583038, 0.0 ], [ 109.735890406962454, -7.794403289302887, 0.0 ], [ 109.735909117290745, -7.794382615301038, 0.0 ], [ 109.735928075416496, -7.79436640134142, 0.0 ], [ 109.735940824219199, -7.79434758067648, 0.0 ], [ 109.735965313054777, -7.794320521692904, 0.0 ], [ 109.735980679611146, -7.794307125743816, 0.0 ], [ 109.735991241462386, -7.794291872041848, 0.0 ], [ 109.736021508801173, -7.794258428326986, 0.0 ], [ 109.73603334664358, -7.794247913198692, 0.0 ], [ 109.736041659072242, -7.794236163400027, 0.0 ], [ 109.736077704530985, -7.794196334866621, 0.0 ], [ 109.736086074605936, -7.7941887617896, 0.0 ], [ 109.736092076288301, -7.794180454748777, 0.0 ], [ 109.736133900244454, -7.794134241227597, 0.0 ], [ 109.7361388620035, -7.794129670019237, 0.0 ], [ 109.736142493490817, -7.794124746089286, 0.0 ], [ 109.736190095941097, -7.794072147578235, 0.0 ], [ 109.736191707360319, -7.794070636406422, 0.0 ], [ 109.736192910679719, -7.794069037421486, 0.0 ], [ 109.73664666477012, -7.793567659038577, 0.0 ], [ 109.736697082203733, -7.793511950289135, 0.0 ], [ 109.737314006335438, -7.792830272854773, 0.0 ], [ 109.73733429780232, -7.792807851579464, 0.0 ], [ 109.737360872701998, -7.792778487562809, 0.0 ], [ 109.737370201677109, -7.792768179410351, 0.0 ], [ 109.737907087794866, -7.792174937791197, 0.0 ], [ 109.737919018556425, -7.792161916736785, 0.0 ], [ 109.737932152158805, -7.792147915162881, 0.0 ], [ 109.7379461132317, -7.792133074241066, 0.0 ], [ 109.737959521169302, -7.792119234840979, 0.0 ], [ 109.738129220379079, -7.791952162866956, 0.0 ], [ 109.738156856586357, -7.791924954685905, 0.0 ], [ 109.738173859374385, -7.791913359282174, 0.0 ], [ 109.738207554993949, -7.791891139500844, 0.0 ], [ 109.738212977358188, -7.791887682927848, 0.0 ], [ 109.738227101102083, -7.79188252472126, 0.0 ], [ 109.738247416020783, -7.791875105440911, 0.0 ], [ 109.738269047838799, -7.791867205114167, 0.0 ], [ 109.738325118315942, -7.791846726974789, 0.0 ], [ 109.73832929515828, -7.791845201514032, 0.0 ], [ 109.738370234930116, -7.791830249751833, 0.0 ], [ 109.738381188787514, -7.791826249202802, 0.0 ], [ 109.738493329719702, -7.79178529288249, 0.0 ], [ 109.738493929601219, -7.791785073863091, 0.0 ], [ 109.73853399864575, -7.791770447316398, 0.0 ], [ 109.73854940015481, -7.791764822841506, 0.0 ], [ 109.738574955310014, -7.791755512490163, 0.0 ], [ 109.738582819471304, -7.791752642688054, 0.0 ], [ 109.738605470494832, -7.791744383080925, 0.0 ], [ 109.738644248943913, -7.791730259869402, 0.0 ], [ 109.738656884879958, -7.791725659126421, 0.0 ], [ 109.738661540774132, -7.791723962140046, 0.0 ], [ 109.73871761104904, -7.791703541187636, 0.0 ], [ 109.738773681320637, -7.791683119851244, 0.0 ], [ 109.738796378189363, -7.791674853581419, 0.0 ], [ 109.738820763854051, -7.791665972275824, 0.0 ], [ 109.738849231758564, -7.791655604075161, 0.0 ], [ 109.73886173377349, -7.79165105073232, 0.0 ], [ 109.738902703783793, -7.791636129278615, 0.0 ], [ 109.738938030733749, -7.791623262885343, 0.0 ], [ 109.738943673661225, -7.791621207693766, 0.0 ], [ 109.738969927233825, -7.791611646052459, 0.0 ], [ 109.738997962359718, -7.791601435552837, 0.0 ], [ 109.739025997484802, -7.791591224963645, 0.0 ], [ 109.739066583661682, -7.791576443282937, 0.0 ], [ 109.739100636754472, -7.791564040822279, 0.0 ], [ 109.739110102853388, -7.791560593167555, 0.0 ], [ 109.739134396317738, -7.791532426483768, 0.0 ], [ 109.739163206062187, -7.791505304724866, 0.0 ], [ 109.739166284439293, -7.791502954921881, 0.0 ], [ 109.739202418047938, -7.791452625359516, 0.0 ], [ 109.739242436300955, -7.791396885264232, 0.0 ], [ 109.739282454324652, -7.791341145162631, 0.0 ], [ 109.739322472555372, -7.791285405056033, 0.0 ], [ 109.739362490553617, -7.791229664943242, 0.0 ], [ 109.739402508761998, -7.791173924825439, 0.0 ], [ 109.73944252674103, -7.791118184701357, 0.0 ], [ 109.739482544927043, -7.791062444572374, 0.0 ], [ 109.739522562883735, -7.791006704437057, 0.0 ], [ 109.739562581047466, -7.790950964296825, 0.0 ], [ 109.73956146294546, -7.790949505583008, 0.0 ], [ 109.739542258949243, -7.790912851207342, 0.0 ], [ 109.739536204477631, -7.790895026652747, 0.0 ], [ 109.739474660248121, -7.790838984392318, 0.0 ], [ 109.739448387619603, -7.790815060430634, 0.0 ], [ 109.739431606227271, -7.790799779203048, 0.0 ], [ 109.739413116200453, -7.790782942125992, 0.0 ], [ 109.739392530700229, -7.790764196879955, 0.0 ], [ 109.739372880417278, -7.790746613403005, 0.0 ], [ 109.739350096346257, -7.790726895462506, 0.0 ], [ 109.73934280987163, -7.790720732053757, 0.0 ], [ 109.739336665973582, -7.790715948083985, 0.0 ], [ 109.739280780376632, -7.790674680921409, 0.0 ], [ 109.739246364798277, -7.790649267804916, 0.0 ], [ 109.739224894790738, -7.790633413895619, 0.0 ], [ 109.7390572381032, -7.790509612363013, 0.0 ], [ 109.73905296297562, -7.790506846619894, 0.0 ], [ 109.739047686144445, -7.790502558973619, 0.0 ], [ 109.73900135256369, -7.790468345171967, 0.0 ], [ 109.738987243441258, -7.790460614385081, 0.0 ], [ 109.738967497598352, -7.790446461178012, 0.0 ], [ 109.738954336407204, -7.79043754513299, 0.0 ], [ 109.738945455973436, -7.790430775373152, 0.0 ], [ 109.738919207160009, -7.790416678960359, 0.0 ], [ 109.738909994950731, -7.790410864471211, 0.0 ], [ 109.738889543694697, -7.790398452565314, 0.0 ], [ 109.738884286831919, -7.790395605674994, 0.0 ], [ 109.738847956128993, -7.790375930616116, 0.0 ], [ 109.738833625321632, -7.790368169666462, 0.0 ], [ 109.73877770695745, -7.790337886764589, 0.0 ], [ 109.738775294793683, -7.790336580439027, 0.0 ], [ 109.738738964101955, -7.790316905375641, 0.0 ], [ 109.738718962905082, -7.790306073583715, 0.0 ], [ 109.73866442567622, -7.790276538623956, 0.0 ], [ 109.738629972111738, -7.790257880111776, 0.0 ], [ 109.738593641491235, -7.790238204979946, 0.0 ], [ 109.738557310821392, -7.7902185299036, 0.0 ], [ 109.738543088255611, -7.790210827575744, 0.0 ], [ 109.738498115269692, -7.790186472160284, 0.0 ], [ 109.738483748176421, -7.79018007329104, 0.0 ], [ 109.738442227429559, -7.790165660576792, 0.0 ], [ 109.738442168679526, -7.790165637729698, 0.0 ], [ 109.73838621351031, -7.790147671757452, 0.0 ], [ 109.738354254678754, -7.790137410432472, 0.0 ], [ 109.738314840188508, -7.790124755211361, 0.0 ], [ 109.738266454031645, -7.790109219444918, 0.0 ], [ 109.73821834803816, -7.790093773648568, 0.0 ], [ 109.738162392892747, -7.790075807497581, 0.0 ], [ 109.738050482618547, -7.790039875479993, 0.0 ], [ 109.737994527490656, -7.790021909309027, 0.0 ], [ 109.737938572368165, -7.79000394328363, 0.0 ], [ 109.737932826874271, -7.790002242881621, 0.0 ], [ 109.737889871860361, -7.789989135103673, 0.0 ], [ 109.737882614629783, -7.78998685284263, 0.0 ], [ 109.737378967277877, -7.78984237262604, 0.0 ], [ 109.737369515837713, -7.78983669539474, 0.0 ], [ 109.73736242043141, -7.789827231122778, 0.0 ], [ 109.737368733421647, -7.789816967542815, 0.0 ], [ 109.737379126985473, -7.789789054463384, 0.0 ], [ 109.737384910190613, -7.789777171232405, 0.0 ], [ 109.73738433163372, -7.789771437264458, 0.0 ], [ 109.737390309790101, -7.789760387802438, 0.0 ], [ 109.737401622431918, -7.789737912170959, 0.0 ], [ 109.737415761584359, -7.789715671762886, 0.0 ], [ 109.737435479661613, -7.789674269650002, 0.0 ], [ 109.737439886720125, -7.789664249842739, 0.0 ], [ 109.737442327223022, -7.78965989176591, 0.0 ], [ 109.737491842970655, -7.789555923080617, 0.0 ], [ 109.737522024022766, -7.789492551757183, 0.0 ], [ 109.737529102954554, -7.789473628291146, 0.0 ], [ 109.737538289079325, -7.789446604758577, 0.0 ], [ 109.737541797744257, -7.789436751516535, 0.0 ], [ 109.737559376280828, -7.789380944735013, 0.0 ], [ 109.737576954936316, -7.789325137952194, 0.0 ], [ 109.737594533461433, -7.789269331167454, 0.0 ], [ 109.737612112108593, -7.789213524381461, 0.0 ], [ 109.73762969061913, -7.789157717593405, 0.0 ], [ 109.73764726925485, -7.789101910804209, 0.0 ], [ 109.737664847757031, -7.789046104012963, 0.0 ], [ 109.737682426378129, -7.788990297220455, 0.0 ], [ 109.73770000486887, -7.788934490426008, 0.0 ], [ 109.737717660755948, -7.788878438303643, 0.0 ], [ 109.737735161957829, -7.788822876832578, 0.0 ], [ 109.737752740559145, -7.788767070033641, 0.0 ], [ 109.737770319023838, -7.788711263232646, 0.0 ], [ 109.737787897613714, -7.788655456430504, 0.0 ], [ 109.737805476070093, -7.788599649626315, 0.0 ], [ 109.737823054645403, -7.788543842820846, 0.0 ], [ 109.737831001754273, -7.788518612901264, 0.0 ], [ 109.737841369815285, -7.788498317988469, 0.0 ], [ 109.737844911279538, -7.788488048753007, 0.0 ], [ 109.737852111424246, -7.788467170486132, 0.0 ], [ 109.737856210550916, -7.788457181312001, 0.0 ], [ 109.737863275487854, -7.788432244283494, 0.0 ], [ 109.73786857023299, -7.788413555385705, 0.0 ], [ 109.737872527381199, -7.788391237392317, 0.0 ], [ 109.737876090779977, -7.788376423289519, 0.0 ], [ 109.737878798681905, -7.788367791195678, 0.0 ], [ 109.737887546650938, -7.788339504266365, 0.0 ], [ 109.737901107760734, -7.788334147535306, 0.0 ], [ 109.737917342551626, -7.788320686966388, 0.0 ], [ 109.737931776391477, -7.788308891048075, 0.0 ], [ 109.737943706798404, -7.788288907941041, 0.0 ], [ 109.738111886000652, -7.788237740690244, 0.0 ], [ 109.738167945730197, -7.788220684127005, 0.0 ], [ 109.738336124890992, -7.788169516778331, 0.0 ], [ 109.738392184606724, -7.788152460179235, 0.0 ], [ 109.738560363726066, -7.788101292732686, 0.0 ], [ 109.73861642342797, -7.788084236100913, 0.0 ], [ 109.738840662191578, -7.788016012692085, 0.0 ], [ 109.738862998745958, -7.788010607409324, 0.0 ], [ 109.738879954546832, -7.78800510128624, 0.0 ], [ 109.738896717382858, -7.788000458286287, 0.0 ], [ 109.738908901176956, -7.788000634962204, 0.0 ], [ 109.738944848491073, -7.787996458570006, 0.0 ], [ 109.738952737586573, -7.78799660077362, 0.0 ], [ 109.739176658039185, -7.788034796813593, 0.0 ], [ 109.739185532035066, -7.788036310430481, 0.0 ], [ 109.739231481008375, -7.7880441472669, 0.0 ], [ 109.739233462520062, -7.788044485241815, 0.0 ], [ 109.739238370427771, -7.788045322416194, 0.0 ], [ 109.739400578554438, -7.788072991553088, 0.0 ], [ 109.739408711061813, -7.788053882852966, 0.0 ], [ 109.739418473251106, -7.788045858062665, 0.0 ], [ 109.739439404868932, -7.788028651589613, 0.0 ], [ 109.73945673279421, -7.788024307424696, 0.0 ], [ 109.739470416416339, -7.788003739116665, 0.0 ], [ 109.739479436930125, -7.787990180169868, 0.0 ], [ 109.739489921014382, -7.787967281763909, 0.0 ], [ 109.739512994298892, -7.787939739491557, 0.0 ], [ 109.739515122684239, -7.787936540266739, 0.0 ], [ 109.739523357043481, -7.787924162939989, 0.0 ], [ 109.73953747569287, -7.787902940717228, 0.0 ], [ 109.739553614307027, -7.787878682367067, 0.0 ], [ 109.73955922973704, -7.787868740230611, 0.0 ], [ 109.739569255780566, -7.787855171190797, 0.0 ], [ 109.739582181770132, -7.787835741687616, 0.0 ], [ 109.739590702836367, -7.787822933457792, 0.0 ], [ 109.739625517236988, -7.787770603251045, 0.0 ], [ 109.739627791632643, -7.787767184544407, 0.0 ], [ 109.739646335844512, -7.787739310085302, 0.0 ], [ 109.739649240986466, -7.787734943261154, 0.0 ], [ 109.739671594049966, -7.787701343782073, 0.0 ], [ 109.739693947025756, -7.787667744213501, 0.0 ], [ 109.739701968645193, -7.787655686701073, 0.0 ], [ 109.739738653220684, -7.78760054533077, 0.0 ], [ 109.739741025365831, -7.787596979678688, 0.0 ], [ 109.739761006185006, -7.787566945756813, 0.0 ], [ 109.739783359232575, -7.787533346268719, 0.0 ], [ 109.739805712186211, -7.787499746691116, 0.0 ], [ 109.739813234359801, -7.787488439899752, 0.0 ], [ 109.73985056282396, -7.787432330626664, 0.0 ], [ 109.739872771288418, -7.787398948210614, 0.0 ], [ 109.739895124316945, -7.787365348713536, 0.0 ], [ 109.739906824161139, -7.787347762212156, 0.0 ], [ 109.739920206371451, -7.787334487240168, 0.0 ], [ 109.739931183374864, -7.787321212919786, 0.0 ], [ 109.739945528093401, -7.787303866224407, 0.0 ], [ 109.739963041372633, -7.787277952122617, 0.0 ], [ 109.739995068408817, -7.787321402808301, 0.0 ], [ 109.740036331632126, -7.787377384653504, 0.0 ], [ 109.740052605826236, -7.787399463750141, 0.0 ], [ 109.740074606294641, -7.787429311389334, 0.0 ], [ 109.740077595274087, -7.787433366497527, 0.0 ], [ 109.740130388782916, -7.787504991443538, 0.0 ], [ 109.7401474795236, -7.78752817836003, 0.0 ], [ 109.740171198069831, -7.787560356902381, 0.0 ], [ 109.740186171291739, -7.787580670984918, 0.0 ], [ 109.740242353254047, -7.787656892983051, 0.0 ], [ 109.740266071829708, -7.78768907150281, 0.0 ], [ 109.740283912415379, -7.787713275677829, 0.0 ], [ 109.740325175711575, -7.787769257506165, 0.0 ], [ 109.740353518930164, -7.787807710301577, 0.0 ], [ 109.740356409630451, -7.787822283123191, 0.0 ], [ 109.740356642547411, -7.787825210220947, 0.0 ], [ 109.740356582711101, -7.787828327075602, 0.0 ], [ 109.740355625116294, -7.787878754157163, 0.0 ], [ 109.740355580743014, -7.787881066272761, 0.0 ], [ 109.740354471350685, -7.787938261049554, 0.0 ], [ 109.740353405271065, -7.787993217605122, 0.0 ], [ 109.740352884502556, -7.788020065829659, 0.0 ], [ 109.740352299052091, -7.788048133884769, 0.0 ], [ 109.740352330366633, -7.788048634234015, 0.0 ], [ 109.740351246939142, -7.788104490220769, 0.0 ], [ 109.740351219691803, -7.788105894765912, 0.0 ], [ 109.740350118233408, -7.788162680014431, 0.0 ], [ 109.740349079976937, -7.788216202193525, 0.0 ], [ 109.740346913108567, -7.788327914165771, 0.0 ], [ 109.740346813758407, -7.788333035849356, 0.0 ], [ 109.740345943258006, -7.788377914060779, 0.0 ], [ 109.740345712284565, -7.788389821106805, 0.0 ], [ 109.74034487717627, -7.788432870624592, 0.0 ], [ 109.740344610737239, -7.78844660643508, 0.0 ], [ 109.740342579254332, -7.788551338107629, 0.0 ], [ 109.740342407800597, -7.788560176932823, 0.0 ], [ 109.740341679174222, -7.788597740558666, 0.0 ], [ 109.74034149579488, -7.788607194092686, 0.0 ], [ 109.740340412349553, -7.788663050077567, 0.0 ], [ 109.740340204842283, -7.788673747439445, 0.0 ], [ 109.740339547097378, -7.788707653778888, 0.0 ], [ 109.740339328824831, -7.788718906061971, 0.0 ], [ 109.740337161929858, -7.788830618030799, 0.0 ], [ 109.740336900341688, -7.78884410325607, 0.0 ], [ 109.740336349064563, -7.788872523706915, 0.0 ], [ 109.740335798841571, -7.788900888524585, 0.0 ], [ 109.740335282985512, -7.788927480282069, 0.0 ], [ 109.740334994929256, -7.788942329998527, 0.0 ], [ 109.740332828022517, -7.789054041965779, 0.0 ], [ 109.740332494328939, -7.789071244329179, 0.0 ], [ 109.740332084929349, -7.789092350198109, 0.0 ], [ 109.740331392813346, -7.789128029606623, 0.0 ], [ 109.740331018853951, -7.789147306782287, 0.0 ], [ 109.740330661010105, -7.789165753931937, 0.0 ], [ 109.740328494091514, -7.78927746589769, 0.0 ], [ 109.740328088288663, -7.789298385402287, 0.0 ], [ 109.740327820774425, -7.789312176689593, 0.0 ], [ 109.740326986760735, -7.789355170682207, 0.0 ], [ 109.740326754696383, -7.789367133276288, 0.0 ], [ 109.740326327067308, -7.789389177862366, 0.0 ], [ 109.740324160140048, -7.789500889826539, 0.0 ], [ 109.740323618382376, -7.789528817817398, 0.0 ], [ 109.740323076627433, -7.789556745808219, 0.0 ], [ 109.740321993156996, -7.789612601789786, 0.0 ], [ 109.740320909632118, -7.789668457771087, 0.0 ], [ 109.740319780849177, -7.789726649599276, 0.0 ], [ 109.740318742637101, -7.789780169733172, 0.0 ], [ 109.740317659160766, -7.789836025714051, 0.0 ], [ 109.7403165756362, -7.789891881694553, 0.0 ], [ 109.740314408682337, -7.790003593655289, 0.0 ], [ 109.740313962142409, -7.79002661279563, 0.0 ], [ 109.74031376851265, -7.790036593844691, 0.0 ], [ 109.740312896045779, -7.790081569383143, 0.0 ], [ 109.740312666964826, -7.790093379128533, 0.0 ], [ 109.740312241619776, -7.790115305614955, 0.0 ], [ 109.740310074650978, -7.790227017574114, 0.0 ], [ 109.740314349573467, -7.790251106256515, 0.0 ], [ 109.740315544735864, -7.790257605722914, 0.0 ], [ 109.740319963909329, -7.790282906171267, 0.0 ], [ 109.740341574607797, -7.790394688811924, 0.0 ], [ 109.740345724773348, -7.790416155784624, 0.0 ], [ 109.74035162602793, -7.790444607619677, 0.0 ], [ 109.740353425262839, -7.790450583239626, 0.0 ], [ 109.740357962186948, -7.790462940851736, 0.0 ], [ 109.740364417318787, -7.790487619569983, 0.0 ], [ 109.740383420644903, -7.790524472924446, 0.0 ], [ 109.740401350341074, -7.790544466176425, 0.0 ], [ 109.740457226213366, -7.790589026972264, 0.0 ], [ 109.740513102098504, -7.790633587545519, 0.0 ], [ 109.740680729825485, -7.790767269889272, 0.0 ], [ 109.740736605759636, -7.790811830437048, 0.0 ], [ 109.740845810099273, -7.790898920293716, 0.0 ], [ 109.740847124535222, -7.790900156398975, 0.0 ], [ 109.74087431744907, -7.790928890653267, 0.0 ], [ 109.740896238366787, -7.790954929353724, 0.0 ], [ 109.74089771622647, -7.790961386414053, 0.0 ], [ 109.740908105518415, -7.791006779762327, 0.0 ], [ 109.740910515657518, -7.791017310119297, 0.0 ], [ 109.740918494961846, -7.791052172961995, 0.0 ], [ 109.74092182527724, -7.791066723806252, 0.0 ], [ 109.74093461884182, -7.791122621032806, 0.0 ], [ 109.740939273778238, -7.791142959429271, 0.0 ], [ 109.740943806194934, -7.791162762265992, 0.0 ], [ 109.740949663204347, -7.791188352648371, 0.0 ], [ 109.740960205734709, -7.791234415485348, 0.0 ], [ 109.740970441967136, -7.791279139183461, 0.0 ], [ 109.740972999302997, -7.791290312711928, 0.0 ], [ 109.740985792876643, -7.791346209938614, 0.0 ], [ 109.74099122080159, -7.791369925650756, 0.0 ], [ 109.740993741789026, -7.791380940242559, 0.0 ], [ 109.741001610222625, -7.791415318882796, 0.0 ], [ 109.741010386859017, -7.791453666098378, 0.0 ], [ 109.74101199954201, -7.791460712215, 0.0 ], [ 109.741017776582282, -7.791485953004557, 0.0 ], [ 109.741022389009814, -7.791506105405091, 0.0 ], [ 109.741024173365005, -7.791513901617896, 0.0 ], [ 109.741027971257211, -7.791527334365614, 0.0 ], [ 109.741033618597257, -7.791550665700005, 0.0 ], [ 109.741039689200903, -7.791569806933405, 0.0 ], [ 109.741051488269335, -7.791588643042331, 0.0 ], [ 109.741070304167394, -7.791600569624212, 0.0 ], [ 109.741095025137895, -7.791594608369642, 0.0 ], [ 109.741103776353825, -7.79159249806137, 0.0 ], [ 109.741140046807899, -7.791583751695697, 0.0 ], [ 109.74117800871808, -7.791574597562479, 0.0 ], [ 109.741185068597531, -7.79157289513675, 0.0 ], [ 109.741195949946103, -7.7915702712157, 0.0 ], [ 109.741230090394865, -7.791562038585675, 0.0 ], [ 109.741252241018628, -7.791556697111, 0.0 ], [ 109.741275112038338, -7.791551181876709, 0.0 ], [ 109.741294502410142, -7.79154650603876, 0.0 ], [ 109.741320063948692, -7.79154515088153, 0.0 ], [ 109.741324872526221, -7.791545079558501, 0.0 ], [ 109.74135052028177, -7.791543598408627, 0.0 ], [ 109.741372948646216, -7.791548414391454, 0.0 ], [ 109.741387059405398, -7.791551444400372, 0.0 ], [ 109.741406493575496, -7.791555617464164, 0.0 ], [ 109.741462466873116, -7.791567636661834, 0.0 ], [ 109.741465299178046, -7.791568244838363, 0.0 ], [ 109.741511474650011, -7.791578159854611, 0.0 ], [ 109.74151844017598, -7.791579655548078, 0.0 ], [ 109.741574413482226, -7.791591674731927, 0.0 ], [ 109.741600207374134, -7.791597213396813, 0.0 ], [ 109.741603825221389, -7.791597990257211, 0.0 ], [ 109.741650000620922, -7.791607905340086, 0.0 ], [ 109.741671256647848, -7.791612469642849, 0.0 ], [ 109.741686360108673, -7.791615712771225, 0.0 ], [ 109.741742434824516, -7.79162775370626, 0.0 ], [ 109.741788526665175, -7.791637650734979, 0.0 ], [ 109.741813355212955, -7.791642982101624, 0.0 ], [ 109.741834701995188, -7.791647565883051, 0.0 ], [ 109.741854280080659, -7.791651769806009, 0.0 ], [ 109.741910253413053, -7.791663788883677, 0.0 ], [ 109.74192705270157, -7.791667396123102, 0.0 ], [ 109.741955453998642, -7.791673494707577, 0.0 ], [ 109.741973228027902, -7.791677311270033, 0.0 ], [ 109.742019403529127, -7.791687226234632, 0.0 ], [ 109.742022200091668, -7.791687826730151, 0.0 ], [ 109.742026477425512, -7.791688724933252, 0.0 ], [ 109.742065628101642, -7.791697092553271, 0.0 ], [ 109.742078173864414, -7.791699702617425, 0.0 ], [ 109.742098261311696, -7.791704718089997, 0.0 ], [ 109.742112954449894, -7.79170586656784, 0.0 ], [ 109.742134139664529, -7.791714250998035, 0.0 ], [ 109.742148101891203, -7.791726714771547, 0.0 ], [ 109.742152727793879, -7.791740690444396, 0.0 ], [ 109.742189980151707, -7.791770786084312, 0.0 ], [ 109.742204317735897, -7.791782369172244, 0.0 ], [ 109.742235270916368, -7.791807375582458, 0.0 ], [ 109.742245854663835, -7.791815926008899, 0.0 ], [ 109.742291523227095, -7.791852820955535, 0.0 ], [ 109.742430319076405, -7.79196495143335, 0.0 ], [ 109.742499716690034, -7.792021016658407, 0.0 ], [ 109.742638512653969, -7.792133147084808, 0.0 ], [ 109.742707910327965, -7.792189212284112, 0.0 ], [ 109.742804600462264, -7.792267326180341, 0.0 ], [ 109.742820568894672, -7.79228528601165, 0.0 ], [ 109.74282989773539, -7.792301292780874, 0.0 ], [ 109.742840176215239, -7.792321540786952, 0.0 ], [ 109.7428499563256, -7.79234682317388, 0.0 ], [ 109.74285445075553, -7.792357224887295, 0.0 ], [ 109.74291583934027, -7.792528704979299, 0.0 ], [ 109.742971385817995, -7.792683866380963, 0.0 ], [ 109.74308247887511, -7.792994188223366, 0.0 ], [ 109.743133316248858, -7.793136195140395, 0.0 ] ], [ [ 109.740211400658993, -7.788550948236402, 0.0 ], [ 109.740211931323273, -7.788523591804753, 0.0 ], [ 109.740212484168566, -7.788495092254454, 0.0 ], [ 109.740211699572541, -7.788467333123744, 0.0 ], [ 109.740211706682103, -7.78846698150018, 0.0 ], [ 109.740210831135983, -7.788439228138778, 0.0 ], [ 109.74020863523549, -7.788414333312399, 0.0 ], [ 109.740206892908034, -7.788406484463948, 0.0 ], [ 109.740204263874176, -7.788383349417132, 0.0 ], [ 109.740202182852443, -7.78836503699806, 0.0 ], [ 109.74019409961312, -7.788337622884356, 0.0 ], [ 109.740192485575832, -7.78832745520739, 0.0 ], [ 109.740191320108309, -7.788320113128986, 0.0 ], [ 109.740184011760377, -7.788303409934787, 0.0 ], [ 109.740119228822877, -7.788215519066544, 0.0 ], [ 109.740077965114793, -7.788159537215473, 0.0 ], [ 109.740036701825446, -7.788103555363161, 0.0 ], [ 109.739995438138251, -7.788047573507304, 0.0 ], [ 109.739954174869709, -7.787991591650206, 0.0 ], [ 109.739934622834781, -7.787965239238822, 0.0 ], [ 109.739933230170323, -7.787963359032452, 0.0 ], [ 109.739912438134766, -7.78793560838318, 0.0 ], [ 109.739909087463317, -7.787931601001508, 0.0 ], [ 109.739905091031275, -7.787927690090075, 0.0 ], [ 109.739901931122034, -7.787932439831479, 0.0 ], [ 109.739899848056908, -7.787935570956525, 0.0 ], [ 109.739892059198525, -7.78794848287559, 0.0 ], [ 109.739881071626854, -7.787967537811934, 0.0 ], [ 109.739864709789913, -7.787991325695263, 0.0 ], [ 109.739858292614812, -7.788000709955938, 0.0 ], [ 109.739848829597889, -7.788012258424901, 0.0 ], [ 109.739834872085325, -7.788033238467257, 0.0 ], [ 109.739825671014344, -7.788047068833507, 0.0 ], [ 109.739792568141368, -7.78809682641806, 0.0 ], [ 109.739788582220257, -7.788102817763741, 0.0 ], [ 109.739780871801855, -7.788114407546345, 0.0 ], [ 109.739767812846608, -7.78813403692123, 0.0 ], [ 109.739745459761508, -7.788167636402276, 0.0 ], [ 109.739723106759627, -7.788201235969257, 0.0 ], [ 109.739714405121106, -7.788214315610999, 0.0 ], [ 109.739680045155026, -7.788265962697174, 0.0 ], [ 109.739678400486497, -7.788268434841152, 0.0 ], [ 109.739672037536863, -7.788277999185803, 0.0 ], [ 109.739656047463839, -7.788302034396199, 0.0 ], [ 109.739633694359696, -7.788335633868239, 0.0 ], [ 109.739611341338772, -7.788369233426164, 0.0 ], [ 109.739588988223915, -7.788402832894593, 0.0 ], [ 109.739566635195388, -7.788436432448965, 0.0 ], [ 109.739528961658493, -7.788493060140718, 0.0 ], [ 109.739521928862757, -7.788503631289144, 0.0 ], [ 109.739499575819664, -7.788537230841322, 0.0 ], [ 109.739477222688919, -7.788570830300755, 0.0 ], [ 109.739454998891787, -7.788604235562165, 0.0 ], [ 109.739417695513836, -7.78866030679923, 0.0 ], [ 109.73941016326755, -7.788671628668215, 0.0 ], [ 109.739387810208569, -7.788705228208196, 0.0 ], [ 109.739365457058796, -7.788738827658625, 0.0 ], [ 109.739345535053914, -7.788768772995645, 0.0 ], [ 109.739343103989086, -7.788772427191708, 0.0 ], [ 109.739306429274876, -7.788827553413098, 0.0 ], [ 109.739298397580342, -7.788839625999102, 0.0 ], [ 109.739276044502333, -7.788873225529989, 0.0 ], [ 109.739253691333545, -7.788906824971426, 0.0 ], [ 109.739236700424954, -7.788932364464312, 0.0 ], [ 109.739231338241694, -7.788940424495529, 0.0 ], [ 109.739195162941627, -7.788994799982318, 0.0 ], [ 109.739186631798006, -7.789007623284902, 0.0 ], [ 109.739164278700969, -7.789041222806851, 0.0 ], [ 109.739141925509998, -7.789074822239259, 0.0 ], [ 109.739127865705782, -7.789095955890279, 0.0 ], [ 109.739119572399161, -7.789108421751037, 0.0 ], [ 109.739117428775685, -7.78911164386156, 0.0 ], [ 109.739083896514103, -7.789162046506929, 0.0 ], [ 109.739074865920529, -7.789175620525723, 0.0 ], [ 109.739052512804477, -7.789209220038615, 0.0 ], [ 109.739030159594478, -7.789242819462015, 0.0 ], [ 109.739019030899499, -7.789259547273553, 0.0 ], [ 109.739007806461487, -7.789276418964844, 0.0 ], [ 109.738985453228366, -7.789310018365175, 0.0 ], [ 109.738972630160603, -7.78932929298742, 0.0 ], [ 109.738948643392234, -7.78936534785396, 0.0 ], [ 109.738939282196768, -7.789375747783909, 0.0 ], [ 109.738934794764063, -7.789385039582863, 0.0 ], [ 109.738917806477033, -7.789410227597717, 0.0 ], [ 109.738908887240996, -7.789424436107216, 0.0 ], [ 109.738898452422831, -7.789440790615967, 0.0 ], [ 109.738896040428685, -7.789444416130301, 0.0 ], [ 109.738892381549491, -7.789449915829684, 0.0 ], [ 109.738866267733485, -7.789470571621559, 0.0 ], [ 109.738850124925847, -7.789496505979243, 0.0 ], [ 109.738844299058215, -7.789504556860739, 0.0 ], [ 109.738836155979655, -7.789522351637332, 0.0 ], [ 109.738808398383057, -7.789524564171979, 0.0 ], [ 109.738807637271279, -7.789524814679082, 0.0 ], [ 109.738780129092007, -7.789528375035668, 0.0 ], [ 109.738556207937251, -7.789490178664328, 0.0 ], [ 109.738549640494739, -7.789489058462981, 0.0 ], [ 109.738512956692503, -7.789482801007837, 0.0 ], [ 109.738482359795924, -7.78947758222575, 0.0 ], [ 109.738465026291138, -7.789474625875267, 0.0 ], [ 109.738444247378453, -7.789471081630052, 0.0 ], [ 109.737996405305225, -7.789394688439733, 0.0 ], [ 109.737985729316208, -7.789392867432147, 0.0 ], [ 109.737944111622213, -7.789385769193751, 0.0 ], [ 109.737937798760186, -7.789384692427157, 0.0 ], [ 109.737922162757343, -7.789382025243587, 0.0 ], [ 109.73788444482031, -7.78937559126553, 0.0 ], [ 109.737878367248243, -7.789375834215834, 0.0 ], [ 109.737839870079881, -7.789370392168216, 0.0 ], [ 109.737828450629451, -7.789370703090668, 0.0 ], [ 109.737819918075857, -7.789373218515153, 0.0 ], [ 109.73778802358683, -7.789381625765084, 0.0 ], [ 109.737776118542584, -7.789385300814955, 0.0 ], [ 109.737772397059246, -7.789385646770893, 0.0 ], [ 109.737759452580477, -7.789394424344128, 0.0 ], [ 109.737742372253734, -7.789407469552862, 0.0 ], [ 109.737716292734248, -7.789417539326251, 0.0 ], [ 109.737711873206948, -7.789432896257947, 0.0 ], [ 109.737710527514182, -7.789437254103593, 0.0 ], [ 109.73770867517463, -7.789444764484521, 0.0 ], [ 109.737702368437894, -7.789479386569272, 0.0 ], [ 109.737698373026475, -7.789493077049596, 0.0 ], [ 109.73768761829956, -7.789520614195607, 0.0 ], [ 109.737686941427, -7.789522003882821, 0.0 ], [ 109.737674898630502, -7.789548866277549, 0.0 ], [ 109.737666813519297, -7.789555767184387, 0.0 ], [ 109.737659839537031, -7.789565930418468, 0.0 ], [ 109.737645181462369, -7.78959009016673, 0.0 ], [ 109.737638116422517, -7.78960461586346, 0.0 ], [ 109.737626368164086, -7.789627241220621, 0.0 ], [ 109.73760354895245, -7.789660007239777, 0.0 ], [ 109.737603402059449, -7.789660225758533, 0.0 ], [ 109.737603321717472, -7.789660371364949, 0.0 ], [ 109.737603252920678, -7.789660664438222, 0.0 ], [ 109.737603543539123, -7.789661814828031, 0.0 ], [ 109.737616399277471, -7.789703324112503, 0.0 ], [ 109.737644013033119, -7.789716351719855, 0.0 ], [ 109.737771297480933, -7.789752865512081, 0.0 ], [ 109.737786594350183, -7.789757366137763, 0.0 ], [ 109.737821951882182, -7.789767444235642, 0.0 ], [ 109.737827258094555, -7.789768983562588, 0.0 ], [ 109.737839119411831, -7.789772791990744, 0.0 ], [ 109.737872501175616, -7.789783584824442, 0.0 ], [ 109.737883213180382, -7.789786949597177, 0.0 ], [ 109.737939168271552, -7.789804915777214, 0.0 ], [ 109.738051078472353, -7.789840847813137, 0.0 ], [ 109.738107033581073, -7.789858813973316, 0.0 ], [ 109.738190322063787, -7.789885556136904, 0.0 ], [ 109.738212027439616, -7.789892525277589, 0.0 ], [ 109.738232329414942, -7.789899043854242, 0.0 ], [ 109.738254461071421, -7.789906149923014, 0.0 ], [ 109.738274898943104, -7.789912712109562, 0.0 ], [ 109.738330854075642, -7.789930678090987, 0.0 ], [ 109.738386809213509, -7.789948644217911, 0.0 ], [ 109.738498719507746, -7.789984576147547, 0.0 ], [ 109.73852669708468, -7.789993559200292, 0.0 ], [ 109.738551496956902, -7.790001521959883, 0.0 ], [ 109.738554674663121, -7.790002542254594, 0.0 ], [ 109.738561070323613, -7.79000476338935, 0.0 ], [ 109.738593590471851, -7.790015483786753, 0.0 ], [ 109.738610626183018, -7.790021725163197, 0.0 ], [ 109.738633074222022, -7.790032032915573, 0.0 ], [ 109.738655914473455, -7.790043893866032, 0.0 ], [ 109.738666552904732, -7.790049197166502, 0.0 ], [ 109.738669605772628, -7.790051508825687, 0.0 ], [ 109.738675030613479, -7.790054576573239, 0.0 ], [ 109.738704599903201, -7.790072508917702, 0.0 ], [ 109.73872246331382, -7.790082123475849, 0.0 ], [ 109.738738557354452, -7.790094536767945, 0.0 ], [ 109.738763191204967, -7.790110698134101, 0.0 ], [ 109.738772181327235, -7.790116895228617, 0.0 ], [ 109.738778358333974, -7.790120196016365, 0.0 ], [ 109.738805045888554, -7.790140006566491, 0.0 ], [ 109.738814188173066, -7.790146662913978, 0.0 ], [ 109.738834244264439, -7.790161310092543, 0.0 ], [ 109.738841666502168, -7.790166790856295, 0.0 ], [ 109.738917619236517, -7.79022287606016, 0.0 ], [ 109.739145476999653, -7.790391131607026, 0.0 ], [ 109.739221429818855, -7.790447216768861, 0.0 ], [ 109.739393099619434, -7.790573981587174, 0.0 ], [ 109.739416666907502, -7.790591817705426, 0.0 ], [ 109.739446610860924, -7.790615464225925, 0.0 ], [ 109.739447924039936, -7.790616522670959, 0.0 ], [ 109.739448978653485, -7.790617443652787, 0.0 ], [ 109.739506507529214, -7.790669829552181, 0.0 ], [ 109.73953578887469, -7.79069649330481, 0.0 ], [ 109.739560692489121, -7.790719170607517, 0.0 ], [ 109.739569893780953, -7.790727549316495, 0.0 ], [ 109.739754526026744, -7.790895676034392, 0.0 ], [ 109.739770039986382, -7.79090980306644, 0.0 ], [ 109.739784120323876, -7.79092262467969, 0.0 ], [ 109.739816070141913, -7.790951718260763, 0.0 ], [ 109.739813549631663, -7.790978054109035, 0.0 ], [ 109.739813645464551, -7.790981332245741, 0.0 ], [ 109.739810361104702, -7.791007560469675, 0.0 ], [ 109.739770343181632, -7.791063300638251, 0.0 ], [ 109.739730325029186, -7.791119040800496, 0.0 ], [ 109.739690307083748, -7.79117478095784, 0.0 ], [ 109.739650288909033, -7.791230521108902, 0.0 ], [ 109.739610270944354, -7.791286261254958, 0.0 ], [ 109.739570252747257, -7.791342001394821, 0.0 ], [ 109.739530660309526, -7.791397148787235, 0.0 ], [ 109.739490216537746, -7.791453481658229, 0.0 ], [ 109.739450198525319, -7.791509221781895, 0.0 ], [ 109.739410180283585, -7.79156496189919, 0.0 ], [ 109.739370162251902, -7.791620702011632, 0.0 ], [ 109.739330143987843, -7.791676442117763, 0.0 ], [ 109.739290125930737, -7.791732182218875, 0.0 ], [ 109.739250107644281, -7.791787922313823, 0.0 ], [ 109.739210089564878, -7.791843662403737, 0.0 ], [ 109.739170071256126, -7.791899402487347, 0.0 ], [ 109.739130053157453, -7.791955142566085, 0.0 ], [ 109.739108833921307, -7.79198469806759, 0.0 ], [ 109.739097438320854, -7.79199958401897, 0.0 ], [ 109.739090034826376, -7.792010882638515, 0.0 ], [ 109.739052590308887, -7.792063038005606, 0.0 ], [ 109.739050017818769, -7.792064060159001, 0.0 ], [ 109.739045287087592, -7.792066608629308, 0.0 ], [ 109.739013684103412, -7.792083633218645, 0.0 ], [ 109.73899648283215, -7.792095877168167, 0.0 ], [ 109.738977086406123, -7.792102941424409, 0.0 ], [ 109.738949723829435, -7.79211290710559, 0.0 ], [ 109.738936116464203, -7.792117862995075, 0.0 ], [ 109.738924460371265, -7.792122108164603, 0.0 ], [ 109.738884342181962, -7.792136719322946, 0.0 ], [ 109.738860925048712, -7.792145247983653, 0.0 ], [ 109.738854176368264, -7.792147705908771, 0.0 ], [ 109.738813206304314, -7.792162627349215, 0.0 ], [ 109.738772330961183, -7.792177514474306, 0.0 ], [ 109.73871613117349, -7.792197982568869, 0.0 ], [ 109.738690329975171, -7.792207425631646, 0.0 ], [ 109.738683205474715, -7.792210050599762, 0.0 ], [ 109.738660060383665, -7.792218552243169, 0.0 ], [ 109.738649485048711, -7.792222472611522, 0.0 ], [ 109.738621822811936, -7.79223292555004, 0.0 ], [ 109.73861916373157, -7.792248077858654, 0.0 ], [ 109.738613754524252, -7.792278903153907, 0.0 ], [ 109.73861202556003, -7.792288755539931, 0.0 ], [ 109.738603698974316, -7.792336206401695, 0.0 ], [ 109.738602444326361, -7.792343356231195, 0.0 ], [ 109.738601923274146, -7.792346325355414, 0.0 ], [ 109.738594083911167, -7.792390994706921, 0.0 ], [ 109.73859243068037, -7.792400415516265, 0.0 ], [ 109.738572836786176, -7.792512075492399, 0.0 ], [ 109.738569004718656, -7.792533912209424, 0.0 ], [ 109.738566428240645, -7.792548593183337, 0.0 ], [ 109.73856064448519, -7.79258155087449, 0.0 ], [ 109.738554596587292, -7.792616015758018, 0.0 ], [ 109.738553241876502, -7.792623735462497, 0.0 ], [ 109.73854671767802, -7.792660914946156, 0.0 ], [ 109.738543925038613, -7.792676829235816, 0.0 ], [ 109.738543444857044, -7.792679565447632, 0.0 ], [ 109.738533647721653, -7.792735395431699, 0.0 ], [ 109.738530933764352, -7.792750860403616, 0.0 ], [ 109.738527205021782, -7.792772107039415, 0.0 ], [ 109.738523849984091, -7.792791225413112, 0.0 ], [ 109.738514053012622, -7.792847055396154, 0.0 ], [ 109.738510485379337, -7.792867385223932, 0.0 ], [ 109.738507270147394, -7.792885705813051, 0.0 ], [ 109.738504255292497, -7.792902885376119, 0.0 ], [ 109.7384944581421, -7.792958715356975, 0.0 ], [ 109.738493765359294, -7.79296266303925, 0.0 ], [ 109.738485405617112, -7.793010302215624, 0.0 ], [ 109.738484660987922, -7.793014545337135, 0.0 ], [ 109.738484522749374, -7.793019642873792, 0.0 ], [ 109.738478439225958, -7.793059339336305, 0.0 ], [ 109.738478200500282, -7.793070385253064, 0.0 ], [ 109.738478557906831, -7.793081249157966, 0.0 ], [ 109.738474975666364, -7.793111890825177, 0.0 ], [ 109.738475317825433, -7.793126235823273, 0.0 ], [ 109.738475642205998, -7.793139832582127, 0.0 ], [ 109.738473235075418, -7.79316617095416, 0.0 ], [ 109.738473528807219, -7.793182089650212, 0.0 ], [ 109.738474236691459, -7.793196918835939, 0.0 ], [ 109.73847365833663, -7.793222622061187, 0.0 ], [ 109.738474292864893, -7.793237951080083, 0.0 ], [ 109.738488569938013, -7.793375169092556, 0.0 ], [ 109.738491738485536, -7.793402339316775, 0.0 ], [ 109.738491790660106, -7.793405580653141, 0.0 ], [ 109.738492147464996, -7.793409251418169, 0.0 ], [ 109.738496746678578, -7.793453067146397, 0.0 ], [ 109.738497547834015, -7.793461456952957, 0.0 ], [ 109.738543012632249, -7.793898425604588, 0.0 ], [ 109.738597455369629, -7.794421678358955, 0.0 ], [ 109.738602195187696, -7.794467233385041, 0.0 ], [ 109.738602761865465, -7.7944726796264, 0.0 ], [ 109.738606990705236, -7.794513323409473, 0.0 ], [ 109.738608008989615, -7.794523109853924, 0.0 ], [ 109.738651612246187, -7.794942183370163, 0.0 ], [ 109.738706340928815, -7.79546818763355, 0.0 ], [ 109.738760783761876, -7.79599144039407, 0.0 ], [ 109.738782421574584, -7.796199403925191, 0.0 ], [ 109.738785008529646, -7.796224266591213, 0.0 ], [ 109.738785586783976, -7.796229824246235, 0.0 ], [ 109.738788235509318, -7.796255280395127, 0.0 ], [ 109.738815226626869, -7.796514693159801, 0.0 ], [ 109.738869628028851, -7.797037550968835, 0.0 ], [ 109.738869654679007, -7.797037566987698, 0.0 ], [ 109.738869711873264, -7.797037592398379, 0.0 ], [ 109.738907147883239, -7.797056090176632, 0.0 ], [ 109.738925604503734, -7.797062954296853, 0.0 ], [ 109.738948000050016, -7.797071283397791, 0.0 ], [ 109.738963200199038, -7.797075361246926, 0.0 ], [ 109.738981559637352, -7.797081234706834, 0.0 ], [ 109.738991070585868, -7.797084277388496, 0.0 ], [ 109.739032282990706, -7.797093894569459, 0.0 ], [ 109.739309829138307, -7.797150580223937, 0.0 ], [ 109.739373382353719, -7.797163560190399, 0.0 ], [ 109.73938943782241, -7.797166839304569, 0.0 ], [ 109.739409297332301, -7.797170895324027, 0.0 ], [ 109.73942935802782, -7.79717499245751, 0.0 ], [ 109.73965326076484, -7.797220721848555, 0.0 ], [ 109.739669905295585, -7.797224121265002, 0.0 ], [ 109.739688784387923, -7.797227977078518, 0.0 ], [ 109.739709236459731, -7.797232154123145, 0.0 ], [ 109.739864923007104, -7.797263951026015, 0.0 ], [ 109.739989114996206, -7.797289315599463, 0.0 ], [ 109.740014811368482, -7.797290026439812, 0.0 ], [ 109.740020473705542, -7.797288999769164, 0.0 ], [ 109.74004512282842, -7.797290014931184, 0.0 ], [ 109.740067037629316, -7.797286397553236, 0.0 ], [ 109.740100869235704, -7.797264990678597, 0.0 ], [ 109.740101208018345, -7.797264858224693, 0.0 ], [ 109.740157395991162, -7.797205343058478, 0.0 ], [ 109.740269771885821, -7.79708631361849, 0.0 ], [ 109.740311755417423, -7.797041843956851, 0.0 ], [ 109.740318622593918, -7.79703457009681, 0.0 ], [ 109.740325959810477, -7.797026798421797, 0.0 ], [ 109.740382147717739, -7.796967283674845, 0.0 ], [ 109.740400115902048, -7.796948251531119, 0.0 ], [ 109.740416932998698, -7.796930438490924, 0.0 ], [ 109.740438335610349, -7.796907768457838, 0.0 ], [ 109.740550711344639, -7.796788738916295, 0.0 ], [ 109.740606899189132, -7.796729223668814, 0.0 ], [ 109.740679877050383, -7.796651924671515, 0.0 ], [ 109.740698924154117, -7.796631749665988, 0.0 ], [ 109.74072608839019, -7.796602976626128, 0.0 ], [ 109.740732465505033, -7.796596221879963, 0.0 ], [ 109.74083165040247, -7.79649116396337, 0.0 ], [ 109.740834745952739, -7.796487885102499, 0.0 ], [ 109.740837643191853, -7.796484816272728, 0.0 ], [ 109.740887838166714, -7.796431648665108, 0.0 ], [ 109.740995409300396, -7.796317707794148, 0.0 ], [ 109.74099773198985, -7.796315247555787, 0.0 ], [ 109.741024896184697, -7.796286474489833, 0.0 ], [ 109.741047997670719, -7.796262004949285, 0.0 ], [ 109.741112589059327, -7.796193588753271, 0.0 ], [ 109.741133553510792, -7.796171382790289, 0.0 ], [ 109.741153174920925, -7.79615059923441, 0.0 ], [ 109.741168776743422, -7.796134073404229, 0.0 ], [ 109.741281152060708, -7.796015043601861, 0.0 ], [ 109.741310940813975, -7.795983490595878, 0.0 ], [ 109.741323703469675, -7.795969972007871, 0.0 ], [ 109.741337234972789, -7.795955639147897, 0.0 ], [ 109.741416118032802, -7.795872084792386, 0.0 ], [ 109.74143236065882, -7.79585488023632, 0.0 ], [ 109.741459524793697, -7.795826107132441, 0.0 ], [ 109.74146870629076, -7.795816381876361, 0.0 ], [ 109.741562090076073, -7.79571746798563, 0.0 ], [ 109.741568181938973, -7.795711015339438, 0.0 ], [ 109.741573883540582, -7.795704976019823, 0.0 ], [ 109.741618277631872, -7.79565795255537, 0.0 ], [ 109.741730652692581, -7.795538922587262, 0.0 ], [ 109.741731649096479, -7.795537867167742, 0.0 ], [ 109.741746206259819, -7.795522447732617, 0.0 ], [ 109.741758331474941, -7.795509604287959, 0.0 ], [ 109.741784237276363, -7.795482164198398, 0.0 ], [ 109.741786840200263, -7.795479407126527, 0.0 ], [ 109.741810806333987, -7.795450198640389, 0.0 ], [ 109.741834301280605, -7.795426453720941, 0.0 ], [ 109.741838472260696, -7.795421928992884, 0.0 ], [ 109.741843035630026, -7.795417234062559, 0.0 ], [ 109.741859173436353, -7.795386671796885, 0.0 ], [ 109.74186855853695, -7.795370696276342, 0.0 ], [ 109.741879701260018, -7.795351240689121, 0.0 ], [ 109.741899331047577, -7.79532157860834, 0.0 ], [ 109.741903191631607, -7.795314939943897, 0.0 ], [ 109.741935619632642, -7.795259177056484, 0.0 ], [ 109.741968047406175, -7.795203414164481, 0.0 ], [ 109.742000475391606, -7.795147651269102, 0.0 ], [ 109.742011928702397, -7.795127956109933, 0.0 ], [ 109.742025237428678, -7.795105070413758, 0.0 ], [ 109.742045813589357, -7.795069687815539, 0.0 ], [ 109.742061396480779, -7.795042891451665, 0.0 ], [ 109.742066389680986, -7.795034305150851, 0.0 ], [ 109.742097759067235, -7.794980362558355, 0.0 ], [ 109.742130186793887, -7.794924599646285, 0.0 ], [ 109.742162614732464, -7.79486883673099, 0.0 ], [ 109.742195042440329, -7.794813073810964, 0.0 ], [ 109.742227470360135, -7.794757310887646, 0.0 ], [ 109.742259898046157, -7.794701547959631, 0.0 ], [ 109.742292325947261, -7.794645785028254, 0.0 ], [ 109.742324753617652, -7.794590022092311, 0.0 ], [ 109.742357181499955, -7.794534259152973, 0.0 ], [ 109.742389609151601, -7.794478496208953, 0.0 ], [ 109.742422037012091, -7.794422733261683, 0.0 ], [ 109.742454464644979, -7.79436697030969, 0.0 ], [ 109.742462318192509, -7.79435346534299, 0.0 ], [ 109.742477911063062, -7.794326651878815, 0.0 ], [ 109.742498487091012, -7.79429126919651, 0.0 ], [ 109.742519320325258, -7.794255444395093, 0.0 ], [ 109.742551747930051, -7.794199681431111, 0.0 ], [ 109.742584175743673, -7.794143918463831, 0.0 ], [ 109.742616603329694, -7.794088155491874, 0.0 ], [ 109.742649031127641, -7.794032392516546, 0.0 ], [ 109.742681458694946, -7.793976629536648, 0.0 ], [ 109.742713886474178, -7.793920866553382, 0.0 ], [ 109.742746314019612, -7.793865103565384, 0.0 ], [ 109.742778741780086, -7.793809340574178, 0.0 ], [ 109.742811169309917, -7.793753577578234, 0.0 ], [ 109.742843597051646, -7.793697814579002, 0.0 ], [ 109.742856407512647, -7.793675785452384, 0.0 ], [ 109.742868854945314, -7.793654380637208, 0.0 ], [ 109.742889430948111, -7.793618997976311, 0.0 ], [ 109.74290267392233, -7.793596225123682, 0.0 ], [ 109.742908452282578, -7.79358628856779, 0.0 ], [ 109.742912705873948, -7.793578974002799, 0.0 ], [ 109.742930582808896, -7.793548232503568, 0.0 ], [ 109.742951158803535, -7.79351284983465, 0.0 ], [ 109.742969004206941, -7.793482162544443, 0.0 ], [ 109.742973307479147, -7.793474762540688, 0.0 ], [ 109.742978692690912, -7.793465166597359, 0.0 ], [ 109.74299201803035, -7.793441790784833, 0.0 ], [ 109.743004315689461, -7.79341899530919, 0.0 ], [ 109.742995704613563, -7.793392607435575, 0.0 ], [ 109.742994962215604, -7.793388718652787, 0.0 ], [ 109.742988156716649, -7.793363088110345, 0.0 ], [ 109.742969514824836, -7.793311014785083, 0.0 ], [ 109.742913968302162, -7.793155853374556, 0.0 ], [ 109.74280287535268, -7.792845531503259, 0.0 ], [ 109.742748277168715, -7.792693018864048, 0.0 ], [ 109.742707898555153, -7.792580226961315, 0.0 ], [ 109.742703551456898, -7.79256837797598, 0.0 ], [ 109.742691776235631, -7.792537320783833, 0.0 ], [ 109.742686968000726, -7.792529125335233, 0.0 ], [ 109.742682198746095, -7.792524291444367, 0.0 ], [ 109.742612801031271, -7.792468226233464, 0.0 ], [ 109.742474004979428, -7.792356095783801, 0.0 ], [ 109.742412418853718, -7.79230634136072, 0.0 ], [ 109.742408934706702, -7.792303526583236, 0.0 ], [ 109.74237798148215, -7.792278520178861, 0.0 ], [ 109.742356544263615, -7.792261201445839, 0.0 ], [ 109.742335209340624, -7.79224396530094, 0.0 ], [ 109.74219641344466, -7.792131834782791, 0.0 ], [ 109.742188920568367, -7.792125781402384, 0.0 ], [ 109.742176378864457, -7.792119247747788, 0.0 ], [ 109.742155799171584, -7.792108937775792, 0.0 ], [ 109.742133000073579, -7.792096036671439, 0.0 ], [ 109.742077020332161, -7.792086142315134, 0.0 ], [ 109.742068040325648, -7.792084555085371, 0.0 ], [ 109.742022002662281, -7.792076417710676, 0.0 ], [ 109.742020363925775, -7.792076128060543, 0.0 ], [ 109.741909081131567, -7.792056458912875, 0.0 ], [ 109.741853101406207, -7.79204656423399, 0.0 ], [ 109.741829837706447, -7.792042242106226, 0.0 ], [ 109.741818112238022, -7.792039937090974, 0.0 ], [ 109.741797123782575, -7.792035966873414, 0.0 ], [ 109.741782966539958, -7.792033016765276, 0.0 ], [ 109.741747899643173, -7.792025520356705, 0.0 ], [ 109.741741149949462, -7.792024101361264, 0.0 ], [ 109.741736738264137, -7.792023154056321, 0.0 ], [ 109.741715947294054, -7.792018689621943, 0.0 ], [ 109.741685176579352, -7.792012082222183, 0.0 ], [ 109.741676888630437, -7.792010302569135, 0.0 ], [ 109.74164438762628, -7.792003323638158, 0.0 ], [ 109.741605839260544, -7.791995046284298, 0.0 ], [ 109.741598212172633, -7.791993408560876, 0.0 ], [ 109.74157322985134, -7.791988044162961, 0.0 ], [ 109.741517256494305, -7.791976024970794, 0.0 ], [ 109.741505861511769, -7.79197357815005, 0.0 ], [ 109.741463740619366, -7.791964533752867, 0.0 ], [ 109.741459686004418, -7.791963663116789, 0.0 ], [ 109.741413510703239, -7.791953747881849, 0.0 ], [ 109.741405309792086, -7.791951986925256, 0.0 ], [ 109.741349336447811, -7.791939967780452, 0.0 ], [ 109.741321641816526, -7.791934020988571, 0.0 ], [ 109.74129336310753, -7.791927948745291, 0.0 ], [ 109.741272201832587, -7.791926761186238, 0.0 ], [ 109.741258376949645, -7.791926574652167, 0.0 ], [ 109.741237361237467, -7.791925482370891, 0.0 ], [ 109.741209336432647, -7.791932240355238, 0.0 ], [ 109.741181311627344, -7.791938998305261, 0.0 ], [ 109.741125262015316, -7.791952514050229, 0.0 ], [ 109.741090189887927, -7.791960971475363, 0.0 ], [ 109.741073339793701, -7.791965034780469, 0.0 ], [ 109.741069212399992, -7.791966030065708, 0.0 ], [ 109.741013162782991, -7.79197954579466, 0.0 ], [ 109.740988174811335, -7.791985571417347, 0.0 ], [ 109.74098329613318, -7.791986747857998, 0.0 ], [ 109.740938274404655, -7.791997604494587, 0.0 ], [ 109.74091394233163, -7.792003471905228, 0.0 ], [ 109.740901063540775, -7.792006577507122, 0.0 ], [ 109.740892696567144, -7.792007903192294, 0.0 ], [ 109.740861363581388, -7.792016150683378, 0.0 ], [ 109.740848230719024, -7.792019317524893, 0.0 ], [ 109.740845013916328, -7.792020093231527, 0.0 ], [ 109.740841618189421, -7.792019480454941, 0.0 ], [ 109.740837723435703, -7.792016080424827, 0.0 ], [ 109.740813469235732, -7.791991693946317, 0.0 ], [ 109.740810228899377, -7.791981190940758, 0.0 ], [ 109.740800007109627, -7.791960109123143, 0.0 ], [ 109.740789323397479, -7.791913430151316, 0.0 ], [ 109.740774420004541, -7.791848314663718, 0.0 ], [ 109.740769933124525, -7.791828710515661, 0.0 ], [ 109.740766831250085, -7.791815157668892, 0.0 ], [ 109.740756441867958, -7.791769764418215, 0.0 ], [ 109.740753288052716, -7.791755984616962, 0.0 ], [ 109.740748833154782, -7.791736520205015, 0.0 ], [ 109.740736642832516, -7.791683258562334, 0.0 ], [ 109.740735663101958, -7.791678977926591, 0.0 ], [ 109.740734036000433, -7.791671868853846, 0.0 ], [ 109.740723246067816, -7.791624725745721, 0.0 ], [ 109.74071999760055, -7.791610532494793, 0.0 ], [ 109.740714884351263, -7.791588191422138, 0.0 ], [ 109.740704494976654, -7.791542798171522, 0.0 ], [ 109.740703352543363, -7.791537806596128, 0.0 ], [ 109.740697659236133, -7.791512931287184, 0.0 ], [ 109.740684865700601, -7.79145703405752, 0.0 ], [ 109.740683716213056, -7.791452011692911, 0.0 ], [ 109.740678748645735, -7.791430307559806, 0.0 ], [ 109.740672072164202, -7.791401136827944, 0.0 ], [ 109.740670062114219, -7.791392354474032, 0.0 ], [ 109.74066293748983, -7.791361225175558, 0.0 ], [ 109.740653417080992, -7.791319628588454, 0.0 ], [ 109.740652548116373, -7.79131583193143, 0.0 ], [ 109.740646485353764, -7.791289342369451, 0.0 ], [ 109.740633691827298, -7.791233445139918, 0.0 ], [ 109.740631769361471, -7.791225045459382, 0.0 ], [ 109.740621379933131, -7.791179652273387, 0.0 ], [ 109.740620126662421, -7.791174176450276, 0.0 ], [ 109.740610990665729, -7.791134258929211, 0.0 ], [ 109.740608104958795, -7.791121650681301, 0.0 ], [ 109.740595311379906, -7.791065753451632, 0.0 ], [ 109.740590211844633, -7.791043472531435, 0.0 ], [ 109.740586836433224, -7.791028724490831, 0.0 ], [ 109.74058251798715, -7.791009856222451, 0.0 ], [ 109.740577764513276, -7.791000119549396, 0.0 ], [ 109.740568066472875, -7.790983189478663, 0.0 ], [ 109.740557417098387, -7.790964598689629, 0.0 ], [ 109.740550275495991, -7.790953901184964, 0.0 ], [ 109.740512235558271, -7.790923564510108, 0.0 ], [ 109.740456359639694, -7.790879003934456, 0.0 ], [ 109.740288731959396, -7.79074532150687, 0.0 ], [ 109.740283140941116, -7.790735276300907, 0.0 ], [ 109.740281199591209, -7.790729664529515, 0.0 ], [ 109.740278601816485, -7.790719476728356, 0.0 ], [ 109.740270705028465, -7.79069191203448, 0.0 ], [ 109.740266457228046, -7.790673761504053, 0.0 ], [ 109.740261061702711, -7.790645852740758, 0.0 ], [ 109.740255651924429, -7.79061787018309, 0.0 ], [ 109.740234185993671, -7.790506836245624, 0.0 ], [ 109.740180014488743, -7.790226630936055, 0.0 ], [ 109.740180026251906, -7.79022487885543, 0.0 ], [ 109.74017996862446, -7.79017230953793, 0.0 ], [ 109.740179979039908, -7.790170771633156, 0.0 ], [ 109.740181062539349, -7.790114915656561, 0.0 ], [ 109.740182146137016, -7.79005905968006, 0.0 ], [ 109.740184313128438, -7.789947347725947, 0.0 ], [ 109.74018441568191, -7.789942061255578, 0.0 ], [ 109.740184854881605, -7.789919419737294, 0.0 ], [ 109.740185396634402, -7.78989149174864, 0.0 ], [ 109.740186346073855, -7.78984255076287, 0.0 ], [ 109.740186480216835, -7.789835635771375, 0.0 ], [ 109.740188647199602, -7.789723923815719, 0.0 ], [ 109.740188821858709, -7.789714920207325, 0.0 ], [ 109.740189544224165, -7.789677680850634, 0.0 ], [ 109.740189923392066, -7.789658134951218, 0.0 ], [ 109.740190610349103, -7.789622724287576, 0.0 ], [ 109.740190814276161, -7.789612211859541, 0.0 ], [ 109.740192981247105, -7.789500499902386, 0.0 ], [ 109.740193228014235, -7.789487779152616, 0.0 ], [ 109.740193808488485, -7.789457854376361, 0.0 ], [ 109.740194329547748, -7.789430993889266, 0.0 ], [ 109.740194874598373, -7.789402897806046, 0.0 ], [ 109.740195148311869, -7.789388787944742, 0.0 ], [ 109.740197315270976, -7.789277075985997, 0.0 ], [ 109.740197634142262, -7.789260638094792, 0.0 ], [ 109.740198072726798, -7.789238027899104, 0.0 ], [ 109.740198398777935, -7.789221220006444, 0.0 ], [ 109.740199482255363, -7.789165364026563, 0.0 ], [ 109.740199837179887, -7.789147067585685, 0.0 ], [ 109.740200204856052, -7.789128114675598, 0.0 ], [ 109.740200565796783, -7.789109508046767, 0.0 ], [ 109.740201649271256, -7.789053652066539, 0.0 ], [ 109.740202040245848, -7.789033497037011, 0.0 ], [ 109.740202336945387, -7.789018201422121, 0.0 ], [ 109.74020273277857, -7.7889977960862, 0.0 ], [ 109.740203816250087, -7.788941940105619, 0.0 ], [ 109.740204358014878, -7.788914012115328, 0.0 ], [ 109.740204899779329, -7.78888608412499, 0.0 ], [ 109.740207066711875, -7.788774372162824, 0.0 ], [ 109.740207608465141, -7.7887464441722, 0.0 ], [ 109.740208691979873, -7.788690588190835, 0.0 ], [ 109.74020923373827, -7.788662660200174, 0.0 ], [ 109.740211400658993, -7.788550948236402, 0.0 ] ] ] } },
{ "type": "Feature", "properties": { "Join_Count": 1, "TARGET_FID": 34, "JOIN_FID": 101, "Id": 101, "Contour": 200.0, "Shape_Leng": 911.98075406800001, "Skor": 1.0, "Shape_Le_1": 1328.0734683200001, "Shape_Area": 28592.649854 }, "geometry": { "type": "Polygon", "coordinates": [ [ [ 109.742539415912489, -7.787285301018106, 0.0 ], [ 109.742668562161313, -7.787329340729932, 0.0 ], [ 109.742763222950742, -7.787361620683729, 0.0 ], [ 109.742781077107992, -7.787367709053242, 0.0 ], [ 109.742819174725696, -7.787380700534277, 0.0 ], [ 109.742833806529632, -7.787385690066738, 0.0 ], [ 109.74298703008678, -7.787437940227577, 0.0 ], [ 109.742990425480585, -7.787438625395381, 0.0 ], [ 109.7430015110032, -7.787442046640634, 0.0 ], [ 109.743033679565173, -7.787451436130262, 0.0 ], [ 109.743042989341134, -7.787454519240495, 0.0 ], [ 109.743057740931405, -7.787456932783823, 0.0 ], [ 109.743081580130522, -7.787459640257892, 0.0 ], [ 109.743098973213989, -7.787462841306984, 0.0 ], [ 109.74321095032677, -7.78747634616277, 0.0 ], [ 109.743223415940108, -7.787486102485625, 0.0 ], [ 109.743231406398451, -7.787498587537013, 0.0 ], [ 109.743241080671936, -7.787524283023958, 0.0 ], [ 109.743243571042711, -7.787531320708708, 0.0 ], [ 109.743252017185128, -7.787554507909404, 0.0 ], [ 109.743255802331078, -7.787565381384817, 0.0 ], [ 109.743266601182469, -7.787596402849774, 0.0 ], [ 109.743271482384685, -7.787610424885198, 0.0 ], [ 109.743270107080349, -7.787613969572053, 0.0 ], [ 109.743250058454905, -7.787649881017549, 0.0 ], [ 109.743237402697176, -7.787666183116979, 0.0 ], [ 109.743210321002735, -7.787687481626799, 0.0 ], [ 109.743154180679554, -7.787731633472443, 0.0 ], [ 109.743129563016666, -7.787746231226812, 0.0 ], [ 109.743125195008531, -7.787748711411212, 0.0 ], [ 109.743098066620306, -7.787766971085326, 0.0 ], [ 109.743089408384478, -7.787768833259455, 0.0 ], [ 109.7430434235945, -7.787778723494233, 0.0 ], [ 109.742997438750365, -7.7877886136685, 0.0 ], [ 109.742985977307015, -7.787791078746113, 0.0 ], [ 109.742481575295457, -7.787899562532409, 0.0 ], [ 109.742459796676769, -7.787909006405632, 0.0 ], [ 109.742451037862111, -7.787912730501046, 0.0 ], [ 109.742425493235032, -7.787924149397165, 0.0 ], [ 109.742357766295797, -7.787998729795565, 0.0 ], [ 109.742336608207907, -7.788022028896038, 0.0 ], [ 109.74230998593022, -7.788051345150007, 0.0 ], [ 109.742256913275071, -7.78810978822402, 0.0 ], [ 109.742155406695517, -7.788221566332055, 0.0 ], [ 109.742104816705364, -7.788277275445195, 0.0 ], [ 109.741953046880994, -7.788444402735485, 0.0 ], [ 109.741902456836499, -7.788500111815394, 0.0 ], [ 109.741877161846574, -7.788527966352333, 0.0 ], [ 109.741751172489856, -7.788666704221832, 0.0 ], [ 109.741700096747152, -7.788722948052428, 0.0 ], [ 109.741548326596686, -7.788890075143094, 0.0 ], [ 109.741498301588308, -7.788945161828044, 0.0 ], [ 109.741414011212186, -7.789037981037942, 0.0 ], [ 109.741404100771405, -7.789047368549165, 0.0 ], [ 109.741396556246002, -7.789057202158644, 0.0 ], [ 109.741357817607152, -7.789099860498317, 0.0 ], [ 109.741350413468965, -7.789105556960726, 0.0 ], [ 109.741345966126872, -7.789112911147271, 0.0 ], [ 109.741301623985592, -7.789161739877255, 0.0 ], [ 109.741297130600131, -7.789164151137833, 0.0 ], [ 109.741294691320661, -7.789168618094119, 0.0 ], [ 109.741270771396543, -7.789193731390648, 0.0 ], [ 109.741245430609766, -7.789223531332995, 0.0 ], [ 109.741244797682739, -7.78922369839559, 0.0 ], [ 109.741244317053685, -7.789224327707216, 0.0 ], [ 109.74121438592509, -7.789249212777587, 0.0 ], [ 109.74120521181473, -7.789264201771559, 0.0 ], [ 109.741194195616288, -7.789280038062986, 0.0 ], [ 109.741189236691739, -7.789285498736997, 0.0 ], [ 109.741171066937795, -7.789298053177678, 0.0 ], [ 109.741157740508754, -7.789304433375411, 0.0 ], [ 109.741155447456563, -7.78931353840885, 0.0 ], [ 109.741143605442772, -7.789335747018303, 0.0 ], [ 109.741133043019687, -7.789347378140175, 0.0 ], [ 109.741114038674226, -7.78935459127342, 0.0 ], [ 109.74109310770281, -7.789351640333791, 0.0 ], [ 109.741086512465301, -7.789381880877849, 0.0 ], [ 109.741080331937042, -7.789391418290002, 0.0 ], [ 109.741078588964726, -7.78939309997123, 0.0 ], [ 109.741076890877622, -7.789395345716048, 0.0 ], [ 109.741071840304969, -7.789396426921519, 0.0 ], [ 109.741059433340126, -7.789391356210606, 0.0 ], [ 109.741046705371232, -7.789365652464205, 0.0 ], [ 109.741042236942562, -7.789356628482642, 0.0 ], [ 109.741028208101127, -7.789328297401101, 0.0 ], [ 109.74102112494478, -7.789313993237501, 0.0 ], [ 109.741004031185625, -7.78927947319952, 0.0 ], [ 109.740991213197489, -7.789253587645114, 0.0 ], [ 109.740987103124368, -7.789245287357318, 0.0 ], [ 109.740972715935982, -7.789216232584232, 0.0 ], [ 109.740965451849675, -7.789201563031687, 0.0 ], [ 109.740955981262502, -7.789177130085838, 0.0 ], [ 109.740953744305685, -7.789167605381179, 0.0 ], [ 109.740950279415316, -7.789152316505325, 0.0 ], [ 109.740944479320262, -7.789132839838669, 0.0 ], [ 109.740940508974361, -7.789111706846852, 0.0 ], [ 109.740928965982462, -7.788999954123859, 0.0 ], [ 109.740927203204635, -7.788982887484699, 0.0 ], [ 109.740924691139327, -7.788958565808834, 0.0 ], [ 109.74092198516712, -7.788932367347354, 0.0 ], [ 109.740918235243356, -7.788896062589794, 0.0 ], [ 109.740917423278717, -7.78888820140186, 0.0 ], [ 109.740911651780905, -7.788832325040456, 0.0 ], [ 109.740905880576349, -7.788776448679946, 0.0 ], [ 109.740894337585573, -7.788664695957245, 0.0 ], [ 109.740892411651501, -7.788646049701114, 0.0 ], [ 109.740890676132224, -7.788629247330726, 0.0 ], [ 109.740885955823018, -7.788583546543947, 0.0 ], [ 109.740885458059211, -7.788578727232242, 0.0 ], [ 109.74088279488609, -7.788552943235445, 0.0 ], [ 109.740871251898142, -7.788441190512961, 0.0 ], [ 109.74086548069296, -7.788385314152602, 0.0 ], [ 109.740856823454237, -7.788301499610792, 0.0 ], [ 109.740854149027101, -7.78827560722606, 0.0 ], [ 109.740853676295643, -7.788271030385134, 0.0 ], [ 109.740848931040503, -7.788225087043732, 0.0 ], [ 109.740848166506169, -7.788217685069913, 0.0 ], [ 109.740836623522455, -7.788105932347628, 0.0 ], [ 109.740830852322503, -7.788050055987444, 0.0 ], [ 109.740819309340921, -7.787938303265298, 0.0 ], [ 109.740817622008009, -7.787921967048004, 0.0 ], [ 109.740814941170129, -7.787896011281264, 0.0 ], [ 109.740812403982801, -7.787871446907847, 0.0 ], [ 109.740808485275451, -7.787833508059435, 0.0 ], [ 109.74080776665059, -7.787826550544151, 0.0 ], [ 109.74080202930665, -7.787771004756504, 0.0 ], [ 109.740796223961652, -7.787714797823092, 0.0 ], [ 109.740784680984291, -7.787603045101232, 0.0 ], [ 109.74078266171675, -7.787583495172679, 0.0 ], [ 109.740781094984271, -7.787568326893502, 0.0 ], [ 109.740776205898868, -7.787520992022483, 0.0 ], [ 109.740775876914199, -7.787517806798647, 0.0 ], [ 109.740773138298209, -7.787491292380307, 0.0 ], [ 109.740767366812307, -7.78743541601951, 0.0 ], [ 109.740765440578002, -7.787416766799494, 0.0 ], [ 109.740763294199198, -7.787395985654009, 0.0 ], [ 109.740760222543202, -7.787366246669103, 0.0 ], [ 109.740756838326718, -7.787333482448735, 0.0 ], [ 109.740755824128314, -7.787323663298751, 0.0 ], [ 109.740749786133691, -7.787265206744308, 0.0 ], [ 109.740744567918469, -7.787214686791601, 0.0 ], [ 109.740743926409039, -7.7872084758628, 0.0 ], [ 109.740739349937897, -7.787164166612929, 0.0 ], [ 109.740738509961631, -7.787156034217346, 0.0 ], [ 109.740732738474733, -7.787100157856646, 0.0 ], [ 109.74073101477903, -7.787083469562821, 0.0 ], [ 109.740728913561995, -7.78706312665595, 0.0 ], [ 109.740724558949154, -7.787020966393403, 0.0 ], [ 109.740723695504201, -7.787012606551567, 0.0 ], [ 109.74072119579499, -7.786988405136157, 0.0 ], [ 109.740709652826794, -7.786876652414866, 0.0 ], [ 109.740735312459961, -7.786863677060092, 0.0 ], [ 109.740748398284367, -7.786863891594776, 0.0 ], [ 109.740758589547283, -7.78686662554277, 0.0 ], [ 109.740800777399102, -7.78687333143584, 0.0 ], [ 109.74080437622105, -7.786874144779365, 0.0 ], [ 109.740813594756062, -7.786876961153356, 0.0 ], [ 109.740846003520375, -7.78689134909078, 0.0 ], [ 109.740860332784862, -7.786891557004172, 0.0 ], [ 109.740880982985686, -7.786897774962069, 0.0 ], [ 109.74089220249499, -7.786901240273986, 0.0 ], [ 109.740916291244417, -7.786908336221919, 0.0 ], [ 109.741021233728745, -7.786940397363534, 0.0 ], [ 109.741064176426363, -7.786953516857619, 0.0 ], [ 109.741084163821881, -7.786959623253027, 0.0 ], [ 109.741140121358853, -7.786976718929695, 0.0 ], [ 109.741150061803367, -7.786979755856554, 0.0 ], [ 109.741168100129471, -7.786985266768743, 0.0 ], [ 109.741307994003733, -7.787028005861274, 0.0 ], [ 109.741321832678352, -7.787032233733055, 0.0 ], [ 109.741362411275247, -7.787044630989692, 0.0 ], [ 109.741552126774508, -7.787102591016112, 0.0 ], [ 109.741643739444783, -7.787130579628347, 0.0 ], [ 109.741665374511953, -7.787137189374728, 0.0 ], [ 109.741699697037902, -7.787147675254385, 0.0 ], [ 109.74181161224115, -7.787181866402305, 0.0 ], [ 109.741837145533097, -7.787189667075412, 0.0 ], [ 109.741839591045419, -7.787190414207776, 0.0 ], [ 109.741867569851067, -7.78719896202453, 0.0 ], [ 109.741923527466653, -7.787216057604454, 0.0 ], [ 109.741924367625629, -7.78721625283943, 0.0 ], [ 109.741966695317444, -7.787228310020977, 0.0 ], [ 109.741979491784846, -7.787230908463454, 0.0 ], [ 109.741997772324922, -7.787233872774737, 0.0 ], [ 109.742013641436813, -7.787237460445233, 0.0 ], [ 109.742035471773775, -7.787240508234558, 0.0 ], [ 109.742062056253985, -7.787242341965091, 0.0 ], [ 109.742091468881654, -7.787244370765292, 0.0 ], [ 109.742147465991678, -7.787248233317913, 0.0 ], [ 109.742169752052334, -7.787249770542893, 0.0 ], [ 109.742175464547529, -7.787250164578525, 0.0 ], [ 109.742222273653709, -7.787253393334034, 0.0 ], [ 109.74223146166095, -7.787254027087949, 0.0 ], [ 109.742259460218477, -7.787255958336681, 0.0 ], [ 109.742315457335124, -7.78725982086436, 0.0 ], [ 109.742371454454116, -7.78726368332652, 0.0 ], [ 109.742427451575168, -7.787267545839708, 0.0 ], [ 109.742483448698451, -7.787271408345681, 0.0 ], [ 109.742484724096101, -7.787271663424732, 0.0 ], [ 109.742529893056457, -7.787282575727865, 0.0 ], [ 109.742539415912489, -7.787285301018106, 0.0 ] ], [ [ 109.741800009517945, -7.787382622980702, 0.0 ], [ 109.741759822035775, -7.787377713690618, 0.0 ], [ 109.741755022352194, -7.787376662670908, 0.0 ], [ 109.741699064726674, -7.787359567089188, 0.0 ], [ 109.741672696737638, -7.787352703935015, 0.0 ], [ 109.741667966545549, -7.787351190893118, 0.0 ], [ 109.741643102301566, -7.787344081650033, 0.0 ], [ 109.741625491044829, -7.787343810817437, 0.0 ], [ 109.741589648366826, -7.78732613933516, 0.0 ], [ 109.741587149492418, -7.787325375902551, 0.0 ], [ 109.741586215155309, -7.787325196767312, 0.0 ], [ 109.741536326371389, -7.787320822919433, 0.0 ], [ 109.74153115826671, -7.787319544000246, 0.0 ], [ 109.741524623960856, -7.787319429087885, 0.0 ], [ 109.741513410599325, -7.787325913015651, 0.0 ], [ 109.741524953777315, -7.787437665748718, 0.0 ], [ 109.741530735005057, -7.787493638221633, 0.0 ], [ 109.741536496666853, -7.787549418481015, 0.0 ], [ 109.741537191086039, -7.787556141530837, 0.0 ], [ 109.741541153657153, -7.787594504361936, 0.0 ], [ 109.741543647092911, -7.787618644762129, 0.0 ], [ 109.741546371769928, -7.787645024510458, 0.0 ], [ 109.741548039557756, -7.787661171213366, 0.0 ], [ 109.741550607338425, -7.78768165388879, 0.0 ], [ 109.741552029339857, -7.787695108976355, 0.0 ], [ 109.741554909785719, -7.787717050841631, 0.0 ], [ 109.741560148489867, -7.787742753008995, 0.0 ], [ 109.741562381186341, -7.787749492439328, 0.0 ], [ 109.74156830636565, -7.787772949844896, 0.0 ], [ 109.741571822974294, -7.787786872238426, 0.0 ], [ 109.741585673868627, -7.787819802651786, 0.0 ], [ 109.741590165763341, -7.787828873971773, 0.0 ], [ 109.741617867106214, -7.787884815441048, 0.0 ], [ 109.741625668307933, -7.787900569715934, 0.0 ], [ 109.74164416554909, -7.787937924795839, 0.0 ], [ 109.741645567953768, -7.787940756908023, 0.0 ], [ 109.74167326930953, -7.787996698375758, 0.0 ], [ 109.741697020195247, -7.788044662922323, 0.0 ], [ 109.741699657793134, -7.788049989532945, 0.0 ], [ 109.741704881887685, -7.788060539416333, 0.0 ], [ 109.741718155252101, -7.788087344404811, 0.0 ], [ 109.741736652567056, -7.788124699428102, 0.0 ], [ 109.741752693397217, -7.788157093187269, 0.0 ], [ 109.741756372418237, -7.78816452277125, 0.0 ], [ 109.741784073298035, -7.788220464234338, 0.0 ], [ 109.741808366625705, -7.788269523303372, 0.0 ], [ 109.741810642343239, -7.788274119013988, 0.0 ], [ 109.741811774654892, -7.788276405698028, 0.0 ], [ 109.741837862053188, -7.788302826568949, 0.0 ], [ 109.741864248913501, -7.788311905732195, 0.0 ], [ 109.741873214118684, -7.788285450603554, 0.0 ], [ 109.741888774465636, -7.788276634252655, 0.0 ], [ 109.741904321242529, -7.788260633915617, 0.0 ], [ 109.741920418097649, -7.788258147410685, 0.0 ], [ 109.741935369664233, -7.788235758334654, 0.0 ], [ 109.741952115118934, -7.788220963013791, 0.0 ], [ 109.741962469944198, -7.788206921647549, 0.0 ], [ 109.741976591567223, -7.788202948087819, 0.0 ], [ 109.741994394232606, -7.788182924808106, 0.0 ], [ 109.742010668365324, -7.788165277554498, 0.0 ], [ 109.742018101060907, -7.788150683528959, 0.0 ], [ 109.74203278293254, -7.788141745966546, 0.0 ], [ 109.742062001599976, -7.788109570657819, 0.0 ], [ 109.742072459580655, -7.78809316864238, 0.0 ], [ 109.742088976302398, -7.788079866419815, 0.0 ], [ 109.742112591571271, -7.788053861547071, 0.0 ], [ 109.742127007695274, -7.78803584397737, 0.0 ], [ 109.742145169655501, -7.788017986859574, 0.0 ], [ 109.742264361179181, -7.787886734164124, 0.0 ], [ 109.742314951096134, -7.787831025020055, 0.0 ], [ 109.742426136169883, -7.787708588790998, 0.0 ], [ 109.742442660023158, -7.787703221614015, 0.0 ], [ 109.742459847404774, -7.787697465344766, 0.0 ], [ 109.742482199048368, -7.78769042326138, 0.0 ], [ 109.742650332984539, -7.787654262055657, 0.0 ], [ 109.742663407052163, -7.787651450154118, 0.0 ], [ 109.742687937214058, -7.787646174319671, 0.0 ], [ 109.742735145524662, -7.787636021011477, 0.0 ], [ 109.742762422265216, -7.787630154467816, 0.0 ], [ 109.742859831237524, -7.78760920428462, 0.0 ], [ 109.742839802932352, -7.787587955424464, 0.0 ], [ 109.742832887602333, -7.787567496868996, 0.0 ], [ 109.742825839125274, -7.78755324421656, 0.0 ], [ 109.742660594889685, -7.787496894867298, 0.0 ], [ 109.742594860421946, -7.787474478995374, 0.0 ], [ 109.742566884535265, -7.787464939049515, 0.0 ], [ 109.742527890570187, -7.787451641850814, 0.0 ], [ 109.742486091864151, -7.787437388197261, 0.0 ], [ 109.742482956884601, -7.787436319150213, 0.0 ], [ 109.742477957234385, -7.787435505129292, 0.0 ], [ 109.742439300781982, -7.787428084075829, 0.0 ], [ 109.742426978369309, -7.787426210255345, 0.0 ], [ 109.742370981227438, -7.787422347735504, 0.0 ], [ 109.74231498408767, -7.787418485250522, 0.0 ], [ 109.742258986950134, -7.787414622738836, 0.0 ], [ 109.742202989814871, -7.787410760200523, 0.0 ], [ 109.742174991248035, -7.787408828943275, 0.0 ], [ 109.742125136599441, -7.787405390107677, 0.0 ], [ 109.742111981102909, -7.787404482686378, 0.0 ], [ 109.742090995550811, -7.787403035160487, 0.0 ], [ 109.74203499842217, -7.787399172600485, 0.0 ], [ 109.741979001295576, -7.787395310091525, 0.0 ], [ 109.741867007049393, -7.787387584938549, 0.0 ], [ 109.741862354658281, -7.787387448404014, 0.0 ], [ 109.741812205856945, -7.787383852304704, 0.0 ], [ 109.741811009654668, -7.787383814475623, 0.0 ], [ 109.741809831953404, -7.787383826657443, 0.0 ], [ 109.741800009517945, -7.787382622980702, 0.0 ] ] ] } },
{ "type": "Feature", "properties": { "Join_Count": 1, "TARGET_FID": 35, "JOIN_FID": 40, "Id": 40, "Contour": 320.0, "Shape_Leng": 34.108992914200002, "Skor": 2.0, "Shape_Le_1": 5393.3599008399997, "Shape_Area": 79423.144854700004 }, "geometry": { "type": "Polygon", "coordinates": [ [ [ 109.735951533924293, -7.796518954896749, 0.0 ], [ 109.735903085707548, -7.796525574267695, 0.0 ], [ 109.735902685486977, -7.796525789953215, 0.0 ], [ 109.735900231404273, -7.796525964244051, 0.0 ], [ 109.73585185198381, -7.796530997713149, 0.0 ], [ 109.735063847220957, -7.796245944516065, 0.0 ], [ 109.734593432477595, -7.796301965370077, 0.0 ], [ 109.734076126955259, -7.795994145299095, 0.0 ], [ 109.733308270237345, -7.796030133330256, 0.0 ], [ 109.732091454047065, -7.795656593404856, 0.0 ], [ 109.732124908486426, -7.795508963802728, 0.0 ], [ 109.733359296578598, -7.795875374443219, 0.0 ], [ 109.734107988252376, -7.79582975792536, 0.0 ], [ 109.734703057931853, -7.796106759240732, 0.0 ], [ 109.734727768205886, -7.796097409777881, 0.0 ], [ 109.735022605997315, -7.796076470698465, 0.0 ], [ 109.735008781134809, -7.796075532888136, 0.0 ], [ 109.735007887665134, -7.796073714530571, 0.0 ], [ 109.734989797001788, -7.796038660639735, 0.0 ], [ 109.734993537609185, -7.796020524787284, 0.0 ], [ 109.73496892199276, -7.796003662923755, 0.0 ], [ 109.734952124525222, -7.795991639237177, 0.0 ], [ 109.734932504352955, -7.795984073472303, 0.0 ], [ 109.734915062070812, -7.795964431274712, 0.0 ], [ 109.734840345920787, -7.795911511973638, 0.0 ], [ 109.734838094865268, -7.79591059002206, 0.0 ], [ 109.734835861211167, -7.795908335583829, 0.0 ], [ 109.734756660373762, -7.795852239881312, 0.0 ], [ 109.73467745981111, -7.795796144168011, 0.0 ], [ 109.7345982590152, -7.795740048442333, 0.0 ], [ 109.734519058497099, -7.795683952705808, 0.0 ], [ 109.734360657019764, -7.795571761196624, 0.0 ], [ 109.734352947305979, -7.795556159891913, 0.0 ], [ 109.734330964284553, -7.795522260664856, 0.0 ], [ 109.734325547220706, -7.795515797201996, 0.0 ], [ 109.734337470857383, -7.795508306915734, 0.0 ], [ 109.734358131967568, -7.795495327891446, 0.0 ], [ 109.734367184970822, -7.795489640911055, 0.0 ], [ 109.734401525897312, -7.795468068482841, 0.0 ], [ 109.734414047406091, -7.795460202630338, 0.0 ], [ 109.734502547264498, -7.795404608035305, 0.0 ], [ 109.734504548402455, -7.795403350924572, 0.0 ], [ 109.734505817292913, -7.795402553780573, 0.0 ], [ 109.734531095044872, -7.795373958430454, 0.0 ], [ 109.734538704252103, -7.795348857013019, 0.0 ], [ 109.734534636583433, -7.795292985791098, 0.0 ], [ 109.734530568793076, -7.795237114568788, 0.0 ], [ 109.734526501124193, -7.795181243346879, 0.0 ], [ 109.73452243333675, -7.795125372124574, 0.0 ], [ 109.734518365667597, -7.795069500902581, 0.0 ], [ 109.734514297876814, -7.795013629680319, 0.0 ], [ 109.734513804162461, -7.795006848407435, 0.0 ], [ 109.734510471807056, -7.794961078440979, 0.0 ], [ 109.734510022368482, -7.794954905304079, 0.0 ], [ 109.734506240674378, -7.794902962103907, 0.0 ], [ 109.73450209462851, -7.794846016013652, 0.0 ], [ 109.734498026958832, -7.794790144791632, 0.0 ], [ 109.73449395916748, -7.794734273569218, 0.0 ], [ 109.734489891497631, -7.794678402347242, 0.0 ], [ 109.73448582370915, -7.794622531124839, 0.0 ], [ 109.734484068757652, -7.794598426458955, 0.0 ], [ 109.734483550154806, -7.794591303238228, 0.0 ], [ 109.734481755979843, -7.794566659902668, 0.0 ], [ 109.734477688247296, -7.794510788680427, 0.0 ], [ 109.734473620458516, -7.79445491745798, 0.0 ], [ 109.734469552788099, -7.794399046235957, 0.0 ], [ 109.734465484995994, -7.794343175013512, 0.0 ], [ 109.734461417325349, -7.794287303791457, 0.0 ], [ 109.734457349533017, -7.794231432568994, 0.0 ], [ 109.734453296181727, -7.7941757580233, 0.0 ], [ 109.734449514379989, -7.794123814926281, 0.0 ], [ 109.734449214072711, -7.794119690124427, 0.0 ], [ 109.734445146280052, -7.794063818901937, 0.0 ], [ 109.734441078608839, -7.794007947679766, 0.0 ], [ 109.734437010819079, -7.793952076457302, 0.0 ], [ 109.734432943147652, -7.793896205235177, 0.0 ], [ 109.734428875354581, -7.7938403340126, 0.0 ], [ 109.734424807682927, -7.793784462790494, 0.0 ], [ 109.734420739892741, -7.79372859156794, 0.0 ], [ 109.73441926035315, -7.793708269762447, 0.0 ], [ 109.734418060978641, -7.79369179637394, 0.0 ], [ 109.734415478581766, -7.793656326633054, 0.0 ], [ 109.734413660491356, -7.793631354400024, 0.0 ], [ 109.734411696857208, -7.793604383455201, 0.0 ], [ 109.734409259938673, -7.793570912361128, 0.0 ], [ 109.734407915073135, -7.793552440341983, 0.0 ], [ 109.734404859472875, -7.793510470406627, 0.0 ], [ 109.734404468961486, -7.793505106678437, 0.0 ], [ 109.734404237292097, -7.793500394123778, 0.0 ], [ 109.734400479652152, -7.793450049171715, 0.0 ], [ 109.734400437555038, -7.793449235564559, 0.0 ], [ 109.734400420577558, -7.793448485634926, 0.0 ], [ 109.734399695542024, -7.793439543350008, 0.0 ], [ 109.73439633349831, -7.793393364233578, 0.0 ], [ 109.734392265704244, -7.793337493011016, 0.0 ], [ 109.734391657875719, -7.793329144354853, 0.0 ], [ 109.734389006351492, -7.793292724562562, 0.0 ], [ 109.734387257400059, -7.793268702393831, 0.0 ], [ 109.734385224569962, -7.793240781442801, 0.0 ], [ 109.734382856855916, -7.793208260364587, 0.0 ], [ 109.73438144284151, -7.793188838274594, 0.0 ], [ 109.734378456358257, -7.793147818380833, 0.0 ], [ 109.73437766107547, -7.793136895138692, 0.0 ], [ 109.734375994773032, -7.793114008121214, 0.0 ], [ 109.734374502893914, -7.793087824909914, 0.0 ], [ 109.734374362587076, -7.793084472900737, 0.0 ], [ 109.7343728106447, -7.79305813953872, 0.0 ], [ 109.734372205677161, -7.793030918945559, 0.0 ], [ 109.73437208225333, -7.793029369342523, 0.0 ], [ 109.734371399208996, -7.793002276252365, 0.0 ], [ 109.734370753526505, -7.792976666321301, 0.0 ], [ 109.734370292510718, -7.792971546763265, 0.0 ], [ 109.734369563575257, -7.792946411698535, 0.0 ], [ 109.734368879770926, -7.792922831657224, 0.0 ], [ 109.73436787229133, -7.792913091617985, 0.0 ], [ 109.734367106556931, -7.792890545288249, 0.0 ], [ 109.734366395251556, -7.792869602479084, 0.0 ], [ 109.734364458448397, -7.792853639561695, 0.0 ], [ 109.734363685682865, -7.792834675998241, 0.0 ], [ 109.734362977578442, -7.792817298394843, 0.0 ], [ 109.734359342999724, -7.792792480259362, 0.0 ], [ 109.734358651086353, -7.792778801886971, 0.0 ], [ 109.734358029359001, -7.792766511633543, 0.0 ], [ 109.734350935080784, -7.792728017585525, 0.0 ], [ 109.734350597895343, -7.792722918757454, 0.0 ], [ 109.734350400738379, -7.792718382122943, 0.0 ], [ 109.73434592338883, -7.792694782778216, 0.0 ], [ 109.734344424795111, -7.792668614213572, 0.0 ], [ 109.734344321118201, -7.792667040935104, 0.0 ], [ 109.734344050570286, -7.792665083360013, 0.0 ], [ 109.734345980890538, -7.792611379322142, 0.0 ], [ 109.734345940487387, -7.792611186703309, 0.0 ], [ 109.734345838549416, -7.792610850357599, 0.0 ], [ 109.734346182194173, -7.792608619860145, 0.0 ], [ 109.734355575856966, -7.792564593022172, 0.0 ], [ 109.734356937785492, -7.792555360488222, 0.0 ], [ 109.734356970509722, -7.792544792383662, 0.0 ], [ 109.73434644167753, -7.792522230225148, 0.0 ], [ 109.734331385325902, -7.792514464344362, 0.0 ], [ 109.734309909528605, -7.792518775392478, 0.0 ], [ 109.734290453734104, -7.79251516315426, 0.0 ], [ 109.734284021060219, -7.792505727273519, 0.0 ], [ 109.734276509781424, -7.79249926113054, 0.0 ], [ 109.734257742241383, -7.792476086880556, 0.0 ], [ 109.734234647607011, -7.792447569738148, 0.0 ], [ 109.734232966996913, -7.792444955907141, 0.0 ], [ 109.734231162702997, -7.792443266576698, 0.0 ], [ 109.734185816025857, -7.79238727202092, 0.0 ], [ 109.734095142213434, -7.792275307949362, 0.0 ], [ 109.734049775284973, -7.792219288332912, 0.0 ], [ 109.733959081253062, -7.792107299191462, 0.0 ], [ 109.733913734645711, -7.792051304617302, 0.0 ], [ 109.733899834848359, -7.792034141110088, 0.0 ], [ 109.733882485979265, -7.792012718757324, 0.0 ], [ 109.733868387660422, -7.791995310038947, 0.0 ], [ 109.733777693721635, -7.791883320872937, 0.0 ], [ 109.733732428706176, -7.791827426976325, 0.0 ], [ 109.733641653294953, -7.791715337102193, 0.0 ], [ 109.733596306769073, -7.791659342506625, 0.0 ], [ 109.733505612973048, -7.791547353303883, 0.0 ], [ 109.73348996521284, -7.791528031273415, 0.0 ], [ 109.73348221343096, -7.791518459275823, 0.0 ], [ 109.733457196354507, -7.791487568119871, 0.0 ], [ 109.733453418820929, -7.791482903572303, 0.0 ], [ 109.733414919613139, -7.791435364090105, 0.0 ], [ 109.733324225907069, -7.791323374862906, 0.0 ], [ 109.733278879462631, -7.79126738024585, 0.0 ], [ 109.733233532640256, -7.791211385624632, 0.0 ], [ 109.733232114470994, -7.791209476666425, 0.0 ], [ 109.733209106225786, -7.791176594059823, 0.0 ], [ 109.733196356902042, -7.791157235666264, 0.0 ], [ 109.733269, -7.790809, 0.0 ], [ 109.733323418497875, -7.790539499773059, 0.0 ], [ 109.733324497348477, -7.790541348935255, 0.0 ], [ 109.733344129430435, -7.790574998923476, 0.0 ], [ 109.733352335687385, -7.790589064744074, 0.0 ], [ 109.733357143583916, -7.790597305575084, 0.0 ], [ 109.733389789824088, -7.790653262213584, 0.0 ], [ 109.733393506897784, -7.79065963335323, 0.0 ], [ 109.73339985130616, -7.790670507894018, 0.0 ], [ 109.733422436072175, -7.790709218850924, 0.0 ], [ 109.733455263911935, -7.790765486085642, 0.0 ], [ 109.733475849471816, -7.79080077044611, 0.0 ], [ 109.73348772896594, -7.790821132122747, 0.0 ], [ 109.733511295128295, -7.79086152519255, 0.0 ], [ 109.733517020719788, -7.790871339049225, 0.0 ], [ 109.733520375237617, -7.79087708875625, 0.0 ], [ 109.733553021517224, -7.790933045388468, 0.0 ], [ 109.73355819197721, -7.790941907650363, 0.0 ], [ 109.733567017072843, -7.79095703415528, 0.0 ], [ 109.733585667804661, -7.790989002019403, 0.0 ], [ 109.733618314474015, -7.791044958650224, 0.0 ], [ 109.733620016522778, -7.79104769350137, 0.0 ], [ 109.7336227412558, -7.791051805803996, 0.0 ], [ 109.733642287877544, -7.791081306647938, 0.0 ], [ 109.733656119765016, -7.791100930697001, 0.0 ], [ 109.73370146664449, -7.79115692528045, 0.0 ], [ 109.733746813139788, -7.791212919859641, 0.0 ], [ 109.733837506953719, -7.791324909011148, 0.0 ], [ 109.733841281087706, -7.791329569348636, 0.0 ], [ 109.733845925397702, -7.791335304141882, 0.0 ], [ 109.733882853876636, -7.791380903582318, 0.0 ], [ 109.733928200421559, -7.791436898149228, 0.0 ], [ 109.734013331446178, -7.791542018212983, 0.0 ], [ 109.734018980307226, -7.791543250107828, 0.0 ], [ 109.734026835396094, -7.791548911003708, 0.0 ], [ 109.734051510166267, -7.791566693378591, 0.0 ], [ 109.734069163591457, -7.791600904707146, 0.0 ], [ 109.73411985192773, -7.791493329853062, 0.0 ], [ 109.734121658173635, -7.791489496448972, 0.0 ], [ 109.734125531974371, -7.791481275197773, 0.0 ], [ 109.734172418504343, -7.79138176876422, 0.0 ], [ 109.734175433709424, -7.791375369583119, 0.0 ], [ 109.734193358941809, -7.791337327353509, 0.0 ], [ 109.73419870178239, -7.791325988215466, 0.0 ], [ 109.734224985052521, -7.791270207663802, 0.0 ], [ 109.734229209212188, -7.791261242705075, 0.0 ], [ 109.734247134433559, -7.79122320047145, 0.0 ], [ 109.734251268314807, -7.791214427109315, 0.0 ], [ 109.734294636905318, -7.791122386586702, 0.0 ], [ 109.734300909892255, -7.791109073577255, 0.0 ], [ 109.734303834815648, -7.791102865991552, 0.0 ], [ 109.734329079292252, -7.791081309495403, 0.0 ], [ 109.734350815949441, -7.791065757908142, 0.0 ], [ 109.734361676393846, -7.791057987798233, 0.0 ], [ 109.734379713958575, -7.791047233570064, 0.0 ], [ 109.734491061432976, -7.790991479823938, 0.0 ], [ 109.734575201387472, -7.790949349105099, 0.0 ], [ 109.734584037378994, -7.790944924756479, 0.0 ], [ 109.734621288544503, -7.790926272549315, 0.0 ], [ 109.734631294681222, -7.790921262285162, 0.0 ], [ 109.734712402243289, -7.790880649906076, 0.0 ], [ 109.734823298511145, -7.790825121951001, 0.0 ], [ 109.734855667793511, -7.79080891390507, 0.0 ], [ 109.734882045633512, -7.790795705985436, 0.0 ], [ 109.734888799317915, -7.790792324311125, 0.0 ], [ 109.734911761054562, -7.790780826970557, 0.0 ], [ 109.734922487808532, -7.790780255350851, 0.0 ], [ 109.734960804155094, -7.790776633172517, 0.0 ], [ 109.734967783807136, -7.790776229216367, 0.0 ], [ 109.735023754899757, -7.790788843762124, 0.0 ], [ 109.735079725995774, -7.790801458663853, 0.0 ], [ 109.735135697097391, -7.790814073195931, 0.0 ], [ 109.735191668202376, -7.790826688083789, 0.0 ], [ 109.735237057519356, -7.79083691776033, 0.0 ], [ 109.735264289523457, -7.790843055311252, 0.0 ], [ 109.735282828840965, -7.790847233752651, 0.0 ], [ 109.73532860026242, -7.790857549646759, 0.0 ], [ 109.735336309715365, -7.790859287222486, 0.0 ], [ 109.735374371611897, -7.790867865610578, 0.0 ], [ 109.735408329740693, -7.790875518950303, 0.0 ], [ 109.735415552669366, -7.790877146841456, 0.0 ], [ 109.735419411939105, -7.790878906287494, 0.0 ], [ 109.735423745773772, -7.790882773429034, 0.0 ], [ 109.735421951650977, -7.790889185959496, 0.0 ], [ 109.735418314896222, -7.790935686307067, 0.0 ], [ 109.735417716211373, -7.790938614531009, 0.0 ], [ 109.735358841244391, -7.79111124833141, 0.0 ], [ 109.735345938577012, -7.791149081779852, 0.0 ], [ 109.735341593140419, -7.791161823719158, 0.0 ], [ 109.735322562457213, -7.791217626011989, 0.0 ], [ 109.735317466421876, -7.791232568899202, 0.0 ], [ 109.735303531777205, -7.791273428302985, 0.0 ], [ 109.735303230253763, -7.791274312369715, 0.0 ], [ 109.735302335035684, -7.791276936899552, 0.0 ], [ 109.735288992118399, -7.791316053870847, 0.0 ], [ 109.735284496765132, -7.791329230579334, 0.0 ], [ 109.735265450392973, -7.791385032819964, 0.0 ], [ 109.735260503914446, -7.79139952490731, 0.0 ], [ 109.735246403628182, -7.791440835057595, 0.0 ], [ 109.73524582909468, -7.791442518315978, 0.0 ], [ 109.735227357237576, -7.791496637294624, 0.0 ], [ 109.735217576150106, -7.791525293690954, 0.0 ], [ 109.735208310585264, -7.791552439528981, 0.0 ], [ 109.735189233988265, -7.791608329857709, 0.0 ], [ 109.735175034037781, -7.791649932789138, 0.0 ], [ 109.735170217521045, -7.79166404399319, 0.0 ], [ 109.73515117097827, -7.791719846222533, 0.0 ], [ 109.735146544026733, -7.791733402048929, 0.0 ], [ 109.735118054145005, -7.791816871450928, 0.0 ], [ 109.735103554502572, -7.791859351787754, 0.0 ], [ 109.735103041097233, -7.791860855962224, 0.0 ], [ 109.735094031194791, -7.791887252899443, 0.0 ], [ 109.735075319155371, -7.791942075403383, 0.0 ], [ 109.735074984749119, -7.791943055121981, 0.0 ], [ 109.735055938178931, -7.791998857342323, 0.0 ], [ 109.735046829096603, -7.792025544649076, 0.0 ], [ 109.735045579198427, -7.792029206583256, 0.0 ], [ 109.735036891481059, -7.792054659560461, 0.0 ], [ 109.735019805168704, -7.792104718966343, 0.0 ], [ 109.735017845013985, -7.792110461777528, 0.0 ], [ 109.735016848343861, -7.792113381771417, 0.0 ], [ 109.735004093987385, -7.792150748521347, 0.0 ], [ 109.734998798179319, -7.792166263991673, 0.0 ], [ 109.734979751715571, -7.792222066205189, 0.0 ], [ 109.73497724855234, -7.792235867856933, 0.0 ], [ 109.734967147958571, -7.792274037777792, 0.0 ], [ 109.73496634613717, -7.79227788526056, 0.0 ], [ 109.734963184992225, -7.792308263162809, 0.0 ], [ 109.734960823216838, -7.792331441802688, 0.0 ], [ 109.73496053520698, -7.792333726992633, 0.0 ], [ 109.734847838498041, -7.79341671149911, 0.0 ], [ 109.734844638419773, -7.793447463097354, 0.0 ], [ 109.734844315978577, -7.793450561536124, 0.0 ], [ 109.734815260780863, -7.793729770141932, 0.0 ], [ 109.734812963558127, -7.793751844639186, 0.0 ], [ 109.734811610449242, -7.793764847493796, 0.0 ], [ 109.73480944958358, -7.793785611861264, 0.0 ], [ 109.734675795778941, -7.795069971288877, 0.0 ], [ 109.734675873206555, -7.79507100002956, 0.0 ], [ 109.734685393551459, -7.795115203333784, 0.0 ], [ 109.734685975968432, -7.795125860775168, 0.0 ], [ 109.734686754461279, -7.795137944183317, 0.0 ], [ 109.734691587337309, -7.795164755316473, 0.0 ], [ 109.734692429009954, -7.795181739125798, 0.0 ], [ 109.734693363862519, -7.79520060235544, 0.0 ], [ 109.734695640892511, -7.795216429026163, 0.0 ], [ 109.73469648947345, -7.795237610328049, 0.0 ], [ 109.734697414182151, -7.795260692988194, 0.0 ], [ 109.734698447674432, -7.795269338736382, 0.0 ], [ 109.734699255623823, -7.79529347766326, 0.0 ], [ 109.734700124624581, -7.795319439306834, 0.0 ], [ 109.734700489003018, -7.795323007282273, 0.0 ], [ 109.734701243023423, -7.795349342671689, 0.0 ], [ 109.734702039501059, -7.795377162414201, 0.0 ], [ 109.734702031739261, -7.795377379643708, 0.0 ], [ 109.734702725275412, -7.795405206170732, 0.0 ], [ 109.734703381253482, -7.795431524485647, 0.0 ], [ 109.734703280565597, -7.795434659519693, 0.0 ], [ 109.734703861453369, -7.795461068635758, 0.0 ], [ 109.734702785781025, -7.795487807036446, 0.0 ], [ 109.734702929239958, -7.795490333950996, 0.0 ], [ 109.734701638520988, -7.795516921064201, 0.0 ], [ 109.734698739735293, -7.795542157511261, 0.0 ], [ 109.734695182883058, -7.795551036428391, 0.0 ], [ 109.734691016799218, -7.795572748398062, 0.0 ], [ 109.734729262921192, -7.795599837063188, 0.0 ], [ 109.734747827709597, -7.795610231171028, 0.0 ], [ 109.734770217579296, -7.795628844103743, 0.0 ], [ 109.734841044296672, -7.79567900883051, 0.0 ], [ 109.734845104684112, -7.795680871854377, 0.0 ], [ 109.734849418129272, -7.795684939797042, 0.0 ], [ 109.734896935001203, -7.795718594644015, 0.0 ], [ 109.734910215237662, -7.795727708656794, 0.0 ], [ 109.734928618957042, -7.795741035479614, 0.0 ], [ 109.735008716443687, -7.795797766218064, 0.0 ], [ 109.735041112754857, -7.795820711716332, 0.0 ], [ 109.735064607181087, -7.795837352169683, 0.0 ], [ 109.735166221315453, -7.795909322456943, 0.0 ], [ 109.735245421976828, -7.79596541809235, 0.0 ], [ 109.735403823871309, -7.796077609330088, 0.0 ], [ 109.735455842656322, -7.796114452743483, 0.0 ], [ 109.735467088510191, -7.796122417873813, 0.0 ], [ 109.735483788068123, -7.796134245669414, 0.0 ], [ 109.735562225605605, -7.796189800520674, 0.0 ], [ 109.735641426381548, -7.796245896098225, 0.0 ], [ 109.735720627429089, -7.796301991664939, 0.0 ], [ 109.735729183465395, -7.796308126942756, 0.0 ], [ 109.735735296900089, -7.796312381578559, 0.0 ], [ 109.735799828498912, -7.796358087220105, 0.0 ], [ 109.735826721601953, -7.79637850888676, 0.0 ], [ 109.735847078675263, -7.796391553083222, 0.0 ], [ 109.735860297467809, -7.796400915570714, 0.0 ], [ 109.735879029338605, -7.796414182762917, 0.0 ], [ 109.735887921751285, -7.796429222405593, 0.0 ], [ 109.735902953131003, -7.796436619014526, 0.0 ], [ 109.73592185735167, -7.796451272469529, 0.0 ], [ 109.735957894601569, -7.796470277292268, 0.0 ], [ 109.735956830050426, -7.796472294400474, 0.0 ], [ 109.735951533924293, -7.796518954896749, 0.0 ] ] ] } },
{ "type": "Feature", "properties": { "Join_Count": 1, "TARGET_FID": 36, "JOIN_FID": 61, "Id": 61, "Contour": 240.0, "Shape_Leng": 1640.5552573, "Skor": 2.0, "Shape_Le_1": 2552.5360113699999, "Shape_Area": 33165.4303611 }, "geometry": { "type": "Polygon", "coordinates": [ [ [ 109.743405940468648, -7.787474032958967, 0.0 ], [ 109.743318706982649, -7.787786123088731, 0.0 ], [ 109.743265911948924, -7.787827644020288, 0.0 ], [ 109.7432097716096, -7.787871795799731, 0.0 ], [ 109.743153631258707, -7.787915947641004, 0.0 ], [ 109.743097490896758, -7.787960099401621, 0.0 ], [ 109.743069659104322, -7.787973122556774, 0.0 ], [ 109.743068683848676, -7.78797366900978, 0.0 ], [ 109.743041398482134, -7.787988164267365, 0.0 ], [ 109.742929309107382, -7.788012271834966, 0.0 ], [ 109.74291409472626, -7.788015544069922, 0.0 ], [ 109.742893076789187, -7.788020064516191, 0.0 ], [ 109.742855547914388, -7.788028136024982, 0.0 ], [ 109.742817219724017, -7.788036379455124, 0.0 ], [ 109.742480951525039, -7.78810870187902, 0.0 ], [ 109.742479563265476, -7.788109427249374, 0.0 ], [ 109.742443388289175, -7.788129159460349, 0.0 ], [ 109.742424850281822, -7.78813971000438, 0.0 ], [ 109.742349991639614, -7.788222143719913, 0.0 ], [ 109.742299401671403, -7.788277852860376, 0.0 ], [ 109.742147631909617, -7.788444980232631, 0.0 ], [ 109.742097041887078, -7.788500689339861, 0.0 ], [ 109.742031496569908, -7.788572867105804, 0.0 ], [ 109.741945271965406, -7.788667816612303, 0.0 ], [ 109.741894681888468, -7.788723525686209, 0.0 ], [ 109.741742911800628, -7.788890652858849, 0.0 ], [ 109.74169433559176, -7.788944144201175, 0.0 ], [ 109.741553851672521, -7.789098842947995, 0.0 ], [ 109.741533541371169, -7.789121208321042, 0.0 ], [ 109.741525754876193, -7.789129782663744, 0.0 ], [ 109.741489961235956, -7.789169197979708, 0.0 ], [ 109.741441464461957, -7.789222601818318, 0.0 ], [ 109.741427051642361, -7.789238472957595, 0.0 ], [ 109.741414076044293, -7.789252761475599, 0.0 ], [ 109.741338190822034, -7.789336324952686, 0.0 ], [ 109.741287600585196, -7.789392033926868, 0.0 ], [ 109.741135830008147, -7.789559160799994, 0.0 ], [ 109.74108523971384, -7.789614869740806, 0.0 ], [ 109.74098405923408, -7.789726287598044, 0.0 ], [ 109.740974469723454, -7.789736847349085, 0.0 ], [ 109.740947847212439, -7.789766163460039, 0.0 ], [ 109.74093572118403, -7.78977951639015, 0.0 ], [ 109.740921224728737, -7.789795479594688, 0.0 ], [ 109.740882878628227, -7.789837705421736, 0.0 ], [ 109.74078169803974, -7.789949123212347, 0.0 ], [ 109.740739042875987, -7.789996094022671, 0.0 ], [ 109.740734842692135, -7.790000667868687, 0.0 ], [ 109.740731107650276, -7.790004832094961, 0.0 ], [ 109.740682849035892, -7.79005797334159, 0.0 ], [ 109.740681500272004, -7.790059202397503, 0.0 ], [ 109.740680517322076, -7.790060540969447, 0.0 ], [ 109.740579336624847, -7.790171958693541, 0.0 ], [ 109.740570461305396, -7.790181731961733, 0.0 ], [ 109.740547523160998, -7.790204915634919, 0.0 ], [ 109.740528746184182, -7.790227667542834, 0.0 ], [ 109.740540507301162, -7.790253902876903, 0.0 ], [ 109.740541588235928, -7.790256279410329, 0.0 ], [ 109.740553546199592, -7.790283600455296, 0.0 ], [ 109.740555096059765, -7.790298581006949, 0.0 ], [ 109.740570099612341, -7.790302782042832, 0.0 ], [ 109.740589949209209, -7.79031972086949, 0.0 ], [ 109.740604010767086, -7.790317615093126, 0.0 ], [ 109.740626047522596, -7.790323230457092, 0.0 ], [ 109.740636609353672, -7.790329155286149, 0.0 ], [ 109.740653298021257, -7.79033975611868, 0.0 ], [ 109.740661538520456, -7.790360133779396, 0.0 ], [ 109.740681925749186, -7.790367004210795, 0.0 ], [ 109.740699189890165, -7.790378499489544, 0.0 ], [ 109.740729494761453, -7.79038748536033, 0.0 ], [ 109.74073786295962, -7.790391039282421, 0.0 ], [ 109.740745862372108, -7.790395890404, 0.0 ], [ 109.740769417477935, -7.790420262421657, 0.0 ], [ 109.740793768626432, -7.790425635351558, 0.0 ], [ 109.740810126941668, -7.790435596342929, 0.0 ], [ 109.740837973144878, -7.790452023325106, 0.0 ], [ 109.740840420983218, -7.790461256113638, 0.0 ], [ 109.740849660781919, -7.790464757508963, 0.0 ], [ 109.74087514666725, -7.790482522352905, 0.0 ], [ 109.740881162052162, -7.790483624873633, 0.0 ], [ 109.740905586188234, -7.790492752480281, 0.0 ], [ 109.740930991153917, -7.790508158925403, 0.0 ], [ 109.740944529334797, -7.790525122951157, 0.0 ], [ 109.740961486069935, -7.790529295059124, 0.0 ], [ 109.740983008449632, -7.790542668049791, 0.0 ], [ 109.74100929703026, -7.790556154658983, 0.0 ], [ 109.741017401722701, -7.790560561252168, 0.0 ], [ 109.741023555588001, -7.790564293161522, 0.0 ], [ 109.741050530120972, -7.790587113646264, 0.0 ], [ 109.741073309504614, -7.790594465614544, 0.0 ], [ 109.741116120039422, -7.790620427381143, 0.0 ], [ 109.741121176866997, -7.790628461051584, 0.0 ], [ 109.74112921035001, -7.790630695621326, 0.0 ], [ 109.741157147331577, -7.790648493229562, 0.0 ], [ 109.741157197328363, -7.790648514592992, 0.0 ], [ 109.741185125097516, -7.79066227435688, 0.0 ], [ 109.741208684523826, -7.7906765615843, 0.0 ], [ 109.741225625126958, -7.790691990938288, 0.0 ], [ 109.74124103290859, -7.790696178720707, 0.0 ], [ 109.741254966782265, -7.790704628679778, 0.0 ], [ 109.741301249034905, -7.790732695771126, 0.0 ], [ 109.741331184945679, -7.790754418839689, 0.0 ], [ 109.741352848559956, -7.790763987417409, 0.0 ], [ 109.741393813572742, -7.790788829941449, 0.0 ], [ 109.741401339978381, -7.790796253752153, 0.0 ], [ 109.741408756400276, -7.790797891756765, 0.0 ], [ 109.74148637817774, -7.790844964095428, 0.0 ], [ 109.74150280239742, -7.790862743845491, 0.0 ], [ 109.741520523867365, -7.790881857007613, 0.0 ], [ 109.741529305885237, -7.790892161611615, 0.0 ], [ 109.74153561654046, -7.790900969557665, 0.0 ], [ 109.741548409445954, -7.790921702069628, 0.0 ], [ 109.741570147525834, -7.790956931336773, 0.0 ], [ 109.741571236320624, -7.790961978456218, 0.0 ], [ 109.741576279141, -7.790966868395796, 0.0 ], [ 109.741604678475994, -7.791012893114226, 0.0 ], [ 109.741611234399414, -7.791033711052656, 0.0 ], [ 109.741632018547406, -7.791057201106659, 0.0 ], [ 109.741639209468886, -7.791068854890332, 0.0 ], [ 109.741644328787942, -7.791081218904381, 0.0 ], [ 109.741650853842089, -7.791105819041981, 0.0 ], [ 109.741664107120044, -7.791124788056377, 0.0 ], [ 109.741667168602419, -7.791145337948106, 0.0 ], [ 109.741687723758986, -7.791158994186191, 0.0 ], [ 109.741694534584781, -7.791173900662177, 0.0 ], [ 109.741698976204731, -7.791180750834056, 0.0 ], [ 109.741702482146181, -7.79119558909691, 0.0 ], [ 109.741687543576234, -7.791219343212311, 0.0 ], [ 109.741575597051181, -7.791195305251221, 0.0 ], [ 109.741563262945164, -7.791192656764292, 0.0 ], [ 109.741523526019066, -7.791184124038359, 0.0 ], [ 109.741517087724432, -7.791182741546981, 0.0 ], [ 109.741463650543906, -7.791171267110329, 0.0 ], [ 109.741452476836869, -7.791168867792613, 0.0 ], [ 109.741424737094903, -7.791162911295245, 0.0 ], [ 109.741407677296692, -7.791159248050619, 0.0 ], [ 109.741390058282278, -7.791162270480537, 0.0 ], [ 109.741366225168093, -7.791165226687392, 0.0 ], [ 109.741351643426341, -7.791167529743862, 0.0 ], [ 109.741340308911916, -7.791168383918904, 0.0 ], [ 109.741301709835199, -7.791179570891638, 0.0 ], [ 109.741296797238988, -7.791180755530433, 0.0 ], [ 109.741295593922288, -7.791181045697454, 0.0 ], [ 109.741294481744163, -7.791180659770011, 0.0 ], [ 109.741293503986682, -7.791179546515075, 0.0 ], [ 109.741289658997033, -7.791173593855284, 0.0 ], [ 109.741271181672545, -7.791148066125535, 0.0 ], [ 109.741261132744967, -7.791123591132796, 0.0 ], [ 109.741257167521383, -7.791106266424847, 0.0 ], [ 109.741250840313953, -7.791078621651574, 0.0 ], [ 109.741246778105335, -7.791060873162932, 0.0 ], [ 109.741236388622013, -7.791015479972064, 0.0 ], [ 109.741234194981601, -7.791005895572338, 0.0 ], [ 109.741225999215203, -7.790970086706967, 0.0 ], [ 109.741222752085335, -7.790955899462394, 0.0 ], [ 109.741217219090942, -7.790932837848113, 0.0 ], [ 109.741215385462311, -7.790924915854541, 0.0 ], [ 109.741209271188325, -7.790900000197, 0.0 ], [ 109.741196260491719, -7.790888183033591, 0.0 ], [ 109.741184479775612, -7.790878338916055, 0.0 ], [ 109.741072727791163, -7.79078921769203, 0.0 ], [ 109.741016851817605, -7.790744656959902, 0.0 ], [ 109.740960975855984, -7.790700096335612, 0.0 ], [ 109.740905099906925, -7.790655535592352, 0.0 ], [ 109.740849223969818, -7.790610974956898, 0.0 ], [ 109.740793348045287, -7.790566414202522, 0.0 ], [ 109.740737472132608, -7.790521853555887, 0.0 ], [ 109.740681596232562, -7.790477292790348, 0.0 ], [ 109.740625720344411, -7.790432732132533, 0.0 ], [ 109.740578901403154, -7.790395394222578, 0.0 ], [ 109.740574292309859, -7.790390936341891, 0.0 ], [ 109.740569844468823, -7.790388171355898, 0.0 ], [ 109.740513968605171, -7.790343610683701, 0.0 ], [ 109.740458092754096, -7.790299049899156, 0.0 ], [ 109.740452665955843, -7.790288743622212, 0.0 ], [ 109.740450870090356, -7.790283295283706, 0.0 ], [ 109.740449402085588, -7.790274550477864, 0.0 ], [ 109.740443649388396, -7.790241989409667, 0.0 ], [ 109.74044125370736, -7.790227407497954, 0.0 ], [ 109.740441578290827, -7.790210674783478, 0.0 ], [ 109.74044179545001, -7.790199479506744, 0.0 ], [ 109.740442644327118, -7.790155718151103, 0.0 ], [ 109.740443121366837, -7.790131126445191, 0.0 ], [ 109.740443710383801, -7.790100761538047, 0.0 ], [ 109.740444222869897, -7.790074341187423, 0.0 ], [ 109.740444776414108, -7.790045804905291, 0.0 ], [ 109.740445324399531, -7.790017555906936, 0.0 ], [ 109.740445842471047, -7.789990848291891, 0.0 ], [ 109.740446129409108, -7.789976055575034, 0.0 ], [ 109.740446671145321, -7.789948127583331, 0.0 ], [ 109.740447527426099, -7.789903985371056, 0.0 ], [ 109.740447974552538, -7.789880935044955, 0.0 ], [ 109.740448628919921, -7.78984720011572, 0.0 ], [ 109.740449040574063, -7.789825978404981, 0.0 ], [ 109.740449730446599, -7.789790414831113, 0.0 ], [ 109.740450106628344, -7.789771021797312, 0.0 ], [ 109.74045083193424, -7.789733629578623, 0.0 ], [ 109.740452238698424, -7.78966110854891, 0.0 ], [ 109.740453172035274, -7.789612991679423, 0.0 ], [ 109.740454370762805, -7.78955119529978, 0.0 ], [ 109.740455237947685, -7.789506488502158, 0.0 ], [ 109.740456502821473, -7.789441282049891, 0.0 ], [ 109.740457505932383, -7.789389567739718, 0.0 ], [ 109.740458542464395, -7.789336132670101, 0.0 ], [ 109.740459643936674, -7.789279347425718, 0.0 ], [ 109.740460745454357, -7.789222562129461, 0.0 ], [ 109.740461412012749, -7.789188198312964, 0.0 ], [ 109.740461834986206, -7.789166500971437, 0.0 ], [ 109.740461839805874, -7.78916614379684, 0.0 ], [ 109.740462898913435, -7.78911154224703, 0.0 ], [ 109.740463964955339, -7.789056585643469, 0.0 ], [ 109.740465030949224, -7.78900162899422, 0.0 ], [ 109.740466096985173, -7.788946672386973, 0.0 ], [ 109.740467257091154, -7.788886863863944, 0.0 ], [ 109.740468229012421, -7.788836759129779, 0.0 ], [ 109.740468455841508, -7.788825065253597, 0.0 ], [ 109.740468882286706, -7.788803079883185, 0.0 ], [ 109.740469424007387, -7.788775151889483, 0.0 ], [ 109.740469965743344, -7.788747223895746, 0.0 ], [ 109.740470507478875, -7.788719295901962, 0.0 ], [ 109.740471590914609, -7.788663439914234, 0.0 ], [ 109.740472493046582, -7.788616932616367, 0.0 ], [ 109.740472861757297, -7.788597924164404, 0.0 ], [ 109.740473559035223, -7.788561975972118, 0.0 ], [ 109.740473963216019, -7.788541138907703, 0.0 ], [ 109.740474625053551, -7.788507019356897, 0.0 ], [ 109.740474841281525, -7.788495871949955, 0.0 ], [ 109.740475382998198, -7.788467943955712, 0.0 ], [ 109.740475924714474, -7.788440015961416, 0.0 ], [ 109.740477008173983, -7.788384159972786, 0.0 ], [ 109.740478091603975, -7.788328303983861, 0.0 ], [ 109.740478889053421, -7.788287192839011, 0.0 ], [ 109.740479470583679, -7.788257212524603, 0.0 ], [ 109.740479716774246, -7.788244520000182, 0.0 ], [ 109.740480258490692, -7.788216592005548, 0.0 ], [ 109.740481341941219, -7.788160736016136, 0.0 ], [ 109.740482425368398, -7.788104880026422, 0.0 ], [ 109.740483508781665, -7.788049024036559, 0.0 ], [ 109.740484592243305, -7.787993168046606, 0.0 ], [ 109.740485675650504, -7.787937312056287, 0.0 ], [ 109.740486759109231, -7.787881456065978, 0.0 ], [ 109.740487842516586, -7.787825600075302, 0.0 ], [ 109.740489383696783, -7.787746145077419, 0.0 ], [ 109.740489467660694, -7.787741816089046, 0.0 ], [ 109.740491092804589, -7.787658032102336, 0.0 ], [ 109.74049168088797, -7.787627713241568, 0.0 ], [ 109.74049217622786, -7.787602176110988, 0.0 ], [ 109.740495426491961, -7.787434608135732, 0.0 ], [ 109.740495007687429, -7.787406946512602, 0.0 ], [ 109.740495018629858, -7.787406398807072, 0.0 ], [ 109.74049456287743, -7.787378746358734, 0.0 ], [ 109.740492384962749, -7.787353316547386, 0.0 ], [ 109.74049100746258, -7.787346907002006, 0.0 ], [ 109.740486275085914, -7.787303680632105, 0.0 ], [ 109.740479354159874, -7.787279189215312, 0.0 ], [ 109.74047751200294, -7.78726697727642, 0.0 ], [ 109.740476160104009, -7.787258015410597, 0.0 ], [ 109.740467243069645, -7.787236331104557, 0.0 ], [ 109.740366068588131, -7.787099068523866, 0.0 ], [ 109.740361650581235, -7.787093074631589, 0.0 ], [ 109.740355678030539, -7.787084971734403, 0.0 ], [ 109.740324805134605, -7.787043086706755, 0.0 ], [ 109.740299895540034, -7.78700929187274, 0.0 ], [ 109.740290495353321, -7.786996538666465, 0.0 ], [ 109.740266776906125, -7.786964360052863, 0.0 ], [ 109.74024227845203, -7.786931123065998, 0.0 ], [ 109.740219340075114, -7.786900002771638, 0.0 ], [ 109.740201015035964, -7.786875141241694, 0.0 ], [ 109.740188330615467, -7.786857932366119, 0.0 ], [ 109.740171903248509, -7.786835645496954, 0.0 ], [ 109.740160439396092, -7.786820092516656, 0.0 ], [ 109.740132548181521, -7.786782252659625, 0.0 ], [ 109.740124466435674, -7.786771288222301, 0.0 ], [ 109.740118488219508, -7.786763177585884, 0.0 ], [ 109.740077224825328, -7.786707195754357, 0.0 ], [ 109.740077035244525, -7.78670692538133, 0.0 ], [ 109.740076765766602, -7.786706572951964, 0.0 ], [ 109.740035961444633, -7.786651213920416, 0.0 ], [ 109.74006522018648, -7.786639586466545, 0.0 ], [ 109.740076967588706, -7.786639023000585, 0.0 ], [ 109.740089832379965, -7.786638544945931, 0.0 ], [ 109.740114555676939, -7.786633058399532, 0.0 ], [ 109.740132995249667, -7.786632612778529, 0.0 ], [ 109.740199020464857, -7.786641681463422, 0.0 ], [ 109.740273562907319, -7.786651919987849, 0.0 ], [ 109.740296581211794, -7.786656345412963, 0.0 ], [ 109.740300950361728, -7.786656187237647, 0.0 ], [ 109.740305533745698, -7.786656587340013, 0.0 ], [ 109.740346483151782, -7.786662565452466, 0.0 ], [ 109.740356937418198, -7.786663371605978, 0.0 ], [ 109.740369994536991, -7.786665234371034, 0.0 ], [ 109.740396091978198, -7.786669076083737, 0.0 ], [ 109.740412921800427, -7.786671452307646, 0.0 ], [ 109.740435425011384, -7.786674854263847, 0.0 ], [ 109.740444876507112, -7.786676403929373, 0.0 ], [ 109.740468904997527, -7.786679930901141, 0.0 ], [ 109.740493567635582, -7.786683824367032, 0.0 ], [ 109.740501408253877, -7.786685028731439, 0.0 ], [ 109.740524887304829, -7.786688708544134, 0.0 ], [ 109.740580869012163, -7.786697688236893, 0.0 ], [ 109.740748814155438, -7.786724627279365, 0.0 ], [ 109.740776805015784, -7.786729117101232, 0.0 ], [ 109.74080479587704, -7.78673360692458, 0.0 ], [ 109.740833651409503, -7.786738235454607, 0.0 ], [ 109.740972741062706, -7.786760545905469, 0.0 ], [ 109.741005577123929, -7.786765812884872, 0.0 ], [ 109.741025132417604, -7.786769451986435, 0.0 ], [ 109.741033855110217, -7.786771019938862, 0.0 ], [ 109.741072541354129, -7.786778143574579, 0.0 ], [ 109.741102024950251, -7.786783388065328, 0.0 ], [ 109.741120104214346, -7.786786682556837, 0.0 ], [ 109.741167809266614, -7.786795080569747, 0.0 ], [ 109.741169870494829, -7.786795430815351, 0.0 ], [ 109.741215595611493, -7.786803397984509, 0.0 ], [ 109.741237290875219, -7.786807046986646, 0.0 ], [ 109.741263526539711, -7.786811572056617, 0.0 ], [ 109.741304431904794, -7.786818382871019, 0.0 ], [ 109.741311598268894, -7.786819606531379, 0.0 ], [ 109.741329972009268, -7.786822635340073, 0.0 ], [ 109.741356533815804, -7.786830750258781, 0.0 ], [ 109.741364584016949, -7.78683320969095, 0.0 ], [ 109.741420541555314, -7.78685030532651, 0.0 ], [ 109.741442419196758, -7.786856989197514, 0.0 ], [ 109.741459927890119, -7.786862338287308, 0.0 ], [ 109.741476499099264, -7.786867400974936, 0.0 ], [ 109.741588414204202, -7.786901592167427, 0.0 ], [ 109.741606921514958, -7.786907246348458, 0.0 ], [ 109.741644371764934, -7.786918687811976, 0.0 ], [ 109.741699237928955, -7.78693544998125, 0.0 ], [ 109.741756286903509, -7.786952878987078, 0.0 ], [ 109.741871846462345, -7.786988183513402, 0.0 ], [ 109.741914789161143, -7.787001302971526, 0.0 ], [ 109.741924159653323, -7.787004165749869, 0.0 ], [ 109.742086560192533, -7.787053780548135, 0.0 ], [ 109.74209203245384, -7.78705545237808, 0.0 ], [ 109.742147990065206, -7.787072547930086, 0.0 ], [ 109.742172445689008, -7.78708001935646, 0.0 ], [ 109.742182556334498, -7.78708310824369, 0.0 ], [ 109.742203947682086, -7.787089643494942, 0.0 ], [ 109.742216413374877, -7.787092122616218, 0.0 ], [ 109.742250202220077, -7.787094950416465, 0.0 ], [ 109.742259935694364, -7.787096550490118, 0.0 ], [ 109.742267201283781, -7.78709746419144, 0.0 ], [ 109.742311753578619, -7.787100678023033, 0.0 ], [ 109.742315930572701, -7.78710115645431, 0.0 ], [ 109.742371922473126, -7.787105018615903, 0.0 ], [ 109.742424453846908, -7.787108642017245, 0.0 ], [ 109.742483921873529, -7.787112743928672, 0.0 ], [ 109.742491983861612, -7.787113422462716, 0.0 ], [ 109.742529345570858, -7.787116037679164, 0.0 ], [ 109.742539917940263, -7.787116954458345, 0.0 ], [ 109.74255643872587, -7.787122063063205, 0.0 ], [ 109.742574156760966, -7.787127304662065, 0.0 ], [ 109.742595874892487, -7.787134282874281, 0.0 ], [ 109.742616276537518, -7.787141239958765, 0.0 ], [ 109.742651826627721, -7.787153362770189, 0.0 ], [ 109.742676529415931, -7.787161786590072, 0.0 ], [ 109.742819681870017, -7.787210602460539, 0.0 ], [ 109.742825617885913, -7.787212163179889, 0.0 ], [ 109.742841773723711, -7.787218135913876, 0.0 ], [ 109.742875633629652, -7.787229682352809, 0.0 ], [ 109.742889758452719, -7.787232373363155, 0.0 ], [ 109.742914619593478, -7.787235312472577, 0.0 ], [ 109.742931613977518, -7.787239174775498, 0.0 ], [ 109.743267545139105, -7.78727968936921, 0.0 ], [ 109.743273031739093, -7.787280748979359, 0.0 ], [ 109.743312965899847, -7.78728593334895, 0.0 ], [ 109.743323528094066, -7.787288314873845, 0.0 ], [ 109.743344583186698, -7.78731028102528, 0.0 ], [ 109.743356281704919, -7.787331379925189, 0.0 ], [ 109.743362233089826, -7.787348476263291, 0.0 ], [ 109.743375746863634, -7.787387296897182, 0.0 ], [ 109.743395212088828, -7.787443213869165, 0.0 ], [ 109.743405940468648, -7.787474032958967, 0.0 ] ], [ [ 109.742539415912489, -7.787285301018106, 0.0 ], [ 109.742529893056457, -7.787282575727865, 0.0 ], [ 109.742484724096101, -7.787271663424732, 0.0 ], [ 109.742483448698451, -7.787271408345681, 0.0 ], [ 109.742427451575168, -7.787267545839708, 0.0 ], [ 109.742371454454116, -7.78726368332652, 0.0 ], [ 109.742315457335124, -7.78725982086436, 0.0 ], [ 109.742259460218477, -7.787255958336681, 0.0 ], [ 109.74223146166095, -7.787254027087949, 0.0 ], [ 109.742222273653709, -7.787253393334034, 0.0 ], [ 109.742175464547529, -7.787250164578525, 0.0 ], [ 109.742169752052334, -7.787249770542893, 0.0 ], [ 109.742147465991678, -7.787248233317913, 0.0 ], [ 109.742091468881654, -7.787244370765292, 0.0 ], [ 109.742062056253985, -7.787242341965091, 0.0 ], [ 109.742035471773775, -7.787240508234558, 0.0 ], [ 109.742013641436813, -7.787237460445233, 0.0 ], [ 109.741997772324922, -7.787233872774737, 0.0 ], [ 109.741979491784846, -7.787230908463454, 0.0 ], [ 109.741966695317444, -7.787228310020977, 0.0 ], [ 109.741924367625629, -7.78721625283943, 0.0 ], [ 109.741923527466653, -7.787216057604454, 0.0 ], [ 109.741867569851067, -7.78719896202453, 0.0 ], [ 109.741839591045419, -7.787190414207776, 0.0 ], [ 109.741837145533097, -7.787189667075412, 0.0 ], [ 109.74181161224115, -7.787181866402305, 0.0 ], [ 109.741699697037902, -7.787147675254385, 0.0 ], [ 109.741665374511953, -7.787137189374728, 0.0 ], [ 109.741643739444783, -7.787130579628347, 0.0 ], [ 109.741552126774508, -7.787102591016112, 0.0 ], [ 109.741362411275247, -7.787044630989692, 0.0 ], [ 109.741321832678352, -7.787032233733055, 0.0 ], [ 109.741307994003733, -7.787028005861274, 0.0 ], [ 109.741168100129471, -7.786985266768743, 0.0 ], [ 109.741150061803367, -7.786979755856554, 0.0 ], [ 109.741140121358853, -7.786976718929695, 0.0 ], [ 109.741084163821881, -7.786959623253027, 0.0 ], [ 109.741064176426363, -7.786953516857619, 0.0 ], [ 109.741021233728745, -7.786940397363534, 0.0 ], [ 109.740916291244417, -7.786908336221919, 0.0 ], [ 109.74089220249499, -7.786901240273986, 0.0 ], [ 109.740880982985686, -7.786897774962069, 0.0 ], [ 109.740860332784862, -7.786891557004172, 0.0 ], [ 109.740846003520375, -7.78689134909078, 0.0 ], [ 109.740813594756062, -7.786876961153356, 0.0 ], [ 109.74080437622105, -7.786874144779365, 0.0 ], [ 109.740800777399102, -7.78687333143584, 0.0 ], [ 109.740758589547283, -7.78686662554277, 0.0 ], [ 109.740748398284367, -7.786863891594776, 0.0 ], [ 109.740735312459961, -7.786863677060092, 0.0 ], [ 109.740709652826794, -7.786876652414866, 0.0 ], [ 109.74072119579499, -7.786988405136157, 0.0 ], [ 109.740723695504201, -7.787012606551567, 0.0 ], [ 109.740724558949154, -7.787020966393403, 0.0 ], [ 109.740728913561995, -7.78706312665595, 0.0 ], [ 109.74073101477903, -7.787083469562821, 0.0 ], [ 109.740732738474733, -7.787100157856646, 0.0 ], [ 109.740738509961631, -7.787156034217346, 0.0 ], [ 109.740739349937897, -7.787164166612929, 0.0 ], [ 109.740743926409039, -7.7872084758628, 0.0 ], [ 109.740744567918469, -7.787214686791601, 0.0 ], [ 109.740749786133691, -7.787265206744308, 0.0 ], [ 109.740755824128314, -7.787323663298751, 0.0 ], [ 109.740756838326718, -7.787333482448735, 0.0 ], [ 109.740760222543202, -7.787366246669103, 0.0 ], [ 109.740763294199198, -7.787395985654009, 0.0 ], [ 109.740765440578002, -7.787416766799494, 0.0 ], [ 109.740767366812307, -7.78743541601951, 0.0 ], [ 109.740773138298209, -7.787491292380307, 0.0 ], [ 109.740775876914199, -7.787517806798647, 0.0 ], [ 109.740776205898868, -7.787520992022483, 0.0 ], [ 109.740781094984271, -7.787568326893502, 0.0 ], [ 109.74078266171675, -7.787583495172679, 0.0 ], [ 109.740784680984291, -7.787603045101232, 0.0 ], [ 109.740796223961652, -7.787714797823092, 0.0 ], [ 109.74080202930665, -7.787771004756504, 0.0 ], [ 109.74080776665059, -7.787826550544151, 0.0 ], [ 109.740808485275451, -7.787833508059435, 0.0 ], [ 109.740812403982801, -7.787871446907847, 0.0 ], [ 109.740814941170129, -7.787896011281264, 0.0 ], [ 109.740817622008009, -7.787921967048004, 0.0 ], [ 109.740819309340921, -7.787938303265298, 0.0 ], [ 109.740830852322503, -7.788050055987444, 0.0 ], [ 109.740836623522455, -7.788105932347628, 0.0 ], [ 109.740848166506169, -7.788217685069913, 0.0 ], [ 109.740848931040503, -7.788225087043732, 0.0 ], [ 109.740853676295643, -7.788271030385134, 0.0 ], [ 109.740854149027101, -7.78827560722606, 0.0 ], [ 109.740856823454237, -7.788301499610792, 0.0 ], [ 109.74086548069296, -7.788385314152602, 0.0 ], [ 109.740871251898142, -7.788441190512961, 0.0 ], [ 109.74088279488609, -7.788552943235445, 0.0 ], [ 109.740885458059211, -7.788578727232242, 0.0 ], [ 109.740885955823018, -7.788583546543947, 0.0 ], [ 109.740890676132224, -7.788629247330726, 0.0 ], [ 109.740892411651501, -7.788646049701114, 0.0 ], [ 109.740894337585573, -7.788664695957245, 0.0 ], [ 109.740905880576349, -7.788776448679946, 0.0 ], [ 109.740911651780905, -7.788832325040456, 0.0 ], [ 109.740917423278717, -7.78888820140186, 0.0 ], [ 109.740918235243356, -7.788896062589794, 0.0 ], [ 109.74092198516712, -7.788932367347354, 0.0 ], [ 109.740924691139327, -7.788958565808834, 0.0 ], [ 109.740927203204635, -7.788982887484699, 0.0 ], [ 109.740928965982462, -7.788999954123859, 0.0 ], [ 109.740940508974361, -7.789111706846852, 0.0 ], [ 109.740944479320262, -7.789132839838669, 0.0 ], [ 109.740950279415316, -7.789152316505325, 0.0 ], [ 109.740953744305685, -7.789167605381179, 0.0 ], [ 109.740955981262502, -7.789177130085838, 0.0 ], [ 109.740965451849675, -7.789201563031687, 0.0 ], [ 109.740972715935982, -7.789216232584232, 0.0 ], [ 109.740987103124368, -7.789245287357318, 0.0 ], [ 109.740991213197489, -7.789253587645114, 0.0 ], [ 109.741004031185625, -7.78927947319952, 0.0 ], [ 109.74102112494478, -7.789313993237501, 0.0 ], [ 109.741028208101127, -7.789328297401101, 0.0 ], [ 109.741042236942562, -7.789356628482642, 0.0 ], [ 109.741046705371232, -7.789365652464205, 0.0 ], [ 109.741059433340126, -7.789391356210606, 0.0 ], [ 109.741071840304969, -7.789396426921519, 0.0 ], [ 109.741076890877622, -7.789395345716048, 0.0 ], [ 109.741078588964726, -7.78939309997123, 0.0 ], [ 109.741080331937042, -7.789391418290002, 0.0 ], [ 109.741086512465301, -7.789381880877849, 0.0 ], [ 109.74109310770281, -7.789351640333791, 0.0 ], [ 109.741114038674226, -7.78935459127342, 0.0 ], [ 109.741133043019687, -7.789347378140175, 0.0 ], [ 109.741143605442772, -7.789335747018303, 0.0 ], [ 109.741155447456563, -7.78931353840885, 0.0 ], [ 109.741157740508754, -7.789304433375411, 0.0 ], [ 109.741171066937795, -7.789298053177678, 0.0 ], [ 109.741189236691739, -7.789285498736997, 0.0 ], [ 109.741194195616288, -7.789280038062986, 0.0 ], [ 109.74120521181473, -7.789264201771559, 0.0 ], [ 109.74121438592509, -7.789249212777587, 0.0 ], [ 109.741244317053685, -7.789224327707216, 0.0 ], [ 109.741244797682739, -7.78922369839559, 0.0 ], [ 109.741245430609766, -7.789223531332995, 0.0 ], [ 109.741270771396543, -7.789193731390648, 0.0 ], [ 109.741294691320661, -7.789168618094119, 0.0 ], [ 109.741297130600131, -7.789164151137833, 0.0 ], [ 109.741301623985592, -7.789161739877255, 0.0 ], [ 109.741345966126872, -7.789112911147271, 0.0 ], [ 109.741350413468965, -7.789105556960726, 0.0 ], [ 109.741357817607152, -7.789099860498317, 0.0 ], [ 109.741396556246002, -7.789057202158644, 0.0 ], [ 109.741404100771405, -7.789047368549165, 0.0 ], [ 109.741414011212186, -7.789037981037942, 0.0 ], [ 109.741498301588308, -7.788945161828044, 0.0 ], [ 109.741548326596686, -7.788890075143094, 0.0 ], [ 109.741700096747152, -7.788722948052428, 0.0 ], [ 109.741751172489856, -7.788666704221832, 0.0 ], [ 109.741877161846574, -7.788527966352333, 0.0 ], [ 109.741902456836499, -7.788500111815394, 0.0 ], [ 109.741953046880994, -7.788444402735485, 0.0 ], [ 109.742104816705364, -7.788277275445195, 0.0 ], [ 109.742155406695517, -7.788221566332055, 0.0 ], [ 109.742256913275071, -7.78810978822402, 0.0 ], [ 109.74230998593022, -7.788051345150007, 0.0 ], [ 109.742336608207907, -7.788022028896038, 0.0 ], [ 109.742357766295797, -7.787998729795565, 0.0 ], [ 109.742425493235032, -7.787924149397165, 0.0 ], [ 109.742451037862111, -7.787912730501046, 0.0 ], [ 109.742459796676769, -7.787909006405632, 0.0 ], [ 109.742481575295457, -7.787899562532409, 0.0 ], [ 109.742985977307015, -7.787791078746113, 0.0 ], [ 109.742997438750365, -7.7877886136685, 0.0 ], [ 109.7430434235945, -7.787778723494233, 0.0 ], [ 109.743089408384478, -7.787768833259455, 0.0 ], [ 109.743098066620306, -7.787766971085326, 0.0 ], [ 109.743125195008531, -7.787748711411212, 0.0 ], [ 109.743129563016666, -7.787746231226812, 0.0 ], [ 109.743154180679554, -7.787731633472443, 0.0 ], [ 109.743210321002735, -7.787687481626799, 0.0 ], [ 109.743237402697176, -7.787666183116979, 0.0 ], [ 109.743250058454905, -7.787649881017549, 0.0 ], [ 109.743270107080349, -7.787613969572053, 0.0 ], [ 109.743271482384685, -7.787610424885198, 0.0 ], [ 109.743266601182469, -7.787596402849774, 0.0 ], [ 109.743255802331078, -7.787565381384817, 0.0 ], [ 109.743252017185128, -7.787554507909404, 0.0 ], [ 109.743243571042711, -7.787531320708708, 0.0 ], [ 109.743241080671936, -7.787524283023958, 0.0 ], [ 109.743231406398451, -7.787498587537013, 0.0 ], [ 109.743223415940108, -7.787486102485625, 0.0 ], [ 109.74321095032677, -7.78747634616277, 0.0 ], [ 109.743098973213989, -7.787462841306984, 0.0 ], [ 109.743081580130522, -7.787459640257892, 0.0 ], [ 109.743057740931405, -7.787456932783823, 0.0 ], [ 109.743042989341134, -7.787454519240495, 0.0 ], [ 109.743033679565173, -7.787451436130262, 0.0 ], [ 109.7430015110032, -7.787442046640634, 0.0 ], [ 109.742990425480585, -7.787438625395381, 0.0 ], [ 109.74298703008678, -7.787437940227577, 0.0 ], [ 109.742833806529632, -7.787385690066738, 0.0 ], [ 109.742819174725696, -7.787380700534277, 0.0 ], [ 109.742781077107992, -7.787367709053242, 0.0 ], [ 109.742763222950742, -7.787361620683729, 0.0 ], [ 109.742668562161313, -7.787329340729932, 0.0 ], [ 109.742539415912489, -7.787285301018106, 0.0 ] ] ] } },
{ "type": "Feature", "properties": { "Join_Count": 1, "TARGET_FID": 37, "JOIN_FID": 24, "Id": 24, "Contour": 400.0, "Shape_Leng": 1098.2478127899999, "Skor": 3.0, "Shape_Le_1": 1098.2478127899999, "Shape_Area": 9253.3582256099999 }, "geometry": { "type": "MultiPolygon", "coordinates": [ [ [ [ 109.743006547235169, -7.786308596938633, 0.0 ], [ 109.743292119533976, -7.786481624192693, 0.0 ], [ 109.743269929349012, -7.786479687320659, 0.0 ], [ 109.743213935361226, -7.786474799730148, 0.0 ], [ 109.743157941375458, -7.786469912278137, 0.0 ], [ 109.743101947392631, -7.786465024673226, 0.0 ], [ 109.743045953411865, -7.786460137206833, 0.0 ], [ 109.74298995943397, -7.786455249587503, 0.0 ], [ 109.74293396545815, -7.786450362106759, 0.0 ], [ 109.7428779714852, -7.786445474473098, 0.0 ], [ 109.742821977514339, -7.786440586977935, 0.0 ], [ 109.742765784062129, -7.786435681917874, 0.0 ], [ 109.742751781682358, -7.78643445969976, 0.0 ], [ 109.742937312273298, -7.786298374740111, 0.0 ], [ 109.743006547235169, -7.786308596938633, 0.0 ] ] ], [ [ [ 109.739350987129967, -7.785926465327476, 0.0 ], [ 109.739462968509159, -7.785938316407616, 0.0 ], [ 109.739518959202442, -7.785944242074637, 0.0 ], [ 109.73963094059809, -7.785956093115135, 0.0 ], [ 109.739686931299644, -7.785962018760706, 0.0 ], [ 109.739798912711791, -7.785973869758326, 0.0 ], [ 109.739855421367423, -7.785979850197188, 0.0 ], [ 109.739910894134567, -7.785985720863348, 0.0 ], [ 109.739916693325398, -7.785986334597396, 0.0 ], [ 109.739956936580398, -7.785990593526275, 0.0 ], [ 109.739979120288012, -7.785992941252328, 0.0 ], [ 109.740007694102701, -7.785995965274087, 0.0 ], [ 109.740022875568286, -7.785997571939889, 0.0 ], [ 109.74007886628948, -7.786003497396109, 0.0 ], [ 109.740103974276408, -7.786006154587582, 0.0 ], [ 109.740109209294815, -7.786006708606679, 0.0 ], [ 109.740159966852033, -7.786012080307776, 0.0 ], [ 109.740166401292754, -7.78601276125807, 0.0 ], [ 109.74019084773974, -7.786015348429689, 0.0 ], [ 109.740246838469176, -7.786021273867807, 0.0 ], [ 109.740302829200971, -7.786027199434766, 0.0 ], [ 109.740403514041361, -7.786037854770051, 0.0 ], [ 109.740416109240215, -7.786039187705215, 0.0 ], [ 109.74046451236805, -7.78604431025211, 0.0 ], [ 109.74047080141365, -7.786044975820693, 0.0 ], [ 109.740504866514726, -7.786048580871589, 0.0 ], [ 109.740463591261587, -7.786234722644044, 0.0 ], [ 109.740441558736734, -7.786232799353574, 0.0 ], [ 109.740391177962394, -7.786228401456402, 0.0 ], [ 109.740380394957867, -7.78622746016071, 0.0 ], [ 109.740358245257397, -7.786225526636122, 0.0 ], [ 109.740339870289191, -7.786223575140609, 0.0 ], [ 109.740318887802729, -7.786221776445428, 0.0 ], [ 109.740302253089595, -7.786220072502226, 0.0 ], [ 109.740289543198429, -7.786217776660819, 0.0 ], [ 109.740256522996589, -7.786215232242343, 0.0 ], [ 109.740238668605897, -7.786212520973668, 0.0 ], [ 109.740195115435569, -7.786209648426083, 0.0 ], [ 109.740186526036823, -7.786208522369091, 0.0 ], [ 109.740135196456393, -7.786205558086198, 0.0 ], [ 109.740134271400066, -7.786205451315792, 0.0 ], [ 109.74013354045222, -7.786205359529996, 0.0 ], [ 109.740122853116958, -7.786204598500774, 0.0 ], [ 109.74008291184586, -7.786199859960393, 0.0 ], [ 109.740078281045115, -7.786199393771369, 0.0 ], [ 109.740072091020181, -7.786198270778069, 0.0 ], [ 109.740037260776802, -7.786189425608901, 0.0 ], [ 109.740002090319535, -7.786184065457778, 0.0 ], [ 109.739989284221622, -7.786181296763998, 0.0 ], [ 109.739939687231356, -7.786174774429698, 0.0 ], [ 109.739936822417818, -7.786174608524722, 0.0 ], [ 109.739910338913546, -7.786171543427859, 0.0 ], [ 109.739889400293364, -7.786168936113172, 0.0 ], [ 109.739874292763247, -7.786167898857176, 0.0 ], [ 109.739854348092976, -7.78616564583197, 0.0 ], [ 109.739798366485275, -7.786156666089296, 0.0 ], [ 109.739741891280815, -7.786147607082078, 0.0 ], [ 109.73969512109997, -7.786138773268743, 0.0 ], [ 109.739686406103672, -7.786137761883574, 0.0 ], [ 109.739675370798224, -7.786136399385184, 0.0 ], [ 109.739646283017606, -7.786131498532613, 0.0 ], [ 109.739630421683643, -7.786129726734797, 0.0 ], [ 109.739609647293534, -7.786126485279889, 0.0 ], [ 109.739597092629154, -7.786124573070382, 0.0 ], [ 109.739574439310687, -7.786121007758738, 0.0 ], [ 109.739549010750494, -7.786116548618367, 0.0 ], [ 109.739542934293141, -7.786115578394601, 0.0 ], [ 109.739518459603062, -7.786111398164178, 0.0 ], [ 109.739502968635975, -7.786106501927121, 0.0 ], [ 109.739473268971096, -7.786101709431681, 0.0 ], [ 109.739462488190696, -7.78609901454073, 0.0 ], [ 109.73943950980312, -7.786090848973378, 0.0 ], [ 109.739416479909465, -7.786080861121481, 0.0 ], [ 109.739406539316775, -7.786079092184251, 0.0 ], [ 109.739388226576395, -7.786072412639689, 0.0 ], [ 109.739373988641091, -7.786067294094619, 0.0 ], [ 109.739333103014019, -7.78605213522549, 0.0 ], [ 109.739299294205125, -7.786039212997715, 0.0 ], [ 109.739292532484882, -7.786036663962236, 0.0 ], [ 109.739287058940917, -7.78603453650119, 0.0 ], [ 109.739256886208608, -7.786016310768227, 0.0 ], [ 109.739238713843292, -7.786012263530966, 0.0 ], [ 109.739215822801313, -7.786001328149499, 0.0 ], [ 109.739195496836587, -7.785991099266648, 0.0 ], [ 109.739178460923924, -7.785982675809626, 0.0 ], [ 109.739170121994277, -7.785978329590251, 0.0 ], [ 109.739153700966142, -7.785951529855301, 0.0 ], [ 109.739126908889645, -7.785941400643206, 0.0 ], [ 109.739113240379098, -7.785935949600922, 0.0 ], [ 109.739085712088396, -7.785936978331216, 0.0 ], [ 109.739070923002728, -7.785933872112657, 0.0 ], [ 109.739044649534122, -7.785922097267298, 0.0 ], [ 109.73905387305166, -7.785905034178591, 0.0 ], [ 109.739071029669191, -7.785898195775278, 0.0 ], [ 109.739093175362555, -7.785900149057492, 0.0 ], [ 109.739105649322269, -7.78590095514689, 0.0 ], [ 109.739127024405477, -7.785902762802918, 0.0 ], [ 109.739144815639463, -7.785904645696504, 0.0 ], [ 109.739167569863312, -7.785907053866411, 0.0 ], [ 109.739195573128754, -7.785910017531782, 0.0 ], [ 109.739229996794251, -7.785913660637661, 0.0 ], [ 109.739239005762244, -7.785914614079479, 0.0 ], [ 109.739297088279812, -7.785920761023239, 0.0 ], [ 109.739350987129967, -7.785926465327476, 0.0 ] ] ] ] } },
{ "type": "Feature", "properties": { "Join_Count": 1, "TARGET_FID": 38, "JOIN_FID": 24, "Id": 24, "Contour": 400.0, "Shape_Leng": 1098.2478127899999, "Skor": 3.0, "Shape_Le_1": 2638.05235597, "Shape_Area": 21398.266430399999 }, "geometry": { "type": "MultiPolygon", "coordinates": [ [ [ [ 109.743334001000093, -7.786507, 0.0 ], [ 109.743350926362865, -7.786679298382762, 0.0 ], [ 109.743213375341099, -7.786662709244103, 0.0 ], [ 109.743211505313255, -7.786662505158723, 0.0 ], [ 109.743191578532802, -7.786660580438979, 0.0 ], [ 109.743160138714885, -7.786657737450233, 0.0 ], [ 109.743157382311537, -7.786657492711288, 0.0 ], [ 109.743101388304154, -7.786652605102355, 0.0 ], [ 109.743045394298832, -7.786647717631971, 0.0 ], [ 109.742989400296409, -7.786642830008623, 0.0 ], [ 109.742933406296046, -7.786637942523854, 0.0 ], [ 109.74287741229854, -7.786633054886207, 0.0 ], [ 109.742821418303123, -7.786628167387056, 0.0 ], [ 109.742765424310591, -7.786623279734973, 0.0 ], [ 109.742709430320133, -7.786618392221422, 0.0 ], [ 109.742653436332517, -7.786613504554991, 0.0 ], [ 109.742597442346991, -7.786608617027005, 0.0 ], [ 109.742540583264727, -7.786603653834669, 0.0 ], [ 109.742523182307067, -7.786602134957477, 0.0 ], [ 109.742751781682358, -7.78643445969976, 0.0 ], [ 109.742765784062129, -7.786435681917874, 0.0 ], [ 109.742821977514339, -7.786440586977935, 0.0 ], [ 109.7428779714852, -7.786445474473098, 0.0 ], [ 109.74293396545815, -7.786450362106759, 0.0 ], [ 109.74298995943397, -7.786455249587503, 0.0 ], [ 109.743045953411865, -7.786460137206833, 0.0 ], [ 109.743101947392631, -7.786465024673226, 0.0 ], [ 109.743157941375458, -7.786469912278137, 0.0 ], [ 109.743213935361226, -7.786474799730148, 0.0 ], [ 109.743269929349012, -7.786479687320659, 0.0 ], [ 109.743292119533976, -7.786481624192693, 0.0 ], [ 109.743334001000093, -7.786507, 0.0 ] ] ], [ [ [ 109.742961, -7.786281, 0.0 ], [ 109.743006547235169, -7.786308596938633, 0.0 ], [ 109.742937312273298, -7.786298374740111, 0.0 ], [ 109.742961, -7.786281, 0.0 ] ] ], [ [ [ 109.738347261700923, -7.785644298740239, 0.0 ], [ 109.738388334275172, -7.785652149665591, 0.0 ], [ 109.73839967682774, -7.785648226721645, 0.0 ], [ 109.738455667446061, -7.785654152384655, 0.0 ], [ 109.738470311070969, -7.785655702180956, 0.0 ], [ 109.738494518641858, -7.785658264145568, 0.0 ], [ 109.738532737953363, -7.785662309060298, 0.0 ], [ 109.738545276090591, -7.785663636039798, 0.0 ], [ 109.738567648690434, -7.785666003825098, 0.0 ], [ 109.73862363931697, -7.785671929463388, 0.0 ], [ 109.738646791107314, -7.785674379707242, 0.0 ], [ 109.73865759172233, -7.785675522792367, 0.0 ], [ 109.738697548565924, -7.785679751587099, 0.0 ], [ 109.738720018618096, -7.785682129648325, 0.0 ], [ 109.738735620577913, -7.785683780860969, 0.0 ], [ 109.738791611212704, -7.785689706481074, 0.0 ], [ 109.738799063621229, -7.785690495196765, 0.0 ], [ 109.738849821049115, -7.785695867091236, 0.0 ], [ 109.738903592490118, -7.785701557835785, 0.0 ], [ 109.738907299294937, -7.785701950140139, 0.0 ], [ 109.738951336133567, -7.785706610649538, 0.0 ], [ 109.738969726170239, -7.785708556928019, 0.0 ], [ 109.739002093583849, -7.785711982513455, 0.0 ], [ 109.739015573778559, -7.78571340916191, 0.0 ], [ 109.739071564427078, -7.785719334746288, 0.0 ], [ 109.739094580002558, -7.785721770548776, 0.0 ], [ 109.739103608650666, -7.785722726065591, 0.0 ], [ 109.739155550404789, -7.785728223211457, 0.0 ], [ 109.739183545732047, -7.785731186029538, 0.0 ], [ 109.739239536388837, -7.785737111592477, 0.0 ], [ 109.739255881213097, -7.785738841402955, 0.0 ], [ 109.739281860778235, -7.785741590916388, 0.0 ], [ 109.739306638683203, -7.785744213225248, 0.0 ], [ 109.739344287683338, -7.785748197660799, 0.0 ], [ 109.739357396236869, -7.785749584960923, 0.0 ], [ 109.739408153805314, -7.785754956677809, 0.0 ], [ 109.739463499042742, -7.785760814041481, 0.0 ], [ 109.739575480386577, -7.785772665088689, 0.0 ], [ 109.739631471062211, -7.78577859073761, 0.0 ], [ 109.739687461741013, -7.785784516243313, 0.0 ], [ 109.739712698988086, -7.785787187133455, 0.0 ], [ 109.739718849282269, -7.785787838034761, 0.0 ], [ 109.739763456500427, -7.785792558883527, 0.0 ], [ 109.739781276242454, -7.785794444749459, 0.0 ], [ 109.739799443106449, -7.785796367369426, 0.0 ], [ 109.73985543379348, -7.78580229285369, 0.0 ], [ 109.739864971644366, -7.78580330225306, 0.0 ], [ 109.739906130176067, -7.785807658152177, 0.0 ], [ 109.739915729126011, -7.78580867401771, 0.0 ], [ 109.739995410522724, -7.785817106667641, 0.0 ], [ 109.740023405870758, -7.785820069396517, 0.0 ], [ 109.740079396568376, -7.785825994988273, 0.0 ], [ 109.740191377972735, -7.785837845878269, 0.0 ], [ 109.74024736867861, -7.785843771448583, 0.0 ], [ 109.740359350099425, -7.7858556222957, 0.0 ], [ 109.74041534081357, -7.785861547844579, 0.0 ], [ 109.740524820016063, -7.785873133841886, 0.0 ], [ 109.740543335750786, -7.785875093372913, 0.0 ], [ 109.740504866514726, -7.786048580871589, 0.0 ], [ 109.74047080141365, -7.786044975820693, 0.0 ], [ 109.74046451236805, -7.78604431025211, 0.0 ], [ 109.740416109240215, -7.786039187705215, 0.0 ], [ 109.740403514041361, -7.786037854770051, 0.0 ], [ 109.740302829200971, -7.786027199434766, 0.0 ], [ 109.740246838469176, -7.786021273867807, 0.0 ], [ 109.74019084773974, -7.786015348429689, 0.0 ], [ 109.740166401292754, -7.78601276125807, 0.0 ], [ 109.740159966852033, -7.786012080307776, 0.0 ], [ 109.740109209294815, -7.786006708606679, 0.0 ], [ 109.740103974276408, -7.786006154587582, 0.0 ], [ 109.74007886628948, -7.786003497396109, 0.0 ], [ 109.740022875568286, -7.785997571939889, 0.0 ], [ 109.740007694102701, -7.785995965274087, 0.0 ], [ 109.739979120288012, -7.785992941252328, 0.0 ], [ 109.739956936580398, -7.785990593526275, 0.0 ], [ 109.739916693325398, -7.785986334597396, 0.0 ], [ 109.739910894134567, -7.785985720863348, 0.0 ], [ 109.739855421367423, -7.785979850197188, 0.0 ], [ 109.739798912711791, -7.785973869758326, 0.0 ], [ 109.739686931299644, -7.785962018760706, 0.0 ], [ 109.73963094059809, -7.785956093115135, 0.0 ], [ 109.739518959202442, -7.785944242074637, 0.0 ], [ 109.739462968509159, -7.785938316407616, 0.0 ], [ 109.739350987129967, -7.785926465327476, 0.0 ], [ 109.739297088279812, -7.785920761023239, 0.0 ], [ 109.739239005762244, -7.785914614079479, 0.0 ], [ 109.739229996794251, -7.785913660637661, 0.0 ], [ 109.739195573128754, -7.785910017531782, 0.0 ], [ 109.739167569863312, -7.785907053866411, 0.0 ], [ 109.739144815639463, -7.785904645696504, 0.0 ], [ 109.739127024405477, -7.785902762802918, 0.0 ], [ 109.739105649322269, -7.78590095514689, 0.0 ], [ 109.739093175362555, -7.785900149057492, 0.0 ], [ 109.739071029669191, -7.785898195775278, 0.0 ], [ 109.73905387305166, -7.785905034178591, 0.0 ], [ 109.739044649534122, -7.785922097267298, 0.0 ], [ 109.739070923002728, -7.785933872112657, 0.0 ], [ 109.739085712088396, -7.785936978331216, 0.0 ], [ 109.739113240379098, -7.785935949600922, 0.0 ], [ 109.739126908889645, -7.785941400643206, 0.0 ], [ 109.739153700966142, -7.785951529855301, 0.0 ], [ 109.739170121994277, -7.785978329590251, 0.0 ], [ 109.739178460923924, -7.785982675809626, 0.0 ], [ 109.739195496836587, -7.785991099266648, 0.0 ], [ 109.739215822801313, -7.786001328149499, 0.0 ], [ 109.739238713843292, -7.786012263530966, 0.0 ], [ 109.739256886208608, -7.786016310768227, 0.0 ], [ 109.739287058940917, -7.78603453650119, 0.0 ], [ 109.739292532484882, -7.786036663962236, 0.0 ], [ 109.739299294205125, -7.786039212997715, 0.0 ], [ 109.739333103014019, -7.78605213522549, 0.0 ], [ 109.739373988641091, -7.786067294094619, 0.0 ], [ 109.739388226576395, -7.786072412639689, 0.0 ], [ 109.739406539316775, -7.786079092184251, 0.0 ], [ 109.739416479909465, -7.786080861121481, 0.0 ], [ 109.73943950980312, -7.786090848973378, 0.0 ], [ 109.739462488190696, -7.78609901454073, 0.0 ], [ 109.739473268971096, -7.786101709431681, 0.0 ], [ 109.739502968635975, -7.786106501927121, 0.0 ], [ 109.739518459603062, -7.786111398164178, 0.0 ], [ 109.739542934293141, -7.786115578394601, 0.0 ], [ 109.739549010750494, -7.786116548618367, 0.0 ], [ 109.739574439310687, -7.786121007758738, 0.0 ], [ 109.739597092629154, -7.786124573070382, 0.0 ], [ 109.739609647293534, -7.786126485279889, 0.0 ], [ 109.739630421683643, -7.786129726734797, 0.0 ], [ 109.739646283017606, -7.786131498532613, 0.0 ], [ 109.739675370798224, -7.786136399385184, 0.0 ], [ 109.739686406103672, -7.786137761883574, 0.0 ], [ 109.73969512109997, -7.786138773268743, 0.0 ], [ 109.739741891280815, -7.786147607082078, 0.0 ], [ 109.739798366485275, -7.786156666089296, 0.0 ], [ 109.739854348092976, -7.78616564583197, 0.0 ], [ 109.739874292763247, -7.786167898857176, 0.0 ], [ 109.739889400293364, -7.786168936113172, 0.0 ], [ 109.739910338913546, -7.786171543427859, 0.0 ], [ 109.739936822417818, -7.786174608524722, 0.0 ], [ 109.739939687231356, -7.786174774429698, 0.0 ], [ 109.739989284221622, -7.786181296763998, 0.0 ], [ 109.740002090319535, -7.786184065457778, 0.0 ], [ 109.740037260776802, -7.786189425608901, 0.0 ], [ 109.740072091020181, -7.786198270778069, 0.0 ], [ 109.740078281045115, -7.786199393771369, 0.0 ], [ 109.74008291184586, -7.786199859960393, 0.0 ], [ 109.740122853116958, -7.786204598500774, 0.0 ], [ 109.74013354045222, -7.786205359529996, 0.0 ], [ 109.740134271400066, -7.786205451315792, 0.0 ], [ 109.740135196456393, -7.786205558086198, 0.0 ], [ 109.740186526036823, -7.786208522369091, 0.0 ], [ 109.740195115435569, -7.786209648426083, 0.0 ], [ 109.740238668605897, -7.786212520973668, 0.0 ], [ 109.740256522996589, -7.786215232242343, 0.0 ], [ 109.740289543198429, -7.786217776660819, 0.0 ], [ 109.740302253089595, -7.786220072502226, 0.0 ], [ 109.740318887802729, -7.786221776445428, 0.0 ], [ 109.740339870289191, -7.786223575140609, 0.0 ], [ 109.740358245257397, -7.786225526636122, 0.0 ], [ 109.740380394957867, -7.78622746016071, 0.0 ], [ 109.740391177962394, -7.786228401456402, 0.0 ], [ 109.740441558736734, -7.786232799353574, 0.0 ], [ 109.740463591261587, -7.786234722644044, 0.0 ], [ 109.740451999000115, -7.786287000999927, 0.0 ], [ 109.740804321234322, -7.786421209378045, 0.0 ], [ 109.740795781421753, -7.786420110461085, 0.0 ], [ 109.740764797545978, -7.786414924018609, 0.0 ], [ 109.740749744267731, -7.786413147785179, 0.0 ], [ 109.740693762589885, -7.786404168149298, 0.0 ], [ 109.740637780915876, -7.786395188431884, 0.0 ], [ 109.740581799245135, -7.786386208781954, 0.0 ], [ 109.740525817578217, -7.786377229047249, 0.0 ], [ 109.740474127371542, -7.786368937755939, 0.0 ], [ 109.740463936570436, -7.786367303108571, 0.0 ], [ 109.740413854254442, -7.786359269718742, 0.0 ], [ 109.740357872598139, -7.786350289963076, 0.0 ], [ 109.740301890945133, -7.786341310281279, 0.0 ], [ 109.740280716781825, -7.786337913840425, 0.0 ], [ 109.740264529455771, -7.786335317327432, 0.0 ], [ 109.74023236413241, -7.786330157859763, 0.0 ], [ 109.740198060392302, -7.786324655345932, 0.0 ], [ 109.740184011520014, -7.786322401835142, 0.0 ], [ 109.740131591395951, -7.786313993419578, 0.0 ], [ 109.740087306259383, -7.78630688982176, 0.0 ], [ 109.740065122333178, -7.786303331405312, 0.0 ], [ 109.740038953614288, -7.78629913382346, 0.0 ], [ 109.739998653325046, -7.786292669436405, 0.0 ], [ 109.739990600999946, -7.786291377794002, 0.0 ], [ 109.739938010287574, -7.786282941956843, 0.0 ], [ 109.739910019473996, -7.786278452066194, 0.0 ], [ 109.739893878527184, -7.786275882822069, 0.0 ], [ 109.739865732370831, -7.786271362566628, 0.0 ], [ 109.73985403777688, -7.786269496558007, 0.0 ], [ 109.739845414806268, -7.786268236932126, 0.0 ], [ 109.739799270962834, -7.786260708174978, 0.0 ], [ 109.739798056130013, -7.786260525430437, 0.0 ], [ 109.73979714823767, -7.786260395584719, 0.0 ], [ 109.739791067013741, -7.786259471649728, 0.0 ], [ 109.73974825621552, -7.786253174312956, 0.0 ], [ 109.739742072517615, -7.786252213209624, 0.0 ], [ 109.739733733362073, -7.786250980624198, 0.0 ], [ 109.739699016344744, -7.786246297901491, 0.0 ], [ 109.739686087628456, -7.78624432931835, 0.0 ], [ 109.739668050531137, -7.786241107349672, 0.0 ], [ 109.739651555597533, -7.786237657646293, 0.0 ], [ 109.739630109763283, -7.786234096285547, 0.0 ], [ 109.739606537351179, -7.786226595878252, 0.0 ], [ 109.739595942938266, -7.786224788102496, 0.0 ], [ 109.739574145717654, -7.786219240710111, 0.0 ], [ 109.739527965942429, -7.786202830343554, 0.0 ], [ 109.739520960340101, -7.786200051175869, 0.0 ], [ 109.739518196700274, -7.786199358760872, 0.0 ], [ 109.739210931376917, -7.786090169319564, 0.0 ], [ 109.739190267257896, -7.78608235720104, 0.0 ], [ 109.73916491355854, -7.786072467509817, 0.0 ], [ 109.739149894336634, -7.78606669002057, 0.0 ], [ 109.739126561998347, -7.786057427957757, 0.0 ], [ 109.739109780243496, -7.786050766238963, 0.0 ], [ 109.739072038408352, -7.786035312008234, 0.0 ], [ 109.739070016624822, -7.786034494993014, 0.0 ], [ 109.739068557668006, -7.786033886739315, 0.0 ], [ 109.739033130655599, -7.786015370831381, 0.0 ], [ 109.738997059778782, -7.785995438584231, 0.0 ], [ 109.738966713662393, -7.785977724662336, 0.0 ], [ 109.738846918845439, -7.785924036789341, 0.0 ], [ 109.738845168178557, -7.785923252306479, 0.0 ], [ 109.738841241254846, -7.785921492283587, 0.0 ], [ 109.738806480996402, -7.785905913882726, 0.0 ], [ 109.7387909854219, -7.78589896929062, 0.0 ], [ 109.738715769010184, -7.785865259873392, 0.0 ], [ 109.738690448205389, -7.785853870102888, 0.0 ], [ 109.738679118597275, -7.785848834387419, 0.0 ], [ 109.738590296819353, -7.785809027431217, 0.0 ], [ 109.738576004221855, -7.785800251178805, 0.0 ], [ 109.738567252491279, -7.785798469338333, 0.0 ], [ 109.738548341991674, -7.785790017273032, 0.0 ], [ 109.738535857035416, -7.785784360212311, 0.0 ], [ 109.738511318417466, -7.785773631925158, 0.0 ], [ 109.738464824666764, -7.785752794957165, 0.0 ], [ 109.73846175807455, -7.785746436121308, 0.0 ], [ 109.738455399490178, -7.785743733385992, 0.0 ], [ 109.738439730576644, -7.785737073245304, 0.0 ], [ 109.73842459255853, -7.785727589118128, 0.0 ], [ 109.738399454965403, -7.785722394915758, 0.0 ], [ 109.738381662264771, -7.785714457336103, 0.0 ], [ 109.738346762426914, -7.785699824140178, 0.0 ], [ 109.738343518306053, -7.785698429405777, 0.0 ], [ 109.738339352552458, -7.785696562451148, 0.0 ], [ 109.73833593449649, -7.785688960418817, 0.0 ], [ 109.738343640270486, -7.785657658680885, 0.0 ], [ 109.738347261700923, -7.785644298740239, 0.0 ] ] ] ] } },
{ "type": "Feature", "properties": { "Join_Count": 1, "TARGET_FID": 39, "JOIN_FID": 29, "Id": 29, "Contour": 360.0, "Shape_Leng": 25.0482169428, "Skor": 2.0, "Shape_Le_1": 25.048216943700002, "Shape_Area": 13.072683529000001 }, "geometry": { "type": "Polygon", "coordinates": [ [ [ 109.738328279116033, -7.785640670330831, 0.0 ], [ 109.738296052454288, -7.785648946541837, 0.0 ], [ 109.738284378883407, -7.785643825355113, 0.0 ], [ 109.738238399940187, -7.785647129766227, 0.0 ], [ 109.738231659317194, -7.785645715882467, 0.0 ], [ 109.7382279582188, -7.78564406796418, 0.0 ], [ 109.738218820593275, -7.785640344614235, 0.0 ], [ 109.738224241713851, -7.785632924731266, 0.0 ], [ 109.738231704989772, -7.785630449553916, 0.0 ], [ 109.738328279116033, -7.785640670330831, 0.0 ] ] ] } },
{ "type": "Feature", "properties": { "Join_Count": 1, "TARGET_FID": 40, "JOIN_FID": 29, "Id": 29, "Contour": 360.0, "Shape_Leng": 25.0482169428, "Skor": 2.0, "Shape_Le_1": 3548.9415310600002, "Shape_Area": 26559.4955625 }, "geometry": { "type": "MultiPolygon", "coordinates": [ [ [ [ 109.744162000000131, -7.788166, 0.0 ], [ 109.744132831333218, -7.788307356052226, 0.0 ], [ 109.744117506916382, -7.788270494790124, 0.0 ], [ 109.744104814894712, -7.788239965612319, 0.0 ], [ 109.744099562320031, -7.788227331172771, 0.0 ], [ 109.744076311195087, -7.788171402997467, 0.0 ], [ 109.744065077885168, -7.788144382605294, 0.0 ], [ 109.744162000000131, -7.788166, 0.0 ] ] ], [ [ [ 109.743350926362865, -7.786679298382762, 0.0 ], [ 109.743371154663677, -7.786885220285879, 0.0 ], [ 109.743365455501831, -7.786884532947889, 0.0 ], [ 109.743100792158003, -7.786852613665586, 0.0 ], [ 109.743078624212842, -7.786849940159462, 0.0 ], [ 109.743065414000498, -7.786848346957462, 0.0 ], [ 109.743044803685322, -7.786845861298247, 0.0 ], [ 109.742890618721617, -7.786827265929156, 0.0 ], [ 109.742876838285639, -7.786825603949781, 0.0 ], [ 109.742875008355625, -7.786825393964735, 0.0 ], [ 109.74282817012427, -7.786819777214711, 0.0 ], [ 109.742820849541275, -7.786818946659447, 0.0 ], [ 109.742811778581526, -7.786817982496607, 0.0 ], [ 109.74277783607377, -7.786813985761975, 0.0 ], [ 109.74276485975318, -7.786812640417811, 0.0 ], [ 109.742748969330918, -7.786810992925777, 0.0 ], [ 109.742727201558665, -7.786808492189967, 0.0 ], [ 109.74270886906487, -7.786806637063299, 0.0 ], [ 109.742686602945611, -7.786804447657319, 0.0 ], [ 109.742676223500638, -7.786803339212076, 0.0 ], [ 109.742652877033763, -7.786801084953577, 0.0 ], [ 109.742623778103535, -7.786798544966065, 0.0 ], [ 109.74259688302395, -7.786796197340713, 0.0 ], [ 109.742574046006922, -7.786793252724084, 0.0 ], [ 109.742562820812495, -7.786792310842984, 0.0 ], [ 109.742540893827254, -7.786789696455483, 0.0 ], [ 109.74252434727758, -7.786786831383135, 0.0 ], [ 109.742499693503618, -7.78678500211722, 0.0 ], [ 109.742473838845513, -7.786781212792997, 0.0 ], [ 109.742437778231036, -7.786778909391082, 0.0 ], [ 109.742422009065422, -7.786776904212419, 0.0 ], [ 109.742377442025941, -7.78677440091093, 0.0 ], [ 109.742372915224507, -7.786773892216226, 0.0 ], [ 109.742369358466348, -7.786773409401659, 0.0 ], [ 109.742331360797493, -7.786769747966668, 0.0 ], [ 109.742318887192553, -7.786767753959795, 0.0 ], [ 109.742316925645397, -7.786767523254327, 0.0 ], [ 109.742314287149327, -7.786767064488476, 0.0 ], [ 109.742302313077346, -7.786764139967818, 0.0 ], [ 109.742523182307067, -7.786602134957477, 0.0 ], [ 109.742540583264727, -7.786603653834669, 0.0 ], [ 109.742597442346991, -7.786608617027005, 0.0 ], [ 109.742653436332517, -7.786613504554991, 0.0 ], [ 109.742709430320133, -7.786618392221422, 0.0 ], [ 109.742765424310591, -7.786623279734973, 0.0 ], [ 109.742821418303123, -7.786628167387056, 0.0 ], [ 109.74287741229854, -7.786633054886207, 0.0 ], [ 109.742933406296046, -7.786637942523854, 0.0 ], [ 109.742989400296409, -7.786642830008623, 0.0 ], [ 109.743045394298832, -7.786647717631971, 0.0 ], [ 109.743101388304154, -7.786652605102355, 0.0 ], [ 109.743157382311537, -7.786657492711288, 0.0 ], [ 109.743160138714885, -7.786657737450233, 0.0 ], [ 109.743191578532802, -7.786660580438979, 0.0 ], [ 109.743211505313255, -7.786662505158723, 0.0 ], [ 109.743213375341099, -7.786662709244103, 0.0 ], [ 109.743350926362865, -7.786679298382762, 0.0 ] ] ], [ [ [ 109.739271297790467, -7.78556291439669, 0.0 ], [ 109.739296057638953, -7.785565534788677, 0.0 ], [ 109.739316974240964, -7.785560081484192, 0.0 ], [ 109.740554000000117, -7.785827, 0.0 ], [ 109.740543335750786, -7.785875093372913, 0.0 ], [ 109.740524820016063, -7.785873133841886, 0.0 ], [ 109.74041534081357, -7.785861547844579, 0.0 ], [ 109.740359350099425, -7.7858556222957, 0.0 ], [ 109.74024736867861, -7.785843771448583, 0.0 ], [ 109.740191377972735, -7.785837845878269, 0.0 ], [ 109.740079396568376, -7.785825994988273, 0.0 ], [ 109.740023405870758, -7.785820069396517, 0.0 ], [ 109.739995410522724, -7.785817106667641, 0.0 ], [ 109.739915729126011, -7.78580867401771, 0.0 ], [ 109.739906130176067, -7.785807658152177, 0.0 ], [ 109.739864971644366, -7.78580330225306, 0.0 ], [ 109.73985543379348, -7.78580229285369, 0.0 ], [ 109.739799443106449, -7.785796367369426, 0.0 ], [ 109.739781276242454, -7.785794444749459, 0.0 ], [ 109.739763456500427, -7.785792558883527, 0.0 ], [ 109.739718849282269, -7.785787838034761, 0.0 ], [ 109.739712698988086, -7.785787187133455, 0.0 ], [ 109.739687461741013, -7.785784516243313, 0.0 ], [ 109.739631471062211, -7.78577859073761, 0.0 ], [ 109.739575480386577, -7.785772665088689, 0.0 ], [ 109.739463499042742, -7.785760814041481, 0.0 ], [ 109.739408153805314, -7.785754956677809, 0.0 ], [ 109.739357396236869, -7.785749584960923, 0.0 ], [ 109.739344287683338, -7.785748197660799, 0.0 ], [ 109.739306638683203, -7.785744213225248, 0.0 ], [ 109.739281860778235, -7.785741590916388, 0.0 ], [ 109.739255881213097, -7.785738841402955, 0.0 ], [ 109.739239536388837, -7.785737111592477, 0.0 ], [ 109.739183545732047, -7.785731186029538, 0.0 ], [ 109.739155550404789, -7.785728223211457, 0.0 ], [ 109.739103608650666, -7.785722726065591, 0.0 ], [ 109.739094580002558, -7.785721770548776, 0.0 ], [ 109.739071564427078, -7.785719334746288, 0.0 ], [ 109.739015573778559, -7.78571340916191, 0.0 ], [ 109.739002093583849, -7.785711982513455, 0.0 ], [ 109.738969726170239, -7.785708556928019, 0.0 ], [ 109.738951336133567, -7.785706610649538, 0.0 ], [ 109.738907299294937, -7.785701950140139, 0.0 ], [ 109.738903592490118, -7.785701557835785, 0.0 ], [ 109.738849821049115, -7.785695867091236, 0.0 ], [ 109.738799063621229, -7.785690495196765, 0.0 ], [ 109.738791611212704, -7.785689706481074, 0.0 ], [ 109.738735620577913, -7.785683780860969, 0.0 ], [ 109.738720018618096, -7.785682129648325, 0.0 ], [ 109.738697548565924, -7.785679751587099, 0.0 ], [ 109.73865759172233, -7.785675522792367, 0.0 ], [ 109.738646791107314, -7.785674379707242, 0.0 ], [ 109.73862363931697, -7.785671929463388, 0.0 ], [ 109.738567648690434, -7.785666003825098, 0.0 ], [ 109.738545276090591, -7.785663636039798, 0.0 ], [ 109.738532737953363, -7.785662309060298, 0.0 ], [ 109.738494518641858, -7.785658264145568, 0.0 ], [ 109.738470311070969, -7.785655702180956, 0.0 ], [ 109.738455667446061, -7.785654152384655, 0.0 ], [ 109.73839967682774, -7.785648226721645, 0.0 ], [ 109.738388334275172, -7.785652149665591, 0.0 ], [ 109.738347261700923, -7.785644298740239, 0.0 ], [ 109.738343640270486, -7.785657658680885, 0.0 ], [ 109.73833593449649, -7.785688960418817, 0.0 ], [ 109.738339352552458, -7.785696562451148, 0.0 ], [ 109.738343518306053, -7.785698429405777, 0.0 ], [ 109.738346762426914, -7.785699824140178, 0.0 ], [ 109.738381662264771, -7.785714457336103, 0.0 ], [ 109.738399454965403, -7.785722394915758, 0.0 ], [ 109.73842459255853, -7.785727589118128, 0.0 ], [ 109.738439730576644, -7.785737073245304, 0.0 ], [ 109.738455399490178, -7.785743733385992, 0.0 ], [ 109.73846175807455, -7.785746436121308, 0.0 ], [ 109.738464824666764, -7.785752794957165, 0.0 ], [ 109.738511318417466, -7.785773631925158, 0.0 ], [ 109.738535857035416, -7.785784360212311, 0.0 ], [ 109.738548341991674, -7.785790017273032, 0.0 ], [ 109.738567252491279, -7.785798469338333, 0.0 ], [ 109.738576004221855, -7.785800251178805, 0.0 ], [ 109.738590296819353, -7.785809027431217, 0.0 ], [ 109.738679118597275, -7.785848834387419, 0.0 ], [ 109.738690448205389, -7.785853870102888, 0.0 ], [ 109.738715769010184, -7.785865259873392, 0.0 ], [ 109.7387909854219, -7.78589896929062, 0.0 ], [ 109.738806480996402, -7.785905913882726, 0.0 ], [ 109.738841241254846, -7.785921492283587, 0.0 ], [ 109.738845168178557, -7.785923252306479, 0.0 ], [ 109.738846918845439, -7.785924036789341, 0.0 ], [ 109.738966713662393, -7.785977724662336, 0.0 ], [ 109.738997059778782, -7.785995438584231, 0.0 ], [ 109.739033130655599, -7.786015370831381, 0.0 ], [ 109.739068557668006, -7.786033886739315, 0.0 ], [ 109.739070016624822, -7.786034494993014, 0.0 ], [ 109.739072038408352, -7.786035312008234, 0.0 ], [ 109.739109780243496, -7.786050766238963, 0.0 ], [ 109.739126561998347, -7.786057427957757, 0.0 ], [ 109.739149894336634, -7.78606669002057, 0.0 ], [ 109.73916491355854, -7.786072467509817, 0.0 ], [ 109.739190267257896, -7.78608235720104, 0.0 ], [ 109.739210931376917, -7.786090169319564, 0.0 ], [ 109.739518196700274, -7.786199358760872, 0.0 ], [ 109.739520960340101, -7.786200051175869, 0.0 ], [ 109.739527965942429, -7.786202830343554, 0.0 ], [ 109.739574145717654, -7.786219240710111, 0.0 ], [ 109.739595942938266, -7.786224788102496, 0.0 ], [ 109.739606537351179, -7.786226595878252, 0.0 ], [ 109.739630109763283, -7.786234096285547, 0.0 ], [ 109.739651555597533, -7.786237657646293, 0.0 ], [ 109.739668050531137, -7.786241107349672, 0.0 ], [ 109.739686087628456, -7.78624432931835, 0.0 ], [ 109.739699016344744, -7.786246297901491, 0.0 ], [ 109.739733733362073, -7.786250980624198, 0.0 ], [ 109.739742072517615, -7.786252213209624, 0.0 ], [ 109.73974825621552, -7.786253174312956, 0.0 ], [ 109.739791067013741, -7.786259471649728, 0.0 ], [ 109.73979714823767, -7.786260395584719, 0.0 ], [ 109.739798056130013, -7.786260525430437, 0.0 ], [ 109.739799270962834, -7.786260708174978, 0.0 ], [ 109.739845414806268, -7.786268236932126, 0.0 ], [ 109.73985403777688, -7.786269496558007, 0.0 ], [ 109.739865732370831, -7.786271362566628, 0.0 ], [ 109.739893878527184, -7.786275882822069, 0.0 ], [ 109.739910019473996, -7.786278452066194, 0.0 ], [ 109.739938010287574, -7.786282941956843, 0.0 ], [ 109.739990600999946, -7.786291377794002, 0.0 ], [ 109.739998653325046, -7.786292669436405, 0.0 ], [ 109.740038953614288, -7.78629913382346, 0.0 ], [ 109.740065122333178, -7.786303331405312, 0.0 ], [ 109.740087306259383, -7.78630688982176, 0.0 ], [ 109.740131591395951, -7.786313993419578, 0.0 ], [ 109.740184011520014, -7.786322401835142, 0.0 ], [ 109.740198060392302, -7.786324655345932, 0.0 ], [ 109.74023236413241, -7.786330157859763, 0.0 ], [ 109.740264529455771, -7.786335317327432, 0.0 ], [ 109.740280716781825, -7.786337913840425, 0.0 ], [ 109.740301890945133, -7.786341310281279, 0.0 ], [ 109.740357872598139, -7.786350289963076, 0.0 ], [ 109.740413854254442, -7.786359269718742, 0.0 ], [ 109.740463936570436, -7.786367303108571, 0.0 ], [ 109.740474127371542, -7.786368937755939, 0.0 ], [ 109.740525817578217, -7.786377229047249, 0.0 ], [ 109.740581799245135, -7.786386208781954, 0.0 ], [ 109.740637780915876, -7.786395188431884, 0.0 ], [ 109.740693762589885, -7.786404168149298, 0.0 ], [ 109.740749744267731, -7.786413147785179, 0.0 ], [ 109.740764797545978, -7.786414924018609, 0.0 ], [ 109.740795781421753, -7.786420110461085, 0.0 ], [ 109.740804321234322, -7.786421209378045, 0.0 ], [ 109.741278511753706, -7.786601839877324, 0.0 ], [ 109.741251865801203, -7.786597565785695, 0.0 ], [ 109.741197287891097, -7.786588811385362, 0.0 ], [ 109.741141306171727, -7.786579831725646, 0.0 ], [ 109.741083357105566, -7.786570536571362, 0.0 ], [ 109.741057333599088, -7.786566362326561, 0.0 ], [ 109.741052458457943, -7.786565580345421, 0.0 ], [ 109.741012527306239, -7.7865591752744, 0.0 ], [ 109.740985989325551, -7.78655491848515, 0.0 ], [ 109.740973361034563, -7.786552892866356, 0.0 ], [ 109.740917379329133, -7.786543913259616, 0.0 ], [ 109.740867469270455, -7.786535907484262, 0.0 ], [ 109.740833406777895, -7.786530443763398, 0.0 ], [ 109.740819116567934, -7.786528151574931, 0.0 ], [ 109.740777425081461, -7.786521464103383, 0.0 ], [ 109.740770763902503, -7.786520395621602, 0.0 ], [ 109.740720112932877, -7.786512271026323, 0.0 ], [ 109.740693452543468, -7.786507994597037, 0.0 ], [ 109.740637470855802, -7.786499014955209, 0.0 ], [ 109.740581489171873, -7.786490035225341, 0.0 ], [ 109.74046952581422, -7.786472075903246, 0.0 ], [ 109.740413544140921, -7.786463096155545, 0.0 ], [ 109.740357562470962, -7.78645411647533, 0.0 ], [ 109.740329571637361, -7.78644962661968, 0.0 ], [ 109.740321298530958, -7.786448299581874, 0.0 ], [ 109.740287237221494, -7.786442835991206, 0.0 ], [ 109.740254829447295, -7.786437637606289, 0.0 ], [ 109.740238884594476, -7.786435079973892, 0.0 ], [ 109.740188360430764, -7.786426975682478, 0.0 ], [ 109.740133635827021, -7.786418197535381, 0.0 ], [ 109.740077654174712, -7.786409217823315, 0.0 ], [ 109.740055528010188, -7.786405757750151, 0.0 ], [ 109.740045330744948, -7.786404197984932, 0.0 ], [ 109.740021671837056, -7.786400468697759, 0.0 ], [ 109.739996627069743, -7.786396789987683, 0.0 ], [ 109.739989598135892, -7.786395636700828, 0.0 ], [ 109.739965688606588, -7.786392019534766, 0.0 ], [ 109.739947805142933, -7.786389499217684, 0.0 ], [ 109.739924189756252, -7.786386038850662, 0.0 ], [ 109.739909704162727, -7.786383977590229, 0.0 ], [ 109.739853718669551, -7.786376287885761, 0.0 ], [ 109.739849586283952, -7.786375487742274, 0.0 ], [ 109.739817168745475, -7.786371267632047, 0.0 ], [ 109.739797733179884, -7.786368598090014, 0.0 ], [ 109.73979451907033, -7.786367992963662, 0.0 ], [ 109.739754082827773, -7.78635878418699, 0.0 ], [ 109.739741760342213, -7.786356675680443, 0.0 ], [ 109.739720615593285, -7.786349871955604, 0.0 ], [ 109.739710780591977, -7.786346021142639, 0.0 ], [ 109.73968580330768, -7.786339466798062, 0.0 ], [ 109.739657828786818, -7.786329525852699, 0.0 ], [ 109.739629854267477, -7.786319584918581, 0.0 ], [ 109.739601879749856, -7.786309643953733, 0.0 ], [ 109.739294160159886, -7.786200293163775, 0.0 ], [ 109.738982352971306, -7.786089489542601, 0.0 ], [ 109.738965337719492, -7.78608258109399, 0.0 ], [ 109.738941785838477, -7.786072708155051, 0.0 ], [ 109.738925793296673, -7.786066092527787, 0.0 ], [ 109.738886533694426, -7.786049321588962, 0.0 ], [ 109.738850056582194, -7.786033236865409, 0.0 ], [ 109.738847879421613, -7.786031950527638, 0.0 ], [ 109.73884659853988, -7.78603114829003, 0.0 ], [ 109.738841070470812, -7.786027686468484, 0.0 ], [ 109.738813303707815, -7.786010535964642, 0.0 ], [ 109.738790696082646, -7.78599572162107, 0.0 ], [ 109.738779321507621, -7.785988532990849, 0.0 ], [ 109.738761252440909, -7.785977113530158, 0.0 ], [ 109.738742627776546, -7.785969218240035, 0.0 ], [ 109.73871438319928, -7.785956607046577, 0.0 ], [ 109.738703829797217, -7.785951989655071, 0.0 ], [ 109.738665486345795, -7.785934310445025, 0.0 ], [ 109.738637833113344, -7.785920887202712, 0.0 ], [ 109.738509991926492, -7.785863593101379, 0.0 ], [ 109.738455114527341, -7.785838998859225, 0.0 ], [ 109.738434078208456, -7.785829571057211, 0.0 ], [ 109.738371214457771, -7.785801397594406, 0.0 ], [ 109.738135944421785, -7.785695957146498, 0.0 ], [ 109.738119514351808, -7.785688593720712, 0.0 ], [ 109.738106298871401, -7.785682670960575, 0.0 ], [ 109.738085893059306, -7.785673525730118, 0.0 ], [ 109.738063581015822, -7.785663526166806, 0.0 ], [ 109.738010472382641, -7.785639724552682, 0.0 ], [ 109.738008538935077, -7.785638828820416, 0.0 ], [ 109.738007647687454, -7.785638458616221, 0.0 ], [ 109.737885000225958, -7.785583491926544, 0.0 ], [ 109.737854168285239, -7.785569100310048, 0.0 ], [ 109.737839847747708, -7.78556325598477, 0.0 ], [ 109.737759528263325, -7.785527259268917, 0.0 ], [ 109.737740756386472, -7.785514458188291, 0.0 ], [ 109.737727985555296, -7.785511652019452, 0.0 ], [ 109.737700240307547, -7.785499374762747, 0.0 ], [ 109.737699938045353, -7.785499232602788, 0.0 ], [ 109.737672047876586, -7.785488053231477, 0.0 ], [ 109.737634056338976, -7.785471026579394, 0.0 ], [ 109.737629820985418, -7.785457750531322, 0.0 ], [ 109.737651, -7.785417998999965, 0.0 ], [ 109.738551486980398, -7.785486734753998, 0.0 ], [ 109.738568179582387, -7.785488501378869, 0.0 ], [ 109.738624170185361, -7.785494427152567, 0.0 ], [ 109.738736151400417, -7.78550627840661, 0.0 ], [ 109.738792142011647, -7.785512204158874, 0.0 ], [ 109.738904123243159, -7.785524055370042, 0.0 ], [ 109.738960886654979, -7.785530062886401, 0.0 ], [ 109.739016104485302, -7.785535906688597, 0.0 ], [ 109.739021590225931, -7.785536487259697, 0.0 ], [ 109.739062401707343, -7.785540806412254, 0.0 ], [ 109.739084017087833, -7.785543094033744, 0.0 ], [ 109.739113159144694, -7.785546178253464, 0.0 ], [ 109.739128085738429, -7.785547757975302, 0.0 ], [ 109.739184076369341, -7.785553683541611, 0.0 ], [ 109.739208870874805, -7.785556307607082, 0.0 ], [ 109.739214674176239, -7.78555692177962, 0.0 ], [ 109.739265431648505, -7.785562293577456, 0.0 ], [ 109.739271297790467, -7.78556291439669, 0.0 ] ], [ [ 109.738231659317194, -7.785645715882467, 0.0 ], [ 109.738238399940187, -7.785647129766227, 0.0 ], [ 109.738284378883407, -7.785643825355113, 0.0 ], [ 109.738296052454288, -7.785648946541837, 0.0 ], [ 109.738328279116033, -7.785640670330831, 0.0 ], [ 109.738231704989772, -7.785630449553916, 0.0 ], [ 109.738224241713851, -7.785632924731266, 0.0 ], [ 109.738218820593275, -7.785640344614235, 0.0 ], [ 109.7382279582188, -7.78564406796418, 0.0 ], [ 109.738231659317194, -7.785645715882467, 0.0 ] ] ] ] } },
{ "type": "Feature", "properties": { "Join_Count": 1, "TARGET_FID": 41, "JOIN_FID": 44, "Id": 44, "Contour": 320.0, "Shape_Leng": 1984.0887709399999, "Skor": 2.0, "Shape_Le_1": 4477.2578878000004, "Shape_Area": 48968.315461500002 }, "geometry": { "type": "MultiPolygon", "coordinates": [ [ [ [ 109.744132831333218, -7.788307356052226, 0.0 ], [ 109.744065183080323, -7.788635189844463, 0.0 ], [ 109.744055070374955, -7.788610864802433, 0.0 ], [ 109.744046503960803, -7.788590259296626, 0.0 ], [ 109.744034878317379, -7.788562295206705, 0.0 ], [ 109.744011627193373, -7.78850636702713, 0.0 ], [ 109.743992143266567, -7.78845950075861, 0.0 ], [ 109.743988375928012, -7.788450438846632, 0.0 ], [ 109.743985668970765, -7.78844392754763, 0.0 ], [ 109.7439730908103, -7.78841367202466, 0.0 ], [ 109.743964338106679, -7.788392618353318, 0.0 ], [ 109.743941873690304, -7.788338582485165, 0.0 ], [ 109.74391862243121, -7.788282654303316, 0.0 ], [ 109.743895371329998, -7.788226726121479, 0.0 ], [ 109.743880922670257, -7.788191971548269, 0.0 ], [ 109.743874715410271, -7.788177040684132, 0.0 ], [ 109.743865795177925, -7.788155583962278, 0.0 ], [ 109.743858319559948, -7.788137602087863, 0.0 ], [ 109.743848868990383, -7.788114869756116, 0.0 ], [ 109.743840295609957, -7.788094247339897, 0.0 ], [ 109.744065077885168, -7.788144382605294, 0.0 ], [ 109.744076311195087, -7.788171402997467, 0.0 ], [ 109.744099562320031, -7.788227331172771, 0.0 ], [ 109.744104814894712, -7.788239965612319, 0.0 ], [ 109.744117506916382, -7.788270494790124, 0.0 ], [ 109.744132831333218, -7.788307356052226, 0.0 ] ] ], [ [ [ 109.743371154663677, -7.786885220285879, 0.0 ], [ 109.743391382972902, -7.787091142236717, 0.0 ], [ 109.743100185859618, -7.787056022896491, 0.0 ], [ 109.743095973172615, -7.787055514839014, 0.0 ], [ 109.74304205216302, -7.787049011754571, 0.0 ], [ 109.742764254910014, -7.787015508255734, 0.0 ], [ 109.742748072329007, -7.787010575093833, 0.0 ], [ 109.74271906962403, -7.787005098495077, 0.0 ], [ 109.742708285544737, -7.787002344555878, 0.0 ], [ 109.742684496762664, -7.786994232448098, 0.0 ], [ 109.742660758040486, -7.78698575289002, 0.0 ], [ 109.742652333824552, -7.78698326470241, 0.0 ], [ 109.742635868205724, -7.786977649813765, 0.0 ], [ 109.74261867079548, -7.786971785363859, 0.0 ], [ 109.742596382110705, -7.78696418478409, 0.0 ], [ 109.742573028513789, -7.786961342364009, 0.0 ], [ 109.742562938049602, -7.78696050609163, 0.0 ], [ 109.742540392122521, -7.786957941982985, 0.0 ], [ 109.742521590734412, -7.786956645125391, 0.0 ], [ 109.742501892979234, -7.786955286458262, 0.0 ], [ 109.742484395038687, -7.78695407950718, 0.0 ], [ 109.742469832587233, -7.786952265504579, 0.0 ], [ 109.742436754023245, -7.786945959488723, 0.0 ], [ 109.742428414131794, -7.786944793396922, 0.0 ], [ 109.742422299694226, -7.786943696884263, 0.0 ], [ 109.742400248582257, -7.786937530076573, 0.0 ], [ 109.742372452522105, -7.786929038121298, 0.0 ], [ 109.742360364713178, -7.786925345199778, 0.0 ], [ 109.742335974682689, -7.786917893876626, 0.0 ], [ 109.742293031947057, -7.786904774486277, 0.0 ], [ 109.742280072670766, -7.786900815336649, 0.0 ], [ 109.742260537313442, -7.786894847124523, 0.0 ], [ 109.742215615529176, -7.786881123082825, 0.0 ], [ 109.742206912481834, -7.786878767693705, 0.0 ], [ 109.742204578645214, -7.786878111101447, 0.0 ], [ 109.742200439694315, -7.786876946678701, 0.0 ], [ 109.742162973491787, -7.786866636010342, 0.0 ], [ 109.742162686898382, -7.786866554010601, 0.0 ], [ 109.742302313077346, -7.786764139967818, 0.0 ], [ 109.742314287149327, -7.786767064488476, 0.0 ], [ 109.742316925645397, -7.786767523254327, 0.0 ], [ 109.742318887192553, -7.786767753959795, 0.0 ], [ 109.742331360797493, -7.786769747966668, 0.0 ], [ 109.742369358466348, -7.786773409401659, 0.0 ], [ 109.742372915224507, -7.786773892216226, 0.0 ], [ 109.742377442025941, -7.78677440091093, 0.0 ], [ 109.742422009065422, -7.786776904212419, 0.0 ], [ 109.742437778231036, -7.786778909391082, 0.0 ], [ 109.742473838845513, -7.786781212792997, 0.0 ], [ 109.742499693503618, -7.78678500211722, 0.0 ], [ 109.74252434727758, -7.786786831383135, 0.0 ], [ 109.742540893827254, -7.786789696455483, 0.0 ], [ 109.742562820812495, -7.786792310842984, 0.0 ], [ 109.742574046006922, -7.786793252724084, 0.0 ], [ 109.74259688302395, -7.786796197340713, 0.0 ], [ 109.742623778103535, -7.786798544966065, 0.0 ], [ 109.742652877033763, -7.786801084953577, 0.0 ], [ 109.742676223500638, -7.786803339212076, 0.0 ], [ 109.742686602945611, -7.786804447657319, 0.0 ], [ 109.74270886906487, -7.786806637063299, 0.0 ], [ 109.742727201558665, -7.786808492189967, 0.0 ], [ 109.742748969330918, -7.786810992925777, 0.0 ], [ 109.74276485975318, -7.786812640417811, 0.0 ], [ 109.74277783607377, -7.786813985761975, 0.0 ], [ 109.742811778581526, -7.786817982496607, 0.0 ], [ 109.742820849541275, -7.786818946659447, 0.0 ], [ 109.74282817012427, -7.786819777214711, 0.0 ], [ 109.742875008355625, -7.786825393964735, 0.0 ], [ 109.742876838285639, -7.786825603949781, 0.0 ], [ 109.742890618721617, -7.786827265929156, 0.0 ], [ 109.743044803685322, -7.786845861298247, 0.0 ], [ 109.743065414000498, -7.786848346957462, 0.0 ], [ 109.743078624212842, -7.786849940159462, 0.0 ], [ 109.743100792158003, -7.786852613665586, 0.0 ], [ 109.743365455501831, -7.786884532947889, 0.0 ], [ 109.743371154663677, -7.786885220285879, 0.0 ] ] ], [ [ [ 109.739316974240964, -7.785560081484192, 0.0 ], [ 109.739296057638953, -7.785565534788677, 0.0 ], [ 109.739271297790467, -7.78556291439669, 0.0 ], [ 109.739265431648505, -7.785562293577456, 0.0 ], [ 109.739214674176239, -7.78555692177962, 0.0 ], [ 109.739208870874805, -7.785556307607082, 0.0 ], [ 109.739184076369341, -7.785553683541611, 0.0 ], [ 109.739128085738429, -7.785547757975302, 0.0 ], [ 109.739113159144694, -7.785546178253464, 0.0 ], [ 109.739084017087833, -7.785543094033744, 0.0 ], [ 109.739062401707343, -7.785540806412254, 0.0 ], [ 109.739021590225931, -7.785536487259697, 0.0 ], [ 109.739016104485302, -7.785535906688597, 0.0 ], [ 109.738960886654979, -7.785530062886401, 0.0 ], [ 109.738904123243159, -7.785524055370042, 0.0 ], [ 109.738792142011647, -7.785512204158874, 0.0 ], [ 109.738736151400417, -7.78550627840661, 0.0 ], [ 109.738624170185361, -7.785494427152567, 0.0 ], [ 109.738568179582387, -7.785488501378869, 0.0 ], [ 109.738551486980398, -7.785486734753998, 0.0 ], [ 109.739210000000114, -7.785536998999952, 0.0 ], [ 109.739316974240964, -7.785560081484192, 0.0 ] ] ], [ [ [ 109.741278511753706, -7.786601839877324, 0.0 ], [ 109.741750622500348, -7.786781677496071, 0.0 ], [ 109.741744122668862, -7.786780649822874, 0.0 ], [ 109.741707608561853, -7.786774677485143, 0.0 ], [ 109.741695861799769, -7.786772802900573, 0.0 ], [ 109.741665388434228, -7.786767771800568, 0.0 ], [ 109.74164483195176, -7.786764474499852, 0.0 ], [ 109.741599280576949, -7.786757168020165, 0.0 ], [ 109.741588850190453, -7.786755494968562, 0.0 ], [ 109.741532868432699, -7.786746515436741, 0.0 ], [ 109.741476886678683, -7.786737535816944, 0.0 ], [ 109.741420904927992, -7.786728556271142, 0.0 ], [ 109.741405869648375, -7.786726144580203, 0.0 ], [ 109.741375104380694, -7.786721209788761, 0.0 ], [ 109.741357516907968, -7.786718388720835, 0.0 ], [ 109.741308635186329, -7.78671054795121, 0.0 ], [ 109.741252959697448, -7.786701617507278, 0.0 ], [ 109.741196977961181, -7.786692637852383, 0.0 ], [ 109.741140996228154, -7.786683658271508, 0.0 ], [ 109.741115753355132, -7.786679609242215, 0.0 ], [ 109.741109227782403, -7.78667856252855, 0.0 ], [ 109.741067400640006, -7.786671853341741, 0.0 ], [ 109.741042758632929, -7.786667900677441, 0.0 ], [ 109.741019047949393, -7.786664097416697, 0.0 ], [ 109.740973051050744, -7.786656719402386, 0.0 ], [ 109.740922342560395, -7.78664858556381, 0.0 ], [ 109.740889078474055, -7.786643249913376, 0.0 ], [ 109.74087398984021, -7.786640829658509, 0.0 ], [ 109.740833096760625, -7.786634270261498, 0.0 ], [ 109.740825637163283, -7.786633073709334, 0.0 ], [ 109.740776882159324, -7.786625253242107, 0.0 ], [ 109.740749124197222, -7.786620800762377, 0.0 ], [ 109.740693142492518, -7.786611821125314, 0.0 ], [ 109.740637160791678, -7.786602841400295, 0.0 ], [ 109.740553188246665, -7.786589371919319, 0.0 ], [ 109.740525197400103, -7.786584882087818, 0.0 ], [ 109.740469215709865, -7.786575902341712, 0.0 ], [ 109.74041323402291, -7.786566922669567, 0.0 ], [ 109.740357252339763, -7.786557942909462, 0.0 ], [ 109.740342098801491, -7.7865555255559, 0.0 ], [ 109.740311609314773, -7.786550630682457, 0.0 ], [ 109.74030127061414, -7.786548978547352, 0.0 ], [ 109.740293648896369, -7.786547865969295, 0.0 ], [ 109.740246140332729, -7.786540120088582, 0.0 ], [ 109.740245288983601, -7.786539983530067, 0.0 ], [ 109.740245130775676, -7.786539959231619, 0.0 ], [ 109.740196517321507, -7.786532776564038, 0.0 ], [ 109.740189305368915, -7.786531653870514, 0.0 ], [ 109.74017957862776, -7.786530217206296, 0.0 ], [ 109.740147310000395, -7.786525867878562, 0.0 ], [ 109.740133320517387, -7.786523739331055, 0.0 ], [ 109.740114704172555, -7.786521155095077, 0.0 ], [ 109.740098173453049, -7.786518889023589, 0.0 ], [ 109.740077335190549, -7.786515984942871, 0.0 ], [ 109.740045365643027, -7.786511593859403, 0.0 ], [ 109.739999530226754, -7.786505298257777, 0.0 ], [ 109.739985261897374, -7.786503338479861, 0.0 ], [ 109.739965364160213, -7.786500605480486, 0.0 ], [ 109.739951040065222, -7.786497678563854, 0.0 ], [ 109.739919759684142, -7.786493646497909, 0.0 ], [ 109.739909382063416, -7.786491773348041, 0.0 ], [ 109.739902943499402, -7.786489668651038, 0.0 ], [ 109.739871904311087, -7.786483148722307, 0.0 ], [ 109.739857029535045, -7.786479494890839, 0.0 ], [ 109.739853412186264, -7.786478853069849, 0.0 ], [ 109.739847139548317, -7.786476813115703, 0.0 ], [ 109.739815821029808, -7.786464656099336, 0.0 ], [ 109.739797460960446, -7.786459692927726, 0.0 ], [ 109.739741511897762, -7.786439811001312, 0.0 ], [ 109.739713537368743, -7.786429870038975, 0.0 ], [ 109.739629613791251, -7.786400047132248, 0.0 ], [ 109.739573664747326, -7.786380165247742, 0.0 ], [ 109.73946176667873, -7.786340401339217, 0.0 ], [ 109.739442481951599, -7.786333548340551, 0.0 ], [ 109.739318422075485, -7.786289462591384, 0.0 ], [ 109.739235715511796, -7.786260072066481, 0.0 ], [ 109.739069749800052, -7.786201094603506, 0.0 ], [ 109.738753774586257, -7.786088809642486, 0.0 ], [ 109.738740307597823, -7.786082904599981, 0.0 ], [ 109.738718925599031, -7.786073217030679, 0.0 ], [ 109.738701684392808, -7.786065502730158, 0.0 ], [ 109.738663376370809, -7.786047788386494, 0.0 ], [ 109.738631555346885, -7.78603258687847, 0.0 ], [ 109.738542751329447, -7.785976463502377, 0.0 ], [ 109.738521160686048, -7.785966009322119, 0.0 ], [ 109.738510758892772, -7.785960692164713, 0.0 ], [ 109.73848409574471, -7.785947062588313, 0.0 ], [ 109.738478491059155, -7.78594404076641, 0.0 ], [ 109.738454837844898, -7.785931494974462, 0.0 ], [ 109.738447531382945, -7.785927619578964, 0.0 ], [ 109.738434424851022, -7.785920282023909, 0.0 ], [ 109.738409860838402, -7.785909273245765, 0.0 ], [ 109.738370344813617, -7.785891563449332, 0.0 ], [ 109.738308952695931, -7.785864049502075, 0.0 ], [ 109.73823111048695, -7.785829163185214, 0.0 ], [ 109.738203143804768, -7.785816629435512, 0.0 ], [ 109.73817517712456, -7.785804095674504, 0.0 ], [ 109.737951443751385, -7.785703825467822, 0.0 ], [ 109.73780706430216, -7.785639119094668, 0.0 ], [ 109.737727710499698, -7.78560355520501, 0.0 ], [ 109.737713490702262, -7.785597182327629, 0.0 ], [ 109.737674803535995, -7.785579843883599, 0.0 ], [ 109.737618856295924, -7.785554770060208, 0.0 ], [ 109.737585980451399, -7.785540036119801, 0.0 ], [ 109.737629820985418, -7.785457750531322, 0.0 ], [ 109.737634056338976, -7.785471026579394, 0.0 ], [ 109.737672047876586, -7.785488053231477, 0.0 ], [ 109.737699938045353, -7.785499232602788, 0.0 ], [ 109.737700240307547, -7.785499374762747, 0.0 ], [ 109.737727985555296, -7.785511652019452, 0.0 ], [ 109.737740756386472, -7.785514458188291, 0.0 ], [ 109.737759528263325, -7.785527259268917, 0.0 ], [ 109.737839847747708, -7.78556325598477, 0.0 ], [ 109.737854168285239, -7.785569100310048, 0.0 ], [ 109.737885000225958, -7.785583491926544, 0.0 ], [ 109.738007647687454, -7.785638458616221, 0.0 ], [ 109.738008538935077, -7.785638828820416, 0.0 ], [ 109.738010472382641, -7.785639724552682, 0.0 ], [ 109.738063581015822, -7.785663526166806, 0.0 ], [ 109.738085893059306, -7.785673525730118, 0.0 ], [ 109.738106298871401, -7.785682670960575, 0.0 ], [ 109.738119514351808, -7.785688593720712, 0.0 ], [ 109.738135944421785, -7.785695957146498, 0.0 ], [ 109.738371214457771, -7.785801397594406, 0.0 ], [ 109.738434078208456, -7.785829571057211, 0.0 ], [ 109.738455114527341, -7.785838998859225, 0.0 ], [ 109.738509991926492, -7.785863593101379, 0.0 ], [ 109.738637833113344, -7.785920887202712, 0.0 ], [ 109.738665486345795, -7.785934310445025, 0.0 ], [ 109.738703829797217, -7.785951989655071, 0.0 ], [ 109.73871438319928, -7.785956607046577, 0.0 ], [ 109.738742627776546, -7.785969218240035, 0.0 ], [ 109.738761252440909, -7.785977113530158, 0.0 ], [ 109.738779321507621, -7.785988532990849, 0.0 ], [ 109.738790696082646, -7.78599572162107, 0.0 ], [ 109.738813303707815, -7.786010535964642, 0.0 ], [ 109.738841070470812, -7.786027686468484, 0.0 ], [ 109.73884659853988, -7.78603114829003, 0.0 ], [ 109.738847879421613, -7.786031950527638, 0.0 ], [ 109.738850056582194, -7.786033236865409, 0.0 ], [ 109.738886533694426, -7.786049321588962, 0.0 ], [ 109.738925793296673, -7.786066092527787, 0.0 ], [ 109.738941785838477, -7.786072708155051, 0.0 ], [ 109.738965337719492, -7.78608258109399, 0.0 ], [ 109.738982352971306, -7.786089489542601, 0.0 ], [ 109.739294160159886, -7.786200293163775, 0.0 ], [ 109.739601879749856, -7.786309643953733, 0.0 ], [ 109.739629854267477, -7.786319584918581, 0.0 ], [ 109.739657828786818, -7.786329525852699, 0.0 ], [ 109.73968580330768, -7.786339466798062, 0.0 ], [ 109.739710780591977, -7.786346021142639, 0.0 ], [ 109.739720615593285, -7.786349871955604, 0.0 ], [ 109.739741760342213, -7.786356675680443, 0.0 ], [ 109.739754082827773, -7.78635878418699, 0.0 ], [ 109.73979451907033, -7.786367992963662, 0.0 ], [ 109.739797733179884, -7.786368598090014, 0.0 ], [ 109.739817168745475, -7.786371267632047, 0.0 ], [ 109.739849586283952, -7.786375487742274, 0.0 ], [ 109.739853718669551, -7.786376287885761, 0.0 ], [ 109.739909704162727, -7.786383977590229, 0.0 ], [ 109.739924189756252, -7.786386038850662, 0.0 ], [ 109.739947805142933, -7.786389499217684, 0.0 ], [ 109.739965688606588, -7.786392019534766, 0.0 ], [ 109.739989598135892, -7.786395636700828, 0.0 ], [ 109.739996627069743, -7.786396789987683, 0.0 ], [ 109.740021671837056, -7.786400468697759, 0.0 ], [ 109.740045330744948, -7.786404197984932, 0.0 ], [ 109.740055528010188, -7.786405757750151, 0.0 ], [ 109.740077654174712, -7.786409217823315, 0.0 ], [ 109.740133635827021, -7.786418197535381, 0.0 ], [ 109.740188360430764, -7.786426975682478, 0.0 ], [ 109.740238884594476, -7.786435079973892, 0.0 ], [ 109.740254829447295, -7.786437637606289, 0.0 ], [ 109.740287237221494, -7.786442835991206, 0.0 ], [ 109.740321298530958, -7.786448299581874, 0.0 ], [ 109.740329571637361, -7.78644962661968, 0.0 ], [ 109.740357562470962, -7.78645411647533, 0.0 ], [ 109.740413544140921, -7.786463096155545, 0.0 ], [ 109.74046952581422, -7.786472075903246, 0.0 ], [ 109.740581489171873, -7.786490035225341, 0.0 ], [ 109.740637470855802, -7.786499014955209, 0.0 ], [ 109.740693452543468, -7.786507994597037, 0.0 ], [ 109.740720112932877, -7.786512271026323, 0.0 ], [ 109.740770763902503, -7.786520395621602, 0.0 ], [ 109.740777425081461, -7.786521464103383, 0.0 ], [ 109.740819116567934, -7.786528151574931, 0.0 ], [ 109.740833406777895, -7.786530443763398, 0.0 ], [ 109.740867469270455, -7.786535907484262, 0.0 ], [ 109.740917379329133, -7.786543913259616, 0.0 ], [ 109.740973361034563, -7.786552892866356, 0.0 ], [ 109.740985989325551, -7.78655491848515, 0.0 ], [ 109.741012527306239, -7.7865591752744, 0.0 ], [ 109.741052458457943, -7.786565580345421, 0.0 ], [ 109.741057333599088, -7.786566362326561, 0.0 ], [ 109.741083357105566, -7.786570536571362, 0.0 ], [ 109.741141306171727, -7.786579831725646, 0.0 ], [ 109.741197287891097, -7.786588811385362, 0.0 ], [ 109.741251865801203, -7.786597565785695, 0.0 ], [ 109.741278511753706, -7.786601839877324, 0.0 ] ] ], [ [ [ 109.736990897772984, -7.785144010368208, 0.0 ], [ 109.73701336979488, -7.785146388762782, 0.0 ], [ 109.737041655100171, -7.785149382449045, 0.0 ], [ 109.737056965839145, -7.785151002899848, 0.0 ], [ 109.737076829134423, -7.785153105157967, 0.0 ], [ 109.737023606548604, -7.785286866616671, 0.0 ], [ 109.737018049224631, -7.785284170917751, 0.0 ], [ 109.737000578271577, -7.785277676102051, 0.0 ], [ 109.736972611673167, -7.785265142250124, 0.0 ], [ 109.73695742135024, -7.785258334383027, 0.0 ], [ 109.736944645076548, -7.785252608416084, 0.0 ], [ 109.736928761049654, -7.785245489652651, 0.0 ], [ 109.736906080214837, -7.785228098341431, 0.0 ], [ 109.736888722626503, -7.785223955305185, 0.0 ], [ 109.736864685196494, -7.785213444472085, 0.0 ], [ 109.736853390913438, -7.785209985766516, 0.0 ], [ 109.736832778709143, -7.78520247305771, 0.0 ], [ 109.736804812122045, -7.785189939209255, 0.0 ], [ 109.736803289353489, -7.785189256747641, 0.0 ], [ 109.736799739316183, -7.785166446075175, 0.0 ], [ 109.736765123616294, -7.785145071208329, 0.0 ], [ 109.736735481337362, -7.785147711965916, 0.0 ], [ 109.736720936807274, -7.785144179346603, 0.0 ], [ 109.736713235115531, -7.785140820549565, 0.0 ], [ 109.736686685628385, -7.785133050230769, 0.0 ], [ 109.736706310330135, -7.785118444283791, 0.0 ], [ 109.736721022862127, -7.785115447519974, 0.0 ], [ 109.736833003843714, -7.785127299252219, 0.0 ], [ 109.736889382950324, -7.78513326637312, 0.0 ], [ 109.736944984835915, -7.785139151091907, 0.0 ], [ 109.736950943069118, -7.785139781698298, 0.0 ], [ 109.736990897772984, -7.785144010368208, 0.0 ] ] ] ] } },
{ "type": "Feature", "properties": { "Join_Count": 1, "TARGET_FID": 42, "JOIN_FID": 31, "Id": 31, "Contour": 360.0, "Shape_Leng": 372.89720087299997, "Skor": 2.0, "Shape_Le_1": 372.897200871, "Shape_Area": 9091.7467398900008 }, "geometry": { "type": "Polygon", "coordinates": [ [ [ 109.734390041808453, -7.786004154566096, 0.0 ], [ 109.734398, -7.785965, 0.0 ], [ 109.734552, -7.785397, 0.0 ], [ 109.734032701927163, -7.78523886844332, 0.0 ], [ 109.734032752842438, -7.785237341876774, 0.0 ], [ 109.734034560720801, -7.785183128973939, 0.0 ], [ 109.734034707159793, -7.785178737846858, 0.0 ], [ 109.734036494318644, -7.785125146334914, 0.0 ], [ 109.734036911704933, -7.785120859927877, 0.0 ], [ 109.734038533977213, -7.785075061853784, 0.0 ], [ 109.734039175162835, -7.785069295256252, 0.0 ], [ 109.734077267766992, -7.785057897710812, 0.0 ], [ 109.734088813312482, -7.785056714189097, 0.0 ], [ 109.734144813322857, -7.785059434439709, 0.0 ], [ 109.734424813404559, -7.785073035172477, 0.0 ], [ 109.734427600803656, -7.785073235293638, 0.0 ], [ 109.734475771348869, -7.785075627521187, 0.0 ], [ 109.73448081267324, -7.785076006403419, 0.0 ], [ 109.734487139380505, -7.785076945084222, 0.0 ], [ 109.73452829465721, -7.785079249036, 0.0 ], [ 109.734549083602928, -7.785083068503829, 0.0 ], [ 109.734578520519193, -7.785085148203732, 0.0 ], [ 109.734616040034368, -7.785094220783973, 0.0 ], [ 109.734624701893495, -7.785095057021162, 0.0 ], [ 109.734648754471039, -7.785103593366451, 0.0 ], [ 109.734663886325649, -7.785111902525738, 0.0 ], [ 109.734688484984005, -7.785127092359321, 0.0 ], [ 109.734698327576083, -7.785133450356607, 0.0 ], [ 109.734704660823027, -7.785137541446955, 0.0 ], [ 109.73476056070011, -7.785173651245847, 0.0 ], [ 109.734766354722979, -7.785177394014578, 0.0 ], [ 109.734800368406866, -7.785199365738573, 0.0 ], [ 109.734816460588092, -7.785209760812146, 0.0 ], [ 109.734862233712946, -7.785239328984022, 0.0 ], [ 109.734872360485767, -7.785245870573344, 0.0 ], [ 109.734900310438817, -7.785263925327055, 0.0 ], [ 109.734902409271825, -7.785265281100902, 0.0 ], [ 109.73493642289904, -7.785287252884007, 0.0 ], [ 109.734949108371708, -7.785295447275795, 0.0 ], [ 109.734969021386846, -7.785310627621535, 0.0 ], [ 109.734984160313047, -7.785318089699115, 0.0 ], [ 109.735035982793505, -7.785351565552502, 0.0 ], [ 109.735036068444117, -7.785355542959573, 0.0 ], [ 109.735040029210296, -7.785364546001838, 0.0 ], [ 109.735053128820653, -7.785394322008574, 0.0 ], [ 109.735072027245195, -7.78540753218338, 0.0 ], [ 109.735039791128003, -7.785443927942459, 0.0 ], [ 109.73503068139965, -7.785454213235799, 0.0 ], [ 109.735004407202339, -7.785483878462661, 0.0 ], [ 109.734983592570501, -7.785507379113483, 0.0 ], [ 109.734973338817824, -7.785518955968945, 0.0 ], [ 109.73492739399596, -7.785570830206138, 0.0 ], [ 109.734925584130934, -7.785572873658674, 0.0 ], [ 109.734899294702629, -7.785602555609327, 0.0 ], [ 109.734873035494118, -7.785632203877583, 0.0 ], [ 109.734871195403755, -7.785634281421211, 0.0 ], [ 109.734825306502415, -7.785686091588778, 0.0 ], [ 109.734814996796757, -7.785697731803338, 0.0 ], [ 109.734794212213899, -7.785721198890292, 0.0 ], [ 109.734767937774478, -7.785750863885643, 0.0 ], [ 109.734758798169878, -7.785761183062489, 0.0 ], [ 109.734726618786652, -7.785797515297072, 0.0 ], [ 109.734677274067337, -7.78585322713677, 0.0 ], [ 109.734646400867163, -7.785888084597641, 0.0 ], [ 109.734636565744282, -7.785899189049376, 0.0 ], [ 109.734610291282181, -7.785928854027915, 0.0 ], [ 109.7345902021885, -7.785951535828901, 0.0 ], [ 109.734578586271724, -7.785964650797157, 0.0 ], [ 109.734557210688564, -7.785987650558425, 0.0 ], [ 109.734534017095257, -7.786010453776545, 0.0 ], [ 109.734524266308995, -7.786010623464123, 0.0 ], [ 109.734489632357295, -7.78600865716321, 0.0 ], [ 109.734478013667101, -7.786008827178011, 0.0 ], [ 109.734422014285911, -7.78600585250724, 0.0 ], [ 109.734390041808453, -7.786004154566096, 0.0 ] ] ] } },
{ "type": "Feature", "properties": { "Join_Count": 1, "TARGET_FID": 43, "JOIN_FID": 31, "Id": 31, "Contour": 360.0, "Shape_Leng": 372.89720087299997, "Skor": 2.0, "Shape_Le_1": 1190.40851909, "Shape_Area": 34113.2714662 }, "geometry": { "type": "Polygon", "coordinates": [ [ [ 109.735025006850805, -7.785045057918667, 0.0 ], [ 109.735051, -7.785084, 0.0 ], [ 109.735091162019486, -7.78508779214736, 0.0 ], [ 109.73509685639786, -7.785091470554607, 0.0 ], [ 109.735119289055888, -7.785105961367642, 0.0 ], [ 109.735153302754426, -7.785127933065411, 0.0 ], [ 109.735208656235869, -7.78516368982212, 0.0 ], [ 109.735221329959714, -7.785171876657865, 0.0 ], [ 109.73525534367279, -7.785193848349079, 0.0 ], [ 109.735289357320895, -7.785215820105975, 0.0 ], [ 109.735307020187832, -7.785227229707505, 0.0 ], [ 109.735320456115531, -7.785235908862017, 0.0 ], [ 109.735327901119646, -7.785240718096483, 0.0 ], [ 109.735376356070205, -7.785272018567429, 0.0 ], [ 109.735391398281749, -7.785281735363447, 0.0 ], [ 109.735425412013839, -7.785303707043764, 0.0 ], [ 109.735432256035722, -7.785308128062923, 0.0 ], [ 109.735488156010845, -7.785344237779213, 0.0 ], [ 109.735493439279992, -7.785347650601285, 0.0 ], [ 109.735527453023423, -7.785369622275056, 0.0 ], [ 109.735561466698812, -7.785391594014415, 0.0 ], [ 109.735595480449931, -7.785413565680654, 0.0 ], [ 109.735599955993223, -7.785416456737461, 0.0 ], [ 109.735655855999156, -7.785452566436103, 0.0 ], [ 109.735663507754026, -7.785457509219584, 0.0 ], [ 109.735697521516499, -7.785479480882458, 0.0 ], [ 109.735731535210903, -7.785501452610904, 0.0 ], [ 109.735762274364035, -7.785521308983647, 0.0 ], [ 109.735765525117458, -7.785523447922924, 0.0 ], [ 109.735767656043123, -7.785524785359014, 0.0 ], [ 109.735823556079851, -7.785560895039936, 0.0 ], [ 109.735833576323103, -7.785567367783266, 0.0 ], [ 109.735849148934591, -7.785577427117937, 0.0 ], [ 109.735864454862309, -7.785592447685415, 0.0 ], [ 109.735879445354087, -7.785600598875802, 0.0 ], [ 109.735899086486384, -7.785613806816151, 0.0 ], [ 109.735934367459919, -7.785632552529989, 0.0 ], [ 109.735935356184754, -7.785633114154133, 0.0 ], [ 109.735936023533029, -7.785633545237983, 0.0 ], [ 109.735936253147969, -7.785634444474828, 0.0 ], [ 109.735935292171192, -7.785654472157427, 0.0 ], [ 109.735933396276664, -7.785687604722675, 0.0 ], [ 109.73593253412038, -7.785689393955693, 0.0 ], [ 109.735883190394205, -7.785745105966157, 0.0 ], [ 109.73583384581012, -7.785800817966093, 0.0 ], [ 109.73582279953844, -7.785813289858375, 0.0 ], [ 109.73580240720753, -7.785836314171294, 0.0 ], [ 109.735776132820433, -7.785865979239234, 0.0 ], [ 109.735766601023414, -7.785876741275884, 0.0 ], [ 109.735735158294332, -7.785912241947134, 0.0 ], [ 109.735710402492586, -7.785940192200564, 0.0 ], [ 109.735697309742193, -7.785954974530211, 0.0 ], [ 109.735671035548208, -7.785984639796948, 0.0 ], [ 109.735654203943483, -7.786003643464587, 0.0 ], [ 109.735636469877662, -7.786023665893749, 0.0 ], [ 109.735598005377724, -7.786067094504536, 0.0 ], [ 109.735592212455757, -7.786073635093224, 0.0 ], [ 109.735587126074776, -7.786079377856309, 0.0 ], [ 109.735541806796377, -7.786130544999854, 0.0 ], [ 109.735539663409256, -7.786132964982749, 0.0 ], [ 109.735513389192647, -7.786162630235947, 0.0 ], [ 109.735487114760986, -7.78619229527574, 0.0 ], [ 109.735485608195305, -7.786193996287924, 0.0 ], [ 109.735439093732353, -7.786246513693658, 0.0 ], [ 109.735429409577335, -7.786257447452296, 0.0 ], [ 109.735408291623514, -7.786281290556966, 0.0 ], [ 109.735382017388034, -7.786310955802066, 0.0 ], [ 109.735373210941958, -7.786320898664599, 0.0 ], [ 109.735340405159178, -7.786357937544488, 0.0 ], [ 109.735317012290793, -7.786384349361326, 0.0 ], [ 109.735303194105882, -7.78639995095548, 0.0 ], [ 109.735276919647134, -7.786429615980414, 0.0 ], [ 109.735260813620499, -7.786447800685711, 0.0 ], [ 109.735241717377363, -7.786469361365912, 0.0 ], [ 109.735192372620318, -7.78652507326212, 0.0 ], [ 109.735148416231013, -7.786574702341608, 0.0 ], [ 109.735145547520517, -7.786577941292081, 0.0 ], [ 109.735119273039118, -7.786607606303443, 0.0 ], [ 109.735104245948492, -7.786624572800116, 0.0 ], [ 109.735092998771492, -7.78663727153015, 0.0 ], [ 109.735044339961746, -7.786692208907939, 0.0 ], [ 109.735036018772476, -7.786701603959284, 0.0 ], [ 109.735014175299611, -7.786726266547165, 0.0 ], [ 109.734987900799368, -7.786755931547225, 0.0 ], [ 109.734979820015909, -7.786765055228687, 0.0 ], [ 109.734945652017217, -7.786803632633587, 0.0 ], [ 109.734896307180364, -7.786859344481889, 0.0 ], [ 109.734867422453846, -7.786891956784299, 0.0 ], [ 109.734856528465301, -7.78690425673118, 0.0 ], [ 109.734830253942434, -7.786933921717663, 0.0 ], [ 109.734811223645494, -7.786955408025794, 0.0 ], [ 109.734797619159067, -7.786970768159688, 0.0 ], [ 109.734776830597085, -7.786992374490231, 0.0 ], [ 109.734755046126935, -7.787011758100149, 0.0 ], [ 109.734740079609111, -7.787011528229933, 0.0 ], [ 109.73471530534998, -7.787010162071452, 0.0 ], [ 109.734699043171659, -7.787009927921432, 0.0 ], [ 109.734643043652383, -7.787006953258325, 0.0 ], [ 109.734587044132837, -7.787003979342448, 0.0 ], [ 109.734531044617498, -7.787001004664865, 0.0 ], [ 109.734475045101945, -7.786998030734443, 0.0 ], [ 109.734363046081199, -7.78699208134282, 0.0 ], [ 109.734307046571573, -7.786989107390649, 0.0 ], [ 109.734251047066152, -7.786986132676631, 0.0 ], [ 109.734195047560448, -7.786983158709896, 0.0 ], [ 109.734191100487052, -7.786982949039116, 0.0 ], [ 109.734390041808453, -7.786004154566096, 0.0 ], [ 109.734422014285911, -7.78600585250724, 0.0 ], [ 109.734478013667101, -7.786008827178011, 0.0 ], [ 109.734489632357295, -7.78600865716321, 0.0 ], [ 109.734524266308995, -7.786010623464123, 0.0 ], [ 109.734534017095257, -7.786010453776545, 0.0 ], [ 109.734557210688564, -7.785987650558425, 0.0 ], [ 109.734578586271724, -7.785964650797157, 0.0 ], [ 109.7345902021885, -7.785951535828901, 0.0 ], [ 109.734610291282181, -7.785928854027915, 0.0 ], [ 109.734636565744282, -7.785899189049376, 0.0 ], [ 109.734646400867163, -7.785888084597641, 0.0 ], [ 109.734677274067337, -7.78585322713677, 0.0 ], [ 109.734726618786652, -7.785797515297072, 0.0 ], [ 109.734758798169878, -7.785761183062489, 0.0 ], [ 109.734767937774478, -7.785750863885643, 0.0 ], [ 109.734794212213899, -7.785721198890292, 0.0 ], [ 109.734814996796757, -7.785697731803338, 0.0 ], [ 109.734825306502415, -7.785686091588778, 0.0 ], [ 109.734871195403755, -7.785634281421211, 0.0 ], [ 109.734873035494118, -7.785632203877583, 0.0 ], [ 109.734899294702629, -7.785602555609327, 0.0 ], [ 109.734925584130934, -7.785572873658674, 0.0 ], [ 109.73492739399596, -7.785570830206138, 0.0 ], [ 109.734973338817824, -7.785518955968945, 0.0 ], [ 109.734983592570501, -7.785507379113483, 0.0 ], [ 109.735004407202339, -7.785483878462661, 0.0 ], [ 109.73503068139965, -7.785454213235799, 0.0 ], [ 109.735039791128003, -7.785443927942459, 0.0 ], [ 109.735072027245195, -7.78540753218338, 0.0 ], [ 109.735053128820653, -7.785394322008574, 0.0 ], [ 109.735040029210296, -7.785364546001838, 0.0 ], [ 109.735036068444117, -7.785355542959573, 0.0 ], [ 109.735035982793505, -7.785351565552502, 0.0 ], [ 109.734984160313047, -7.785318089699115, 0.0 ], [ 109.734969021386846, -7.785310627621535, 0.0 ], [ 109.734949108371708, -7.785295447275795, 0.0 ], [ 109.73493642289904, -7.785287252884007, 0.0 ], [ 109.734902409271825, -7.785265281100902, 0.0 ], [ 109.734900310438817, -7.785263925327055, 0.0 ], [ 109.734872360485767, -7.785245870573344, 0.0 ], [ 109.734862233712946, -7.785239328984022, 0.0 ], [ 109.734816460588092, -7.785209760812146, 0.0 ], [ 109.734800368406866, -7.785199365738573, 0.0 ], [ 109.734766354722979, -7.785177394014578, 0.0 ], [ 109.73476056070011, -7.785173651245847, 0.0 ], [ 109.734704660823027, -7.785137541446955, 0.0 ], [ 109.734698327576083, -7.785133450356607, 0.0 ], [ 109.734688484984005, -7.785127092359321, 0.0 ], [ 109.734663886325649, -7.785111902525738, 0.0 ], [ 109.734648754471039, -7.785103593366451, 0.0 ], [ 109.734624701893495, -7.785095057021162, 0.0 ], [ 109.734616040034368, -7.785094220783973, 0.0 ], [ 109.734578520519193, -7.785085148203732, 0.0 ], [ 109.734549083602928, -7.785083068503829, 0.0 ], [ 109.73452829465721, -7.785079249036, 0.0 ], [ 109.734487139380505, -7.785076945084222, 0.0 ], [ 109.73448081267324, -7.785076006403419, 0.0 ], [ 109.734475771348869, -7.785075627521187, 0.0 ], [ 109.734427600803656, -7.785073235293638, 0.0 ], [ 109.734424813404559, -7.785073035172477, 0.0 ], [ 109.734144813322857, -7.785059434439709, 0.0 ], [ 109.734088813312482, -7.785056714189097, 0.0 ], [ 109.734077267766992, -7.785057897710812, 0.0 ], [ 109.734039175162835, -7.785069295256252, 0.0 ], [ 109.734038533977213, -7.785075061853784, 0.0 ], [ 109.734036911704933, -7.785120859927877, 0.0 ], [ 109.734036494318644, -7.785125146334914, 0.0 ], [ 109.734034707159793, -7.785178737846858, 0.0 ], [ 109.734034560720801, -7.785183128973939, 0.0 ], [ 109.734032752842438, -7.785237341876774, 0.0 ], [ 109.734032701927163, -7.78523886844332, 0.0 ], [ 109.733669874170445, -7.785128383264653, 0.0 ], [ 109.733670875235603, -7.785098367342955, 0.0 ], [ 109.733671029439819, -7.785093743329321, 0.0 ], [ 109.733671881380758, -7.785068198547413, 0.0 ], [ 109.733673744008996, -7.785012345035071, 0.0 ], [ 109.733674491181944, -7.784989941654964, 0.0 ], [ 109.733674871129082, -7.784978550110438, 0.0 ], [ 109.733675606806969, -7.784956491522975, 0.0 ], [ 109.733688752803275, -7.784948223917869, 0.0 ], [ 109.733709490676091, -7.784944228859728, 0.0 ], [ 109.733732362144352, -7.784935951586491, 0.0 ], [ 109.733753134587076, -7.784933368234136, 0.0 ], [ 109.733775770481657, -7.784934212458318, 0.0 ], [ 109.733786738811773, -7.784934482424563, 0.0 ], [ 109.733809136941616, -7.784935299113167, 0.0 ], [ 109.733977136907825, -7.784943459699367, 0.0 ], [ 109.733990493756892, -7.784944108513636, 0.0 ], [ 109.734021182661053, -7.784945599214619, 0.0 ], [ 109.734044046167085, -7.784946709816692, 0.0 ], [ 109.734079864735321, -7.784948449738876, 0.0 ], [ 109.734117136892593, -7.784950260219897, 0.0 ], [ 109.734369136895793, -7.78496250089117, 0.0 ], [ 109.734425136901535, -7.784965221103091, 0.0 ], [ 109.734649136944554, -7.784976101550823, 0.0 ], [ 109.734666685009259, -7.784976953927269, 0.0 ], [ 109.734686675229369, -7.784977924943383, 0.0 ], [ 109.734725367094214, -7.78497980434731, 0.0 ], [ 109.734740227653006, -7.784980526169475, 0.0 ], [ 109.734761136977326, -7.784981541810287, 0.0 ], [ 109.734817136996682, -7.78498426189028, 0.0 ], [ 109.734843748783703, -7.784986526061056, 0.0 ], [ 109.734846393905812, -7.784986659121125, 0.0 ], [ 109.734873130643194, -7.784989107294352, 0.0 ], [ 109.734896504166528, -7.78499267285954, 0.0 ], [ 109.734909299437447, -7.784996267843901, 0.0 ], [ 109.734929106047446, -7.785000035679118, 0.0 ], [ 109.734942654006332, -7.785002612908749, 0.0 ], [ 109.734980402917458, -7.785016245130313, 0.0 ], [ 109.73498505660092, -7.785019251260316, 0.0 ], [ 109.735017248173705, -7.785040046067478, 0.0 ], [ 109.735025006850805, -7.785045057918667, 0.0 ] ] ] } },
{ "type": "Feature", "properties": { "Join_Count": 1, "TARGET_FID": 44, "JOIN_FID": 41, "Id": 41, "Contour": 320.0, "Shape_Leng": 817.51131821800004, "Skor": 2.0, "Shape_Le_1": 2772.7022293800001, "Shape_Area": 90940.614923300003 }, "geometry": { "type": "MultiPolygon", "coordinates": [ [ [ [ 109.735574264268777, -7.785100443622212, 0.0 ], [ 109.735600851856177, -7.78511761828049, 0.0 ], [ 109.735619818967919, -7.785129870413141, 0.0 ], [ 109.735656751826866, -7.785153727924534, 0.0 ], [ 109.735676305263354, -7.785166358810891, 0.0 ], [ 109.735710319005634, -7.785188330469335, 0.0 ], [ 109.735723404650216, -7.785196783364571, 0.0 ], [ 109.735744332673562, -7.78521030219992, 0.0 ], [ 109.73576855179985, -7.785225946900256, 0.0 ], [ 109.735793568259837, -7.785242106696825, 0.0 ], [ 109.735824451801378, -7.785262056510475, 0.0 ], [ 109.735846373731405, -7.785276217352629, 0.0 ], [ 109.735880442942985, -7.785298224817319, 0.0 ], [ 109.735914401173375, -7.785320160726268, 0.0 ], [ 109.735936251835909, -7.785334275467031, 0.0 ], [ 109.735967317650932, -7.785354342923525, 0.0 ], [ 109.735992151868274, -7.785370385043348, 0.0 ], [ 109.736016442294485, -7.785386075839821, 0.0 ], [ 109.736036970259747, -7.785399336139351, 0.0 ], [ 109.736048051911268, -7.785406494480942, 0.0 ], [ 109.736054192383662, -7.785410461015571, 0.0 ], [ 109.736103951963969, -7.785442604110254, 0.0 ], [ 109.736118483437295, -7.785451990946612, 0.0 ], [ 109.736152497228986, -7.785473962573465, 0.0 ], [ 109.736186510952564, -7.78549593426916, 0.0 ], [ 109.736215752101316, -7.785514822959292, 0.0 ], [ 109.736221951314548, -7.785516491610426, 0.0 ], [ 109.736229416601532, -7.785522701552093, 0.0 ], [ 109.736255906377835, -7.785538521466997, 0.0 ], [ 109.736271658379124, -7.785548865270417, 0.0 ], [ 109.736296735776364, -7.785553736151257, 0.0 ], [ 109.736315231649201, -7.785566467144956, 0.0 ], [ 109.73632759667791, -7.785572223680621, 0.0 ], [ 109.736495743126341, -7.785531641658504, 0.0 ], [ 109.736529083591691, -7.785523594599652, 0.0 ], [ 109.736547320762369, -7.78551919289665, 0.0 ], [ 109.736559167477452, -7.785516333664068, 0.0 ], [ 109.736592334144291, -7.785508328939326, 0.0 ], [ 109.736607840748064, -7.785504586342308, 0.0 ], [ 109.736719938358092, -7.785477531589977, 0.0 ], [ 109.736727374159301, -7.785475736919543, 0.0 ], [ 109.736757704846113, -7.785468416641011, 0.0 ], [ 109.736774531877543, -7.78546702438769, 0.0 ], [ 109.736775976625111, -7.785467521369503, 0.0 ], [ 109.736776506939293, -7.785467942496985, 0.0 ], [ 109.736829945233936, -7.785466594840666, 0.0 ], [ 109.736831985870225, -7.785467200857336, 0.0 ], [ 109.736832933523701, -7.785467694152754, 0.0 ], [ 109.736835349359239, -7.785468647953986, 0.0 ], [ 109.73684346531094, -7.785480159713082, 0.0 ], [ 109.736852601667934, -7.78550388800563, 0.0 ], [ 109.736866284542344, -7.785503054537986, 0.0 ], [ 109.736887861553569, -7.785511477842226, 0.0 ], [ 109.736896324824897, -7.785516233798935, 0.0 ], [ 109.736932632691151, -7.785515506053472, 0.0 ], [ 109.736863999000064, -7.785687998999924, 0.0 ], [ 109.737456000000108, -7.785784, 0.0 ], [ 109.737456852637337, -7.785782399662986, 0.0 ], [ 109.737502024943481, -7.785805788400416, 0.0 ], [ 109.7375024117392, -7.785806445932336, 0.0 ], [ 109.737503068628186, -7.785806861023837, 0.0 ], [ 109.737506409069454, -7.785809139801151, 0.0 ], [ 109.737534336501184, -7.785830488641303, 0.0 ], [ 109.737558976399384, -7.785840459812318, 0.0 ], [ 109.737573269061528, -7.78584758382897, 0.0 ], [ 109.737614423453039, -7.785861982217272, 0.0 ], [ 109.737614493241324, -7.785862407105648, 0.0 ], [ 109.73761491670534, -7.785863192547825, 0.0 ], [ 109.73762991364724, -7.785902812224441, 0.0 ], [ 109.737658463439359, -7.785917972493086, 0.0 ], [ 109.73764999485465, -7.78597380643531, 0.0 ], [ 109.737641526029677, -7.786029640376243, 0.0 ], [ 109.737633057438217, -7.786085474317122, 0.0 ], [ 109.737624588606408, -7.786141308256625, 0.0 ], [ 109.737616120008084, -7.786197142196214, 0.0 ], [ 109.737608454294431, -7.786247681174726, 0.0 ], [ 109.737607651169526, -7.786252976134409, 0.0 ], [ 109.737599182564395, -7.78630881007262, 0.0 ], [ 109.737590713718959, -7.786364644009471, 0.0 ], [ 109.737582245107035, -7.786420477946304, 0.0 ], [ 109.73757377625482, -7.786476311881845, 0.0 ], [ 109.737565307636032, -7.786532145817368, 0.0 ], [ 109.737556825595078, -7.786588066667229, 0.0 ], [ 109.737549450131283, -7.786636693241134, 0.0 ], [ 109.737546914227622, -7.786653412235599, 0.0 ], [ 109.737542074515744, -7.786685319661862, 0.0 ], [ 109.737539901285601, -7.786699647618533, 0.0 ], [ 109.737531432653199, -7.78675548155137, 0.0 ], [ 109.737522963780563, -7.786811315482847, 0.0 ], [ 109.737514495141355, -7.786867149414324, 0.0 ], [ 109.737506026264967, -7.786922983344485, 0.0 ], [ 109.737497821308963, -7.786977078727796, 0.0 ], [ 109.737497202132644, -7.786981160884132, 0.0 ], [ 109.737490445653606, -7.787025705122267, 0.0 ], [ 109.737487259566379, -7.787046710744065, 0.0 ], [ 109.737483070135468, -7.787074331659135, 0.0 ], [ 109.737477317151743, -7.787112260448145, 0.0 ], [ 109.737475694527774, -7.787122958107795, 0.0 ], [ 109.737472151186722, -7.787146319059675, 0.0 ], [ 109.737463682527107, -7.787202152987122, 0.0 ], [ 109.737455213627157, -7.78725798691324, 0.0 ], [ 109.737446744960707, -7.787313820839377, 0.0 ], [ 109.737442464019509, -7.787342044283861, 0.0 ], [ 109.737438816664849, -7.787366090557709, 0.0 ], [ 109.737437547293013, -7.787374459403636, 0.0 ], [ 109.737431441147265, -7.787414717110456, 0.0 ], [ 109.737427604892432, -7.78744000906432, 0.0 ], [ 109.737424065502807, -7.787463343536082, 0.0 ], [ 109.737417662352669, -7.787505558859681, 0.0 ], [ 109.737416689927244, -7.787511970032622, 0.0 ], [ 109.737409314314917, -7.787560596492939, 0.0 ], [ 109.737407719873886, -7.787571108586294, 0.0 ], [ 109.737404400866666, -7.787592990457814, 0.0 ], [ 109.737395932179766, -7.787648824379884, 0.0 ], [ 109.737387463252574, -7.787704658300648, 0.0 ], [ 109.737383228901464, -7.787732575261083, 0.0 ], [ 109.737379812035513, -7.787755102536895, 0.0 ], [ 109.737377892515653, -7.787767757660547, 0.0 ], [ 109.737372436351208, -7.787803728939424, 0.0 ], [ 109.737367949918024, -7.78783330748352, 0.0 ], [ 109.737365060779297, -7.787852355455095, 0.0 ], [ 109.737358007422003, -7.787898857202339, 0.0 ], [ 109.737357685142655, -7.787900981908592, 0.0 ], [ 109.73735030953452, -7.787949608390796, 0.0 ], [ 109.737348064868158, -7.787964406971835, 0.0 ], [ 109.737342933874061, -7.787998234823744, 0.0 ], [ 109.737338122397134, -7.788029956649972, 0.0 ], [ 109.737335558310463, -7.788046861356943, 0.0 ], [ 109.737328179743244, -7.788095506504837, 0.0 ], [ 109.737319712659925, -7.788151329645039, 0.0 ], [ 109.737318237362857, -7.788161056087533, 0.0 ], [ 109.737313431504717, -7.788192740849419, 0.0 ], [ 109.737308294880876, -7.788226605762916, 0.0 ], [ 109.737306055831326, -7.78824136727985, 0.0 ], [ 109.73729835230354, -7.788292155527753, 0.0 ], [ 109.737291304545195, -7.788338620207396, 0.0 ], [ 109.737288409774649, -7.788357705236852, 0.0 ], [ 109.737283928941736, -7.788387246717474, 0.0 ], [ 109.737278467131659, -7.788423255054767, 0.0 ], [ 109.737276553226948, -7.788435873110099, 0.0 ], [ 109.73726917766804, -7.788484499667954, 0.0 ], [ 109.737268899575426, -7.788486333125126, 0.0 ], [ 109.737260430597132, -7.788542167035723, 0.0 ], [ 109.737251961852252, -7.78859800094644, 0.0 ], [ 109.737248639590206, -7.78861990408965, 0.0 ], [ 109.737247050761439, -7.788630379117419, 0.0 ], [ 109.737239675086542, -7.788679005566002, 0.0 ], [ 109.737238697034712, -7.788685453800547, 0.0 ], [ 109.737232299449474, -7.788727632053042, 0.0 ], [ 109.737228754402608, -7.788751003578307, 0.0 ], [ 109.737226555176548, -7.788765502673187, 0.0 ], [ 109.737223520818105, -7.788774850913938, 0.0 ], [ 109.737218002554144, -7.788817355598672, 0.0 ], [ 109.73721703933434, -7.788821333461504, 0.0 ], [ 109.737215820280255, -7.78882315143015, 0.0 ], [ 109.737213916900814, -7.788848824776214, 0.0 ], [ 109.737209617366332, -7.788877170487613, 0.0 ], [ 109.737201148601088, -7.788933004394266, 0.0 ], [ 109.737189634721318, -7.788956864643112, 0.0 ], [ 109.73718656323112, -7.788961877209091, 0.0 ], [ 109.737178704300774, -7.788988796659789, 0.0 ], [ 109.737171237086116, -7.789002526923142, 0.0 ], [ 109.737169278405887, -7.789032738388969, 0.0 ], [ 109.737165860959536, -7.78904461753014, 0.0 ], [ 109.737163953969784, -7.789051246252193, 0.0 ], [ 109.737162131498508, -7.789095516492018, 0.0 ], [ 109.737161161131496, -7.789100462664085, 0.0 ], [ 109.737160233361394, -7.789103539867697, 0.0 ], [ 109.737157104870207, -7.78911698333222, 0.0 ], [ 109.737138648136749, -7.789137909818389, 0.0 ], [ 109.737132935827816, -7.789156237699145, 0.0 ], [ 109.737122963159592, -7.789178199522217, 0.0 ], [ 109.737122866566466, -7.789190135961902, 0.0 ], [ 109.737117556733338, -7.789212051010005, 0.0 ], [ 109.737114083366905, -7.789225316909889, 0.0 ], [ 109.737112919634654, -7.78925568995705, 0.0 ], [ 109.73711067588107, -7.78926788964266, 0.0 ], [ 109.737108148551698, -7.789275389005328, 0.0 ], [ 109.73710055457606, -7.789297742503901, 0.0 ], [ 109.737079680476981, -7.789302853366909, 0.0 ], [ 109.737058007686755, -7.789323591833265, 0.0 ], [ 109.737049804689079, -7.789328905363884, 0.0 ], [ 109.737044411559097, -7.789342541684756, 0.0 ], [ 109.737033449479995, -7.789334475537197, 0.0 ], [ 109.737018498376344, -7.789323474095674, 0.0 ], [ 109.737003293674135, -7.789308678842223, 0.0 ], [ 109.736988534009598, -7.789298733036024, 0.0 ], [ 109.736970812905582, -7.789285187082462, 0.0 ], [ 109.736943962196705, -7.789267392835701, 0.0 ], [ 109.736942510954108, -7.789257552507441, 0.0 ], [ 109.736932740623701, -7.789226838352456, 0.0 ], [ 109.736929306469804, -7.789214950528191, 0.0 ], [ 109.736926999425123, -7.789211483150725, 0.0 ], [ 109.736921295884017, -7.788988029623022, 0.0 ], [ 109.73692097732318, -7.788975545900124, 0.0 ], [ 109.73692021053651, -7.788945504536064, 0.0 ], [ 109.73691987017277, -7.788932166241434, 0.0 ], [ 109.736915592566689, -7.788764576094687, 0.0 ], [ 109.7369151070599, -7.788745550040931, 0.0 ], [ 109.736914665226791, -7.788728231207167, 0.0 ], [ 109.736914167148271, -7.788708712713565, 0.0 ], [ 109.736901334097993, -7.788205942267275, 0.0 ], [ 109.736900800931124, -7.78818504883809, 0.0 ], [ 109.736900431300953, -7.788170560352378, 0.0 ], [ 109.736899908652745, -7.788150078885274, 0.0 ], [ 109.73689420513071, -7.787926625351163, 0.0 ], [ 109.736893869106112, -7.787913457296884, 0.0 ], [ 109.736893093368877, -7.787883065481883, 0.0 ], [ 109.736892779400904, -7.787870761967901, 0.0 ], [ 109.736882053559015, -7.787450550671134, 0.0 ], [ 109.736881182866824, -7.787424799632771, 0.0 ], [ 109.736880946772814, -7.787423853626882, 0.0 ], [ 109.736880551550129, -7.787422269954487, 0.0 ], [ 109.736877901943259, -7.78737235956757, 0.0 ], [ 109.736876023637066, -7.787367979821801, 0.0 ], [ 109.736863048220002, -7.78734868217398, 0.0 ], [ 109.736856333518105, -7.787338049559369, 0.0 ], [ 109.736833760494449, -7.787311994755314, 0.0 ], [ 109.736826481677497, -7.787304787194542, 0.0 ], [ 109.736801992523155, -7.787280537243791, 0.0 ], [ 109.736777178874917, -7.787255967019679, 0.0 ], [ 109.736550852550579, -7.787031856024267, 0.0 ], [ 109.736549048211117, -7.787030069381035, 0.0 ], [ 109.736547267466833, -7.787028306030826, 0.0 ], [ 109.736494271006379, -7.786975828262247, 0.0 ], [ 109.736492838471563, -7.786974409776346, 0.0 ], [ 109.736491424668685, -7.786973009782612, 0.0 ], [ 109.736437689477171, -7.786919800494888, 0.0 ], [ 109.736436628746858, -7.786918750166388, 0.0 ], [ 109.73643558188526, -7.786917713529215, 0.0 ], [ 109.736432109558407, -7.786916316622913, 0.0 ], [ 109.736397612600584, -7.78690173770267, 0.0 ], [ 109.736379641543152, -7.786894978635319, 0.0 ], [ 109.736352172078256, -7.786891094304498, 0.0 ], [ 109.736350957771648, -7.786890922568735, 0.0 ], [ 109.736323656802057, -7.786887061909292, 0.0 ], [ 109.736155702609565, -7.786863307955064, 0.0 ], [ 109.736155520295824, -7.786863282171296, 0.0 ], [ 109.736106355632543, -7.786856330837975, 0.0 ], [ 109.736099717878602, -7.786855392182012, 0.0 ], [ 109.736043733157587, -7.786847474173904, 0.0 ], [ 109.736037989238667, -7.786857049896095, 0.0 ], [ 109.736028688659701, -7.786862722144502, 0.0 ], [ 109.736003738160164, -7.786878711900632, 0.0 ], [ 109.735987621370327, -7.78688194771873, 0.0 ], [ 109.73597081714648, -7.786901708376885, 0.0 ], [ 109.735955656646354, -7.786918363514035, 0.0 ], [ 109.735945935151207, -7.786932770520401, 0.0 ], [ 109.735931426709655, -7.786944064279882, 0.0 ], [ 109.735917275097933, -7.786960042079212, 0.0 ], [ 109.735904849691892, -7.786974071138917, 0.0 ], [ 109.735891032690205, -7.786989739305292, 0.0 ], [ 109.735875228030864, -7.78700751555419, 0.0 ], [ 109.735855505385885, -7.787029783116922, 0.0 ], [ 109.735819029335602, -7.787070966565491, 0.0 ], [ 109.735812177555971, -7.787078702654575, 0.0 ], [ 109.735785903077939, -7.787108367705863, 0.0 ], [ 109.735762830621894, -7.787134417951916, 0.0 ], [ 109.735756817534977, -7.787141207051497, 0.0 ], [ 109.735707472743343, -7.787196919004249, 0.0 ], [ 109.735658128783058, -7.787252630951591, 0.0 ], [ 109.735650433146091, -7.787261319582838, 0.0 ], [ 109.735628256307635, -7.787286358157729, 0.0 ], [ 109.735601982014487, -7.787316023407539, 0.0 ], [ 109.735594234380997, -7.787324770805403, 0.0 ], [ 109.735559439981074, -7.787364054819769, 0.0 ], [ 109.735538035600356, -7.787388221473499, 0.0 ], [ 109.735523158540701, -7.787405018568522, 0.0 ], [ 109.735496884021146, -7.787434683598172, 0.0 ], [ 109.735481836800361, -7.787451672808149, 0.0 ], [ 109.735460751967395, -7.787475478658501, 0.0 ], [ 109.735411407099065, -7.787531190563442, 0.0 ], [ 109.735369439151526, -7.78757857448454, 0.0 ], [ 109.735365511590643, -7.787583008933332, 0.0 ], [ 109.735339237048493, -7.787612673946154, 0.0 ], [ 109.735312962723171, -7.787642339184036, 0.0 ], [ 109.73531271900552, -7.787642614354286, 0.0 ], [ 109.735263374094188, -7.787698326235274, 0.0 ], [ 109.735257041433641, -7.787705476119466, 0.0 ], [ 109.735234139065852, -7.787731334211902, 0.0 ], [ 109.735207864504829, -7.787760999213411, 0.0 ], [ 109.735200842547371, -7.787768927402348, 0.0 ], [ 109.73516468592392, -7.787809749978256, 0.0 ], [ 109.735115340972683, -7.787865461835265, 0.0 ], [ 109.735088444725946, -7.787895828978444, 0.0 ], [ 109.735076491866849, -7.787909324424089, 0.0 ], [ 109.735050217283202, -7.787938989415268, 0.0 ], [ 109.735032245787906, -7.787959280230198, 0.0 ], [ 109.735016652722607, -7.787976885530371, 0.0 ], [ 109.734996496818553, -7.787997144218192, 0.0 ], [ 109.734976074126422, -7.788013634651849, 0.0 ], [ 109.734956215692563, -7.788012756201718, 0.0 ], [ 109.734940718405966, -7.788011925381798, 0.0 ], [ 109.734920073360911, -7.788011028672098, 0.0 ], [ 109.734864073703477, -7.788008054016728, 0.0 ], [ 109.734808074045787, -7.788005080108647, 0.0 ], [ 109.734752074392347, -7.788002105438747, 0.0 ], [ 109.734696074738608, -7.787999131516115, 0.0 ], [ 109.734584075441646, -7.787993182139882, 0.0 ], [ 109.734528075793818, -7.787990208195462, 0.0 ], [ 109.73447207615034, -7.78798723348916, 0.0 ], [ 109.734416076506491, -7.787984259530194, 0.0 ], [ 109.734304077229325, -7.787978310081269, 0.0 ], [ 109.734248077591431, -7.787975336100429, 0.0 ], [ 109.7341920779578, -7.787972361357756, 0.0 ], [ 109.7341360783239, -7.787969387362419, 0.0 ], [ 109.73408007869422, -7.787966412605199, 0.0 ], [ 109.734071975239488, -7.787965982196368, 0.0 ], [ 109.734034086808649, -7.787963969532748, 0.0 ], [ 109.734013012257122, -7.787962850183035, 0.0 ], [ 109.733980766494952, -7.787961137690178, 0.0 ], [ 109.733979686760662, -7.787961080340653, 0.0 ], [ 109.734023, -7.787810000999989, 0.0 ], [ 109.734191100487052, -7.786982949039116, 0.0 ], [ 109.734195047560448, -7.786983158709896, 0.0 ], [ 109.734251047066152, -7.786986132676631, 0.0 ], [ 109.734307046571573, -7.786989107390649, 0.0 ], [ 109.734363046081199, -7.78699208134282, 0.0 ], [ 109.734475045101945, -7.786998030734443, 0.0 ], [ 109.734531044617498, -7.787001004664865, 0.0 ], [ 109.734587044132837, -7.787003979342448, 0.0 ], [ 109.734643043652383, -7.787006953258325, 0.0 ], [ 109.734699043171659, -7.787009927921432, 0.0 ], [ 109.73471530534998, -7.787010162071452, 0.0 ], [ 109.734740079609111, -7.787011528229933, 0.0 ], [ 109.734755046126935, -7.787011758100149, 0.0 ], [ 109.734776830597085, -7.786992374490231, 0.0 ], [ 109.734797619159067, -7.786970768159688, 0.0 ], [ 109.734811223645494, -7.786955408025794, 0.0 ], [ 109.734830253942434, -7.786933921717663, 0.0 ], [ 109.734856528465301, -7.78690425673118, 0.0 ], [ 109.734867422453846, -7.786891956784299, 0.0 ], [ 109.734896307180364, -7.786859344481889, 0.0 ], [ 109.734945652017217, -7.786803632633587, 0.0 ], [ 109.734979820015909, -7.786765055228687, 0.0 ], [ 109.734987900799368, -7.786755931547225, 0.0 ], [ 109.735014175299611, -7.786726266547165, 0.0 ], [ 109.735036018772476, -7.786701603959284, 0.0 ], [ 109.735044339961746, -7.786692208907939, 0.0 ], [ 109.735092998771492, -7.78663727153015, 0.0 ], [ 109.735104245948492, -7.786624572800116, 0.0 ], [ 109.735119273039118, -7.786607606303443, 0.0 ], [ 109.735145547520517, -7.786577941292081, 0.0 ], [ 109.735148416231013, -7.786574702341608, 0.0 ], [ 109.735192372620318, -7.78652507326212, 0.0 ], [ 109.735241717377363, -7.786469361365912, 0.0 ], [ 109.735260813620499, -7.786447800685711, 0.0 ], [ 109.735276919647134, -7.786429615980414, 0.0 ], [ 109.735303194105882, -7.78639995095548, 0.0 ], [ 109.735317012290793, -7.786384349361326, 0.0 ], [ 109.735340405159178, -7.786357937544488, 0.0 ], [ 109.735373210941958, -7.786320898664599, 0.0 ], [ 109.735382017388034, -7.786310955802066, 0.0 ], [ 109.735408291623514, -7.786281290556966, 0.0 ], [ 109.735429409577335, -7.786257447452296, 0.0 ], [ 109.735439093732353, -7.786246513693658, 0.0 ], [ 109.735485608195305, -7.786193996287924, 0.0 ], [ 109.735487114760986, -7.78619229527574, 0.0 ], [ 109.735513389192647, -7.786162630235947, 0.0 ], [ 109.735539663409256, -7.786132964982749, 0.0 ], [ 109.735541806796377, -7.786130544999854, 0.0 ], [ 109.735587126074776, -7.786079377856309, 0.0 ], [ 109.735592212455757, -7.786073635093224, 0.0 ], [ 109.735598005377724, -7.786067094504536, 0.0 ], [ 109.735636469877662, -7.786023665893749, 0.0 ], [ 109.735654203943483, -7.786003643464587, 0.0 ], [ 109.735671035548208, -7.785984639796948, 0.0 ], [ 109.735697309742193, -7.785954974530211, 0.0 ], [ 109.735710402492586, -7.785940192200564, 0.0 ], [ 109.735735158294332, -7.785912241947134, 0.0 ], [ 109.735766601023414, -7.785876741275884, 0.0 ], [ 109.735776132820433, -7.785865979239234, 0.0 ], [ 109.73580240720753, -7.785836314171294, 0.0 ], [ 109.73582279953844, -7.785813289858375, 0.0 ], [ 109.73583384581012, -7.785800817966093, 0.0 ], [ 109.735883190394205, -7.785745105966157, 0.0 ], [ 109.73593253412038, -7.785689393955693, 0.0 ], [ 109.735933396276664, -7.785687604722675, 0.0 ], [ 109.735935292171192, -7.785654472157427, 0.0 ], [ 109.735936253147969, -7.785634444474828, 0.0 ], [ 109.735936023533029, -7.785633545237983, 0.0 ], [ 109.735935356184754, -7.785633114154133, 0.0 ], [ 109.735934367459919, -7.785632552529989, 0.0 ], [ 109.735899086486384, -7.785613806816151, 0.0 ], [ 109.735879445354087, -7.785600598875802, 0.0 ], [ 109.735864454862309, -7.785592447685415, 0.0 ], [ 109.735849148934591, -7.785577427117937, 0.0 ], [ 109.735833576323103, -7.785567367783266, 0.0 ], [ 109.735823556079851, -7.785560895039936, 0.0 ], [ 109.735767656043123, -7.785524785359014, 0.0 ], [ 109.735765525117458, -7.785523447922924, 0.0 ], [ 109.735762274364035, -7.785521308983647, 0.0 ], [ 109.735731535210903, -7.785501452610904, 0.0 ], [ 109.735697521516499, -7.785479480882458, 0.0 ], [ 109.735663507754026, -7.785457509219584, 0.0 ], [ 109.735655855999156, -7.785452566436103, 0.0 ], [ 109.735599955993223, -7.785416456737461, 0.0 ], [ 109.735595480449931, -7.785413565680654, 0.0 ], [ 109.735561466698812, -7.785391594014415, 0.0 ], [ 109.735527453023423, -7.785369622275056, 0.0 ], [ 109.735493439279992, -7.785347650601285, 0.0 ], [ 109.735488156010845, -7.785344237779213, 0.0 ], [ 109.735432256035722, -7.785308128062923, 0.0 ], [ 109.735425412013839, -7.785303707043764, 0.0 ], [ 109.735391398281749, -7.785281735363447, 0.0 ], [ 109.735376356070205, -7.785272018567429, 0.0 ], [ 109.735327901119646, -7.785240718096483, 0.0 ], [ 109.735320456115531, -7.785235908862017, 0.0 ], [ 109.735307020187832, -7.785227229707505, 0.0 ], [ 109.735289357320895, -7.785215820105975, 0.0 ], [ 109.73525534367279, -7.785193848349079, 0.0 ], [ 109.735221329959714, -7.785171876657865, 0.0 ], [ 109.735208656235869, -7.78516368982212, 0.0 ], [ 109.735153302754426, -7.785127933065411, 0.0 ], [ 109.735119289055888, -7.785105961367642, 0.0 ], [ 109.73509685639786, -7.785091470554607, 0.0 ], [ 109.735091162019486, -7.78508779214736, 0.0 ], [ 109.735283999000075, -7.785105999999891, 0.0 ], [ 109.735307, -7.78511, 0.0 ], [ 109.735316001000058, -7.78511, 0.0 ], [ 109.735520969238181, -7.785066016710368, 0.0 ], [ 109.735532944359107, -7.785073752249921, 0.0 ], [ 109.73554495189542, -7.78508150876007, 0.0 ], [ 109.735574264268777, -7.785100443622212, 0.0 ] ] ], [ [ [ 109.733473460795054, -7.784811163551845, 0.0 ], [ 109.733641460684211, -7.784819324262163, 0.0 ], [ 109.733697460650873, -7.784822044566369, 0.0 ], [ 109.73392146053753, -7.784832925383494, 0.0 ], [ 109.733933523058042, -7.784833511327223, 0.0 ], [ 109.733966924577899, -7.784835133795405, 0.0 ], [ 109.733987075455943, -7.784836112631952, 0.0 ], [ 109.734025606638411, -7.784837984324583, 0.0 ], [ 109.734040627808682, -7.784838713978409, 0.0 ], [ 109.734313460412736, -7.784851966609946, 0.0 ], [ 109.734369460402334, -7.784854686826804, 0.0 ], [ 109.734593460380921, -7.784865567294295, 0.0 ], [ 109.734612426744022, -7.784866488562994, 0.0 ], [ 109.73462970433593, -7.784867327817419, 0.0 ], [ 109.734677460380595, -7.784869647503988, 0.0 ], [ 109.734705460381448, -7.784871007563769, 0.0 ], [ 109.734915645897033, -7.784881216851494, 0.0 ], [ 109.735025006850805, -7.785045057918667, 0.0 ], [ 109.735017248173705, -7.785040046067478, 0.0 ], [ 109.73498505660092, -7.785019251260316, 0.0 ], [ 109.734980402917458, -7.785016245130313, 0.0 ], [ 109.734942654006332, -7.785002612908749, 0.0 ], [ 109.734929106047446, -7.785000035679118, 0.0 ], [ 109.734909299437447, -7.784996267843901, 0.0 ], [ 109.734896504166528, -7.78499267285954, 0.0 ], [ 109.734873130643194, -7.784989107294352, 0.0 ], [ 109.734846393905812, -7.784986659121125, 0.0 ], [ 109.734843748783703, -7.784986526061056, 0.0 ], [ 109.734817136996682, -7.78498426189028, 0.0 ], [ 109.734761136977326, -7.784981541810287, 0.0 ], [ 109.734740227653006, -7.784980526169475, 0.0 ], [ 109.734725367094214, -7.78497980434731, 0.0 ], [ 109.734686675229369, -7.784977924943383, 0.0 ], [ 109.734666685009259, -7.784976953927269, 0.0 ], [ 109.734649136944554, -7.784976101550823, 0.0 ], [ 109.734425136901535, -7.784965221103091, 0.0 ], [ 109.734369136895793, -7.78496250089117, 0.0 ], [ 109.734117136892593, -7.784950260219897, 0.0 ], [ 109.734079864735321, -7.784948449738876, 0.0 ], [ 109.734044046167085, -7.784946709816692, 0.0 ], [ 109.734021182661053, -7.784945599214619, 0.0 ], [ 109.733990493756892, -7.784944108513636, 0.0 ], [ 109.733977136907825, -7.784943459699367, 0.0 ], [ 109.733809136941616, -7.784935299113167, 0.0 ], [ 109.733786738811773, -7.784934482424563, 0.0 ], [ 109.733775770481657, -7.784934212458318, 0.0 ], [ 109.733753134587076, -7.784933368234136, 0.0 ], [ 109.733732362144352, -7.784935951586491, 0.0 ], [ 109.733709490676091, -7.784944228859728, 0.0 ], [ 109.733688752803275, -7.784948223917869, 0.0 ], [ 109.733675606806969, -7.784956491522975, 0.0 ], [ 109.733674871129082, -7.784978550110438, 0.0 ], [ 109.733674491181944, -7.784989941654964, 0.0 ], [ 109.733673744008996, -7.785012345035071, 0.0 ], [ 109.733671881380758, -7.785068198547413, 0.0 ], [ 109.733671029439819, -7.785093743329321, 0.0 ], [ 109.733670875235603, -7.785098367342955, 0.0 ], [ 109.733669874170445, -7.785128383264653, 0.0 ], [ 109.733307046659334, -7.785017897808481, 0.0 ], [ 109.733307268344532, -7.785011250461296, 0.0 ], [ 109.733307351785896, -7.785008748645684, 0.0 ], [ 109.733308998021712, -7.784959392651332, 0.0 ], [ 109.733309272869263, -7.784951151858445, 0.0 ], [ 109.733310806004326, -7.784905179781948, 0.0 ], [ 109.733310993988567, -7.784899543455536, 0.0 ], [ 109.733312856666231, -7.784843689951931, 0.0 ], [ 109.733340907933439, -7.784823328223967, 0.0 ], [ 109.73336142117958, -7.784818943026634, 0.0 ], [ 109.733386940822342, -7.784813487561524, 0.0 ], [ 109.733391651843888, -7.784813790538895, 0.0 ], [ 109.733417455083725, -7.78481035888555, 0.0 ], [ 109.733439792863805, -7.784810488757079, 0.0 ], [ 109.733450606436492, -7.784811036251987, 0.0 ], [ 109.733473460795054, -7.784811163551845, 0.0 ] ] ] ] } },
{ "type": "Feature", "properties": { "Join_Count": 1, "TARGET_FID": 45, "JOIN_FID": 63, "Id": 63, "Contour": 240.0, "Shape_Leng": 3706.4794866900002, "Skor": 2.0, "Shape_Le_1": 4870.4730014400002, "Shape_Area": 123219.874387 }, "geometry": { "type": "MultiPolygon", "coordinates": [ [ [ [ 109.737323866264987, -7.789539291494419, 0.0 ], [ 109.737267502915799, -7.789657637891839, 0.0 ], [ 109.737213547366565, -7.789770928404579, 0.0 ], [ 109.737186981703047, -7.789826708381002, 0.0 ], [ 109.737176269029803, -7.789847973404068, 0.0 ], [ 109.737164921055268, -7.78987244933517, 0.0 ], [ 109.737160125289705, -7.789882487488094, 0.0 ], [ 109.737159020153015, -7.789886694074823, 0.0 ], [ 109.737154784001461, -7.789891696594641, 0.0 ], [ 109.737137762412246, -7.789921392634922, 0.0 ], [ 109.737129673475408, -7.789938255877891, 0.0 ], [ 109.73713458116039, -7.789958220554637, 0.0 ], [ 109.737154527631333, -7.789977268869579, 0.0 ], [ 109.73716631007396, -7.789982457747859, 0.0 ], [ 109.737204360975952, -7.789994337576981, 0.0 ], [ 109.737252694572163, -7.790008202988795, 0.0 ], [ 109.737291114061307, -7.790019224379582, 0.0 ], [ 109.737322401744962, -7.790028199857791, 0.0 ], [ 109.737714127566861, -7.790140573483536, 0.0 ], [ 109.737731958276314, -7.790145688548072, 0.0 ], [ 109.737770088419751, -7.790156626901186, 0.0 ], [ 109.737794652676257, -7.790163673593758, 0.0 ], [ 109.737937971011235, -7.790204786912971, 0.0 ], [ 109.737949721887503, -7.790208264756498, 0.0 ], [ 109.737991054776572, -7.790220117688609, 0.0 ], [ 109.737993291665461, -7.790220763090725, 0.0 ], [ 109.737993931566351, -7.790220946921383, 0.0 ], [ 109.737995134154474, -7.790221330353879, 0.0 ], [ 109.738035683407972, -7.79023442930605, 0.0 ], [ 109.738049886749494, -7.790238902992695, 0.0 ], [ 109.738105841908734, -7.790256869008917, 0.0 ], [ 109.738245729831718, -7.790301784208358, 0.0 ], [ 109.738273707420703, -7.790310767244562, 0.0 ], [ 109.738290351805247, -7.790316111407217, 0.0 ], [ 109.738329662603064, -7.790328733305486, 0.0 ], [ 109.738332689591857, -7.790329831115224, 0.0 ], [ 109.738339906703388, -7.79033287477266, 0.0 ], [ 109.73837156558659, -7.790346982803724, 0.0 ], [ 109.738385595849238, -7.790354030008005, 0.0 ], [ 109.738441514178774, -7.790384312999509, 0.0 ], [ 109.738497432517406, -7.790414595894135, 0.0 ], [ 109.738552591332876, -7.790444467544106, 0.0 ], [ 109.738609269221016, -7.790475161758985, 0.0 ], [ 109.738662570307255, -7.790504027319795, 0.0 ], [ 109.738698900980907, -7.790523702417483, 0.0 ], [ 109.738735231686505, -7.790543377486652, 0.0 ], [ 109.738761431664585, -7.790557566238943, 0.0 ], [ 109.738832942734575, -7.790596293499172, 0.0 ], [ 109.738888861135351, -7.79062657635417, 0.0 ], [ 109.738944779544767, -7.790656859287119, 0.0 ], [ 109.739000697963263, -7.790687142129824, 0.0 ], [ 109.739056616390386, -7.790717425053747, 0.0 ], [ 109.7390621424004, -7.790720518229379, 0.0 ], [ 109.739072579143084, -7.790726069740769, 0.0 ], [ 109.739112534826646, -7.790747707884177, 0.0 ], [ 109.739133706430749, -7.790760956326201, 0.0 ], [ 109.739160693607474, -7.790774441620874, 0.0 ], [ 109.73916845145169, -7.790778599145049, 0.0 ], [ 109.739170516572116, -7.790780156100951, 0.0 ], [ 109.739173485845413, -7.790782229173742, 0.0 ], [ 109.739202580102074, -7.790804061620155, 0.0 ], [ 109.739224346676011, -7.790816647536849, 0.0 ], [ 109.739236753706251, -7.790825875239327, 0.0 ], [ 109.73925328676367, -7.790838325790526, 0.0 ], [ 109.739265491057978, -7.790853078308486, 0.0 ], [ 109.739280211007255, -7.790865027269457, 0.0 ], [ 109.739294821774394, -7.790879693123069, 0.0 ], [ 109.73931319170228, -7.790894363201252, 0.0 ], [ 109.739300041166459, -7.790914248008444, 0.0 ], [ 109.739279978152467, -7.790942871764275, 0.0 ], [ 109.739276566428629, -7.790946722300188, 0.0 ], [ 109.739274046959906, -7.790950105912463, 0.0 ], [ 109.739257018320174, -7.790972864157087, 0.0 ], [ 109.739252570777481, -7.79097867397408, 0.0 ], [ 109.739234764804465, -7.791005848209414, 0.0 ], [ 109.739223734738687, -7.791021211684875, 0.0 ], [ 109.739197894361311, -7.791031479088272, 0.0 ], [ 109.739194618101138, -7.791032583144545, 0.0 ], [ 109.739167652315388, -7.791045730290399, 0.0 ], [ 109.739156084304128, -7.791049948802842, 0.0 ], [ 109.739124683659398, -7.791061379829022, 0.0 ], [ 109.739111582144858, -7.791066151492124, 0.0 ], [ 109.739103926180093, -7.791068945198205, 0.0 ], [ 109.739074167241824, -7.791079814678841, 0.0 ], [ 109.739055511844555, -7.791086614603363, 0.0 ], [ 109.738999441495267, -7.791107092602921, 0.0 ], [ 109.7389922782951, -7.791109708756276, 0.0 ], [ 109.738951338830418, -7.791124660814659, 0.0 ], [ 109.73892606105548, -7.791133892793792, 0.0 ], [ 109.738910399279433, -7.79113961279076, 0.0 ], [ 109.738869459775856, -7.791154564807838, 0.0 ], [ 109.738837118446838, -7.791166376501501, 0.0 ], [ 109.73883123041972, -7.791168526933815, 0.0 ], [ 109.738828520204649, -7.791169516755502, 0.0 ], [ 109.738787580628028, -7.791184468692309, 0.0 ], [ 109.738748175836406, -7.791198860185028, 0.0 ], [ 109.738705701570169, -7.791214372662945, 0.0 ], [ 109.738664762085875, -7.791229324690382, 0.0 ], [ 109.738606948924215, -7.791250439131232, 0.0 ], [ 109.738582882908275, -7.791259228524011, 0.0 ], [ 109.738570290513479, -7.791263827547484, 0.0 ], [ 109.738541943395134, -7.791274180518617, 0.0 ], [ 109.738501003801986, -7.791289132427596, 0.0 ], [ 109.738481347835332, -7.791296311197279, 0.0 ], [ 109.738460064293506, -7.791304084416601, 0.0 ], [ 109.73843873775597, -7.791311873287529, 0.0 ], [ 109.738382667358067, -7.791332351195657, 0.0 ], [ 109.738378185089246, -7.791333988209185, 0.0 ], [ 109.738337245589236, -7.791348940201142, 0.0 ], [ 109.738303462420689, -7.791361278463333, 0.0 ], [ 109.738296306009161, -7.791363892113943, 0.0 ], [ 109.738255366470256, -7.79137884406454, 0.0 ], [ 109.738214456136774, -7.791393785252186, 0.0 ], [ 109.738214427587764, -7.791393796673337, 0.0 ], [ 109.738175030210755, -7.791410295863887, 0.0 ], [ 109.73815837575404, -7.791417592013715, 0.0 ], [ 109.738126046274147, -7.791449421053654, 0.0 ], [ 109.738069479768313, -7.791505111732809, 0.0 ], [ 109.737956347101587, -7.791616493061891, 0.0 ], [ 109.73794497259378, -7.791627691459296, 0.0 ], [ 109.737933676852435, -7.791638812352461, 0.0 ], [ 109.737899780744243, -7.791672183711316, 0.0 ], [ 109.737843214178724, -7.79172787435004, 0.0 ], [ 109.737730081389458, -7.79183925559847, 0.0 ], [ 109.737708977715556, -7.791860032460774, 0.0 ], [ 109.737685002454768, -7.791871102459059, 0.0 ], [ 109.73765916058025, -7.791894903438963, 0.0 ], [ 109.737655701133747, -7.791897731008179, 0.0 ], [ 109.737652845533503, -7.791901103285359, 0.0 ], [ 109.737648296537159, -7.791899412930506, 0.0 ], [ 109.737640499384597, -7.79189484783772, 0.0 ], [ 109.737596945601283, -7.791864642013123, 0.0 ], [ 109.737578909440472, -7.791856816419517, 0.0 ], [ 109.737559608921444, -7.791838747675379, 0.0 ], [ 109.737541052577299, -7.791825878177613, 0.0 ], [ 109.73753124780383, -7.791828893663475, 0.0 ], [ 109.737519164579794, -7.791838627161309, 0.0 ], [ 109.73750403933839, -7.791857621968455, 0.0 ], [ 109.737484871341195, -7.791883320030976, 0.0 ], [ 109.737436414205618, -7.79195009884617, 0.0 ], [ 109.737432821175432, -7.791954248457961, 0.0 ], [ 109.737405588699673, -7.791982952676089, 0.0 ], [ 109.737381848882947, -7.792005795370915, 0.0 ], [ 109.737372461181693, -7.792014104013416, 0.0 ], [ 109.737260144979572, -7.792113508930952, 0.0 ], [ 109.737258210539636, -7.792115221009905, 0.0 ], [ 109.737256043808657, -7.792117138693839, 0.0 ], [ 109.737203986857267, -7.792163211961353, 0.0 ], [ 109.737091670577158, -7.792262616824015, 0.0 ], [ 109.737080192779402, -7.792272775233041, 0.0 ], [ 109.737067336734086, -7.792284153589126, 0.0 ], [ 109.737035885757351, -7.79231198939496, 0.0 ], [ 109.736923196057788, -7.792411724626687, 0.0 ], [ 109.736902174891682, -7.79243032935881, 0.0 ], [ 109.736878629509647, -7.792451168375054, 0.0 ], [ 109.736867037857522, -7.79246142759576, 0.0 ], [ 109.736752824152603, -7.792562511503588, 0.0 ], [ 109.736724156860959, -7.792587883374357, 0.0 ], [ 109.736694487348913, -7.792614142541737, 0.0 ], [ 109.736689922038693, -7.792618183051388, 0.0 ], [ 109.736586246668111, -7.792709939970595, 0.0 ], [ 109.73657580840063, -7.792719178314028, 0.0 ], [ 109.736564116705367, -7.792729526107374, 0.0 ], [ 109.736530088389813, -7.792759642884731, 0.0 ], [ 109.73641777179779, -7.792859047511784, 0.0 ], [ 109.736397790142874, -7.792876732164106, 0.0 ], [ 109.736375409092659, -7.792896540601741, 0.0 ], [ 109.736361613480526, -7.792908750396955, 0.0 ], [ 109.736249603499672, -7.793007883535944, 0.0 ], [ 109.736219771745198, -7.793034285910448, 0.0 ], [ 109.736190102171477, -7.793060545031928, 0.0 ], [ 109.736186701255278, -7.793063554986549, 0.0 ], [ 109.73606089540543, -7.793174897847356, 0.0 ], [ 109.736041753173367, -7.793191839513965, 0.0 ], [ 109.736012083577918, -7.793218098619205, 0.0 ], [ 109.735997993109038, -7.793230569261448, 0.0 ], [ 109.735872187161391, -7.793341912049419, 0.0 ], [ 109.735863734470911, -7.793349393020107, 0.0 ], [ 109.735834064853677, -7.793375652109196, 0.0 ], [ 109.735809284819126, -7.793397583427067, 0.0 ], [ 109.735743871146653, -7.793455476808248, 0.0 ], [ 109.735715791912128, -7.793480328043367, 0.0 ], [ 109.735685715945522, -7.793506946737583, 0.0 ], [ 109.735683479428161, -7.793508926144077, 0.0 ], [ 109.735557673317388, -7.793620268810463, 0.0 ], [ 109.735537366639008, -7.793638240989806, 0.0 ], [ 109.735507696981827, -7.793664500049158, 0.0 ], [ 109.735494770890526, -7.79367594012734, 0.0 ], [ 109.735463078655684, -7.793703988797605, 0.0 ], [ 109.735438636015559, -7.793707264377443, 0.0 ], [ 109.735426868203945, -7.793731596504225, 0.0 ], [ 109.735415916697718, -7.793740496754623, 0.0 ], [ 109.735406934380478, -7.793748939685764, 0.0 ], [ 109.735401738436579, -7.793736740001623, 0.0 ], [ 109.73540114129203, -7.793731519697142, 0.0 ], [ 109.735407160281454, -7.793673678713032, 0.0 ], [ 109.735417534562089, -7.793630066357914, 0.0 ], [ 109.735415419899354, -7.793619844146569, 0.0 ], [ 109.735414745041865, -7.79361246097288, 0.0 ], [ 109.735419287479303, -7.793575798265523, 0.0 ], [ 109.735418574077684, -7.793563994473235, 0.0 ], [ 109.735465040425211, -7.793117461335661, 0.0 ], [ 109.735470319616738, -7.793066731198063, 0.0 ], [ 109.735470872440331, -7.7930614187767, 0.0 ], [ 109.735522505501123, -7.7925652322213, 0.0 ], [ 109.735528388484425, -7.792508697543783, 0.0 ], [ 109.735528981247882, -7.79250300129068, 0.0 ], [ 109.735558035649333, -7.792223792530395, 0.0 ], [ 109.735560062443994, -7.792204315677271, 0.0 ], [ 109.735562016710475, -7.792185535389695, 0.0 ], [ 109.735563846585052, -7.792167950777086, 0.0 ], [ 109.73558708995786, -7.791944583758267, 0.0 ], [ 109.735589509734424, -7.791935509875041, 0.0 ], [ 109.735598642628915, -7.791906862949154, 0.0 ], [ 109.735602839195664, -7.791888771662043, 0.0 ], [ 109.735621885627722, -7.791832969404272, 0.0 ], [ 109.735640932246923, -7.791777167145236, 0.0 ], [ 109.735659978666746, -7.791721364883744, 0.0 ], [ 109.735679025273754, -7.791665562621108, 0.0 ], [ 109.735688548478336, -7.791637661488839, 0.0 ], [ 109.735696883460648, -7.791613241585641, 0.0 ], [ 109.735700468218511, -7.791602739001413, 0.0 ], [ 109.735711128421187, -7.791571506936187, 0.0 ], [ 109.735725373313144, -7.791529772220786, 0.0 ], [ 109.735729199080239, -7.791518563546953, 0.0 ], [ 109.735736164668523, -7.791498155821132, 0.0 ], [ 109.735739617458989, -7.791488036760548, 0.0 ], [ 109.735753857322592, -7.791446297008579, 0.0 ], [ 109.735755202446512, -7.791442353524923, 0.0 ], [ 109.735806370177954, -7.791292318692006, 0.0 ], [ 109.735810802104169, -7.79127932329638, 0.0 ], [ 109.735812294728078, -7.791274946562864, 0.0 ], [ 109.735831325419241, -7.791219144238438, 0.0 ], [ 109.735839274280281, -7.791195836236065, 0.0 ], [ 109.735843998107839, -7.791181984914761, 0.0 ], [ 109.735850356057583, -7.791163341912015, 0.0 ], [ 109.735964540423524, -7.790828527917556, 0.0 ], [ 109.735967399345185, -7.790820144870837, 0.0 ], [ 109.735981635326013, -7.790778401257064, 0.0 ], [ 109.735983570935062, -7.790772725578289, 0.0 ], [ 109.736040663019011, -7.790605318551268, 0.0 ], [ 109.73604266893031, -7.790595179884396, 0.0 ], [ 109.736044795296749, -7.790561636774691, 0.0 ], [ 109.736048145678737, -7.790549481760134, 0.0 ], [ 109.736039855890752, -7.790542276119516, 0.0 ], [ 109.736032665414896, -7.790539042418795, 0.0 ], [ 109.735828227367961, -7.790492966626624, 0.0 ], [ 109.735752809901115, -7.790475969233563, 0.0 ], [ 109.735731184944811, -7.790471095419141, 0.0 ], [ 109.735720781970841, -7.7904687508205, 0.0 ], [ 109.735696838812004, -7.790463354511775, 0.0 ], [ 109.735577056427047, -7.790436358135796, 0.0 ], [ 109.735325884756733, -7.790379749504171, 0.0 ], [ 109.735081157125293, -7.790324592886776, 0.0 ], [ 109.7350251860897, -7.790311978173355, 0.0 ], [ 109.735014408438346, -7.790312212597239, 0.0 ], [ 109.734980475499398, -7.790311592493184, 0.0 ], [ 109.734969177681535, -7.790311817169887, 0.0 ], [ 109.734800898087201, -7.790396078544767, 0.0 ], [ 109.734775581577054, -7.79040875504637, 0.0 ], [ 109.734772851482575, -7.790410122051649, 0.0 ], [ 109.734738330530888, -7.790427407344146, 0.0 ], [ 109.734725530786278, -7.790433816446574, 0.0 ], [ 109.734464338721395, -7.790564600898735, 0.0 ], [ 109.734408245471158, -7.790592687787013, 0.0 ], [ 109.734296058949866, -7.790648861874533, 0.0 ], [ 109.734290782172792, -7.790650697255598, 0.0 ], [ 109.734281946977404, -7.790655928025995, 0.0 ], [ 109.73423996567935, -7.790676948905268, 0.0 ], [ 109.734213554874401, -7.790682048599662, 0.0 ], [ 109.734209713719352, -7.790681413684182, 0.0 ], [ 109.734183903807505, -7.790694579013058, 0.0 ], [ 109.734172386854269, -7.790667168995414, 0.0 ], [ 109.734173247437582, -7.790655603326537, 0.0 ], [ 109.734184097908809, -7.790629949289193, 0.0 ], [ 109.734197346241061, -7.790612978300822, 0.0 ], [ 109.734196843399644, -7.790599814741325, 0.0 ], [ 109.734209721156219, -7.79056936738079, 0.0 ], [ 109.734220439289032, -7.790544026153404, 0.0 ], [ 109.734240507353348, -7.790496578454913, 0.0 ], [ 109.734242996828812, -7.790490699670156, 0.0 ], [ 109.734244035143149, -7.790488237562911, 0.0 ], [ 109.734259631496485, -7.79045136263961, 0.0 ], [ 109.734276268251747, -7.79041202770613, 0.0 ], [ 109.734287135464456, -7.790386334023762, 0.0 ], [ 109.734291226954326, -7.79037666037501, 0.0 ], [ 109.734314822786757, -7.790320871777216, 0.0 ], [ 109.734325121442353, -7.790296522298616, 0.0 ], [ 109.734342815286681, -7.790254688008671, 0.0 ], [ 109.734350216587302, -7.790237188876016, 0.0 ], [ 109.734362014551465, -7.790209294574476, 0.0 ], [ 109.73438561036221, -7.790153505969285, 0.0 ], [ 109.734392725553121, -7.790136683254362, 0.0 ], [ 109.73440920616882, -7.790097717361608, 0.0 ], [ 109.734432802086658, -7.790041928751825, 0.0 ], [ 109.734456397875704, -7.789986140139254, 0.0 ], [ 109.734459272502974, -7.789979343538891, 0.0 ], [ 109.734466144717743, -7.789963095223386, 0.0 ], [ 109.734479993657544, -7.789930351524189, 0.0 ], [ 109.734503589553682, -7.789874562907042, 0.0 ], [ 109.734522553955287, -7.78982972445487, 0.0 ], [ 109.734525819395344, -7.789822003803854, 0.0 ], [ 109.734527185321099, -7.789818774287053, 0.0 ], [ 109.734550758559052, -7.789763038917967, 0.0 ], [ 109.734574376958804, -7.789707197040108, 0.0 ], [ 109.734592366230231, -7.789664664049247, 0.0 ], [ 109.734597972704492, -7.789651408412741, 0.0 ], [ 109.734621568442961, -7.789595619782883, 0.0 ], [ 109.734633366371781, -7.789567725467214, 0.0 ], [ 109.734642276341162, -7.789546659243188, 0.0 ], [ 109.734645164273914, -7.789539831150943, 0.0 ], [ 109.734658258860264, -7.789517181979792, 0.0 ], [ 109.734662037747441, -7.789510459373868, 0.0 ], [ 109.734678471621919, -7.789484071511584, 0.0 ], [ 109.734691673352373, -7.789465615439283, 0.0 ], [ 109.734747918132285, -7.78938698480973, 0.0 ], [ 109.734804162889475, -7.789308354350491, 0.0 ], [ 109.734860407625106, -7.789229723695496, 0.0 ], [ 109.734916652337986, -7.789151093214005, 0.0 ], [ 109.734972897029294, -7.78907246253679, 0.0 ], [ 109.734997440210137, -7.789038150977059, 0.0 ], [ 109.735010590747848, -7.789019766448892, 0.0 ], [ 109.735029141697851, -7.788993832036208, 0.0 ], [ 109.735077182232615, -7.788926670787521, 0.0 ], [ 109.735080585491033, -7.788921913000071, 0.0 ], [ 109.735085386344736, -7.788915201375631, 0.0 ], [ 109.735111616705623, -7.788897020348527, 0.0 ], [ 109.735131446489788, -7.788880997975666, 0.0 ], [ 109.735141521693578, -7.788872992307867, 0.0 ], [ 109.735197479486203, -7.788889961617584, 0.0 ], [ 109.735309395087015, -7.788923900644384, 0.0 ], [ 109.735320928503867, -7.788927398172482, 0.0 ], [ 109.7353550801582, -7.788937754694893, 0.0 ], [ 109.735365352896395, -7.788940869937301, 0.0 ], [ 109.735421310710763, -7.788957839434008, 0.0 ], [ 109.735441116066184, -7.788963845470676, 0.0 ], [ 109.735464495723889, -7.788970935367691, 0.0 ], [ 109.735484134128257, -7.788976890750998, 0.0 ], [ 109.735505247443413, -7.788983293456066, 0.0 ], [ 109.735533226356878, -7.78899177819367, 0.0 ], [ 109.735544527039167, -7.788995205159431, 0.0 ], [ 109.735570170049783, -7.789002981509555, 0.0 ], [ 109.735613188096764, -7.789016026800512, 0.0 ], [ 109.735624558288208, -7.789019474856329, 0.0 ], [ 109.735645142025334, -7.789025716929828, 0.0 ], [ 109.73570109986764, -7.789042686393166, 0.0 ], [ 109.735757057716143, -7.789059655636096, 0.0 ], [ 109.735868973428722, -7.789093594529298, 0.0 ], [ 109.735871296051101, -7.789094298867378, 0.0 ], [ 109.735914314161874, -7.789107344088826, 0.0 ], [ 109.735924931294022, -7.789110563755404, 0.0 ], [ 109.735980889164253, -7.789127533185304, 0.0 ], [ 109.736000350155706, -7.789133434765187, 0.0 ], [ 109.736024714909945, -7.789140823353375, 0.0 ], [ 109.736036847040594, -7.789144502427169, 0.0 ], [ 109.736043319911133, -7.789146527927583, 0.0 ], [ 109.73606334109536, -7.789153049267298, 0.0 ], [ 109.736085388217234, -7.789160514767228, 0.0 ], [ 109.736092800177403, -7.789163054362631, 0.0 ], [ 109.736226873939202, -7.789209396046709, 0.0 ], [ 109.736252021371811, -7.789218088061421, 0.0 ], [ 109.736260652545155, -7.789221071336232, 0.0 ], [ 109.736279213756134, -7.789228084695811, 0.0 ], [ 109.736292706669033, -7.789233445990762, 0.0 ], [ 109.73631659878896, -7.789241930763072, 0.0 ], [ 109.736329708445012, -7.789252455700345, 0.0 ], [ 109.736352550689304, -7.789265629899885, 0.0 ], [ 109.736365070962023, -7.789273090541146, 0.0 ], [ 109.736372505544423, -7.789275965959331, 0.0 ], [ 109.736398781097222, -7.789295363528419, 0.0 ], [ 109.736410980238603, -7.78930426058202, 0.0 ], [ 109.73642839138148, -7.789316983166573, 0.0 ], [ 109.73651107058059, -7.789377820758742, 0.0 ], [ 109.736527855714741, -7.789390171726829, 0.0 ], [ 109.736540162461125, -7.789399227343889, 0.0 ], [ 109.736587292815372, -7.789433907114931, 0.0 ], [ 109.7365960480181, -7.789440349445022, 0.0 ], [ 109.736623990800823, -7.789460910503167, 0.0 ], [ 109.736651933586614, -7.789481471501599, 0.0 ], [ 109.736663515071427, -7.789489993460597, 0.0 ], [ 109.736739737127508, -7.789546079794967, 0.0 ], [ 109.736763704757379, -7.789563715795219, 0.0 ], [ 109.736785810065129, -7.789579981416278, 0.0 ], [ 109.736815959426167, -7.789602166119337, 0.0 ], [ 109.736875475974415, -7.789645959907367, 0.0 ], [ 109.73688254302192, -7.789651160006794, 0.0 ], [ 109.7368921817461, -7.789658252433186, 0.0 ], [ 109.736931361600114, -7.78968708195157, 0.0 ], [ 109.736941833697912, -7.78966878985616, 0.0 ], [ 109.73697845782587, -7.789658509567306, 0.0 ], [ 109.736985051786149, -7.78965612424236, 0.0 ], [ 109.73698746299921, -7.789656193350294, 0.0 ], [ 109.73700249425633, -7.789617597817229, 0.0 ], [ 109.737010041379051, -7.789602744560375, 0.0 ], [ 109.737019419214434, -7.78957855216713, 0.0 ], [ 109.737040669691169, -7.789550088417121, 0.0 ], [ 109.737043138176546, -7.789546322980359, 0.0 ], [ 109.73704380231618, -7.789545892451811, 0.0 ], [ 109.737071563249572, -7.789491209632434, 0.0 ], [ 109.737080572484132, -7.7894718279344, 0.0 ], [ 109.737099560894251, -7.789436011825408, 0.0 ], [ 109.737099853971728, -7.789435434801962, 0.0 ], [ 109.73709993053393, -7.78943522342826, 0.0 ], [ 109.737100143634024, -7.789434912659633, 0.0 ], [ 109.737128193769905, -7.789379660114607, 0.0 ], [ 109.737137416796003, -7.78936078052149, 0.0 ], [ 109.737152669900468, -7.789327667576167, 0.0 ], [ 109.737154452994019, -7.789323879224439, 0.0 ], [ 109.737154966477789, -7.789322361677759, 0.0 ], [ 109.737156503342334, -7.789317782854043, 0.0 ], [ 109.737190469032498, -7.789212268265426, 0.0 ], [ 109.737208433115114, -7.789156462652461, 0.0 ], [ 109.737209407017062, -7.789152876055742, 0.0 ], [ 109.737213038241464, -7.789142156790429, 0.0 ], [ 109.737226397219985, -7.789100657037987, 0.0 ], [ 109.737235379273329, -7.789072754230133, 0.0 ], [ 109.737244361318986, -7.789044851421811, 0.0 ], [ 109.737250440680356, -7.789025965793323, 0.0 ], [ 109.737262325393502, -7.78898904580391, 0.0 ], [ 109.737263719007387, -7.788983261496017, 0.0 ], [ 109.737269573082713, -7.788966530784878, 0.0 ], [ 109.737277705410165, -7.788941267622038, 0.0 ], [ 109.737289271506853, -7.788905337374012, 0.0 ], [ 109.737297840481816, -7.788878717740276, 0.0 ], [ 109.737316217619465, -7.788821628940378, 0.0 ], [ 109.737317919884148, -7.788813535499266, 0.0 ], [ 109.737326107866281, -7.788790904759533, 0.0 ], [ 109.737332234829552, -7.788771871258121, 0.0 ], [ 109.737345867166695, -7.78872952215746, 0.0 ], [ 109.737370109793062, -7.788654212061805, 0.0 ], [ 109.737372001009021, -7.788643689389949, 0.0 ], [ 109.737382642592294, -7.788615278669098, 0.0 ], [ 109.73738684829577, -7.788602559263711, 0.0 ], [ 109.737388073823681, -7.788598406432231, 0.0 ], [ 109.737406037873384, -7.788542600801047, 0.0 ], [ 109.737413498156258, -7.788517244235836, 0.0 ], [ 109.73741600351363, -7.788509674076898, 0.0 ], [ 109.737423124739081, -7.788486792555346, 0.0 ], [ 109.737425630296102, -7.788473389991024, 0.0 ], [ 109.737439177260555, -7.788439652588099, 0.0 ], [ 109.737441396951056, -7.788433182279544, 0.0 ], [ 109.737441965930444, -7.788430989533685, 0.0 ], [ 109.737459929950234, -7.788375183897498, 0.0 ], [ 109.737467225502087, -7.788347507479762, 0.0 ], [ 109.737467308477861, -7.788347126496301, 0.0 ], [ 109.737475575601991, -7.788319371354183, 0.0 ], [ 109.73747889825357, -7.788302728102407, 0.0 ], [ 109.73749571187102, -7.788264026513212, 0.0 ], [ 109.737495831512888, -7.788263690860356, 0.0 ], [ 109.737495857981671, -7.7882635726201, 0.0 ], [ 109.737513821987093, -7.788207766978886, 0.0 ], [ 109.737519227248953, -7.788184567776622, 0.0 ], [ 109.737520515879424, -7.788176403883371, 0.0 ], [ 109.737527425004203, -7.788151948347345, 0.0 ], [ 109.737531769361439, -7.788131668096375, 0.0 ], [ 109.737545345876228, -7.788102981159437, 0.0 ], [ 109.737548736405401, -7.788092664759787, 0.0 ], [ 109.737552246423803, -7.788088400425068, 0.0 ], [ 109.737567713971544, -7.788040350045391, 0.0 ], [ 109.737571571961865, -7.788021287993963, 0.0 ], [ 109.73757309455776, -7.788005050503821, 0.0 ], [ 109.737578528648342, -7.787984523105375, 0.0 ], [ 109.737584166026252, -7.787960132113597, 0.0 ], [ 109.737591696495812, -7.787945643848914, 0.0 ], [ 109.737597969033089, -7.787928721853259, 0.0 ], [ 109.737600817256222, -7.78792081192712, 0.0 ], [ 109.737608782469167, -7.787912256559227, 0.0 ], [ 109.737618196348436, -7.787882222015114, 0.0 ], [ 109.737621169761638, -7.787872931797952, 0.0 ], [ 109.737623816675409, -7.787858107289932, 0.0 ], [ 109.737624756101511, -7.787832777000616, 0.0 ], [ 109.737635211761059, -7.787791117429926, 0.0 ], [ 109.737635413114347, -7.787787442792943, 0.0 ], [ 109.737646532238045, -7.787761289027116, 0.0 ], [ 109.737651263109427, -7.787747318735295, 0.0 ], [ 109.737665336175525, -7.787730194294274, 0.0 ], [ 109.737670442971734, -7.787710535552193, 0.0 ], [ 109.737671991788034, -7.787705505692814, 0.0 ], [ 109.737673524596261, -7.787697441481892, 0.0 ], [ 109.737675047015117, -7.787659128375454, 0.0 ], [ 109.737682174840288, -7.78763317282135, 0.0 ], [ 109.737683495715046, -7.787611578561877, 0.0 ], [ 109.737692335480872, -7.787593847969421, 0.0 ], [ 109.737699289357181, -7.787571397974202, 0.0 ], [ 109.737721918598737, -7.787538519345056, 0.0 ], [ 109.737721994987496, -7.787538152225071, 0.0 ], [ 109.737722014900186, -7.787538077194985, 0.0 ], [ 109.737722038934791, -7.787537958924789, 0.0 ], [ 109.737724330029749, -7.787484468555352, 0.0 ], [ 109.737726269823071, -7.787478071573219, 0.0 ], [ 109.737729360686359, -7.787433489412576, 0.0 ], [ 109.737733638727349, -7.787426393500439, 0.0 ], [ 109.737737785613021, -7.787410962006466, 0.0 ], [ 109.737740510658455, -7.787388649816569, 0.0 ], [ 109.737747751306685, -7.787370576368544, 0.0 ], [ 109.737951000323491, -7.786030561674752, 0.0 ], [ 109.737950702446327, -7.786030325678336, 0.0 ], [ 109.737950475250443, -7.78602747093233, 0.0 ], [ 109.737943764855828, -7.785981510663175, 0.0 ], [ 109.737943722337505, -7.785974680849395, 0.0 ], [ 109.737903765037487, -7.785965473554048, 0.0 ], [ 109.737894665098565, -7.785961231820528, 0.0 ], [ 109.737871263471945, -7.785951095627676, 0.0 ], [ 109.737864042950534, -7.785949161101882, 0.0 ], [ 109.737832710274461, -7.78592453138826, 0.0 ], [ 109.737829728541513, -7.785918482359607, 0.0 ], [ 109.737798278004973, -7.785902974613674, 0.0 ], [ 109.737782844806688, -7.785895592124124, 0.0 ], [ 109.737758416511994, -7.785886800371866, 0.0 ], [ 109.737743561338263, -7.785878997489343, 0.0 ], [ 109.737726908992556, -7.785871353087942, 0.0 ], [ 109.737720463956549, -7.785868733606878, 0.0 ], [ 109.737712166279906, -7.785862273220179, 0.0 ], [ 109.737685200324833, -7.785848001051622, 0.0 ], [ 109.737670992539222, -7.785840648091614, 0.0 ], [ 109.737648337631683, -7.785828853799894, 0.0 ], [ 109.737627026587703, -7.785818103606178, 0.0 ], [ 109.737615069909822, -7.785812009428881, 0.0 ], [ 109.737610879837135, -7.785810296534271, 0.0 ], [ 109.737603210330477, -7.78580608967692, 0.0 ], [ 109.737574201457193, -7.785790966560158, 0.0 ], [ 109.737559147574146, -7.785783275440941, 0.0 ], [ 109.737494701604732, -7.785749907441759, 0.0 ], [ 109.737478684557743, -7.785741422757854, 0.0 ], [ 109.73754703342253, -7.785613136908127, 0.0 ], [ 109.737559639944607, -7.785618786767628, 0.0 ], [ 109.737726081799593, -7.78569338093905, 0.0 ], [ 109.737827004930509, -7.785738611544184, 0.0 ], [ 109.737882709279745, -7.785763576491624, 0.0 ], [ 109.737917336287978, -7.785779095243084, 0.0 ], [ 109.737951173132913, -7.785794259856551, 0.0 ], [ 109.738007106475962, -7.785819327404178, 0.0 ], [ 109.738028851334988, -7.785829072763867, 0.0 ], [ 109.738063039826557, -7.78584439495841, 0.0 ], [ 109.738105544483801, -7.785863444169899, 0.0 ], [ 109.738114701355642, -7.785867737021682, 0.0 ], [ 109.738118972653254, -7.785869640151881, 0.0 ], [ 109.738130062820815, -7.78587459254347, 0.0 ], [ 109.738153303354579, -7.785885159912254, 0.0 ], [ 109.738174906550611, -7.785894530044696, 0.0 ], [ 109.738192207148288, -7.785902283605985, 0.0 ], [ 109.738231016601901, -7.785919676747572, 0.0 ], [ 109.738265199834217, -7.785941304496964, 0.0 ], [ 109.738300241401589, -7.785962257209452, 0.0 ], [ 109.738324250149518, -7.785975813361802, 0.0 ], [ 109.73834265370769, -7.785987444267566, 0.0 ], [ 109.738398556406096, -7.786022774281173, 0.0 ], [ 109.738413054214533, -7.786031936779247, 0.0 ], [ 109.738440324421376, -7.786046150617163, 0.0 ], [ 109.738477566215209, -7.786064922028959, 0.0 ], [ 109.738496472132795, -7.786074133884905, 0.0 ], [ 109.73851515899365, -7.786083345473814, 0.0 ], [ 109.738525196221815, -7.786088129619213, 0.0 ], [ 109.738842230516923, -7.786200791126558, 0.0 ], [ 109.738844944814417, -7.78620193913955, 0.0 ], [ 109.738846087133297, -7.786202161613748, 0.0 ], [ 109.739000747742097, -7.786257121801267, 0.0 ], [ 109.739009725730369, -7.786261346997712, 0.0 ], [ 109.73901393283306, -7.78626222050452, 0.0 ], [ 109.739021610047359, -7.786264848441828, 0.0 ], [ 109.73905128433131, -7.786275838718741, 0.0 ], [ 109.739069883058065, -7.786281689703014, 0.0 ], [ 109.739080006379908, -7.786285287118862, 0.0 ], [ 109.73910759500437, -7.786295090983611, 0.0 ], [ 109.739159265105258, -7.786313452423553, 0.0 ], [ 109.739173962597278, -7.78632129423142, 0.0 ], [ 109.739181776169772, -7.786323088841901, 0.0 ], [ 109.739195927915262, -7.786327689200248, 0.0 ], [ 109.739215875149824, -7.78633543503844, 0.0 ], [ 109.739237730068098, -7.786341335667861, 0.0 ], [ 109.739238523759028, -7.786341617714845, 0.0 ], [ 109.739293679083985, -7.786361217661375, 0.0 ], [ 109.739317782428671, -7.786369782992945, 0.0 ], [ 109.739337503088365, -7.786381931856318, 0.0 ], [ 109.739349616310221, -7.78638504564325, 0.0 ], [ 109.739371361734314, -7.786391649466538, 0.0 ], [ 109.739380227548921, -7.786395267729583, 0.0 ], [ 109.739405577134846, -7.786400981606102, 0.0 ], [ 109.739424026942388, -7.78640753791002, 0.0 ], [ 109.739476299805872, -7.786426113509664, 0.0 ], [ 109.73950012488082, -7.786443480280102, 0.0 ], [ 109.739517451916299, -7.786448539009257, 0.0 ], [ 109.739543521169566, -7.786456150100324, 0.0 ], [ 109.739547459920288, -7.786456276162333, 0.0 ], [ 109.739573422148112, -7.786461333540393, 0.0 ], [ 109.739588950328979, -7.786466804517434, 0.0 ], [ 109.739626449339369, -7.786479499910995, 0.0 ], [ 109.739629373312198, -7.786480509432978, 0.0 ], [ 109.739634817230666, -7.786482443973783, 0.0 ], [ 109.739661499701398, -7.786506264961616, 0.0 ], [ 109.739685280798156, -7.786514302246419, 0.0 ], [ 109.739703393943088, -7.786520423919833, 0.0 ], [ 109.739723804605859, -7.786521150044881, 0.0 ], [ 109.739741257654728, -7.786524885705109, 0.0 ], [ 109.739751563301724, -7.786528361679795, 0.0 ], [ 109.739791585261855, -7.786538769185041, 0.0 ], [ 109.73979224199104, -7.786543725743673, 0.0 ], [ 109.73979719594368, -7.786548376423997, 0.0 ], [ 109.739817121309343, -7.786574753423302, 0.0 ], [ 109.739834455627488, -7.786576139723947, 0.0 ], [ 109.739861107756141, -7.78658683815264, 0.0 ], [ 109.73990262226954, -7.786588504921213, 0.0 ], [ 109.739909088430181, -7.786590041132932, 0.0 ], [ 109.73991314239511, -7.786590943843694, 0.0 ], [ 109.739934795990138, -7.786595054050665, 0.0 ], [ 109.739932906086395, -7.786618888570277, 0.0 ], [ 109.739908920100874, -7.786646373926396, 0.0 ], [ 109.73985286062549, -7.786663430367584, 0.0 ], [ 109.739796801147889, -7.786680486402314, 0.0 ], [ 109.739740741665656, -7.786697542827266, 0.0 ], [ 109.739684682181107, -7.786714598845704, 0.0 ], [ 109.739628622691939, -7.786731655257546, 0.0 ], [ 109.739572563200525, -7.786748711259608, 0.0 ], [ 109.739516503704436, -7.786765767651943, 0.0 ], [ 109.739460444206102, -7.786782823637764, 0.0 ], [ 109.739404384703121, -7.786799880013771, 0.0 ], [ 109.73934846991537, -7.786816891956424, 0.0 ], [ 109.739292265687951, -7.78683399234615, 0.0 ], [ 109.739180146660189, -7.786868104244401, 0.0 ], [ 109.739124087139913, -7.786885160579674, 0.0 ], [ 109.739068027617392, -7.786902216508378, 0.0 ], [ 109.739011968090239, -7.786919272830474, 0.0 ], [ 109.738955908560825, -7.786936328742905, 0.0 ], [ 109.738899849026723, -7.786953385045555, 0.0 ], [ 109.738843789490389, -7.78697044094166, 0.0 ], [ 109.738787729949422, -7.786987497227933, 0.0 ], [ 109.738731670406167, -7.787004553107761, 0.0 ], [ 109.738675610858294, -7.787021609380931, 0.0 ], [ 109.738620049096028, -7.787038513794153, 0.0 ], [ 109.738563491753311, -7.787055721498135, 0.0 ], [ 109.738507432196272, -7.787072777345307, 0.0 ], [ 109.738451372634572, -7.787089833582686, 0.0 ], [ 109.738339253503156, -7.787123945239529, 0.0 ], [ 109.738283193931053, -7.787141001452406, 0.0 ], [ 109.738227134356762, -7.787158057258803, 0.0 ], [ 109.738171074777753, -7.787175113455389, 0.0 ], [ 109.738115015196513, -7.787192169245429, 0.0 ], [ 109.738111840022427, -7.787200942313497, 0.0 ], [ 109.738109830072602, -7.787204076851991, 0.0 ], [ 109.738100817031977, -7.787218132824865, 0.0 ], [ 109.738091008827212, -7.787236068674494, 0.0 ], [ 109.738065265940065, -7.787259803357617, 0.0 ], [ 109.738061908653307, -7.787262898731886, 0.0 ], [ 109.738058790733277, -7.787264317625226, 0.0 ], [ 109.738042638980076, -7.787315595161377, 0.0 ], [ 109.738037406850864, -7.787336690408618, 0.0 ], [ 109.738035187351088, -7.787348141917332, 0.0 ], [ 109.738028537658025, -7.787371412343159, 0.0 ], [ 109.738022911266299, -7.787391851661704, 0.0 ], [ 109.738013132643985, -7.787416448690746, 0.0 ], [ 109.738007736755748, -7.787432653404607, 0.0 ], [ 109.738002244898638, -7.787443835588584, 0.0 ], [ 109.737989903692281, -7.78748301564853, 0.0 ], [ 109.737979420665567, -7.787516296554021, 0.0 ], [ 109.73797397195851, -7.787533594758284, 0.0 ], [ 109.737945957618692, -7.78762253271017, 0.0 ], [ 109.737919589954259, -7.787706242942366, 0.0 ], [ 109.737912371918853, -7.787729158301451, 0.0 ], [ 109.737910800743393, -7.787734146352295, 0.0 ], [ 109.737902011521768, -7.787762049761809, 0.0 ], [ 109.737889153050318, -7.787802871873136, 0.0 ], [ 109.737392234008979, -7.78938044682073, 0.0 ], [ 109.737389305754476, -7.789389395772977, 0.0 ], [ 109.737380245091074, -7.789415765921211, 0.0 ], [ 109.737374942579137, -7.789431011648689, 0.0 ], [ 109.737372941286779, -7.789436248484823, 0.0 ], [ 109.737323866264987, -7.789539291494419, 0.0 ] ], [ [ 109.735139856335891, -7.789428033448533, 0.0 ], [ 109.735083898479488, -7.789411063906802, 0.0 ], [ 109.735076210061678, -7.789421763878549, 0.0 ], [ 109.735051120353248, -7.789452617768259, 0.0 ], [ 109.735027688488231, -7.789478118726465, 0.0 ], [ 109.734971443739624, -7.789556749402476, 0.0 ], [ 109.734954779257777, -7.78958006439688, 0.0 ], [ 109.734942997019559, -7.78959657938307, 0.0 ], [ 109.734933864276996, -7.789615106857384, 0.0 ], [ 109.734919374710657, -7.789648165112314, 0.0 ], [ 109.734917450904064, -7.789652362215419, 0.0 ], [ 109.734900130214228, -7.789693314533465, 0.0 ], [ 109.734893855197711, -7.789708150867359, 0.0 ], [ 109.73487025948414, -7.789763939516786, 0.0 ], [ 109.734867438583976, -7.789772568104401, 0.0 ], [ 109.73485872245476, -7.789791217003789, 0.0 ], [ 109.734850220149667, -7.789811319381151, 0.0 ], [ 109.73483799232649, -7.789840230269065, 0.0 ], [ 109.73483358348021, -7.789850654353908, 0.0 ], [ 109.73482306791378, -7.789875516808014, 0.0 ], [ 109.734826224468051, -7.789899297739405, 0.0 ], [ 109.734802313323016, -7.789924587980979, 0.0 ], [ 109.734800310114949, -7.789929324276335, 0.0 ], [ 109.734799472175439, -7.78993130545009, 0.0 ], [ 109.734799527698172, -7.789934055453132, 0.0 ], [ 109.734802274957417, -7.789937369998946, 0.0 ], [ 109.734806305049077, -7.789935339085723, 0.0 ], [ 109.734828547716702, -7.789931392254335, 0.0 ], [ 109.73484517790655, -7.7899183140132, 0.0 ], [ 109.73485831535659, -7.789926854536096, 0.0 ], [ 109.734867722104823, -7.789922141715622, 0.0 ], [ 109.734892284382838, -7.789909549851399, 0.0 ], [ 109.734914407847853, -7.789898981758762, 0.0 ], [ 109.734970500975862, -7.789870894613881, 0.0 ], [ 109.735026594096794, -7.789842807628719, 0.0 ], [ 109.735051315278625, -7.789845000723179, 0.0 ], [ 109.735057554714288, -7.789845331388413, 0.0 ], [ 109.735082588164275, -7.78984772717983, 0.0 ], [ 109.735105993915624, -7.789853002405122, 0.0 ], [ 109.735117779750354, -7.789855658693207, 0.0 ], [ 109.735138559143124, -7.789860341966993, 0.0 ], [ 109.735211027691207, -7.789876674857563, 0.0 ], [ 109.735462198226443, -7.789933283505519, 0.0 ], [ 109.735713369668559, -7.789989892017688, 0.0 ], [ 109.735922153320487, -7.79003694728591, 0.0 ], [ 109.735929877585534, -7.790038688176899, 0.0 ], [ 109.735964540384359, -7.790046500389152, 0.0 ], [ 109.736215711190383, -7.790103108622422, 0.0 ], [ 109.736466882903287, -7.79015971671986, 0.0 ], [ 109.736649777271765, -7.790200936767938, 0.0 ], [ 109.736660327760191, -7.790205616323886, 0.0 ], [ 109.736672818566987, -7.790216189823812, 0.0 ], [ 109.736667893120114, -7.790234342394077, 0.0 ], [ 109.736666904509491, -7.79025478890838, 0.0 ], [ 109.736663608896379, -7.790272021492186, 0.0 ], [ 109.736660039124658, -7.790282489037408, 0.0 ], [ 109.736649439681401, -7.790313569278425, 0.0 ], [ 109.736549425327567, -7.790606835796976, 0.0 ], [ 109.736546150912957, -7.790616437217199, 0.0 ], [ 109.736531914996192, -7.790658180860186, 0.0 ], [ 109.736530394897898, -7.790662638175306, 0.0 ], [ 109.736492333630764, -7.790774242925511, 0.0 ], [ 109.736490453925981, -7.790784662607577, 0.0 ], [ 109.736479922810048, -7.790810634405133, 0.0 ], [ 109.736454272339188, -7.790885847668444, 0.0 ], [ 109.736447715473787, -7.790909862768736, 0.0 ], [ 109.736443261575232, -7.79092204485393, 0.0 ], [ 109.736437077182046, -7.790941655510701, 0.0 ], [ 109.736436270066591, -7.790954406162558, 0.0 ], [ 109.736423417079408, -7.790976322554541, 0.0 ], [ 109.736418026526508, -7.790992128951043, 0.0 ], [ 109.736416211048223, -7.79099745240421, 0.0 ], [ 109.736397180444982, -7.791053254769572, 0.0 ], [ 109.736394963799654, -7.791081043274296, 0.0 ], [ 109.736394736990022, -7.791081536214569, 0.0 ], [ 109.736390241381571, -7.791109093192545, 0.0 ], [ 109.736387906404417, -7.791129989196595, 0.0 ], [ 109.736366911293274, -7.791142011264514, 0.0 ], [ 109.736359119198468, -7.791164859494744, 0.0 ], [ 109.736357522808959, -7.791174122066997, 0.0 ], [ 109.73635737379702, -7.79121140895618, 0.0 ], [ 109.736354974214493, -7.791220706248623, 0.0 ], [ 109.736353942364943, -7.791233364212923, 0.0 ], [ 109.736366575440229, -7.791254025357192, 0.0 ], [ 109.736390675813126, -7.791220812720599, 0.0 ], [ 109.736399189445876, -7.791197336182096, 0.0 ], [ 109.736422816863808, -7.791176519245933, 0.0 ], [ 109.736471568319729, -7.791109335717284, 0.0 ], [ 109.73647450181528, -7.791104817564139, 0.0 ], [ 109.736479058263072, -7.791099013955941, 0.0 ], [ 109.736591540996301, -7.790944003342682, 0.0 ], [ 109.736592907495293, -7.790942120170995, 0.0 ], [ 109.736596406665527, -7.79093729800251, 0.0 ], [ 109.736615862655967, -7.790910485860102, 0.0 ], [ 109.736633353883349, -7.790886381644163, 0.0 ], [ 109.736647782330195, -7.79086649801628, 0.0 ], [ 109.736704023644833, -7.790788991849706, 0.0 ], [ 109.736872747450533, -7.790556475780642, 0.0 ], [ 109.736876031254923, -7.790551950360932, 0.0 ], [ 109.736884440036647, -7.790540362280399, 0.0 ], [ 109.73689818433138, -7.790521421329713, 0.0 ], [ 109.736916477585879, -7.790496211794093, 0.0 ], [ 109.736928988675501, -7.790478970402164, 0.0 ], [ 109.736956893672811, -7.79046827150789, 0.0 ], [ 109.736957123894101, -7.790468304866542, 0.0 ], [ 109.736985043807024, -7.790463560433103, 0.0 ], [ 109.737032622711894, -7.790496557974395, 0.0 ], [ 109.737037106167875, -7.790500397288711, 0.0 ], [ 109.73704093660848, -7.790502323973676, 0.0 ], [ 109.73705952641032, -7.790515216759618, 0.0 ], [ 109.737070592911024, -7.790522891839231, 0.0 ], [ 109.737096829419897, -7.790541087803135, 0.0 ], [ 109.737113512679002, -7.790552658187878, 0.0 ], [ 109.737136700281269, -7.790568739595476, 0.0 ], [ 109.737169753857984, -7.79059166358514, 0.0 ], [ 109.737194402668948, -7.790608758389185, 0.0 ], [ 109.737208615076369, -7.790618615149961, 0.0 ], [ 109.737236561497298, -7.790637996987123, 0.0 ], [ 109.737268914829912, -7.790660435319247, 0.0 ], [ 109.73727529268173, -7.790664858578302, 0.0 ], [ 109.73732040077644, -7.790696142473605, 0.0 ], [ 109.737335022292726, -7.790706283009175, 0.0 ], [ 109.737356182913643, -7.790720958755961, 0.0 ], [ 109.737376293642228, -7.790734906312991, 0.0 ], [ 109.737432186520067, -7.790773669774141, 0.0 ], [ 109.737434183374972, -7.790775054661167, 0.0 ], [ 109.737437073271266, -7.790777058921722, 0.0 ], [ 109.737488079407697, -7.79081243360185, 0.0 ], [ 109.737543972307307, -7.790851197051426, 0.0 ], [ 109.737566398201466, -7.790866750173172, 0.0 ], [ 109.737599865216723, -7.790889960867591, 0.0 ], [ 109.73765575813816, -7.790928724305521, 0.0 ], [ 109.737665559363691, -7.790935521785872, 0.0 ], [ 109.737679743941825, -7.790945359344575, 0.0 ], [ 109.737711651069347, -7.790967488110108, 0.0 ], [ 109.73776754401257, -7.791006251536412, 0.0 ], [ 109.73782343696557, -7.791045015329419, 0.0 ], [ 109.737879329930607, -7.791083778744175, 0.0 ], [ 109.737922414814719, -7.791113659658089, 0.0 ], [ 109.737930629700159, -7.791118277777175, 0.0 ], [ 109.737935231360154, -7.791119719146282, 0.0 ], [ 109.737938055818788, -7.791116513571412, 0.0 ], [ 109.737941341999061, -7.791113716033731, 0.0 ], [ 109.737966416656604, -7.791088941478655, 0.0 ], [ 109.737991370901341, -7.791076144586546, 0.0 ], [ 109.738066305455916, -7.791002369920115, 0.0 ], [ 109.738085077820571, -7.790983888150262, 0.0 ], [ 109.738103720195383, -7.790965534295302, 0.0 ], [ 109.738114062237173, -7.790956941703282, 0.0 ], [ 109.738126775526524, -7.790946690854621, 0.0 ], [ 109.738145022822152, -7.790931977934902, 0.0 ], [ 109.738159864472635, -7.790920365483298, 0.0 ], [ 109.738215934818584, -7.790899887594023, 0.0 ], [ 109.738222377348038, -7.790897534658014, 0.0 ], [ 109.738263316803909, -7.79088258267047, 0.0 ], [ 109.73829088092279, -7.790872515709974, 0.0 ], [ 109.738304256338211, -7.79086763075647, 0.0 ], [ 109.738345195823527, -7.790852678792603, 0.0 ], [ 109.738386135371769, -7.790837726889217, 0.0 ], [ 109.738427074923862, -7.790822774984636, 0.0 ], [ 109.738468766041848, -7.790807548495808, 0.0 ], [ 109.73850895391223, -7.790792871061543, 0.0 ], [ 109.738549893354758, -7.79077791904298, 0.0 ], [ 109.738557708733254, -7.790775064705645, 0.0 ], [ 109.738590832888136, -7.790762967114208, 0.0 ], [ 109.738608427118876, -7.790756541313755, 0.0 ], [ 109.738627953346693, -7.790744183525946, 0.0 ], [ 109.738643698361088, -7.790724793296014, 0.0 ], [ 109.738619405842911, -7.790713898912567, 0.0 ], [ 109.73860857247071, -7.790707974277153, 0.0 ], [ 109.73858063536116, -7.790696642593729, 0.0 ], [ 109.738580338876034, -7.790696412122917, 0.0 ], [ 109.738547645862184, -7.79067365507199, 0.0 ], [ 109.738544610830715, -7.790668639165386, 0.0 ], [ 109.738496749744414, -7.790642719661125, 0.0 ], [ 109.738440756900516, -7.790612396425744, 0.0 ], [ 109.738328994672884, -7.79055187076354, 0.0 ], [ 109.738273076333272, -7.790521587842609, 0.0 ], [ 109.738233463711182, -7.790500135316036, 0.0 ], [ 109.738222630460555, -7.790494635298353, 0.0 ], [ 109.738217154897129, -7.790492342254804, 0.0 ], [ 109.738205619762951, -7.790488536767435, 0.0 ], [ 109.738180915847082, -7.790480297760336, 0.0 ], [ 109.738161201238626, -7.790473862686665, 0.0 ], [ 109.738105246048804, -7.790455896598423, 0.0 ], [ 109.738095962929251, -7.790453133255696, 0.0 ], [ 109.738053065200646, -7.790439968644674, 0.0 ], [ 109.738049288338431, -7.790438774296806, 0.0 ], [ 109.738042353608364, -7.790436784948059, 0.0 ], [ 109.738009582503864, -7.790427383960572, 0.0 ], [ 109.737993327433202, -7.790422720908558, 0.0 ], [ 109.737601601245103, -7.790310347488483, 0.0 ], [ 109.737573141651538, -7.79030218332864, 0.0 ], [ 109.737530318352924, -7.790289898651328, 0.0 ], [ 109.737489679525524, -7.790278240659275, 0.0 ], [ 109.737097953674834, -7.790165866815717, 0.0 ], [ 109.737094415109667, -7.790165118676992, 0.0 ], [ 109.737082916421954, -7.790161553072669, 0.0 ], [ 109.737051054594829, -7.790152412845963, 0.0 ], [ 109.737041992860682, -7.790149813306756, 0.0 ], [ 109.736930071247954, -7.790117706420813, 0.0 ], [ 109.736919416781319, -7.790115838206305, 0.0 ], [ 109.736886638346945, -7.790105108949501, 0.0 ], [ 109.736898116326429, -7.790081262419399, 0.0 ], [ 109.736901715402425, -7.790076751471847, 0.0 ], [ 109.736905070340512, -7.790049304758633, 0.0 ], [ 109.736899637089863, -7.790024062069703, 0.0 ], [ 109.736874369102139, -7.790015339442196, 0.0 ], [ 109.736847086936763, -7.790020466693477, 0.0 ], [ 109.736845424025248, -7.790020274040994, 0.0 ], [ 109.736818311415945, -7.790031622101416, 0.0 ], [ 109.73679517878216, -7.790016234843817, 0.0 ], [ 109.736765864978167, -7.789993030695994, 0.0 ], [ 109.736762425763374, -7.789990500034044, 0.0 ], [ 109.736757229648475, -7.78998781470768, 0.0 ], [ 109.73672557419556, -7.789973854250687, 0.0 ], [ 109.73670650717763, -7.789960370432186, 0.0 ], [ 109.736638288605519, -7.789936791261406, 0.0 ], [ 109.736605767375011, -7.789925550592995, 0.0 ], [ 109.736594605347577, -7.789921692566503, 0.0 ], [ 109.736475272015099, -7.789880446128924, 0.0 ], [ 109.736312256125487, -7.789824100942488, 0.0 ], [ 109.736272533661349, -7.78981037119341, 0.0 ], [ 109.736258900005552, -7.789805658866573, 0.0 ], [ 109.736146998274137, -7.789766980986284, 0.0 ], [ 109.73598622385849, -7.789711410400026, 0.0 ], [ 109.735979145724059, -7.789708963897803, 0.0 ], [ 109.735823207478063, -7.789655065043995, 0.0 ], [ 109.735660191798388, -7.789598719633982, 0.0 ], [ 109.735497175522937, -7.789542374166239, 0.0 ], [ 109.735419637624432, -7.789515573586378, 0.0 ], [ 109.735397767197384, -7.789508052925842, 0.0 ], [ 109.73537929255906, -7.789501743806396, 0.0 ], [ 109.735363686363883, -7.789496396060766, 0.0 ], [ 109.73535593786184, -7.789493829103613, 0.0 ], [ 109.735331069402463, -7.78948601942206, 0.0 ], [ 109.735313127030764, -7.789480578315209, 0.0 ], [ 109.735297689147529, -7.789475896743443, 0.0 ], [ 109.735270108924766, -7.78946753301372, 0.0 ], [ 109.735251772066107, -7.789461972298207, 0.0 ], [ 109.735195814198534, -7.789445002769839, 0.0 ], [ 109.735184072935169, -7.789441442188998, 0.0 ], [ 109.735139856335891, -7.789428033448533, 0.0 ] ] ], [ [ [ 109.736096681058683, -7.784967397884799, 0.0 ], [ 109.736093930527019, -7.784975098428339, 0.0 ], [ 109.736105362112809, -7.784972020803685, 0.0 ], [ 109.736118389467791, -7.784976786289661, 0.0 ], [ 109.736136620846068, -7.784988468149429, 0.0 ], [ 109.736161310169166, -7.784992094697213, 0.0 ], [ 109.736182104106149, -7.78499906896726, 0.0 ], [ 109.736210960164144, -7.785013637484196, 0.0 ], [ 109.736217245687712, -7.785016355203553, 0.0 ], [ 109.736220104503303, -7.78501708825297, 0.0 ], [ 109.736223466762482, -7.785019951671312, 0.0 ], [ 109.736253313438567, -7.785039857777138, 0.0 ], [ 109.736273176376372, -7.785042230208377, 0.0 ], [ 109.736296536317312, -7.785052699524019, 0.0 ], [ 109.736329109491379, -7.785067297952807, 0.0 ], [ 109.736335706914574, -7.785069558680531, 0.0 ], [ 109.736348938356784, -7.785076184727997, 0.0 ], [ 109.736370250659689, -7.785091004884287, 0.0 ], [ 109.736385042613975, -7.785092365713529, 0.0 ], [ 109.736414083003922, -7.785105380826519, 0.0 ], [ 109.736474409967499, -7.785132417752753, 0.0 ], [ 109.736487451546395, -7.785141890595553, 0.0 ], [ 109.736496908882046, -7.785142501157755, 0.0 ], [ 109.736537145782563, -7.785160534253143, 0.0 ], [ 109.736599881588404, -7.785188650745446, 0.0 ], [ 109.736604937079974, -7.785192494114425, 0.0 ], [ 109.736608775180443, -7.785192636608983, 0.0 ], [ 109.736716851574371, -7.78524107345997, 0.0 ], [ 109.736760781427932, -7.785260761602908, 0.0 ], [ 109.736804541275845, -7.785280373559938, 0.0 ], [ 109.73687684278427, -7.785312777060813, 0.0 ], [ 109.736913560942043, -7.785329233088025, 0.0 ], [ 109.736944374258215, -7.785343042739073, 0.0 ], [ 109.736954217051462, -7.785347454005767, 0.0 ], [ 109.736972340860362, -7.785355576577274, 0.0 ], [ 109.736992646432242, -7.785364676958229, 0.0 ], [ 109.736951479170756, -7.785468140292039, 0.0 ], [ 109.736948552903044, -7.785464455035154, 0.0 ], [ 109.736944012913028, -7.78546370499349, 0.0 ], [ 109.736933044771689, -7.78545798295727, 0.0 ], [ 109.73691145346568, -7.78544554251606, 0.0 ], [ 109.736888088130314, -7.785435822224484, 0.0 ], [ 109.736872168075806, -7.78542879714193, 0.0 ], [ 109.736843650044577, -7.785412813541969, 0.0 ], [ 109.736838795928861, -7.785406189399303, 0.0 ], [ 109.736832172007794, -7.785405050616093, 0.0 ], [ 109.736816049712431, -7.785396626794627, 0.0 ], [ 109.736801105701787, -7.785387862584924, 0.0 ], [ 109.736776245009395, -7.785377913251812, 0.0 ], [ 109.736760816449817, -7.785372112439467, 0.0 ], [ 109.73673514158466, -7.785356631143857, 0.0 ], [ 109.736729192341031, -7.785347771699171, 0.0 ], [ 109.73672033177337, -7.785346183788185, 0.0 ], [ 109.736698591245627, -7.785334805621087, 0.0 ], [ 109.736690792306746, -7.785330148592559, 0.0 ], [ 109.736664401922638, -7.785320004277011, 0.0 ], [ 109.736649514434717, -7.785315378564751, 0.0 ], [ 109.736626633116401, -7.785300448722404, 0.0 ], [ 109.736619759607379, -7.78528918463226, 0.0 ], [ 109.736608492295744, -7.785287075840385, 0.0 ], [ 109.736581133954246, -7.785272985560494, 0.0 ], [ 109.736580378458598, -7.785272534198269, 0.0 ], [ 109.736552558169706, -7.785262329070146, 0.0 ], [ 109.736538194353884, -7.785258662604256, 0.0 ], [ 109.736518124720874, -7.785244266277758, 0.0 ], [ 109.736510518043517, -7.785230408045032, 0.0 ], [ 109.736496653677619, -7.78522769257529, 0.0 ], [ 109.736468820187412, -7.785216054390768, 0.0 ], [ 109.736468461807007, -7.785215966445631, 0.0 ], [ 109.736440707807319, -7.785206871465459, 0.0 ], [ 109.736426204362587, -7.785202610802176, 0.0 ], [ 109.736409616317019, -7.785188083809691, 0.0 ], [ 109.736401491225308, -7.785171418571393, 0.0 ], [ 109.736384816041635, -7.785167993114492, 0.0 ], [ 109.736357392639349, -7.785159444990049, 0.0 ], [ 109.736355960344866, -7.785159118521217, 0.0 ], [ 109.736328856685461, -7.785151678328523, 0.0 ], [ 109.736314176424344, -7.785146596628508, 0.0 ], [ 109.736301107985852, -7.785131901318525, 0.0 ], [ 109.73629270686115, -7.785112188741592, 0.0 ], [ 109.73627297953621, -7.785107927985294, 0.0 ], [ 109.736246096298842, -7.785102705521569, 0.0 ], [ 109.736243323856897, -7.785102135062075, 0.0 ], [ 109.736217004282224, -7.785096923820171, 0.0 ], [ 109.736202060117606, -7.785090670073358, 0.0 ], [ 109.736192423282205, -7.785075718278256, 0.0 ], [ 109.736184084311148, -7.785052798498886, 0.0 ], [ 109.736161143807237, -7.785047615476469, 0.0 ], [ 109.7361349243983, -7.78504584269163, 0.0 ], [ 109.73613061469166, -7.785045078629287, 0.0 ], [ 109.736105149488466, -7.785042977936548, 0.0 ], [ 109.736088335221524, -7.785036338269153, 0.0 ], [ 109.736076644739356, -7.785019514070322, 0.0 ], [ 109.736071447817281, -7.784997387667722, 0.0 ], [ 109.736049288186877, -7.784993952620143, 0.0 ], [ 109.736022348026651, -7.784992479372108, 0.0 ], [ 109.73602013064729, -7.784992570553269, 0.0 ], [ 109.735993289459444, -7.784990789750656, 0.0 ], [ 109.735972979300783, -7.784983623460302, 0.0 ], [ 109.73596303417041, -7.784971155437018, 0.0 ], [ 109.736029, -7.784957, 0.0 ], [ 109.736096681058683, -7.784967397884799, 0.0 ] ] ] ] } },
{ "type": "Feature", "properties": { "Join_Count": 1, "TARGET_FID": 46, "JOIN_FID": 51, "Id": 51, "Contour": 280.0, "Shape_Leng": 286.81009917900002, "Skor": 2.0, "Shape_Le_1": 17433.427629099999, "Shape_Area": 437392.84701099998 }, "geometry": { "type": "MultiPolygon", "coordinates": [ [ [ [ 109.744457615630623, -7.790984585742986, 0.0 ], [ 109.744359688634972, -7.791188643960604, 0.0 ], [ 109.744325918747748, -7.791076825322814, 0.0 ], [ 109.744324643213872, -7.79107260185232, 0.0 ], [ 109.744320453532055, -7.791058728932468, 0.0 ], [ 109.744292148874166, -7.790965006684597, 0.0 ], [ 109.744285810585282, -7.790944019701938, 0.0 ], [ 109.744282165700724, -7.790931950718167, 0.0 ], [ 109.744457615630623, -7.790984585742986, 0.0 ] ] ], [ [ [ 109.740833096760625, -7.786634270261498, 0.0 ], [ 109.74087398984021, -7.786640829658509, 0.0 ], [ 109.740889078474055, -7.786643249913376, 0.0 ], [ 109.740922342560395, -7.78664858556381, 0.0 ], [ 109.740973051050744, -7.786656719402386, 0.0 ], [ 109.741019047949393, -7.786664097416697, 0.0 ], [ 109.741042758632929, -7.786667900677441, 0.0 ], [ 109.741067400640006, -7.786671853341741, 0.0 ], [ 109.741109227782403, -7.78667856252855, 0.0 ], [ 109.741115753355132, -7.786679609242215, 0.0 ], [ 109.741140996228154, -7.786683658271508, 0.0 ], [ 109.741196977961181, -7.786692637852383, 0.0 ], [ 109.741252959697448, -7.786701617507278, 0.0 ], [ 109.741308635186329, -7.78671054795121, 0.0 ], [ 109.741357516907968, -7.786718388720835, 0.0 ], [ 109.741375104380694, -7.786721209788761, 0.0 ], [ 109.741405869648375, -7.786726144580203, 0.0 ], [ 109.741420904927992, -7.786728556271142, 0.0 ], [ 109.741476886678683, -7.786737535816944, 0.0 ], [ 109.741532868432699, -7.786746515436741, 0.0 ], [ 109.741588850190453, -7.786755494968562, 0.0 ], [ 109.741599280576949, -7.786757168020165, 0.0 ], [ 109.74164483195176, -7.786764474499852, 0.0 ], [ 109.741665388434228, -7.786767771800568, 0.0 ], [ 109.741695861799769, -7.786772802900573, 0.0 ], [ 109.741707608561853, -7.786774677485143, 0.0 ], [ 109.741744122668862, -7.786780649822874, 0.0 ], [ 109.741750622500348, -7.786781677496071, 0.0 ], [ 109.742098, -7.786914000999932, 0.0 ], [ 109.742162686898382, -7.786866554010601, 0.0 ], [ 109.742162973491787, -7.786866636010342, 0.0 ], [ 109.742200439694315, -7.786876946678701, 0.0 ], [ 109.742204578645214, -7.786878111101447, 0.0 ], [ 109.742206912481834, -7.786878767693705, 0.0 ], [ 109.742215615529176, -7.786881123082825, 0.0 ], [ 109.742260537313442, -7.786894847124523, 0.0 ], [ 109.742280072670766, -7.786900815336649, 0.0 ], [ 109.742293031947057, -7.786904774486277, 0.0 ], [ 109.742335974682689, -7.786917893876626, 0.0 ], [ 109.742360364713178, -7.786925345199778, 0.0 ], [ 109.742372452522105, -7.786929038121298, 0.0 ], [ 109.742400248582257, -7.786937530076573, 0.0 ], [ 109.742422299694226, -7.786943696884263, 0.0 ], [ 109.742428414131794, -7.786944793396922, 0.0 ], [ 109.742436754023245, -7.786945959488723, 0.0 ], [ 109.742469832587233, -7.786952265504579, 0.0 ], [ 109.742484395038687, -7.78695407950718, 0.0 ], [ 109.742501892979234, -7.786955286458262, 0.0 ], [ 109.742521590734412, -7.786956645125391, 0.0 ], [ 109.742540392122521, -7.786957941982985, 0.0 ], [ 109.742562938049602, -7.78696050609163, 0.0 ], [ 109.742573028513789, -7.786961342364009, 0.0 ], [ 109.742596382110705, -7.78696418478409, 0.0 ], [ 109.74261867079548, -7.786971785363859, 0.0 ], [ 109.742635868205724, -7.786977649813765, 0.0 ], [ 109.742652333824552, -7.78698326470241, 0.0 ], [ 109.742660758040486, -7.78698575289002, 0.0 ], [ 109.742684496762664, -7.786994232448098, 0.0 ], [ 109.742708285544737, -7.787002344555878, 0.0 ], [ 109.74271906962403, -7.787005098495077, 0.0 ], [ 109.742748072329007, -7.787010575093833, 0.0 ], [ 109.742764254910014, -7.787015508255734, 0.0 ], [ 109.74304205216302, -7.787049011754571, 0.0 ], [ 109.743095973172615, -7.787055514839014, 0.0 ], [ 109.743100185859618, -7.787056022896491, 0.0 ], [ 109.743391382972902, -7.787091142236717, 0.0 ], [ 109.743423, -7.787413, 0.0 ], [ 109.743405940468648, -7.787474032958967, 0.0 ], [ 109.743395212088828, -7.787443213869165, 0.0 ], [ 109.743375746863634, -7.787387296897182, 0.0 ], [ 109.743362233089826, -7.787348476263291, 0.0 ], [ 109.743356281704919, -7.787331379925189, 0.0 ], [ 109.743344583186698, -7.78731028102528, 0.0 ], [ 109.743323528094066, -7.787288314873845, 0.0 ], [ 109.743312965899847, -7.78728593334895, 0.0 ], [ 109.743273031739093, -7.787280748979359, 0.0 ], [ 109.743267545139105, -7.78727968936921, 0.0 ], [ 109.742931613977518, -7.787239174775498, 0.0 ], [ 109.742914619593478, -7.787235312472577, 0.0 ], [ 109.742889758452719, -7.787232373363155, 0.0 ], [ 109.742875633629652, -7.787229682352809, 0.0 ], [ 109.742841773723711, -7.787218135913876, 0.0 ], [ 109.742825617885913, -7.787212163179889, 0.0 ], [ 109.742819681870017, -7.787210602460539, 0.0 ], [ 109.742676529415931, -7.787161786590072, 0.0 ], [ 109.742651826627721, -7.787153362770189, 0.0 ], [ 109.742616276537518, -7.787141239958765, 0.0 ], [ 109.742595874892487, -7.787134282874281, 0.0 ], [ 109.742574156760966, -7.787127304662065, 0.0 ], [ 109.74255643872587, -7.787122063063205, 0.0 ], [ 109.742539917940263, -7.787116954458345, 0.0 ], [ 109.742529345570858, -7.787116037679164, 0.0 ], [ 109.742491983861612, -7.787113422462716, 0.0 ], [ 109.742483921873529, -7.787112743928672, 0.0 ], [ 109.742424453846908, -7.787108642017245, 0.0 ], [ 109.742371922473126, -7.787105018615903, 0.0 ], [ 109.742315930572701, -7.78710115645431, 0.0 ], [ 109.742311753578619, -7.787100678023033, 0.0 ], [ 109.742267201283781, -7.78709746419144, 0.0 ], [ 109.742259935694364, -7.787096550490118, 0.0 ], [ 109.742250202220077, -7.787094950416465, 0.0 ], [ 109.742216413374877, -7.787092122616218, 0.0 ], [ 109.742203947682086, -7.787089643494942, 0.0 ], [ 109.742182556334498, -7.78708310824369, 0.0 ], [ 109.742172445689008, -7.78708001935646, 0.0 ], [ 109.742147990065206, -7.787072547930086, 0.0 ], [ 109.74209203245384, -7.78705545237808, 0.0 ], [ 109.742086560192533, -7.787053780548135, 0.0 ], [ 109.741924159653323, -7.787004165749869, 0.0 ], [ 109.741914789161143, -7.787001302971526, 0.0 ], [ 109.741871846462345, -7.786988183513402, 0.0 ], [ 109.741756286903509, -7.786952878987078, 0.0 ], [ 109.741699237928955, -7.78693544998125, 0.0 ], [ 109.741644371764934, -7.786918687811976, 0.0 ], [ 109.741606921514958, -7.786907246348458, 0.0 ], [ 109.741588414204202, -7.786901592167427, 0.0 ], [ 109.741476499099264, -7.786867400974936, 0.0 ], [ 109.741459927890119, -7.786862338287308, 0.0 ], [ 109.741442419196758, -7.786856989197514, 0.0 ], [ 109.741420541555314, -7.78685030532651, 0.0 ], [ 109.741364584016949, -7.78683320969095, 0.0 ], [ 109.741356533815804, -7.786830750258781, 0.0 ], [ 109.741329972009268, -7.786822635340073, 0.0 ], [ 109.741311598268894, -7.786819606531379, 0.0 ], [ 109.741304431904794, -7.786818382871019, 0.0 ], [ 109.741263526539711, -7.786811572056617, 0.0 ], [ 109.741237290875219, -7.786807046986646, 0.0 ], [ 109.741215595611493, -7.786803397984509, 0.0 ], [ 109.741169870494829, -7.786795430815351, 0.0 ], [ 109.741167809266614, -7.786795080569747, 0.0 ], [ 109.741120104214346, -7.786786682556837, 0.0 ], [ 109.741102024950251, -7.786783388065328, 0.0 ], [ 109.741072541354129, -7.786778143574579, 0.0 ], [ 109.741033855110217, -7.786771019938862, 0.0 ], [ 109.741025132417604, -7.786769451986435, 0.0 ], [ 109.741005577123929, -7.786765812884872, 0.0 ], [ 109.740972741062706, -7.786760545905469, 0.0 ], [ 109.740833651409503, -7.786738235454607, 0.0 ], [ 109.74080479587704, -7.78673360692458, 0.0 ], [ 109.740776805015784, -7.786729117101232, 0.0 ], [ 109.740748814155438, -7.786724627279365, 0.0 ], [ 109.740580869012163, -7.786697688236893, 0.0 ], [ 109.740524887304829, -7.786688708544134, 0.0 ], [ 109.740501408253877, -7.786685028731439, 0.0 ], [ 109.740493567635582, -7.786683824367032, 0.0 ], [ 109.740468904997527, -7.786679930901141, 0.0 ], [ 109.740444876507112, -7.786676403929373, 0.0 ], [ 109.740435425011384, -7.786674854263847, 0.0 ], [ 109.740412921800427, -7.786671452307646, 0.0 ], [ 109.740396091978198, -7.786669076083737, 0.0 ], [ 109.740369994536991, -7.786665234371034, 0.0 ], [ 109.740356937418198, -7.786663371605978, 0.0 ], [ 109.740346483151782, -7.786662565452466, 0.0 ], [ 109.740305533745698, -7.786656587340013, 0.0 ], [ 109.740300950361728, -7.786656187237647, 0.0 ], [ 109.740296581211794, -7.786656345412963, 0.0 ], [ 109.740273562907319, -7.786651919987849, 0.0 ], [ 109.740199020464857, -7.786641681463422, 0.0 ], [ 109.740132995249667, -7.786632612778529, 0.0 ], [ 109.740114555676939, -7.786633058399532, 0.0 ], [ 109.740089832379965, -7.786638544945931, 0.0 ], [ 109.740076967588706, -7.786639023000585, 0.0 ], [ 109.74006522018648, -7.786639586466545, 0.0 ], [ 109.740035961444633, -7.786651213920416, 0.0 ], [ 109.740076765766602, -7.786706572951964, 0.0 ], [ 109.740077035244525, -7.78670692538133, 0.0 ], [ 109.740077224825328, -7.786707195754357, 0.0 ], [ 109.740118488219508, -7.786763177585884, 0.0 ], [ 109.740124466435674, -7.786771288222301, 0.0 ], [ 109.740132548181521, -7.786782252659625, 0.0 ], [ 109.740160439396092, -7.786820092516656, 0.0 ], [ 109.740171903248509, -7.786835645496954, 0.0 ], [ 109.740188330615467, -7.786857932366119, 0.0 ], [ 109.740201015035964, -7.786875141241694, 0.0 ], [ 109.740219340075114, -7.786900002771638, 0.0 ], [ 109.74024227845203, -7.786931123065998, 0.0 ], [ 109.740266776906125, -7.786964360052863, 0.0 ], [ 109.740290495353321, -7.786996538666465, 0.0 ], [ 109.740299895540034, -7.78700929187274, 0.0 ], [ 109.740324805134605, -7.787043086706755, 0.0 ], [ 109.740355678030539, -7.787084971734403, 0.0 ], [ 109.740361650581235, -7.787093074631589, 0.0 ], [ 109.740366068588131, -7.787099068523866, 0.0 ], [ 109.740467243069645, -7.787236331104557, 0.0 ], [ 109.740476160104009, -7.787258015410597, 0.0 ], [ 109.74047751200294, -7.78726697727642, 0.0 ], [ 109.740479354159874, -7.787279189215312, 0.0 ], [ 109.740486275085914, -7.787303680632105, 0.0 ], [ 109.74049100746258, -7.787346907002006, 0.0 ], [ 109.740492384962749, -7.787353316547386, 0.0 ], [ 109.74049456287743, -7.787378746358734, 0.0 ], [ 109.740495018629858, -7.787406398807072, 0.0 ], [ 109.740495007687429, -7.787406946512602, 0.0 ], [ 109.740495426491961, -7.787434608135732, 0.0 ], [ 109.74049217622786, -7.787602176110988, 0.0 ], [ 109.74049168088797, -7.787627713241568, 0.0 ], [ 109.740491092804589, -7.787658032102336, 0.0 ], [ 109.740489467660694, -7.787741816089046, 0.0 ], [ 109.740489383696783, -7.787746145077419, 0.0 ], [ 109.740487842516586, -7.787825600075302, 0.0 ], [ 109.740486759109231, -7.787881456065978, 0.0 ], [ 109.740485675650504, -7.787937312056287, 0.0 ], [ 109.740484592243305, -7.787993168046606, 0.0 ], [ 109.740483508781665, -7.788049024036559, 0.0 ], [ 109.740482425368398, -7.788104880026422, 0.0 ], [ 109.740481341941219, -7.788160736016136, 0.0 ], [ 109.740480258490692, -7.788216592005548, 0.0 ], [ 109.740479716774246, -7.788244520000182, 0.0 ], [ 109.740479470583679, -7.788257212524603, 0.0 ], [ 109.740478889053421, -7.788287192839011, 0.0 ], [ 109.740478091603975, -7.788328303983861, 0.0 ], [ 109.740477008173983, -7.788384159972786, 0.0 ], [ 109.740475924714474, -7.788440015961416, 0.0 ], [ 109.740475382998198, -7.788467943955712, 0.0 ], [ 109.740474841281525, -7.788495871949955, 0.0 ], [ 109.740474625053551, -7.788507019356897, 0.0 ], [ 109.740473963216019, -7.788541138907703, 0.0 ], [ 109.740473559035223, -7.788561975972118, 0.0 ], [ 109.740472861757297, -7.788597924164404, 0.0 ], [ 109.740472493046582, -7.788616932616367, 0.0 ], [ 109.740471590914609, -7.788663439914234, 0.0 ], [ 109.740470507478875, -7.788719295901962, 0.0 ], [ 109.740469965743344, -7.788747223895746, 0.0 ], [ 109.740469424007387, -7.788775151889483, 0.0 ], [ 109.740468882286706, -7.788803079883185, 0.0 ], [ 109.740468455841508, -7.788825065253597, 0.0 ], [ 109.740468229012421, -7.788836759129779, 0.0 ], [ 109.740467257091154, -7.788886863863944, 0.0 ], [ 109.740466096985173, -7.788946672386973, 0.0 ], [ 109.740465030949224, -7.78900162899422, 0.0 ], [ 109.740463964955339, -7.789056585643469, 0.0 ], [ 109.740462898913435, -7.78911154224703, 0.0 ], [ 109.740461839805874, -7.78916614379684, 0.0 ], [ 109.740461834986206, -7.789166500971437, 0.0 ], [ 109.740461412012749, -7.789188198312964, 0.0 ], [ 109.740460745454357, -7.789222562129461, 0.0 ], [ 109.740459643936674, -7.789279347425718, 0.0 ], [ 109.740458542464395, -7.789336132670101, 0.0 ], [ 109.740457505932383, -7.789389567739718, 0.0 ], [ 109.740456502821473, -7.789441282049891, 0.0 ], [ 109.740455237947685, -7.789506488502158, 0.0 ], [ 109.740454370762805, -7.78955119529978, 0.0 ], [ 109.740453172035274, -7.789612991679423, 0.0 ], [ 109.740452238698424, -7.78966110854891, 0.0 ], [ 109.74045083193424, -7.789733629578623, 0.0 ], [ 109.740450106628344, -7.789771021797312, 0.0 ], [ 109.740449730446599, -7.789790414831113, 0.0 ], [ 109.740449040574063, -7.789825978404981, 0.0 ], [ 109.740448628919921, -7.78984720011572, 0.0 ], [ 109.740447974552538, -7.789880935044955, 0.0 ], [ 109.740447527426099, -7.789903985371056, 0.0 ], [ 109.740446671145321, -7.789948127583331, 0.0 ], [ 109.740446129409108, -7.789976055575034, 0.0 ], [ 109.740445842471047, -7.789990848291891, 0.0 ], [ 109.740445324399531, -7.790017555906936, 0.0 ], [ 109.740444776414108, -7.790045804905291, 0.0 ], [ 109.740444222869897, -7.790074341187423, 0.0 ], [ 109.740443710383801, -7.790100761538047, 0.0 ], [ 109.740443121366837, -7.790131126445191, 0.0 ], [ 109.740442644327118, -7.790155718151103, 0.0 ], [ 109.74044179545001, -7.790199479506744, 0.0 ], [ 109.740441578290827, -7.790210674783478, 0.0 ], [ 109.74044125370736, -7.790227407497954, 0.0 ], [ 109.740443649388396, -7.790241989409667, 0.0 ], [ 109.740449402085588, -7.790274550477864, 0.0 ], [ 109.740450870090356, -7.790283295283706, 0.0 ], [ 109.740452665955843, -7.790288743622212, 0.0 ], [ 109.740458092754096, -7.790299049899156, 0.0 ], [ 109.740513968605171, -7.790343610683701, 0.0 ], [ 109.740569844468823, -7.790388171355898, 0.0 ], [ 109.740574292309859, -7.790390936341891, 0.0 ], [ 109.740578901403154, -7.790395394222578, 0.0 ], [ 109.740625720344411, -7.790432732132533, 0.0 ], [ 109.740681596232562, -7.790477292790348, 0.0 ], [ 109.740737472132608, -7.790521853555887, 0.0 ], [ 109.740793348045287, -7.790566414202522, 0.0 ], [ 109.740849223969818, -7.790610974956898, 0.0 ], [ 109.740905099906925, -7.790655535592352, 0.0 ], [ 109.740960975855984, -7.790700096335612, 0.0 ], [ 109.741016851817605, -7.790744656959902, 0.0 ], [ 109.741072727791163, -7.79078921769203, 0.0 ], [ 109.741184479775612, -7.790878338916055, 0.0 ], [ 109.741196260491719, -7.790888183033591, 0.0 ], [ 109.741209271188325, -7.790900000197, 0.0 ], [ 109.741215385462311, -7.790924915854541, 0.0 ], [ 109.741217219090942, -7.790932837848113, 0.0 ], [ 109.741222752085335, -7.790955899462394, 0.0 ], [ 109.741225999215203, -7.790970086706967, 0.0 ], [ 109.741234194981601, -7.791005895572338, 0.0 ], [ 109.741236388622013, -7.791015479972064, 0.0 ], [ 109.741246778105335, -7.791060873162932, 0.0 ], [ 109.741250840313953, -7.791078621651574, 0.0 ], [ 109.741257167521383, -7.791106266424847, 0.0 ], [ 109.741261132744967, -7.791123591132796, 0.0 ], [ 109.741271181672545, -7.791148066125535, 0.0 ], [ 109.741289658997033, -7.791173593855284, 0.0 ], [ 109.741293503986682, -7.791179546515075, 0.0 ], [ 109.741294481744163, -7.791180659770011, 0.0 ], [ 109.741295593922288, -7.791181045697454, 0.0 ], [ 109.741296797238988, -7.791180755530433, 0.0 ], [ 109.741301709835199, -7.791179570891638, 0.0 ], [ 109.741340308911916, -7.791168383918904, 0.0 ], [ 109.741351643426341, -7.791167529743862, 0.0 ], [ 109.741366225168093, -7.791165226687392, 0.0 ], [ 109.741390058282278, -7.791162270480537, 0.0 ], [ 109.741407677296692, -7.791159248050619, 0.0 ], [ 109.741424737094903, -7.791162911295245, 0.0 ], [ 109.741452476836869, -7.791168867792613, 0.0 ], [ 109.741463650543906, -7.791171267110329, 0.0 ], [ 109.741517087724432, -7.791182741546981, 0.0 ], [ 109.741523526019066, -7.791184124038359, 0.0 ], [ 109.741563262945164, -7.791192656764292, 0.0 ], [ 109.741575597051181, -7.791195305251221, 0.0 ], [ 109.741687543576234, -7.791219343212311, 0.0 ], [ 109.741702482146181, -7.79119558909691, 0.0 ], [ 109.741698976204731, -7.791180750834056, 0.0 ], [ 109.741694534584781, -7.791173900662177, 0.0 ], [ 109.741687723758986, -7.791158994186191, 0.0 ], [ 109.741667168602419, -7.791145337948106, 0.0 ], [ 109.741664107120044, -7.791124788056377, 0.0 ], [ 109.741650853842089, -7.791105819041981, 0.0 ], [ 109.741644328787942, -7.791081218904381, 0.0 ], [ 109.741639209468886, -7.791068854890332, 0.0 ], [ 109.741632018547406, -7.791057201106659, 0.0 ], [ 109.741611234399414, -7.791033711052656, 0.0 ], [ 109.741604678475994, -7.791012893114226, 0.0 ], [ 109.741576279141, -7.790966868395796, 0.0 ], [ 109.741571236320624, -7.790961978456218, 0.0 ], [ 109.741570147525834, -7.790956931336773, 0.0 ], [ 109.741548409445954, -7.790921702069628, 0.0 ], [ 109.74153561654046, -7.790900969557665, 0.0 ], [ 109.741529305885237, -7.790892161611615, 0.0 ], [ 109.741520523867365, -7.790881857007613, 0.0 ], [ 109.74150280239742, -7.790862743845491, 0.0 ], [ 109.74148637817774, -7.790844964095428, 0.0 ], [ 109.741408756400276, -7.790797891756765, 0.0 ], [ 109.741401339978381, -7.790796253752153, 0.0 ], [ 109.741393813572742, -7.790788829941449, 0.0 ], [ 109.741352848559956, -7.790763987417409, 0.0 ], [ 109.741331184945679, -7.790754418839689, 0.0 ], [ 109.741301249034905, -7.790732695771126, 0.0 ], [ 109.741254966782265, -7.790704628679778, 0.0 ], [ 109.74124103290859, -7.790696178720707, 0.0 ], [ 109.741225625126958, -7.790691990938288, 0.0 ], [ 109.741208684523826, -7.7906765615843, 0.0 ], [ 109.741185125097516, -7.79066227435688, 0.0 ], [ 109.741157197328363, -7.790648514592992, 0.0 ], [ 109.741157147331577, -7.790648493229562, 0.0 ], [ 109.74112921035001, -7.790630695621326, 0.0 ], [ 109.741121176866997, -7.790628461051584, 0.0 ], [ 109.741116120039422, -7.790620427381143, 0.0 ], [ 109.741073309504614, -7.790594465614544, 0.0 ], [ 109.741050530120972, -7.790587113646264, 0.0 ], [ 109.741023555588001, -7.790564293161522, 0.0 ], [ 109.741017401722701, -7.790560561252168, 0.0 ], [ 109.74100929703026, -7.790556154658983, 0.0 ], [ 109.740983008449632, -7.790542668049791, 0.0 ], [ 109.740961486069935, -7.790529295059124, 0.0 ], [ 109.740944529334797, -7.790525122951157, 0.0 ], [ 109.740930991153917, -7.790508158925403, 0.0 ], [ 109.740905586188234, -7.790492752480281, 0.0 ], [ 109.740881162052162, -7.790483624873633, 0.0 ], [ 109.74087514666725, -7.790482522352905, 0.0 ], [ 109.740849660781919, -7.790464757508963, 0.0 ], [ 109.740840420983218, -7.790461256113638, 0.0 ], [ 109.740837973144878, -7.790452023325106, 0.0 ], [ 109.740810126941668, -7.790435596342929, 0.0 ], [ 109.740793768626432, -7.790425635351558, 0.0 ], [ 109.740769417477935, -7.790420262421657, 0.0 ], [ 109.740745862372108, -7.790395890404, 0.0 ], [ 109.74073786295962, -7.790391039282421, 0.0 ], [ 109.740729494761453, -7.79038748536033, 0.0 ], [ 109.740699189890165, -7.790378499489544, 0.0 ], [ 109.740681925749186, -7.790367004210795, 0.0 ], [ 109.740661538520456, -7.790360133779396, 0.0 ], [ 109.740653298021257, -7.79033975611868, 0.0 ], [ 109.740636609353672, -7.790329155286149, 0.0 ], [ 109.740626047522596, -7.790323230457092, 0.0 ], [ 109.740604010767086, -7.790317615093126, 0.0 ], [ 109.740589949209209, -7.79031972086949, 0.0 ], [ 109.740570099612341, -7.790302782042832, 0.0 ], [ 109.740555096059765, -7.790298581006949, 0.0 ], [ 109.740553546199592, -7.790283600455296, 0.0 ], [ 109.740541588235928, -7.790256279410329, 0.0 ], [ 109.740540507301162, -7.790253902876903, 0.0 ], [ 109.740528746184182, -7.790227667542834, 0.0 ], [ 109.740547523160998, -7.790204915634919, 0.0 ], [ 109.740570461305396, -7.790181731961733, 0.0 ], [ 109.740579336624847, -7.790171958693541, 0.0 ], [ 109.740680517322076, -7.790060540969447, 0.0 ], [ 109.740681500272004, -7.790059202397503, 0.0 ], [ 109.740682849035892, -7.79005797334159, 0.0 ], [ 109.740731107650276, -7.790004832094961, 0.0 ], [ 109.740734842692135, -7.790000667868687, 0.0 ], [ 109.740739042875987, -7.789996094022671, 0.0 ], [ 109.74078169803974, -7.789949123212347, 0.0 ], [ 109.740882878628227, -7.789837705421736, 0.0 ], [ 109.740921224728737, -7.789795479594688, 0.0 ], [ 109.74093572118403, -7.78977951639015, 0.0 ], [ 109.740947847212439, -7.789766163460039, 0.0 ], [ 109.740974469723454, -7.789736847349085, 0.0 ], [ 109.74098405923408, -7.789726287598044, 0.0 ], [ 109.74108523971384, -7.789614869740806, 0.0 ], [ 109.741135830008147, -7.789559160799994, 0.0 ], [ 109.741287600585196, -7.789392033926868, 0.0 ], [ 109.741338190822034, -7.789336324952686, 0.0 ], [ 109.741414076044293, -7.789252761475599, 0.0 ], [ 109.741427051642361, -7.789238472957595, 0.0 ], [ 109.741441464461957, -7.789222601818318, 0.0 ], [ 109.741489961235956, -7.789169197979708, 0.0 ], [ 109.741525754876193, -7.789129782663744, 0.0 ], [ 109.741533541371169, -7.789121208321042, 0.0 ], [ 109.741553851672521, -7.789098842947995, 0.0 ], [ 109.74169433559176, -7.788944144201175, 0.0 ], [ 109.741742911800628, -7.788890652858849, 0.0 ], [ 109.741894681888468, -7.788723525686209, 0.0 ], [ 109.741945271965406, -7.788667816612303, 0.0 ], [ 109.742031496569908, -7.788572867105804, 0.0 ], [ 109.742097041887078, -7.788500689339861, 0.0 ], [ 109.742147631909617, -7.788444980232631, 0.0 ], [ 109.742299401671403, -7.788277852860376, 0.0 ], [ 109.742349991639614, -7.788222143719913, 0.0 ], [ 109.742424850281822, -7.78813971000438, 0.0 ], [ 109.742443388289175, -7.788129159460349, 0.0 ], [ 109.742479563265476, -7.788109427249374, 0.0 ], [ 109.742480951525039, -7.78810870187902, 0.0 ], [ 109.742817219724017, -7.788036379455124, 0.0 ], [ 109.742855547914388, -7.788028136024982, 0.0 ], [ 109.742893076789187, -7.788020064516191, 0.0 ], [ 109.74291409472626, -7.788015544069922, 0.0 ], [ 109.742929309107382, -7.788012271834966, 0.0 ], [ 109.743041398482134, -7.787988164267365, 0.0 ], [ 109.743068683848676, -7.78797366900978, 0.0 ], [ 109.743069659104322, -7.787973122556774, 0.0 ], [ 109.743097490896758, -7.787960099401621, 0.0 ], [ 109.743153631258707, -7.787915947641004, 0.0 ], [ 109.7432097716096, -7.787871795799731, 0.0 ], [ 109.743265911948924, -7.787827644020288, 0.0 ], [ 109.743318706982649, -7.787786123088731, 0.0 ], [ 109.743262, -7.78798899999986, 0.0 ], [ 109.743288634788485, -7.787993655689379, 0.0 ], [ 109.743271267394391, -7.788007314381788, 0.0 ], [ 109.7432653625699, -7.788011958254236, 0.0 ], [ 109.743209222203063, -7.788056109971023, 0.0 ], [ 109.743177355297206, -7.788081171874495, 0.0 ], [ 109.743153081824445, -7.788100261820897, 0.0 ], [ 109.743137189819961, -7.78811276011704, 0.0 ], [ 109.743096941434715, -7.788144413603001, 0.0 ], [ 109.743083353389423, -7.788154939266422, 0.0 ], [ 109.74306642982468, -7.788168409559733, 0.0 ], [ 109.743052139133951, -7.788179648504547, 0.0 ], [ 109.743040801033587, -7.78818856540496, 0.0 ], [ 109.743014254034634, -7.78819766502408, 0.0 ], [ 109.743009020109668, -7.78819990169269, 0.0 ], [ 109.742984730267253, -7.788209357384729, 0.0 ], [ 109.742872640830385, -7.78823346505355, 0.0 ], [ 109.742860092297434, -7.788236163912592, 0.0 ], [ 109.742834699607215, -7.788241625184675, 0.0 ], [ 109.742789359153335, -7.788251376745777, 0.0 ], [ 109.742742729819824, -7.788261405477423, 0.0 ], [ 109.742716615271348, -7.788267022066191, 0.0 ], [ 109.742696744959744, -7.78827129565153, 0.0 ], [ 109.742650760008189, -7.78828118573257, 0.0 ], [ 109.74264487682818, -7.788282451049263, 0.0 ], [ 109.742604775157744, -7.78829107590899, 0.0 ], [ 109.742573138247238, -7.788297880151653, 0.0 ], [ 109.742558790231342, -7.788300966005363, 0.0 ], [ 109.742512805343949, -7.788310856135358, 0.0 ], [ 109.742501399750466, -7.788313309153915, 0.0 ], [ 109.742480327737539, -7.788317841168505, 0.0 ], [ 109.742470318841569, -7.788324256126087, 0.0 ], [ 109.742455418083892, -7.788334175011553, 0.0 ], [ 109.742436749187448, -7.788346602225492, 0.0 ], [ 109.742424207310265, -7.788355270609356, 0.0 ], [ 109.742407683217479, -7.788373466794216, 0.0 ], [ 109.74239280682491, -7.788389848497309, 0.0 ], [ 109.742368013939426, -7.788417150159693, 0.0 ], [ 109.742311820551336, -7.788479029868151, 0.0 ], [ 109.742255627146946, -7.788540909401202, 0.0 ], [ 109.742241037034873, -7.788556975901528, 0.0 ], [ 109.742221326948297, -7.788578680438468, 0.0 ], [ 109.742194704572668, -7.788607996625609, 0.0 ], [ 109.742143240287433, -7.788664668598427, 0.0 ], [ 109.742089267044676, -7.788724103230716, 0.0 ], [ 109.742061592855663, -7.788754577754234, 0.0 ], [ 109.742034970513387, -7.788783893986088, 0.0 ], [ 109.74200834811144, -7.788813210160375, 0.0 ], [ 109.741988087024808, -7.788835521408738, 0.0 ], [ 109.741974659872625, -7.78885030723633, 0.0 ], [ 109.741918466367693, -7.788912186707844, 0.0 ], [ 109.741862272845509, -7.788974066330988, 0.0 ], [ 109.741836316905562, -7.78900264861335, 0.0 ], [ 109.741821991447196, -7.789018423562743, 0.0 ], [ 109.741795369055524, -7.789047739757565, 0.0 ], [ 109.741785726778431, -7.789058357664777, 0.0 ], [ 109.741749885751759, -7.789097825222596, 0.0 ], [ 109.741693692179282, -7.789159704814968, 0.0 ], [ 109.741637498590478, -7.789221584235082, 0.0 ], [ 109.741635634592356, -7.789223636845712, 0.0 ], [ 109.741609401789702, -7.789252523985054, 0.0 ], [ 109.741582389712178, -7.789282269161868, 0.0 ], [ 109.741525111362151, -7.789345343209836, 0.0 ], [ 109.74148218601988, -7.789392611799355, 0.0 ], [ 109.741475899990618, -7.789399533847731, 0.0 ], [ 109.741449277550032, -7.789428850012637, 0.0 ], [ 109.741431595794481, -7.789448320792504, 0.0 ], [ 109.741412724067231, -7.789469101975084, 0.0 ], [ 109.741356530394143, -7.789530981509076, 0.0 ], [ 109.741300336704811, -7.789592860864422, 0.0 ], [ 109.741279825245556, -7.789615447722643, 0.0 ], [ 109.741262920335785, -7.789634063079586, 0.0 ], [ 109.741236297824699, -7.789663379187046, 0.0 ], [ 109.741229234953337, -7.789671156682529, 0.0 ], [ 109.741187949275286, -7.789716619715954, 0.0 ], [ 109.741131755535619, -7.789778499040507, 0.0 ], [ 109.741077464291223, -7.789838283513031, 0.0 ], [ 109.741049940415238, -7.789868592138063, 0.0 ], [ 109.741026873944648, -7.789893992439588, 0.0 ], [ 109.74101936800551, -7.78990225783043, 0.0 ], [ 109.740963174215551, -7.789964137127424, 0.0 ], [ 109.740906980408354, -7.790026016576062, 0.0 ], [ 109.740875103035336, -7.790061119169964, 0.0 ], [ 109.740863582796507, -7.790073804956631, 0.0 ], [ 109.740836960272517, -7.790103121068507, 0.0 ], [ 109.740824512649993, -7.790116828063319, 0.0 ], [ 109.740794592744621, -7.790149775118732, 0.0 ], [ 109.740738398887103, -7.790211654536554, 0.0 ], [ 109.7406822050133, -7.790273533782218, 0.0 ], [ 109.740677834325012, -7.790279628990596, 0.0 ], [ 109.740676023646145, -7.790283964447436, 0.0 ], [ 109.74068001722236, -7.790286120750729, 0.0 ], [ 109.740682163451709, -7.790287444628243, 0.0 ], [ 109.740689327014692, -7.790291159454057, 0.0 ], [ 109.740718380719528, -7.790303780450218, 0.0 ], [ 109.74075061825917, -7.790327513426438, 0.0 ], [ 109.740761087167726, -7.79034007643723, 0.0 ], [ 109.740793964668086, -7.790360014491798, 0.0 ], [ 109.740849872403118, -7.790393918915711, 0.0 ], [ 109.740905780148026, -7.790427823281816, 0.0 ], [ 109.740955861868642, -7.790458194583699, 0.0 ], [ 109.740989641783599, -7.790478679868247, 0.0 ], [ 109.741017595666989, -7.790495632051041, 0.0 ], [ 109.741060428329916, -7.790521607248803, 0.0 ], [ 109.741095283835008, -7.790542744790593, 0.0 ], [ 109.741129411224918, -7.790563440796356, 0.0 ], [ 109.74118531901857, -7.790597345132457, 0.0 ], [ 109.741234705843254, -7.790627294976338, 0.0 ], [ 109.741297134634976, -7.790665153841815, 0.0 ], [ 109.741353042457689, -7.790699058211745, 0.0 ], [ 109.741408815950948, -7.790732881057282, 0.0 ], [ 109.741436904210204, -7.790749914710101, 0.0 ], [ 109.741464858132545, -7.79076686688512, 0.0 ], [ 109.741520765984689, -7.790800771185245, 0.0 ], [ 109.741576673846396, -7.790834675531249, 0.0 ], [ 109.741583089804195, -7.79083884013445, 0.0 ], [ 109.741591999880981, -7.790845277785345, 0.0 ], [ 109.741607935425961, -7.790869901514559, 0.0 ], [ 109.741619220827261, -7.790887950395357, 0.0 ], [ 109.741627596920694, -7.790901242726401, 0.0 ], [ 109.741629457440624, -7.790904257927969, 0.0 ], [ 109.741662127894571, -7.790957204499887, 0.0 ], [ 109.741688200076482, -7.790999457735937, 0.0 ], [ 109.741696658883114, -7.791013166271867, 0.0 ], [ 109.741713924378985, -7.791041147157312, 0.0 ], [ 109.741731189858271, -7.79106912804234, 0.0 ], [ 109.741743939512389, -7.79108979044616, 0.0 ], [ 109.741799678970608, -7.791180123039141, 0.0 ], [ 109.741852048440606, -7.791264994227427, 0.0 ], [ 109.741903844978978, -7.791348936872485, 0.0 ], [ 109.741905880628778, -7.791354225650376, 0.0 ], [ 109.741911157952302, -7.791360788440126, 0.0 ], [ 109.741938376051493, -7.791404898634108, 0.0 ], [ 109.741947696518295, -7.791424156138778, 0.0 ], [ 109.741966897476146, -7.79145112111209, 0.0 ], [ 109.74197290706698, -7.791460860393989, 0.0 ], [ 109.741981391927851, -7.791475413554325, 0.0 ], [ 109.741991107329952, -7.791492505427017, 0.0 ], [ 109.742006322013665, -7.791516818838732, 0.0 ], [ 109.742009105911293, -7.791530355025586, 0.0 ], [ 109.742022637022203, -7.791541453708946, 0.0 ], [ 109.742041969244809, -7.791572783909697, 0.0 ], [ 109.742048683257821, -7.791598951507796, 0.0 ], [ 109.742047997482388, -7.791603184715951, 0.0 ], [ 109.742071630952154, -7.791628731208291, 0.0 ], [ 109.742069457235743, -7.791637602906334, 0.0 ], [ 109.742078327661304, -7.791648178313755, 0.0 ], [ 109.742084550274868, -7.791678333080807, 0.0 ], [ 109.742126880454805, -7.791677405018906, 0.0 ], [ 109.742134239917405, -7.791680663364472, 0.0 ], [ 109.742190257071485, -7.791678006089702, 0.0 ], [ 109.742197583560198, -7.791677658538993, 0.0 ], [ 109.742236957458729, -7.791675790760945, 0.0 ], [ 109.742256583039051, -7.791674859771303, 0.0 ], [ 109.742290279249218, -7.791673261281309, 0.0 ], [ 109.742315582562171, -7.791672060950037, 0.0 ], [ 109.742343601071212, -7.791670731827321, 0.0 ], [ 109.74237458205144, -7.791669262155901, 0.0 ], [ 109.742386317114978, -7.791668705460255, 0.0 ], [ 109.74241432569309, -7.79166737678583, 0.0 ], [ 109.742470342849629, -7.791664719473457, 0.0 ], [ 109.74252636000675, -7.79166206208874, 0.0 ], [ 109.742582377164226, -7.791659404761355, 0.0 ], [ 109.742610385743177, -7.791658076076986, 0.0 ], [ 109.742716853765828, -7.791653025387177, 0.0 ], [ 109.742722420060218, -7.791652761324061, 0.0 ], [ 109.742770175569547, -7.791650495855965, 0.0 ], [ 109.742806445799218, -7.791648775246864, 0.0 ], [ 109.742862462959067, -7.791646117881852, 0.0 ], [ 109.742918480119613, -7.791643460444554, 0.0 ], [ 109.7429744972804, -7.791640803064417, 0.0 ], [ 109.742982362970167, -7.791639274246701, 0.0 ], [ 109.743001789939314, -7.79163149180361, 0.0 ], [ 109.743021281605181, -7.791622294363666, 0.0 ], [ 109.74303059982222, -7.791609520024736, 0.0 ], [ 109.743040327273434, -7.791585376464369, 0.0 ], [ 109.743055441798276, -7.791547862092666, 0.0 ], [ 109.743072477289132, -7.791505579903392, 0.0 ], [ 109.743088552274543, -7.791465681606552, 0.0 ], [ 109.743111638838656, -7.791408380666093, 0.0 ], [ 109.743120702303088, -7.791385885071039, 0.0 ], [ 109.743134117622077, -7.791352588091395, 0.0 ], [ 109.743152852289455, -7.791306088504878, 0.0 ], [ 109.74316783580754, -7.791268899225152, 0.0 ], [ 109.743185002255444, -7.791226291924305, 0.0 ], [ 109.743199880499915, -7.791189363891742, 0.0 ], [ 109.743224032761105, -7.791129417769982, 0.0 ], [ 109.743246511500431, -7.791073625183883, 0.0 ], [ 109.743256307304662, -7.791049311902839, 0.0 ], [ 109.743268990279589, -7.791017832595569, 0.0 ], [ 109.743281452083579, -7.79098690218366, 0.0 ], [ 109.743297527047645, -7.790947003891127, 0.0 ], [ 109.743312734066052, -7.790909259769966, 0.0 ], [ 109.743313602837887, -7.790907106432192, 0.0 ], [ 109.743313947739125, -7.79090624741193, 0.0 ], [ 109.743336426509899, -7.790850454816784, 0.0 ], [ 109.743341992032654, -7.790823536819489, 0.0 ], [ 109.743342400411493, -7.790821147592236, 0.0 ], [ 109.743347571810091, -7.790794628608499, 0.0 ], [ 109.743351369853642, -7.790738780610175, 0.0 ], [ 109.743355167841997, -7.790682932611287, 0.0 ], [ 109.743358965884255, -7.790627084612332, 0.0 ], [ 109.743362763868248, -7.790571236612819, 0.0 ], [ 109.743366318579234, -7.790518966584938, 0.0 ], [ 109.743370071396981, -7.790463782701737, 0.0 ], [ 109.743370343777073, -7.790459800374812, 0.0 ], [ 109.743370359882604, -7.790459540612975, 0.0 ], [ 109.743374157916122, -7.790403692612583, 0.0 ], [ 109.743377475809424, -7.790354904056782, 0.0 ], [ 109.743381753917376, -7.790291996610727, 0.0 ], [ 109.743385551888224, -7.790236148609154, 0.0 ], [ 109.743389349912988, -7.790180300607494, 0.0 ], [ 109.743393147876347, -7.790124452605269, 0.0 ], [ 109.743396945896762, -7.790068604602869, 0.0 ], [ 109.743400743858857, -7.790012756600012, 0.0 ], [ 109.743404541874895, -7.789956908596953, 0.0 ], [ 109.7434083398295, -7.789901060593395, 0.0 ], [ 109.743412137841148, -7.789845212589676, 0.0 ], [ 109.743415935794502, -7.789789364585402, 0.0 ], [ 109.743419733801744, -7.789733516581039, 0.0 ], [ 109.743423531747609, -7.789677668576113, 0.0 ], [ 109.7434272383354, -7.789623164815825, 0.0 ], [ 109.743428648256156, -7.789602432214352, 0.0 ], [ 109.743431273022068, -7.789568489837372, 0.0 ], [ 109.743431488565491, -7.789563257381474, 0.0 ], [ 109.743434906970137, -7.789516109857725, 0.0 ], [ 109.743435139123648, -7.789510125192499, 0.0 ], [ 109.743435481318542, -7.789503605213715, 0.0 ], [ 109.743438257967881, -7.789463446006388, 0.0 ], [ 109.743438723630746, -7.789454276553426, 0.0 ], [ 109.743442521624871, -7.789398428547005, 0.0 ], [ 109.743445243567905, -7.789358402833575, 0.0 ], [ 109.743448810257732, -7.789305955384578, 0.0 ], [ 109.743452016497812, -7.78925880852914, 0.0 ], [ 109.743453915478895, -7.789230884525338, 0.0 ], [ 109.743457713408162, -7.789175036517345, 0.0 ], [ 109.743461511391402, -7.789119188509268, 0.0 ], [ 109.743465309316292, -7.789063340500637, 0.0 ], [ 109.743469107292015, -7.789007492491807, 0.0 ], [ 109.743472905212542, -7.788951644482535, 0.0 ], [ 109.743476703187, -7.788895796473056, 0.0 ], [ 109.743480501100052, -7.788839948463079, 0.0 ], [ 109.74348409623444, -7.788787083117606, 0.0 ], [ 109.743487224597601, -7.788741080791644, 0.0 ], [ 109.743488394429335, -7.788729385266089, 0.0 ], [ 109.743488519058815, -7.788727004530018, 0.0 ], [ 109.743493025121566, -7.788678005323858, 0.0 ], [ 109.743493592734495, -7.788666280677301, 0.0 ], [ 109.743497022829942, -7.788625990326603, 0.0 ], [ 109.743497909678126, -7.788606307056353, 0.0 ], [ 109.743500513351805, -7.788573466479813, 0.0 ], [ 109.743501632485476, -7.788546922473768, 0.0 ], [ 109.743503591080923, -7.788520528492763, 0.0 ], [ 109.743504212051377, -7.788504863133794, 0.0 ], [ 109.743504917562973, -7.788487971854729, 0.0 ], [ 109.743506363679643, -7.788467284375431, 0.0 ], [ 109.743507086673276, -7.788449012384448, 0.0 ], [ 109.743510884568863, -7.78839316437177, 0.0 ], [ 109.743514682521422, -7.788337316358914, 0.0 ], [ 109.743518480415716, -7.788281468345535, 0.0 ], [ 109.743522278363926, -7.788225620332039, 0.0 ], [ 109.743526076250731, -7.78816977231801, 0.0 ], [ 109.743529874194564, -7.788113924303769, 0.0 ], [ 109.743533672080133, -7.788058076289104, 0.0 ], [ 109.743535122978173, -7.788036741081112, 0.0 ], [ 109.743754000000123, -7.788074999999889, 0.0 ], [ 109.743840295609957, -7.788094247339897, 0.0 ], [ 109.743848868990383, -7.788114869756116, 0.0 ], [ 109.743858319559948, -7.788137602087863, 0.0 ], [ 109.743865795177925, -7.788155583962278, 0.0 ], [ 109.743874715410271, -7.788177040684132, 0.0 ], [ 109.743880922670257, -7.788191971548269, 0.0 ], [ 109.743895371329998, -7.788226726121479, 0.0 ], [ 109.74391862243121, -7.788282654303316, 0.0 ], [ 109.743941873690304, -7.788338582485165, 0.0 ], [ 109.743964338106679, -7.788392618353318, 0.0 ], [ 109.7439730908103, -7.78841367202466, 0.0 ], [ 109.743985668970765, -7.78844392754763, 0.0 ], [ 109.743988375928012, -7.788450438846632, 0.0 ], [ 109.743992143266567, -7.78845950075861, 0.0 ], [ 109.744011627193373, -7.78850636702713, 0.0 ], [ 109.744034878317379, -7.788562295206705, 0.0 ], [ 109.744046503960803, -7.788590259296626, 0.0 ], [ 109.744055070374955, -7.788610864802433, 0.0 ], [ 109.744065183080323, -7.788635189844463, 0.0 ], [ 109.744045000000128, -7.788733, 0.0 ], [ 109.74389, -7.789594, 0.0 ], [ 109.743579, -7.790721, 0.0 ], [ 109.743946256235972, -7.790831177561829, 0.0 ], [ 109.743946381836963, -7.790834983928054, 0.0 ], [ 109.743947564921939, -7.790870832690627, 0.0 ], [ 109.743948161690412, -7.790888913100408, 0.0 ], [ 109.743949477271599, -7.790928777088885, 0.0 ], [ 109.743949941393183, -7.790942842418025, 0.0 ], [ 109.743951389490022, -7.790986721357152, 0.0 ], [ 109.743951721210976, -7.790996771622585, 0.0 ], [ 109.7439533018009, -7.791044665716297, 0.0 ], [ 109.743953500946802, -7.791050700907725, 0.0 ], [ 109.743954326759948, -7.791075723967397, 0.0 ], [ 109.743958633841345, -7.791101305826886, 0.0 ], [ 109.74395903611358, -7.79110644457482, 0.0 ], [ 109.743962658113432, -7.791131607937904, 0.0 ], [ 109.743980589283211, -7.791187520365376, 0.0 ], [ 109.743998520039014, -7.791243432791453, 0.0 ], [ 109.744004449193483, -7.791264057731223, 0.0 ], [ 109.744007914117404, -7.791275223714128, 0.0 ], [ 109.744014410955813, -7.791299339170705, 0.0 ], [ 109.744018484204673, -7.791320438139925, 0.0 ], [ 109.744021765302762, -7.791337456243992, 0.0 ], [ 109.744025195205793, -7.791355230412518, 0.0 ], [ 109.744039305856788, -7.791428434026529, 0.0 ], [ 109.744045588149547, -7.791460648191722, 0.0 ], [ 109.744046918588708, -7.79146701335523, 0.0 ], [ 109.744051102795737, -7.791478941232371, 0.0 ], [ 109.744057159060873, -7.791504870397882, 0.0 ], [ 109.74406631517121, -7.791522930126106, 0.0 ], [ 109.744075950103166, -7.791541934483082, 0.0 ], [ 109.744094916376994, -7.791562225262093, 0.0 ], [ 109.744115248318238, -7.791543296415282, 0.0 ], [ 109.744144213507425, -7.79151633048373, 0.0 ], [ 109.744173178490968, -7.791489364344963, 0.0 ], [ 109.744196709667165, -7.791467457346755, 0.0 ], [ 109.744207246496245, -7.791457647861879, 0.0 ], [ 109.744256519590365, -7.791411775333855, 0.0 ], [ 109.744260073845282, -7.791408466348243, 0.0 ], [ 109.744263411535556, -7.791405359032099, 0.0 ], [ 109.744375741572767, -7.791300781339922, 0.0 ], [ 109.744497663562413, -7.791501615541351, 0.0 ], [ 109.744408, -7.791739, 0.0 ], [ 109.743550382739045, -7.791547543417405, 0.0 ], [ 109.743546359457511, -7.791532805674373, 0.0 ], [ 109.743543517360237, -7.791521380114014, 0.0 ], [ 109.74353455193588, -7.79149342389535, 0.0 ], [ 109.743489724678128, -7.791353642801153, 0.0 ], [ 109.743487235366018, -7.791345880632269, 0.0 ], [ 109.743479531386484, -7.791321857900104, 0.0 ], [ 109.743368544881946, -7.790975777602422, 0.0 ], [ 109.743366171247388, -7.791015872760982, 0.0 ], [ 109.74336378095586, -7.791022725294686, 0.0 ], [ 109.743359473095879, -7.791065178551367, 0.0 ], [ 109.743352759051419, -7.791073940299984, 0.0 ], [ 109.743335201179804, -7.791096853067449, 0.0 ], [ 109.743312154910498, -7.791103493178611, 0.0 ], [ 109.743304619208971, -7.791122196876066, 0.0 ], [ 109.7433016172116, -7.79112964788349, 0.0 ], [ 109.743297832379042, -7.791143800986353, 0.0 ], [ 109.743294186912962, -7.791167756310901, 0.0 ], [ 109.743287719688226, -7.791185465924542, 0.0 ], [ 109.743280224643726, -7.791209774219369, 0.0 ], [ 109.743261689134457, -7.791235327351608, 0.0 ], [ 109.743257271147201, -7.791242771477105, 0.0 ], [ 109.7432557281128, -7.791243545241156, 0.0 ], [ 109.743240319321231, -7.791281790048295, 0.0 ], [ 109.743234180905873, -7.791297025645227, 0.0 ], [ 109.743225985561665, -7.791323435260872, 0.0 ], [ 109.743223624428836, -7.791328758647054, 0.0 ], [ 109.743214482877747, -7.791352826476136, 0.0 ], [ 109.743211217185561, -7.791364644433712, 0.0 ], [ 109.74319930127119, -7.791383597324987, 0.0 ], [ 109.743176019379803, -7.791441383205035, 0.0 ], [ 109.74316674455325, -7.791464403386463, 0.0 ], [ 109.743160563417192, -7.791481902553563, 0.0 ], [ 109.743145393134313, -7.791517704982851, 0.0 ], [ 109.74314441725852, -7.791520196411766, 0.0 ], [ 109.743144110456825, -7.791521421636402, 0.0 ], [ 109.74314287438601, -7.791523649319894, 0.0 ], [ 109.743127794365435, -7.791561078041619, 0.0 ], [ 109.74312178692719, -7.791575988535776, 0.0 ], [ 109.743110547525689, -7.791603884821728, 0.0 ], [ 109.743099308128691, -7.79163178110711, 0.0 ], [ 109.743095688329859, -7.791640918728912, 0.0 ], [ 109.743086447456861, -7.791663701374909, 0.0 ], [ 109.743078966973471, -7.791680168548019, 0.0 ], [ 109.743074019756151, -7.791687565341213, 0.0 ], [ 109.74305412316528, -7.7917112693345, 0.0 ], [ 109.743030254368023, -7.791725340254619, 0.0 ], [ 109.74301311544977, -7.791726153307417, 0.0 ], [ 109.742974237194971, -7.791727997662989, 0.0 ], [ 109.742918220022517, -7.791730655041181, 0.0 ], [ 109.742890211436389, -7.791731983748467, 0.0 ], [ 109.742813220188324, -7.791735636137262, 0.0 ], [ 109.742778177093115, -7.791737298539486, 0.0 ], [ 109.742674057111032, -7.791742237857832, 0.0 ], [ 109.742666778978446, -7.791769431558689, 0.0 ], [ 109.742666186515891, -7.791770270066275, 0.0 ], [ 109.742664224196389, -7.791798067922919, 0.0 ], [ 109.742804482159556, -7.791911379692727, 0.0 ], [ 109.742861534153533, -7.791957470785931, 0.0 ], [ 109.742866388532363, -7.791961392528145, 0.0 ], [ 109.742897341690082, -7.791986398975594, 0.0 ], [ 109.742941815669596, -7.792022328624945, 0.0 ], [ 109.742957837668172, -7.792037810096128, 0.0 ], [ 109.742973246518986, -7.792060116243072, 0.0 ], [ 109.742978798265241, -7.792072723225234, 0.0 ], [ 109.742980984405023, -7.792078304090336, 0.0 ], [ 109.743139896154759, -7.792522201169781, 0.0 ], [ 109.743195442720705, -7.79267736207907, 0.0 ], [ 109.743211684999551, -7.792722732474408, 0.0 ], [ 109.743133316248858, -7.793136195140395, 0.0 ], [ 109.74308247887511, -7.792994188223366, 0.0 ], [ 109.742971385817995, -7.792683866380963, 0.0 ], [ 109.74291583934027, -7.792528704979299, 0.0 ], [ 109.74285445075553, -7.792357224887295, 0.0 ], [ 109.7428499563256, -7.79234682317388, 0.0 ], [ 109.742840176215239, -7.792321540786952, 0.0 ], [ 109.74282989773539, -7.792301292780874, 0.0 ], [ 109.742820568894672, -7.79228528601165, 0.0 ], [ 109.742804600462264, -7.792267326180341, 0.0 ], [ 109.742707910327965, -7.792189212284112, 0.0 ], [ 109.742638512653969, -7.792133147084808, 0.0 ], [ 109.742499716690034, -7.792021016658407, 0.0 ], [ 109.742430319076405, -7.79196495143335, 0.0 ], [ 109.742291523227095, -7.791852820955535, 0.0 ], [ 109.742245854663835, -7.791815926008899, 0.0 ], [ 109.742235270916368, -7.791807375582458, 0.0 ], [ 109.742204317735897, -7.791782369172244, 0.0 ], [ 109.742189980151707, -7.791770786084312, 0.0 ], [ 109.742152727793879, -7.791740690444396, 0.0 ], [ 109.742148101891203, -7.791726714771547, 0.0 ], [ 109.742134139664529, -7.791714250998035, 0.0 ], [ 109.742112954449894, -7.79170586656784, 0.0 ], [ 109.742098261311696, -7.791704718089997, 0.0 ], [ 109.742078173864414, -7.791699702617425, 0.0 ], [ 109.742065628101642, -7.791697092553271, 0.0 ], [ 109.742026477425512, -7.791688724933252, 0.0 ], [ 109.742022200091668, -7.791687826730151, 0.0 ], [ 109.742019403529127, -7.791687226234632, 0.0 ], [ 109.741973228027902, -7.791677311270033, 0.0 ], [ 109.741955453998642, -7.791673494707577, 0.0 ], [ 109.74192705270157, -7.791667396123102, 0.0 ], [ 109.741910253413053, -7.791663788883677, 0.0 ], [ 109.741854280080659, -7.791651769806009, 0.0 ], [ 109.741834701995188, -7.791647565883051, 0.0 ], [ 109.741813355212955, -7.791642982101624, 0.0 ], [ 109.741788526665175, -7.791637650734979, 0.0 ], [ 109.741742434824516, -7.79162775370626, 0.0 ], [ 109.741686360108673, -7.791615712771225, 0.0 ], [ 109.741671256647848, -7.791612469642849, 0.0 ], [ 109.741650000620922, -7.791607905340086, 0.0 ], [ 109.741603825221389, -7.791597990257211, 0.0 ], [ 109.741600207374134, -7.791597213396813, 0.0 ], [ 109.741574413482226, -7.791591674731927, 0.0 ], [ 109.74151844017598, -7.791579655548078, 0.0 ], [ 109.741511474650011, -7.791578159854611, 0.0 ], [ 109.741465299178046, -7.791568244838363, 0.0 ], [ 109.741462466873116, -7.791567636661834, 0.0 ], [ 109.741406493575496, -7.791555617464164, 0.0 ], [ 109.741387059405398, -7.791551444400372, 0.0 ], [ 109.741372948646216, -7.791548414391454, 0.0 ], [ 109.74135052028177, -7.791543598408627, 0.0 ], [ 109.741324872526221, -7.791545079558501, 0.0 ], [ 109.741320063948692, -7.79154515088153, 0.0 ], [ 109.741294502410142, -7.79154650603876, 0.0 ], [ 109.741275112038338, -7.791551181876709, 0.0 ], [ 109.741252241018628, -7.791556697111, 0.0 ], [ 109.741230090394865, -7.791562038585675, 0.0 ], [ 109.741195949946103, -7.7915702712157, 0.0 ], [ 109.741185068597531, -7.79157289513675, 0.0 ], [ 109.74117800871808, -7.791574597562479, 0.0 ], [ 109.741140046807899, -7.791583751695697, 0.0 ], [ 109.741103776353825, -7.79159249806137, 0.0 ], [ 109.741095025137895, -7.791594608369642, 0.0 ], [ 109.741070304167394, -7.791600569624212, 0.0 ], [ 109.741051488269335, -7.791588643042331, 0.0 ], [ 109.741039689200903, -7.791569806933405, 0.0 ], [ 109.741033618597257, -7.791550665700005, 0.0 ], [ 109.741027971257211, -7.791527334365614, 0.0 ], [ 109.741024173365005, -7.791513901617896, 0.0 ], [ 109.741022389009814, -7.791506105405091, 0.0 ], [ 109.741017776582282, -7.791485953004557, 0.0 ], [ 109.74101199954201, -7.791460712215, 0.0 ], [ 109.741010386859017, -7.791453666098378, 0.0 ], [ 109.741001610222625, -7.791415318882796, 0.0 ], [ 109.740993741789026, -7.791380940242559, 0.0 ], [ 109.74099122080159, -7.791369925650756, 0.0 ], [ 109.740985792876643, -7.791346209938614, 0.0 ], [ 109.740972999302997, -7.791290312711928, 0.0 ], [ 109.740970441967136, -7.791279139183461, 0.0 ], [ 109.740960205734709, -7.791234415485348, 0.0 ], [ 109.740949663204347, -7.791188352648371, 0.0 ], [ 109.740943806194934, -7.791162762265992, 0.0 ], [ 109.740939273778238, -7.791142959429271, 0.0 ], [ 109.74093461884182, -7.791122621032806, 0.0 ], [ 109.74092182527724, -7.791066723806252, 0.0 ], [ 109.740918494961846, -7.791052172961995, 0.0 ], [ 109.740910515657518, -7.791017310119297, 0.0 ], [ 109.740908105518415, -7.791006779762327, 0.0 ], [ 109.74089771622647, -7.790961386414053, 0.0 ], [ 109.740896238366787, -7.790954929353724, 0.0 ], [ 109.74087431744907, -7.790928890653267, 0.0 ], [ 109.740847124535222, -7.790900156398975, 0.0 ], [ 109.740845810099273, -7.790898920293716, 0.0 ], [ 109.740736605759636, -7.790811830437048, 0.0 ], [ 109.740680729825485, -7.790767269889272, 0.0 ], [ 109.740513102098504, -7.790633587545519, 0.0 ], [ 109.740457226213366, -7.790589026972264, 0.0 ], [ 109.740401350341074, -7.790544466176425, 0.0 ], [ 109.740383420644903, -7.790524472924446, 0.0 ], [ 109.740364417318787, -7.790487619569983, 0.0 ], [ 109.740357962186948, -7.790462940851736, 0.0 ], [ 109.740353425262839, -7.790450583239626, 0.0 ], [ 109.74035162602793, -7.790444607619677, 0.0 ], [ 109.740345724773348, -7.790416155784624, 0.0 ], [ 109.740341574607797, -7.790394688811924, 0.0 ], [ 109.740319963909329, -7.790282906171267, 0.0 ], [ 109.740315544735864, -7.790257605722914, 0.0 ], [ 109.740314349573467, -7.790251106256515, 0.0 ], [ 109.740310074650978, -7.790227017574114, 0.0 ], [ 109.740312241619776, -7.790115305614955, 0.0 ], [ 109.740312666964826, -7.790093379128533, 0.0 ], [ 109.740312896045779, -7.790081569383143, 0.0 ], [ 109.74031376851265, -7.790036593844691, 0.0 ], [ 109.740313962142409, -7.79002661279563, 0.0 ], [ 109.740314408682337, -7.790003593655289, 0.0 ], [ 109.7403165756362, -7.789891881694553, 0.0 ], [ 109.740317659160766, -7.789836025714051, 0.0 ], [ 109.740318742637101, -7.789780169733172, 0.0 ], [ 109.740319780849177, -7.789726649599276, 0.0 ], [ 109.740320909632118, -7.789668457771087, 0.0 ], [ 109.740321993156996, -7.789612601789786, 0.0 ], [ 109.740323076627433, -7.789556745808219, 0.0 ], [ 109.740323618382376, -7.789528817817398, 0.0 ], [ 109.740324160140048, -7.789500889826539, 0.0 ], [ 109.740326327067308, -7.789389177862366, 0.0 ], [ 109.740326754696383, -7.789367133276288, 0.0 ], [ 109.740326986760735, -7.789355170682207, 0.0 ], [ 109.740327820774425, -7.789312176689593, 0.0 ], [ 109.740328088288663, -7.789298385402287, 0.0 ], [ 109.740328494091514, -7.78927746589769, 0.0 ], [ 109.740330661010105, -7.789165753931937, 0.0 ], [ 109.740331018853951, -7.789147306782287, 0.0 ], [ 109.740331392813346, -7.789128029606623, 0.0 ], [ 109.740332084929349, -7.789092350198109, 0.0 ], [ 109.740332494328939, -7.789071244329179, 0.0 ], [ 109.740332828022517, -7.789054041965779, 0.0 ], [ 109.740334994929256, -7.788942329998527, 0.0 ], [ 109.740335282985512, -7.788927480282069, 0.0 ], [ 109.740335798841571, -7.788900888524585, 0.0 ], [ 109.740336349064563, -7.788872523706915, 0.0 ], [ 109.740336900341688, -7.78884410325607, 0.0 ], [ 109.740337161929858, -7.788830618030799, 0.0 ], [ 109.740339328824831, -7.788718906061971, 0.0 ], [ 109.740339547097378, -7.788707653778888, 0.0 ], [ 109.740340204842283, -7.788673747439445, 0.0 ], [ 109.740340412349553, -7.788663050077567, 0.0 ], [ 109.74034149579488, -7.788607194092686, 0.0 ], [ 109.740341679174222, -7.788597740558666, 0.0 ], [ 109.740342407800597, -7.788560176932823, 0.0 ], [ 109.740342579254332, -7.788551338107629, 0.0 ], [ 109.740344610737239, -7.78844660643508, 0.0 ], [ 109.74034487717627, -7.788432870624592, 0.0 ], [ 109.740345712284565, -7.788389821106805, 0.0 ], [ 109.740345943258006, -7.788377914060779, 0.0 ], [ 109.740346813758407, -7.788333035849356, 0.0 ], [ 109.740346913108567, -7.788327914165771, 0.0 ], [ 109.740349079976937, -7.788216202193525, 0.0 ], [ 109.740350118233408, -7.788162680014431, 0.0 ], [ 109.740351219691803, -7.788105894765912, 0.0 ], [ 109.740351246939142, -7.788104490220769, 0.0 ], [ 109.740352330366633, -7.788048634234015, 0.0 ], [ 109.740352299052091, -7.788048133884769, 0.0 ], [ 109.740352884502556, -7.788020065829659, 0.0 ], [ 109.740353405271065, -7.787993217605122, 0.0 ], [ 109.740354471350685, -7.787938261049554, 0.0 ], [ 109.740355580743014, -7.787881066272761, 0.0 ], [ 109.740355625116294, -7.787878754157163, 0.0 ], [ 109.740356582711101, -7.787828327075602, 0.0 ], [ 109.740356642547411, -7.787825210220947, 0.0 ], [ 109.740356409630451, -7.787822283123191, 0.0 ], [ 109.740353518930164, -7.787807710301577, 0.0 ], [ 109.740325175711575, -7.787769257506165, 0.0 ], [ 109.740283912415379, -7.787713275677829, 0.0 ], [ 109.740266071829708, -7.78768907150281, 0.0 ], [ 109.740242353254047, -7.787656892983051, 0.0 ], [ 109.740186171291739, -7.787580670984918, 0.0 ], [ 109.740171198069831, -7.787560356902381, 0.0 ], [ 109.7401474795236, -7.78752817836003, 0.0 ], [ 109.740130388782916, -7.787504991443538, 0.0 ], [ 109.740077595274087, -7.787433366497527, 0.0 ], [ 109.740074606294641, -7.787429311389334, 0.0 ], [ 109.740052605826236, -7.787399463750141, 0.0 ], [ 109.740036331632126, -7.787377384653504, 0.0 ], [ 109.739995068408817, -7.787321402808301, 0.0 ], [ 109.739963041372633, -7.787277952122617, 0.0 ], [ 109.739945528093401, -7.787303866224407, 0.0 ], [ 109.739931183374864, -7.787321212919786, 0.0 ], [ 109.739920206371451, -7.787334487240168, 0.0 ], [ 109.739906824161139, -7.787347762212156, 0.0 ], [ 109.739895124316945, -7.787365348713536, 0.0 ], [ 109.739872771288418, -7.787398948210614, 0.0 ], [ 109.73985056282396, -7.787432330626664, 0.0 ], [ 109.739813234359801, -7.787488439899752, 0.0 ], [ 109.739805712186211, -7.787499746691116, 0.0 ], [ 109.739783359232575, -7.787533346268719, 0.0 ], [ 109.739761006185006, -7.787566945756813, 0.0 ], [ 109.739741025365831, -7.787596979678688, 0.0 ], [ 109.739738653220684, -7.78760054533077, 0.0 ], [ 109.739701968645193, -7.787655686701073, 0.0 ], [ 109.739693947025756, -7.787667744213501, 0.0 ], [ 109.739671594049966, -7.787701343782073, 0.0 ], [ 109.739649240986466, -7.787734943261154, 0.0 ], [ 109.739646335844512, -7.787739310085302, 0.0 ], [ 109.739627791632643, -7.787767184544407, 0.0 ], [ 109.739625517236988, -7.787770603251045, 0.0 ], [ 109.739590702836367, -7.787822933457792, 0.0 ], [ 109.739582181770132, -7.787835741687616, 0.0 ], [ 109.739569255780566, -7.787855171190797, 0.0 ], [ 109.73955922973704, -7.787868740230611, 0.0 ], [ 109.739553614307027, -7.787878682367067, 0.0 ], [ 109.73953747569287, -7.787902940717228, 0.0 ], [ 109.739523357043481, -7.787924162939989, 0.0 ], [ 109.739515122684239, -7.787936540266739, 0.0 ], [ 109.739512994298892, -7.787939739491557, 0.0 ], [ 109.739489921014382, -7.787967281763909, 0.0 ], [ 109.739479436930125, -7.787990180169868, 0.0 ], [ 109.739470416416339, -7.788003739116665, 0.0 ], [ 109.73945673279421, -7.788024307424696, 0.0 ], [ 109.739439404868932, -7.788028651589613, 0.0 ], [ 109.739418473251106, -7.788045858062665, 0.0 ], [ 109.739408711061813, -7.788053882852966, 0.0 ], [ 109.739400578554438, -7.788072991553088, 0.0 ], [ 109.739238370427771, -7.788045322416194, 0.0 ], [ 109.739233462520062, -7.788044485241815, 0.0 ], [ 109.739231481008375, -7.7880441472669, 0.0 ], [ 109.739185532035066, -7.788036310430481, 0.0 ], [ 109.739176658039185, -7.788034796813593, 0.0 ], [ 109.738952737586573, -7.78799660077362, 0.0 ], [ 109.738944848491073, -7.787996458570006, 0.0 ], [ 109.738908901176956, -7.788000634962204, 0.0 ], [ 109.738896717382858, -7.788000458286287, 0.0 ], [ 109.738879954546832, -7.78800510128624, 0.0 ], [ 109.738862998745958, -7.788010607409324, 0.0 ], [ 109.738840662191578, -7.788016012692085, 0.0 ], [ 109.73861642342797, -7.788084236100913, 0.0 ], [ 109.738560363726066, -7.788101292732686, 0.0 ], [ 109.738392184606724, -7.788152460179235, 0.0 ], [ 109.738336124890992, -7.788169516778331, 0.0 ], [ 109.738167945730197, -7.788220684127005, 0.0 ], [ 109.738111886000652, -7.788237740690244, 0.0 ], [ 109.737943706798404, -7.788288907941041, 0.0 ], [ 109.737931776391477, -7.788308891048075, 0.0 ], [ 109.737917342551626, -7.788320686966388, 0.0 ], [ 109.737901107760734, -7.788334147535306, 0.0 ], [ 109.737887546650938, -7.788339504266365, 0.0 ], [ 109.737878798681905, -7.788367791195678, 0.0 ], [ 109.737876090779977, -7.788376423289519, 0.0 ], [ 109.737872527381199, -7.788391237392317, 0.0 ], [ 109.73786857023299, -7.788413555385705, 0.0 ], [ 109.737863275487854, -7.788432244283494, 0.0 ], [ 109.737856210550916, -7.788457181312001, 0.0 ], [ 109.737852111424246, -7.788467170486132, 0.0 ], [ 109.737844911279538, -7.788488048753007, 0.0 ], [ 109.737841369815285, -7.788498317988469, 0.0 ], [ 109.737831001754273, -7.788518612901264, 0.0 ], [ 109.737823054645403, -7.788543842820846, 0.0 ], [ 109.737805476070093, -7.788599649626315, 0.0 ], [ 109.737787897613714, -7.788655456430504, 0.0 ], [ 109.737770319023838, -7.788711263232646, 0.0 ], [ 109.737752740559145, -7.788767070033641, 0.0 ], [ 109.737735161957829, -7.788822876832578, 0.0 ], [ 109.737717660755948, -7.788878438303643, 0.0 ], [ 109.73770000486887, -7.788934490426008, 0.0 ], [ 109.737682426378129, -7.788990297220455, 0.0 ], [ 109.737664847757031, -7.789046104012963, 0.0 ], [ 109.73764726925485, -7.789101910804209, 0.0 ], [ 109.73762969061913, -7.789157717593405, 0.0 ], [ 109.737612112108593, -7.789213524381461, 0.0 ], [ 109.737594533461433, -7.789269331167454, 0.0 ], [ 109.737576954936316, -7.789325137952194, 0.0 ], [ 109.737559376280828, -7.789380944735013, 0.0 ], [ 109.737541797744257, -7.789436751516535, 0.0 ], [ 109.737538289079325, -7.789446604758577, 0.0 ], [ 109.737529102954554, -7.789473628291146, 0.0 ], [ 109.737522024022766, -7.789492551757183, 0.0 ], [ 109.737491842970655, -7.789555923080617, 0.0 ], [ 109.737442327223022, -7.78965989176591, 0.0 ], [ 109.737439886720125, -7.789664249842739, 0.0 ], [ 109.737435479661613, -7.789674269650002, 0.0 ], [ 109.737415761584359, -7.789715671762886, 0.0 ], [ 109.737401622431918, -7.789737912170959, 0.0 ], [ 109.737390309790101, -7.789760387802438, 0.0 ], [ 109.73738433163372, -7.789771437264458, 0.0 ], [ 109.737384910190613, -7.789777171232405, 0.0 ], [ 109.737379126985473, -7.789789054463384, 0.0 ], [ 109.737368733421647, -7.789816967542815, 0.0 ], [ 109.73736242043141, -7.789827231122778, 0.0 ], [ 109.737369515837713, -7.78983669539474, 0.0 ], [ 109.737378967277877, -7.78984237262604, 0.0 ], [ 109.737882614629783, -7.78998685284263, 0.0 ], [ 109.737889871860361, -7.789989135103673, 0.0 ], [ 109.737932826874271, -7.790002242881621, 0.0 ], [ 109.737938572368165, -7.79000394328363, 0.0 ], [ 109.737994527490656, -7.790021909309027, 0.0 ], [ 109.738050482618547, -7.790039875479993, 0.0 ], [ 109.738162392892747, -7.790075807497581, 0.0 ], [ 109.73821834803816, -7.790093773648568, 0.0 ], [ 109.738266454031645, -7.790109219444918, 0.0 ], [ 109.738314840188508, -7.790124755211361, 0.0 ], [ 109.738354254678754, -7.790137410432472, 0.0 ], [ 109.73838621351031, -7.790147671757452, 0.0 ], [ 109.738442168679526, -7.790165637729698, 0.0 ], [ 109.738442227429559, -7.790165660576792, 0.0 ], [ 109.738483748176421, -7.79018007329104, 0.0 ], [ 109.738498115269692, -7.790186472160284, 0.0 ], [ 109.738543088255611, -7.790210827575744, 0.0 ], [ 109.738557310821392, -7.7902185299036, 0.0 ], [ 109.738593641491235, -7.790238204979946, 0.0 ], [ 109.738629972111738, -7.790257880111776, 0.0 ], [ 109.73866442567622, -7.790276538623956, 0.0 ], [ 109.738718962905082, -7.790306073583715, 0.0 ], [ 109.738738964101955, -7.790316905375641, 0.0 ], [ 109.738775294793683, -7.790336580439027, 0.0 ], [ 109.73877770695745, -7.790337886764589, 0.0 ], [ 109.738833625321632, -7.790368169666462, 0.0 ], [ 109.738847956128993, -7.790375930616116, 0.0 ], [ 109.738884286831919, -7.790395605674994, 0.0 ], [ 109.738889543694697, -7.790398452565314, 0.0 ], [ 109.738909994950731, -7.790410864471211, 0.0 ], [ 109.738919207160009, -7.790416678960359, 0.0 ], [ 109.738945455973436, -7.790430775373152, 0.0 ], [ 109.738954336407204, -7.79043754513299, 0.0 ], [ 109.738967497598352, -7.790446461178012, 0.0 ], [ 109.738987243441258, -7.790460614385081, 0.0 ], [ 109.73900135256369, -7.790468345171967, 0.0 ], [ 109.739047686144445, -7.790502558973619, 0.0 ], [ 109.73905296297562, -7.790506846619894, 0.0 ], [ 109.7390572381032, -7.790509612363013, 0.0 ], [ 109.739224894790738, -7.790633413895619, 0.0 ], [ 109.739246364798277, -7.790649267804916, 0.0 ], [ 109.739280780376632, -7.790674680921409, 0.0 ], [ 109.739336665973582, -7.790715948083985, 0.0 ], [ 109.73934280987163, -7.790720732053757, 0.0 ], [ 109.739350096346257, -7.790726895462506, 0.0 ], [ 109.739372880417278, -7.790746613403005, 0.0 ], [ 109.739392530700229, -7.790764196879955, 0.0 ], [ 109.739413116200453, -7.790782942125992, 0.0 ], [ 109.739431606227271, -7.790799779203048, 0.0 ], [ 109.739448387619603, -7.790815060430634, 0.0 ], [ 109.739474660248121, -7.790838984392318, 0.0 ], [ 109.739536204477631, -7.790895026652747, 0.0 ], [ 109.739542258949243, -7.790912851207342, 0.0 ], [ 109.73956146294546, -7.790949505583008, 0.0 ], [ 109.739562581047466, -7.790950964296825, 0.0 ], [ 109.739522562883735, -7.791006704437057, 0.0 ], [ 109.739482544927043, -7.791062444572374, 0.0 ], [ 109.73944252674103, -7.791118184701357, 0.0 ], [ 109.739402508761998, -7.791173924825439, 0.0 ], [ 109.739362490553617, -7.791229664943242, 0.0 ], [ 109.739322472555372, -7.791285405056033, 0.0 ], [ 109.739282454324652, -7.791341145162631, 0.0 ], [ 109.739242436300955, -7.791396885264232, 0.0 ], [ 109.739202418047938, -7.791452625359516, 0.0 ], [ 109.739166284439293, -7.791502954921881, 0.0 ], [ 109.739163206062187, -7.791505304724866, 0.0 ], [ 109.739134396317738, -7.791532426483768, 0.0 ], [ 109.739110102853388, -7.791560593167555, 0.0 ], [ 109.739100636754472, -7.791564040822279, 0.0 ], [ 109.739066583661682, -7.791576443282937, 0.0 ], [ 109.739025997484802, -7.791591224963645, 0.0 ], [ 109.738997962359718, -7.791601435552837, 0.0 ], [ 109.738969927233825, -7.791611646052459, 0.0 ], [ 109.738943673661225, -7.791621207693766, 0.0 ], [ 109.738938030733749, -7.791623262885343, 0.0 ], [ 109.738902703783793, -7.791636129278615, 0.0 ], [ 109.73886173377349, -7.79165105073232, 0.0 ], [ 109.738849231758564, -7.791655604075161, 0.0 ], [ 109.738820763854051, -7.791665972275824, 0.0 ], [ 109.738796378189363, -7.791674853581419, 0.0 ], [ 109.738773681320637, -7.791683119851244, 0.0 ], [ 109.73871761104904, -7.791703541187636, 0.0 ], [ 109.738661540774132, -7.791723962140046, 0.0 ], [ 109.738656884879958, -7.791725659126421, 0.0 ], [ 109.738644248943913, -7.791730259869402, 0.0 ], [ 109.738605470494832, -7.791744383080925, 0.0 ], [ 109.738582819471304, -7.791752642688054, 0.0 ], [ 109.738574955310014, -7.791755512490163, 0.0 ], [ 109.73854940015481, -7.791764822841506, 0.0 ], [ 109.73853399864575, -7.791770447316398, 0.0 ], [ 109.738493929601219, -7.791785073863091, 0.0 ], [ 109.738493329719702, -7.79178529288249, 0.0 ], [ 109.738381188787514, -7.791826249202802, 0.0 ], [ 109.738370234930116, -7.791830249751833, 0.0 ], [ 109.73832929515828, -7.791845201514032, 0.0 ], [ 109.738325118315942, -7.791846726974789, 0.0 ], [ 109.738269047838799, -7.791867205114167, 0.0 ], [ 109.738247416020783, -7.791875105440911, 0.0 ], [ 109.738227101102083, -7.79188252472126, 0.0 ], [ 109.738212977358188, -7.791887682927848, 0.0 ], [ 109.738207554993949, -7.791891139500844, 0.0 ], [ 109.738173859374385, -7.791913359282174, 0.0 ], [ 109.738156856586357, -7.791924954685905, 0.0 ], [ 109.738129220379079, -7.791952162866956, 0.0 ], [ 109.737959521169302, -7.792119234840979, 0.0 ], [ 109.7379461132317, -7.792133074241066, 0.0 ], [ 109.737932152158805, -7.792147915162881, 0.0 ], [ 109.737919018556425, -7.792161916736785, 0.0 ], [ 109.737907087794866, -7.792174937791197, 0.0 ], [ 109.737370201677109, -7.792768179410351, 0.0 ], [ 109.737360872701998, -7.792778487562809, 0.0 ], [ 109.73733429780232, -7.792807851579464, 0.0 ], [ 109.737314006335438, -7.792830272854773, 0.0 ], [ 109.736697082203733, -7.793511950289135, 0.0 ], [ 109.73664666477012, -7.793567659038577, 0.0 ], [ 109.736192910679719, -7.794069037421486, 0.0 ], [ 109.736191707360319, -7.794070636406422, 0.0 ], [ 109.736190095941097, -7.794072147578235, 0.0 ], [ 109.736142493490817, -7.794124746089286, 0.0 ], [ 109.7361388620035, -7.794129670019237, 0.0 ], [ 109.736133900244454, -7.794134241227597, 0.0 ], [ 109.736092076288301, -7.794180454748777, 0.0 ], [ 109.736086074605936, -7.7941887617896, 0.0 ], [ 109.736077704530985, -7.794196334866621, 0.0 ], [ 109.736041659072242, -7.794236163400027, 0.0 ], [ 109.73603334664358, -7.794247913198692, 0.0 ], [ 109.736021508801173, -7.794258428326986, 0.0 ], [ 109.735991241462386, -7.794291872041848, 0.0 ], [ 109.735980679611146, -7.794307125743816, 0.0 ], [ 109.735965313054777, -7.794320521692904, 0.0 ], [ 109.735940824219199, -7.79434758067648, 0.0 ], [ 109.735928075416496, -7.79436640134142, 0.0 ], [ 109.735909117290745, -7.794382615301038, 0.0 ], [ 109.735890406962454, -7.794403289302887, 0.0 ], [ 109.735875535650635, -7.794425741583038, 0.0 ], [ 109.735852921509888, -7.794444708898979, 0.0 ], [ 109.735839989692167, -7.794458997920921, 0.0 ], [ 109.735823061979076, -7.794485148151267, 0.0 ], [ 109.735796725712191, -7.794506802486559, 0.0 ], [ 109.735789572408322, -7.794514706530773, 0.0 ], [ 109.735777560100388, -7.794533704317342, 0.0 ], [ 109.735771675740551, -7.794545645745471, 0.0 ], [ 109.735748709878138, -7.794562305360567, 0.0 ], [ 109.73574052989764, -7.794568896063903, 0.0 ], [ 109.735739155110934, -7.794570415132312, 0.0 ], [ 109.735736987869856, -7.794573926126511, 0.0 ], [ 109.735721552259278, -7.79460741027262, 0.0 ], [ 109.7356945880734, -7.794626141189481, 0.0 ], [ 109.735693905534859, -7.794635699014552, 0.0 ], [ 109.735684304320742, -7.794640900598491, 0.0 ], [ 109.735671973333609, -7.794669721161577, 0.0 ], [ 109.735653619883394, -7.794681877983575, 0.0 ], [ 109.735652664975319, -7.794706375822032, 0.0 ], [ 109.735628057918461, -7.79471983694017, 0.0 ], [ 109.735623016408638, -7.794732656113221, 0.0 ], [ 109.735615113960534, -7.794737622122629, 0.0 ], [ 109.735615097087475, -7.794750456444852, 0.0 ], [ 109.735627944479077, -7.794757631865393, 0.0 ], [ 109.735673385082364, -7.794737796079882, 0.0 ], [ 109.735671741420191, -7.794725515278945, 0.0 ], [ 109.735684027452052, -7.794733150458266, 0.0 ], [ 109.735796193390982, -7.794684184425464, 0.0 ], [ 109.735797503602527, -7.79468361247373, 0.0 ], [ 109.735836416003892, -7.794666626604839, 0.0 ], [ 109.735852276347288, -7.794659702992831, 0.0 ], [ 109.735964442252879, -7.794610736912191, 0.0 ], [ 109.735992062267101, -7.794598679765817, 0.0 ], [ 109.735993570868686, -7.794598021236841, 0.0 ], [ 109.736030974450017, -7.794581693671899, 0.0 ], [ 109.736054653324047, -7.79457135678376, 0.0 ], [ 109.736181740035875, -7.794515876923175, 0.0 ], [ 109.736186620355255, -7.794513746442413, 0.0 ], [ 109.736194329397719, -7.794510381256189, 0.0 ], [ 109.73622553268639, -7.794496760493645, 0.0 ], [ 109.736244856910062, -7.794488324746925, 0.0 ], [ 109.736357022737877, -7.794439358544079, 0.0 ], [ 109.736413105638704, -7.794414877026423, 0.0 ], [ 109.736525271433194, -7.794365910772542, 0.0 ], [ 109.736536825509305, -7.794360866974823, 0.0 ], [ 109.736575737859908, -7.794343881028198, 0.0 ], [ 109.736581354317352, -7.794341429229402, 0.0 ], [ 109.736693520078518, -7.794292462924554, 0.0 ], [ 109.736696223386375, -7.794291282826417, 0.0 ], [ 109.736731383727275, -7.794275933683267, 0.0 ], [ 109.736770295850064, -7.794258947505084, 0.0 ], [ 109.736796601212916, -7.794247463969982, 0.0 ], [ 109.736805685812726, -7.794243498182226, 0.0 ], [ 109.736917851529455, -7.794194531812606, 0.0 ], [ 109.736944275911611, -7.794182996891359, 0.0 ], [ 109.73696485403444, -7.794174014139474, 0.0 ], [ 109.736973934374717, -7.794170050209895, 0.0 ], [ 109.737071364340594, -7.794127516730967, 0.0 ], [ 109.737081588317594, -7.794123053472711, 0.0 ], [ 109.737097738296427, -7.794116003556387, 0.0 ], [ 109.737120500540669, -7.794106067381105, 0.0 ], [ 109.737142182886757, -7.79409660215793, 0.0 ], [ 109.737254348536879, -7.794047635683083, 0.0 ], [ 109.737276146450952, -7.794038119998629, 0.0 ], [ 109.73729849499297, -7.79402836440046, 0.0 ], [ 109.737315058660656, -7.794021133886632, 0.0 ], [ 109.737325544528829, -7.794016556289329, 0.0 ], [ 109.737452630952362, -7.79396107599229, 0.0 ], [ 109.737470704212967, -7.793953186117013, 0.0 ], [ 109.737499253059397, -7.793940723711795, 0.0 ], [ 109.737509616340901, -7.793936199916302, 0.0 ], [ 109.737534762555384, -7.793925222540202, 0.0 ], [ 109.737646928127759, -7.79387625594963, 0.0 ], [ 109.737703010900816, -7.793851774233243, 0.0 ], [ 109.737815176439838, -7.793802807591638, 0.0 ], [ 109.737820908457991, -7.793800305320452, 0.0 ], [ 109.737859820720359, -7.793783319238854, 0.0 ], [ 109.737871259196268, -7.79377832585295, 0.0 ], [ 109.737983424701937, -7.793729359157156, 0.0 ], [ 109.737986031151664, -7.793736607903906, 0.0 ], [ 109.737987611448148, -7.793743451335667, 0.0 ], [ 109.737998462869029, -7.79377997616652, 0.0 ], [ 109.738001400486482, -7.793795133951136, 0.0 ], [ 109.738004921107688, -7.793816844526928, 0.0 ], [ 109.738006997191334, -7.793827208210701, 0.0 ], [ 109.738010515591583, -7.793851020251761, 0.0 ], [ 109.738038270636793, -7.794117779120371, 0.0 ], [ 109.738092712709914, -7.794641035598378, 0.0 ], [ 109.738147137018615, -7.795164117173142, 0.0 ], [ 109.738161671159617, -7.795303808335563, 0.0 ], [ 109.738163406691896, -7.795320488374374, 0.0 ], [ 109.738165523381227, -7.795340832307264, 0.0 ], [ 109.738167484967519, -7.795359684801025, 0.0 ], [ 109.738201596974136, -7.795687541040905, 0.0 ], [ 109.738256039142797, -7.796210797528322, 0.0 ], [ 109.738310481354645, -7.796734050254768, 0.0 ], [ 109.738341895508896, -7.79703597876409, 0.0 ], [ 109.738344117395272, -7.797057333075315, 0.0 ], [ 109.738345651363218, -7.79707207529471, 0.0 ], [ 109.738347709452754, -7.797091855230637, 0.0 ], [ 109.738358185378559, -7.797099079281976, 0.0 ], [ 109.738365386781098, -7.797102697172782, 0.0 ], [ 109.738386991213488, -7.797113551007036, 0.0 ], [ 109.738395194891083, -7.797118082004165, 0.0 ], [ 109.738421318343711, -7.797128835413353, 0.0 ], [ 109.738434890230948, -7.797134422091609, 0.0 ], [ 109.738475578997594, -7.797146403356712, 0.0 ], [ 109.738478096575065, -7.797147281482433, 0.0 ], [ 109.738481383904002, -7.797148112677552, 0.0 ], [ 109.738524544058265, -7.79715692771052, 0.0 ], [ 109.738533248610636, -7.797158705515986, 0.0 ], [ 109.738701175520987, -7.797193002835566, 0.0 ], [ 109.738710868663375, -7.797194982544949, 0.0 ], [ 109.738756701627793, -7.797204343446248, 0.0 ], [ 109.738981053788152, -7.79725016499787, 0.0 ], [ 109.738990355546861, -7.797252064770605, 0.0 ], [ 109.739036477365744, -7.797261484529936, 0.0 ], [ 109.739314023627443, -7.797318170198991, 0.0 ], [ 109.739428859233414, -7.797341623958999, 0.0 ], [ 109.739452797247182, -7.797346512971029, 0.0 ], [ 109.739484834933037, -7.797353056245306, 0.0 ], [ 109.739708737772403, -7.797398785622734, 0.0 ], [ 109.739730343959096, -7.79740319838564, 0.0 ], [ 109.73976471349296, -7.797410217867945, 0.0 ], [ 109.739869117711976, -7.797431541030187, 0.0 ], [ 109.740146664278782, -7.797488226188603, 0.0 ], [ 109.740212519405972, -7.797501676157325, 0.0 ], [ 109.740229156408233, -7.797505074003216, 0.0 ], [ 109.740248048118445, -7.797508932325631, 0.0 ], [ 109.740268495164159, -7.797513108324049, 0.0 ], [ 109.74032447092624, -7.797524540581075, 0.0 ], [ 109.740344885316901, -7.797524316405787, 0.0 ], [ 109.740365307366559, -7.797529618404123, 0.0 ], [ 109.740380466678133, -7.797529291459116, 0.0 ], [ 109.740401462331263, -7.797523920387891, 0.0 ], [ 109.740415477804348, -7.797523926883486, 0.0 ], [ 109.740436526112376, -7.79751275258953, 0.0 ], [ 109.740448033893244, -7.797500563308525, 0.0 ], [ 109.740458804539898, -7.797489154908449, 0.0 ], [ 109.740548902036622, -7.797393722883335, 0.0 ], [ 109.740556691772738, -7.797385471890615, 0.0 ], [ 109.740563982477539, -7.79737774942067, 0.0 ], [ 109.740605089975801, -7.797334207650676, 0.0 ], [ 109.740717465803215, -7.797215178077837, 0.0 ], [ 109.740773653694276, -7.797155662814729, 0.0 ], [ 109.740828335874937, -7.797097742849944, 0.0 ], [ 109.740855500256785, -7.797068969922786, 0.0 ], [ 109.740879515177213, -7.797043532741609, 0.0 ], [ 109.740886029426818, -7.797036632717846, 0.0 ], [ 109.740998405093862, -7.796917603043435, 0.0 ], [ 109.741054592904717, -7.796858087729525, 0.0 ], [ 109.741142459166909, -7.796765018598996, 0.0 ], [ 109.741154308346282, -7.7967524677294, 0.0 ], [ 109.741181472565046, -7.796723694656754, 0.0 ], [ 109.741195047586103, -7.796709315742856, 0.0 ], [ 109.741279343983521, -7.796620027758332, 0.0 ], [ 109.74129013002721, -7.796608602972756, 0.0 ], [ 109.741300225086746, -7.796597910005793, 0.0 ], [ 109.741335531714157, -7.796560512393661, 0.0 ], [ 109.741447907124581, -7.796441482556789, 0.0 ], [ 109.741457991126296, -7.796430801333319, 0.0 ], [ 109.741480280153482, -7.796407192143606, 0.0 ], [ 109.741504094807127, -7.796381967161584, 0.0 ], [ 109.741563168293183, -7.796319395506756, 0.0 ], [ 109.741588937397893, -7.796292100303098, 0.0 ], [ 109.741616470122679, -7.796262936800708, 0.0 ], [ 109.741642692311871, -7.796233978804612, 0.0 ], [ 109.741668345325905, -7.796207989644433, 0.0 ], [ 109.741672657755743, -7.796203421838188, 0.0 ], [ 109.741690633509663, -7.796170024574008, 0.0 ], [ 109.741701822298324, -7.796152229909915, 0.0 ], [ 109.74171223456392, -7.79613567016347, 0.0 ], [ 109.741728938278769, -7.796112808573039, 0.0 ], [ 109.741738434167232, -7.796096479486423, 0.0 ], [ 109.741770862264914, -7.79604071662673, 0.0 ], [ 109.741803290134968, -7.795984953762411, 0.0 ], [ 109.74183571821699, -7.795929190894736, 0.0 ], [ 109.741868146068342, -7.795873428022386, 0.0 ], [ 109.741900574128493, -7.795817665146744, 0.0 ], [ 109.741933001961073, -7.795761902266417, 0.0 ], [ 109.741954134157794, -7.795725563592427, 0.0 ], [ 109.741961301594671, -7.795713238578778, 0.0 ], [ 109.741981643966639, -7.795678257939271, 0.0 ], [ 109.742002453944991, -7.795642473348263, 0.0 ], [ 109.742010433056407, -7.795628752484713, 0.0 ], [ 109.742030285845175, -7.795594613602795, 0.0 ], [ 109.742062713858431, -7.7955388507071, 0.0 ], [ 109.742094881352543, -7.795483535407167, 0.0 ], [ 109.742127569641781, -7.795427324903199, 0.0 ], [ 109.742159997408748, -7.795371561994933, 0.0 ], [ 109.742192425387657, -7.795315799083298, 0.0 ], [ 109.742224853135866, -7.795260036166987, 0.0 ], [ 109.74225728109289, -7.79520427324738, 0.0 ], [ 109.742289708822369, -7.795148510323097, 0.0 ], [ 109.742322136763747, -7.79509274739544, 0.0 ], [ 109.742348225858336, -7.795047884393941, 0.0 ], [ 109.742352247842291, -7.795040968170984, 0.0 ], [ 109.742363175407974, -7.795022177181317, 0.0 ], [ 109.742372823983359, -7.795005585561653, 0.0 ], [ 109.742386992397144, -7.794981221527617, 0.0 ], [ 109.742403206241164, -7.79495334005794, 0.0 ], [ 109.742413976086354, -7.794934820172621, 0.0 ], [ 109.742434552206802, -7.794899437548747, 0.0 ], [ 109.742439655422785, -7.794890662026614, 0.0 ], [ 109.742455128267508, -7.794864054868035, 0.0 ], [ 109.742460823232264, -7.794854261835998, 0.0 ], [ 109.742484275884408, -7.794813932696134, 0.0 ], [ 109.742516135263529, -7.794759146969125, 0.0 ], [ 109.742549131420915, -7.79470240678831, 0.0 ], [ 109.742581559066039, -7.794646643828029, 0.0 ], [ 109.742613986923075, -7.794590880864497, 0.0 ], [ 109.742646414549426, -7.794535117896259, 0.0 ], [ 109.74267884238769, -7.794479354924649, 0.0 ], [ 109.742711269995326, -7.794423591948489, 0.0 ], [ 109.742743192848664, -7.794368697305822, 0.0 ], [ 109.74277612540061, -7.794312065984715, 0.0 ], [ 109.742798614677511, -7.794273393329054, 0.0 ], [ 109.74280492086524, -7.794262549202771, 0.0 ], [ 109.742824767037519, -7.794228421501703, 0.0 ], [ 109.742846072902964, -7.794191783837095, 0.0 ], [ 109.742854913152399, -7.794176582021242, 0.0 ], [ 109.742873408553578, -7.79414477700942, 0.0 ], [ 109.742905836323175, -7.794089014009868, 0.0 ], [ 109.742938263865156, -7.794033251005643, 0.0 ], [ 109.742949278168624, -7.794014310729533, 0.0 ], [ 109.742878000000104, -7.794343, 0.0 ], [ 109.742774567644346, -7.794812971172362, 0.0 ], [ 109.742600074946679, -7.795113029764, 0.0 ], [ 109.742571925606114, -7.795161435468327, 0.0 ], [ 109.742514086777902, -7.795260895080392, 0.0 ], [ 109.742351947567826, -7.795539709761433, 0.0 ], [ 109.742177834096935, -7.795839114824506, 0.0 ], [ 109.742123703334926, -7.795932197641472, 0.0 ], [ 109.742103127210314, -7.795967580317519, 0.0 ], [ 109.742092524283805, -7.795985813043161, 0.0 ], [ 109.742061974847218, -7.796038345567436, 0.0 ], [ 109.741800672383349, -7.796487678929429, 0.0 ], [ 109.741727442105216, -7.796613604821367, 0.0 ], [ 109.741670711657974, -7.79671115754378, 0.0 ], [ 109.741614843825104, -7.796807227056001, 0.0 ], [ 109.741609218617285, -7.796816683369209, 0.0 ], [ 109.741606103954055, -7.796822256006875, 0.0 ], [ 109.741558544642373, -7.796904038250736, 0.0 ], [ 109.741545140065185, -7.796920473706887, 0.0 ], [ 109.741535875007145, -7.796933765698496, 0.0 ], [ 109.741522158828161, -7.796953443461524, 0.0 ], [ 109.741502286963367, -7.796986951579902, 0.0 ], [ 109.741499864147229, -7.796989517873243, 0.0 ], [ 109.74144727528811, -7.797045220766116, 0.0 ], [ 109.741446688971692, -7.797045805250127, 0.0 ], [ 109.741446099187471, -7.797046466513366, 0.0 ], [ 109.74141954238182, -7.797074596034277, 0.0 ], [ 109.741394686633157, -7.797100923650845, 0.0 ], [ 109.741389911394918, -7.797105981650367, 0.0 ], [ 109.741342097929845, -7.797156626526527, 0.0 ], [ 109.741338049303394, -7.797160914909603, 0.0 ], [ 109.741310884920878, -7.797189687845972, 0.0 ], [ 109.74128950923118, -7.797212329393297, 0.0 ], [ 109.741277535761725, -7.797225011897138, 0.0 ], [ 109.741236920362596, -7.797268032250807, 0.0 ], [ 109.7412293917602, -7.797276006657009, 0.0 ], [ 109.741202227418611, -7.797304779642362, 0.0 ], [ 109.741184331648299, -7.797323735099872, 0.0 ], [ 109.741165160065066, -7.797344041873388, 0.0 ], [ 109.74113174283579, -7.797379437939791, 0.0 ], [ 109.741120734234627, -7.797391098447771, 0.0 ], [ 109.741108972192265, -7.797403556962895, 0.0 ], [ 109.741052784303491, -7.797463072042227, 0.0 ], [ 109.741026565209182, -7.797490843593107, 0.0 ], [ 109.741012076587012, -7.797506190132293, 0.0 ], [ 109.740984912212312, -7.797534963098597, 0.0 ], [ 109.740973976441808, -7.797546546406577, 0.0 ], [ 109.740940408478508, -7.797582101937243, 0.0 ], [ 109.740921387513851, -7.797602249210764, 0.0 ], [ 109.740903418925939, -7.797621281830752, 0.0 ], [ 109.740884220541545, -7.797641616986072, 0.0 ], [ 109.74082803258861, -7.797701132024796, 0.0 ], [ 109.740816209834037, -7.797713654793029, 0.0 ], [ 109.740794761170747, -7.797736373455502, 0.0 ], [ 109.740771844619744, -7.797760647014464, 0.0 ], [ 109.740766610819136, -7.797764157223514, 0.0 ], [ 109.740741110387106, -7.797769290616002, 0.0 ], [ 109.740717920684318, -7.797771333965645, 0.0 ], [ 109.740715803065243, -7.797771197627809, 0.0 ], [ 109.740705953683005, -7.79776918604454, 0.0 ], [ 109.740669722962593, -7.797759210865729, 0.0 ], [ 109.740659827614792, -7.797759644260836, 0.0 ], [ 109.740648079714646, -7.797757290608196, 0.0 ], [ 109.740621080148344, -7.797751741102446, 0.0 ], [ 109.740603851443851, -7.797748333222732, 0.0 ], [ 109.7403239724635, -7.797691172085589, 0.0 ], [ 109.740267996679904, -7.797679739863928, 0.0 ], [ 109.740156045125488, -7.797656875318943, 0.0 ], [ 109.74010859350328, -7.797647184038397, 0.0 ], [ 109.740087238277127, -7.797642822529451, 0.0 ], [ 109.740044093587542, -7.797634010814228, 0.0 ], [ 109.740012085643599, -7.797627473641035, 0.0 ], [ 109.739988117824851, -7.79762257855473, 0.0 ], [ 109.739848178436532, -7.797593997815723, 0.0 ], [ 109.739829106055211, -7.79759010253132, 0.0 ], [ 109.739764214816105, -7.797576849353502, 0.0 ], [ 109.739652263336808, -7.797553984713016, 0.0 ], [ 109.739624275469595, -7.797548268551848, 0.0 ], [ 109.739568299738337, -7.797536836211212, 0.0 ], [ 109.739540311874251, -7.797531120041584, 0.0 ], [ 109.739526302653289, -7.797528258840627, 0.0 ], [ 109.739503037473966, -7.797523507242507, 0.0 ], [ 109.739484336149076, -7.797519687735999, 0.0 ], [ 109.739372384711686, -7.797496822997082, 0.0 ], [ 109.739363293866987, -7.797494966305771, 0.0 ], [ 109.73931595195964, -7.797485297338535, 0.0 ], [ 109.739260433290738, -7.797473958298561, 0.0 ], [ 109.73922355024223, -7.797466425371097, 0.0 ], [ 109.739204457586595, -7.797462525932419, 0.0 ], [ 109.738924579128678, -7.797405363929831, 0.0 ], [ 109.738895250634471, -7.797399373920939, 0.0 ], [ 109.738868603449546, -7.797393931531868, 0.0 ], [ 109.738755016888021, -7.797370732667792, 0.0 ], [ 109.738711157235954, -7.797361774841343, 0.0 ], [ 109.738700676437418, -7.797359634251068, 0.0 ], [ 109.738644700775168, -7.797348201789799, 0.0 ], [ 109.738614783245552, -7.797342091452365, 0.0 ], [ 109.738588725116884, -7.797336769360469, 0.0 ], [ 109.738448785989846, -7.797308188185528, 0.0 ], [ 109.738431670305744, -7.797304692471219, 0.0 ], [ 109.738420798167596, -7.797302471949938, 0.0 ], [ 109.73825287125581, -7.797268174480318, 0.0 ], [ 109.738245345742399, -7.7972666374684, 0.0 ], [ 109.738168907814071, -7.797251025718884, 0.0 ], [ 109.738140920002238, -7.797245309462736, 0.0 ], [ 109.73811293219137, -7.797239593224209, 0.0 ], [ 109.738105602335494, -7.797238096175657, 0.0 ], [ 109.738084944381612, -7.79723387698082, 0.0 ], [ 109.737972993153193, -7.797211011895743, 0.0 ], [ 109.737965858988986, -7.797209554807463, 0.0 ], [ 109.737930485182204, -7.797202330046902, 0.0 ], [ 109.737920316596487, -7.79719901125905, 0.0 ], [ 109.737908153107597, -7.797193404442763, 0.0 ], [ 109.737880815774787, -7.797182478313239, 0.0 ], [ 109.737845329923687, -7.797161965065564, 0.0 ], [ 109.737825790570085, -7.797146158826409, 0.0 ], [ 109.737823855573581, -7.797127561312502, 0.0 ], [ 109.737821679416783, -7.797106646366496, 0.0 ], [ 109.737819976803067, -7.797090282364092, 0.0 ], [ 109.737814163161062, -7.79703440590212, 0.0 ], [ 109.737813350031814, -7.797026590816451, 0.0 ], [ 109.737808662016747, -7.796981532950909, 0.0 ], [ 109.737808097317668, -7.796976105511952, 0.0 ], [ 109.737703704443334, -7.795972753131454, 0.0 ], [ 109.737702674712509, -7.795966764622522, 0.0 ], [ 109.73769674219399, -7.795943723341611, 0.0 ], [ 109.737676502761275, -7.795952513294293, 0.0 ], [ 109.737649978252065, -7.7959633135184, 0.0 ], [ 109.737640662110053, -7.795967208216091, 0.0 ], [ 109.73762847384593, -7.795972528869564, 0.0 ], [ 109.737598018389463, -7.795985823768968, 0.0 ], [ 109.737559106648405, -7.796002810537598, 0.0 ], [ 109.737549910074677, -7.79600682517153, 0.0 ], [ 109.737520194705752, -7.796019797107275, 0.0 ], [ 109.73748128306498, -7.796036783971646, 0.0 ], [ 109.737449530979859, -7.796050645010579, 0.0 ], [ 109.737442371126292, -7.796053770539584, 0.0 ], [ 109.737416329757252, -7.796065138782152, 0.0 ], [ 109.737374294651289, -7.796083489313494, 0.0 ], [ 109.737364547853147, -7.796087744270674, 0.0 ], [ 109.737349151151378, -7.796094465532646, 0.0 ], [ 109.737325635859833, -7.796104730780881, 0.0 ], [ 109.737286724096904, -7.796121717517655, 0.0 ], [ 109.737247812060986, -7.796138703977454, 0.0 ], [ 109.737191997313133, -7.796163070012091, 0.0 ], [ 109.737135914189452, -7.796187552397518, 0.0 ], [ 109.737120114949775, -7.796194449581542, 0.0 ], [ 109.737092165130321, -7.79620665102954, 0.0 ], [ 109.737053253183618, -7.796223637572824, 0.0 ], [ 109.737048013609908, -7.796225924901534, 0.0 ], [ 109.737014341417492, -7.796240624297151, 0.0 ], [ 109.736975429359731, -7.796257610728342, 0.0 ], [ 109.736967664782526, -7.796261000306102, 0.0 ], [ 109.736911581634203, -7.796285483457389, 0.0 ], [ 109.736865935470817, -7.796305409675957, 0.0 ], [ 109.736858693993867, -7.796308570822294, 0.0 ], [ 109.736847255111968, -7.796313564389773, 0.0 ], [ 109.736819782276527, -7.796325557587877, 0.0 ], [ 109.736780870311065, -7.796342544102511, 0.0 ], [ 109.736746875476868, -7.796357384451388, 0.0 ], [ 109.736741958606999, -7.796359530879405, 0.0 ], [ 109.73670304652741, -7.796376517278683, 0.0 ], [ 109.736687248992538, -7.796383413581378, 0.0 ], [ 109.736631165816419, -7.796407896690239, 0.0 ], [ 109.736611756388811, -7.796416369597313, 0.0 ], [ 109.736586311108525, -7.796427477286692, 0.0 ], [ 109.736547399297862, -7.796444463945666, 0.0 ], [ 109.736508487310587, -7.796461450431642, 0.0 ], [ 109.736469575600282, -7.79647843719287, 0.0 ], [ 109.736445737624322, -7.796488843323565, 0.0 ], [ 109.736430663567191, -7.796495423628412, 0.0 ], [ 109.735951533924293, -7.796518954896749, 0.0 ], [ 109.735956830050426, -7.796472294400474, 0.0 ], [ 109.735957894601569, -7.796470277292268, 0.0 ], [ 109.73592185735167, -7.796451272469529, 0.0 ], [ 109.735902953131003, -7.796436619014526, 0.0 ], [ 109.735887921751285, -7.796429222405593, 0.0 ], [ 109.735879029338605, -7.796414182762917, 0.0 ], [ 109.735860297467809, -7.796400915570714, 0.0 ], [ 109.735847078675263, -7.796391553083222, 0.0 ], [ 109.735826721601953, -7.79637850888676, 0.0 ], [ 109.735799828498912, -7.796358087220105, 0.0 ], [ 109.735735296900089, -7.796312381578559, 0.0 ], [ 109.735729183465395, -7.796308126942756, 0.0 ], [ 109.735720627429089, -7.796301991664939, 0.0 ], [ 109.735641426381548, -7.796245896098225, 0.0 ], [ 109.735562225605605, -7.796189800520674, 0.0 ], [ 109.735483788068123, -7.796134245669414, 0.0 ], [ 109.735467088510191, -7.796122417873813, 0.0 ], [ 109.735455842656322, -7.796114452743483, 0.0 ], [ 109.735403823871309, -7.796077609330088, 0.0 ], [ 109.735245421976828, -7.79596541809235, 0.0 ], [ 109.735166221315453, -7.795909322456943, 0.0 ], [ 109.735064607181087, -7.795837352169683, 0.0 ], [ 109.735041112754857, -7.795820711716332, 0.0 ], [ 109.735008716443687, -7.795797766218064, 0.0 ], [ 109.734928618957042, -7.795741035479614, 0.0 ], [ 109.734910215237662, -7.795727708656794, 0.0 ], [ 109.734896935001203, -7.795718594644015, 0.0 ], [ 109.734849418129272, -7.795684939797042, 0.0 ], [ 109.734845104684112, -7.795680871854377, 0.0 ], [ 109.734841044296672, -7.79567900883051, 0.0 ], [ 109.734770217579296, -7.795628844103743, 0.0 ], [ 109.734747827709597, -7.795610231171028, 0.0 ], [ 109.734729262921192, -7.795599837063188, 0.0 ], [ 109.734691016799218, -7.795572748398062, 0.0 ], [ 109.734695182883058, -7.795551036428391, 0.0 ], [ 109.734698739735293, -7.795542157511261, 0.0 ], [ 109.734701638520988, -7.795516921064201, 0.0 ], [ 109.734702929239958, -7.795490333950996, 0.0 ], [ 109.734702785781025, -7.795487807036446, 0.0 ], [ 109.734703861453369, -7.795461068635758, 0.0 ], [ 109.734703280565597, -7.795434659519693, 0.0 ], [ 109.734703381253482, -7.795431524485647, 0.0 ], [ 109.734702725275412, -7.795405206170732, 0.0 ], [ 109.734702031739261, -7.795377379643708, 0.0 ], [ 109.734702039501059, -7.795377162414201, 0.0 ], [ 109.734701243023423, -7.795349342671689, 0.0 ], [ 109.734700489003018, -7.795323007282273, 0.0 ], [ 109.734700124624581, -7.795319439306834, 0.0 ], [ 109.734699255623823, -7.79529347766326, 0.0 ], [ 109.734698447674432, -7.795269338736382, 0.0 ], [ 109.734697414182151, -7.795260692988194, 0.0 ], [ 109.73469648947345, -7.795237610328049, 0.0 ], [ 109.734695640892511, -7.795216429026163, 0.0 ], [ 109.734693363862519, -7.79520060235544, 0.0 ], [ 109.734692429009954, -7.795181739125798, 0.0 ], [ 109.734691587337309, -7.795164755316473, 0.0 ], [ 109.734686754461279, -7.795137944183317, 0.0 ], [ 109.734685975968432, -7.795125860775168, 0.0 ], [ 109.734685393551459, -7.795115203333784, 0.0 ], [ 109.734675873206555, -7.79507100002956, 0.0 ], [ 109.734675795778941, -7.795069971288877, 0.0 ], [ 109.73480944958358, -7.793785611861264, 0.0 ], [ 109.734811610449242, -7.793764847493796, 0.0 ], [ 109.734812963558127, -7.793751844639186, 0.0 ], [ 109.734815260780863, -7.793729770141932, 0.0 ], [ 109.734844315978577, -7.793450561536124, 0.0 ], [ 109.734844638419773, -7.793447463097354, 0.0 ], [ 109.734847838498041, -7.79341671149911, 0.0 ], [ 109.73496053520698, -7.792333726992633, 0.0 ], [ 109.734960823216838, -7.792331441802688, 0.0 ], [ 109.734963184992225, -7.792308263162809, 0.0 ], [ 109.73496634613717, -7.79227788526056, 0.0 ], [ 109.734967147958571, -7.792274037777792, 0.0 ], [ 109.73497724855234, -7.792235867856933, 0.0 ], [ 109.734979751715571, -7.792222066205189, 0.0 ], [ 109.734998798179319, -7.792166263991673, 0.0 ], [ 109.735004093987385, -7.792150748521347, 0.0 ], [ 109.735016848343861, -7.792113381771417, 0.0 ], [ 109.735017845013985, -7.792110461777528, 0.0 ], [ 109.735019805168704, -7.792104718966343, 0.0 ], [ 109.735036891481059, -7.792054659560461, 0.0 ], [ 109.735045579198427, -7.792029206583256, 0.0 ], [ 109.735046829096603, -7.792025544649076, 0.0 ], [ 109.735055938178931, -7.791998857342323, 0.0 ], [ 109.735074984749119, -7.791943055121981, 0.0 ], [ 109.735075319155371, -7.791942075403383, 0.0 ], [ 109.735094031194791, -7.791887252899443, 0.0 ], [ 109.735103041097233, -7.791860855962224, 0.0 ], [ 109.735103554502572, -7.791859351787754, 0.0 ], [ 109.735118054145005, -7.791816871450928, 0.0 ], [ 109.735146544026733, -7.791733402048929, 0.0 ], [ 109.73515117097827, -7.791719846222533, 0.0 ], [ 109.735170217521045, -7.79166404399319, 0.0 ], [ 109.735175034037781, -7.791649932789138, 0.0 ], [ 109.735189233988265, -7.791608329857709, 0.0 ], [ 109.735208310585264, -7.791552439528981, 0.0 ], [ 109.735217576150106, -7.791525293690954, 0.0 ], [ 109.735227357237576, -7.791496637294624, 0.0 ], [ 109.73524582909468, -7.791442518315978, 0.0 ], [ 109.735246403628182, -7.791440835057595, 0.0 ], [ 109.735260503914446, -7.79139952490731, 0.0 ], [ 109.735265450392973, -7.791385032819964, 0.0 ], [ 109.735284496765132, -7.791329230579334, 0.0 ], [ 109.735288992118399, -7.791316053870847, 0.0 ], [ 109.735302335035684, -7.791276936899552, 0.0 ], [ 109.735303230253763, -7.791274312369715, 0.0 ], [ 109.735303531777205, -7.791273428302985, 0.0 ], [ 109.735317466421876, -7.791232568899202, 0.0 ], [ 109.735322562457213, -7.791217626011989, 0.0 ], [ 109.735341593140419, -7.791161823719158, 0.0 ], [ 109.735345938577012, -7.791149081779852, 0.0 ], [ 109.735358841244391, -7.79111124833141, 0.0 ], [ 109.735417716211373, -7.790938614531009, 0.0 ], [ 109.735418314896222, -7.790935686307067, 0.0 ], [ 109.735421951650977, -7.790889185959496, 0.0 ], [ 109.735423745773772, -7.790882773429034, 0.0 ], [ 109.735419411939105, -7.790878906287494, 0.0 ], [ 109.735415552669366, -7.790877146841456, 0.0 ], [ 109.735408329740693, -7.790875518950303, 0.0 ], [ 109.735374371611897, -7.790867865610578, 0.0 ], [ 109.735336309715365, -7.790859287222486, 0.0 ], [ 109.73532860026242, -7.790857549646759, 0.0 ], [ 109.735282828840965, -7.790847233752651, 0.0 ], [ 109.735264289523457, -7.790843055311252, 0.0 ], [ 109.735237057519356, -7.79083691776033, 0.0 ], [ 109.735191668202376, -7.790826688083789, 0.0 ], [ 109.735135697097391, -7.790814073195931, 0.0 ], [ 109.735079725995774, -7.790801458663853, 0.0 ], [ 109.735023754899757, -7.790788843762124, 0.0 ], [ 109.734967783807136, -7.790776229216367, 0.0 ], [ 109.734960804155094, -7.790776633172517, 0.0 ], [ 109.734922487808532, -7.790780255350851, 0.0 ], [ 109.734911761054562, -7.790780826970557, 0.0 ], [ 109.734888799317915, -7.790792324311125, 0.0 ], [ 109.734882045633512, -7.790795705985436, 0.0 ], [ 109.734855667793511, -7.79080891390507, 0.0 ], [ 109.734823298511145, -7.790825121951001, 0.0 ], [ 109.734712402243289, -7.790880649906076, 0.0 ], [ 109.734631294681222, -7.790921262285162, 0.0 ], [ 109.734621288544503, -7.790926272549315, 0.0 ], [ 109.734584037378994, -7.790944924756479, 0.0 ], [ 109.734575201387472, -7.790949349105099, 0.0 ], [ 109.734491061432976, -7.790991479823938, 0.0 ], [ 109.734379713958575, -7.791047233570064, 0.0 ], [ 109.734361676393846, -7.791057987798233, 0.0 ], [ 109.734350815949441, -7.791065757908142, 0.0 ], [ 109.734329079292252, -7.791081309495403, 0.0 ], [ 109.734303834815648, -7.791102865991552, 0.0 ], [ 109.734300909892255, -7.791109073577255, 0.0 ], [ 109.734294636905318, -7.791122386586702, 0.0 ], [ 109.734251268314807, -7.791214427109315, 0.0 ], [ 109.734247134433559, -7.79122320047145, 0.0 ], [ 109.734229209212188, -7.791261242705075, 0.0 ], [ 109.734224985052521, -7.791270207663802, 0.0 ], [ 109.73419870178239, -7.791325988215466, 0.0 ], [ 109.734193358941809, -7.791337327353509, 0.0 ], [ 109.734175433709424, -7.791375369583119, 0.0 ], [ 109.734172418504343, -7.79138176876422, 0.0 ], [ 109.734125531974371, -7.791481275197773, 0.0 ], [ 109.734121658173635, -7.791489496448972, 0.0 ], [ 109.73411985192773, -7.791493329853062, 0.0 ], [ 109.734069163591457, -7.791600904707146, 0.0 ], [ 109.734051510166267, -7.791566693378591, 0.0 ], [ 109.734026835396094, -7.791548911003708, 0.0 ], [ 109.734018980307226, -7.791543250107828, 0.0 ], [ 109.734013331446178, -7.791542018212983, 0.0 ], [ 109.733928200421559, -7.791436898149228, 0.0 ], [ 109.733882853876636, -7.791380903582318, 0.0 ], [ 109.733845925397702, -7.791335304141882, 0.0 ], [ 109.733841281087706, -7.791329569348636, 0.0 ], [ 109.733837506953719, -7.791324909011148, 0.0 ], [ 109.733746813139788, -7.791212919859641, 0.0 ], [ 109.73370146664449, -7.79115692528045, 0.0 ], [ 109.733656119765016, -7.791100930697001, 0.0 ], [ 109.733642287877544, -7.791081306647938, 0.0 ], [ 109.7336227412558, -7.791051805803996, 0.0 ], [ 109.733620016522778, -7.79104769350137, 0.0 ], [ 109.733618314474015, -7.791044958650224, 0.0 ], [ 109.733585667804661, -7.790989002019403, 0.0 ], [ 109.733567017072843, -7.79095703415528, 0.0 ], [ 109.73355819197721, -7.790941907650363, 0.0 ], [ 109.733553021517224, -7.790933045388468, 0.0 ], [ 109.733520375237617, -7.79087708875625, 0.0 ], [ 109.733517020719788, -7.790871339049225, 0.0 ], [ 109.733511295128295, -7.79086152519255, 0.0 ], [ 109.73348772896594, -7.790821132122747, 0.0 ], [ 109.733475849471816, -7.79080077044611, 0.0 ], [ 109.733455263911935, -7.790765486085642, 0.0 ], [ 109.733422436072175, -7.790709218850924, 0.0 ], [ 109.73339985130616, -7.790670507894018, 0.0 ], [ 109.733393506897784, -7.79065963335323, 0.0 ], [ 109.733389789824088, -7.790653262213584, 0.0 ], [ 109.733357143583916, -7.790597305575084, 0.0 ], [ 109.733352335687385, -7.790589064744074, 0.0 ], [ 109.733344129430435, -7.790574998923476, 0.0 ], [ 109.733324497348477, -7.790541348935255, 0.0 ], [ 109.733323418497875, -7.790539499773059, 0.0 ], [ 109.733521, -7.789561, 0.0 ], [ 109.733979686760662, -7.787961080340653, 0.0 ], [ 109.733980766494952, -7.787961137690178, 0.0 ], [ 109.734013012257122, -7.787962850183035, 0.0 ], [ 109.734034086808649, -7.787963969532748, 0.0 ], [ 109.734071975239488, -7.787965982196368, 0.0 ], [ 109.73408007869422, -7.787966412605199, 0.0 ], [ 109.7341360783239, -7.787969387362419, 0.0 ], [ 109.7341920779578, -7.787972361357756, 0.0 ], [ 109.734248077591431, -7.787975336100429, 0.0 ], [ 109.734304077229325, -7.787978310081269, 0.0 ], [ 109.734416076506491, -7.787984259530194, 0.0 ], [ 109.73447207615034, -7.78798723348916, 0.0 ], [ 109.734528075793818, -7.787990208195462, 0.0 ], [ 109.734584075441646, -7.787993182139882, 0.0 ], [ 109.734696074738608, -7.787999131516115, 0.0 ], [ 109.734752074392347, -7.788002105438747, 0.0 ], [ 109.734808074045787, -7.788005080108647, 0.0 ], [ 109.734864073703477, -7.788008054016728, 0.0 ], [ 109.734920073360911, -7.788011028672098, 0.0 ], [ 109.734940718405966, -7.788011925381798, 0.0 ], [ 109.734956215692563, -7.788012756201718, 0.0 ], [ 109.734976074126422, -7.788013634651849, 0.0 ], [ 109.734996496818553, -7.787997144218192, 0.0 ], [ 109.735016652722607, -7.787976885530371, 0.0 ], [ 109.735032245787906, -7.787959280230198, 0.0 ], [ 109.735050217283202, -7.787938989415268, 0.0 ], [ 109.735076491866849, -7.787909324424089, 0.0 ], [ 109.735088444725946, -7.787895828978444, 0.0 ], [ 109.735115340972683, -7.787865461835265, 0.0 ], [ 109.73516468592392, -7.787809749978256, 0.0 ], [ 109.735200842547371, -7.787768927402348, 0.0 ], [ 109.735207864504829, -7.787760999213411, 0.0 ], [ 109.735234139065852, -7.787731334211902, 0.0 ], [ 109.735257041433641, -7.787705476119466, 0.0 ], [ 109.735263374094188, -7.787698326235274, 0.0 ], [ 109.73531271900552, -7.787642614354286, 0.0 ], [ 109.735312962723171, -7.787642339184036, 0.0 ], [ 109.735339237048493, -7.787612673946154, 0.0 ], [ 109.735365511590643, -7.787583008933332, 0.0 ], [ 109.735369439151526, -7.78757857448454, 0.0 ], [ 109.735411407099065, -7.787531190563442, 0.0 ], [ 109.735460751967395, -7.787475478658501, 0.0 ], [ 109.735481836800361, -7.787451672808149, 0.0 ], [ 109.735496884021146, -7.787434683598172, 0.0 ], [ 109.735523158540701, -7.787405018568522, 0.0 ], [ 109.735538035600356, -7.787388221473499, 0.0 ], [ 109.735559439981074, -7.787364054819769, 0.0 ], [ 109.735594234380997, -7.787324770805403, 0.0 ], [ 109.735601982014487, -7.787316023407539, 0.0 ], [ 109.735628256307635, -7.787286358157729, 0.0 ], [ 109.735650433146091, -7.787261319582838, 0.0 ], [ 109.735658128783058, -7.787252630951591, 0.0 ], [ 109.735707472743343, -7.787196919004249, 0.0 ], [ 109.735756817534977, -7.787141207051497, 0.0 ], [ 109.735762830621894, -7.787134417951916, 0.0 ], [ 109.735785903077939, -7.787108367705863, 0.0 ], [ 109.735812177555971, -7.787078702654575, 0.0 ], [ 109.735819029335602, -7.787070966565491, 0.0 ], [ 109.735855505385885, -7.787029783116922, 0.0 ], [ 109.735875228030864, -7.78700751555419, 0.0 ], [ 109.735891032690205, -7.786989739305292, 0.0 ], [ 109.735904849691892, -7.786974071138917, 0.0 ], [ 109.735917275097933, -7.786960042079212, 0.0 ], [ 109.735931426709655, -7.786944064279882, 0.0 ], [ 109.735945935151207, -7.786932770520401, 0.0 ], [ 109.735955656646354, -7.786918363514035, 0.0 ], [ 109.73597081714648, -7.786901708376885, 0.0 ], [ 109.735987621370327, -7.78688194771873, 0.0 ], [ 109.736003738160164, -7.786878711900632, 0.0 ], [ 109.736028688659701, -7.786862722144502, 0.0 ], [ 109.736037989238667, -7.786857049896095, 0.0 ], [ 109.736043733157587, -7.786847474173904, 0.0 ], [ 109.736099717878602, -7.786855392182012, 0.0 ], [ 109.736106355632543, -7.786856330837975, 0.0 ], [ 109.736155520295824, -7.786863282171296, 0.0 ], [ 109.736155702609565, -7.786863307955064, 0.0 ], [ 109.736323656802057, -7.786887061909292, 0.0 ], [ 109.736350957771648, -7.786890922568735, 0.0 ], [ 109.736352172078256, -7.786891094304498, 0.0 ], [ 109.736379641543152, -7.786894978635319, 0.0 ], [ 109.736397612600584, -7.78690173770267, 0.0 ], [ 109.736432109558407, -7.786916316622913, 0.0 ], [ 109.73643558188526, -7.786917713529215, 0.0 ], [ 109.736436628746858, -7.786918750166388, 0.0 ], [ 109.736437689477171, -7.786919800494888, 0.0 ], [ 109.736491424668685, -7.786973009782612, 0.0 ], [ 109.736492838471563, -7.786974409776346, 0.0 ], [ 109.736494271006379, -7.786975828262247, 0.0 ], [ 109.736547267466833, -7.787028306030826, 0.0 ], [ 109.736549048211117, -7.787030069381035, 0.0 ], [ 109.736550852550579, -7.787031856024267, 0.0 ], [ 109.736777178874917, -7.787255967019679, 0.0 ], [ 109.736801992523155, -7.787280537243791, 0.0 ], [ 109.736826481677497, -7.787304787194542, 0.0 ], [ 109.736833760494449, -7.787311994755314, 0.0 ], [ 109.736856333518105, -7.787338049559369, 0.0 ], [ 109.736863048220002, -7.78734868217398, 0.0 ], [ 109.736876023637066, -7.787367979821801, 0.0 ], [ 109.736877901943259, -7.78737235956757, 0.0 ], [ 109.736880551550129, -7.787422269954487, 0.0 ], [ 109.736880946772814, -7.787423853626882, 0.0 ], [ 109.736881182866824, -7.787424799632771, 0.0 ], [ 109.736882053559015, -7.787450550671134, 0.0 ], [ 109.736892779400904, -7.787870761967901, 0.0 ], [ 109.736893093368877, -7.787883065481883, 0.0 ], [ 109.736893869106112, -7.787913457296884, 0.0 ], [ 109.73689420513071, -7.787926625351163, 0.0 ], [ 109.736899908652745, -7.788150078885274, 0.0 ], [ 109.736900431300953, -7.788170560352378, 0.0 ], [ 109.736900800931124, -7.78818504883809, 0.0 ], [ 109.736901334097993, -7.788205942267275, 0.0 ], [ 109.736914167148271, -7.788708712713565, 0.0 ], [ 109.736914665226791, -7.788728231207167, 0.0 ], [ 109.7369151070599, -7.788745550040931, 0.0 ], [ 109.736915592566689, -7.788764576094687, 0.0 ], [ 109.73691987017277, -7.788932166241434, 0.0 ], [ 109.73692021053651, -7.788945504536064, 0.0 ], [ 109.73692097732318, -7.788975545900124, 0.0 ], [ 109.736921295884017, -7.788988029623022, 0.0 ], [ 109.736926999425123, -7.789211483150725, 0.0 ], [ 109.736929306469804, -7.789214950528191, 0.0 ], [ 109.736932740623701, -7.789226838352456, 0.0 ], [ 109.736942510954108, -7.789257552507441, 0.0 ], [ 109.736943962196705, -7.789267392835701, 0.0 ], [ 109.736970812905582, -7.789285187082462, 0.0 ], [ 109.736988534009598, -7.789298733036024, 0.0 ], [ 109.737003293674135, -7.789308678842223, 0.0 ], [ 109.737018498376344, -7.789323474095674, 0.0 ], [ 109.737033449479995, -7.789334475537197, 0.0 ], [ 109.737044411559097, -7.789342541684756, 0.0 ], [ 109.737049804689079, -7.789328905363884, 0.0 ], [ 109.737058007686755, -7.789323591833265, 0.0 ], [ 109.737079680476981, -7.789302853366909, 0.0 ], [ 109.73710055457606, -7.789297742503901, 0.0 ], [ 109.737108148551698, -7.789275389005328, 0.0 ], [ 109.73711067588107, -7.78926788964266, 0.0 ], [ 109.737112919634654, -7.78925568995705, 0.0 ], [ 109.737114083366905, -7.789225316909889, 0.0 ], [ 109.737117556733338, -7.789212051010005, 0.0 ], [ 109.737122866566466, -7.789190135961902, 0.0 ], [ 109.737122963159592, -7.789178199522217, 0.0 ], [ 109.737132935827816, -7.789156237699145, 0.0 ], [ 109.737138648136749, -7.789137909818389, 0.0 ], [ 109.737157104870207, -7.78911698333222, 0.0 ], [ 109.737160233361394, -7.789103539867697, 0.0 ], [ 109.737161161131496, -7.789100462664085, 0.0 ], [ 109.737162131498508, -7.789095516492018, 0.0 ], [ 109.737163953969784, -7.789051246252193, 0.0 ], [ 109.737165860959536, -7.78904461753014, 0.0 ], [ 109.737169278405887, -7.789032738388969, 0.0 ], [ 109.737171237086116, -7.789002526923142, 0.0 ], [ 109.737178704300774, -7.788988796659789, 0.0 ], [ 109.73718656323112, -7.788961877209091, 0.0 ], [ 109.737189634721318, -7.788956864643112, 0.0 ], [ 109.737201148601088, -7.788933004394266, 0.0 ], [ 109.737209617366332, -7.788877170487613, 0.0 ], [ 109.737213916900814, -7.788848824776214, 0.0 ], [ 109.737215820280255, -7.78882315143015, 0.0 ], [ 109.73721703933434, -7.788821333461504, 0.0 ], [ 109.737218002554144, -7.788817355598672, 0.0 ], [ 109.737223520818105, -7.788774850913938, 0.0 ], [ 109.737226555176548, -7.788765502673187, 0.0 ], [ 109.737228754402608, -7.788751003578307, 0.0 ], [ 109.737232299449474, -7.788727632053042, 0.0 ], [ 109.737238697034712, -7.788685453800547, 0.0 ], [ 109.737239675086542, -7.788679005566002, 0.0 ], [ 109.737247050761439, -7.788630379117419, 0.0 ], [ 109.737248639590206, -7.78861990408965, 0.0 ], [ 109.737251961852252, -7.78859800094644, 0.0 ], [ 109.737260430597132, -7.788542167035723, 0.0 ], [ 109.737268899575426, -7.788486333125126, 0.0 ], [ 109.73726917766804, -7.788484499667954, 0.0 ], [ 109.737276553226948, -7.788435873110099, 0.0 ], [ 109.737278467131659, -7.788423255054767, 0.0 ], [ 109.737283928941736, -7.788387246717474, 0.0 ], [ 109.737288409774649, -7.788357705236852, 0.0 ], [ 109.737291304545195, -7.788338620207396, 0.0 ], [ 109.73729835230354, -7.788292155527753, 0.0 ], [ 109.737306055831326, -7.78824136727985, 0.0 ], [ 109.737308294880876, -7.788226605762916, 0.0 ], [ 109.737313431504717, -7.788192740849419, 0.0 ], [ 109.737318237362857, -7.788161056087533, 0.0 ], [ 109.737319712659925, -7.788151329645039, 0.0 ], [ 109.737328179743244, -7.788095506504837, 0.0 ], [ 109.737335558310463, -7.788046861356943, 0.0 ], [ 109.737338122397134, -7.788029956649972, 0.0 ], [ 109.737342933874061, -7.787998234823744, 0.0 ], [ 109.737348064868158, -7.787964406971835, 0.0 ], [ 109.73735030953452, -7.787949608390796, 0.0 ], [ 109.737357685142655, -7.787900981908592, 0.0 ], [ 109.737358007422003, -7.787898857202339, 0.0 ], [ 109.737365060779297, -7.787852355455095, 0.0 ], [ 109.737367949918024, -7.78783330748352, 0.0 ], [ 109.737372436351208, -7.787803728939424, 0.0 ], [ 109.737377892515653, -7.787767757660547, 0.0 ], [ 109.737379812035513, -7.787755102536895, 0.0 ], [ 109.737383228901464, -7.787732575261083, 0.0 ], [ 109.737387463252574, -7.787704658300648, 0.0 ], [ 109.737395932179766, -7.787648824379884, 0.0 ], [ 109.737404400866666, -7.787592990457814, 0.0 ], [ 109.737407719873886, -7.787571108586294, 0.0 ], [ 109.737409314314917, -7.787560596492939, 0.0 ], [ 109.737416689927244, -7.787511970032622, 0.0 ], [ 109.737417662352669, -7.787505558859681, 0.0 ], [ 109.737424065502807, -7.787463343536082, 0.0 ], [ 109.737427604892432, -7.78744000906432, 0.0 ], [ 109.737431441147265, -7.787414717110456, 0.0 ], [ 109.737437547293013, -7.787374459403636, 0.0 ], [ 109.737438816664849, -7.787366090557709, 0.0 ], [ 109.737442464019509, -7.787342044283861, 0.0 ], [ 109.737446744960707, -7.787313820839377, 0.0 ], [ 109.737455213627157, -7.78725798691324, 0.0 ], [ 109.737463682527107, -7.787202152987122, 0.0 ], [ 109.737472151186722, -7.787146319059675, 0.0 ], [ 109.737475694527774, -7.787122958107795, 0.0 ], [ 109.737477317151743, -7.787112260448145, 0.0 ], [ 109.737483070135468, -7.787074331659135, 0.0 ], [ 109.737487259566379, -7.787046710744065, 0.0 ], [ 109.737490445653606, -7.787025705122267, 0.0 ], [ 109.737497202132644, -7.786981160884132, 0.0 ], [ 109.737497821308963, -7.786977078727796, 0.0 ], [ 109.737506026264967, -7.786922983344485, 0.0 ], [ 109.737514495141355, -7.786867149414324, 0.0 ], [ 109.737522963780563, -7.786811315482847, 0.0 ], [ 109.737531432653199, -7.78675548155137, 0.0 ], [ 109.737539901285601, -7.786699647618533, 0.0 ], [ 109.737542074515744, -7.786685319661862, 0.0 ], [ 109.737546914227622, -7.786653412235599, 0.0 ], [ 109.737549450131283, -7.786636693241134, 0.0 ], [ 109.737556825595078, -7.786588066667229, 0.0 ], [ 109.737565307636032, -7.786532145817368, 0.0 ], [ 109.73757377625482, -7.786476311881845, 0.0 ], [ 109.737582245107035, -7.786420477946304, 0.0 ], [ 109.737590713718959, -7.786364644009471, 0.0 ], [ 109.737599182564395, -7.78630881007262, 0.0 ], [ 109.737607651169526, -7.786252976134409, 0.0 ], [ 109.737608454294431, -7.786247681174726, 0.0 ], [ 109.737616120008084, -7.786197142196214, 0.0 ], [ 109.737624588606408, -7.786141308256625, 0.0 ], [ 109.737633057438217, -7.786085474317122, 0.0 ], [ 109.737641526029677, -7.786029640376243, 0.0 ], [ 109.73764999485465, -7.78597380643531, 0.0 ], [ 109.737658463439359, -7.785917972493086, 0.0 ], [ 109.73762991364724, -7.785902812224441, 0.0 ], [ 109.73761491670534, -7.785863192547825, 0.0 ], [ 109.737614493241324, -7.785862407105648, 0.0 ], [ 109.737614423453039, -7.785861982217272, 0.0 ], [ 109.737573269061528, -7.78584758382897, 0.0 ], [ 109.737558976399384, -7.785840459812318, 0.0 ], [ 109.737534336501184, -7.785830488641303, 0.0 ], [ 109.737506409069454, -7.785809139801151, 0.0 ], [ 109.737503068628186, -7.785806861023837, 0.0 ], [ 109.7375024117392, -7.785806445932336, 0.0 ], [ 109.737502024943481, -7.785805788400416, 0.0 ], [ 109.737456852637337, -7.785782399662986, 0.0 ], [ 109.737478684557743, -7.785741422757854, 0.0 ], [ 109.737494701604732, -7.785749907441759, 0.0 ], [ 109.737559147574146, -7.785783275440941, 0.0 ], [ 109.737574201457193, -7.785790966560158, 0.0 ], [ 109.737603210330477, -7.78580608967692, 0.0 ], [ 109.737610879837135, -7.785810296534271, 0.0 ], [ 109.737615069909822, -7.785812009428881, 0.0 ], [ 109.737627026587703, -7.785818103606178, 0.0 ], [ 109.737648337631683, -7.785828853799894, 0.0 ], [ 109.737670992539222, -7.785840648091614, 0.0 ], [ 109.737685200324833, -7.785848001051622, 0.0 ], [ 109.737712166279906, -7.785862273220179, 0.0 ], [ 109.737720463956549, -7.785868733606878, 0.0 ], [ 109.737726908992556, -7.785871353087942, 0.0 ], [ 109.737743561338263, -7.785878997489343, 0.0 ], [ 109.737758416511994, -7.785886800371866, 0.0 ], [ 109.737782844806688, -7.785895592124124, 0.0 ], [ 109.737798278004973, -7.785902974613674, 0.0 ], [ 109.737829728541513, -7.785918482359607, 0.0 ], [ 109.737832710274461, -7.78592453138826, 0.0 ], [ 109.737864042950534, -7.785949161101882, 0.0 ], [ 109.737871263471945, -7.785951095627676, 0.0 ], [ 109.737894665098565, -7.785961231820528, 0.0 ], [ 109.737903765037487, -7.785965473554048, 0.0 ], [ 109.737943722337505, -7.785974680849395, 0.0 ], [ 109.737943764855828, -7.785981510663175, 0.0 ], [ 109.737950475250443, -7.78602747093233, 0.0 ], [ 109.737950702446327, -7.786030325678336, 0.0 ], [ 109.737951000323491, -7.786030561674752, 0.0 ], [ 109.737747751306685, -7.787370576368544, 0.0 ], [ 109.737740510658455, -7.787388649816569, 0.0 ], [ 109.737737785613021, -7.787410962006466, 0.0 ], [ 109.737733638727349, -7.787426393500439, 0.0 ], [ 109.737729360686359, -7.787433489412576, 0.0 ], [ 109.737726269823071, -7.787478071573219, 0.0 ], [ 109.737724330029749, -7.787484468555352, 0.0 ], [ 109.737722038934791, -7.787537958924789, 0.0 ], [ 109.737722014900186, -7.787538077194985, 0.0 ], [ 109.737721994987496, -7.787538152225071, 0.0 ], [ 109.737721918598737, -7.787538519345056, 0.0 ], [ 109.737699289357181, -7.787571397974202, 0.0 ], [ 109.737692335480872, -7.787593847969421, 0.0 ], [ 109.737683495715046, -7.787611578561877, 0.0 ], [ 109.737682174840288, -7.78763317282135, 0.0 ], [ 109.737675047015117, -7.787659128375454, 0.0 ], [ 109.737673524596261, -7.787697441481892, 0.0 ], [ 109.737671991788034, -7.787705505692814, 0.0 ], [ 109.737670442971734, -7.787710535552193, 0.0 ], [ 109.737665336175525, -7.787730194294274, 0.0 ], [ 109.737651263109427, -7.787747318735295, 0.0 ], [ 109.737646532238045, -7.787761289027116, 0.0 ], [ 109.737635413114347, -7.787787442792943, 0.0 ], [ 109.737635211761059, -7.787791117429926, 0.0 ], [ 109.737624756101511, -7.787832777000616, 0.0 ], [ 109.737623816675409, -7.787858107289932, 0.0 ], [ 109.737621169761638, -7.787872931797952, 0.0 ], [ 109.737618196348436, -7.787882222015114, 0.0 ], [ 109.737608782469167, -7.787912256559227, 0.0 ], [ 109.737600817256222, -7.78792081192712, 0.0 ], [ 109.737597969033089, -7.787928721853259, 0.0 ], [ 109.737591696495812, -7.787945643848914, 0.0 ], [ 109.737584166026252, -7.787960132113597, 0.0 ], [ 109.737578528648342, -7.787984523105375, 0.0 ], [ 109.73757309455776, -7.788005050503821, 0.0 ], [ 109.737571571961865, -7.788021287993963, 0.0 ], [ 109.737567713971544, -7.788040350045391, 0.0 ], [ 109.737552246423803, -7.788088400425068, 0.0 ], [ 109.737548736405401, -7.788092664759787, 0.0 ], [ 109.737545345876228, -7.788102981159437, 0.0 ], [ 109.737531769361439, -7.788131668096375, 0.0 ], [ 109.737527425004203, -7.788151948347345, 0.0 ], [ 109.737520515879424, -7.788176403883371, 0.0 ], [ 109.737519227248953, -7.788184567776622, 0.0 ], [ 109.737513821987093, -7.788207766978886, 0.0 ], [ 109.737495857981671, -7.7882635726201, 0.0 ], [ 109.737495831512888, -7.788263690860356, 0.0 ], [ 109.73749571187102, -7.788264026513212, 0.0 ], [ 109.73747889825357, -7.788302728102407, 0.0 ], [ 109.737475575601991, -7.788319371354183, 0.0 ], [ 109.737467308477861, -7.788347126496301, 0.0 ], [ 109.737467225502087, -7.788347507479762, 0.0 ], [ 109.737459929950234, -7.788375183897498, 0.0 ], [ 109.737441965930444, -7.788430989533685, 0.0 ], [ 109.737441396951056, -7.788433182279544, 0.0 ], [ 109.737439177260555, -7.788439652588099, 0.0 ], [ 109.737425630296102, -7.788473389991024, 0.0 ], [ 109.737423124739081, -7.788486792555346, 0.0 ], [ 109.73741600351363, -7.788509674076898, 0.0 ], [ 109.737413498156258, -7.788517244235836, 0.0 ], [ 109.737406037873384, -7.788542600801047, 0.0 ], [ 109.737388073823681, -7.788598406432231, 0.0 ], [ 109.73738684829577, -7.788602559263711, 0.0 ], [ 109.737382642592294, -7.788615278669098, 0.0 ], [ 109.737372001009021, -7.788643689389949, 0.0 ], [ 109.737370109793062, -7.788654212061805, 0.0 ], [ 109.737345867166695, -7.78872952215746, 0.0 ], [ 109.737332234829552, -7.788771871258121, 0.0 ], [ 109.737326107866281, -7.788790904759533, 0.0 ], [ 109.737317919884148, -7.788813535499266, 0.0 ], [ 109.737316217619465, -7.788821628940378, 0.0 ], [ 109.737297840481816, -7.788878717740276, 0.0 ], [ 109.737289271506853, -7.788905337374012, 0.0 ], [ 109.737277705410165, -7.788941267622038, 0.0 ], [ 109.737269573082713, -7.788966530784878, 0.0 ], [ 109.737263719007387, -7.788983261496017, 0.0 ], [ 109.737262325393502, -7.78898904580391, 0.0 ], [ 109.737250440680356, -7.789025965793323, 0.0 ], [ 109.737244361318986, -7.789044851421811, 0.0 ], [ 109.737235379273329, -7.789072754230133, 0.0 ], [ 109.737226397219985, -7.789100657037987, 0.0 ], [ 109.737213038241464, -7.789142156790429, 0.0 ], [ 109.737209407017062, -7.789152876055742, 0.0 ], [ 109.737208433115114, -7.789156462652461, 0.0 ], [ 109.737190469032498, -7.789212268265426, 0.0 ], [ 109.737156503342334, -7.789317782854043, 0.0 ], [ 109.737154966477789, -7.789322361677759, 0.0 ], [ 109.737154452994019, -7.789323879224439, 0.0 ], [ 109.737152669900468, -7.789327667576167, 0.0 ], [ 109.737137416796003, -7.78936078052149, 0.0 ], [ 109.737128193769905, -7.789379660114607, 0.0 ], [ 109.737100143634024, -7.789434912659633, 0.0 ], [ 109.73709993053393, -7.78943522342826, 0.0 ], [ 109.737099853971728, -7.789435434801962, 0.0 ], [ 109.737099560894251, -7.789436011825408, 0.0 ], [ 109.737080572484132, -7.7894718279344, 0.0 ], [ 109.737071563249572, -7.789491209632434, 0.0 ], [ 109.73704380231618, -7.789545892451811, 0.0 ], [ 109.737043138176546, -7.789546322980359, 0.0 ], [ 109.737040669691169, -7.789550088417121, 0.0 ], [ 109.737019419214434, -7.78957855216713, 0.0 ], [ 109.737010041379051, -7.789602744560375, 0.0 ], [ 109.73700249425633, -7.789617597817229, 0.0 ], [ 109.73698746299921, -7.789656193350294, 0.0 ], [ 109.736985051786149, -7.78965612424236, 0.0 ], [ 109.73697845782587, -7.789658509567306, 0.0 ], [ 109.736941833697912, -7.78966878985616, 0.0 ], [ 109.736931361600114, -7.78968708195157, 0.0 ], [ 109.7368921817461, -7.789658252433186, 0.0 ], [ 109.73688254302192, -7.789651160006794, 0.0 ], [ 109.736875475974415, -7.789645959907367, 0.0 ], [ 109.736815959426167, -7.789602166119337, 0.0 ], [ 109.736785810065129, -7.789579981416278, 0.0 ], [ 109.736763704757379, -7.789563715795219, 0.0 ], [ 109.736739737127508, -7.789546079794967, 0.0 ], [ 109.736663515071427, -7.789489993460597, 0.0 ], [ 109.736651933586614, -7.789481471501599, 0.0 ], [ 109.736623990800823, -7.789460910503167, 0.0 ], [ 109.7365960480181, -7.789440349445022, 0.0 ], [ 109.736587292815372, -7.789433907114931, 0.0 ], [ 109.736540162461125, -7.789399227343889, 0.0 ], [ 109.736527855714741, -7.789390171726829, 0.0 ], [ 109.73651107058059, -7.789377820758742, 0.0 ], [ 109.73642839138148, -7.789316983166573, 0.0 ], [ 109.736410980238603, -7.78930426058202, 0.0 ], [ 109.736398781097222, -7.789295363528419, 0.0 ], [ 109.736372505544423, -7.789275965959331, 0.0 ], [ 109.736365070962023, -7.789273090541146, 0.0 ], [ 109.736352550689304, -7.789265629899885, 0.0 ], [ 109.736329708445012, -7.789252455700345, 0.0 ], [ 109.73631659878896, -7.789241930763072, 0.0 ], [ 109.736292706669033, -7.789233445990762, 0.0 ], [ 109.736279213756134, -7.789228084695811, 0.0 ], [ 109.736260652545155, -7.789221071336232, 0.0 ], [ 109.736252021371811, -7.789218088061421, 0.0 ], [ 109.736226873939202, -7.789209396046709, 0.0 ], [ 109.736092800177403, -7.789163054362631, 0.0 ], [ 109.736085388217234, -7.789160514767228, 0.0 ], [ 109.73606334109536, -7.789153049267298, 0.0 ], [ 109.736043319911133, -7.789146527927583, 0.0 ], [ 109.736036847040594, -7.789144502427169, 0.0 ], [ 109.736024714909945, -7.789140823353375, 0.0 ], [ 109.736000350155706, -7.789133434765187, 0.0 ], [ 109.735980889164253, -7.789127533185304, 0.0 ], [ 109.735924931294022, -7.789110563755404, 0.0 ], [ 109.735914314161874, -7.789107344088826, 0.0 ], [ 109.735871296051101, -7.789094298867378, 0.0 ], [ 109.735868973428722, -7.789093594529298, 0.0 ], [ 109.735757057716143, -7.789059655636096, 0.0 ], [ 109.73570109986764, -7.789042686393166, 0.0 ], [ 109.735645142025334, -7.789025716929828, 0.0 ], [ 109.735624558288208, -7.789019474856329, 0.0 ], [ 109.735613188096764, -7.789016026800512, 0.0 ], [ 109.735570170049783, -7.789002981509555, 0.0 ], [ 109.735544527039167, -7.788995205159431, 0.0 ], [ 109.735533226356878, -7.78899177819367, 0.0 ], [ 109.735505247443413, -7.788983293456066, 0.0 ], [ 109.735484134128257, -7.788976890750998, 0.0 ], [ 109.735464495723889, -7.788970935367691, 0.0 ], [ 109.735441116066184, -7.788963845470676, 0.0 ], [ 109.735421310710763, -7.788957839434008, 0.0 ], [ 109.735365352896395, -7.788940869937301, 0.0 ], [ 109.7353550801582, -7.788937754694893, 0.0 ], [ 109.735320928503867, -7.788927398172482, 0.0 ], [ 109.735309395087015, -7.788923900644384, 0.0 ], [ 109.735197479486203, -7.788889961617584, 0.0 ], [ 109.735141521693578, -7.788872992307867, 0.0 ], [ 109.735131446489788, -7.788880997975666, 0.0 ], [ 109.735111616705623, -7.788897020348527, 0.0 ], [ 109.735085386344736, -7.788915201375631, 0.0 ], [ 109.735080585491033, -7.788921913000071, 0.0 ], [ 109.735077182232615, -7.788926670787521, 0.0 ], [ 109.735029141697851, -7.788993832036208, 0.0 ], [ 109.735010590747848, -7.789019766448892, 0.0 ], [ 109.734997440210137, -7.789038150977059, 0.0 ], [ 109.734972897029294, -7.78907246253679, 0.0 ], [ 109.734916652337986, -7.789151093214005, 0.0 ], [ 109.734860407625106, -7.789229723695496, 0.0 ], [ 109.734804162889475, -7.789308354350491, 0.0 ], [ 109.734747918132285, -7.78938698480973, 0.0 ], [ 109.734691673352373, -7.789465615439283, 0.0 ], [ 109.734678471621919, -7.789484071511584, 0.0 ], [ 109.734662037747441, -7.789510459373868, 0.0 ], [ 109.734658258860264, -7.789517181979792, 0.0 ], [ 109.734645164273914, -7.789539831150943, 0.0 ], [ 109.734642276341162, -7.789546659243188, 0.0 ], [ 109.734633366371781, -7.789567725467214, 0.0 ], [ 109.734621568442961, -7.789595619782883, 0.0 ], [ 109.734597972704492, -7.789651408412741, 0.0 ], [ 109.734592366230231, -7.789664664049247, 0.0 ], [ 109.734574376958804, -7.789707197040108, 0.0 ], [ 109.734550758559052, -7.789763038917967, 0.0 ], [ 109.734527185321099, -7.789818774287053, 0.0 ], [ 109.734525819395344, -7.789822003803854, 0.0 ], [ 109.734522553955287, -7.78982972445487, 0.0 ], [ 109.734503589553682, -7.789874562907042, 0.0 ], [ 109.734479993657544, -7.789930351524189, 0.0 ], [ 109.734466144717743, -7.789963095223386, 0.0 ], [ 109.734459272502974, -7.789979343538891, 0.0 ], [ 109.734456397875704, -7.789986140139254, 0.0 ], [ 109.734432802086658, -7.790041928751825, 0.0 ], [ 109.73440920616882, -7.790097717361608, 0.0 ], [ 109.734392725553121, -7.790136683254362, 0.0 ], [ 109.73438561036221, -7.790153505969285, 0.0 ], [ 109.734362014551465, -7.790209294574476, 0.0 ], [ 109.734350216587302, -7.790237188876016, 0.0 ], [ 109.734342815286681, -7.790254688008671, 0.0 ], [ 109.734325121442353, -7.790296522298616, 0.0 ], [ 109.734314822786757, -7.790320871777216, 0.0 ], [ 109.734291226954326, -7.79037666037501, 0.0 ], [ 109.734287135464456, -7.790386334023762, 0.0 ], [ 109.734276268251747, -7.79041202770613, 0.0 ], [ 109.734259631496485, -7.79045136263961, 0.0 ], [ 109.734244035143149, -7.790488237562911, 0.0 ], [ 109.734242996828812, -7.790490699670156, 0.0 ], [ 109.734240507353348, -7.790496578454913, 0.0 ], [ 109.734220439289032, -7.790544026153404, 0.0 ], [ 109.734209721156219, -7.79056936738079, 0.0 ], [ 109.734196843399644, -7.790599814741325, 0.0 ], [ 109.734197346241061, -7.790612978300822, 0.0 ], [ 109.734184097908809, -7.790629949289193, 0.0 ], [ 109.734173247437582, -7.790655603326537, 0.0 ], [ 109.734172386854269, -7.790667168995414, 0.0 ], [ 109.734183903807505, -7.790694579013058, 0.0 ], [ 109.734209713719352, -7.790681413684182, 0.0 ], [ 109.734213554874401, -7.790682048599662, 0.0 ], [ 109.73423996567935, -7.790676948905268, 0.0 ], [ 109.734281946977404, -7.790655928025995, 0.0 ], [ 109.734290782172792, -7.790650697255598, 0.0 ], [ 109.734296058949866, -7.790648861874533, 0.0 ], [ 109.734408245471158, -7.790592687787013, 0.0 ], [ 109.734464338721395, -7.790564600898735, 0.0 ], [ 109.734725530786278, -7.790433816446574, 0.0 ], [ 109.734738330530888, -7.790427407344146, 0.0 ], [ 109.734772851482575, -7.790410122051649, 0.0 ], [ 109.734775581577054, -7.79040875504637, 0.0 ], [ 109.734800898087201, -7.790396078544767, 0.0 ], [ 109.734969177681535, -7.790311817169887, 0.0 ], [ 109.734980475499398, -7.790311592493184, 0.0 ], [ 109.735014408438346, -7.790312212597239, 0.0 ], [ 109.7350251860897, -7.790311978173355, 0.0 ], [ 109.735081157125293, -7.790324592886776, 0.0 ], [ 109.735325884756733, -7.790379749504171, 0.0 ], [ 109.735577056427047, -7.790436358135796, 0.0 ], [ 109.735696838812004, -7.790463354511775, 0.0 ], [ 109.735720781970841, -7.7904687508205, 0.0 ], [ 109.735731184944811, -7.790471095419141, 0.0 ], [ 109.735752809901115, -7.790475969233563, 0.0 ], [ 109.735828227367961, -7.790492966626624, 0.0 ], [ 109.736032665414896, -7.790539042418795, 0.0 ], [ 109.736039855890752, -7.790542276119516, 0.0 ], [ 109.736048145678737, -7.790549481760134, 0.0 ], [ 109.736044795296749, -7.790561636774691, 0.0 ], [ 109.73604266893031, -7.790595179884396, 0.0 ], [ 109.736040663019011, -7.790605318551268, 0.0 ], [ 109.735983570935062, -7.790772725578289, 0.0 ], [ 109.735981635326013, -7.790778401257064, 0.0 ], [ 109.735967399345185, -7.790820144870837, 0.0 ], [ 109.735964540423524, -7.790828527917556, 0.0 ], [ 109.735850356057583, -7.791163341912015, 0.0 ], [ 109.735843998107839, -7.791181984914761, 0.0 ], [ 109.735839274280281, -7.791195836236065, 0.0 ], [ 109.735831325419241, -7.791219144238438, 0.0 ], [ 109.735812294728078, -7.791274946562864, 0.0 ], [ 109.735810802104169, -7.79127932329638, 0.0 ], [ 109.735806370177954, -7.791292318692006, 0.0 ], [ 109.735755202446512, -7.791442353524923, 0.0 ], [ 109.735753857322592, -7.791446297008579, 0.0 ], [ 109.735739617458989, -7.791488036760548, 0.0 ], [ 109.735736164668523, -7.791498155821132, 0.0 ], [ 109.735729199080239, -7.791518563546953, 0.0 ], [ 109.735725373313144, -7.791529772220786, 0.0 ], [ 109.735711128421187, -7.791571506936187, 0.0 ], [ 109.735700468218511, -7.791602739001413, 0.0 ], [ 109.735696883460648, -7.791613241585641, 0.0 ], [ 109.735688548478336, -7.791637661488839, 0.0 ], [ 109.735679025273754, -7.791665562621108, 0.0 ], [ 109.735659978666746, -7.791721364883744, 0.0 ], [ 109.735640932246923, -7.791777167145236, 0.0 ], [ 109.735621885627722, -7.791832969404272, 0.0 ], [ 109.735602839195664, -7.791888771662043, 0.0 ], [ 109.735598642628915, -7.791906862949154, 0.0 ], [ 109.735589509734424, -7.791935509875041, 0.0 ], [ 109.73558708995786, -7.791944583758267, 0.0 ], [ 109.735563846585052, -7.792167950777086, 0.0 ], [ 109.735562016710475, -7.792185535389695, 0.0 ], [ 109.735560062443994, -7.792204315677271, 0.0 ], [ 109.735558035649333, -7.792223792530395, 0.0 ], [ 109.735528981247882, -7.79250300129068, 0.0 ], [ 109.735528388484425, -7.792508697543783, 0.0 ], [ 109.735522505501123, -7.7925652322213, 0.0 ], [ 109.735470872440331, -7.7930614187767, 0.0 ], [ 109.735470319616738, -7.793066731198063, 0.0 ], [ 109.735465040425211, -7.793117461335661, 0.0 ], [ 109.735418574077684, -7.793563994473235, 0.0 ], [ 109.735419287479303, -7.793575798265523, 0.0 ], [ 109.735414745041865, -7.79361246097288, 0.0 ], [ 109.735415419899354, -7.793619844146569, 0.0 ], [ 109.735417534562089, -7.793630066357914, 0.0 ], [ 109.735407160281454, -7.793673678713032, 0.0 ], [ 109.73540114129203, -7.793731519697142, 0.0 ], [ 109.735401738436579, -7.793736740001623, 0.0 ], [ 109.735406934380478, -7.793748939685764, 0.0 ], [ 109.735415916697718, -7.793740496754623, 0.0 ], [ 109.735426868203945, -7.793731596504225, 0.0 ], [ 109.735438636015559, -7.793707264377443, 0.0 ], [ 109.735463078655684, -7.793703988797605, 0.0 ], [ 109.735494770890526, -7.79367594012734, 0.0 ], [ 109.735507696981827, -7.793664500049158, 0.0 ], [ 109.735537366639008, -7.793638240989806, 0.0 ], [ 109.735557673317388, -7.793620268810463, 0.0 ], [ 109.735683479428161, -7.793508926144077, 0.0 ], [ 109.735685715945522, -7.793506946737583, 0.0 ], [ 109.735715791912128, -7.793480328043367, 0.0 ], [ 109.735743871146653, -7.793455476808248, 0.0 ], [ 109.735809284819126, -7.793397583427067, 0.0 ], [ 109.735834064853677, -7.793375652109196, 0.0 ], [ 109.735863734470911, -7.793349393020107, 0.0 ], [ 109.735872187161391, -7.793341912049419, 0.0 ], [ 109.735997993109038, -7.793230569261448, 0.0 ], [ 109.736012083577918, -7.793218098619205, 0.0 ], [ 109.736041753173367, -7.793191839513965, 0.0 ], [ 109.73606089540543, -7.793174897847356, 0.0 ], [ 109.736186701255278, -7.793063554986549, 0.0 ], [ 109.736190102171477, -7.793060545031928, 0.0 ], [ 109.736219771745198, -7.793034285910448, 0.0 ], [ 109.736249603499672, -7.793007883535944, 0.0 ], [ 109.736361613480526, -7.792908750396955, 0.0 ], [ 109.736375409092659, -7.792896540601741, 0.0 ], [ 109.736397790142874, -7.792876732164106, 0.0 ], [ 109.73641777179779, -7.792859047511784, 0.0 ], [ 109.736530088389813, -7.792759642884731, 0.0 ], [ 109.736564116705367, -7.792729526107374, 0.0 ], [ 109.73657580840063, -7.792719178314028, 0.0 ], [ 109.736586246668111, -7.792709939970595, 0.0 ], [ 109.736689922038693, -7.792618183051388, 0.0 ], [ 109.736694487348913, -7.792614142541737, 0.0 ], [ 109.736724156860959, -7.792587883374357, 0.0 ], [ 109.736752824152603, -7.792562511503588, 0.0 ], [ 109.736867037857522, -7.79246142759576, 0.0 ], [ 109.736878629509647, -7.792451168375054, 0.0 ], [ 109.736902174891682, -7.79243032935881, 0.0 ], [ 109.736923196057788, -7.792411724626687, 0.0 ], [ 109.737035885757351, -7.79231198939496, 0.0 ], [ 109.737067336734086, -7.792284153589126, 0.0 ], [ 109.737080192779402, -7.792272775233041, 0.0 ], [ 109.737091670577158, -7.792262616824015, 0.0 ], [ 109.737203986857267, -7.792163211961353, 0.0 ], [ 109.737256043808657, -7.792117138693839, 0.0 ], [ 109.737258210539636, -7.792115221009905, 0.0 ], [ 109.737260144979572, -7.792113508930952, 0.0 ], [ 109.737372461181693, -7.792014104013416, 0.0 ], [ 109.737381848882947, -7.792005795370915, 0.0 ], [ 109.737405588699673, -7.791982952676089, 0.0 ], [ 109.737432821175432, -7.791954248457961, 0.0 ], [ 109.737436414205618, -7.79195009884617, 0.0 ], [ 109.737484871341195, -7.791883320030976, 0.0 ], [ 109.73750403933839, -7.791857621968455, 0.0 ], [ 109.737519164579794, -7.791838627161309, 0.0 ], [ 109.73753124780383, -7.791828893663475, 0.0 ], [ 109.737541052577299, -7.791825878177613, 0.0 ], [ 109.737559608921444, -7.791838747675379, 0.0 ], [ 109.737578909440472, -7.791856816419517, 0.0 ], [ 109.737596945601283, -7.791864642013123, 0.0 ], [ 109.737640499384597, -7.79189484783772, 0.0 ], [ 109.737648296537159, -7.791899412930506, 0.0 ], [ 109.737652845533503, -7.791901103285359, 0.0 ], [ 109.737655701133747, -7.791897731008179, 0.0 ], [ 109.73765916058025, -7.791894903438963, 0.0 ], [ 109.737685002454768, -7.791871102459059, 0.0 ], [ 109.737708977715556, -7.791860032460774, 0.0 ], [ 109.737730081389458, -7.79183925559847, 0.0 ], [ 109.737843214178724, -7.79172787435004, 0.0 ], [ 109.737899780744243, -7.791672183711316, 0.0 ], [ 109.737933676852435, -7.791638812352461, 0.0 ], [ 109.73794497259378, -7.791627691459296, 0.0 ], [ 109.737956347101587, -7.791616493061891, 0.0 ], [ 109.738069479768313, -7.791505111732809, 0.0 ], [ 109.738126046274147, -7.791449421053654, 0.0 ], [ 109.73815837575404, -7.791417592013715, 0.0 ], [ 109.738175030210755, -7.791410295863887, 0.0 ], [ 109.738214427587764, -7.791393796673337, 0.0 ], [ 109.738214456136774, -7.791393785252186, 0.0 ], [ 109.738255366470256, -7.79137884406454, 0.0 ], [ 109.738296306009161, -7.791363892113943, 0.0 ], [ 109.738303462420689, -7.791361278463333, 0.0 ], [ 109.738337245589236, -7.791348940201142, 0.0 ], [ 109.738378185089246, -7.791333988209185, 0.0 ], [ 109.738382667358067, -7.791332351195657, 0.0 ], [ 109.73843873775597, -7.791311873287529, 0.0 ], [ 109.738460064293506, -7.791304084416601, 0.0 ], [ 109.738481347835332, -7.791296311197279, 0.0 ], [ 109.738501003801986, -7.791289132427596, 0.0 ], [ 109.738541943395134, -7.791274180518617, 0.0 ], [ 109.738570290513479, -7.791263827547484, 0.0 ], [ 109.738582882908275, -7.791259228524011, 0.0 ], [ 109.738606948924215, -7.791250439131232, 0.0 ], [ 109.738664762085875, -7.791229324690382, 0.0 ], [ 109.738705701570169, -7.791214372662945, 0.0 ], [ 109.738748175836406, -7.791198860185028, 0.0 ], [ 109.738787580628028, -7.791184468692309, 0.0 ], [ 109.738828520204649, -7.791169516755502, 0.0 ], [ 109.73883123041972, -7.791168526933815, 0.0 ], [ 109.738837118446838, -7.791166376501501, 0.0 ], [ 109.738869459775856, -7.791154564807838, 0.0 ], [ 109.738910399279433, -7.79113961279076, 0.0 ], [ 109.73892606105548, -7.791133892793792, 0.0 ], [ 109.738951338830418, -7.791124660814659, 0.0 ], [ 109.7389922782951, -7.791109708756276, 0.0 ], [ 109.738999441495267, -7.791107092602921, 0.0 ], [ 109.739055511844555, -7.791086614603363, 0.0 ], [ 109.739074167241824, -7.791079814678841, 0.0 ], [ 109.739103926180093, -7.791068945198205, 0.0 ], [ 109.739111582144858, -7.791066151492124, 0.0 ], [ 109.739124683659398, -7.791061379829022, 0.0 ], [ 109.739156084304128, -7.791049948802842, 0.0 ], [ 109.739167652315388, -7.791045730290399, 0.0 ], [ 109.739194618101138, -7.791032583144545, 0.0 ], [ 109.739197894361311, -7.791031479088272, 0.0 ], [ 109.739223734738687, -7.791021211684875, 0.0 ], [ 109.739234764804465, -7.791005848209414, 0.0 ], [ 109.739252570777481, -7.79097867397408, 0.0 ], [ 109.739257018320174, -7.790972864157087, 0.0 ], [ 109.739274046959906, -7.790950105912463, 0.0 ], [ 109.739276566428629, -7.790946722300188, 0.0 ], [ 109.739279978152467, -7.790942871764275, 0.0 ], [ 109.739300041166459, -7.790914248008444, 0.0 ], [ 109.73931319170228, -7.790894363201252, 0.0 ], [ 109.739294821774394, -7.790879693123069, 0.0 ], [ 109.739280211007255, -7.790865027269457, 0.0 ], [ 109.739265491057978, -7.790853078308486, 0.0 ], [ 109.73925328676367, -7.790838325790526, 0.0 ], [ 109.739236753706251, -7.790825875239327, 0.0 ], [ 109.739224346676011, -7.790816647536849, 0.0 ], [ 109.739202580102074, -7.790804061620155, 0.0 ], [ 109.739173485845413, -7.790782229173742, 0.0 ], [ 109.739170516572116, -7.790780156100951, 0.0 ], [ 109.73916845145169, -7.790778599145049, 0.0 ], [ 109.739160693607474, -7.790774441620874, 0.0 ], [ 109.739133706430749, -7.790760956326201, 0.0 ], [ 109.739112534826646, -7.790747707884177, 0.0 ], [ 109.739072579143084, -7.790726069740769, 0.0 ], [ 109.7390621424004, -7.790720518229379, 0.0 ], [ 109.739056616390386, -7.790717425053747, 0.0 ], [ 109.739000697963263, -7.790687142129824, 0.0 ], [ 109.738944779544767, -7.790656859287119, 0.0 ], [ 109.738888861135351, -7.79062657635417, 0.0 ], [ 109.738832942734575, -7.790596293499172, 0.0 ], [ 109.738761431664585, -7.790557566238943, 0.0 ], [ 109.738735231686505, -7.790543377486652, 0.0 ], [ 109.738698900980907, -7.790523702417483, 0.0 ], [ 109.738662570307255, -7.790504027319795, 0.0 ], [ 109.738609269221016, -7.790475161758985, 0.0 ], [ 109.738552591332876, -7.790444467544106, 0.0 ], [ 109.738497432517406, -7.790414595894135, 0.0 ], [ 109.738441514178774, -7.790384312999509, 0.0 ], [ 109.738385595849238, -7.790354030008005, 0.0 ], [ 109.73837156558659, -7.790346982803724, 0.0 ], [ 109.738339906703388, -7.79033287477266, 0.0 ], [ 109.738332689591857, -7.790329831115224, 0.0 ], [ 109.738329662603064, -7.790328733305486, 0.0 ], [ 109.738290351805247, -7.790316111407217, 0.0 ], [ 109.738273707420703, -7.790310767244562, 0.0 ], [ 109.738245729831718, -7.790301784208358, 0.0 ], [ 109.738105841908734, -7.790256869008917, 0.0 ], [ 109.738049886749494, -7.790238902992695, 0.0 ], [ 109.738035683407972, -7.79023442930605, 0.0 ], [ 109.737995134154474, -7.790221330353879, 0.0 ], [ 109.737993931566351, -7.790220946921383, 0.0 ], [ 109.737993291665461, -7.790220763090725, 0.0 ], [ 109.737991054776572, -7.790220117688609, 0.0 ], [ 109.737949721887503, -7.790208264756498, 0.0 ], [ 109.737937971011235, -7.790204786912971, 0.0 ], [ 109.737794652676257, -7.790163673593758, 0.0 ], [ 109.737770088419751, -7.790156626901186, 0.0 ], [ 109.737731958276314, -7.790145688548072, 0.0 ], [ 109.737714127566861, -7.790140573483536, 0.0 ], [ 109.737322401744962, -7.790028199857791, 0.0 ], [ 109.737291114061307, -7.790019224379582, 0.0 ], [ 109.737252694572163, -7.790008202988795, 0.0 ], [ 109.737204360975952, -7.789994337576981, 0.0 ], [ 109.73716631007396, -7.789982457747859, 0.0 ], [ 109.737154527631333, -7.789977268869579, 0.0 ], [ 109.73713458116039, -7.789958220554637, 0.0 ], [ 109.737129673475408, -7.789938255877891, 0.0 ], [ 109.737137762412246, -7.789921392634922, 0.0 ], [ 109.737154784001461, -7.789891696594641, 0.0 ], [ 109.737159020153015, -7.789886694074823, 0.0 ], [ 109.737160125289705, -7.789882487488094, 0.0 ], [ 109.737164921055268, -7.78987244933517, 0.0 ], [ 109.737176269029803, -7.789847973404068, 0.0 ], [ 109.737186981703047, -7.789826708381002, 0.0 ], [ 109.737213547366565, -7.789770928404579, 0.0 ], [ 109.737267502915799, -7.789657637891839, 0.0 ], [ 109.737323866264987, -7.789539291494419, 0.0 ], [ 109.737372941286779, -7.789436248484823, 0.0 ], [ 109.737374942579137, -7.789431011648689, 0.0 ], [ 109.737380245091074, -7.789415765921211, 0.0 ], [ 109.737389305754476, -7.789389395772977, 0.0 ], [ 109.737392234008979, -7.78938044682073, 0.0 ], [ 109.737889153050318, -7.787802871873136, 0.0 ], [ 109.737902011521768, -7.787762049761809, 0.0 ], [ 109.737910800743393, -7.787734146352295, 0.0 ], [ 109.737912371918853, -7.787729158301451, 0.0 ], [ 109.737919589954259, -7.787706242942366, 0.0 ], [ 109.737945957618692, -7.78762253271017, 0.0 ], [ 109.73797397195851, -7.787533594758284, 0.0 ], [ 109.737979420665567, -7.787516296554021, 0.0 ], [ 109.737989903692281, -7.78748301564853, 0.0 ], [ 109.738002244898638, -7.787443835588584, 0.0 ], [ 109.738007736755748, -7.787432653404607, 0.0 ], [ 109.738013132643985, -7.787416448690746, 0.0 ], [ 109.738022911266299, -7.787391851661704, 0.0 ], [ 109.738028537658025, -7.787371412343159, 0.0 ], [ 109.738035187351088, -7.787348141917332, 0.0 ], [ 109.738037406850864, -7.787336690408618, 0.0 ], [ 109.738042638980076, -7.787315595161377, 0.0 ], [ 109.738058790733277, -7.787264317625226, 0.0 ], [ 109.738061908653307, -7.787262898731886, 0.0 ], [ 109.738065265940065, -7.787259803357617, 0.0 ], [ 109.738091008827212, -7.787236068674494, 0.0 ], [ 109.738100817031977, -7.787218132824865, 0.0 ], [ 109.738109830072602, -7.787204076851991, 0.0 ], [ 109.738111840022427, -7.787200942313497, 0.0 ], [ 109.738115015196513, -7.787192169245429, 0.0 ], [ 109.738171074777753, -7.787175113455389, 0.0 ], [ 109.738227134356762, -7.787158057258803, 0.0 ], [ 109.738283193931053, -7.787141001452406, 0.0 ], [ 109.738339253503156, -7.787123945239529, 0.0 ], [ 109.738451372634572, -7.787089833582686, 0.0 ], [ 109.738507432196272, -7.787072777345307, 0.0 ], [ 109.738563491753311, -7.787055721498135, 0.0 ], [ 109.738620049096028, -7.787038513794153, 0.0 ], [ 109.738675610858294, -7.787021609380931, 0.0 ], [ 109.738731670406167, -7.787004553107761, 0.0 ], [ 109.738787729949422, -7.786987497227933, 0.0 ], [ 109.738843789490389, -7.78697044094166, 0.0 ], [ 109.738899849026723, -7.786953385045555, 0.0 ], [ 109.738955908560825, -7.786936328742905, 0.0 ], [ 109.739011968090239, -7.786919272830474, 0.0 ], [ 109.739068027617392, -7.786902216508378, 0.0 ], [ 109.739124087139913, -7.786885160579674, 0.0 ], [ 109.739180146660189, -7.786868104244401, 0.0 ], [ 109.739292265687951, -7.78683399234615, 0.0 ], [ 109.73934846991537, -7.786816891956424, 0.0 ], [ 109.739404384703121, -7.786799880013771, 0.0 ], [ 109.739460444206102, -7.786782823637764, 0.0 ], [ 109.739516503704436, -7.786765767651943, 0.0 ], [ 109.739572563200525, -7.786748711259608, 0.0 ], [ 109.739628622691939, -7.786731655257546, 0.0 ], [ 109.739684682181107, -7.786714598845704, 0.0 ], [ 109.739740741665656, -7.786697542827266, 0.0 ], [ 109.739796801147889, -7.786680486402314, 0.0 ], [ 109.73985286062549, -7.786663430367584, 0.0 ], [ 109.739908920100874, -7.786646373926396, 0.0 ], [ 109.739932906086395, -7.786618888570277, 0.0 ], [ 109.739934795990138, -7.786595054050665, 0.0 ], [ 109.73991314239511, -7.786590943843694, 0.0 ], [ 109.739909088430181, -7.786590041132932, 0.0 ], [ 109.73990262226954, -7.786588504921213, 0.0 ], [ 109.739861107756141, -7.78658683815264, 0.0 ], [ 109.739834455627488, -7.786576139723947, 0.0 ], [ 109.739817121309343, -7.786574753423302, 0.0 ], [ 109.73979719594368, -7.786548376423997, 0.0 ], [ 109.73979224199104, -7.786543725743673, 0.0 ], [ 109.739791585261855, -7.786538769185041, 0.0 ], [ 109.739751563301724, -7.786528361679795, 0.0 ], [ 109.739741257654728, -7.786524885705109, 0.0 ], [ 109.739723804605859, -7.786521150044881, 0.0 ], [ 109.739703393943088, -7.786520423919833, 0.0 ], [ 109.739685280798156, -7.786514302246419, 0.0 ], [ 109.739661499701398, -7.786506264961616, 0.0 ], [ 109.739634817230666, -7.786482443973783, 0.0 ], [ 109.739629373312198, -7.786480509432978, 0.0 ], [ 109.739626449339369, -7.786479499910995, 0.0 ], [ 109.739588950328979, -7.786466804517434, 0.0 ], [ 109.739573422148112, -7.786461333540393, 0.0 ], [ 109.739547459920288, -7.786456276162333, 0.0 ], [ 109.739543521169566, -7.786456150100324, 0.0 ], [ 109.739517451916299, -7.786448539009257, 0.0 ], [ 109.73950012488082, -7.786443480280102, 0.0 ], [ 109.739476299805872, -7.786426113509664, 0.0 ], [ 109.739424026942388, -7.78640753791002, 0.0 ], [ 109.739405577134846, -7.786400981606102, 0.0 ], [ 109.739380227548921, -7.786395267729583, 0.0 ], [ 109.739371361734314, -7.786391649466538, 0.0 ], [ 109.739349616310221, -7.78638504564325, 0.0 ], [ 109.739337503088365, -7.786381931856318, 0.0 ], [ 109.739317782428671, -7.786369782992945, 0.0 ], [ 109.739293679083985, -7.786361217661375, 0.0 ], [ 109.739238523759028, -7.786341617714845, 0.0 ], [ 109.739237730068098, -7.786341335667861, 0.0 ], [ 109.739215875149824, -7.78633543503844, 0.0 ], [ 109.739195927915262, -7.786327689200248, 0.0 ], [ 109.739181776169772, -7.786323088841901, 0.0 ], [ 109.739173962597278, -7.78632129423142, 0.0 ], [ 109.739159265105258, -7.786313452423553, 0.0 ], [ 109.73910759500437, -7.786295090983611, 0.0 ], [ 109.739080006379908, -7.786285287118862, 0.0 ], [ 109.739069883058065, -7.786281689703014, 0.0 ], [ 109.73905128433131, -7.786275838718741, 0.0 ], [ 109.739021610047359, -7.786264848441828, 0.0 ], [ 109.73901393283306, -7.78626222050452, 0.0 ], [ 109.739009725730369, -7.786261346997712, 0.0 ], [ 109.739000747742097, -7.786257121801267, 0.0 ], [ 109.738846087133297, -7.786202161613748, 0.0 ], [ 109.738844944814417, -7.78620193913955, 0.0 ], [ 109.738842230516923, -7.786200791126558, 0.0 ], [ 109.738525196221815, -7.786088129619213, 0.0 ], [ 109.73851515899365, -7.786083345473814, 0.0 ], [ 109.738496472132795, -7.786074133884905, 0.0 ], [ 109.738477566215209, -7.786064922028959, 0.0 ], [ 109.738440324421376, -7.786046150617163, 0.0 ], [ 109.738413054214533, -7.786031936779247, 0.0 ], [ 109.738398556406096, -7.786022774281173, 0.0 ], [ 109.73834265370769, -7.785987444267566, 0.0 ], [ 109.738324250149518, -7.785975813361802, 0.0 ], [ 109.738300241401589, -7.785962257209452, 0.0 ], [ 109.738265199834217, -7.785941304496964, 0.0 ], [ 109.738231016601901, -7.785919676747572, 0.0 ], [ 109.738192207148288, -7.785902283605985, 0.0 ], [ 109.738174906550611, -7.785894530044696, 0.0 ], [ 109.738153303354579, -7.785885159912254, 0.0 ], [ 109.738130062820815, -7.78587459254347, 0.0 ], [ 109.738118972653254, -7.785869640151881, 0.0 ], [ 109.738114701355642, -7.785867737021682, 0.0 ], [ 109.738105544483801, -7.785863444169899, 0.0 ], [ 109.738063039826557, -7.78584439495841, 0.0 ], [ 109.738028851334988, -7.785829072763867, 0.0 ], [ 109.738007106475962, -7.785819327404178, 0.0 ], [ 109.737951173132913, -7.785794259856551, 0.0 ], [ 109.737917336287978, -7.785779095243084, 0.0 ], [ 109.737882709279745, -7.785763576491624, 0.0 ], [ 109.737827004930509, -7.785738611544184, 0.0 ], [ 109.737726081799593, -7.78569338093905, 0.0 ], [ 109.737559639944607, -7.785618786767628, 0.0 ], [ 109.73754703342253, -7.785613136908127, 0.0 ], [ 109.737585980451399, -7.785540036119801, 0.0 ], [ 109.737618856295924, -7.785554770060208, 0.0 ], [ 109.737674803535995, -7.785579843883599, 0.0 ], [ 109.737713490702262, -7.785597182327629, 0.0 ], [ 109.737727710499698, -7.78560355520501, 0.0 ], [ 109.73780706430216, -7.785639119094668, 0.0 ], [ 109.737951443751385, -7.785703825467822, 0.0 ], [ 109.73817517712456, -7.785804095674504, 0.0 ], [ 109.738203143804768, -7.785816629435512, 0.0 ], [ 109.73823111048695, -7.785829163185214, 0.0 ], [ 109.738308952695931, -7.785864049502075, 0.0 ], [ 109.738370344813617, -7.785891563449332, 0.0 ], [ 109.738409860838402, -7.785909273245765, 0.0 ], [ 109.738434424851022, -7.785920282023909, 0.0 ], [ 109.738447531382945, -7.785927619578964, 0.0 ], [ 109.738454837844898, -7.785931494974462, 0.0 ], [ 109.738478491059155, -7.78594404076641, 0.0 ], [ 109.73848409574471, -7.785947062588313, 0.0 ], [ 109.738510758892772, -7.785960692164713, 0.0 ], [ 109.738521160686048, -7.785966009322119, 0.0 ], [ 109.738542751329447, -7.785976463502377, 0.0 ], [ 109.738631555346885, -7.78603258687847, 0.0 ], [ 109.738663376370809, -7.786047788386494, 0.0 ], [ 109.738701684392808, -7.786065502730158, 0.0 ], [ 109.738718925599031, -7.786073217030679, 0.0 ], [ 109.738740307597823, -7.786082904599981, 0.0 ], [ 109.738753774586257, -7.786088809642486, 0.0 ], [ 109.739069749800052, -7.786201094603506, 0.0 ], [ 109.739235715511796, -7.786260072066481, 0.0 ], [ 109.739318422075485, -7.786289462591384, 0.0 ], [ 109.739442481951599, -7.786333548340551, 0.0 ], [ 109.73946176667873, -7.786340401339217, 0.0 ], [ 109.739573664747326, -7.786380165247742, 0.0 ], [ 109.739629613791251, -7.786400047132248, 0.0 ], [ 109.739713537368743, -7.786429870038975, 0.0 ], [ 109.739741511897762, -7.786439811001312, 0.0 ], [ 109.739797460960446, -7.786459692927726, 0.0 ], [ 109.739815821029808, -7.786464656099336, 0.0 ], [ 109.739847139548317, -7.786476813115703, 0.0 ], [ 109.739853412186264, -7.786478853069849, 0.0 ], [ 109.739857029535045, -7.786479494890839, 0.0 ], [ 109.739871904311087, -7.786483148722307, 0.0 ], [ 109.739902943499402, -7.786489668651038, 0.0 ], [ 109.739909382063416, -7.786491773348041, 0.0 ], [ 109.739919759684142, -7.786493646497909, 0.0 ], [ 109.739951040065222, -7.786497678563854, 0.0 ], [ 109.739965364160213, -7.786500605480486, 0.0 ], [ 109.739985261897374, -7.786503338479861, 0.0 ], [ 109.739999530226754, -7.786505298257777, 0.0 ], [ 109.740045365643027, -7.786511593859403, 0.0 ], [ 109.740077335190549, -7.786515984942871, 0.0 ], [ 109.740098173453049, -7.786518889023589, 0.0 ], [ 109.740114704172555, -7.786521155095077, 0.0 ], [ 109.740133320517387, -7.786523739331055, 0.0 ], [ 109.740147310000395, -7.786525867878562, 0.0 ], [ 109.74017957862776, -7.786530217206296, 0.0 ], [ 109.740189305368915, -7.786531653870514, 0.0 ], [ 109.740196517321507, -7.786532776564038, 0.0 ], [ 109.740245130775676, -7.786539959231619, 0.0 ], [ 109.740245288983601, -7.786539983530067, 0.0 ], [ 109.740246140332729, -7.786540120088582, 0.0 ], [ 109.740293648896369, -7.786547865969295, 0.0 ], [ 109.74030127061414, -7.786548978547352, 0.0 ], [ 109.740311609314773, -7.786550630682457, 0.0 ], [ 109.740342098801491, -7.7865555255559, 0.0 ], [ 109.740357252339763, -7.786557942909462, 0.0 ], [ 109.74041323402291, -7.786566922669567, 0.0 ], [ 109.740469215709865, -7.786575902341712, 0.0 ], [ 109.740525197400103, -7.786584882087818, 0.0 ], [ 109.740553188246665, -7.786589371919319, 0.0 ], [ 109.740637160791678, -7.786602841400295, 0.0 ], [ 109.740693142492518, -7.786611821125314, 0.0 ], [ 109.740749124197222, -7.786620800762377, 0.0 ], [ 109.740776882159324, -7.786625253242107, 0.0 ], [ 109.740825637163283, -7.786633073709334, 0.0 ], [ 109.740833096760625, -7.786634270261498, 0.0 ] ], [ [ 109.734545402210316, -7.7891278339472, 0.0 ], [ 109.734524677053557, -7.789122499663474, 0.0 ], [ 109.734496660775491, -7.789126469282363, 0.0 ], [ 109.734412611939831, -7.789138378127559, 0.0 ], [ 109.734404075491668, -7.789139587682862, 0.0 ], [ 109.73435850157567, -7.789146045367728, 0.0 ], [ 109.734355144409619, -7.789146521056874, 0.0 ], [ 109.734345256612713, -7.789147922056191, 0.0 ], [ 109.734244514260993, -7.789162196157506, 0.0 ], [ 109.734227412010711, -7.789164619418695, 0.0 ], [ 109.734208350289279, -7.789167320266487, 0.0 ], [ 109.734161867016866, -7.789173906638134, 0.0 ], [ 109.734159419092521, -7.789174253503183, 0.0 ], [ 109.734132449136695, -7.78917807493591, 0.0 ], [ 109.734020384009781, -7.789193953291564, 0.0 ], [ 109.734012625003956, -7.789195052680769, 0.0 ], [ 109.733965232221394, -7.789201768045565, 0.0 ], [ 109.733963693919321, -7.789201986010727, 0.0 ], [ 109.733908318877951, -7.789209832007947, 0.0 ], [ 109.733898320951667, -7.789212409703616, 0.0 ], [ 109.733867361183627, -7.789217387165039, 0.0 ], [ 109.733852272189623, -7.789222472875021, 0.0 ], [ 109.733828095977074, -7.789234018454549, 0.0 ], [ 109.733806031719411, -7.789258029567448, 0.0 ], [ 109.733907336336998, -7.789536971132626, 0.0 ], [ 109.733962885724779, -7.789689924045314, 0.0 ], [ 109.734018435139717, -7.789842878753395, 0.0 ], [ 109.734026484830565, -7.789865043354786, 0.0 ], [ 109.734029427724934, -7.789873146707034, 0.0 ], [ 109.73407398458717, -7.789995833459579, 0.0 ], [ 109.734082157448086, -7.789993165383222, 0.0 ], [ 109.734111517344203, -7.790003513736576, 0.0 ], [ 109.734129976092561, -7.790001602483884, 0.0 ], [ 109.734136919464774, -7.789985185948404, 0.0 ], [ 109.734141808278821, -7.789973484218915, 0.0 ], [ 109.734151333570054, -7.78995051729942, 0.0 ], [ 109.734160248570831, -7.789929396561229, 0.0 ], [ 109.734165980308674, -7.78990918576665, 0.0 ], [ 109.734181100604957, -7.789878838707956, 0.0 ], [ 109.734183173624871, -7.789873605964796, 0.0 ], [ 109.73418407983543, -7.789871318476877, 0.0 ], [ 109.734186385436445, -7.789868231774979, 0.0 ], [ 109.734231302746622, -7.789762031571796, 0.0 ], [ 109.734234692073812, -7.789754018058075, 0.0 ], [ 109.734251328908186, -7.78971468324043, 0.0 ], [ 109.734254898732146, -7.789706242972088, 0.0 ], [ 109.73428460229276, -7.789636013315651, 0.0 ], [ 109.734301238976542, -7.789596678348175, 0.0 ], [ 109.734304165665421, -7.789589758688798, 0.0 ], [ 109.734317875793437, -7.789557343519143, 0.0 ], [ 109.734325686155969, -7.789538877156616, 0.0 ], [ 109.734355613222007, -7.789468118987565, 0.0 ], [ 109.73436809275789, -7.789439646570022, 0.0 ], [ 109.734374176872805, -7.789427303813651, 0.0 ], [ 109.734389802576118, -7.789405401584705, 0.0 ], [ 109.734411903113312, -7.789374481129038, 0.0 ], [ 109.734453861102324, -7.789315823608375, 0.0 ], [ 109.734459787616132, -7.789307538331273, 0.0 ], [ 109.734483119375284, -7.78927492067293, 0.0 ], [ 109.734493732440924, -7.78926008358472, 0.0 ], [ 109.734504860617562, -7.789240707224075, 0.0 ], [ 109.734524392712459, -7.789217220308074, 0.0 ], [ 109.734533603503493, -7.789204343554672, 0.0 ], [ 109.7345405187572, -7.789188367627227, 0.0 ], [ 109.734544648484814, -7.789168573457997, 0.0 ], [ 109.7345643421896, -7.789148576251937, 0.0 ], [ 109.734545402210316, -7.7891278339472, 0.0 ] ] ], [ [ [ 109.735993289459444, -7.784990789750656, 0.0 ], [ 109.73602013064729, -7.784992570553269, 0.0 ], [ 109.736022348026651, -7.784992479372108, 0.0 ], [ 109.736049288186877, -7.784993952620143, 0.0 ], [ 109.736071447817281, -7.784997387667722, 0.0 ], [ 109.736076644739356, -7.785019514070322, 0.0 ], [ 109.736088335221524, -7.785036338269153, 0.0 ], [ 109.736105149488466, -7.785042977936548, 0.0 ], [ 109.73613061469166, -7.785045078629287, 0.0 ], [ 109.7361349243983, -7.78504584269163, 0.0 ], [ 109.736161143807237, -7.785047615476469, 0.0 ], [ 109.736184084311148, -7.785052798498886, 0.0 ], [ 109.736192423282205, -7.785075718278256, 0.0 ], [ 109.736202060117606, -7.785090670073358, 0.0 ], [ 109.736217004282224, -7.785096923820171, 0.0 ], [ 109.736243323856897, -7.785102135062075, 0.0 ], [ 109.736246096298842, -7.785102705521569, 0.0 ], [ 109.73627297953621, -7.785107927985294, 0.0 ], [ 109.73629270686115, -7.785112188741592, 0.0 ], [ 109.736301107985852, -7.785131901318525, 0.0 ], [ 109.736314176424344, -7.785146596628508, 0.0 ], [ 109.736328856685461, -7.785151678328523, 0.0 ], [ 109.736355960344866, -7.785159118521217, 0.0 ], [ 109.736357392639349, -7.785159444990049, 0.0 ], [ 109.736384816041635, -7.785167993114492, 0.0 ], [ 109.736401491225308, -7.785171418571393, 0.0 ], [ 109.736409616317019, -7.785188083809691, 0.0 ], [ 109.736426204362587, -7.785202610802176, 0.0 ], [ 109.736440707807319, -7.785206871465459, 0.0 ], [ 109.736468461807007, -7.785215966445631, 0.0 ], [ 109.736468820187412, -7.785216054390768, 0.0 ], [ 109.736496653677619, -7.78522769257529, 0.0 ], [ 109.736510518043517, -7.785230408045032, 0.0 ], [ 109.736518124720874, -7.785244266277758, 0.0 ], [ 109.736538194353884, -7.785258662604256, 0.0 ], [ 109.736552558169706, -7.785262329070146, 0.0 ], [ 109.736580378458598, -7.785272534198269, 0.0 ], [ 109.736581133954246, -7.785272985560494, 0.0 ], [ 109.736608492295744, -7.785287075840385, 0.0 ], [ 109.736619759607379, -7.78528918463226, 0.0 ], [ 109.736626633116401, -7.785300448722404, 0.0 ], [ 109.736649514434717, -7.785315378564751, 0.0 ], [ 109.736664401922638, -7.785320004277011, 0.0 ], [ 109.736690792306746, -7.785330148592559, 0.0 ], [ 109.736698591245627, -7.785334805621087, 0.0 ], [ 109.73672033177337, -7.785346183788185, 0.0 ], [ 109.736729192341031, -7.785347771699171, 0.0 ], [ 109.73673514158466, -7.785356631143857, 0.0 ], [ 109.736760816449817, -7.785372112439467, 0.0 ], [ 109.736776245009395, -7.785377913251812, 0.0 ], [ 109.736801105701787, -7.785387862584924, 0.0 ], [ 109.736816049712431, -7.785396626794627, 0.0 ], [ 109.736832172007794, -7.785405050616093, 0.0 ], [ 109.736838795928861, -7.785406189399303, 0.0 ], [ 109.736843650044577, -7.785412813541969, 0.0 ], [ 109.736872168075806, -7.78542879714193, 0.0 ], [ 109.736888088130314, -7.785435822224484, 0.0 ], [ 109.73691145346568, -7.78544554251606, 0.0 ], [ 109.736933044771689, -7.78545798295727, 0.0 ], [ 109.736944012913028, -7.78546370499349, 0.0 ], [ 109.736948552903044, -7.785464455035154, 0.0 ], [ 109.736951479170756, -7.785468140292039, 0.0 ], [ 109.736932632691151, -7.785515506053472, 0.0 ], [ 109.736896324824897, -7.785516233798935, 0.0 ], [ 109.736887861553569, -7.785511477842226, 0.0 ], [ 109.736866284542344, -7.785503054537986, 0.0 ], [ 109.736852601667934, -7.78550388800563, 0.0 ], [ 109.73684346531094, -7.785480159713082, 0.0 ], [ 109.736835349359239, -7.785468647953986, 0.0 ], [ 109.736832933523701, -7.785467694152754, 0.0 ], [ 109.736831985870225, -7.785467200857336, 0.0 ], [ 109.736829945233936, -7.785466594840666, 0.0 ], [ 109.736776506939293, -7.785467942496985, 0.0 ], [ 109.736775976625111, -7.785467521369503, 0.0 ], [ 109.736774531877543, -7.78546702438769, 0.0 ], [ 109.736757704846113, -7.785468416641011, 0.0 ], [ 109.736727374159301, -7.785475736919543, 0.0 ], [ 109.736719938358092, -7.785477531589977, 0.0 ], [ 109.736607840748064, -7.785504586342308, 0.0 ], [ 109.736592334144291, -7.785508328939326, 0.0 ], [ 109.736559167477452, -7.785516333664068, 0.0 ], [ 109.736547320762369, -7.78551919289665, 0.0 ], [ 109.736529083591691, -7.785523594599652, 0.0 ], [ 109.736495743126341, -7.785531641658504, 0.0 ], [ 109.73632759667791, -7.785572223680621, 0.0 ], [ 109.736315231649201, -7.785566467144956, 0.0 ], [ 109.736296735776364, -7.785553736151257, 0.0 ], [ 109.736271658379124, -7.785548865270417, 0.0 ], [ 109.736255906377835, -7.785538521466997, 0.0 ], [ 109.736229416601532, -7.785522701552093, 0.0 ], [ 109.736221951314548, -7.785516491610426, 0.0 ], [ 109.736215752101316, -7.785514822959292, 0.0 ], [ 109.736186510952564, -7.78549593426916, 0.0 ], [ 109.736152497228986, -7.785473962573465, 0.0 ], [ 109.736118483437295, -7.785451990946612, 0.0 ], [ 109.736103951963969, -7.785442604110254, 0.0 ], [ 109.736054192383662, -7.785410461015571, 0.0 ], [ 109.736048051911268, -7.785406494480942, 0.0 ], [ 109.736036970259747, -7.785399336139351, 0.0 ], [ 109.736016442294485, -7.785386075839821, 0.0 ], [ 109.735992151868274, -7.785370385043348, 0.0 ], [ 109.735967317650932, -7.785354342923525, 0.0 ], [ 109.735936251835909, -7.785334275467031, 0.0 ], [ 109.735914401173375, -7.785320160726268, 0.0 ], [ 109.735880442942985, -7.785298224817319, 0.0 ], [ 109.735846373731405, -7.785276217352629, 0.0 ], [ 109.735824451801378, -7.785262056510475, 0.0 ], [ 109.735793568259837, -7.785242106696825, 0.0 ], [ 109.73576855179985, -7.785225946900256, 0.0 ], [ 109.735744332673562, -7.78521030219992, 0.0 ], [ 109.735723404650216, -7.785196783364571, 0.0 ], [ 109.735710319005634, -7.785188330469335, 0.0 ], [ 109.735676305263354, -7.785166358810891, 0.0 ], [ 109.735656751826866, -7.785153727924534, 0.0 ], [ 109.735619818967919, -7.785129870413141, 0.0 ], [ 109.735600851856177, -7.78511761828049, 0.0 ], [ 109.735574264268777, -7.785100443622212, 0.0 ], [ 109.73554495189542, -7.78508150876007, 0.0 ], [ 109.735532944359107, -7.785073752249921, 0.0 ], [ 109.735520969238181, -7.785066016710368, 0.0 ], [ 109.73596303417041, -7.784971155437018, 0.0 ], [ 109.735972979300783, -7.784983623460302, 0.0 ], [ 109.735993289459444, -7.784990789750656, 0.0 ] ] ], [ [ [ 109.736096681058683, -7.784967397884799, 0.0 ], [ 109.736354630405685, -7.785007026708813, 0.0 ], [ 109.736706310330135, -7.785118444283791, 0.0 ], [ 109.736686685628385, -7.785133050230769, 0.0 ], [ 109.736713235115531, -7.785140820549565, 0.0 ], [ 109.736720936807274, -7.785144179346603, 0.0 ], [ 109.736735481337362, -7.785147711965916, 0.0 ], [ 109.736765123616294, -7.785145071208329, 0.0 ], [ 109.736799739316183, -7.785166446075175, 0.0 ], [ 109.736803289353489, -7.785189256747641, 0.0 ], [ 109.736804812122045, -7.785189939209255, 0.0 ], [ 109.736832778709143, -7.78520247305771, 0.0 ], [ 109.736853390913438, -7.785209985766516, 0.0 ], [ 109.736864685196494, -7.785213444472085, 0.0 ], [ 109.736888722626503, -7.785223955305185, 0.0 ], [ 109.736906080214837, -7.785228098341431, 0.0 ], [ 109.736928761049654, -7.785245489652651, 0.0 ], [ 109.736944645076548, -7.785252608416084, 0.0 ], [ 109.73695742135024, -7.785258334383027, 0.0 ], [ 109.736972611673167, -7.785265142250124, 0.0 ], [ 109.737000578271577, -7.785277676102051, 0.0 ], [ 109.737018049224631, -7.785284170917751, 0.0 ], [ 109.737023606548604, -7.785286866616671, 0.0 ], [ 109.736992646432242, -7.785364676958229, 0.0 ], [ 109.736972340860362, -7.785355576577274, 0.0 ], [ 109.736954217051462, -7.785347454005767, 0.0 ], [ 109.736944374258215, -7.785343042739073, 0.0 ], [ 109.736913560942043, -7.785329233088025, 0.0 ], [ 109.73687684278427, -7.785312777060813, 0.0 ], [ 109.736804541275845, -7.785280373559938, 0.0 ], [ 109.736760781427932, -7.785260761602908, 0.0 ], [ 109.736716851574371, -7.78524107345997, 0.0 ], [ 109.736608775180443, -7.785192636608983, 0.0 ], [ 109.736604937079974, -7.785192494114425, 0.0 ], [ 109.736599881588404, -7.785188650745446, 0.0 ], [ 109.736537145782563, -7.785160534253143, 0.0 ], [ 109.736496908882046, -7.785142501157755, 0.0 ], [ 109.736487451546395, -7.785141890595553, 0.0 ], [ 109.736474409967499, -7.785132417752753, 0.0 ], [ 109.736414083003922, -7.785105380826519, 0.0 ], [ 109.736385042613975, -7.785092365713529, 0.0 ], [ 109.736370250659689, -7.785091004884287, 0.0 ], [ 109.736348938356784, -7.785076184727997, 0.0 ], [ 109.736335706914574, -7.785069558680531, 0.0 ], [ 109.736329109491379, -7.785067297952807, 0.0 ], [ 109.736296536317312, -7.785052699524019, 0.0 ], [ 109.736273176376372, -7.785042230208377, 0.0 ], [ 109.736253313438567, -7.785039857777138, 0.0 ], [ 109.736223466762482, -7.785019951671312, 0.0 ], [ 109.736220104503303, -7.78501708825297, 0.0 ], [ 109.736217245687712, -7.785016355203553, 0.0 ], [ 109.736210960164144, -7.785013637484196, 0.0 ], [ 109.736182104106149, -7.78499906896726, 0.0 ], [ 109.736161310169166, -7.784992094697213, 0.0 ], [ 109.736136620846068, -7.784988468149429, 0.0 ], [ 109.736118389467791, -7.784976786289661, 0.0 ], [ 109.736105362112809, -7.784972020803685, 0.0 ], [ 109.736093930527019, -7.784975098428339, 0.0 ], [ 109.736096681058683, -7.784967397884799, 0.0 ] ] ] ] } }
]
}
