{
"type": "FeatureCollection",
"name": "indeks_pencemaran",
"crs": { "type": "name", "properties": { "name": "urn:ogc:def:crs:OGC:1.3:CRS84" } },
"features": [
{ "type": "Feature", "properties": { "OBJECTID": 1, "Join_Count": 1, "TARGET_FID": 1, "Id": 69, "Contour": 0.6, "Shape_Leng": 130.41441789199999, "Skor": 1.0, "Shape_Le_1": 130.41441789300001, "Shape_Area": 992.20110168899998 }, "geometry": { "type": "Polygon", "coordinates": [ [ [ 109.741333354552793, -7.797936698510946, 0.0 ], [ 109.741385867473369, -7.797937230250543, 0.0 ], [ 109.741387426945906, -7.797937222026968, 0.0 ], [ 109.741388405938366, -7.797937814923964, 0.0 ], [ 109.741389374077642, -7.797938795924027, 0.0 ], [ 109.741471809151733, -7.798050759399302, 0.0 ], [ 109.741498997324186, -7.798087686059829, 0.0 ], [ 109.741507065578588, -7.798098644227707, 0.0 ], [ 109.741513027098662, -7.79810674113454, 0.0 ], [ 109.741554244663334, -7.798162722866149, 0.0 ], [ 109.741240204053895, -7.798208900398727, 0.0 ], [ 109.7410671763772, -7.798049556323637, 0.0 ], [ 109.741085547839504, -7.79802811182133, 0.0 ], [ 109.741107154803245, -7.798011463924468, 0.0 ], [ 109.741117965341616, -7.798004609139919, 0.0 ], [ 109.741146396951109, -7.79799393269884, 0.0 ], [ 109.741163233554218, -7.797988481690831, 0.0 ], [ 109.741171448871455, -7.79798582192536, 0.0 ], [ 109.74120129511526, -7.797976159055892, 0.0 ], [ 109.741219297857953, -7.797970330514936, 0.0 ], [ 109.741275362158703, -7.79795217906534, 0.0 ], [ 109.741286414895498, -7.797949504821793, 0.0 ], [ 109.741324853262384, -7.797938604103342, 0.0 ], [ 109.741329960931694, -7.797937167070889, 0.0 ], [ 109.741331418442869, -7.797936708240942, 0.0 ], [ 109.741333354552793, -7.797936698510946, 0.0 ] ] ] } },
{ "type": "Feature", "properties": { "OBJECTID": 2, "Join_Count": 1, "TARGET_FID": 2, "Id": 51, "Contour": 0.8, "Shape_Leng": 877.71574110999995, "Skor": 1.0, "Shape_Le_1": 815.16595762400004, "Shape_Area": 28919.156932800001 }, "geometry": { "type": "Polygon", "coordinates": [ [ [ 109.742178003015994, -7.797219233878321, 0.0 ], [ 109.742108, -7.797458001, 0.0 ], [ 109.741982, -7.797923, 0.0 ], [ 109.741770000000102, -7.798355, 0.0 ], [ 109.741698222718924, -7.798506894300847, 0.0 ], [ 109.74114839209966, -7.798487528731901, 0.0 ], [ 109.739846887040287, -7.79776662989638, 0.0 ], [ 109.739883910369713, -7.797710880922494, 0.0 ], [ 109.739903019984496, -7.797682105890666, 0.0 ], [ 109.739920933352067, -7.797655131942689, 0.0 ], [ 109.739932060583712, -7.797638376647523, 0.0 ], [ 109.740044587500634, -7.797468935701128, 0.0 ], [ 109.740069026255057, -7.797432135977128, 0.0 ], [ 109.740081656611537, -7.797413117156047, 0.0 ], [ 109.740100850924762, -7.797384214577725, 0.0 ], [ 109.740106049284748, -7.797376386972887, 0.0 ], [ 109.740132244948001, -7.797351818603594, 0.0 ], [ 109.740156998548557, -7.797338192645439, 0.0 ], [ 109.740169582370356, -7.797333252058235, 0.0 ], [ 109.740206469479304, -7.797320826606332, 0.0 ], [ 109.740269131055726, -7.797300539438752, 0.0 ], [ 109.740295876036072, -7.79729188060777, 0.0 ], [ 109.740299706410823, -7.797290640491462, 0.0 ], [ 109.740338095242777, -7.797278211835958, 0.0 ], [ 109.740381259505924, -7.797264237242579, 0.0 ], [ 109.740437323726113, -7.797246085894146, 0.0 ], [ 109.740465355834516, -7.797237010292938, 0.0 ], [ 109.74049338794191, -7.797227934735088, 0.0 ], [ 109.741502543187408, -7.796901210637206, 0.0 ], [ 109.741522191909965, -7.796897450471388, 0.0 ], [ 109.741544085365717, -7.796892385992586, 0.0 ], [ 109.741558588339913, -7.796889414888462, 0.0 ], [ 109.741838641357219, -7.796888248303346, 0.0 ], [ 109.74184804169083, -7.796888209116503, 0.0 ], [ 109.741885520065111, -7.796888052775426, 0.0 ], [ 109.741894651964813, -7.796888014703761, 0.0 ], [ 109.741909091143825, -7.796893432064764, 0.0 ], [ 109.74193148363598, -7.796898178488251, 0.0 ], [ 109.741950595095673, -7.796910369581409, 0.0 ], [ 109.742009985611276, -7.79699103380745, 0.0 ], [ 109.742051203557025, -7.797047015487836, 0.0 ], [ 109.742117945931369, -7.797137664946202, 0.0 ], [ 109.742126970570325, -7.797149922160489, 0.0 ], [ 109.742150674216859, -7.79718211604751, 0.0 ], [ 109.742173729582461, -7.797213429707067, 0.0 ], [ 109.742178003015994, -7.797219233878321, 0.0 ] ], [ [ 109.741333354552793, -7.797936698510946, 0.0 ], [ 109.741331418442869, -7.797936708240942, 0.0 ], [ 109.741329960931694, -7.797937167070889, 0.0 ], [ 109.741324853262384, -7.797938604103342, 0.0 ], [ 109.741286414895498, -7.797949504821793, 0.0 ], [ 109.741275362158703, -7.79795217906534, 0.0 ], [ 109.741219297857953, -7.797970330514936, 0.0 ], [ 109.74120129511526, -7.797976159055892, 0.0 ], [ 109.741171448871455, -7.79798582192536, 0.0 ], [ 109.741163233554218, -7.797988481690831, 0.0 ], [ 109.741146396951109, -7.79799393269884, 0.0 ], [ 109.741117965341616, -7.798004609139919, 0.0 ], [ 109.741107154803245, -7.798011463924468, 0.0 ], [ 109.741085547839504, -7.79802811182133, 0.0 ], [ 109.7410671763772, -7.798049556323637, 0.0 ], [ 109.741240204053895, -7.798208900398727, 0.0 ], [ 109.741554244663334, -7.798162722866149, 0.0 ], [ 109.741513027098662, -7.79810674113454, 0.0 ], [ 109.741507065578588, -7.798098644227707, 0.0 ], [ 109.741498997324186, -7.798087686059829, 0.0 ], [ 109.741471809151733, -7.798050759399302, 0.0 ], [ 109.741389374077642, -7.797938795924027, 0.0 ], [ 109.741388405938366, -7.797937814923964, 0.0 ], [ 109.741387426945906, -7.797937222026968, 0.0 ], [ 109.741385867473369, -7.797937230250543, 0.0 ], [ 109.741333354552793, -7.797936698510946, 0.0 ] ] ] } },
{ "type": "Feature", "properties": { "OBJECTID": 3, "Join_Count": 1, "TARGET_FID": 3, "Id": 39, "Contour": 1.0, "Shape_Leng": 1632.05798531, "Skor": 1.0, "Shape_Le_1": 1677.9465067399999, "Shape_Area": 53272.637319599999 }, "geometry": { "type": "Polygon", "coordinates": [ [ [ 109.742511025515967, -7.795881002455225, 0.0 ], [ 109.742473000000103, -7.79603, 0.0 ], [ 109.742293000000132, -7.796827, 0.0 ], [ 109.742178003015994, -7.797219233878321, 0.0 ], [ 109.742173729582461, -7.797213429707067, 0.0 ], [ 109.742150674216859, -7.79718211604751, 0.0 ], [ 109.742126970570325, -7.797149922160489, 0.0 ], [ 109.742117945931369, -7.797137664946202, 0.0 ], [ 109.742051203557025, -7.797047015487836, 0.0 ], [ 109.742009985611276, -7.79699103380745, 0.0 ], [ 109.741950595095673, -7.796910369581409, 0.0 ], [ 109.74193148363598, -7.796898178488251, 0.0 ], [ 109.741909091143825, -7.796893432064764, 0.0 ], [ 109.741894651964813, -7.796888014703761, 0.0 ], [ 109.741885520065111, -7.796888052775426, 0.0 ], [ 109.74184804169083, -7.796888209116503, 0.0 ], [ 109.741838641357219, -7.796888248303346, 0.0 ], [ 109.741558588339913, -7.796889414888462, 0.0 ], [ 109.741544085365717, -7.796892385992586, 0.0 ], [ 109.741522191909965, -7.796897450471388, 0.0 ], [ 109.741502543187408, -7.796901210637206, 0.0 ], [ 109.74049338794191, -7.797227934735088, 0.0 ], [ 109.740465355834516, -7.797237010292938, 0.0 ], [ 109.740437323726113, -7.797246085894146, 0.0 ], [ 109.740381259505924, -7.797264237242579, 0.0 ], [ 109.740338095242777, -7.797278211835958, 0.0 ], [ 109.740299706410823, -7.797290640491462, 0.0 ], [ 109.740295876036072, -7.79729188060777, 0.0 ], [ 109.740269131055726, -7.797300539438752, 0.0 ], [ 109.740206469479304, -7.797320826606332, 0.0 ], [ 109.740169582370356, -7.797333252058235, 0.0 ], [ 109.740156998548557, -7.797338192645439, 0.0 ], [ 109.740132244948001, -7.797351818603594, 0.0 ], [ 109.740106049284748, -7.797376386972887, 0.0 ], [ 109.740100850924762, -7.797384214577725, 0.0 ], [ 109.740081656611537, -7.797413117156047, 0.0 ], [ 109.740069026255057, -7.797432135977128, 0.0 ], [ 109.740044587500634, -7.797468935701128, 0.0 ], [ 109.739932060583712, -7.797638376647523, 0.0 ], [ 109.739920933352067, -7.797655131942689, 0.0 ], [ 109.739903019984496, -7.797682105890666, 0.0 ], [ 109.739883910369713, -7.797710880922494, 0.0 ], [ 109.739846887040287, -7.79776662989638, 0.0 ], [ 109.74114839209966, -7.798487528731901, 0.0 ], [ 109.741698222718924, -7.798506894300847, 0.0 ], [ 109.741636282073998, -7.798637972302322, 0.0 ], [ 109.741138553016384, -7.798601953663042, 0.0 ], [ 109.738632868918728, -7.797472289559146, 0.0 ], [ 109.738644375085215, -7.797456934809122, 0.0 ], [ 109.738663623317933, -7.797427951362848, 0.0 ], [ 109.738700638759227, -7.797372213913284, 0.0 ], [ 109.738722973134983, -7.797338583679523, 0.0 ], [ 109.7387376698982, -7.797316453655205, 0.0 ], [ 109.73874530276197, -7.797304960139854, 0.0 ], [ 109.738756181463472, -7.797288579224993, 0.0 ], [ 109.738774693166334, -7.797260704793962, 0.0 ], [ 109.738789962082052, -7.797237713133044, 0.0 ], [ 109.738808927359045, -7.797209155823485, 0.0 ], [ 109.738811716554977, -7.797204955928057, 0.0 ], [ 109.738813166030837, -7.797202773363275, 0.0 ], [ 109.738848739693125, -7.797149207056658, 0.0 ], [ 109.73885695097303, -7.797136842557377, 0.0 ], [ 109.738869429632288, -7.797118052436383, 0.0 ], [ 109.73888576291742, -7.797093458180476, 0.0 ], [ 109.738900829164947, -7.797068811881024, 0.0 ], [ 109.738911443533553, -7.797051831598431, 0.0 ], [ 109.738920229492763, -7.79703770168458, 0.0 ], [ 109.73892211562891, -7.797034141767138, 0.0 ], [ 109.738925711104599, -7.797027355543049, 0.0 ], [ 109.738949777892103, -7.796981930536396, 0.0 ], [ 109.738960878321848, -7.796960978806047, 0.0 ], [ 109.738976332555225, -7.796931809717146, 0.0 ], [ 109.738979326176761, -7.796926159384443, 0.0 ], [ 109.738982039322437, -7.796921038550672, 0.0 ], [ 109.738999641310627, -7.796887816150805, 0.0 ], [ 109.739008874920245, -7.79687038823046, 0.0 ], [ 109.739019022653395, -7.796851234674802, 0.0 ], [ 109.739038367506708, -7.796814722206383, 0.0 ], [ 109.739057785343192, -7.796778071731317, 0.0 ], [ 109.73906797151156, -7.796758845909393, 0.0 ], [ 109.739077166864192, -7.796741490442453, 0.0 ], [ 109.739094695659247, -7.79670840592402, 0.0 ], [ 109.739097520185382, -7.796703074744925, 0.0 ], [ 109.739100636652481, -7.796697192494099, 0.0 ], [ 109.739115929531607, -7.796668327490099, 0.0 ], [ 109.739127068267649, -7.796647303575163, 0.0 ], [ 109.73915102378065, -7.796602089476852, 0.0 ], [ 109.73915469256626, -7.79659516491502, 0.0 ], [ 109.739156617126667, -7.7965915324043, 0.0 ], [ 109.739162788599671, -7.796579883906415, 0.0 ], [ 109.739174073782763, -7.796558583329671, 0.0 ], [ 109.739186165213411, -7.796535761227791, 0.0 ], [ 109.73919345513535, -7.79652200188249, 0.0 ], [ 109.739207351873745, -7.796495771932238, 0.0 ], [ 109.739215713247802, -7.796479990047593, 0.0 ], [ 109.739224939270557, -7.796462576527171, 0.0 ], [ 109.739232217754818, -7.796448838912228, 0.0 ], [ 109.739245261837667, -7.796424218865703, 0.0 ], [ 109.739251599086884, -7.796412257450871, 0.0 ], [ 109.73926367993225, -7.796389455385545, 0.0 ], [ 109.739274810141453, -7.79636844767945, 0.0 ], [ 109.739287091325394, -7.796345267724953, 0.0 ], [ 109.739290361920041, -7.796339094708772, 0.0 ], [ 109.739304358692081, -7.796312676490531, 0.0 ], [ 109.73930974325026, -7.796302513252722, 0.0 ], [ 109.73931913278966, -7.796284790894291, 0.0 ], [ 109.739333907000358, -7.796256905297479, 0.0 ], [ 109.739355041345291, -7.796235907241736, 0.0 ], [ 109.739376181492062, -7.796228428253123, 0.0 ], [ 109.739386756817339, -7.796246461915191, 0.0 ], [ 109.739393333548009, -7.796257082215595, 0.0 ], [ 109.739404880306822, -7.796284187666791, 0.0 ], [ 109.739412557532333, -7.796293612248376, 0.0 ], [ 109.739427059365383, -7.796313041783288, 0.0 ], [ 109.739429140305774, -7.796315829841024, 0.0 ], [ 109.739431925005917, -7.796317387844018, 0.0 ], [ 109.739463643078935, -7.796369009857245, 0.0 ], [ 109.73948766328661, -7.796408103192648, 0.0 ], [ 109.739501214729657, -7.796411455863098, 0.0 ], [ 109.739526565257734, -7.796425056333739, 0.0 ], [ 109.739537666080594, -7.796431011850353, 0.0 ], [ 109.739543586775127, -7.796436941852719, 0.0 ], [ 109.739547232985544, -7.796428729750385, 0.0 ], [ 109.73954883455805, -7.796425122623662, 0.0 ], [ 109.73955294512777, -7.796415864583517, 0.0 ], [ 109.739564442546396, -7.796389969398151, 0.0 ], [ 109.739573603318547, -7.796369337182982, 0.0 ], [ 109.739581652237234, -7.796351209180941, 0.0 ], [ 109.739598372230461, -7.796313551740172, 0.0 ], [ 109.739599976654318, -7.796309938186781, 0.0 ], [ 109.73962314112552, -7.796257766294714, 0.0 ], [ 109.739656366491786, -7.796182935433389, 0.0 ], [ 109.739672679232811, -7.796146195396807, 0.0 ], [ 109.739684561396913, -7.796119433724504, 0.0 ], [ 109.739697447977562, -7.796090409943124, 0.0 ], [ 109.739712756291709, -7.796055932203185, 0.0 ], [ 109.739719555244378, -7.79604135373582, 0.0 ], [ 109.73972221700771, -7.796034624487558, 0.0 ], [ 109.739746985977376, -7.795978839029173, 0.0 ], [ 109.739753748992641, -7.795963606968618, 0.0 ], [ 109.73976914605251, -7.795928929004571, 0.0 ], [ 109.739774646948149, -7.79592854714604, 0.0 ], [ 109.739807155489231, -7.795905136007558, 0.0 ], [ 109.739815432264734, -7.795877176188375, 0.0 ], [ 109.739820537398728, -7.795867339566201, 0.0 ], [ 109.739822176962292, -7.795864180421836, 0.0 ], [ 109.739825411490045, -7.795843466064881, 0.0 ], [ 109.73982849766486, -7.79586422343852, 0.0 ], [ 109.73982896470504, -7.795867364644638, 0.0 ], [ 109.739837273187717, -7.795923248545468, 0.0 ], [ 109.739839388261757, -7.795937474549607, 0.0 ], [ 109.739842930716677, -7.795961300822206, 0.0 ], [ 109.739849178423967, -7.796003323184136, 0.0 ], [ 109.739850147254757, -7.796009839501239, 0.0 ], [ 109.739853890424243, -7.796035016348112, 0.0 ], [ 109.739857363799814, -7.796058378177059, 0.0 ], [ 109.739858968640419, -7.796069171877218, 0.0 ], [ 109.739862199193624, -7.796090900249959, 0.0 ], [ 109.739864580467597, -7.796106916730255, 0.0 ], [ 109.739868758752678, -7.796135020463101, 0.0 ], [ 109.739870507730345, -7.796146784151035, 0.0 ], [ 109.739872002793973, -7.796155251398488, 0.0 ], [ 109.739880369435156, -7.796195016448189, 0.0 ], [ 109.739882288753904, -7.796200747127624, 0.0 ], [ 109.73988317309599, -7.796202681017577, 0.0 ], [ 109.739913874607794, -7.796258631556185, 0.0 ], [ 109.739921760151518, -7.796273002083137, 0.0 ], [ 109.739936067884486, -7.796299076653316, 0.0 ], [ 109.739975277310592, -7.796370532629227, 0.0 ], [ 109.739981615873475, -7.796380741500858, 0.0 ], [ 109.73999179260511, -7.796394363747587, 0.0 ], [ 109.740013647814891, -7.796392437494825, 0.0 ], [ 109.740022735724807, -7.796395669225354, 0.0 ], [ 109.740047801159506, -7.796394781967063, 0.0 ], [ 109.740206839232286, -7.796343292030205, 0.0 ], [ 109.740272057558357, -7.796322177015199, 0.0 ], [ 109.740608442043609, -7.796213269344297, 0.0 ], [ 109.74061481405343, -7.796211206359144, 0.0 ], [ 109.740634244864566, -7.796204915421994, 0.0 ], [ 109.740664506111273, -7.796195118038152, 0.0 ], [ 109.740679271900362, -7.796190337500835, 0.0 ], [ 109.740699252263468, -7.796183868740497, 0.0 ], [ 109.740719726404819, -7.796177240044361, 0.0 ], [ 109.740776634235232, -7.796158815446562, 0.0 ], [ 109.740783690325102, -7.796156530970102, 0.0 ], [ 109.740825909519003, -7.796142862241961, 0.0 ], [ 109.740832698291015, -7.79614066431012, 0.0 ], [ 109.740944826393047, -7.796104361429557, 0.0 ], [ 109.740952566537757, -7.796101855480571, 0.0 ], [ 109.740994785723075, -7.796088186733818, 0.0 ], [ 109.741000890437505, -7.796086210268479, 0.0 ], [ 109.741113018516955, -7.796049907338698, 0.0 ], [ 109.741121442716221, -7.796047179916563, 0.0 ], [ 109.741163661892998, -7.796033511151136, 0.0 ], [ 109.741169082550158, -7.796031756156187, 0.0 ], [ 109.741281210606957, -7.795995453177137, 0.0 ], [ 109.741290318860464, -7.79599250427802, 0.0 ], [ 109.741332538028672, -7.795978835493999, 0.0 ], [ 109.741337274628819, -7.795977301966758, 0.0 ], [ 109.741449402663022, -7.795940998938423, 0.0 ], [ 109.741459194970545, -7.795937828564955, 0.0 ], [ 109.741501414130184, -7.795924159762292, 0.0 ], [ 109.741505466673615, -7.795922847703445, 0.0 ], [ 109.741561530681281, -7.795904696168724, 0.0 ], [ 109.74158585216037, -7.795896821860437, 0.0 ], [ 109.741596894104205, -7.795893247006069, 0.0 ], [ 109.741617594683888, -7.795886545066281, 0.0 ], [ 109.741628071363351, -7.795883153095768, 0.0 ], [ 109.741660018602431, -7.795872809618339, 0.0 ], [ 109.741670290222373, -7.795869483982095, 0.0 ], [ 109.741673658684348, -7.795868393414744, 0.0 ], [ 109.741729722680148, -7.795850242046528, 0.0 ], [ 109.741756417735402, -7.795846483957478, 0.0 ], [ 109.741758787146239, -7.795846218237821, 0.0 ], [ 109.741785756615656, -7.795842152275201, 0.0 ], [ 109.742177829904747, -7.795840518622531, 0.0 ], [ 109.742199762388537, -7.795840427166936, 0.0 ], [ 109.742211995445984, -7.795840376187321, 0.0 ], [ 109.742233840379498, -7.795840285094975, 0.0 ], [ 109.742457882288207, -7.795839351396398, 0.0 ], [ 109.742481298232008, -7.795851859027829, 0.0 ], [ 109.742506426173861, -7.795875323890654, 0.0 ], [ 109.742509756429726, -7.795879339241257, 0.0 ], [ 109.742511025515967, -7.795881002455225, 0.0 ] ] ] } },
{ "type": "Feature", "properties": { "OBJECTID": 4, "Join_Count": 1, "TARGET_FID": 4, "Id": 68, "Contour": 0.6, "Shape_Leng": 74.998929512499998, "Skor": 1.0, "Shape_Le_1": 74.998929512800004, "Shape_Area": 130.22243626599999 }, "geometry": { "type": "Polygon", "coordinates": [ [ [ 109.743330397731611, -7.791708318513572, 0.0 ], [ 109.743310313933932, -7.791720874738302, 0.0 ], [ 109.743284369861485, -7.791718165928517, 0.0 ], [ 109.743273299600162, -7.79174401574139, 0.0 ], [ 109.743254200062282, -7.791755956552611, 0.0 ], [ 109.74323316045691, -7.791764853477114, 0.0 ], [ 109.743222237738095, -7.791767882281795, 0.0 ], [ 109.743198103813612, -7.791785126314365, 0.0 ], [ 109.743180318333344, -7.791781851598536, 0.0 ], [ 109.743184373694831, -7.791799611218052, 0.0 ], [ 109.74314197229296, -7.791826120183393, 0.0 ], [ 109.743122544237153, -7.791818825520792, 0.0 ], [ 109.743104193604907, -7.791799373363567, 0.0 ], [ 109.743125196818582, -7.791782575599754, 0.0 ], [ 109.743142141553363, -7.79176936827118, 0.0 ], [ 109.743165159390244, -7.791766643049971, 0.0 ], [ 109.743169188538445, -7.791743706916672, 0.0 ], [ 109.743187940655886, -7.791733472969262, 0.0 ], [ 109.743198274679671, -7.791727833169867, 0.0 ], [ 109.743218355696598, -7.791723837408186, 0.0 ], [ 109.743238791167911, -7.791728463986535, 0.0 ], [ 109.743254312715578, -7.791718180960418, 0.0 ], [ 109.743279081934503, -7.791712860697176, 0.0 ], [ 109.743271225889714, -7.791688150332456, 0.0 ], [ 109.743296622603339, -7.791674432876545, 0.0 ], [ 109.743310474984938, -7.791666867413615, 0.0 ], [ 109.743333567566367, -7.791665309136156, 0.0 ], [ 109.743362225299933, -7.791688420241679, 0.0 ], [ 109.743330397731611, -7.791708318513572, 0.0 ] ] ] } },
{ "type": "Feature", "properties": { "OBJECTID": 5, "Join_Count": 1, "TARGET_FID": 5, "Id": 65, "Contour": 0.6, "Shape_Leng": 18.793157427699999, "Skor": 1.0, "Shape_Le_1": 5.7338358460099998, "Shape_Area": 1.57664970902 }, "geometry": { "type": "Polygon", "coordinates": [ [ [ 109.743391845061723, -7.791643648041815, 0.0 ], [ 109.743379221013839, -7.791632611389418, 0.0 ], [ 109.743396509392213, -7.79162724238661, 0.0 ], [ 109.743391845061723, -7.791643648041815, 0.0 ] ] ] } },
{ "type": "Feature", "properties": { "OBJECTID": 6, "Join_Count": 1, "TARGET_FID": 7, "Id": 63, "Contour": 0.6, "Shape_Leng": 11.988649622200001, "Skor": 1.0, "Shape_Le_1": 11.9886496195, "Shape_Area": 7.8769099753400003 }, "geometry": { "type": "Polygon", "coordinates": [ [ [ 109.743600279042241, -7.791530875778047, 0.0 ], [ 109.743590908234907, -7.7915370557722, 0.0 ], [ 109.74357720221353, -7.791535154976983, 0.0 ], [ 109.743576388080413, -7.79152147758944, 0.0 ], [ 109.743590978417132, -7.791513514885613, 0.0 ], [ 109.743600294753492, -7.791512260818167, 0.0 ], [ 109.743620135929973, -7.791521607316169, 0.0 ], [ 109.743600279042241, -7.791530875778047, 0.0 ] ] ] } },
{ "type": "Feature", "properties": { "OBJECTID": 7, "Join_Count": 1, "TARGET_FID": 8, "Id": 55, "Contour": 0.6, "Shape_Leng": 7.9390957259799997, "Skor": 1.0, "Shape_Le_1": 7.9390957304500001, "Shape_Area": 3.8123587961999998 }, "geometry": { "type": "Polygon", "coordinates": [ [ [ 109.743708843499746, -7.791471717784568, 0.0 ], [ 109.743703110794073, -7.791475301825687, 0.0 ], [ 109.743693801121225, -7.791475251377895, 0.0 ], [ 109.743688463159899, -7.791465950652626, 0.0 ], [ 109.743698635784696, -7.791461476684731, 0.0 ], [ 109.743703159475061, -7.791458971407511, 0.0 ], [ 109.743710825478459, -7.791458373258976, 0.0 ], [ 109.743717928306381, -7.791466038018546, 0.0 ], [ 109.743708843499746, -7.791471717784568, 0.0 ] ] ] } },
{ "type": "Feature", "properties": { "OBJECTID": 8, "Join_Count": 1, "TARGET_FID": 9, "Id": 6, "Contour": 1.6, "Shape_Leng": 316.21550692900001, "Skor": 2.0, "Shape_Le_1": 316.21550692099999, "Shape_Area": 4231.5939395699997 }, "geometry": { "type": "Polygon", "coordinates": [ [ [ 109.742195962661654, -7.792531077843065, 0.0 ], [ 109.742187627376339, -7.792559020734518, 0.0 ], [ 109.742131762425288, -7.792510651659633, 0.0 ], [ 109.742080939376109, -7.792466647330954, 0.0 ], [ 109.742078232972943, -7.792464304050393, 0.0 ], [ 109.742048245403694, -7.792438340286512, 0.0 ], [ 109.742044153825177, -7.792434797675837, 0.0 ], [ 109.742020032564582, -7.792413912807018, 0.0 ], [ 109.741964167652924, -7.792365543712608, 0.0 ], [ 109.741958283053137, -7.792360448656129, 0.0 ], [ 109.741951463773418, -7.792354544406535, 0.0 ], [ 109.741908302754368, -7.792317174612736, 0.0 ], [ 109.741852437871003, -7.792268804827462, 0.0 ], [ 109.741821988964276, -7.792242441455182, 0.0 ], [ 109.741808345998564, -7.792230629127959, 0.0 ], [ 109.741796572998652, -7.792220435716698, 0.0 ], [ 109.741740708139474, -7.792172066603804, 0.0 ], [ 109.741730322113654, -7.792140901771312, 0.0 ], [ 109.741732145892186, -7.792130456180971, 0.0 ], [ 109.741735073794061, -7.792124704582291, 0.0 ], [ 109.741740888853982, -7.79211154440569, 0.0 ], [ 109.741758403900064, -7.792092085117579, 0.0 ], [ 109.741761027561168, -7.792074682731747, 0.0 ], [ 109.741773166769903, -7.792050870326499, 0.0 ], [ 109.741776924413472, -7.792039006923669, 0.0 ], [ 109.741784867303636, -7.792018894305828, 0.0 ], [ 109.741797247417153, -7.791994558497638, 0.0 ], [ 109.74180935283934, -7.791975122918451, 0.0 ], [ 109.741813241144129, -7.791963119342288, 0.0 ], [ 109.741966267034186, -7.791662313259623, 0.0 ], [ 109.741983484035728, -7.791628469493375, 0.0 ], [ 109.741996841726774, -7.791602966057278, 0.0 ], [ 109.742002527892069, -7.791592569912372, 0.0 ], [ 109.742013255229125, -7.791572698656194, 0.0 ], [ 109.742016827188635, -7.79156699100783, 0.0 ], [ 109.74202258203151, -7.791559875912935, 0.0 ], [ 109.742062457845648, -7.791516985507047, 0.0 ], [ 109.742078771635121, -7.791499438341807, 0.0 ], [ 109.742097232450647, -7.791479581794087, 0.0 ], [ 109.742114247821561, -7.791461280031339, 0.0 ], [ 109.742134961222874, -7.791439000621214, 0.0 ], [ 109.742151132598295, -7.791421606598941, 0.0 ], [ 109.742166037783647, -7.791405574547039, 0.0 ], [ 109.74219115079427, -7.791378562887177, 0.0 ], [ 109.742210583053236, -7.791369199912696, 0.0 ], [ 109.742218005794498, -7.791349869582561, 0.0 ], [ 109.742232097439484, -7.791334758819535, 0.0 ], [ 109.742247339828083, -7.791318299809413, 0.0 ], [ 109.742261624132212, -7.791335701206227, 0.0 ], [ 109.742264823912592, -7.791350008560638, 0.0 ], [ 109.742263157226077, -7.791365920405787, 0.0 ], [ 109.742260357410402, -7.791392650509014, 0.0 ], [ 109.742258974789536, -7.791405850435819, 0.0 ], [ 109.7422531255921, -7.791461692310213, 0.0 ], [ 109.742252536455226, -7.791467316815271, 0.0 ], [ 109.742244351790788, -7.791545455121041, 0.0 ], [ 109.742241427188958, -7.791573376057674, 0.0 ], [ 109.742238502633228, -7.791601296994412, 0.0 ], [ 109.742236605255712, -7.791619411400492, 0.0 ], [ 109.742234318918463, -7.791641239017631, 0.0 ], [ 109.742231294839968, -7.791670109587251, 0.0 ], [ 109.742229728880929, -7.791685059803632, 0.0 ], [ 109.742229083793617, -7.791702122594088, 0.0 ], [ 109.742228186304672, -7.791723016866771, 0.0 ], [ 109.742227516325258, -7.791740912471679, 0.0 ], [ 109.742227256578417, -7.791759627555055, 0.0 ], [ 109.742227003569027, -7.791777856259171, 0.0 ], [ 109.742226741077076, -7.791796769406423, 0.0 ], [ 109.742225965896068, -7.79185262634113, 0.0 ], [ 109.742225689121554, -7.791872568447268, 0.0 ], [ 109.7422254698335, -7.791888369510618, 0.0 ], [ 109.742224905384703, -7.791929038899561, 0.0 ], [ 109.742224702918634, -7.791943626087417, 0.0 ], [ 109.742224415427003, -7.79196434020975, 0.0 ], [ 109.74222286505838, -7.792076054077974, 0.0 ], [ 109.742222089767537, -7.79213191101152, 0.0 ], [ 109.742220539387418, -7.792243624878671, 0.0 ], [ 109.742219764092397, -7.792299481811667, 0.0 ], [ 109.742219415295239, -7.792324335918886, 0.0 ], [ 109.742219330868608, -7.792330418524237, 0.0 ], [ 109.742218981057249, -7.79235533872151, 0.0 ], [ 109.742216682351938, -7.792382738802429, 0.0 ], [ 109.742216667162296, -7.792383772111099, 0.0 ], [ 109.742211713380016, -7.792434828117626, 0.0 ], [ 109.742209665183054, -7.792445389062028, 0.0 ], [ 109.742207172030064, -7.792467022129915, 0.0 ], [ 109.742205180806138, -7.792484300164381, 0.0 ], [ 109.742198679775356, -7.792511973429942, 0.0 ], [ 109.742195962661654, -7.792531077843065, 0.0 ] ] ] } },
{ "type": "Feature", "properties": { "OBJECTID": 9, "Join_Count": 1, "TARGET_FID": 10, "Id": 56, "Contour": 0.6, "Shape_Leng": 0.061358709277800003, "Skor": 1.0, "Shape_Le_1": 0.061358709878499999, "Shape_Area": 0.000231634489236 }, "geometry": { "type": "Polygon", "coordinates": [ [ [ 109.743983730897099, -7.791299297495355, 0.0 ], [ 109.743983681401588, -7.791299328505615, 0.0 ], [ 109.743983608693995, -7.791299320401283, 0.0 ], [ 109.743983587317771, -7.791299247800224, 0.0 ], [ 109.743983681795783, -7.791299196239505, 0.0 ], [ 109.743983737905324, -7.791299192299501, 0.0 ], [ 109.743983810207865, -7.791299248460948, 0.0 ], [ 109.743983730897099, -7.791299297495355, 0.0 ] ] ] } },
{ "type": "Feature", "properties": { "OBJECTID": 10, "Join_Count": 1, "TARGET_FID": 11, "Id": 9, "Contour": 1.6, "Shape_Leng": 512.94085244600001, "Skor": 2.0, "Shape_Le_1": 512.94085244400003, "Shape_Area": 13976.741669 }, "geometry": { "type": "Polygon", "coordinates": [ [ [ 109.739123024296319, -7.793033728816533, 0.0 ], [ 109.739105638114424, -7.793052701313274, 0.0 ], [ 109.739091815929925, -7.793030205246737, 0.0 ], [ 109.739083289068333, -7.793016327603075, 0.0 ], [ 109.739071583571146, -7.792994570323188, 0.0 ], [ 109.739049900250961, -7.792961986337525, 0.0 ], [ 109.739048904727809, -7.792960366088114, 0.0 ], [ 109.739014520264845, -7.792904404571304, 0.0 ], [ 109.738980136143681, -7.792848443054028, 0.0 ], [ 109.738945751694374, -7.792792481534209, 0.0 ], [ 109.738911367590035, -7.792736520013984, 0.0 ], [ 109.738882686793218, -7.792689841299347, 0.0 ], [ 109.738879159265366, -7.792684100177288, 0.0 ], [ 109.738867798953095, -7.792665610888069, 0.0 ], [ 109.738857893645914, -7.792649489640768, 0.0 ], [ 109.738836627935939, -7.792614879194098, 0.0 ], [ 109.738826949017692, -7.792599126398693, 0.0 ], [ 109.738808214657212, -7.792568635442382, 0.0 ], [ 109.738794096753779, -7.792545658073085, 0.0 ], [ 109.738778047551875, -7.792519537651317, 0.0 ], [ 109.738772831034666, -7.79251104764082, 0.0 ], [ 109.738771211264506, -7.792508411403523, 0.0 ], [ 109.73873944619055, -7.792456712387668, 0.0 ], [ 109.738730299902997, -7.792441826487305, 0.0 ], [ 109.738715473533844, -7.792417696239267, 0.0 ], [ 109.738705061799948, -7.792400750857529, 0.0 ], [ 109.738670677754342, -7.792344789326934, 0.0 ], [ 109.73866650308112, -7.792337994896502, 0.0 ], [ 109.73864523737501, -7.792303384467341, 0.0 ], [ 109.738636293380509, -7.792288827793891, 0.0 ], [ 109.738602706281853, -7.79223416330381, 0.0 ], [ 109.738601909339167, -7.792232866260346, 0.0 ], [ 109.738602629797725, -7.792231489470948, 0.0 ], [ 109.738622091178243, -7.792194988525244, 0.0 ], [ 109.738631810290386, -7.792177096125713, 0.0 ], [ 109.738660338528618, -7.792125628054626, 0.0 ], [ 109.73866187697972, -7.792122852527562, 0.0 ], [ 109.738662721470519, -7.792121328995296, 0.0 ], [ 109.738716651819189, -7.792024033267898, 0.0 ], [ 109.738885591516961, -7.791719246984786, 0.0 ], [ 109.738941904687948, -7.7916176521488, 0.0 ], [ 109.739110844026968, -7.791312865718028, 0.0 ], [ 109.739120909690484, -7.791294790074648, 0.0 ], [ 109.739126388611794, -7.79128482159524, 0.0 ], [ 109.739157299819198, -7.791229054405995, 0.0 ], [ 109.739160793124768, -7.791222752136751, 0.0 ], [ 109.739167157078356, -7.79121127082964, 0.0 ], [ 109.739190932968853, -7.791196964876273, 0.0 ], [ 109.739216275189861, -7.791173370720149, 0.0 ], [ 109.739219897428569, -7.791169998359647, 0.0 ], [ 109.739223304222165, -7.791165125471163, 0.0 ], [ 109.739229431764869, -7.79116729226359, 0.0 ], [ 109.739270838710695, -7.791181934846172, 0.0 ], [ 109.739296780564914, -7.791191108271141, 0.0 ], [ 109.739312246069517, -7.79119657701836, 0.0 ], [ 109.739353653191003, -7.791211219425872, 0.0 ], [ 109.739383017768404, -7.791221603008994, 0.0 ], [ 109.739395060616104, -7.791225861536009, 0.0 ], [ 109.739436467575743, -7.791240504104168, 0.0 ], [ 109.73946925570776, -7.791252098458794, 0.0 ], [ 109.739477874923296, -7.791255146287815, 0.0 ], [ 109.739519282055468, -7.791269788684159, 0.0 ], [ 109.73955549294115, -7.791282593168704, 0.0 ], [ 109.739560689522463, -7.791284430750816, 0.0 ], [ 109.739602096495901, -7.791299073304653, 0.0 ], [ 109.739614953719993, -7.791303619800126, 0.0 ], [ 109.739670903675432, -7.791323404009026, 0.0 ], [ 109.739684911497122, -7.791328357365058, 0.0 ], [ 109.739726318483989, -7.791342999908078, 0.0 ], [ 109.739727968170612, -7.791343583262737, 0.0 ], [ 109.739767725980684, -7.791357641943862, 0.0 ], [ 109.739782803601358, -7.791362973683039, 0.0 ], [ 109.739801530502248, -7.791379821506453, 0.0 ], [ 109.739807392829732, -7.791398565952873, 0.0 ], [ 109.739801134938745, -7.791416990693685, 0.0 ], [ 109.739801414946925, -7.791435629162792, 0.0 ], [ 109.739797686425916, -7.791454396270129, 0.0 ], [ 109.739793290853157, -7.791465147080039, 0.0 ], [ 109.739782418555009, -7.791491739149095, 0.0 ], [ 109.739775980648503, -7.791503806214765, 0.0 ], [ 109.739774875786765, -7.7915101876103, 0.0 ], [ 109.739729253729976, -7.791621770281362, 0.0 ], [ 109.739728316048954, -7.791624063682636, 0.0 ], [ 109.739725996729575, -7.791629736398332, 0.0 ], [ 109.739706443069721, -7.791677561614507, 0.0 ], [ 109.739660820970769, -7.79178914427158, 0.0 ], [ 109.739638010289411, -7.791844935597696, 0.0 ], [ 109.739592388148253, -7.791956518240708, 0.0 ], [ 109.739569577445806, -7.792012309559897, 0.0 ], [ 109.739523955265597, -7.792123892188848, 0.0 ], [ 109.739517147576208, -7.792140542544969, 0.0 ], [ 109.739501144535808, -7.792179683500922, 0.0 ], [ 109.739500308992248, -7.792181727082025, 0.0 ], [ 109.739455522316476, -7.792291266115922, 0.0 ], [ 109.739452172532651, -7.792299459067, 0.0 ], [ 109.739443886951619, -7.792319724295337, 0.0 ], [ 109.739432711571837, -7.792347057421017, 0.0 ], [ 109.739424629418949, -7.792366100939125, 0.0 ], [ 109.739419364269111, -7.792378595550225, 0.0 ], [ 109.739408966117708, -7.792402845942557, 0.0 ], [ 109.739402410095181, -7.792417611943105, 0.0 ], [ 109.73938748429218, -7.792451228646726, 0.0 ], [ 109.73935928968146, -7.792514729850807, 0.0 ], [ 109.739350781492021, -7.79253389253235, 0.0 ], [ 109.739337452710629, -7.792563912777315, 0.0 ], [ 109.739333572136871, -7.79257265291139, 0.0 ], [ 109.739331095058446, -7.792578231916074, 0.0 ], [ 109.739309891363348, -7.79262598782407, 0.0 ], [ 109.739299153052002, -7.792650173305095, 0.0 ], [ 109.739293282475174, -7.792663395518486, 0.0 ], [ 109.739281943661055, -7.792688933660748, 0.0 ], [ 109.739274705785775, -7.792705235171765, 0.0 ], [ 109.739235585200703, -7.79279334420734, 0.0 ], [ 109.739230314947562, -7.792805214187497, 0.0 ], [ 109.739213105576255, -7.792843974570594, 0.0 ], [ 109.739210816722462, -7.792849129663979, 0.0 ], [ 109.739161927126219, -7.79295924077424, 0.0 ], [ 109.739161278979793, -7.792960700566943, 0.0 ], [ 109.739160669620858, -7.79296194481862, 0.0 ], [ 109.739143696552006, -7.792998442700052, 0.0 ], [ 109.739133983513867, -7.793016478494313, 0.0 ], [ 109.739123024296319, -7.793033728816533, 0.0 ] ] ] } },
{ "type": "Feature", "properties": { "OBJECTID": 11, "Join_Count": 1, "TARGET_FID": 12, "Id": 19, "Contour": 1.4, "Shape_Leng": 944.84740453400002, "Skor": 2.0, "Shape_Le_1": 881.46669847800001, "Shape_Area": 41125.565782600002 }, "geometry": { "type": "Polygon", "coordinates": [ [ [ 109.732817264506934, -7.792806250236707, 0.0 ], [ 109.73301200000013, -7.792041, 0.0 ], [ 109.733207615316772, -7.791103265258532, 0.0 ], [ 109.733286452074339, -7.791130138927355, 0.0 ], [ 109.733305410225711, -7.791136814041035, 0.0 ], [ 109.733333808026103, -7.791147247782768, 0.0 ], [ 109.73334240031943, -7.791150342078121, 0.0 ], [ 109.733346314221407, -7.791151955474548, 0.0 ], [ 109.73335405339428, -7.79115588687352, 0.0 ], [ 109.733398273530227, -7.791195514259943, 0.0 ], [ 109.733416595270455, -7.791211932884262, 0.0 ], [ 109.733436423221022, -7.791229701168843, 0.0 ], [ 109.733454132075067, -7.791245570663801, 0.0 ], [ 109.733509990633479, -7.791295627062398, 0.0 ], [ 109.733541679753088, -7.791324024887693, 0.0 ], [ 109.733554446635068, -7.79133546571685, 0.0 ], [ 109.733583952631648, -7.79136190671533, 0.0 ], [ 109.733604222128847, -7.791380070879709, 0.0 ], [ 109.733621707788942, -7.791395740439254, 0.0 ], [ 109.733677566387868, -7.791445796821733, 0.0 ], [ 109.733729306261083, -7.791492162841485, 0.0 ], [ 109.733731481876987, -7.791494112479594, 0.0 ], [ 109.733760987896133, -7.791520553472269, 0.0 ], [ 109.733790493765923, -7.791546994612071, 0.0 ], [ 109.733791848718795, -7.791548208813388, 0.0 ], [ 109.733845142263775, -7.791595966532923, 0.0 ], [ 109.733901000914855, -7.791646023489899, 0.0 ], [ 109.733916933111573, -7.791660300735482, 0.0 ], [ 109.733938023346326, -7.791679200123893, 0.0 ], [ 109.733967529241795, -7.79170564125471, 0.0 ], [ 109.733979475669955, -7.79171634668745, 0.0 ], [ 109.734012718261184, -7.791746136196058, 0.0 ], [ 109.734068576952794, -7.791796193140136, 0.0 ], [ 109.734083041132862, -7.791813895795782, 0.0 ], [ 109.734104560167381, -7.791828438569291, 0.0 ], [ 109.734115058935245, -7.791837846721761, 0.0 ], [ 109.734124435659737, -7.79184624947988, 0.0 ], [ 109.734133533870491, -7.791875223559837, 0.0 ], [ 109.734151521127771, -7.791911646786716, 0.0 ], [ 109.734151943071581, -7.791912665568681, 0.0 ], [ 109.734174567279268, -7.791945928974904, 0.0 ], [ 109.734180129684972, -7.791951135051995, 0.0 ], [ 109.734201819567801, -7.791996306361402, 0.0 ], [ 109.734212009202935, -7.792020194867672, 0.0 ], [ 109.734220454201377, -7.792036835269688, 0.0 ], [ 109.73422782027842, -7.792052243111551, 0.0 ], [ 109.734230189372269, -7.792057863935893, 0.0 ], [ 109.734235790591853, -7.792067054680689, 0.0 ], [ 109.734291451526417, -7.792182973969574, 0.0 ], [ 109.73430346398068, -7.792207991098796, 0.0 ], [ 109.734321581337369, -7.792245722456521, 0.0 ], [ 109.734336121084269, -7.792276002945991, 0.0 ], [ 109.734389841864655, -7.79238788157534, 0.0 ], [ 109.734394785470357, -7.792395919536576, 0.0 ], [ 109.734402802444436, -7.792405167304001, 0.0 ], [ 109.734418576382467, -7.792403694671261, 0.0 ], [ 109.734442472146299, -7.792404336956246, 0.0 ], [ 109.734458817742393, -7.792403122907623, 0.0 ], [ 109.734514856016446, -7.792393428082543, 0.0 ], [ 109.73454425045081, -7.792388342826271, 0.0 ], [ 109.734566896134041, -7.792384425100285, 0.0 ], [ 109.734576606925813, -7.792382745107307, 0.0 ], [ 109.734614525231834, -7.792376185078695, 0.0 ], [ 109.734644660363102, -7.792370971625953, 0.0 ], [ 109.734662154409392, -7.792367945135931, 0.0 ], [ 109.734682970829496, -7.792364343829128, 0.0 ], [ 109.734707767261625, -7.792364101960292, 0.0 ], [ 109.734715594980571, -7.792365535826434, 0.0 ], [ 109.734738977529318, -7.792365162638051, 0.0 ], [ 109.734758501781371, -7.792369497829836, 0.0 ], [ 109.734772867202878, -7.792389025649276, 0.0 ], [ 109.734761669229954, -7.79241176265035, 0.0 ], [ 109.73475176867305, -7.792431865103408, 0.0 ], [ 109.73474320138051, -7.79244926050379, 0.0 ], [ 109.734724733676558, -7.792486758501966, 0.0 ], [ 109.734706265844579, -7.792524256378611, 0.0 ], [ 109.734698171393745, -7.792540691851489, 0.0 ], [ 109.734690456425483, -7.792556356754845, 0.0 ], [ 109.734682344794962, -7.792572827163789, 0.0 ], [ 109.73466298626947, -7.792612133784255, 0.0 ], [ 109.734650862568856, -7.79263675024036, 0.0 ], [ 109.734644574252087, -7.792649518423156, 0.0 ], [ 109.734632394815307, -7.7926742482056, 0.0 ], [ 109.734613926921355, -7.792711746029762, 0.0 ], [ 109.734595459147997, -7.792749243975932, 0.0 ], [ 109.73459097662915, -7.792758345428555, 0.0 ], [ 109.734576991277706, -7.792786741829768, 0.0 ], [ 109.734558523540471, -7.792824239815349, 0.0 ], [ 109.734540055672099, -7.792861737679354, 0.0 ], [ 109.73453737915014, -7.792867172247835, 0.0 ], [ 109.734521587890157, -7.792899235626472, 0.0 ], [ 109.73450311997405, -7.792936733442252, 0.0 ], [ 109.734484429063315, -7.79297468439677, 0.0 ], [ 109.734470693832534, -7.793002572899861, 0.0 ], [ 109.734456933418315, -7.793030512730427, 0.0 ], [ 109.734443223648498, -7.793058349904661, 0.0 ], [ 109.734429063727035, -7.793085936539973, 0.0 ], [ 109.734428862189787, -7.793086337333582, 0.0 ], [ 109.734413988361226, -7.793114121632845, 0.0 ], [ 109.734409295413329, -7.793122732661876, 0.0 ], [ 109.73440060328123, -7.7931373458226, 0.0 ], [ 109.734288234572688, -7.793253923284695, 0.0 ], [ 109.734261899479023, -7.79328124442389, 0.0 ], [ 109.734247313920648, -7.793296376187825, 0.0 ], [ 109.734219860139362, -7.793324858400068, 0.0 ], [ 109.734208211686536, -7.793336943065138, 0.0 ], [ 109.734175865803579, -7.793370500032778, 0.0 ], [ 109.733894943601825, -7.793661943410054, 0.0 ], [ 109.733886083992772, -7.793671134716996, 0.0 ], [ 109.733862959157079, -7.79369512546467, 0.0 ], [ 109.733835505323469, -7.793723607643097, 0.0 ], [ 109.733832396100254, -7.793726833293605, 0.0 ], [ 109.733782574613628, -7.793778520016643, 0.0 ], [ 109.733445467267273, -7.794128251617793, 0.0 ], [ 109.733389282656859, -7.794186539505233, 0.0 ], [ 109.733349202953619, -7.794228120063755, 0.0 ], [ 109.733341333485583, -7.794236284262799, 0.0 ], [ 109.733333098028666, -7.794244828062598, 0.0 ], [ 109.733320883223982, -7.79424023117562, 0.0 ], [ 109.733298826818668, -7.79424966373145, 0.0 ], [ 109.733277080655654, -7.794247486637574, 0.0 ], [ 109.733263053405992, -7.794241868867223, 0.0 ], [ 109.733225531424083, -7.794227750201272, 0.0 ], [ 109.733222866800716, -7.794226015915061, 0.0 ], [ 109.733221136161532, -7.794225908673768, 0.0 ], [ 109.733218700723427, -7.794225299040651, 0.0 ], [ 109.733178982067969, -7.794213829110052, 0.0 ], [ 109.733165172505437, -7.794210705204244, 0.0 ], [ 109.73313921824051, -7.794201580074988, 0.0 ], [ 109.733136052283029, -7.794200695613992, 0.0 ], [ 109.733109228630624, -7.794188925508117, 0.0 ], [ 109.733098434350822, -7.794182296206611, 0.0 ], [ 109.733090167645543, -7.794171486289845, 0.0 ], [ 109.733078995089414, -7.794115593831575, 0.0 ], [ 109.733074755737121, -7.794094386022782, 0.0 ], [ 109.733071377863439, -7.794077487644524, 0.0 ], [ 109.733065464433253, -7.794047904967504, 0.0 ], [ 109.73305736854492, -7.794007404789076, 0.0 ], [ 109.733056173021239, -7.794001424018823, 0.0 ], [ 109.733034304646182, -7.793892023997889, 0.0 ], [ 109.733029350326646, -7.79386723948112, 0.0 ], [ 109.733028299136564, -7.793861980833833, 0.0 ], [ 109.733019007813965, -7.793815499801253, 0.0 ], [ 109.733015341069532, -7.793797156677792, 0.0 ], [ 109.733011959313913, -7.793780239080913, 0.0 ], [ 109.733000786770461, -7.793724346622837, 0.0 ], [ 109.732989614228885, -7.793668454164854, 0.0 ], [ 109.732987322868368, -7.793656991373415, 0.0 ], [ 109.732981842542372, -7.793629575668124, 0.0 ], [ 109.732972855239097, -7.793584615477315, 0.0 ], [ 109.732972551232322, -7.793583094629277, 0.0 ], [ 109.732967268914209, -7.793556669248155, 0.0 ], [ 109.732956096378047, -7.793500776790304, 0.0 ], [ 109.732953968637815, -7.793490132532233, 0.0 ], [ 109.732944923837479, -7.793444884332386, 0.0 ], [ 109.732935385979573, -7.793397170503058, 0.0 ], [ 109.732931286114976, -7.793376660378809, 0.0 ], [ 109.73292609470704, -7.793350689432042, 0.0 ], [ 109.732922578540482, -7.793333099416022, 0.0 ], [ 109.732911406014651, -7.793277206958277, 0.0 ], [ 109.732907512125138, -7.793257727335229, 0.0 ], [ 109.73290326794806, -7.793236495075202, 0.0 ], [ 109.732898220850117, -7.793211246273961, 0.0 ], [ 109.732889060722329, -7.793165422042152, 0.0 ], [ 109.732879638213191, -7.793118284238702, 0.0 ], [ 109.732877888198871, -7.793109529584498, 0.0 ], [ 109.732866715677218, -7.793053637126951, 0.0 ], [ 109.732860691593359, -7.793023500929335, 0.0 ], [ 109.732851764343778, -7.792978841110129, 0.0 ], [ 109.732847231278697, -7.792956164098305, 0.0 ], [ 109.732844370399363, -7.792941852211064, 0.0 ], [ 109.732817264506934, -7.792806250236707, 0.0 ] ] ] } },
{ "type": "Feature", "properties": { "OBJECTID": 12, "Join_Count": 1, "TARGET_FID": 13, "Id": 49, "Contour": 0.8, "Shape_Leng": 248.478010767, "Skor": 1.0, "Shape_Le_1": 248.47801076799999, "Shape_Area": 4104.8141597900003 }, "geometry": { "type": "Polygon", "coordinates": [ [ [ 109.734965796434381, -7.791438334097802, 0.0 ], [ 109.734797682002451, -7.791467418582213, 0.0 ], [ 109.734780025880951, -7.791457082454371, 0.0 ], [ 109.73476386335507, -7.791439394392287, 0.0 ], [ 109.734754298735638, -7.791426895196561, 0.0 ], [ 109.73474186358969, -7.791403923906303, 0.0 ], [ 109.734735229408628, -7.791390107596651, 0.0 ], [ 109.734722854959145, -7.791364336581025, 0.0 ], [ 109.734718597793574, -7.791355470598787, 0.0 ], [ 109.734705167617093, -7.791327500952639, 0.0 ], [ 109.734686202590453, -7.791288004503978, 0.0 ], [ 109.734678307234518, -7.791271561659737, 0.0 ], [ 109.73466487708761, -7.791243592013189, 0.0 ], [ 109.734644642329002, -7.791201451144135, 0.0 ], [ 109.734624586618892, -7.791159683072277, 0.0 ], [ 109.734625770509325, -7.791154876743394, 0.0 ], [ 109.734643013069871, -7.79111614959757, 0.0 ], [ 109.734651828148401, -7.791103905344891, 0.0 ], [ 109.734855153228679, -7.790980333829949, 0.0 ], [ 109.734882180225327, -7.790963921457235, 0.0 ], [ 109.734887507236962, -7.790960682324612, 0.0 ], [ 109.734911264541992, -7.790946241051842, 0.0 ], [ 109.734919543822997, -7.790945382031376, 0.0 ], [ 109.734965373744686, -7.790939180131845, 0.0 ], [ 109.734967295344816, -7.790938968677589, 0.0 ], [ 109.735247408049688, -7.790916368718633, 0.0 ], [ 109.735275419320217, -7.790914108690252, 0.0 ], [ 109.735303430590719, -7.790911848663224, 0.0 ], [ 109.735328817927083, -7.790913026289125, 0.0 ], [ 109.735335314769003, -7.790914315746643, 0.0 ], [ 109.735359427735872, -7.790915792243094, 0.0 ], [ 109.73537767067512, -7.790920287443566, 0.0 ], [ 109.735397182605695, -7.790938553249568, 0.0 ], [ 109.735400071969224, -7.790994420968786, 0.0 ], [ 109.735400812014646, -7.79100873062503, 0.0 ], [ 109.735402302606673, -7.791037552127329, 0.0 ], [ 109.73540296129805, -7.791050288687936, 0.0 ], [ 109.735408740044846, -7.791162024126358, 0.0 ], [ 109.735409031481041, -7.791167659380386, 0.0 ], [ 109.735411629260227, -7.791217891845031, 0.0 ], [ 109.735414371178678, -7.791270908636124, 0.0 ], [ 109.735417407995087, -7.7913296272832, 0.0 ], [ 109.735416254796277, -7.791331684293671, 0.0 ], [ 109.735399750501529, -7.791343937572377, 0.0 ], [ 109.735384745899054, -7.79135609786272, 0.0 ], [ 109.73535807265597, -7.791367383009559, 0.0 ], [ 109.735344414999219, -7.791371660223579, 0.0 ], [ 109.735308798563949, -7.791378412283668, 0.0 ], [ 109.735302025259614, -7.791380165008205, 0.0 ], [ 109.73527400619281, -7.791385012444168, 0.0 ], [ 109.735035875887647, -7.791426210129741, 0.0 ], [ 109.735012007346072, -7.791430339487033, 0.0 ], [ 109.734965796434381, -7.791438334097802, 0.0 ] ] ] } },
{ "type": "Feature", "properties": { "OBJECTID": 13, "Join_Count": 1, "TARGET_FID": 15, "Id": 37, "Contour": 1.0, "Shape_Leng": 523.25328856099998, "Skor": 1.0, "Shape_Le_1": 771.73129932699999, "Shape_Area": 13504.6677765 }, "geometry": { "type": "Polygon", "coordinates": [ [ [ 109.735864385432095, -7.790623449266325, 0.0 ], [ 109.735888230660152, -7.790628660866359, 0.0 ], [ 109.735897936088307, -7.790627279551297, 0.0 ], [ 109.735920343337952, -7.790640469324989, 0.0 ], [ 109.735930605510376, -7.790650584388922, 0.0 ], [ 109.735934421831004, -7.79066086074665, 0.0 ], [ 109.73593519341631, -7.790675779011578, 0.0 ], [ 109.73593647005319, -7.790700462947293, 0.0 ], [ 109.735937311323411, -7.790716728474282, 0.0 ], [ 109.735938249671946, -7.790734872070618, 0.0 ], [ 109.735939209954111, -7.790753439201502, 0.0 ], [ 109.73594020071252, -7.79077259620153, 0.0 ], [ 109.735943089985895, -7.790828463928393, 0.0 ], [ 109.735944362010997, -7.79085305801325, 0.0 ], [ 109.735944534742401, -7.790856397792195, 0.0 ], [ 109.735945979501949, -7.790884331655962, 0.0 ], [ 109.735947418268353, -7.790912151072181, 0.0 ], [ 109.735948868864838, -7.790940199383082, 0.0 ], [ 109.73595016938205, -7.790965344382558, 0.0 ], [ 109.735950313630312, -7.790968133246765, 0.0 ], [ 109.735951758398741, -7.790996067110554, 0.0 ], [ 109.735952909302924, -7.791018320613977, 0.0 ], [ 109.735953530756802, -7.791030337170428, 0.0 ], [ 109.735954647742133, -7.791051934837489, 0.0 ], [ 109.735957537013377, -7.791107802564134, 0.0 ], [ 109.735958388893536, -7.791124273325314, 0.0 ], [ 109.73595964315011, -7.791148523174307, 0.0 ], [ 109.735960426574053, -7.791163670291658, 0.0 ], [ 109.735961128863309, -7.791177249504978, 0.0 ], [ 109.735962699314982, -7.791207616142101, 0.0 ], [ 109.735963315888071, -7.791219538018371, 0.0 ], [ 109.735963868670098, -7.791230225849247, 0.0 ], [ 109.735965755678237, -7.7912667093112, 0.0 ], [ 109.735966205463484, -7.791275405745825, 0.0 ], [ 109.73596660867041, -7.79128320199974, 0.0 ], [ 109.735968811798628, -7.791325802239897, 0.0 ], [ 109.735969094761117, -7.791331273472443, 0.0 ], [ 109.735971984030243, -7.791387141198958, 0.0 ], [ 109.735974828218744, -7.791442130896653, 0.0 ], [ 109.735977568114293, -7.791495107147118, 0.0 ], [ 109.735977763065875, -7.791498876653213, 0.0 ], [ 109.735977827675853, -7.791502928031375, 0.0 ], [ 109.735976833785585, -7.791551527655427, 0.0 ], [ 109.735976889572129, -7.791554733153961, 0.0 ], [ 109.7359748192507, -7.7915559363567, 0.0 ], [ 109.735973605418025, -7.79155633803039, 0.0 ], [ 109.735927353137967, -7.791564339977799, 0.0 ], [ 109.735917567260998, -7.791566033004074, 0.0 ], [ 109.735903585030314, -7.79156845200983, 0.0 ], [ 109.735879724080462, -7.791572580104488, 0.0 ], [ 109.735861529102692, -7.791575727934349, 0.0 ], [ 109.735833510022971, -7.791580575402993, 0.0 ], [ 109.735805490942866, -7.791585422885902, 0.0 ], [ 109.735784465943738, -7.791589060331067, 0.0 ], [ 109.735767478625419, -7.791591999215933, 0.0 ], [ 109.735736836845874, -7.791597300408197, 0.0 ], [ 109.73569942548859, -7.791603772732227, 0.0 ], [ 109.735693414619291, -7.791604812642423, 0.0 ], [ 109.735689207731454, -7.791605540463468, 0.0 ], [ 109.735641578737159, -7.791613780630075, 0.0 ], [ 109.735593949673515, -7.791622020729234, 0.0 ], [ 109.735581338289435, -7.79162420257816, 0.0 ], [ 109.735563318924179, -7.791627320017549, 0.0 ], [ 109.735553319206204, -7.791629050024024, 0.0 ], [ 109.73552530012266, -7.791633897454959, 0.0 ], [ 109.735469261954165, -7.791643592401581, 0.0 ], [ 109.735413223784647, -7.791653287217351, 0.0 ], [ 109.735403433371374, -7.79165498101746, 0.0 ], [ 109.735357185613211, -7.791662982193669, 0.0 ], [ 109.735347980984159, -7.791664574629537, 0.0 ], [ 109.735301147440865, -7.791672676980856, 0.0 ], [ 109.735291106010934, -7.791674414204229, 0.0 ], [ 109.735260546161939, -7.791679701203429, 0.0 ], [ 109.735245109266813, -7.79168237187026, 0.0 ], [ 109.735223052762549, -7.791686187733291, 0.0 ], [ 109.73521709017929, -7.791687219289411, 0.0 ], [ 109.73518928062451, -7.791692030446415, 0.0 ], [ 109.735165288011018, -7.791696181292595, 0.0 ], [ 109.735154999502683, -7.791697961263758, 0.0 ], [ 109.73513303291449, -7.791701761599727, 0.0 ], [ 109.735117658958885, -7.79170442135148, 0.0 ], [ 109.735086946296988, -7.791709734727764, 0.0 ], [ 109.735070029827952, -7.79171266133319, 0.0 ], [ 109.734974771675027, -7.791729141383625, 0.0 ], [ 109.734964918375653, -7.791730846031527, 0.0 ], [ 109.734950839807439, -7.791733281688906, 0.0 ], [ 109.734927142597044, -7.79173738139714, 0.0 ], [ 109.734908880193046, -7.791740540880435, 0.0 ], [ 109.73488278655168, -7.791745055163523, 0.0 ], [ 109.734852842009204, -7.791750235653496, 0.0 ], [ 109.73483188442863, -7.791753861403854, 0.0 ], [ 109.734814733271989, -7.791756828642644, 0.0 ], [ 109.734796803823684, -7.791759930515898, 0.0 ], [ 109.734784255375516, -7.791762101436086, 0.0 ], [ 109.734768784730534, -7.791764777884215, 0.0 ], [ 109.734740765637113, -7.791769625244135, 0.0 ], [ 109.734713180714579, -7.791774397523796, 0.0 ], [ 109.734684727448879, -7.791779320035793, 0.0 ], [ 109.734680374689859, -7.791778642677626, 0.0 ], [ 109.73464365257081, -7.791759355460917, 0.0 ], [ 109.734628833770699, -7.791740886960259, 0.0 ], [ 109.734591105735348, -7.791662314786888, 0.0 ], [ 109.734573172775299, -7.791624967597802, 0.0 ], [ 109.734567151245713, -7.791612427126526, 0.0 ], [ 109.734564245435905, -7.791606375486891, 0.0 ], [ 109.734537385089752, -7.791550436185984, 0.0 ], [ 109.734530916427005, -7.791536964534678, 0.0 ], [ 109.734510524740401, -7.791494496884429, 0.0 ], [ 109.734494681622692, -7.791461501938275, 0.0 ], [ 109.734483664500161, -7.79143855758243, 0.0 ], [ 109.734476564243565, -7.791423770618611, 0.0 ], [ 109.734456804088481, -7.791382618279268, 0.0 ], [ 109.734440329418675, -7.791348308059058, 0.0 ], [ 109.734422212022992, -7.791310576764252, 0.0 ], [ 109.734403083536165, -7.791270739671401, 0.0 ], [ 109.734350529061572, -7.791161289660894, 0.0 ], [ 109.734322502584376, -7.791102921753919, 0.0 ], [ 109.734332358529841, -7.791084599606525, 0.0 ], [ 109.734339847695537, -7.791075044027885, 0.0 ], [ 109.73435693996781, -7.791053235666694, 0.0 ], [ 109.734363736039924, -7.791047185845057, 0.0 ], [ 109.734390524768827, -7.79103090494598, 0.0 ], [ 109.734406959581975, -7.791020916673198, 0.0 ], [ 109.734425301018092, -7.791009769623062, 0.0 ], [ 109.734463070955414, -7.790986814812796, 0.0 ], [ 109.734494853466643, -7.790967498921467, 0.0 ], [ 109.734519182320184, -7.79095271302755, 0.0 ], [ 109.734529629712526, -7.790946363594744, 0.0 ], [ 109.734546658918944, -7.790936014031325, 0.0 ], [ 109.734575293677011, -7.790918611133019, 0.0 ], [ 109.734599182132584, -7.790904092862773, 0.0 ], [ 109.734620745793222, -7.790890987514596, 0.0 ], [ 109.734633958381281, -7.790882957535517, 0.0 ], [ 109.734668734589519, -7.79086182216902, 0.0 ], [ 109.734683850975685, -7.790852635108428, 0.0 ], [ 109.734703510772803, -7.790840686779671, 0.0 ], [ 109.734743627696758, -7.790816305616008, 0.0 ], [ 109.734771683359483, -7.790799254663346, 0.0 ], [ 109.734799739020232, -7.790782203682497, 0.0 ], [ 109.734821042967013, -7.790769256132053, 0.0 ], [ 109.734855850335066, -7.790748101846857, 0.0 ], [ 109.734877391796587, -7.790735009917696, 0.0 ], [ 109.734911961641956, -7.790713999882475, 0.0 ], [ 109.734912211199358, -7.790713917885919, 0.0 ], [ 109.734953092218916, -7.790698907557442, 0.0 ], [ 109.734968034186224, -7.79069280984209, 0.0 ], [ 109.735696326787163, -7.790634049480667, 0.0 ], [ 109.735752349294913, -7.79062952936877, 0.0 ], [ 109.735808371802563, -7.790625009284915, 0.0 ], [ 109.73582871707562, -7.790624977045912, 0.0 ], [ 109.735845576293926, -7.790623495277085, 0.0 ], [ 109.735864385432095, -7.790623449266325, 0.0 ] ], [ [ 109.734965796434381, -7.791438334097802, 0.0 ], [ 109.735012007346072, -7.791430339487033, 0.0 ], [ 109.735035875887647, -7.791426210129741, 0.0 ], [ 109.73527400619281, -7.791385012444168, 0.0 ], [ 109.735302025259614, -7.791380165008205, 0.0 ], [ 109.735308798563949, -7.791378412283668, 0.0 ], [ 109.735344414999219, -7.791371660223579, 0.0 ], [ 109.73535807265597, -7.791367383009559, 0.0 ], [ 109.735384745899054, -7.79135609786272, 0.0 ], [ 109.735399750501529, -7.791343937572377, 0.0 ], [ 109.735416254796277, -7.791331684293671, 0.0 ], [ 109.735417407995087, -7.7913296272832, 0.0 ], [ 109.735414371178678, -7.791270908636124, 0.0 ], [ 109.735411629260227, -7.791217891845031, 0.0 ], [ 109.735409031481041, -7.791167659380386, 0.0 ], [ 109.735408740044846, -7.791162024126358, 0.0 ], [ 109.73540296129805, -7.791050288687936, 0.0 ], [ 109.735402302606673, -7.791037552127329, 0.0 ], [ 109.735400812014646, -7.79100873062503, 0.0 ], [ 109.735400071969224, -7.790994420968786, 0.0 ], [ 109.735397182605695, -7.790938553249568, 0.0 ], [ 109.73537767067512, -7.790920287443566, 0.0 ], [ 109.735359427735872, -7.790915792243094, 0.0 ], [ 109.735335314769003, -7.790914315746643, 0.0 ], [ 109.735328817927083, -7.790913026289125, 0.0 ], [ 109.735303430590719, -7.790911848663224, 0.0 ], [ 109.735275419320217, -7.790914108690252, 0.0 ], [ 109.735247408049688, -7.790916368718633, 0.0 ], [ 109.734967295344816, -7.790938968677589, 0.0 ], [ 109.734965373744686, -7.790939180131845, 0.0 ], [ 109.734919543822997, -7.790945382031376, 0.0 ], [ 109.734911264541992, -7.790946241051842, 0.0 ], [ 109.734887507236962, -7.790960682324612, 0.0 ], [ 109.734882180225327, -7.790963921457235, 0.0 ], [ 109.734855153228679, -7.790980333829949, 0.0 ], [ 109.734651828148401, -7.791103905344891, 0.0 ], [ 109.734643013069871, -7.79111614959757, 0.0 ], [ 109.734625770509325, -7.791154876743394, 0.0 ], [ 109.734624586618892, -7.791159683072277, 0.0 ], [ 109.734644642329002, -7.791201451144135, 0.0 ], [ 109.73466487708761, -7.791243592013189, 0.0 ], [ 109.734678307234518, -7.791271561659737, 0.0 ], [ 109.734686202590453, -7.791288004503978, 0.0 ], [ 109.734705167617093, -7.791327500952639, 0.0 ], [ 109.734718597793574, -7.791355470598787, 0.0 ], [ 109.734722854959145, -7.791364336581025, 0.0 ], [ 109.734735229408628, -7.791390107596651, 0.0 ], [ 109.73474186358969, -7.791403923906303, 0.0 ], [ 109.734754298735638, -7.791426895196561, 0.0 ], [ 109.73476386335507, -7.791439394392287, 0.0 ], [ 109.734780025880951, -7.791457082454371, 0.0 ], [ 109.734797682002451, -7.791467418582213, 0.0 ], [ 109.734965796434381, -7.791438334097802, 0.0 ] ] ] } },
{ "type": "Feature", "properties": { "OBJECTID": 14, "Join_Count": 1, "TARGET_FID": 16, "Id": 9, "Contour": 1.6, "Shape_Leng": 512.94085244600001, "Skor": 2.0, "Shape_Le_1": 1633.4347759299999, "Shape_Area": 49690.210163600001 }, "geometry": { "type": "Polygon", "coordinates": [ [ [ 109.740375959244062, -7.791153311417069, 0.0 ], [ 109.740372888378943, -7.791176810695344, 0.0 ], [ 109.740343594819649, -7.791400971648477, 0.0 ], [ 109.740337122082849, -7.791450503845411, 0.0 ], [ 109.740336404081461, -7.791455998222742, 0.0 ], [ 109.74031451334794, -7.791623510731907, 0.0 ], [ 109.740311230505156, -7.791648632040691, 0.0 ], [ 109.740310392733221, -7.791655043025751, 0.0 ], [ 109.740307216548999, -7.791679348234145, 0.0 ], [ 109.74029991965341, -7.791735185735531, 0.0 ], [ 109.740298081780779, -7.791747492546013, 0.0 ], [ 109.740291663852076, -7.791784997046163, 0.0 ], [ 109.74029073070912, -7.79179101761089, 0.0 ], [ 109.740289962211548, -7.791795372513597, 0.0 ], [ 109.740285534875568, -7.791814924704927, 0.0 ], [ 109.740272493040962, -7.791846822580976, 0.0 ], [ 109.740249682430971, -7.79190261395235, 0.0 ], [ 109.740204060432532, -7.792014196685916, 0.0 ], [ 109.740195029377745, -7.792036285104033, 0.0 ], [ 109.740187058009084, -7.792055781931536, 0.0 ], [ 109.740178785824313, -7.792076014412186, 0.0 ], [ 109.740172691366311, -7.792090920339087, 0.0 ], [ 109.740135627760836, -7.792181570769688, 0.0 ], [ 109.740130054592498, -7.792195201774198, 0.0 ], [ 109.740116269547528, -7.792228917993932, 0.0 ], [ 109.740112817108667, -7.792237362127072, 0.0 ], [ 109.740067195028942, -7.792348944832523, 0.0 ], [ 109.740065079750195, -7.792354118425452, 0.0 ], [ 109.740059847686794, -7.792366915284653, 0.0 ], [ 109.74004438435567, -7.792404736182895, 0.0 ], [ 109.739998762230684, -7.792516318874312, 0.0 ], [ 109.739995536842983, -7.792524119800745, 0.0 ], [ 109.739983797863587, -7.79255270075145, 0.0 ], [ 109.739975699330259, -7.79257210946753, 0.0 ], [ 109.739966961890758, -7.792591835721447, 0.0 ], [ 109.739954042792888, -7.792620949644934, 0.0 ], [ 109.739950962994172, -7.792627895081044, 0.0 ], [ 109.739949760303787, -7.792630603883927, 0.0 ], [ 109.739947022194158, -7.792636770820969, 0.0 ], [ 109.739926194258757, -7.792683680595491, 0.0 ], [ 109.739915341320966, -7.792708124344831, 0.0 ], [ 109.739909879705507, -7.792720425511308, 0.0 ], [ 109.739901425799445, -7.792739466108197, 0.0 ], [ 109.739890633083363, -7.792763774186774, 0.0 ], [ 109.739851888312884, -7.792851037124057, 0.0 ], [ 109.739846503414327, -7.792863165361815, 0.0 ], [ 109.739829294092473, -7.792901925778452, 0.0 ], [ 109.739827119905812, -7.792906822629031, 0.0 ], [ 109.739777582302452, -7.793018393628822, 0.0 ], [ 109.739760456113288, -7.793056966766714, 0.0 ], [ 109.739752813866687, -7.793074179125941, 0.0 ], [ 109.73972804504622, -7.793129964619179, 0.0 ], [ 109.739726037035098, -7.793134487189813, 0.0 ], [ 109.73970882769099, -7.793173247597569, 0.0 ], [ 109.739703276601574, -7.793185750110984, 0.0 ], [ 109.739665076253218, -7.793271786645199, 0.0 ], [ 109.739657199006089, -7.793289528186422, 0.0 ], [ 109.739644858556758, -7.79331732229356, 0.0 ], [ 109.739639989610197, -7.793328288550127, 0.0 ], [ 109.739628970449672, -7.793353106568229, 0.0 ], [ 109.739604201591632, -7.793408892048312, 0.0 ], [ 109.739600688184197, -7.793416805159201, 0.0 ], [ 109.7395883609408, -7.793444569185328, 0.0 ], [ 109.739571151514852, -7.793483329530949, 0.0 ], [ 109.739556518031605, -7.793516287771019, 0.0 ], [ 109.739553941957894, -7.793522089745363, 0.0 ], [ 109.739552297603154, -7.793525793226277, 0.0 ], [ 109.739536732387961, -7.793560849952041, 0.0 ], [ 109.739529895505413, -7.793576248474352, 0.0 ], [ 109.739505126782475, -7.793632033944387, 0.0 ], [ 109.739502313377031, -7.793638370501164, 0.0 ], [ 109.739495908219666, -7.793652796493012, 0.0 ], [ 109.739480357949191, -7.79368781941151, 0.0 ], [ 109.739467713513974, -7.793716297910756, 0.0 ], [ 109.739450684766609, -7.79375465125193, 0.0 ], [ 109.739439518797241, -7.793779799749343, 0.0 ], [ 109.739406051597513, -7.793855175797421, 0.0 ], [ 109.739399055937099, -7.793870931799651, 0.0 ], [ 109.739381846520914, -7.793909692183214, 0.0 ], [ 109.739379836828903, -7.793914218495953, 0.0 ], [ 109.739356514118867, -7.793966746708592, 0.0 ], [ 109.739347427283107, -7.793987212546978, 0.0 ], [ 109.739335666469245, -7.794013701152944, 0.0 ], [ 109.73933174552721, -7.794022532160673, 0.0 ], [ 109.739326739835519, -7.794033806220924, 0.0 ], [ 109.739282207654412, -7.794134103055013, 0.0 ], [ 109.739278588900675, -7.79414225339569, 0.0 ], [ 109.739270350297588, -7.794160808982789, 0.0 ], [ 109.739253402232478, -7.794150949321272, 0.0 ], [ 109.739225416543405, -7.794144932639917, 0.0 ], [ 109.739214400296333, -7.794140930331804, 0.0 ], [ 109.739210073512197, -7.794133888342256, 0.0 ], [ 109.739203106363391, -7.794122549120341, 0.0 ], [ 109.739190458608903, -7.794101964521245, 0.0 ], [ 109.739169192814742, -7.794067354077458, 0.0 ], [ 109.739158496844624, -7.794049946062966, 0.0 ], [ 109.739141304739547, -7.794021965302798, 0.0 ], [ 109.739126661461128, -7.793998132965481, 0.0 ], [ 109.739113354661214, -7.793976475951381, 0.0 ], [ 109.739105395660999, -7.793963522532944, 0.0 ], [ 109.739102924327412, -7.79395950036047, 0.0 ], [ 109.73907253599738, -7.793910042257527, 0.0 ], [ 109.739062864357919, -7.793894301388481, 0.0 ], [ 109.739041598558018, -7.793859690963925, 0.0 ], [ 109.739038151473679, -7.793854080732132, 0.0 ], [ 109.739003767291834, -7.793798119206317, 0.0 ], [ 109.738991448447678, -7.793778070027115, 0.0 ], [ 109.738977801493292, -7.793755859380202, 0.0 ], [ 109.738969382781818, -7.793742157677994, 0.0 ], [ 109.738934998613658, -7.793686196149241, 0.0 ], [ 109.738914004457456, -7.793652027791333, 0.0 ], [ 109.738900614126649, -7.793630234617952, 0.0 ], [ 109.73887997265571, -7.793596639830467, 0.0 ], [ 109.738871473190258, -7.793582806659324, 0.0 ], [ 109.73885020744423, -7.79354819620714, 0.0 ], [ 109.738844100556378, -7.793538257040463, 0.0 ], [ 109.738828941788952, -7.793513585667143, 0.0 ], [ 109.738824234792148, -7.793505924943282, 0.0 ], [ 109.738797461036995, -7.793462350016342, 0.0 ], [ 109.738763076910772, -7.793406388480129, 0.0 ], [ 109.738728692462587, -7.793350426941509, 0.0 ], [ 109.738694308356315, -7.793294465402404, 0.0 ], [ 109.738659923921787, -7.79323850386079, 0.0 ], [ 109.738657021335186, -7.79323377977924, 0.0 ], [ 109.738637550895263, -7.793202090920872, 0.0 ], [ 109.738616285187703, -7.79316748046246, 0.0 ], [ 109.7386012835602, -7.79314306475677, 0.0 ], [ 109.738591155417666, -7.793126580774221, 0.0 ], [ 109.738573753985335, -7.793098259337238, 0.0 ], [ 109.73855248828427, -7.793063648877158, 0.0 ], [ 109.738545545807227, -7.793052349730393, 0.0 ], [ 109.738522386943956, -7.793014657681723, 0.0 ], [ 109.73850995712931, -7.792994427716278, 0.0 ], [ 109.738488691415981, -7.792959817277044, 0.0 ], [ 109.738485095269397, -7.792953964400357, 0.0 ], [ 109.738453618503797, -7.792902734583333, 0.0 ], [ 109.738446160305301, -7.79289059609015, 0.0 ], [ 109.738434070368129, -7.792870919432871, 0.0 ], [ 109.738423345333203, -7.792857521564033, 0.0 ], [ 109.738418828823654, -7.792846771824433, 0.0 ], [ 109.738403328110962, -7.792821673406514, 0.0 ], [ 109.738394775493717, -7.79280732074514, 0.0 ], [ 109.738384850100346, -7.792790811479038, 0.0 ], [ 109.738382363510141, -7.792786764462302, 0.0 ], [ 109.738378332681918, -7.792780204190836, 0.0 ], [ 109.738362721150637, -7.792775160830385, 0.0 ], [ 109.73833748869923, -7.792775559643155, 0.0 ], [ 109.738322380916216, -7.792760992867584, 0.0 ], [ 109.738312099557618, -7.792780398966188, 0.0 ], [ 109.738292718303455, -7.792816980339375, 0.0 ], [ 109.738289410938421, -7.792823223000172, 0.0 ], [ 109.73827333725373, -7.792853561915713, 0.0 ], [ 109.738266053270635, -7.79286731005241, 0.0 ], [ 109.738247609711053, -7.792902121041339, 0.0 ], [ 109.738218061886471, -7.792957892182728, 0.0 ], [ 109.738188513202417, -7.793013663318146, 0.0 ], [ 109.738158965360512, -7.793069434452696, 0.0 ], [ 109.738153397890031, -7.793079942671254, 0.0 ], [ 109.738137668294129, -7.79310963141751, 0.0 ], [ 109.738118287198986, -7.79314621296894, 0.0 ], [ 109.738102956812881, -7.793175148219717, 0.0 ], [ 109.738099868799793, -7.793180976708718, 0.0 ], [ 109.738097070151937, -7.793186259115701, 0.0 ], [ 109.738089338202371, -7.793188649414926, 0.0 ], [ 109.738052653800182, -7.793192416345054, 0.0 ], [ 109.738041022217402, -7.793199145629456, 0.0 ], [ 109.738036549338872, -7.793185290351495, 0.0 ], [ 109.738035094528854, -7.793180783745878, 0.0 ], [ 109.73801704539386, -7.793124870830501, 0.0 ], [ 109.738009310151412, -7.793100909115514, 0.0 ], [ 109.73800548757329, -7.79308906822572, 0.0 ], [ 109.737995690137254, -7.793058718918706, 0.0 ], [ 109.737985527778932, -7.793027238064988, 0.0 ], [ 109.737980946143949, -7.793013044996372, 0.0 ], [ 109.737962896032116, -7.792957132077617, 0.0 ], [ 109.737944846912015, -7.792901219161672, 0.0 ], [ 109.737941211283612, -7.792889956952282, 0.0 ], [ 109.737930033371171, -7.792855331985553, 0.0 ], [ 109.737926796807656, -7.792845306242656, 0.0 ], [ 109.737908747691876, -7.792789393326361, 0.0 ], [ 109.737900351989026, -7.792763385650126, 0.0 ], [ 109.737898487199374, -7.792757609228524, 0.0 ], [ 109.737886732019959, -7.792721195423643, 0.0 ], [ 109.737874539004409, -7.792683423968213, 0.0 ], [ 109.737872648489713, -7.792677567490506, 0.0 ], [ 109.737871737200905, -7.792674744551471, 0.0 ], [ 109.737859492885377, -7.79263681417935, 0.0 ], [ 109.737854599032929, -7.792621654572804, 0.0 ], [ 109.737853619956184, -7.792600541079213, 0.0 ], [ 109.737850874840262, -7.792589665159477, 0.0 ], [ 109.737850186673555, -7.792565782283931, 0.0 ], [ 109.737856733478651, -7.792547638356405, 0.0 ], [ 109.737859975269529, -7.79252495040582, 0.0 ], [ 109.737863902312995, -7.792509964003044, 0.0 ], [ 109.737875142603073, -7.792481906693501, 0.0 ], [ 109.737883915097882, -7.792462856558462, 0.0 ], [ 109.73788625386382, -7.792454171448932, 0.0 ], [ 109.737893541205736, -7.792435981046359, 0.0 ], [ 109.737899111562541, -7.79242207661266, 0.0 ], [ 109.737915121505111, -7.792382112830754, 0.0 ], [ 109.737931573732567, -7.792341045599407, 0.0 ], [ 109.737953308016472, -7.792286793771376, 0.0 ], [ 109.737963151824189, -7.79226222198806, 0.0 ], [ 109.73796756238049, -7.792251212342025, 0.0 ], [ 109.737979161733904, -7.792222258178783, 0.0 ], [ 109.73798800481795, -7.792200184494112, 0.0 ], [ 109.737998010597579, -7.792175208641221, 0.0 ], [ 109.738005922889329, -7.792157489661726, 0.0 ], [ 109.738012169559212, -7.792143321834688, 0.0 ], [ 109.7380230563694, -7.792119424098901, 0.0 ], [ 109.738044392388716, -7.792073839354359, 0.0 ], [ 109.738047654179283, -7.792066870458954, 0.0 ], [ 109.738053282355423, -7.792054845558401, 0.0 ], [ 109.738065497820145, -7.792028746440095, 0.0 ], [ 109.738075273035577, -7.792007861336055, 0.0 ], [ 109.738101185532173, -7.791952498836935, 0.0 ], [ 109.738127489919648, -7.791896298562401, 0.0 ], [ 109.738136873027514, -7.791876251030292, 0.0 ], [ 109.738150549391733, -7.791847031097771, 0.0 ], [ 109.738153598212818, -7.79184051717092, 0.0 ], [ 109.738157132027197, -7.791832967110122, 0.0 ], [ 109.738172560669867, -7.791800003377451, 0.0 ], [ 109.738179706557332, -7.791784735776771, 0.0 ], [ 109.73820581486595, -7.791728954379614, 0.0 ], [ 109.738208248135948, -7.791723755556824, 0.0 ], [ 109.738213501791577, -7.791712530966404, 0.0 ], [ 109.738231923319475, -7.791673172980103, 0.0 ], [ 109.738243935761346, -7.791647507906324, 0.0 ], [ 109.738247816522332, -7.791639216393975, 0.0 ], [ 109.738258031459708, -7.791617391576823, 0.0 ], [ 109.738264899745872, -7.791612514540641, 0.0 ], [ 109.738269848311177, -7.791599846522842, 0.0 ], [ 109.738284395719717, -7.791576048328137, 0.0 ], [ 109.738291234165587, -7.791561631297432, 0.0 ], [ 109.738312492580718, -7.79154821135386, 0.0 ], [ 109.738326070371741, -7.791528723320902, 0.0 ], [ 109.738336973613372, -7.79151674663563, 0.0 ], [ 109.738342217375987, -7.791505923959946, 0.0 ], [ 109.738364175998328, -7.791488012235678, 0.0 ], [ 109.738382262790964, -7.791467494986365, 0.0 ], [ 109.738391360456163, -7.79145925985532, 0.0 ], [ 109.738395784588036, -7.791450224308099, 0.0 ], [ 109.738417505410894, -7.791429464548231, 0.0 ], [ 109.738438447146251, -7.791408954941335, 0.0 ], [ 109.738446977588794, -7.791403007427499, 0.0 ], [ 109.738452991848845, -7.791394535485182, 0.0 ], [ 109.738474055250322, -7.791374147899276, 0.0 ], [ 109.738494620027083, -7.791354243004497, 0.0 ], [ 109.738503273650508, -7.791347436170589, 0.0 ], [ 109.738510525760461, -7.791338847624446, 0.0 ], [ 109.738530899968424, -7.791319127109622, 0.0 ], [ 109.738550791868377, -7.791299873492252, 0.0 ], [ 109.73855960733394, -7.791291902662405, 0.0 ], [ 109.73856805965697, -7.79128315975334, 0.0 ], [ 109.738587744671747, -7.791264106309875, 0.0 ], [ 109.738616167042707, -7.791236595930514, 0.0 ], [ 109.738625593538316, -7.791227471871876, 0.0 ], [ 109.738663135508034, -7.791191134318216, 0.0 ], [ 109.738683127279899, -7.791171783979646, 0.0 ], [ 109.738701434006074, -7.791154064650597, 0.0 ], [ 109.738719307306056, -7.791136764779543, 0.0 ], [ 109.738740661137214, -7.791116096077385, 0.0 ], [ 109.738758278668172, -7.791099043820381, 0.0 ], [ 109.738775479089625, -7.791082395234179, 0.0 ], [ 109.738798194976269, -7.791060408164776, 0.0 ], [ 109.738815123312335, -7.791044022983261, 0.0 ], [ 109.738831650858756, -7.79102802567565, 0.0 ], [ 109.738887822613464, -7.790973656110482, 0.0 ], [ 109.738900390232303, -7.790961491682626, 0.0 ], [ 109.738915908485424, -7.790946471324201, 0.0 ], [ 109.738943994353789, -7.790919286532145, 0.0 ], [ 109.738957234839575, -7.790906470816867, 0.0 ], [ 109.738972080218502, -7.790892101740911, 0.0 ], [ 109.739000166079634, -7.790864916947152, 0.0 ], [ 109.739014079435179, -7.790851449941012, 0.0 ], [ 109.739028330187438, -7.790837656410339, 0.0 ], [ 109.739057097069477, -7.790809812429372, 0.0 ], [ 109.739085863851102, -7.790781968445469, 0.0 ], [ 109.739099346252715, -7.790768918564396, 0.0 ], [ 109.739112509488407, -7.79075617764385, 0.0 ], [ 109.739128101208593, -7.790741741887211, 0.0 ], [ 109.739146327799361, -7.790726289189451, 0.0 ], [ 109.739158516338563, -7.790716230851285, 0.0 ], [ 109.739168660484651, -7.790708723128315, 0.0 ], [ 109.739191254928841, -7.790693050928257, 0.0 ], [ 109.73922478597035, -7.790669792687372, 0.0 ], [ 109.739257287696034, -7.790647248501236, 0.0 ], [ 109.73929030405435, -7.790624347261876, 0.0 ], [ 109.73932332045905, -7.790601446068092, 0.0 ], [ 109.739356336810658, -7.790578544822393, 0.0 ], [ 109.73938935320858, -7.790555643622267, 0.0 ], [ 109.739422369550269, -7.790532742370215, 0.0 ], [ 109.739449287815106, -7.790514071003727, 0.0 ], [ 109.739456502573347, -7.790510961470581, 0.0 ], [ 109.739464098405406, -7.790503797883813, 0.0 ], [ 109.739488402264016, -7.790486939889107, 0.0 ], [ 109.739505413252019, -7.790475140520182, 0.0 ], [ 109.73952809991404, -7.790470741937546, 0.0 ], [ 109.73955897271928, -7.790450736681475, 0.0 ], [ 109.739561498532169, -7.790449635182222, 0.0 ], [ 109.739563323578636, -7.790450055271839, 0.0 ], [ 109.739605941695174, -7.79045986501277, 0.0 ], [ 109.739617469013069, -7.790462518392946, 0.0 ], [ 109.73967343949748, -7.790475401956229, 0.0 ], [ 109.739697123925382, -7.790480853672646, 0.0 ], [ 109.739708260974567, -7.790483417169833, 0.0 ], [ 109.739729409987191, -7.790488285250401, 0.0 ], [ 109.739785380480967, -7.790501168715852, 0.0 ], [ 109.73978830630206, -7.790501842181954, 0.0 ], [ 109.739801157870005, -7.790504800403863, 0.0 ], [ 109.739841350979063, -7.790514052235961, 0.0 ], [ 109.739853929789675, -7.790517512819108, 0.0 ], [ 109.73987755211003, -7.790524750589913, 0.0 ], [ 109.739897313089486, -7.790529742825356, 0.0 ], [ 109.739906852758622, -7.790551395201785, 0.0 ], [ 109.739917144964139, -7.790561004514981, 0.0 ], [ 109.739935292355483, -7.790578893459584, 0.0 ], [ 109.739953154202652, -7.790585908538124, 0.0 ], [ 109.739966815056334, -7.790603335139133, 0.0 ], [ 109.739977973332884, -7.790617044585965, 0.0 ], [ 109.739989302035937, -7.790636734797388, 0.0 ], [ 109.740008958648716, -7.790654344725797, 0.0 ], [ 109.740023983056091, -7.79067304058835, 0.0 ], [ 109.740041584746507, -7.790696288262252, 0.0 ], [ 109.740064760119139, -7.790723782169882, 0.0 ], [ 109.740113977486402, -7.790785026562551, 0.0 ], [ 109.740116753589732, -7.790788845684779, 0.0 ], [ 109.740120561607284, -7.790793219612489, 0.0 ], [ 109.74015897464092, -7.790841019544881, 0.0 ], [ 109.740166736966842, -7.790850678720242, 0.0 ], [ 109.740176363112951, -7.790862657134699, 0.0 ], [ 109.740192300248168, -7.790881028567641, 0.0 ], [ 109.740208751343033, -7.790897026734275, 0.0 ], [ 109.740220846481236, -7.790908421132334, 0.0 ], [ 109.740232210061009, -7.790916897513798, 0.0 ], [ 109.740310054308296, -7.790953187104328, 0.0 ], [ 109.740332375125661, -7.790964931661782, 0.0 ], [ 109.740344062075096, -7.790972489136475, 0.0 ], [ 109.740366374722996, -7.790986917790416, 0.0 ], [ 109.740394778847929, -7.791009298171746, 0.0 ], [ 109.740394005221304, -7.791015218221241, 0.0 ], [ 109.740388904894175, -7.791054247215398, 0.0 ], [ 109.74038748200519, -7.791065135680129, 0.0 ], [ 109.740380185143735, -7.791120973187853, 0.0 ], [ 109.740377282773196, -7.791143183169493, 0.0 ], [ 109.740375959244062, -7.791153311417069, 0.0 ] ], [ [ 109.739123024296319, -7.793033728816533, 0.0 ], [ 109.739133983513867, -7.793016478494313, 0.0 ], [ 109.739143696552006, -7.792998442700052, 0.0 ], [ 109.739160669620858, -7.79296194481862, 0.0 ], [ 109.739161278979793, -7.792960700566943, 0.0 ], [ 109.739161927126219, -7.79295924077424, 0.0 ], [ 109.739210816722462, -7.792849129663979, 0.0 ], [ 109.739213105576255, -7.792843974570594, 0.0 ], [ 109.739230314947562, -7.792805214187497, 0.0 ], [ 109.739235585200703, -7.79279334420734, 0.0 ], [ 109.739274705785775, -7.792705235171765, 0.0 ], [ 109.739281943661055, -7.792688933660748, 0.0 ], [ 109.739293282475174, -7.792663395518486, 0.0 ], [ 109.739299153052002, -7.792650173305095, 0.0 ], [ 109.739309891363348, -7.79262598782407, 0.0 ], [ 109.739331095058446, -7.792578231916074, 0.0 ], [ 109.739333572136871, -7.79257265291139, 0.0 ], [ 109.739337452710629, -7.792563912777315, 0.0 ], [ 109.739350781492021, -7.79253389253235, 0.0 ], [ 109.73935928968146, -7.792514729850807, 0.0 ], [ 109.73938748429218, -7.792451228646726, 0.0 ], [ 109.739402410095181, -7.792417611943105, 0.0 ], [ 109.739408966117708, -7.792402845942557, 0.0 ], [ 109.739419364269111, -7.792378595550225, 0.0 ], [ 109.739424629418949, -7.792366100939125, 0.0 ], [ 109.739432711571837, -7.792347057421017, 0.0 ], [ 109.739443886951619, -7.792319724295337, 0.0 ], [ 109.739452172532651, -7.792299459067, 0.0 ], [ 109.739455522316476, -7.792291266115922, 0.0 ], [ 109.739500308992248, -7.792181727082025, 0.0 ], [ 109.739501144535808, -7.792179683500922, 0.0 ], [ 109.739517147576208, -7.792140542544969, 0.0 ], [ 109.739523955265597, -7.792123892188848, 0.0 ], [ 109.739569577445806, -7.792012309559897, 0.0 ], [ 109.739592388148253, -7.791956518240708, 0.0 ], [ 109.739638010289411, -7.791844935597696, 0.0 ], [ 109.739660820970769, -7.79178914427158, 0.0 ], [ 109.739706443069721, -7.791677561614507, 0.0 ], [ 109.739725996729575, -7.791629736398332, 0.0 ], [ 109.739728316048954, -7.791624063682636, 0.0 ], [ 109.739729253729976, -7.791621770281362, 0.0 ], [ 109.739774875786765, -7.7915101876103, 0.0 ], [ 109.739775980648503, -7.791503806214765, 0.0 ], [ 109.739782418555009, -7.791491739149095, 0.0 ], [ 109.739793290853157, -7.791465147080039, 0.0 ], [ 109.739797686425916, -7.791454396270129, 0.0 ], [ 109.739801414946925, -7.791435629162792, 0.0 ], [ 109.739801134938745, -7.791416990693685, 0.0 ], [ 109.739807392829732, -7.791398565952873, 0.0 ], [ 109.739801530502248, -7.791379821506453, 0.0 ], [ 109.739782803601358, -7.791362973683039, 0.0 ], [ 109.739767725980684, -7.791357641943862, 0.0 ], [ 109.739727968170612, -7.791343583262737, 0.0 ], [ 109.739726318483989, -7.791342999908078, 0.0 ], [ 109.739684911497122, -7.791328357365058, 0.0 ], [ 109.739670903675432, -7.791323404009026, 0.0 ], [ 109.739614953719993, -7.791303619800126, 0.0 ], [ 109.739602096495901, -7.791299073304653, 0.0 ], [ 109.739560689522463, -7.791284430750816, 0.0 ], [ 109.73955549294115, -7.791282593168704, 0.0 ], [ 109.739519282055468, -7.791269788684159, 0.0 ], [ 109.739477874923296, -7.791255146287815, 0.0 ], [ 109.73946925570776, -7.791252098458794, 0.0 ], [ 109.739436467575743, -7.791240504104168, 0.0 ], [ 109.739395060616104, -7.791225861536009, 0.0 ], [ 109.739383017768404, -7.791221603008994, 0.0 ], [ 109.739353653191003, -7.791211219425872, 0.0 ], [ 109.739312246069517, -7.79119657701836, 0.0 ], [ 109.739296780564914, -7.791191108271141, 0.0 ], [ 109.739270838710695, -7.791181934846172, 0.0 ], [ 109.739229431764869, -7.79116729226359, 0.0 ], [ 109.739223304222165, -7.791165125471163, 0.0 ], [ 109.739219897428569, -7.791169998359647, 0.0 ], [ 109.739216275189861, -7.791173370720149, 0.0 ], [ 109.739190932968853, -7.791196964876273, 0.0 ], [ 109.739167157078356, -7.79121127082964, 0.0 ], [ 109.739160793124768, -7.791222752136751, 0.0 ], [ 109.739157299819198, -7.791229054405995, 0.0 ], [ 109.739126388611794, -7.79128482159524, 0.0 ], [ 109.739120909690484, -7.791294790074648, 0.0 ], [ 109.739110844026968, -7.791312865718028, 0.0 ], [ 109.738941904687948, -7.7916176521488, 0.0 ], [ 109.738885591516961, -7.791719246984786, 0.0 ], [ 109.738716651819189, -7.792024033267898, 0.0 ], [ 109.738662721470519, -7.792121328995296, 0.0 ], [ 109.73866187697972, -7.792122852527562, 0.0 ], [ 109.738660338528618, -7.792125628054626, 0.0 ], [ 109.738631810290386, -7.792177096125713, 0.0 ], [ 109.738622091178243, -7.792194988525244, 0.0 ], [ 109.738602629797725, -7.792231489470948, 0.0 ], [ 109.738601909339167, -7.792232866260346, 0.0 ], [ 109.738602706281853, -7.79223416330381, 0.0 ], [ 109.738636293380509, -7.792288827793891, 0.0 ], [ 109.73864523737501, -7.792303384467341, 0.0 ], [ 109.73866650308112, -7.792337994896502, 0.0 ], [ 109.738670677754342, -7.792344789326934, 0.0 ], [ 109.738705061799948, -7.792400750857529, 0.0 ], [ 109.738715473533844, -7.792417696239267, 0.0 ], [ 109.738730299902997, -7.792441826487305, 0.0 ], [ 109.73873944619055, -7.792456712387668, 0.0 ], [ 109.738771211264506, -7.792508411403523, 0.0 ], [ 109.738772831034666, -7.79251104764082, 0.0 ], [ 109.738778047551875, -7.792519537651317, 0.0 ], [ 109.738794096753779, -7.792545658073085, 0.0 ], [ 109.738808214657212, -7.792568635442382, 0.0 ], [ 109.738826949017692, -7.792599126398693, 0.0 ], [ 109.738836627935939, -7.792614879194098, 0.0 ], [ 109.738857893645914, -7.792649489640768, 0.0 ], [ 109.738867798953095, -7.792665610888069, 0.0 ], [ 109.738879159265366, -7.792684100177288, 0.0 ], [ 109.738882686793218, -7.792689841299347, 0.0 ], [ 109.738911367590035, -7.792736520013984, 0.0 ], [ 109.738945751694374, -7.792792481534209, 0.0 ], [ 109.738980136143681, -7.792848443054028, 0.0 ], [ 109.739014520264845, -7.792904404571304, 0.0 ], [ 109.739048904727809, -7.792960366088114, 0.0 ], [ 109.739049900250961, -7.792961986337525, 0.0 ], [ 109.739071583571146, -7.792994570323188, 0.0 ], [ 109.739083289068333, -7.793016327603075, 0.0 ], [ 109.739091815929925, -7.793030205246737, 0.0 ], [ 109.739105638114424, -7.793052701313274, 0.0 ], [ 109.739123024296319, -7.793033728816533, 0.0 ] ] ] } },
{ "type": "Feature", "properties": { "OBJECTID": 15, "Join_Count": 1, "TARGET_FID": 17, "Id": 52, "Contour": 0.8, "Shape_Leng": 635.02184686800001, "Skor": 1.0, "Shape_Le_1": 638.46668106300001, "Shape_Area": 10130.200503 }, "geometry": { "type": "Polygon", "coordinates": [ [ [ 109.744232363698998, -7.790917010089661, 0.0 ], [ 109.744246314267514, -7.790964870852052, 0.0 ], [ 109.744278906521672, -7.791076686002036, 0.0 ], [ 109.744295202603723, -7.791132593576755, 0.0 ], [ 109.744311498738895, -7.79118850115159, 0.0 ], [ 109.744313418120853, -7.791195118148146, 0.0 ], [ 109.744319980193993, -7.791217598698533, 0.0 ], [ 109.744327794877293, -7.791244408726313, 0.0 ], [ 109.744327297520613, -7.791251806639846, 0.0 ], [ 109.744319778158058, -7.791285408410757, 0.0 ], [ 109.744317055273527, -7.791297556681621, 0.0 ], [ 109.744315898044647, -7.791300232750554, 0.0 ], [ 109.744299078017931, -7.791328112543352, 0.0 ], [ 109.744282258010614, -7.79135599233514, 0.0 ], [ 109.744214977904292, -7.791467511491519, 0.0 ], [ 109.744212060332217, -7.791472347477409, 0.0 ], [ 109.744191004382145, -7.791507248493005, 0.0 ], [ 109.744169948406494, -7.791542149487406, 0.0 ], [ 109.744148892448862, -7.791577050499638, 0.0 ], [ 109.744094604029385, -7.791667035356417, 0.0 ], [ 109.744093323574944, -7.791668751076866, 0.0 ], [ 109.743427, -7.791519998999914, 0.0 ], [ 109.743396509392213, -7.79162724238661, 0.0 ], [ 109.743379221013839, -7.791632611389418, 0.0 ], [ 109.743391845061723, -7.791643648041815, 0.0 ], [ 109.743369, -7.791723999999896, 0.0 ], [ 109.743294880033972, -7.792233051450975, 0.0 ], [ 109.743272971995097, -7.792246748085221, 0.0 ], [ 109.743260343660111, -7.792254320040643, 0.0 ], [ 109.743252701563947, -7.792258424184727, 0.0 ], [ 109.743243873536727, -7.792255474914694, 0.0 ], [ 109.743196906794822, -7.792246522441229, 0.0 ], [ 109.743196757027818, -7.792246492873699, 0.0 ], [ 109.74319672783102, -7.792246491598626, 0.0 ], [ 109.743155745923431, -7.792231457905809, 0.0 ], [ 109.743114741727766, -7.792216416086138, 0.0 ], [ 109.743084831629176, -7.792205443952285, 0.0 ], [ 109.743043296999105, -7.792190207471059, 0.0 ], [ 109.743028883538116, -7.792184920075589, 0.0 ], [ 109.742991729227356, -7.792171290538318, 0.0 ], [ 109.742972935453253, -7.792164396279828, 0.0 ], [ 109.742950792519665, -7.792156181810977, 0.0 ], [ 109.742932155995163, -7.792149162181751, 0.0 ], [ 109.742916988519468, -7.79214348879484, 0.0 ], [ 109.742913441388183, -7.792137518326941, 0.0 ], [ 109.742912656781968, -7.792133960606846, 0.0 ], [ 109.74291337943859, -7.79208188618929, 0.0 ], [ 109.742914207023787, -7.792022246707464, 0.0 ], [ 109.74291573036362, -7.791912474804629, 0.0 ], [ 109.742916513967018, -7.791856004374949, 0.0 ], [ 109.742917307543664, -7.791798818906592, 0.0 ], [ 109.742917357013539, -7.791798159177739, 0.0 ], [ 109.74292153974082, -7.791746329672332, 0.0 ], [ 109.742921830021331, -7.791742973074331, 0.0 ], [ 109.742927679144657, -7.79168713117787, 0.0 ], [ 109.742932104928514, -7.791644877600237, 0.0 ], [ 109.74293527292248, -7.791614632381388, 0.0 ], [ 109.74293741525743, -7.791594179387852, 0.0 ], [ 109.742939377317654, -7.791575447383285, 0.0 ], [ 109.742945260416548, -7.791549037150943, 0.0 ], [ 109.74294557904021, -7.791546343977681, 0.0 ], [ 109.742953336726046, -7.791519629547546, 0.0 ], [ 109.742959496940088, -7.79150428152496, 0.0 ], [ 109.742974955373725, -7.791487223135706, 0.0 ], [ 109.743087111664806, -7.791440999459384, 0.0 ], [ 109.743143189802296, -7.791417887710587, 0.0 ], [ 109.743165867184629, -7.791408541527522, 0.0 ], [ 109.74318944313255, -7.791398825002599, 0.0 ], [ 109.743199267934955, -7.791394775849752, 0.0 ], [ 109.74322542573789, -7.79138266643237, 0.0 ], [ 109.743227972521609, -7.791381454607122, 0.0 ], [ 109.743255352858512, -7.791369384967699, 0.0 ], [ 109.743265995879966, -7.79136357652372, 0.0 ], [ 109.743285308702227, -7.791353036551779, 0.0 ], [ 109.743302096322935, -7.791343769231285, 0.0 ], [ 109.743311453359439, -7.791338768114625, 0.0 ], [ 109.743367553853275, -7.791308151188019, 0.0 ], [ 109.743374501441266, -7.791304359540864, 0.0 ], [ 109.743410669971141, -7.791284620556672, 0.0 ], [ 109.743446838463811, -7.791264881529719, 0.0 ], [ 109.743479754818651, -7.791246917402423, 0.0 ], [ 109.743535855290546, -7.7912163004462, 0.0 ], [ 109.743590708151004, -7.791186364460782, 0.0 ], [ 109.743627680962234, -7.791166186438097, 0.0 ], [ 109.743663849458414, -7.791146447415326, 0.0 ], [ 109.743704156661892, -7.791124449625492, 0.0 ], [ 109.743760257104171, -7.791093832734624, 0.0 ], [ 109.743794307558048, -7.791075249588717, 0.0 ], [ 109.743807538763264, -7.791066503412538, 0.0 ], [ 109.743816376768748, -7.79105676419735, 0.0 ], [ 109.74383357049507, -7.791036594472723, 0.0 ], [ 109.743841070325288, -7.791019528952252, 0.0 ], [ 109.743846601267222, -7.790963686077442, 0.0 ], [ 109.743848949979323, -7.790939972637172, 0.0 ], [ 109.743849871830506, -7.790930665185875, 0.0 ], [ 109.743852132243916, -7.790907843202176, 0.0 ], [ 109.743860428632317, -7.790824078888333, 0.0 ], [ 109.7438622224836, -7.790805967309703, 0.0 ], [ 109.744232363698998, -7.790917010089661, 0.0 ] ], [ [ 109.743983730897099, -7.791299297495355, 0.0 ], [ 109.743983810207865, -7.791299248460948, 0.0 ], [ 109.743983737905324, -7.791299192299501, 0.0 ], [ 109.743983681795783, -7.791299196239505, 0.0 ], [ 109.743983587317771, -7.791299247800224, 0.0 ], [ 109.743983608693995, -7.791299320401283, 0.0 ], [ 109.743983681401588, -7.791299328505615, 0.0 ], [ 109.743983730897099, -7.791299297495355, 0.0 ] ], [ [ 109.743708843499746, -7.791471717784568, 0.0 ], [ 109.743717928306381, -7.791466038018546, 0.0 ], [ 109.743710825478459, -7.791458373258976, 0.0 ], [ 109.743703159475061, -7.791458971407511, 0.0 ], [ 109.743698635784696, -7.791461476684731, 0.0 ], [ 109.743688463159899, -7.791465950652626, 0.0 ], [ 109.743693801121225, -7.791475251377895, 0.0 ], [ 109.743703110794073, -7.791475301825687, 0.0 ], [ 109.743708843499746, -7.791471717784568, 0.0 ] ], [ [ 109.743600279042241, -7.791530875778047, 0.0 ], [ 109.743620135929973, -7.791521607316169, 0.0 ], [ 109.743600294753492, -7.791512260818167, 0.0 ], [ 109.743590978417132, -7.791513514885613, 0.0 ], [ 109.743576388080413, -7.79152147758944, 0.0 ], [ 109.74357720221353, -7.791535154976983, 0.0 ], [ 109.743590908234907, -7.7915370557722, 0.0 ], [ 109.743600279042241, -7.791530875778047, 0.0 ] ], [ [ 109.743330397731611, -7.791708318513572, 0.0 ], [ 109.743362225299933, -7.791688420241679, 0.0 ], [ 109.743333567566367, -7.791665309136156, 0.0 ], [ 109.743310474984938, -7.791666867413615, 0.0 ], [ 109.743296622603339, -7.791674432876545, 0.0 ], [ 109.743271225889714, -7.791688150332456, 0.0 ], [ 109.743279081934503, -7.791712860697176, 0.0 ], [ 109.743254312715578, -7.791718180960418, 0.0 ], [ 109.743238791167911, -7.791728463986535, 0.0 ], [ 109.743218355696598, -7.791723837408186, 0.0 ], [ 109.743198274679671, -7.791727833169867, 0.0 ], [ 109.743187940655886, -7.791733472969262, 0.0 ], [ 109.743169188538445, -7.791743706916672, 0.0 ], [ 109.743165159390244, -7.791766643049971, 0.0 ], [ 109.743142141553363, -7.79176936827118, 0.0 ], [ 109.743125196818582, -7.791782575599754, 0.0 ], [ 109.743104193604907, -7.791799373363567, 0.0 ], [ 109.743122544237153, -7.791818825520792, 0.0 ], [ 109.74314197229296, -7.791826120183393, 0.0 ], [ 109.743184373694831, -7.791799611218052, 0.0 ], [ 109.743180318333344, -7.791781851598536, 0.0 ], [ 109.743198103813612, -7.791785126314365, 0.0 ], [ 109.743222237738095, -7.791767882281795, 0.0 ], [ 109.74323316045691, -7.791764853477114, 0.0 ], [ 109.743254200062282, -7.791755956552611, 0.0 ], [ 109.743273299600162, -7.79174401574139, 0.0 ], [ 109.743284369861485, -7.791718165928517, 0.0 ], [ 109.743310313933932, -7.791720874738302, 0.0 ], [ 109.743330397731611, -7.791708318513572, 0.0 ] ] ] } },
{ "type": "Feature", "properties": { "OBJECTID": 16, "Join_Count": 1, "TARGET_FID": 18, "Id": 6, "Contour": 1.6, "Shape_Leng": 316.21550692900001, "Skor": 2.0, "Shape_Le_1": 1241.1050600399999, "Shape_Area": 27917.841471799999 }, "geometry": { "type": "Polygon", "coordinates": [ [ [ 109.743096243205002, -7.793331786966738, 0.0 ], [ 109.743089, -7.793370000999951, 0.0 ], [ 109.743007804201142, -7.793744425599998, 0.0 ], [ 109.742240088582363, -7.793747626198456, 0.0 ], [ 109.742236006654622, -7.793747799636457, 0.0 ], [ 109.74218765175786, -7.793748161824759, 0.0 ], [ 109.742184077062277, -7.793748303156827, 0.0 ], [ 109.74217363213765, -7.793751684878548, 0.0 ], [ 109.742139544956956, -7.793763074237066, 0.0 ], [ 109.74212801337049, -7.793766454728691, 0.0 ], [ 109.741903758565641, -7.793839060940417, 0.0 ], [ 109.741882534718229, -7.793841378810336, 0.0 ], [ 109.741859181291687, -7.793851032231899, 0.0 ], [ 109.741847706660934, -7.793853259158365, 0.0 ], [ 109.741822561235907, -7.793831643777992, 0.0 ], [ 109.741803838775084, -7.793806445830694, 0.0 ], [ 109.741773137384683, -7.793750495412049, 0.0 ], [ 109.741760011528726, -7.793726575138888, 0.0 ], [ 109.74175009667411, -7.793708506960521, 0.0 ], [ 109.741740218138631, -7.793690504843659, 0.0 ], [ 109.741736195621797, -7.793683174239471, 0.0 ], [ 109.741624783091382, -7.7934801351275, 0.0 ], [ 109.741621460640985, -7.793474080315386, 0.0 ], [ 109.741613301337452, -7.793459211215494, 0.0 ], [ 109.741601667262813, -7.793438010023469, 0.0 ], [ 109.741588927254341, -7.793414792871971, 0.0 ], [ 109.74149682325266, -7.79324694159043, 0.0 ], [ 109.741466120969307, -7.793190991158249, 0.0 ], [ 109.741374017055477, -7.793023139863871, 0.0 ], [ 109.741360975872311, -7.793008310335334, 0.0 ], [ 109.74134620884584, -7.792987046400501, 0.0 ], [ 109.741338069628213, -7.792975326156283, 0.0 ], [ 109.741333639821121, -7.792967160681091, 0.0 ], [ 109.741310413706842, -7.792947050785023, 0.0 ], [ 109.741290370786302, -7.792929697220202, 0.0 ], [ 109.741280000411152, -7.792921509057673, 0.0 ], [ 109.741268902152854, -7.792911109113486, 0.0 ], [ 109.74123450591631, -7.792881327579751, 0.0 ], [ 109.741204164863788, -7.792855057539662, 0.0 ], [ 109.741190464011567, -7.792843195067697, 0.0 ], [ 109.741178641058085, -7.792832958387296, 0.0 ], [ 109.741170458815304, -7.792807334824549, 0.0 ], [ 109.741171859235777, -7.792799102331414, 0.0 ], [ 109.74117417892684, -7.792794544601295, 0.0 ], [ 109.741178785623234, -7.792784568612813, 0.0 ], [ 109.741198701399611, -7.79276312136933, 0.0 ], [ 109.741201900578417, -7.792743332386824, 0.0 ], [ 109.741213038052408, -7.792721478911755, 0.0 ], [ 109.741219215861733, -7.792703304094521, 0.0 ], [ 109.741225634633196, -7.792687543697489, 0.0 ], [ 109.741235140642175, -7.792668857670279, 0.0 ], [ 109.741249290821528, -7.79264579832661, 0.0 ], [ 109.741254008597821, -7.792631768792223, 0.0 ], [ 109.741339130444544, -7.792464444056807, 0.0 ], [ 109.741342041219809, -7.792458722331046, 0.0 ], [ 109.741360911724627, -7.792421628611031, 0.0 ], [ 109.741367504506471, -7.792408669138922, 0.0 ], [ 109.741629521065263, -7.79189361966959, 0.0 ], [ 109.741685860992717, -7.791782871553306, 0.0 ], [ 109.741854880578742, -7.791450626356976, 0.0 ], [ 109.741871132588813, -7.791420818718271, 0.0 ], [ 109.741881840677692, -7.79140473076528, 0.0 ], [ 109.741894362905498, -7.791388099174659, 0.0 ], [ 109.741911134062306, -7.79136879121187, 0.0 ], [ 109.742033101900063, -7.791237602184108, 0.0 ], [ 109.742055452985412, -7.791213561305229, 0.0 ], [ 109.742082403021826, -7.791184573687694, 0.0 ], [ 109.742110786842247, -7.791154043964434, 0.0 ], [ 109.742136681764123, -7.791126191220043, 0.0 ], [ 109.742163987078627, -7.791096821534262, 0.0 ], [ 109.74219020321388, -7.791068623281973, 0.0 ], [ 109.742217153275078, -7.791039635698291, 0.0 ], [ 109.742244103289011, -7.791010648066723, 0.0 ], [ 109.742292051627686, -7.790959074709602, 0.0 ], [ 109.742304460833537, -7.79094572728909, 0.0 ], [ 109.742324953429403, -7.790923685284626, 0.0 ], [ 109.74234384149733, -7.790903369188612, 0.0 ], [ 109.742360650307091, -7.790885289516858, 0.0 ], [ 109.742378853466917, -7.790865710042661, 0.0 ], [ 109.742395631353105, -7.790847663658926, 0.0 ], [ 109.742416839764346, -7.790824851737649, 0.0 ], [ 109.742436988607011, -7.790811983793826, 0.0 ], [ 109.742447421195067, -7.790791958120667, 0.0 ], [ 109.742473029205286, -7.790764413945028, 0.0 ], [ 109.742487561139626, -7.790777545119351, 0.0 ], [ 109.742491513854688, -7.790792088975433, 0.0 ], [ 109.742491077798888, -7.790810224299852, 0.0 ], [ 109.742492352599342, -7.790828488357755, 0.0 ], [ 109.742491953509898, -7.790847949524164, 0.0 ], [ 109.742490135629524, -7.790865304997924, 0.0 ], [ 109.742487672401168, -7.79088882185272, 0.0 ], [ 109.74248610443091, -7.790903791409673, 0.0 ], [ 109.742480255283866, -7.79095963329448, 0.0 ], [ 109.742479514938125, -7.790966701422867, 0.0 ], [ 109.742468556975197, -7.791071317062653, 0.0 ], [ 109.742463583870176, -7.791118796039545, 0.0 ], [ 109.742461634123046, -7.791137410404221, 0.0 ], [ 109.742458273497306, -7.791169494232392, 0.0 ], [ 109.74245685876167, -7.791183000829252, 0.0 ], [ 109.742451009597801, -7.791238842711679, 0.0 ], [ 109.74244861493564, -7.791261704699073, 0.0 ], [ 109.742447652769613, -7.791270890639729, 0.0 ], [ 109.74244516048735, -7.791294684593805, 0.0 ], [ 109.742439311308672, -7.791350526475292, 0.0 ], [ 109.742436386747954, -7.79137844741596, 0.0 ], [ 109.742435595775362, -7.79138599895925, 0.0 ], [ 109.742433462195876, -7.791406368356482, 0.0 ], [ 109.742427613021121, -7.791462210237027, 0.0 ], [ 109.742426411268696, -7.791473683433392, 0.0 ], [ 109.742422576554659, -7.791510293255868, 0.0 ], [ 109.742421100876953, -7.791524381620279, 0.0 ], [ 109.742415914769452, -7.791573893996993, 0.0 ], [ 109.742410480145807, -7.791625778054637, 0.0 ], [ 109.742410065586554, -7.791629735876172, 0.0 ], [ 109.742404216400857, -7.79168557775483, 0.0 ], [ 109.742403464564859, -7.791696321421136, 0.0 ], [ 109.742401061503244, -7.791728380520194, 0.0 ], [ 109.742400157907738, -7.791741424948226, 0.0 ], [ 109.742399382648131, -7.791797281886821, 0.0 ], [ 109.742397832333481, -7.791908995763992, 0.0 ], [ 109.742397057069695, -7.791964852702069, 0.0 ], [ 109.742395506743577, -7.792076566578218, 0.0 ], [ 109.742394731478669, -7.792132423515722, 0.0 ], [ 109.742393181144209, -7.792244137390821, 0.0 ], [ 109.742392405872025, -7.792299994327781, 0.0 ], [ 109.742390855529194, -7.792411708201817, 0.0 ], [ 109.742390080255944, -7.792467565138252, 0.0 ], [ 109.742388529904773, -7.792579279011204, 0.0 ], [ 109.742388207021932, -7.79260254336075, 0.0 ], [ 109.742388078956665, -7.792611771346501, 0.0 ], [ 109.742387423286658, -7.792659013821234, 0.0 ], [ 109.742387312052784, -7.792667027931467, 0.0 ], [ 109.742386979445143, -7.792690992883141, 0.0 ], [ 109.742386204267831, -7.792746849819013, 0.0 ], [ 109.742385855836886, -7.792771954706006, 0.0 ], [ 109.742385778309213, -7.79277754117871, 0.0 ], [ 109.742384653799846, -7.792858563689885, 0.0 ], [ 109.742383103429177, -7.792970277560332, 0.0 ], [ 109.742383463790262, -7.792997100002556, 0.0 ], [ 109.742383561195695, -7.792999420837249, 0.0 ], [ 109.742383945438803, -7.793026139296369, 0.0 ], [ 109.742388941912594, -7.793047362448159, 0.0 ], [ 109.742410109574891, -7.793080087442031, 0.0 ], [ 109.742415575124184, -7.793082092432846, 0.0 ], [ 109.742452573596353, -7.793095664972292, 0.0 ], [ 109.742494031816804, -7.793110873414958, 0.0 ], [ 109.74252200590071, -7.793121135404905, 0.0 ], [ 109.742633902253104, -7.793162183114915, 0.0 ], [ 109.742689850438424, -7.793182707183528, 0.0 ], [ 109.742722603717368, -7.793194722283308, 0.0 ], [ 109.742739603212129, -7.793200958304676, 0.0 ], [ 109.742745798630793, -7.793203231022185, 0.0 ], [ 109.742801746829684, -7.793223754857502, 0.0 ], [ 109.742821611727024, -7.793231042060749, 0.0 ], [ 109.742847130311503, -7.793240403180175, 0.0 ], [ 109.742862616019323, -7.793246083905978, 0.0 ], [ 109.742903620205752, -7.793261125854249, 0.0 ], [ 109.742935161441636, -7.793272696329868, 0.0 ], [ 109.742944624486285, -7.793276167708648, 0.0 ], [ 109.742969591464515, -7.793285326538009, 0.0 ], [ 109.743081487920549, -7.793326374146547, 0.0 ], [ 109.743096243205002, -7.793331786966738, 0.0 ] ], [ [ 109.742195962661654, -7.792531077843065, 0.0 ], [ 109.742198679775356, -7.792511973429942, 0.0 ], [ 109.742205180806138, -7.792484300164381, 0.0 ], [ 109.742207172030064, -7.792467022129915, 0.0 ], [ 109.742209665183054, -7.792445389062028, 0.0 ], [ 109.742211713380016, -7.792434828117626, 0.0 ], [ 109.742216667162296, -7.792383772111099, 0.0 ], [ 109.742216682351938, -7.792382738802429, 0.0 ], [ 109.742218981057249, -7.79235533872151, 0.0 ], [ 109.742219330868608, -7.792330418524237, 0.0 ], [ 109.742219415295239, -7.792324335918886, 0.0 ], [ 109.742219764092397, -7.792299481811667, 0.0 ], [ 109.742220539387418, -7.792243624878671, 0.0 ], [ 109.742222089767537, -7.79213191101152, 0.0 ], [ 109.74222286505838, -7.792076054077974, 0.0 ], [ 109.742224415427003, -7.79196434020975, 0.0 ], [ 109.742224702918634, -7.791943626087417, 0.0 ], [ 109.742224905384703, -7.791929038899561, 0.0 ], [ 109.7422254698335, -7.791888369510618, 0.0 ], [ 109.742225689121554, -7.791872568447268, 0.0 ], [ 109.742225965896068, -7.79185262634113, 0.0 ], [ 109.742226741077076, -7.791796769406423, 0.0 ], [ 109.742227003569027, -7.791777856259171, 0.0 ], [ 109.742227256578417, -7.791759627555055, 0.0 ], [ 109.742227516325258, -7.791740912471679, 0.0 ], [ 109.742228186304672, -7.791723016866771, 0.0 ], [ 109.742229083793617, -7.791702122594088, 0.0 ], [ 109.742229728880929, -7.791685059803632, 0.0 ], [ 109.742231294839968, -7.791670109587251, 0.0 ], [ 109.742234318918463, -7.791641239017631, 0.0 ], [ 109.742236605255712, -7.791619411400492, 0.0 ], [ 109.742238502633228, -7.791601296994412, 0.0 ], [ 109.742241427188958, -7.791573376057674, 0.0 ], [ 109.742244351790788, -7.791545455121041, 0.0 ], [ 109.742252536455226, -7.791467316815271, 0.0 ], [ 109.7422531255921, -7.791461692310213, 0.0 ], [ 109.742258974789536, -7.791405850435819, 0.0 ], [ 109.742260357410402, -7.791392650509014, 0.0 ], [ 109.742263157226077, -7.791365920405787, 0.0 ], [ 109.742264823912592, -7.791350008560638, 0.0 ], [ 109.742261624132212, -7.791335701206227, 0.0 ], [ 109.742247339828083, -7.791318299809413, 0.0 ], [ 109.742232097439484, -7.791334758819535, 0.0 ], [ 109.742218005794498, -7.791349869582561, 0.0 ], [ 109.742210583053236, -7.791369199912696, 0.0 ], [ 109.74219115079427, -7.791378562887177, 0.0 ], [ 109.742166037783647, -7.791405574547039, 0.0 ], [ 109.742151132598295, -7.791421606598941, 0.0 ], [ 109.742134961222874, -7.791439000621214, 0.0 ], [ 109.742114247821561, -7.791461280031339, 0.0 ], [ 109.742097232450647, -7.791479581794087, 0.0 ], [ 109.742078771635121, -7.791499438341807, 0.0 ], [ 109.742062457845648, -7.791516985507047, 0.0 ], [ 109.74202258203151, -7.791559875912935, 0.0 ], [ 109.742016827188635, -7.79156699100783, 0.0 ], [ 109.742013255229125, -7.791572698656194, 0.0 ], [ 109.742002527892069, -7.791592569912372, 0.0 ], [ 109.741996841726774, -7.791602966057278, 0.0 ], [ 109.741983484035728, -7.791628469493375, 0.0 ], [ 109.741966267034186, -7.791662313259623, 0.0 ], [ 109.741813241144129, -7.791963119342288, 0.0 ], [ 109.74180935283934, -7.791975122918451, 0.0 ], [ 109.741797247417153, -7.791994558497638, 0.0 ], [ 109.741784867303636, -7.792018894305828, 0.0 ], [ 109.741776924413472, -7.792039006923669, 0.0 ], [ 109.741773166769903, -7.792050870326499, 0.0 ], [ 109.741761027561168, -7.792074682731747, 0.0 ], [ 109.741758403900064, -7.792092085117579, 0.0 ], [ 109.741740888853982, -7.79211154440569, 0.0 ], [ 109.741735073794061, -7.792124704582291, 0.0 ], [ 109.741732145892186, -7.792130456180971, 0.0 ], [ 109.741730322113654, -7.792140901771312, 0.0 ], [ 109.741740708139474, -7.792172066603804, 0.0 ], [ 109.741796572998652, -7.792220435716698, 0.0 ], [ 109.741808345998564, -7.792230629127959, 0.0 ], [ 109.741821988964276, -7.792242441455182, 0.0 ], [ 109.741852437871003, -7.792268804827462, 0.0 ], [ 109.741908302754368, -7.792317174612736, 0.0 ], [ 109.741951463773418, -7.792354544406535, 0.0 ], [ 109.741958283053137, -7.792360448656129, 0.0 ], [ 109.741964167652924, -7.792365543712608, 0.0 ], [ 109.742020032564582, -7.792413912807018, 0.0 ], [ 109.742044153825177, -7.792434797675837, 0.0 ], [ 109.742048245403694, -7.792438340286512, 0.0 ], [ 109.742078232972943, -7.792464304050393, 0.0 ], [ 109.742080939376109, -7.792466647330954, 0.0 ], [ 109.742131762425288, -7.792510651659633, 0.0 ], [ 109.742187627376339, -7.792559020734518, 0.0 ], [ 109.742195962661654, -7.792531077843065, 0.0 ] ] ] } },
{ "type": "Feature", "properties": { "OBJECTID": 17, "Join_Count": 1, "TARGET_FID": 20, "Id": 2, "Contour": 1.8, "Shape_Leng": 85.316785487199994, "Skor": 2.0, "Shape_Le_1": 85.316785486000001, "Shape_Area": 365.14928254599999 }, "geometry": { "type": "Polygon", "coordinates": [ [ [ 109.735192063154813, -7.789600598194134, 0.0 ], [ 109.735195326701856, -7.789607477925031, 0.0 ], [ 109.735215023548619, -7.789653250402423, 0.0 ], [ 109.735206272658573, -7.789664311054997, 0.0 ], [ 109.735169115873788, -7.789683057891652, 0.0 ], [ 109.735164471840491, -7.789683643991036, 0.0 ], [ 109.73513906644196, -7.789691280140515, 0.0 ], [ 109.735124594359021, -7.789694415593446, 0.0 ], [ 109.735094736030405, -7.789697085931453, 0.0 ], [ 109.735083034061219, -7.789699134607812, 0.0 ], [ 109.735074737887075, -7.789700420651868, 0.0 ], [ 109.735053841097624, -7.789708628427256, 0.0 ], [ 109.735033482199412, -7.789715054997688, 0.0 ], [ 109.735026972033666, -7.789716868045824, 0.0 ], [ 109.735014339618544, -7.789721096509421, 0.0 ], [ 109.734986072603178, -7.789723515031829, 0.0 ], [ 109.734970909370318, -7.789734812120186, 0.0 ], [ 109.734954199222045, -7.789725025770262, 0.0 ], [ 109.734942558896535, -7.789708296254886, 0.0 ], [ 109.734924579230196, -7.789652383494302, 0.0 ], [ 109.734927951289535, -7.789639662506595, 0.0 ], [ 109.734915235148094, -7.789623324931689, 0.0 ], [ 109.734908713098051, -7.789603042368825, 0.0 ], [ 109.73490659990108, -7.78959647073454, 0.0 ], [ 109.734913162426793, -7.789594336375983, 0.0 ], [ 109.734915322844316, -7.789594103920241, 0.0 ], [ 109.734917607124018, -7.789594225055342, 0.0 ], [ 109.734966479440587, -7.789596649478487, 0.0 ], [ 109.734969405774038, -7.789598565575786, 0.0 ], [ 109.734971321038103, -7.789597636425318, 0.0 ], [ 109.734971982578756, -7.789597324742687, 0.0 ], [ 109.735020166430175, -7.789603935134959, 0.0 ], [ 109.735027315091145, -7.789602549472461, 0.0 ], [ 109.735032803362202, -7.789602320365611, 0.0 ], [ 109.735081685673762, -7.789598638894485, 0.0 ], [ 109.735083335845488, -7.789598565093724, 0.0 ], [ 109.735084860008257, -7.789598522789414, 0.0 ], [ 109.735087449598325, -7.789597010555718, 0.0 ], [ 109.735139379324082, -7.789587007519017, 0.0 ], [ 109.735149538993653, -7.789587063188367, 0.0 ], [ 109.735189957482277, -7.789597316498889, 0.0 ], [ 109.735192063154813, -7.789600598194134, 0.0 ] ] ] } },
{ "type": "Feature", "properties": { "OBJECTID": 18, "Join_Count": 1, "TARGET_FID": 21, "Id": 5, "Contour": 1.6, "Shape_Leng": 13.6176592009, "Skor": 2.0, "Shape_Le_1": 13.6176592, "Shape_Area": 10.9388772636 }, "geometry": { "type": "Polygon", "coordinates": [ [ [ 109.737782139070546, -7.789615447065641, 0.0 ], [ 109.737771693063806, -7.78962075743094, 0.0 ], [ 109.737758910563812, -7.78961773301714, 0.0 ], [ 109.737752566081767, -7.789604956757515, 0.0 ], [ 109.737766172122164, -7.789599427395121, 0.0 ], [ 109.737771809539254, -7.789581859078922, 0.0 ], [ 109.737786882473202, -7.789590001999104, 0.0 ], [ 109.737795235241123, -7.789605083841833, 0.0 ], [ 109.737782139070546, -7.789615447065641, 0.0 ] ] ] } },
{ "type": "Feature", "properties": { "OBJECTID": 19, "Join_Count": 1, "TARGET_FID": 22, "Id": 50, "Contour": 0.8, "Shape_Leng": 280.21106491400002, "Skor": 1.0, "Shape_Le_1": 280.21106491199998, "Shape_Area": 3758.5258273 }, "geometry": { "type": "Polygon", "coordinates": [ [ [ 109.73839501686291, -7.790510479172962, 0.0 ], [ 109.738385095786768, -7.790521094867632, 0.0 ], [ 109.73836989165828, -7.79051572102107, 0.0 ], [ 109.738356696842871, -7.790500502238759, 0.0 ], [ 109.738349528395872, -7.790480216018524, 0.0 ], [ 109.738341111046054, -7.790456395609977, 0.0 ], [ 109.738336937313036, -7.790444584249323, 0.0 ], [ 109.738297418424921, -7.790332748270215, 0.0 ], [ 109.738291231384352, -7.790315239401858, 0.0 ], [ 109.738279767312775, -7.790282796740181, 0.0 ], [ 109.738276657164533, -7.790273995219966, 0.0 ], [ 109.738262082868829, -7.790232751118674, 0.0 ], [ 109.738257899441365, -7.790220912289751, 0.0 ], [ 109.738247508634828, -7.79019150695587, 0.0 ], [ 109.738238139966839, -7.790164994299254, 0.0 ], [ 109.738198621123814, -7.790053158317828, 0.0 ], [ 109.738208869420205, -7.790043585725908, 0.0 ], [ 109.73823267759937, -7.79001144602173, 0.0 ], [ 109.738239713882891, -7.78999742151312, 0.0 ], [ 109.738318658182308, -7.789969726975776, 0.0 ], [ 109.738348268769528, -7.789959339240035, 0.0 ], [ 109.738386817679029, -7.789945815812046, 0.0 ], [ 109.738389721084857, -7.78994490187351, 0.0 ], [ 109.738397602358063, -7.789942032421632, 0.0 ], [ 109.738442885461041, -7.789926146587609, 0.0 ], [ 109.738468501037488, -7.789911888851393, 0.0 ], [ 109.738494953810985, -7.789886463064288, 0.0 ], [ 109.738494696465025, -7.789882144278648, 0.0 ], [ 109.738491090752277, -7.789838636356131, 0.0 ], [ 109.73849063570249, -7.789830591046998, 0.0 ], [ 109.738477092375774, -7.789662973241838, 0.0 ], [ 109.738476779866531, -7.789640063044147, 0.0 ], [ 109.73847738662883, -7.789629450758052, 0.0 ], [ 109.738477024456245, -7.789607113876103, 0.0 ], [ 109.738482735947187, -7.789590012384614, 0.0 ], [ 109.738499939038633, -7.789577073923811, 0.0 ], [ 109.73852945516704, -7.789607269943665, 0.0 ], [ 109.738538528058456, -7.789624528606606, 0.0 ], [ 109.738555776962428, -7.789634198047315, 0.0 ], [ 109.738653076133687, -7.789733738410571, 0.0 ], [ 109.73868072321055, -7.789762022288807, 0.0 ], [ 109.738693737562244, -7.789775336415582, 0.0 ], [ 109.738721117976155, -7.789803347489981, 0.0 ], [ 109.738779128808744, -7.78986269441276, 0.0 ], [ 109.738791311564384, -7.78987515777307, 0.0 ], [ 109.738818958650342, -7.789903441654692, 0.0 ], [ 109.738830639733706, -7.789915391775415, 0.0 ], [ 109.738912781037754, -7.789999424976531, 0.0 ], [ 109.73891360888075, -7.790022305881025, 0.0 ], [ 109.738911391709465, -7.790034576201849, 0.0 ], [ 109.738912611812196, -7.790055283644553, 0.0 ], [ 109.738899618781872, -7.790064296020576, 0.0 ], [ 109.738866602449733, -7.790087197227193, 0.0 ], [ 109.738839005380456, -7.790106339415344, 0.0 ], [ 109.738832424417623, -7.790110904181578, 0.0 ], [ 109.738800628955346, -7.79013305900875, 0.0 ], [ 109.738778272718164, -7.790148809278751, 0.0 ], [ 109.738768478731728, -7.790156829175872, 0.0 ], [ 109.738757875798839, -7.790166541482372, 0.0 ], [ 109.738739777215187, -7.790184059421764, 0.0 ], [ 109.738729108941698, -7.79019438544773, 0.0 ], [ 109.738700342130656, -7.790222229410586, 0.0 ], [ 109.738671575275305, -7.790250073370775, 0.0 ], [ 109.738654510447674, -7.790266590709946, 0.0 ], [ 109.738626088191722, -7.79029410113968, 0.0 ], [ 109.738614041553262, -7.790305761283345, 0.0 ], [ 109.73858527468343, -7.790333605235734, 0.0 ], [ 109.738556507856615, -7.79036144918556, 0.0 ], [ 109.73854082138611, -7.79037663240396, 0.0 ], [ 109.738512399090467, -7.790404142800806, 0.0 ], [ 109.738497420410852, -7.790418640923645, 0.0 ], [ 109.738483321657256, -7.790430995900794, 0.0 ], [ 109.738470207222463, -7.790444981019339, 0.0 ], [ 109.738455554509926, -7.790459163606392, 0.0 ], [ 109.738441248699559, -7.790473010445475, 0.0 ], [ 109.738421414582376, -7.790480937522216, 0.0 ], [ 109.738406329699131, -7.790500650008886, 0.0 ], [ 109.73839501686291, -7.790510479172962, 0.0 ] ] ] } },
{ "type": "Feature", "properties": { "OBJECTID": 20, "Join_Count": 1, "TARGET_FID": 23, "Id": 24, "Contour": 1.2, "Shape_Leng": 15.2835114805, "Skor": 2.0, "Shape_Le_1": 15.283511478299999, "Shape_Area": 13.883295625100001 }, "geometry": { "type": "Polygon", "coordinates": [ [ [ 109.738935588415913, -7.789440901118026, 0.0 ], [ 109.738912595019727, -7.789461025296844, 0.0 ], [ 109.73889238032335, -7.789450325687705, 0.0 ], [ 109.738888170541145, -7.789444974518104, 0.0 ], [ 109.738883100395753, -7.789440744933446, 0.0 ], [ 109.738881810174476, -7.789430138966188, 0.0 ], [ 109.738892466352326, -7.789421569137037, 0.0 ], [ 109.738935588415913, -7.789440901118026, 0.0 ] ] ] } },
{ "type": "Feature", "properties": { "OBJECTID": 21, "Join_Count": 1, "TARGET_FID": 25, "Id": 2, "Contour": 1.8, "Shape_Leng": 85.316785487199994, "Skor": 2.0, "Shape_Le_1": 550.11321795100002, "Shape_Area": 9649.1681654799995 }, "geometry": { "type": "Polygon", "coordinates": [ [ [ 109.735611131767072, -7.789352220473701, 0.0 ], [ 109.735623896448473, -7.789354971005978, 0.0 ], [ 109.735644155422506, -7.789354667695748, 0.0 ], [ 109.735663979309095, -7.789355521049161, 0.0 ], [ 109.735696736765675, -7.78937539223511, 0.0 ], [ 109.735793010002524, -7.789599115856578, 0.0 ], [ 109.735798540449622, -7.789611967630866, 0.0 ], [ 109.735811321057426, -7.789641667797572, 0.0 ], [ 109.735817078325269, -7.789655046760762, 0.0 ], [ 109.735841147011811, -7.789710977665491, 0.0 ], [ 109.735889283684358, -7.789822839471371, 0.0 ], [ 109.735891417314591, -7.789847484453575, 0.0 ], [ 109.735887221811012, -7.789858206030118, 0.0 ], [ 109.735893019396244, -7.789878709723737, 0.0 ], [ 109.735869675239215, -7.789881697089193, 0.0 ], [ 109.735866609098665, -7.789882012510654, 0.0 ], [ 109.735082295382597, -7.789945293391268, 0.0 ], [ 109.735067861538141, -7.78994649828901, 0.0 ], [ 109.73504293161696, -7.789948642828874, 0.0 ], [ 109.735026272337777, -7.789950025465109, 0.0 ], [ 109.735002817941066, -7.78996442298786, 0.0 ], [ 109.734981062868741, -7.789976855834529, 0.0 ], [ 109.734970163926945, -7.789983201986153, 0.0 ], [ 109.734914052730403, -7.790017303979032, 0.0 ], [ 109.734857941525917, -7.790051405823676, 0.0 ], [ 109.734801830312719, -7.790085507798615, 0.0 ], [ 109.734745719091606, -7.790119609625393, 0.0 ], [ 109.734689607861725, -7.790153711579266, 0.0 ], [ 109.73468904897139, -7.790153855134215, 0.0 ], [ 109.734688458127138, -7.790154410336353, 0.0 ], [ 109.734654394511509, -7.790175112598457, 0.0 ], [ 109.734633496623957, -7.790187813388121, 0.0 ], [ 109.734614380621096, -7.79019099286618, 0.0 ], [ 109.734596285735222, -7.790209994194362, 0.0 ], [ 109.734584513166652, -7.790217053209195, 0.0 ], [ 109.734577386943329, -7.790221393745438, 0.0 ], [ 109.734565833715365, -7.790221425494091, 0.0 ], [ 109.734550415892912, -7.790209857220348, 0.0 ], [ 109.734543383990612, -7.790187989177456, 0.0 ], [ 109.734537591608145, -7.790169976063188, 0.0 ], [ 109.734529804395308, -7.79014575926982, 0.0 ], [ 109.734521680995485, -7.790120496689864, 0.0 ], [ 109.734514457156976, -7.79009803167967, 0.0 ], [ 109.734496477545221, -7.790042118908342, 0.0 ], [ 109.734478498267563, -7.789986206137896, 0.0 ], [ 109.734460518660086, -7.789930293366311, 0.0 ], [ 109.734442539389789, -7.789874380595582, 0.0 ], [ 109.734424559792814, -7.789818467823707, 0.0 ], [ 109.734410699533697, -7.789775364529993, 0.0 ], [ 109.734407588523084, -7.789765689729112, 0.0 ], [ 109.734404606260696, -7.789756415432509, 0.0 ], [ 109.734394008926969, -7.789723459839998, 0.0 ], [ 109.734380429445494, -7.789681229844292, 0.0 ], [ 109.734378009165766, -7.789673703256094, 0.0 ], [ 109.734370621681734, -7.789650729509243, 0.0 ], [ 109.734355208854538, -7.789602798812376, 0.0 ], [ 109.734353270238813, -7.789596770097947, 0.0 ], [ 109.734351411870691, -7.789590990868218, 0.0 ], [ 109.734339690819937, -7.789554540047101, 0.0 ], [ 109.734326111284361, -7.789512310112424, 0.0 ], [ 109.734324815025033, -7.789508278925032, 0.0 ], [ 109.734312531819711, -7.789470080109836, 0.0 ], [ 109.73429870403595, -7.789427078420665, 0.0 ], [ 109.734299384179579, -7.789426736842529, 0.0 ], [ 109.734299728930381, -7.789426662828196, 0.0 ], [ 109.73430023204061, -7.789426581462776, 0.0 ], [ 109.734341646170236, -7.789413112229397, 0.0 ], [ 109.734355782941051, -7.789411591161064, 0.0 ], [ 109.734370730217634, -7.789412383818896, 0.0 ], [ 109.734398115735218, -7.789413742328015, 0.0 ], [ 109.734411783078926, -7.7894144626534, 0.0 ], [ 109.7344241142942, -7.789415152611508, 0.0 ], [ 109.734457208518606, -7.789417004335111, 0.0 ], [ 109.734477290037333, -7.789418127943681, 0.0 ], [ 109.734516348103753, -7.789420313294882, 0.0 ], [ 109.734530465835448, -7.789421103211079, 0.0 ], [ 109.734579781146508, -7.789423862539311, 0.0 ], [ 109.734636817384029, -7.789427053781231, 0.0 ], [ 109.734691779868356, -7.789430129077407, 0.0 ], [ 109.734747779232492, -7.789433262288568, 0.0 ], [ 109.734803778598348, -7.789436395586396, 0.0 ], [ 109.734859777966491, -7.789439528783017, 0.0 ], [ 109.734915777336425, -7.78944266206631, 0.0 ], [ 109.734971776708633, -7.789445795248394, 0.0 ], [ 109.735027776082561, -7.789448928517167, 0.0 ], [ 109.735047615986886, -7.789449101785334, 0.0 ], [ 109.735063697622806, -7.78944939454123, 0.0 ], [ 109.735083782942255, -7.789449567769449, 0.0 ], [ 109.735100678329047, -7.789446313250801, 0.0 ], [ 109.735128361523905, -7.789440980730663, 0.0 ], [ 109.73514752573486, -7.789437289178421, 0.0 ], [ 109.735198086161631, -7.789427549806839, 0.0 ], [ 109.735241220502502, -7.789419240971678, 0.0 ], [ 109.735267810715413, -7.789414118951576, 0.0 ], [ 109.73528806786743, -7.789410216843805, 0.0 ], [ 109.735307947612483, -7.789406387454487, 0.0 ], [ 109.735363988775632, -7.789395592405441, 0.0 ], [ 109.735420029937274, -7.789384797264343, 0.0 ], [ 109.735476984410781, -7.789373826270553, 0.0 ], [ 109.735522304795168, -7.789365096238797, 0.0 ], [ 109.735546709032093, -7.789360395288986, 0.0 ], [ 109.735569152190166, -7.789356072113597, 0.0 ], [ 109.735588153411456, -7.78935241192972, 0.0 ], [ 109.735611131767072, -7.789352220473701, 0.0 ] ], [ [ 109.735192063154813, -7.789600598194134, 0.0 ], [ 109.735189957482277, -7.789597316498889, 0.0 ], [ 109.735149538993653, -7.789587063188367, 0.0 ], [ 109.735139379324082, -7.789587007519017, 0.0 ], [ 109.735087449598325, -7.789597010555718, 0.0 ], [ 109.735084860008257, -7.789598522789414, 0.0 ], [ 109.735083335845488, -7.789598565093724, 0.0 ], [ 109.735081685673762, -7.789598638894485, 0.0 ], [ 109.735032803362202, -7.789602320365611, 0.0 ], [ 109.735027315091145, -7.789602549472461, 0.0 ], [ 109.735020166430175, -7.789603935134959, 0.0 ], [ 109.734971982578756, -7.789597324742687, 0.0 ], [ 109.734971321038103, -7.789597636425318, 0.0 ], [ 109.734969405774038, -7.789598565575786, 0.0 ], [ 109.734966479440587, -7.789596649478487, 0.0 ], [ 109.734917607124018, -7.789594225055342, 0.0 ], [ 109.734915322844316, -7.789594103920241, 0.0 ], [ 109.734913162426793, -7.789594336375983, 0.0 ], [ 109.73490659990108, -7.78959647073454, 0.0 ], [ 109.734908713098051, -7.789603042368825, 0.0 ], [ 109.734915235148094, -7.789623324931689, 0.0 ], [ 109.734927951289535, -7.789639662506595, 0.0 ], [ 109.734924579230196, -7.789652383494302, 0.0 ], [ 109.734942558896535, -7.789708296254886, 0.0 ], [ 109.734954199222045, -7.789725025770262, 0.0 ], [ 109.734970909370318, -7.789734812120186, 0.0 ], [ 109.734986072603178, -7.789723515031829, 0.0 ], [ 109.735014339618544, -7.789721096509421, 0.0 ], [ 109.735026972033666, -7.789716868045824, 0.0 ], [ 109.735033482199412, -7.789715054997688, 0.0 ], [ 109.735053841097624, -7.789708628427256, 0.0 ], [ 109.735074737887075, -7.789700420651868, 0.0 ], [ 109.735083034061219, -7.789699134607812, 0.0 ], [ 109.735094736030405, -7.789697085931453, 0.0 ], [ 109.735124594359021, -7.789694415593446, 0.0 ], [ 109.73513906644196, -7.789691280140515, 0.0 ], [ 109.735164471840491, -7.789683643991036, 0.0 ], [ 109.735169115873788, -7.789683057891652, 0.0 ], [ 109.735206272658573, -7.789664311054997, 0.0 ], [ 109.735215023548619, -7.789653250402423, 0.0 ], [ 109.735195326701856, -7.789607477925031, 0.0 ], [ 109.735192063154813, -7.789600598194134, 0.0 ] ] ] } },
{ "type": "Feature", "properties": { "OBJECTID": 22, "Join_Count": 1, "TARGET_FID": 26, "Id": 5, "Contour": 1.6, "Shape_Leng": 13.6176592009, "Skor": 2.0, "Shape_Le_1": 287.92755516800003, "Shape_Area": 1741.2279561800001 }, "geometry": { "type": "Polygon", "coordinates": [ [ [ 109.737941665412976, -7.789271262032216, 0.0 ], [ 109.737973193568877, -7.789661472973386, 0.0 ], [ 109.737958570034309, -7.78968040754169, 0.0 ], [ 109.737939502114244, -7.789693412400941, 0.0 ], [ 109.737923682173928, -7.78970143097477, 0.0 ], [ 109.737883937827746, -7.78971655382205, 0.0 ], [ 109.737883423296509, -7.789716774005214, 0.0 ], [ 109.73784183281974, -7.789731364344989, 0.0 ], [ 109.737796934338505, -7.789747115197693, 0.0 ], [ 109.737759082668617, -7.789760393935777, 0.0 ], [ 109.737676332551885, -7.789789423554025, 0.0 ], [ 109.7376349574606, -7.789803938325512, 0.0 ], [ 109.737623051084171, -7.789808115207456, 0.0 ], [ 109.737593582388769, -7.789818453115244, 0.0 ], [ 109.737566824319487, -7.789827840078264, 0.0 ], [ 109.737547016632917, -7.789834788792673, 0.0 ], [ 109.737490948840843, -7.789854457948893, 0.0 ], [ 109.737434881044791, -7.789874127015881, 0.0 ], [ 109.737378813244348, -7.789893796155548, 0.0 ], [ 109.737322745439954, -7.789913465206014, 0.0 ], [ 109.737266677631155, -7.789933134329163, 0.0 ], [ 109.737241975408082, -7.78991389686967, 0.0 ], [ 109.737251047348181, -7.789938617555819, 0.0 ], [ 109.737210609818348, -7.789952803363074, 0.0 ], [ 109.737193603249139, -7.789955399725392, 0.0 ], [ 109.737170352242018, -7.789954090142924, 0.0 ], [ 109.737154585005982, -7.789958118195978, 0.0 ], [ 109.737145201715478, -7.789947691508902, 0.0 ], [ 109.737147570447533, -7.789938309210663, 0.0 ], [ 109.737150064911589, -7.789933735783233, 0.0 ], [ 109.737154663848472, -7.789931801860803, 0.0 ], [ 109.737162627581995, -7.78993041577995, 0.0 ], [ 109.737201637681622, -7.789929452409391, 0.0 ], [ 109.737210686628643, -7.789927164188698, 0.0 ], [ 109.737238385164019, -7.789910294765805, 0.0 ], [ 109.737240369283654, -7.789882726600933, 0.0 ], [ 109.73725312226604, -7.789869054026628, 0.0 ], [ 109.737266882522363, -7.789864738505274, 0.0 ], [ 109.73729200245522, -7.789857848260706, 0.0 ], [ 109.737299394652027, -7.78985945275532, 0.0 ], [ 109.737318364283979, -7.789831713538107, 0.0 ], [ 109.737322397491567, -7.789827111875772, 0.0 ], [ 109.737322610237669, -7.789826718513236, 0.0 ], [ 109.737323005799411, -7.789826549046309, 0.0 ], [ 109.737324112978428, -7.789826014365192, 0.0 ], [ 109.737359372808285, -7.789807576009012, 0.0 ], [ 109.737379095859723, -7.789799445790941, 0.0 ], [ 109.737399251931492, -7.789791560346085, 0.0 ], [ 109.737409071037064, -7.789771510971002, 0.0 ], [ 109.737421882706556, -7.789758239368624, 0.0 ], [ 109.737435240619874, -7.789754078021818, 0.0 ], [ 109.737463088411729, -7.789743554672853, 0.0 ], [ 109.737465600266844, -7.789741438649898, 0.0 ], [ 109.737491346430346, -7.78972171097648, 0.0 ], [ 109.737495060624667, -7.789719605983499, 0.0 ], [ 109.737495652423249, -7.789715909770225, 0.0 ], [ 109.737524696813026, -7.789693313559601, 0.0 ], [ 109.737547472335166, -7.789682631822702, 0.0 ], [ 109.737565051918992, -7.789677775454722, 0.0 ], [ 109.737582233788231, -7.789660308547954, 0.0 ], [ 109.737593094800744, -7.789649884458731, 0.0 ], [ 109.737603589120653, -7.789646594475151, 0.0 ], [ 109.737630870159677, -7.789631758084481, 0.0 ], [ 109.737636353157356, -7.789627849284148, 0.0 ], [ 109.73765970155425, -7.789612007392002, 0.0 ], [ 109.737665189119284, -7.789610163893971, 0.0 ], [ 109.737668815138278, -7.789604707304173, 0.0 ], [ 109.737695316980449, -7.789584364768255, 0.0 ], [ 109.737715826465745, -7.789573250486325, 0.0 ], [ 109.737730640894696, -7.789563778852539, 0.0 ], [ 109.737739221196307, -7.789549057862394, 0.0 ], [ 109.737750311651212, -7.789527488094512, 0.0 ], [ 109.737772073639377, -7.789493658972722, 0.0 ], [ 109.73777232385423, -7.789493546515566, 0.0 ], [ 109.73777246225437, -7.789493297717977, 0.0 ], [ 109.737773213542937, -7.789492167552877, 0.0 ], [ 109.737796467178754, -7.789461743098044, 0.0 ], [ 109.737805355149078, -7.78943753653252, 0.0 ], [ 109.73781226440434, -7.789421566026876, 0.0 ], [ 109.737828366706353, -7.789398732250238, 0.0 ], [ 109.737841589452742, -7.789394961444421, 0.0 ], [ 109.737850462063108, -7.789381811717738, 0.0 ], [ 109.737864419728211, -7.789361840647746, 0.0 ], [ 109.737865424905635, -7.789345057388564, 0.0 ], [ 109.737871489088718, -7.789326015186186, 0.0 ], [ 109.737874892695018, -7.789316321744574, 0.0 ], [ 109.73788465974566, -7.789303805551378, 0.0 ], [ 109.737910138104112, -7.789300729193877, 0.0 ], [ 109.737926761837755, -7.789312335691174, 0.0 ], [ 109.737937166046024, -7.789273933968204, 0.0 ], [ 109.73794023088125, -7.789270360742568, 0.0 ], [ 109.737940468792615, -7.789270061459536, 0.0 ], [ 109.73794079813014, -7.789260527797961, 0.0 ], [ 109.737941665412976, -7.789271262032216, 0.0 ] ], [ [ 109.737782139070546, -7.789615447065641, 0.0 ], [ 109.737795235241123, -7.789605083841833, 0.0 ], [ 109.737786882473202, -7.789590001999104, 0.0 ], [ 109.737771809539254, -7.789581859078922, 0.0 ], [ 109.737766172122164, -7.789599427395121, 0.0 ], [ 109.737752566081767, -7.789604956757515, 0.0 ], [ 109.737758910563812, -7.78961773301714, 0.0 ], [ 109.737771693063806, -7.78962075743094, 0.0 ], [ 109.737782139070546, -7.789615447065641, 0.0 ] ] ] } },
{ "type": "Feature", "properties": { "OBJECTID": 23, "Join_Count": 1, "TARGET_FID": 27, "Id": 34, "Contour": 1.0, "Shape_Leng": 14.100949504800001, "Skor": 1.0, "Shape_Le_1": 14.100949503100001, "Shape_Area": 8.4693957918499994 }, "geometry": { "type": "Polygon", "coordinates": [ [ [ 109.737156635713376, -7.789273595757984, 0.0 ], [ 109.737148476305293, -7.789276132306957, 0.0 ], [ 109.737110518620284, -7.789267889174053, 0.0 ], [ 109.737145545160757, -7.789256882693144, 0.0 ], [ 109.737156696277353, -7.789253378667281, 0.0 ], [ 109.737166144568548, -7.789258616233378, 0.0 ], [ 109.737166979485821, -7.78926805741265, 0.0 ], [ 109.737160214669132, -7.789271600688019, 0.0 ], [ 109.737156635713376, -7.789273595757984, 0.0 ] ] ] } },
{ "type": "Feature", "properties": { "OBJECTID": 24, "Join_Count": 1, "TARGET_FID": 28, "Id": 7, "Contour": 1.6, "Shape_Leng": 464.79643246400002, "Skor": 2.0, "Shape_Le_1": 1260.6373685799999, "Shape_Area": 20332.7344572 }, "geometry": { "type": "Polygon", "coordinates": [ [ [ 109.73615781183436, -7.789097471874128, 0.0 ], [ 109.736183068439743, -7.789119368954865, 0.0 ], [ 109.736198186785387, -7.789146789556092, 0.0 ], [ 109.736202517407378, -7.789153464300736, 0.0 ], [ 109.736226585772314, -7.789209395187433, 0.0 ], [ 109.73623681420041, -7.78923316417943, 0.0 ], [ 109.736243180783603, -7.789247959100079, 0.0 ], [ 109.736253613287232, -7.789272202475229, 0.0 ], [ 109.73626045162591, -7.789288093450967, 0.0 ], [ 109.736274722876828, -7.789321256960369, 0.0 ], [ 109.736395064836785, -7.789600911381547, 0.0 ], [ 109.736419133603391, -7.78965684226542, 0.0 ], [ 109.736427315659384, -7.789675855967886, 0.0 ], [ 109.736438403894738, -7.789701623212862, 0.0 ], [ 109.736443202017043, -7.789712773147702, 0.0 ], [ 109.736539475725721, -7.789936496671997, 0.0 ], [ 109.736555997967045, -7.789974891058383, 0.0 ], [ 109.736572797122747, -7.790013929330326, 0.0 ], [ 109.736582603654512, -7.790036717739557, 0.0 ], [ 109.736587612970993, -7.79004835843227, 0.0 ], [ 109.736555802973285, -7.790065855043734, 0.0 ], [ 109.736538150066139, -7.790070622932033, 0.0 ], [ 109.736511763908638, -7.790074436493781, 0.0 ], [ 109.7365090285668, -7.790074952574264, 0.0 ], [ 109.73648211771372, -7.790078449688064, 0.0 ], [ 109.735641781094571, -7.790146251746557, 0.0 ], [ 109.735631599302081, -7.790147073264157, 0.0 ], [ 109.735592674176601, -7.790150213866287, 0.0 ], [ 109.735585758653087, -7.790150771841108, 0.0 ], [ 109.735501724991053, -7.790157551926559, 0.0 ], [ 109.735417691328891, -7.790164332007896, 0.0 ], [ 109.7354092122618, -7.790165016136485, 0.0 ], [ 109.735373172224541, -7.790167924035884, 0.0 ], [ 109.735361668887094, -7.790168852169163, 0.0 ], [ 109.735249624004197, -7.790177892213106, 0.0 ], [ 109.735225750231209, -7.790179818431707, 0.0 ], [ 109.735218115941223, -7.790180434386172, 0.0 ], [ 109.735193601562528, -7.790182412293322, 0.0 ], [ 109.73502553423792, -7.790195972319879, 0.0 ], [ 109.735014450761483, -7.790200201489519, 0.0 ], [ 109.734972786905644, -7.790214426351103, 0.0 ], [ 109.734969466952606, -7.790215434052739, 0.0 ], [ 109.734913355722483, -7.790249535900882, 0.0 ], [ 109.734857244483578, -7.790283637879358, 0.0 ], [ 109.734801133236815, -7.790317739709648, 0.0 ], [ 109.734745021981269, -7.790351841670184, 0.0 ], [ 109.734688910717807, -7.790385943482587, 0.0 ], [ 109.73463279944562, -7.790420045425338, 0.0 ], [ 109.734604743806614, -7.79043709632043, 0.0 ], [ 109.734589622193241, -7.790446286512596, 0.0 ], [ 109.734576688165532, -7.790454147219838, 0.0 ], [ 109.734519243465797, -7.790489059528174, 0.0 ], [ 109.734485293650721, -7.790509692588237, 0.0 ], [ 109.734450517461397, -7.790530827939931, 0.0 ], [ 109.734427781986938, -7.790544645456743, 0.0 ], [ 109.734408354274834, -7.790556452688947, 0.0 ], [ 109.734352242961009, -7.790590554586879, 0.0 ], [ 109.734346188880536, -7.790594233971092, 0.0 ], [ 109.734336320710398, -7.79060023136217, 0.0 ], [ 109.734296131639255, -7.790624656336695, 0.0 ], [ 109.73427556971113, -7.79063543433927, 0.0 ], [ 109.734244859393016, -7.790655817243777, 0.0 ], [ 109.734240020308746, -7.790658758216821, 0.0 ], [ 109.734234679779959, -7.790661106045348, 0.0 ], [ 109.734200587934112, -7.790672257630974, 0.0 ], [ 109.734183937572226, -7.790683336448835, 0.0 ], [ 109.734161519439297, -7.790677942599115, 0.0 ], [ 109.734140292610888, -7.790655504880754, 0.0 ], [ 109.734137315212052, -7.790646245639628, 0.0 ], [ 109.734128125876524, -7.790617668608582, 0.0 ], [ 109.734122313111214, -7.790599592099379, 0.0 ], [ 109.734104333873887, -7.790543679318634, 0.0 ], [ 109.734086354309909, -7.790487766536712, 0.0 ], [ 109.73407263526542, -7.790445102317313, 0.0 ], [ 109.734069586272554, -7.790434928685277, 0.0 ], [ 109.734068918259837, -7.790431855378424, 0.0 ], [ 109.734068025884014, -7.790427202043157, 0.0 ], [ 109.734058503634259, -7.790390223412798, 0.0 ], [ 109.734056186492467, -7.790375958273696, 0.0 ], [ 109.73405295314339, -7.790356052395366, 0.0 ], [ 109.734050049019302, -7.790342912803259, 0.0 ], [ 109.734046833470046, -7.790320071262815, 0.0 ], [ 109.734043169000017, -7.790294041189542, 0.0 ], [ 109.734042878868365, -7.790289917797709, 0.0 ], [ 109.734037210612527, -7.790244255901633, 0.0 ], [ 109.734036143211583, -7.790227132898415, 0.0 ], [ 109.734034055432758, -7.79020831495048, 0.0 ], [ 109.73403303310802, -7.790192705101057, 0.0 ], [ 109.734031495659082, -7.79016644302796, 0.0 ], [ 109.734030591295848, -7.790152445532218, 0.0 ], [ 109.734017561382544, -7.789928354937828, 0.0 ], [ 109.734014567064946, -7.789876858268845, 0.0 ], [ 109.734014101811965, -7.789868856993342, 0.0 ], [ 109.734011505145673, -7.789824201509125, 0.0 ], [ 109.734011099938542, -7.789817232886108, 0.0 ], [ 109.733994857273558, -7.789537889013941, 0.0 ], [ 109.733991608572524, -7.789482020238931, 0.0 ], [ 109.733981862966047, -7.789314413915172, 0.0 ], [ 109.734005283799306, -7.789299740862189, 0.0 ], [ 109.734020079175409, -7.789295459269958, 0.0 ], [ 109.73404212936056, -7.789292611205092, 0.0 ], [ 109.734052315677459, -7.789290902007707, 0.0 ], [ 109.734076110018847, -7.78928809761031, 0.0 ], [ 109.734160142103761, -7.789281776967646, 0.0 ], [ 109.734165844509434, -7.78928134804303, 0.0 ], [ 109.734188152798808, -7.789279670076519, 0.0 ], [ 109.734244174188973, -7.789275456259417, 0.0 ], [ 109.734259163332027, -7.789274328817454, 0.0 ], [ 109.734287422842002, -7.789272203228908, 0.0 ], [ 109.734300195579067, -7.789271242496156, 0.0 ], [ 109.734311273017497, -7.789270584593108, 0.0 ], [ 109.734348071322898, -7.789267770279978, 0.0 ], [ 109.734356216245175, -7.789267269881939, 0.0 ], [ 109.73436370460702, -7.789267163339098, 0.0 ], [ 109.734408626936883, -7.789263429385131, 0.0 ], [ 109.734412236696116, -7.789263368971117, 0.0 ], [ 109.734468236029969, -7.789266502305997, 0.0 ], [ 109.734524235366052, -7.789269635546254, 0.0 ], [ 109.734580234703969, -7.789272768866666, 0.0 ], [ 109.734636234044117, -7.789275902092331, 0.0 ], [ 109.734692233386056, -7.789279035398206, 0.0 ], [ 109.734748232730311, -7.789282168609336, 0.0 ], [ 109.734804232076286, -7.789285301900676, 0.0 ], [ 109.734860231424534, -7.789288435097317, 0.0 ], [ 109.734916230774601, -7.78929156837412, 0.0 ], [ 109.7349722301269, -7.789294701556178, 0.0 ], [ 109.73502822948096, -7.789297834818424, 0.0 ], [ 109.735084228837323, -7.789300967985945, 0.0 ], [ 109.735104946798018, -7.789297116239542, 0.0 ], [ 109.735117145103203, -7.78929475433554, 0.0 ], [ 109.735140268891925, -7.789290537922247, 0.0 ], [ 109.7351641913706, -7.789285929794748, 0.0 ], [ 109.735174388815508, -7.789283965473522, 0.0 ], [ 109.735211038726703, -7.789276905679715, 0.0 ], [ 109.735244113360523, -7.789270534608642, 0.0 ], [ 109.735257886115818, -7.78926788159167, 0.0 ], [ 109.735304733450889, -7.789258857446129, 0.0 ], [ 109.735313837968548, -7.789257103660558, 0.0 ], [ 109.735351580840728, -7.7892498333503, 0.0 ], [ 109.735383562502022, -7.789243672774571, 0.0 ], [ 109.735398428192042, -7.789240809210043, 0.0 ], [ 109.735448495185167, -7.789231164891583, 0.0 ], [ 109.735453287076581, -7.789230241831188, 0.0 ], [ 109.735492122909704, -7.78922276093564, 0.0 ], [ 109.735523011610965, -7.789216810914308, 0.0 ], [ 109.7355389702916, -7.789213736817827, 0.0 ], [ 109.735585817619508, -7.789204712636018, 0.0 ], [ 109.735644639162757, -7.789193381962496, 0.0 ], [ 109.73570068029548, -7.789182586775426, 0.0 ], [ 109.735756721426213, -7.78917179167115, 0.0 ], [ 109.73577320710227, -7.789168616051885, 0.0 ], [ 109.735801909796919, -7.789163087047378, 0.0 ], [ 109.735820054433461, -7.789159591852282, 0.0 ], [ 109.735871634302356, -7.789149656085709, 0.0 ], [ 109.73591374913569, -7.789141543488499, 0.0 ], [ 109.735941358880183, -7.789136225034285, 0.0 ], [ 109.735960596500547, -7.789132519311414, 0.0 ], [ 109.736008906493993, -7.789123213356787, 0.0 ], [ 109.736011083405316, -7.789122794022362, 0.0 ], [ 109.736036927054926, -7.789117815762913, 0.0 ], [ 109.736057178090178, -7.789117367361662, 0.0 ], [ 109.73607751240597, -7.789112630117518, 0.0 ], [ 109.736092952987008, -7.789112086515145, 0.0 ], [ 109.736108392937808, -7.789112725115962, 0.0 ], [ 109.736142771100489, -7.789097427022545, 0.0 ], [ 109.736149009294294, -7.789096225361305, 0.0 ], [ 109.736150402065945, -7.789096061217004, 0.0 ], [ 109.73615781183436, -7.789097471874128, 0.0 ] ], [ [ 109.735611131767072, -7.789352220473701, 0.0 ], [ 109.735588153411456, -7.78935241192972, 0.0 ], [ 109.735569152190166, -7.789356072113597, 0.0 ], [ 109.735546709032093, -7.789360395288986, 0.0 ], [ 109.735522304795168, -7.789365096238797, 0.0 ], [ 109.735476984410781, -7.789373826270553, 0.0 ], [ 109.735420029937274, -7.789384797264343, 0.0 ], [ 109.735363988775632, -7.789395592405441, 0.0 ], [ 109.735307947612483, -7.789406387454487, 0.0 ], [ 109.73528806786743, -7.789410216843805, 0.0 ], [ 109.735267810715413, -7.789414118951576, 0.0 ], [ 109.735241220502502, -7.789419240971678, 0.0 ], [ 109.735198086161631, -7.789427549806839, 0.0 ], [ 109.73514752573486, -7.789437289178421, 0.0 ], [ 109.735128361523905, -7.789440980730663, 0.0 ], [ 109.735100678329047, -7.789446313250801, 0.0 ], [ 109.735083782942255, -7.789449567769449, 0.0 ], [ 109.735063697622806, -7.78944939454123, 0.0 ], [ 109.735047615986886, -7.789449101785334, 0.0 ], [ 109.735027776082561, -7.789448928517167, 0.0 ], [ 109.734971776708633, -7.789445795248394, 0.0 ], [ 109.734915777336425, -7.78944266206631, 0.0 ], [ 109.734859777966491, -7.789439528783017, 0.0 ], [ 109.734803778598348, -7.789436395586396, 0.0 ], [ 109.734747779232492, -7.789433262288568, 0.0 ], [ 109.734691779868356, -7.789430129077407, 0.0 ], [ 109.734636817384029, -7.789427053781231, 0.0 ], [ 109.734579781146508, -7.789423862539311, 0.0 ], [ 109.734530465835448, -7.789421103211079, 0.0 ], [ 109.734516348103753, -7.789420313294882, 0.0 ], [ 109.734477290037333, -7.789418127943681, 0.0 ], [ 109.734457208518606, -7.789417004335111, 0.0 ], [ 109.7344241142942, -7.789415152611508, 0.0 ], [ 109.734411783078926, -7.7894144626534, 0.0 ], [ 109.734398115735218, -7.789413742328015, 0.0 ], [ 109.734370730217634, -7.789412383818896, 0.0 ], [ 109.734355782941051, -7.789411591161064, 0.0 ], [ 109.734341646170236, -7.789413112229397, 0.0 ], [ 109.73430023204061, -7.789426581462776, 0.0 ], [ 109.734299728930381, -7.789426662828196, 0.0 ], [ 109.734299384179579, -7.789426736842529, 0.0 ], [ 109.73429870403595, -7.789427078420665, 0.0 ], [ 109.734312531819711, -7.789470080109836, 0.0 ], [ 109.734324815025033, -7.789508278925032, 0.0 ], [ 109.734326111284361, -7.789512310112424, 0.0 ], [ 109.734339690819937, -7.789554540047101, 0.0 ], [ 109.734351411870691, -7.789590990868218, 0.0 ], [ 109.734353270238813, -7.789596770097947, 0.0 ], [ 109.734355208854538, -7.789602798812376, 0.0 ], [ 109.734370621681734, -7.789650729509243, 0.0 ], [ 109.734378009165766, -7.789673703256094, 0.0 ], [ 109.734380429445494, -7.789681229844292, 0.0 ], [ 109.734394008926969, -7.789723459839998, 0.0 ], [ 109.734404606260696, -7.789756415432509, 0.0 ], [ 109.734407588523084, -7.789765689729112, 0.0 ], [ 109.734410699533697, -7.789775364529993, 0.0 ], [ 109.734424559792814, -7.789818467823707, 0.0 ], [ 109.734442539389789, -7.789874380595582, 0.0 ], [ 109.734460518660086, -7.789930293366311, 0.0 ], [ 109.734478498267563, -7.789986206137896, 0.0 ], [ 109.734496477545221, -7.790042118908342, 0.0 ], [ 109.734514457156976, -7.79009803167967, 0.0 ], [ 109.734521680995485, -7.790120496689864, 0.0 ], [ 109.734529804395308, -7.79014575926982, 0.0 ], [ 109.734537591608145, -7.790169976063188, 0.0 ], [ 109.734543383990612, -7.790187989177456, 0.0 ], [ 109.734550415892912, -7.790209857220348, 0.0 ], [ 109.734565833715365, -7.790221425494091, 0.0 ], [ 109.734577386943329, -7.790221393745438, 0.0 ], [ 109.734584513166652, -7.790217053209195, 0.0 ], [ 109.734596285735222, -7.790209994194362, 0.0 ], [ 109.734614380621096, -7.79019099286618, 0.0 ], [ 109.734633496623957, -7.790187813388121, 0.0 ], [ 109.734654394511509, -7.790175112598457, 0.0 ], [ 109.734688458127138, -7.790154410336353, 0.0 ], [ 109.73468904897139, -7.790153855134215, 0.0 ], [ 109.734689607861725, -7.790153711579266, 0.0 ], [ 109.734745719091606, -7.790119609625393, 0.0 ], [ 109.734801830312719, -7.790085507798615, 0.0 ], [ 109.734857941525917, -7.790051405823676, 0.0 ], [ 109.734914052730403, -7.790017303979032, 0.0 ], [ 109.734970163926945, -7.789983201986153, 0.0 ], [ 109.734981062868741, -7.789976855834529, 0.0 ], [ 109.735002817941066, -7.78996442298786, 0.0 ], [ 109.735026272337777, -7.789950025465109, 0.0 ], [ 109.73504293161696, -7.789948642828874, 0.0 ], [ 109.735067861538141, -7.78994649828901, 0.0 ], [ 109.735082295382597, -7.789945293391268, 0.0 ], [ 109.735866609098665, -7.789882012510654, 0.0 ], [ 109.735869675239215, -7.789881697089193, 0.0 ], [ 109.735893019396244, -7.789878709723737, 0.0 ], [ 109.735887221811012, -7.789858206030118, 0.0 ], [ 109.735891417314591, -7.789847484453575, 0.0 ], [ 109.735889283684358, -7.789822839471371, 0.0 ], [ 109.735841147011811, -7.789710977665491, 0.0 ], [ 109.735817078325269, -7.789655046760762, 0.0 ], [ 109.735811321057426, -7.789641667797572, 0.0 ], [ 109.735798540449622, -7.789611967630866, 0.0 ], [ 109.735793010002524, -7.789599115856578, 0.0 ], [ 109.735696736765675, -7.78937539223511, 0.0 ], [ 109.735663979309095, -7.789355521049161, 0.0 ], [ 109.735644155422506, -7.789354667695748, 0.0 ], [ 109.735623896448473, -7.789354971005978, 0.0 ], [ 109.735611131767072, -7.789352220473701, 0.0 ] ] ] } },
{ "type": "Feature", "properties": { "OBJECTID": 25, "Join_Count": 1, "TARGET_FID": 29, "Id": 38, "Contour": 1.0, "Shape_Leng": 607.55822098500005, "Skor": 1.0, "Shape_Le_1": 887.76928590700004, "Shape_Area": 12670.7689742 }, "geometry": { "type": "Polygon", "coordinates": [ [ [ 109.738724056353533, -7.78954972239514, 0.0 ], [ 109.738751975329635, -7.789578284428736, 0.0 ], [ 109.738779894309459, -7.789606846496742, 0.0 ], [ 109.738807813293121, -7.789635408524513, 0.0 ], [ 109.73883573228045, -7.789663970589924, 0.0 ], [ 109.738890561887175, -7.789720062997802, 0.0 ], [ 109.738917942294563, -7.789748074061013, 0.0 ], [ 109.73894532273674, -7.789776085123043, 0.0 ], [ 109.738972703151404, -7.789804096183808, 0.0 ], [ 109.739000083603969, -7.789832107243418, 0.0 ], [ 109.739219127220863, -7.790056195675942, 0.0 ], [ 109.739219037810031, -7.790063736189675, 0.0 ], [ 109.73922877934065, -7.790109771540889, 0.0 ], [ 109.739230086035562, -7.790112087457709, 0.0 ], [ 109.739227945118358, -7.790113572467824, 0.0 ], [ 109.739170321230119, -7.790153542376901, 0.0 ], [ 109.739161912494467, -7.790159374956146, 0.0 ], [ 109.739128896143285, -7.790182276161488, 0.0 ], [ 109.739095879810492, -7.790205177386366, 0.0 ], [ 109.739062863449476, -7.790228078585325, 0.0 ], [ 109.738996830791848, -7.790273881042, 0.0 ], [ 109.738963814420686, -7.790296782231427, 0.0 ], [ 109.738945819519131, -7.790309264078541, 0.0 ], [ 109.738930800681203, -7.790319686058393, 0.0 ], [ 109.738909367504391, -7.790334569845712, 0.0 ], [ 109.738898067665033, -7.790342871534504, 0.0 ], [ 109.738889688900287, -7.790349921316683, 0.0 ], [ 109.738869107579148, -7.790369842375379, 0.0 ], [ 109.738848027181987, -7.79039024646453, 0.0 ], [ 109.73884068529884, -7.7903973527945, 0.0 ], [ 109.738833517241858, -7.790404290900212, 0.0 ], [ 109.738812263045915, -7.790424863240339, 0.0 ], [ 109.738783840761357, -7.790452373657718, 0.0 ], [ 109.738755418494847, -7.790479884091966, 0.0 ], [ 109.738732959708116, -7.790501622327718, 0.0 ], [ 109.738721173881757, -7.790513030034362, 0.0 ], [ 109.738670151673119, -7.790562415386078, 0.0 ], [ 109.738641729370087, -7.790589925787478, 0.0 ], [ 109.738613307085103, -7.790617436212314, 0.0 ], [ 109.738584884774681, -7.790644946611893, 0.0 ], [ 109.738560358466344, -7.790668686044903, 0.0 ], [ 109.738552658733141, -7.790676138740717, 0.0 ], [ 109.738387757013598, -7.790835749668336, 0.0 ], [ 109.738358990111308, -7.790863593596562, 0.0 ], [ 109.738327971666365, -7.790893616874992, 0.0 ], [ 109.738272689397306, -7.790947125365681, 0.0 ], [ 109.738243922482965, -7.790974969283425, 0.0 ], [ 109.738215628046532, -7.791002355830922, 0.0 ], [ 109.738215385450602, -7.791002572584979, 0.0 ], [ 109.73821515551812, -7.79100281319853, 0.0 ], [ 109.738187542132522, -7.791029540588799, 0.0 ], [ 109.738159456215001, -7.791056725295622, 0.0 ], [ 109.738158213307841, -7.791057264814165, 0.0 ], [ 109.738157307197383, -7.791058500084697, 0.0 ], [ 109.738128841992562, -7.791083823096707, 0.0 ], [ 109.738103285922165, -7.791110576024198, 0.0 ], [ 109.738097975687523, -7.791108881461733, 0.0 ], [ 109.738047751798248, -7.791113550414156, 0.0 ], [ 109.738047269813208, -7.791112929490666, 0.0 ], [ 109.738027900068502, -7.791058114690331, 0.0 ], [ 109.738018408769634, -7.791031254974224, 0.0 ], [ 109.738008140539321, -7.791002196689645, 0.0 ], [ 109.738003834492631, -7.790990010858838, 0.0 ], [ 109.737988381235681, -7.790946278689461, 0.0 ], [ 109.737968621668202, -7.790890360688135, 0.0 ], [ 109.737960111862961, -7.790866278318257, 0.0 ], [ 109.737955859151953, -7.790854243278291, 0.0 ], [ 109.737948862385394, -7.790834442687469, 0.0 ], [ 109.737945537717025, -7.790825034076487, 0.0 ], [ 109.737938982638056, -7.790806483686764, 0.0 ], [ 109.737930963438941, -7.790783789973437, 0.0 ], [ 109.73792518723026, -7.790767443708489, 0.0 ], [ 109.737916389206916, -7.790742545825046, 0.0 ], [ 109.737909343389845, -7.790722606684172, 0.0 ], [ 109.737901814958406, -7.790701301695899, 0.0 ], [ 109.737894515418077, -7.790680644235584, 0.0 ], [ 109.737889584047963, -7.790666688682599, 0.0 ], [ 109.737887240812228, -7.790660057463296, 0.0 ], [ 109.737880654615921, -7.790641419002386, 0.0 ], [ 109.737869824526385, -7.790610770680286, 0.0 ], [ 109.737863843510397, -7.790593844654937, 0.0 ], [ 109.737858092354827, -7.790577569172147, 0.0 ], [ 109.737850065230305, -7.790554852678406, 0.0 ], [ 109.737843518202979, -7.790536324958595, 0.0 ], [ 109.737833171737137, -7.790507045200423, 0.0 ], [ 109.737828943953417, -7.790495080838483, 0.0 ], [ 109.73782511628346, -7.790484248720531, 0.0 ], [ 109.737814369759263, -7.790453836666662, 0.0 ], [ 109.737810546345329, -7.790443016673041, 0.0 ], [ 109.73780249987766, -7.790420245647931, 0.0 ], [ 109.73779979552674, -7.790412592536637, 0.0 ], [ 109.737790786955856, -7.790387098670153, 0.0 ], [ 109.737785221359047, -7.790371348338742, 0.0 ], [ 109.7377710274896, -7.790331180666864, 0.0 ], [ 109.737756072952351, -7.790288860029639, 0.0 ], [ 109.737751268177107, -7.790275262663696, 0.0 ], [ 109.737741808847119, -7.790248493260484, 0.0 ], [ 109.737726924582915, -7.790206371694309, 0.0 ], [ 109.737712350426634, -7.790165127498982, 0.0 ], [ 109.737710484546326, -7.790159847175577, 0.0 ], [ 109.737697776178848, -7.790123883397182, 0.0 ], [ 109.737691989965583, -7.790107508652059, 0.0 ], [ 109.737696096933377, -7.790089385584658, 0.0 ], [ 109.737696739416037, -7.790069218421367, 0.0 ], [ 109.737699640221521, -7.790051672293898, 0.0 ], [ 109.737710539029393, -7.790047848879204, 0.0 ], [ 109.737751914132147, -7.790033334087713, 0.0 ], [ 109.737770477126787, -7.790026822018395, 0.0 ], [ 109.737794105689844, -7.790019638447667, 0.0 ], [ 109.737808139628996, -7.790014470557575, 0.0 ], [ 109.737826541529827, -7.790008290349065, 0.0 ], [ 109.737835615781407, -7.790005259091442, 0.0 ], [ 109.737857528791039, -7.789996283418548, 0.0 ], [ 109.737882612740748, -7.789987483730728, 0.0 ], [ 109.737910646641637, -7.789977649140731, 0.0 ], [ 109.737958789599276, -7.789960760065598, 0.0 ], [ 109.737983366914236, -7.78995213810272, 0.0 ], [ 109.738050816130283, -7.789928476211305, 0.0 ], [ 109.73807885002492, -7.789918641615309, 0.0 ], [ 109.738106883918491, -7.789908807010809, 0.0 ], [ 109.738165664997027, -7.789888185917856, 0.0 ], [ 109.738207040099539, -7.789873671105968, 0.0 ], [ 109.738244191799467, -7.789860637872652, 0.0 ], [ 109.738275087257747, -7.789849799411443, 0.0 ], [ 109.738289156173906, -7.789844005247661, 0.0 ], [ 109.738316804270198, -7.789830073557424, 0.0 ], [ 109.738319273597881, -7.789818195615712, 0.0 ], [ 109.73831630175944, -7.78978914879497, 0.0 ], [ 109.738318154928834, -7.789774218418746, 0.0 ], [ 109.738304611657341, -7.789606600618852, 0.0 ], [ 109.738303847927483, -7.789597148224608, 0.0 ], [ 109.73830009729275, -7.789550728019077, 0.0 ], [ 109.738292365914219, -7.78945504073558, 0.0 ], [ 109.738289971183079, -7.789425402301594, 0.0 ], [ 109.738286554055691, -7.789383110219308, 0.0 ], [ 109.738277525217541, -7.789271365019416, 0.0 ], [ 109.738277577533069, -7.789270610515144, 0.0 ], [ 109.738276843834427, -7.789262931915432, 0.0 ], [ 109.738268496370111, -7.789159619819479, 0.0 ], [ 109.73826826151469, -7.789150724791286, 0.0 ], [ 109.738269412808634, -7.789111626206601, 0.0 ], [ 109.738269177047442, -7.789103762685421, 0.0 ], [ 109.738271171193333, -7.789097617673237, 0.0 ], [ 109.738277353248577, -7.789092729506354, 0.0 ], [ 109.738288193321267, -7.78910381929661, 0.0 ], [ 109.738299400743202, -7.789125940383838, 0.0 ], [ 109.738300141937984, -7.789136854513648, 0.0 ], [ 109.738311578747343, -7.789138158573581, 0.0 ], [ 109.73833319108391, -7.789149853645348, 0.0 ], [ 109.738500704680334, -7.789321226031899, 0.0 ], [ 109.738528623626308, -7.789349788075687, 0.0 ], [ 109.73855929634712, -7.789381167283054, 0.0 ], [ 109.738586943375495, -7.789409451185698, 0.0 ], [ 109.738614590441955, -7.789437735048422, 0.0 ], [ 109.738640299447837, -7.789464036264019, 0.0 ], [ 109.738668218412627, -7.789492598301417, 0.0 ], [ 109.738669884551555, -7.789494302812054, 0.0 ], [ 109.738696137381282, -7.789521160327875, 0.0 ], [ 109.738724056353533, -7.78954972239514, 0.0 ] ], [ [ 109.73839501686291, -7.790510479172962, 0.0 ], [ 109.738406329699131, -7.790500650008886, 0.0 ], [ 109.738421414582376, -7.790480937522216, 0.0 ], [ 109.738441248699559, -7.790473010445475, 0.0 ], [ 109.738455554509926, -7.790459163606392, 0.0 ], [ 109.738470207222463, -7.790444981019339, 0.0 ], [ 109.738483321657256, -7.790430995900794, 0.0 ], [ 109.738497420410852, -7.790418640923645, 0.0 ], [ 109.738512399090467, -7.790404142800806, 0.0 ], [ 109.73854082138611, -7.79037663240396, 0.0 ], [ 109.738556507856615, -7.79036144918556, 0.0 ], [ 109.73858527468343, -7.790333605235734, 0.0 ], [ 109.738614041553262, -7.790305761283345, 0.0 ], [ 109.738626088191722, -7.79029410113968, 0.0 ], [ 109.738654510447674, -7.790266590709946, 0.0 ], [ 109.738671575275305, -7.790250073370775, 0.0 ], [ 109.738700342130656, -7.790222229410586, 0.0 ], [ 109.738729108941698, -7.79019438544773, 0.0 ], [ 109.738739777215187, -7.790184059421764, 0.0 ], [ 109.738757875798839, -7.790166541482372, 0.0 ], [ 109.738768478731728, -7.790156829175872, 0.0 ], [ 109.738778272718164, -7.790148809278751, 0.0 ], [ 109.738800628955346, -7.79013305900875, 0.0 ], [ 109.738832424417623, -7.790110904181578, 0.0 ], [ 109.738839005380456, -7.790106339415344, 0.0 ], [ 109.738866602449733, -7.790087197227193, 0.0 ], [ 109.738899618781872, -7.790064296020576, 0.0 ], [ 109.738912611812196, -7.790055283644553, 0.0 ], [ 109.738911391709465, -7.790034576201849, 0.0 ], [ 109.73891360888075, -7.790022305881025, 0.0 ], [ 109.738912781037754, -7.789999424976531, 0.0 ], [ 109.738830639733706, -7.789915391775415, 0.0 ], [ 109.738818958650342, -7.789903441654692, 0.0 ], [ 109.738791311564384, -7.78987515777307, 0.0 ], [ 109.738779128808744, -7.78986269441276, 0.0 ], [ 109.738721117976155, -7.789803347489981, 0.0 ], [ 109.738693737562244, -7.789775336415582, 0.0 ], [ 109.73868072321055, -7.789762022288807, 0.0 ], [ 109.738653076133687, -7.789733738410571, 0.0 ], [ 109.738555776962428, -7.789634198047315, 0.0 ], [ 109.738538528058456, -7.789624528606606, 0.0 ], [ 109.73852945516704, -7.789607269943665, 0.0 ], [ 109.738499939038633, -7.789577073923811, 0.0 ], [ 109.738482735947187, -7.789590012384614, 0.0 ], [ 109.738477024456245, -7.789607113876103, 0.0 ], [ 109.73847738662883, -7.789629450758052, 0.0 ], [ 109.738476779866531, -7.789640063044147, 0.0 ], [ 109.738477092375774, -7.789662973241838, 0.0 ], [ 109.73849063570249, -7.789830591046998, 0.0 ], [ 109.738491090752277, -7.789838636356131, 0.0 ], [ 109.738494696465025, -7.789882144278648, 0.0 ], [ 109.738494953810985, -7.789886463064288, 0.0 ], [ 109.738468501037488, -7.789911888851393, 0.0 ], [ 109.738442885461041, -7.789926146587609, 0.0 ], [ 109.738397602358063, -7.789942032421632, 0.0 ], [ 109.738389721084857, -7.78994490187351, 0.0 ], [ 109.738386817679029, -7.789945815812046, 0.0 ], [ 109.738348268769528, -7.789959339240035, 0.0 ], [ 109.738318658182308, -7.789969726975776, 0.0 ], [ 109.738239713882891, -7.78999742151312, 0.0 ], [ 109.73823267759937, -7.79001144602173, 0.0 ], [ 109.738208869420205, -7.790043585725908, 0.0 ], [ 109.738198621123814, -7.790053158317828, 0.0 ], [ 109.738238139966839, -7.790164994299254, 0.0 ], [ 109.738247508634828, -7.79019150695587, 0.0 ], [ 109.738257899441365, -7.790220912289751, 0.0 ], [ 109.738262082868829, -7.790232751118674, 0.0 ], [ 109.738276657164533, -7.790273995219966, 0.0 ], [ 109.738279767312775, -7.790282796740181, 0.0 ], [ 109.738291231384352, -7.790315239401858, 0.0 ], [ 109.738297418424921, -7.790332748270215, 0.0 ], [ 109.738336937313036, -7.790444584249323, 0.0 ], [ 109.738341111046054, -7.790456395609977, 0.0 ], [ 109.738349528395872, -7.790480216018524, 0.0 ], [ 109.738356696842871, -7.790500502238759, 0.0 ], [ 109.73836989165828, -7.79051572102107, 0.0 ], [ 109.738385095786768, -7.790521094867632, 0.0 ], [ 109.73839501686291, -7.790510479172962, 0.0 ] ] ] } },
{ "type": "Feature", "properties": { "OBJECTID": 26, "Join_Count": 1, "TARGET_FID": 30, "Id": 40, "Contour": 1.0, "Shape_Leng": 1036.1105594400001, "Skor": 1.0, "Shape_Le_1": 1302.1880792699999, "Shape_Area": 13742.4441783 }, "geometry": { "type": "MultiPolygon", "coordinates": [ [ [ [ 109.744308273642446, -7.791691225115158, 0.0 ], [ 109.744294709162773, -7.791713708781152, 0.0 ], [ 109.744093323574944, -7.791668751076866, 0.0 ], [ 109.744094604029385, -7.791667035356417, 0.0 ], [ 109.744148892448862, -7.791577050499638, 0.0 ], [ 109.744169948406494, -7.791542149487406, 0.0 ], [ 109.744191004382145, -7.791507248493005, 0.0 ], [ 109.744212060332217, -7.791472347477409, 0.0 ], [ 109.744214977904292, -7.791467511491519, 0.0 ], [ 109.744282258010614, -7.79135599233514, 0.0 ], [ 109.744299078017931, -7.791328112543352, 0.0 ], [ 109.744315898044647, -7.791300232750554, 0.0 ], [ 109.744317055273527, -7.791297556681621, 0.0 ], [ 109.744319778158058, -7.791285408410757, 0.0 ], [ 109.744327297520613, -7.791251806639846, 0.0 ], [ 109.744327794877293, -7.791244408726313, 0.0 ], [ 109.744319980193993, -7.791217598698533, 0.0 ], [ 109.744313418120853, -7.791195118148146, 0.0 ], [ 109.744311498738895, -7.79118850115159, 0.0 ], [ 109.744295202603723, -7.791132593576755, 0.0 ], [ 109.744278906521672, -7.791076686002036, 0.0 ], [ 109.744246314267514, -7.790964870852052, 0.0 ], [ 109.744232363698998, -7.790917010089661, 0.0 ], [ 109.744418042226954, -7.79097271371869, 0.0 ], [ 109.74441969097694, -7.790978370114332, 0.0 ], [ 109.744432040349437, -7.791020737231944, 0.0 ], [ 109.744448494931405, -7.791077188552879, 0.0 ], [ 109.744456642997832, -7.791105142338856, 0.0 ], [ 109.744464791080645, -7.791133096124791, 0.0 ], [ 109.744470068238329, -7.791151200597196, 0.0 ], [ 109.744481087208214, -7.791189003696594, 0.0 ], [ 109.744495256874345, -7.791237615841621, 0.0 ], [ 109.744497383370131, -7.791244911268376, 0.0 ], [ 109.744513679485493, -7.791300818839932, 0.0 ], [ 109.74451271287937, -7.791325776305725, 0.0 ], [ 109.744511317137679, -7.791333081098748, 0.0 ], [ 109.744510113864379, -7.7913566675593, 0.0 ], [ 109.744501647632973, -7.791370700654641, 0.0 ], [ 109.744476473882187, -7.79141242716266, 0.0 ], [ 109.744312144049729, -7.791684809767937, 0.0 ], [ 109.744308273642446, -7.791691225115158, 0.0 ] ] ], [ [ [ 109.743243873536727, -7.792255474914694, 0.0 ], [ 109.743252701563947, -7.792258424184727, 0.0 ], [ 109.743260343660111, -7.792254320040643, 0.0 ], [ 109.743272971995097, -7.792246748085221, 0.0 ], [ 109.743294880033972, -7.792233051450975, 0.0 ], [ 109.743263, -7.792452000999901, 0.0 ], [ 109.743228822485221, -7.792632317316933, 0.0 ], [ 109.743208384916429, -7.792624820060383, 0.0 ], [ 109.743168194625355, -7.792610076825131, 0.0 ], [ 109.743139665258965, -7.792599611210142, 0.0 ], [ 109.743083717114487, -7.79257908743267, 0.0 ], [ 109.74304436809669, -7.792564652659684, 0.0 ], [ 109.743027768977029, -7.792558563470577, 0.0 ], [ 109.742971820845398, -7.792538039718863, 0.0 ], [ 109.742962359640501, -7.792534569006033, 0.0 ], [ 109.742943846782154, -7.792527777788793, 0.0 ], [ 109.74291587272063, -7.792517515834359, 0.0 ], [ 109.74285992460203, -7.792496992030771, 0.0 ], [ 109.74283934709166, -7.792489443389512, 0.0 ], [ 109.742803976490336, -7.792476468094292, 0.0 ], [ 109.742798342929234, -7.792474401495189, 0.0 ], [ 109.74278288520388, -7.792468731010253, 0.0 ], [ 109.742758525057795, -7.792458183513147, 0.0 ], [ 109.742748045172775, -7.792450317590254, 0.0 ], [ 109.742737713556735, -7.79242312256391, 0.0 ], [ 109.742736139214827, -7.792412733038979, 0.0 ], [ 109.742736526798495, -7.792384804566634, 0.0 ], [ 109.742736914381808, -7.792356876094225, 0.0 ], [ 109.742737070600114, -7.792345619848299, 0.0 ], [ 109.742737301974088, -7.792328947621848, 0.0 ], [ 109.742737689569196, -7.792301019149391, 0.0 ], [ 109.742738464689751, -7.792245162204186, 0.0 ], [ 109.74273923985568, -7.792189305258906, 0.0 ], [ 109.742740015035736, -7.792133448313549, 0.0 ], [ 109.742740904706778, -7.792069336731602, 0.0 ], [ 109.742742240443889, -7.791973086391727, 0.0 ], [ 109.74274234049291, -7.791965877476098, 0.0 ], [ 109.742743115605052, -7.791910020529811, 0.0 ], [ 109.742743807754792, -7.791860145488998, 0.0 ], [ 109.742743890765766, -7.791854163583511, 0.0 ], [ 109.742744665934367, -7.791798306637079, 0.0 ], [ 109.742744886220251, -7.791793201529454, 0.0 ], [ 109.742747214962662, -7.791745380497253, 0.0 ], [ 109.742747342439685, -7.791742455332472, 0.0 ], [ 109.742747609298704, -7.791739907579985, 0.0 ], [ 109.742753191582636, -7.791686613442093, 0.0 ], [ 109.74275822996043, -7.791638511128521, 0.0 ], [ 109.742760034380325, -7.791621284181985, 0.0 ], [ 109.742763540319032, -7.79158781293464, 0.0 ], [ 109.742766543954019, -7.791559137011792, 0.0 ], [ 109.742767814328261, -7.791547008713803, 0.0 ], [ 109.742770738889078, -7.791519087767807, 0.0 ], [ 109.74277305350239, -7.791496989866774, 0.0 ], [ 109.742774160985931, -7.791486416503558, 0.0 ], [ 109.742776587961856, -7.791463245875354, 0.0 ], [ 109.742779065213995, -7.791439595389622, 0.0 ], [ 109.742782437072478, -7.791407403982616, 0.0 ], [ 109.742788286205283, -7.79135156208938, 0.0 ], [ 109.742790092012982, -7.791334321894602, 0.0 ], [ 109.742792582127407, -7.791310548418598, 0.0 ], [ 109.74279413529483, -7.791295720195569, 0.0 ], [ 109.742795402320823, -7.791283623659485, 0.0 ], [ 109.742799091631056, -7.79124840130358, 0.0 ], [ 109.742799984353638, -7.791239878301238, 0.0 ], [ 109.742801526384085, -7.791233741850324, 0.0 ], [ 109.742807723599327, -7.791220431149029, 0.0 ], [ 109.742829511840853, -7.791205793032574, 0.0 ], [ 109.742853109505418, -7.791194847615468, 0.0 ], [ 109.742863825787381, -7.791189249246209, 0.0 ], [ 109.742875969244054, -7.79118424449882, 0.0 ], [ 109.742906980611878, -7.791171463655829, 0.0 ], [ 109.742943253063032, -7.791156514492113, 0.0 ], [ 109.74298614621452, -7.791138836662055, 0.0 ], [ 109.743004021051249, -7.7911314698131, 0.0 ], [ 109.743025729044618, -7.791122523192966, 0.0 ], [ 109.743032060100077, -7.791119913938921, 0.0 ], [ 109.743088138194139, -7.791096802090382, 0.0 ], [ 109.743104894619364, -7.79108989616097, 0.0 ], [ 109.74314358208423, -7.791073951607475, 0.0 ], [ 109.743184060217999, -7.791057269147918, 0.0 ], [ 109.743223643013465, -7.791040955638327, 0.0 ], [ 109.743239726101422, -7.791034327188808, 0.0 ], [ 109.743263225781519, -7.791024642092085, 0.0 ], [ 109.743279671360767, -7.791017864274651, 0.0 ], [ 109.743302808599765, -7.791008328600053, 0.0 ], [ 109.743312450518246, -7.791004354809385, 0.0 ], [ 109.743336936254281, -7.790993645755048, 0.0 ], [ 109.743341821365647, -7.790991443187035, 0.0 ], [ 109.743368531338788, -7.790980319841106, 0.0 ], [ 109.743380219416025, -7.790973941046463, 0.0 ], [ 109.743401428597679, -7.790962366113739, 0.0 ], [ 109.743416261197368, -7.79095407492238, 0.0 ], [ 109.743424631777572, -7.790949702962958, 0.0 ], [ 109.743452328510358, -7.790934587426883, 0.0 ], [ 109.743488724906541, -7.790914724063455, 0.0 ], [ 109.743503228432601, -7.790906808732835, 0.0 ], [ 109.743516661902333, -7.790886726634412, 0.0 ], [ 109.74352032803364, -7.790867522884059, 0.0 ], [ 109.743526474589217, -7.790851018399247, 0.0 ], [ 109.743527418121204, -7.790841492206138, 0.0 ], [ 109.74353200564741, -7.790795175534595, 0.0 ], [ 109.743537269180848, -7.790742032854448, 0.0 ], [ 109.743548598544422, -7.790627646937131, 0.0 ], [ 109.743549798609024, -7.7906155306943, 0.0 ], [ 109.743552655803654, -7.790586683286429, 0.0 ], [ 109.743554129529727, -7.790571804070495, 0.0 ], [ 109.74357625336981, -7.790348432599262, 0.0 ], [ 109.743577893412507, -7.790331874344294, 0.0 ], [ 109.743580382766481, -7.79030674071761, 0.0 ], [ 109.743581784369979, -7.790292589730416, 0.0 ], [ 109.743582940940769, -7.79028091256712, 0.0 ], [ 109.743586499669576, -7.79024498263734, 0.0 ], [ 109.743587315386179, -7.790236746861192, 0.0 ], [ 109.743593035993683, -7.790178989014853, 0.0 ], [ 109.743595016266411, -7.790158994895148, 0.0 ], [ 109.743598377170713, -7.790125061120754, 0.0 ], [ 109.743598733178445, -7.790121466765695, 0.0 ], [ 109.743603131044082, -7.790077065467546, 0.0 ], [ 109.743604850165624, -7.790059708593362, 0.0 ], [ 109.743608178545742, -7.790026103675482, 0.0 ], [ 109.74360943922521, -7.790013375379313, 0.0 ], [ 109.743637093843063, -7.789734161016512, 0.0 ], [ 109.743638463453806, -7.789720332843815, 0.0 ], [ 109.743641550942385, -7.789689160619747, 0.0 ], [ 109.743642624839111, -7.789678318142848, 0.0 ], [ 109.743650921220734, -7.789594553831187, 0.0 ], [ 109.743664748488385, -7.789454946642761, 0.0 ], [ 109.74366601804671, -7.789442128638147, 0.0 ], [ 109.743668748354196, -7.789414562070181, 0.0 ], [ 109.743670279421352, -7.789399103766685, 0.0 ], [ 109.743686872139051, -7.789231575135612, 0.0 ], [ 109.743688938258302, -7.789210714896445, 0.0 ], [ 109.743690485155625, -7.789195096596146, 0.0 ], [ 109.743692403101988, -7.789175732257847, 0.0 ], [ 109.743697933981281, -7.789119889379425, 0.0 ], [ 109.743699033184697, -7.789108791292745, 0.0 ], [ 109.743702718742256, -7.789071580518578, 0.0 ], [ 109.743703464945142, -7.789064046500814, 0.0 ], [ 109.743708995828499, -7.789008203621487, 0.0 ], [ 109.743714175501964, -7.788955905829212, 0.0 ], [ 109.743714526618788, -7.78895236074148, 0.0 ], [ 109.743714952128428, -7.788948064626094, 0.0 ], [ 109.74371922308579, -7.788904944158812, 0.0 ], [ 109.743720057671396, -7.788896517861809, 0.0 ], [ 109.743721069051119, -7.788886306443281, 0.0 ], [ 109.743724270540028, -7.788853982361393, 0.0 ], [ 109.743725588562427, -7.788840674981213, 0.0 ], [ 109.743729003504512, -7.788822746330045, 0.0 ], [ 109.743730967386142, -7.788804675352581, 0.0 ], [ 109.74373557350161, -7.788784845301935, 0.0 ], [ 109.743744810776107, -7.78876253829636, 0.0 ], [ 109.743767271864442, -7.788740089430351, 0.0 ], [ 109.743780356060398, -7.788784978034559, 0.0 ], [ 109.743783993599834, -7.788801849427855, 0.0 ], [ 109.743786899024869, -7.788821041390767, 0.0 ], [ 109.743791948323874, -7.788840871668529, 0.0 ], [ 109.743797089292116, -7.788866632331287, 0.0 ], [ 109.743800047242175, -7.788873981409589, 0.0 ], [ 109.743806467453282, -7.788896773977348, 0.0 ], [ 109.743810046481912, -7.788909480097367, 0.0 ], [ 109.743822713967887, -7.788930297498569, 0.0 ], [ 109.743827760705827, -7.788947611652612, 0.0 ], [ 109.743831962483142, -7.788962026916551, 0.0 ], [ 109.743840354907078, -7.788990819298323, 0.0 ], [ 109.743845540089893, -7.789008608335003, 0.0 ], [ 109.743850435033238, -7.789025401658657, 0.0 ], [ 109.743865543349784, -7.789077234547582, 0.0 ], [ 109.743878134407609, -7.789120433252172, 0.0 ], [ 109.74387815610784, -7.789120505873557, 0.0 ], [ 109.743890731787744, -7.789163649812751, 0.0 ], [ 109.743894428135093, -7.789176331059471, 0.0 ], [ 109.743901201992898, -7.789199570403225, 0.0 ], [ 109.74391072421173, -7.789232238634317, 0.0 ], [ 109.743915920280301, -7.789250065029364, 0.0 ], [ 109.743927020229236, -7.789288146208862, 0.0 ], [ 109.743938172854456, -7.789326408123525, 0.0 ], [ 109.743890000000107, -7.789594, 0.0 ], [ 109.743579000000125, -7.790721, 0.0 ], [ 109.7438622224836, -7.790805967309703, 0.0 ], [ 109.743860428632317, -7.790824078888333, 0.0 ], [ 109.743852132243916, -7.790907843202176, 0.0 ], [ 109.743849871830506, -7.790930665185875, 0.0 ], [ 109.743848949979323, -7.790939972637172, 0.0 ], [ 109.743846601267222, -7.790963686077442, 0.0 ], [ 109.743841070325288, -7.791019528952252, 0.0 ], [ 109.74383357049507, -7.791036594472723, 0.0 ], [ 109.743816376768748, -7.79105676419735, 0.0 ], [ 109.743807538763264, -7.791066503412538, 0.0 ], [ 109.743794307558048, -7.791075249588717, 0.0 ], [ 109.743760257104171, -7.791093832734624, 0.0 ], [ 109.743704156661892, -7.791124449625492, 0.0 ], [ 109.743663849458414, -7.791146447415326, 0.0 ], [ 109.743627680962234, -7.791166186438097, 0.0 ], [ 109.743590708151004, -7.791186364460782, 0.0 ], [ 109.743535855290546, -7.7912163004462, 0.0 ], [ 109.743479754818651, -7.791246917402423, 0.0 ], [ 109.743446838463811, -7.791264881529719, 0.0 ], [ 109.743410669971141, -7.791284620556672, 0.0 ], [ 109.743374501441266, -7.791304359540864, 0.0 ], [ 109.743367553853275, -7.791308151188019, 0.0 ], [ 109.743311453359439, -7.791338768114625, 0.0 ], [ 109.743302096322935, -7.791343769231285, 0.0 ], [ 109.743285308702227, -7.791353036551779, 0.0 ], [ 109.743265995879966, -7.79136357652372, 0.0 ], [ 109.743255352858512, -7.791369384967699, 0.0 ], [ 109.743227972521609, -7.791381454607122, 0.0 ], [ 109.74322542573789, -7.79138266643237, 0.0 ], [ 109.743199267934955, -7.791394775849752, 0.0 ], [ 109.74318944313255, -7.791398825002599, 0.0 ], [ 109.743165867184629, -7.791408541527522, 0.0 ], [ 109.743143189802296, -7.791417887710587, 0.0 ], [ 109.743087111664806, -7.791440999459384, 0.0 ], [ 109.742974955373725, -7.791487223135706, 0.0 ], [ 109.742959496940088, -7.79150428152496, 0.0 ], [ 109.742953336726046, -7.791519629547546, 0.0 ], [ 109.74294557904021, -7.791546343977681, 0.0 ], [ 109.742945260416548, -7.791549037150943, 0.0 ], [ 109.742939377317654, -7.791575447383285, 0.0 ], [ 109.74293741525743, -7.791594179387852, 0.0 ], [ 109.74293527292248, -7.791614632381388, 0.0 ], [ 109.742932104928514, -7.791644877600237, 0.0 ], [ 109.742927679144657, -7.79168713117787, 0.0 ], [ 109.742921830021331, -7.791742973074331, 0.0 ], [ 109.74292153974082, -7.791746329672332, 0.0 ], [ 109.742917357013539, -7.791798159177739, 0.0 ], [ 109.742917307543664, -7.791798818906592, 0.0 ], [ 109.742916513967018, -7.791856004374949, 0.0 ], [ 109.74291573036362, -7.791912474804629, 0.0 ], [ 109.742914207023787, -7.792022246707464, 0.0 ], [ 109.74291337943859, -7.79208188618929, 0.0 ], [ 109.742912656781968, -7.792133960606846, 0.0 ], [ 109.742913441388183, -7.792137518326941, 0.0 ], [ 109.742916988519468, -7.79214348879484, 0.0 ], [ 109.742932155995163, -7.792149162181751, 0.0 ], [ 109.742950792519665, -7.792156181810977, 0.0 ], [ 109.742972935453253, -7.792164396279828, 0.0 ], [ 109.742991729227356, -7.792171290538318, 0.0 ], [ 109.743028883538116, -7.792184920075589, 0.0 ], [ 109.743043296999105, -7.792190207471059, 0.0 ], [ 109.743084831629176, -7.792205443952285, 0.0 ], [ 109.743114741727766, -7.792216416086138, 0.0 ], [ 109.743155745923431, -7.792231457905809, 0.0 ], [ 109.74319672783102, -7.792246491598626, 0.0 ], [ 109.743196757027818, -7.792246492873699, 0.0 ], [ 109.743196906794822, -7.792246522441229, 0.0 ], [ 109.743243873536727, -7.792255474914694, 0.0 ] ] ] ] } },
{ "type": "Feature", "properties": { "OBJECTID": 27, "Join_Count": 1, "TARGET_FID": 31, "Id": 12, "Contour": 1.4, "Shape_Leng": 6.9482628655700003, "Skor": 2.0, "Shape_Le_1": 10829.525466900001, "Shape_Area": 294124.84497400001 }, "geometry": { "type": "MultiPolygon", "coordinates": [ [ [ [ 109.744669, -7.791048000999926, 0.0 ], [ 109.744635376606766, -7.79113701929513, 0.0 ], [ 109.744626231446233, -7.791105644820376, 0.0 ], [ 109.744618083346197, -7.791077691035873, 0.0 ], [ 109.744603720855821, -7.791028417286017, 0.0 ], [ 109.744669, -7.791048000999926, 0.0 ] ] ], [ [ [ 109.74333274435935, -7.788560214062174, 0.0 ], [ 109.743325427914655, -7.788616051636844, 0.0 ], [ 109.74332474942068, -7.788621229894905, 0.0 ], [ 109.743318111819121, -7.788671889211937, 0.0 ], [ 109.743311773380384, -7.788720262982416, 0.0 ], [ 109.743310795421252, -7.788727726785559, 0.0 ], [ 109.743288846184001, -7.788895239502914, 0.0 ], [ 109.743285820866447, -7.788918328745948, 0.0 ], [ 109.743284370016227, -7.788929401340394, 0.0 ], [ 109.743279332786244, -7.788967845240135, 0.0 ], [ 109.743275983194238, -7.788993409852723, 0.0 ], [ 109.743274213696878, -7.78900691464595, 0.0 ], [ 109.743262121595677, -7.789099199267183, 0.0 ], [ 109.74325986846884, -7.789116394654872, 0.0 ], [ 109.743259209034662, -7.789121427375585, 0.0 ], [ 109.743237631545895, -7.789286102490873, 0.0 ], [ 109.743233465143959, -7.789317900373501, 0.0 ], [ 109.74322742780501, -7.789363976923597, 0.0 ], [ 109.743225660897977, -7.789377462179687, 0.0 ], [ 109.743222999012232, -7.789397777625815, 0.0 ], [ 109.743193733209438, -7.789621127886634, 0.0 ], [ 109.743192112486526, -7.789633497184678, 0.0 ], [ 109.743188499003111, -7.789661075704543, 0.0 ], [ 109.743186416989417, -7.78967696545117, 0.0 ], [ 109.743179100485776, -7.789732803014227, 0.0 ], [ 109.74317544232008, -7.789760721795824, 0.0 ], [ 109.743171784175402, -7.789788640577291, 0.0 ], [ 109.743149834764381, -7.789956153261673, 0.0 ], [ 109.743149569951726, -7.789958174303385, 0.0 ], [ 109.743146176526992, -7.789984072041881, 0.0 ], [ 109.74314251828882, -7.790011990821966, 0.0 ], [ 109.743141789948638, -7.790017549465976, 0.0 ], [ 109.743136593748474, -7.790057207337087, 0.0 ], [ 109.743133403113518, -7.790081557907278, 0.0 ], [ 109.743130105577933, -7.790106723788261, 0.0 ], [ 109.74312788567444, -7.790123665941877, 0.0 ], [ 109.743105936207499, -7.790291178615841, 0.0 ], [ 109.743104152790579, -7.790304789497623, 0.0 ], [ 109.743099854488193, -7.790337592911047, 0.0 ], [ 109.743098619763188, -7.790347016172862, 0.0 ], [ 109.743091176310784, -7.790403822278086, 0.0 ], [ 109.743084688337575, -7.79045333894052, 0.0 ], [ 109.743083080451157, -7.790465610111389, 0.0 ], [ 109.743078200119527, -7.790502855358845, 0.0 ], [ 109.743076670555084, -7.790514528840657, 0.0 ], [ 109.743054721022915, -7.790682041502483, 0.0 ], [ 109.743052247254042, -7.790700921053643, 0.0 ], [ 109.743049531727877, -7.790721645093758, 0.0 ], [ 109.743047404594307, -7.790737879055546, 0.0 ], [ 109.743041758018506, -7.79074642336374, 0.0 ], [ 109.743033146832801, -7.790755530518991, 0.0 ], [ 109.743014572507306, -7.790775174721113, 0.0 ], [ 109.742989773919177, -7.790793567354058, 0.0 ], [ 109.74298076349379, -7.790797280885972, 0.0 ], [ 109.742977008581164, -7.790798828413445, 0.0 ], [ 109.742920930525756, -7.790821940214129, 0.0 ], [ 109.742901597915846, -7.790829907843976, 0.0 ], [ 109.742871744117309, -7.790842211690779, 0.0 ], [ 109.742864852465217, -7.790845051986913, 0.0 ], [ 109.742855206647278, -7.790849027391141, 0.0 ], [ 109.742822432399066, -7.790862534859882, 0.0 ], [ 109.742808774399421, -7.790868163783695, 0.0 ], [ 109.742752696328509, -7.790891275559038, 0.0 ], [ 109.742743266800488, -7.790895161784322, 0.0 ], [ 109.742720639345691, -7.790904487379771, 0.0 ], [ 109.742696618252324, -7.790914387358347, 0.0 ], [ 109.742672660228578, -7.790936375773986, 0.0 ], [ 109.742661767412827, -7.790960171939858, 0.0 ], [ 109.74265566456701, -7.790975350372968, 0.0 ], [ 109.742652046669463, -7.79100432780013, 0.0 ], [ 109.742648893405686, -7.791015992985076, 0.0 ], [ 109.742648079218725, -7.791023766115082, 0.0 ], [ 109.742643381982489, -7.791068611566276, 0.0 ], [ 109.742640054235153, -7.791100381714531, 0.0 ], [ 109.742631346089055, -7.791183518653775, 0.0 ], [ 109.742630362834404, -7.791192905898547, 0.0 ], [ 109.742626837909427, -7.79122655900347, 0.0 ], [ 109.742625497025827, -7.791239360542531, 0.0 ], [ 109.742619647872672, -7.791295202430555, 0.0 ], [ 109.7426173437416, -7.79131720016072, 0.0 ], [ 109.742616217186921, -7.791327955391792, 0.0 ], [ 109.742613798763486, -7.791351044318279, 0.0 ], [ 109.742607949614168, -7.791406886205388, 0.0 ], [ 109.742605596477205, -7.791429351801211, 0.0 ], [ 109.742604324597778, -7.791441494456074, 0.0 ], [ 109.742600286126731, -7.791480050013489, 0.0 ], [ 109.742597815073964, -7.791503641549568, 0.0 ], [ 109.742596251413389, -7.791518569978522, 0.0 ], [ 109.7425904022559, -7.791574411864183, 0.0 ], [ 109.742589665425314, -7.791581446440082, 0.0 ], [ 109.7425816285146, -7.79165817469192, 0.0 ], [ 109.742578703932807, -7.791686095634211, 0.0 ], [ 109.742578303884471, -7.791690065581808, 0.0 ], [ 109.742573764429878, -7.791733571249758, 0.0 ], [ 109.742572927775626, -7.79174193773517, 0.0 ], [ 109.742572785744358, -7.791751229798289, 0.0 ], [ 109.742572173697582, -7.791788001273996, 0.0 ], [ 109.742572024336809, -7.791797794297247, 0.0 ], [ 109.742571249098646, -7.791853651239592, 0.0 ], [ 109.74256969882687, -7.791965365124391, 0.0 ], [ 109.742568923584443, -7.792021222066273, 0.0 ], [ 109.742567373301242, -7.792132935949927, 0.0 ], [ 109.742566598057778, -7.792188792891218, 0.0 ], [ 109.742565047766192, -7.792300506773891, 0.0 ], [ 109.74256427251548, -7.792356363714608, 0.0 ], [ 109.742562722215482, -7.79246807759625, 0.0 ], [ 109.742561946963647, -7.792523934536475, 0.0 ], [ 109.74256039665535, -7.792635648417052, 0.0 ], [ 109.742559621396282, -7.792691505356704, 0.0 ], [ 109.742561113451927, -7.792709591207061, 0.0 ], [ 109.742565999076035, -7.792734248021257, 0.0 ], [ 109.742567350358641, -7.792747387538693, 0.0 ], [ 109.742569889260906, -7.792756584346853, 0.0 ], [ 109.742579069118221, -7.792768015868766, 0.0 ], [ 109.742604956338297, -7.792777512308732, 0.0 ], [ 109.7426115233621, -7.792779921331248, 0.0 ], [ 109.742645960559216, -7.792792554186417, 0.0 ], [ 109.742675987373886, -7.792803569225949, 0.0 ], [ 109.742690965389698, -7.792809063773737, 0.0 ], [ 109.742802861687693, -7.79285011142905, 0.0 ], [ 109.742830835765915, -7.792860373452137, 0.0 ], [ 109.742850981512888, -7.792867763709251, 0.0 ], [ 109.742875616283541, -7.792876800647541, 0.0 ], [ 109.742891985760949, -7.792882805552832, 0.0 ], [ 109.742914758010969, -7.79289115928489, 0.0 ], [ 109.742970706182632, -7.792911683089717, 0.0 ], [ 109.742973994236209, -7.792912889271672, 0.0 ], [ 109.742983016262372, -7.792916198869018, 0.0 ], [ 109.743026654360776, -7.792932206887969, 0.0 ], [ 109.743082602544732, -7.792952730903075, 0.0 ], [ 109.743162532914269, -7.79298205220252, 0.0 ], [ 109.743096243205002, -7.793331786966738, 0.0 ], [ 109.743081487920549, -7.793326374146547, 0.0 ], [ 109.742969591464515, -7.793285326538009, 0.0 ], [ 109.742944624486285, -7.793276167708648, 0.0 ], [ 109.742935161441636, -7.793272696329868, 0.0 ], [ 109.742903620205752, -7.793261125854249, 0.0 ], [ 109.742862616019323, -7.793246083905978, 0.0 ], [ 109.742847130311503, -7.793240403180175, 0.0 ], [ 109.742821611727024, -7.793231042060749, 0.0 ], [ 109.742801746829684, -7.793223754857502, 0.0 ], [ 109.742745798630793, -7.793203231022185, 0.0 ], [ 109.742739603212129, -7.793200958304676, 0.0 ], [ 109.742722603717368, -7.793194722283308, 0.0 ], [ 109.742689850438424, -7.793182707183528, 0.0 ], [ 109.742633902253104, -7.793162183114915, 0.0 ], [ 109.74252200590071, -7.793121135404905, 0.0 ], [ 109.742494031816804, -7.793110873414958, 0.0 ], [ 109.742452573596353, -7.793095664972292, 0.0 ], [ 109.742415575124184, -7.793082092432846, 0.0 ], [ 109.742410109574891, -7.793080087442031, 0.0 ], [ 109.742388941912594, -7.793047362448159, 0.0 ], [ 109.742383945438803, -7.793026139296369, 0.0 ], [ 109.742383561195695, -7.792999420837249, 0.0 ], [ 109.742383463790262, -7.792997100002556, 0.0 ], [ 109.742383103429177, -7.792970277560332, 0.0 ], [ 109.742384653799846, -7.792858563689885, 0.0 ], [ 109.742385778309213, -7.79277754117871, 0.0 ], [ 109.742385855836886, -7.792771954706006, 0.0 ], [ 109.742386204267831, -7.792746849819013, 0.0 ], [ 109.742386979445143, -7.792690992883141, 0.0 ], [ 109.742387312052784, -7.792667027931467, 0.0 ], [ 109.742387423286658, -7.792659013821234, 0.0 ], [ 109.742388078956665, -7.792611771346501, 0.0 ], [ 109.742388207021932, -7.79260254336075, 0.0 ], [ 109.742388529904773, -7.792579279011204, 0.0 ], [ 109.742390080255944, -7.792467565138252, 0.0 ], [ 109.742390855529194, -7.792411708201817, 0.0 ], [ 109.742392405872025, -7.792299994327781, 0.0 ], [ 109.742393181144209, -7.792244137390821, 0.0 ], [ 109.742394731478669, -7.792132423515722, 0.0 ], [ 109.742395506743577, -7.792076566578218, 0.0 ], [ 109.742397057069695, -7.791964852702069, 0.0 ], [ 109.742397832333481, -7.791908995763992, 0.0 ], [ 109.742399382648131, -7.791797281886821, 0.0 ], [ 109.742400157907738, -7.791741424948226, 0.0 ], [ 109.742401061503244, -7.791728380520194, 0.0 ], [ 109.742403464564859, -7.791696321421136, 0.0 ], [ 109.742404216400857, -7.79168557775483, 0.0 ], [ 109.742410065586554, -7.791629735876172, 0.0 ], [ 109.742410480145807, -7.791625778054637, 0.0 ], [ 109.742415914769452, -7.791573893996993, 0.0 ], [ 109.742421100876953, -7.791524381620279, 0.0 ], [ 109.742422576554659, -7.791510293255868, 0.0 ], [ 109.742426411268696, -7.791473683433392, 0.0 ], [ 109.742427613021121, -7.791462210237027, 0.0 ], [ 109.742433462195876, -7.791406368356482, 0.0 ], [ 109.742435595775362, -7.79138599895925, 0.0 ], [ 109.742436386747954, -7.79137844741596, 0.0 ], [ 109.742439311308672, -7.791350526475292, 0.0 ], [ 109.74244516048735, -7.791294684593805, 0.0 ], [ 109.742447652769613, -7.791270890639729, 0.0 ], [ 109.74244861493564, -7.791261704699073, 0.0 ], [ 109.742451009597801, -7.791238842711679, 0.0 ], [ 109.74245685876167, -7.791183000829252, 0.0 ], [ 109.742458273497306, -7.791169494232392, 0.0 ], [ 109.742461634123046, -7.791137410404221, 0.0 ], [ 109.742463583870176, -7.791118796039545, 0.0 ], [ 109.742468556975197, -7.791071317062653, 0.0 ], [ 109.742479514938125, -7.790966701422867, 0.0 ], [ 109.742480255283866, -7.79095963329448, 0.0 ], [ 109.74248610443091, -7.790903791409673, 0.0 ], [ 109.742487672401168, -7.79088882185272, 0.0 ], [ 109.742490135629524, -7.790865304997924, 0.0 ], [ 109.742491953509898, -7.790847949524164, 0.0 ], [ 109.742492352599342, -7.790828488357755, 0.0 ], [ 109.742491077798888, -7.790810224299852, 0.0 ], [ 109.742491513854688, -7.790792088975433, 0.0 ], [ 109.742487561139626, -7.790777545119351, 0.0 ], [ 109.742473029205286, -7.790764413945028, 0.0 ], [ 109.742447421195067, -7.790791958120667, 0.0 ], [ 109.742436988607011, -7.790811983793826, 0.0 ], [ 109.742416839764346, -7.790824851737649, 0.0 ], [ 109.742395631353105, -7.790847663658926, 0.0 ], [ 109.742378853466917, -7.790865710042661, 0.0 ], [ 109.742360650307091, -7.790885289516858, 0.0 ], [ 109.74234384149733, -7.790903369188612, 0.0 ], [ 109.742324953429403, -7.790923685284626, 0.0 ], [ 109.742304460833537, -7.79094572728909, 0.0 ], [ 109.742292051627686, -7.790959074709602, 0.0 ], [ 109.742244103289011, -7.791010648066723, 0.0 ], [ 109.742217153275078, -7.791039635698291, 0.0 ], [ 109.74219020321388, -7.791068623281973, 0.0 ], [ 109.742163987078627, -7.791096821534262, 0.0 ], [ 109.742136681764123, -7.791126191220043, 0.0 ], [ 109.742110786842247, -7.791154043964434, 0.0 ], [ 109.742082403021826, -7.791184573687694, 0.0 ], [ 109.742055452985412, -7.791213561305229, 0.0 ], [ 109.742033101900063, -7.791237602184108, 0.0 ], [ 109.741911134062306, -7.79136879121187, 0.0 ], [ 109.741894362905498, -7.791388099174659, 0.0 ], [ 109.741881840677692, -7.79140473076528, 0.0 ], [ 109.741871132588813, -7.791420818718271, 0.0 ], [ 109.741854880578742, -7.791450626356976, 0.0 ], [ 109.741685860992717, -7.791782871553306, 0.0 ], [ 109.741629521065263, -7.79189361966959, 0.0 ], [ 109.741367504506471, -7.792408669138922, 0.0 ], [ 109.741360911724627, -7.792421628611031, 0.0 ], [ 109.741342041219809, -7.792458722331046, 0.0 ], [ 109.741339130444544, -7.792464444056807, 0.0 ], [ 109.741254008597821, -7.792631768792223, 0.0 ], [ 109.741249290821528, -7.79264579832661, 0.0 ], [ 109.741235140642175, -7.792668857670279, 0.0 ], [ 109.741225634633196, -7.792687543697489, 0.0 ], [ 109.741219215861733, -7.792703304094521, 0.0 ], [ 109.741213038052408, -7.792721478911755, 0.0 ], [ 109.741201900578417, -7.792743332386824, 0.0 ], [ 109.741198701399611, -7.79276312136933, 0.0 ], [ 109.741178785623234, -7.792784568612813, 0.0 ], [ 109.74117417892684, -7.792794544601295, 0.0 ], [ 109.741171859235777, -7.792799102331414, 0.0 ], [ 109.741170458815304, -7.792807334824549, 0.0 ], [ 109.741178641058085, -7.792832958387296, 0.0 ], [ 109.741190464011567, -7.792843195067697, 0.0 ], [ 109.741204164863788, -7.792855057539662, 0.0 ], [ 109.74123450591631, -7.792881327579751, 0.0 ], [ 109.741268902152854, -7.792911109113486, 0.0 ], [ 109.741280000411152, -7.792921509057673, 0.0 ], [ 109.741290370786302, -7.792929697220202, 0.0 ], [ 109.741310413706842, -7.792947050785023, 0.0 ], [ 109.741333639821121, -7.792967160681091, 0.0 ], [ 109.741338069628213, -7.792975326156283, 0.0 ], [ 109.74134620884584, -7.792987046400501, 0.0 ], [ 109.741360975872311, -7.793008310335334, 0.0 ], [ 109.741374017055477, -7.793023139863871, 0.0 ], [ 109.741466120969307, -7.793190991158249, 0.0 ], [ 109.74149682325266, -7.79324694159043, 0.0 ], [ 109.741588927254341, -7.793414792871971, 0.0 ], [ 109.741601667262813, -7.793438010023469, 0.0 ], [ 109.741613301337452, -7.793459211215494, 0.0 ], [ 109.741621460640985, -7.793474080315386, 0.0 ], [ 109.741624783091382, -7.7934801351275, 0.0 ], [ 109.741736195621797, -7.793683174239471, 0.0 ], [ 109.741740218138631, -7.793690504843659, 0.0 ], [ 109.74175009667411, -7.793708506960521, 0.0 ], [ 109.741760011528726, -7.793726575138888, 0.0 ], [ 109.741773137384683, -7.793750495412049, 0.0 ], [ 109.741803838775084, -7.793806445830694, 0.0 ], [ 109.741822561235907, -7.793831643777992, 0.0 ], [ 109.741847706660934, -7.793853259158365, 0.0 ], [ 109.741859181291687, -7.793851032231899, 0.0 ], [ 109.741882534718229, -7.793841378810336, 0.0 ], [ 109.741903758565641, -7.793839060940417, 0.0 ], [ 109.74212801337049, -7.793766454728691, 0.0 ], [ 109.742139544956956, -7.793763074237066, 0.0 ], [ 109.74217363213765, -7.793751684878548, 0.0 ], [ 109.742184077062277, -7.793748303156827, 0.0 ], [ 109.74218765175786, -7.793748161824759, 0.0 ], [ 109.742236006654622, -7.793747799636457, 0.0 ], [ 109.742240088582363, -7.793747626198456, 0.0 ], [ 109.743007804201142, -7.793744425599998, 0.0 ], [ 109.742878000000132, -7.794343, 0.0 ], [ 109.742779250172831, -7.794791694947318, 0.0 ], [ 109.742685047419812, -7.794792087663806, 0.0 ], [ 109.742662705619111, -7.794792180923763, 0.0 ], [ 109.742651297096828, -7.794792228611143, 0.0 ], [ 109.742629037074479, -7.794792321529152, 0.0 ], [ 109.742517016389527, -7.794792788492801, 0.0 ], [ 109.742495868978011, -7.794792876760065, 0.0 ], [ 109.742482054591861, -7.794792934343438, 0.0 ], [ 109.742461006048046, -7.794793022196621, 0.0 ], [ 109.742012923362225, -7.794794889655953, 0.0 ], [ 109.741996834728127, -7.794796444317002, 0.0 ], [ 109.741971385988421, -7.794797966961201, 0.0 ], [ 109.741956900637959, -7.794799273018064, 0.0 ], [ 109.741947004459817, -7.794802477041352, 0.0 ], [ 109.741916826173238, -7.794812247455193, 0.0 ], [ 109.741904801214659, -7.794816161746883, 0.0 ], [ 109.741900836795196, -7.794817424146456, 0.0 ], [ 109.741844772946948, -7.794835575846314, 0.0 ], [ 109.741820347596814, -7.794843483871951, 0.0 ], [ 109.741809614960118, -7.794846958629839, 0.0 ], [ 109.741788709096184, -7.794853727104078, 0.0 ], [ 109.741745864117661, -7.794867598792869, 0.0 ], [ 109.741735909650501, -7.79487082171189, 0.0 ], [ 109.741732645240972, -7.794871878596432, 0.0 ], [ 109.741003814780029, -7.795107847266345, 0.0 ], [ 109.740976201328394, -7.795116262467991, 0.0 ], [ 109.740975557668548, -7.795116450002507, 0.0 ], [ 109.740947753071083, -7.795125262941069, 0.0 ], [ 109.740920075381354, -7.79511681208623, 0.0 ], [ 109.740919449588603, -7.795116832143348, 0.0 ], [ 109.740891840911573, -7.795092645670366, 0.0 ], [ 109.74082815833799, -7.794976589743839, 0.0 ], [ 109.740797456058942, -7.79492063926158, 0.0 ], [ 109.740705352170394, -7.794752787817268, 0.0 ], [ 109.740692441593396, -7.794729259757229, 0.0 ], [ 109.740681567693173, -7.794709443789891, 0.0 ], [ 109.740672648266269, -7.794693189427288, 0.0 ], [ 109.740669016294504, -7.794686570522588, 0.0 ], [ 109.74055760413583, -7.79448353117888, 0.0 ], [ 109.740553984320101, -7.794476672296966, 0.0 ], [ 109.740552269498636, -7.79447303664855, 0.0 ], [ 109.740549005488901, -7.794464394321688, 0.0 ], [ 109.740537043957232, -7.794437773594902, 0.0 ], [ 109.740530869122978, -7.79441711381727, 0.0 ], [ 109.740524203339433, -7.794394810463902, 0.0 ], [ 109.740521773061019, -7.794381046313181, 0.0 ], [ 109.740516872210279, -7.794361213001102, 0.0 ], [ 109.740514372344364, -7.794348863638681, 0.0 ], [ 109.740508647561754, -7.794311851506876, 0.0 ], [ 109.740507428543197, -7.794305325724781, 0.0 ], [ 109.740506745497385, -7.794300731652074, 0.0 ], [ 109.740502231854521, -7.79427037465417, 0.0 ], [ 109.740499119462029, -7.794249441822291, 0.0 ], [ 109.74048250239052, -7.794137674020816, 0.0 ], [ 109.740478984364316, -7.794114012245615, 0.0 ], [ 109.740477878927464, -7.794106577029802, 0.0 ], [ 109.740470662159595, -7.79405803850268, 0.0 ], [ 109.740469193989057, -7.794048163497544, 0.0 ], [ 109.740465884780846, -7.794025906217792, 0.0 ], [ 109.740449267717707, -7.793914138416663, 0.0 ], [ 109.740447326414525, -7.793901081891548, 0.0 ], [ 109.740441795617883, -7.793863883871395, 0.0 ], [ 109.740440958643816, -7.793858254514458, 0.0 ], [ 109.740432650116404, -7.793802370614057, 0.0 ], [ 109.740430033136235, -7.793784769148995, 0.0 ], [ 109.740427362512747, -7.793766806394496, 0.0 ], [ 109.740419873703729, -7.793716438127625, 0.0 ], [ 109.740416032519263, -7.793690602811598, 0.0 ], [ 109.740399415468588, -7.793578835011018, 0.0 ], [ 109.740392421009261, -7.793531792709341, 0.0 ], [ 109.740391279190007, -7.793524113276055, 0.0 ], [ 109.740390871998926, -7.793521374492968, 0.0 ], [ 109.740374489356469, -7.793411183308778, 0.0 ], [ 109.740366180291943, -7.793355299407102, 0.0 ], [ 109.740349563253758, -7.793243531607018, 0.0 ], [ 109.74034695624168, -7.793233895712206, 0.0 ], [ 109.740337366346466, -7.793212443333577, 0.0 ], [ 109.74033007074982, -7.793236268647247, 0.0 ], [ 109.74032696054671, -7.793243464394129, 0.0 ], [ 109.740321939995127, -7.793258696534249, 0.0 ], [ 109.740318396428009, -7.793280582241081, 0.0 ], [ 109.740298659181988, -7.79331680643685, 0.0 ], [ 109.740281004512056, -7.793330325231919, 0.0 ], [ 109.740273388329214, -7.793347478857578, 0.0 ], [ 109.740261456856885, -7.793374351933352, 0.0 ], [ 109.740256178982719, -7.793386239258185, 0.0 ], [ 109.740245274514436, -7.793410799050361, 0.0 ], [ 109.740220505727606, -7.793466584578931, 0.0 ], [ 109.740217286617764, -7.79347383487561, 0.0 ], [ 109.740204550461726, -7.793502519990996, 0.0 ], [ 109.740187341082148, -7.793541280370247, 0.0 ], [ 109.740173116595429, -7.793573317573773, 0.0 ], [ 109.740170968511663, -7.793578155629103, 0.0 ], [ 109.740146199702281, -7.793633941149688, 0.0 ], [ 109.740135712514444, -7.793657561081273, 0.0 ], [ 109.74012894633978, -7.793672800470244, 0.0 ], [ 109.740118503142099, -7.793696321478179, 0.0 ], [ 109.740111836964189, -7.793711335410082, 0.0 ], [ 109.740096662441246, -7.793745512184051, 0.0 ], [ 109.740084776135205, -7.793772283284035, 0.0 ], [ 109.740083642339371, -7.793774836889345, 0.0 ], [ 109.740066874683166, -7.793812602326608, 0.0 ], [ 109.740055447703611, -7.793838338776474, 0.0 ], [ 109.7400223563032, -7.793912868715256, 0.0 ], [ 109.740015246002088, -7.793928882975148, 0.0 ], [ 109.739998036635356, -7.793967643392367, 0.0 ], [ 109.739996435904473, -7.79397124864099, 0.0 ], [ 109.739948050097524, -7.794080225222654, 0.0 ], [ 109.739946407857872, -7.794083923973674, 0.0 ], [ 109.739929198476645, -7.794122684385713, 0.0 ], [ 109.739923281600753, -7.794136010720661, 0.0 ], [ 109.739898512716238, -7.794191796214779, 0.0 ], [ 109.739894779308756, -7.794200204806597, 0.0 ], [ 109.739877569919784, -7.794238965214872, 0.0 ], [ 109.739873744204431, -7.794247581707454, 0.0 ], [ 109.739829890274478, -7.79434635123747, 0.0 ], [ 109.739825941081605, -7.794355245788896, 0.0 ], [ 109.739819754299759, -7.794369180096893, 0.0 ], [ 109.739808731659494, -7.794394006172531, 0.0 ], [ 109.739799437863496, -7.794414938167343, 0.0 ], [ 109.739773500819183, -7.794473354535419, 0.0 ], [ 109.739749900170722, -7.794526509127159, 0.0 ], [ 109.739739893365993, -7.794549047135821, 0.0 ], [ 109.739731413675941, -7.794568145456473, 0.0 ], [ 109.739725131454861, -7.794582294603536, 0.0 ], [ 109.739717111324907, -7.794600357819754, 0.0 ], [ 109.739705474149289, -7.794626567557882, 0.0 ], [ 109.739688264667606, -7.794665327900095, 0.0 ], [ 109.739687243390705, -7.794667628062311, 0.0 ], [ 109.739675593938287, -7.794693865548084, 0.0 ], [ 109.739650824978611, -7.794749651015814, 0.0 ], [ 109.739643072737707, -7.794767110998776, 0.0 ], [ 109.739636635802952, -7.794781608523011, 0.0 ], [ 109.739619426303591, -7.794820368860199, 0.0 ], [ 109.739604332219457, -7.794854364347348, 0.0 ], [ 109.739576137420073, -7.794917865541622, 0.0 ], [ 109.739567797358063, -7.794936649425594, 0.0 ], [ 109.739554731963295, -7.794966076252373, 0.0 ], [ 109.739550587884636, -7.794975409796634, 0.0 ], [ 109.739547942608326, -7.794981367590609, 0.0 ], [ 109.739526980827932, -7.795028578317426, 0.0 ], [ 109.739516168572592, -7.795052930177615, 0.0 ], [ 109.739510561432397, -7.795065558969933, 0.0 ], [ 109.739498959066481, -7.795091690522155, 0.0 ], [ 109.739489827699714, -7.795112256495428, 0.0 ], [ 109.739452674171247, -7.795195934666432, 0.0 ], [ 109.739447330007522, -7.79520797102506, 0.0 ], [ 109.739435163269889, -7.795235373780229, 0.0 ], [ 109.739430104514781, -7.795246715341729, 0.0 ], [ 109.73942783861456, -7.795251719912351, 0.0 ], [ 109.739417843719565, -7.795268863230284, 0.0 ], [ 109.739410496686759, -7.79528306949886, 0.0 ], [ 109.739391069539948, -7.795307469633723, 0.0 ], [ 109.739385698174715, -7.79531421592515, 0.0 ], [ 109.739378900742935, -7.795319874222538, 0.0 ], [ 109.739374164459448, -7.795312165876637, 0.0 ], [ 109.739371242679098, -7.795307410615226, 0.0 ], [ 109.739336858361057, -7.795251449094128, 0.0 ], [ 109.739332269983166, -7.795242313249782, 0.0 ], [ 109.739323162593891, -7.795229159027466, 0.0 ], [ 109.739310367142139, -7.795208334301627, 0.0 ], [ 109.739289101377153, -7.795173723777673, 0.0 ], [ 109.739267835512322, -7.795139113349974, 0.0 ], [ 109.739233704787154, -7.795083564519989, 0.0 ], [ 109.73922530409844, -7.795069892195853, 0.0 ], [ 109.739211686360377, -7.795047729173131, 0.0 ], [ 109.739199320169178, -7.795027602992059, 0.0 ], [ 109.739164935893115, -7.794971641463562, 0.0 ], [ 109.739161506848632, -7.794966060609005, 0.0 ], [ 109.739155948277514, -7.794957013969693, 0.0 ], [ 109.739130551288795, -7.794915679932536, 0.0 ], [ 109.739100210216534, -7.794866298823929, 0.0 ], [ 109.739097709618264, -7.794862229026735, 0.0 ], [ 109.739089656372556, -7.794849122238526, 0.0 ], [ 109.73907644378852, -7.794827618587573, 0.0 ], [ 109.739061782445091, -7.794803756867275, 0.0 ], [ 109.739044472177142, -7.79477558381671, 0.0 ], [ 109.739033912394959, -7.794758397458861, 0.0 ], [ 109.739012646590481, -7.794723787004978, 0.0 ], [ 109.73899990460238, -7.794703049035207, 0.0 ], [ 109.738993013631855, -7.794691833796046, 0.0 ], [ 109.738988734159832, -7.794684868805748, 0.0 ], [ 109.738970115200516, -7.794654565889005, 0.0 ], [ 109.738948849408786, -7.794619955430241, 0.0 ], [ 109.73893299616455, -7.794594153790829, 0.0 ], [ 109.738925517615982, -7.794587393159958, 0.0 ], [ 109.738921488522394, -7.794579902511979, 0.0 ], [ 109.738903997151354, -7.794553035183284, 0.0 ], [ 109.738902326449846, -7.794549123647497, 0.0 ], [ 109.738889860384546, -7.794523949177895, 0.0 ], [ 109.738885052252854, -7.794516123853665, 0.0 ], [ 109.738877258191309, -7.794503438771995, 0.0 ], [ 109.738857196395031, -7.794503845194244, 0.0 ], [ 109.738823003487369, -7.7945219447317, 0.0 ], [ 109.738821192897845, -7.794522065421806, 0.0 ], [ 109.73882061023545, -7.794523165162746, 0.0 ], [ 109.738819324466206, -7.794525592031366, 0.0 ], [ 109.738801229190628, -7.794559746823371, 0.0 ], [ 109.738790756673311, -7.794579513236579, 0.0 ], [ 109.738761208761176, -7.794635284404172, 0.0 ], [ 109.738731659989483, -7.79469105556591, 0.0 ], [ 109.738702112060068, -7.794746826726639, 0.0 ], [ 109.738695022608454, -7.794760207735789, 0.0 ], [ 109.738684941438692, -7.794779235342864, 0.0 ], [ 109.738665560286904, -7.794815816911848, 0.0 ], [ 109.738652209294102, -7.794841016107246, 0.0 ], [ 109.738643015324143, -7.794858369035331, 0.0 ], [ 109.738613467368623, -7.794914140185674, 0.0 ], [ 109.738583918553573, -7.794969911330162, 0.0 ], [ 109.738554370580644, -7.795025682473678, 0.0 ], [ 109.73853955340374, -7.795053648753012, 0.0 ], [ 109.738529890721566, -7.795071886453247, 0.0 ], [ 109.738510509539921, -7.795108468010335, 0.0 ], [ 109.738508567828461, -7.795112132867897, 0.0 ], [ 109.738491128155658, -7.795145049364605, 0.0 ], [ 109.73848322540924, -7.795159965717712, 0.0 ], [ 109.738465725759028, -7.795192995880883, 0.0 ], [ 109.738436176900549, -7.79524876700795, 0.0 ], [ 109.738406628884221, -7.795304538134165, 0.0 ], [ 109.738377080008377, -7.795360309254419, 0.0 ], [ 109.738370569330456, -7.795372597986972, 0.0 ], [ 109.73835545868441, -7.795401119140368, 0.0 ], [ 109.738336077276429, -7.795437700492441, 0.0 ], [ 109.738322113349795, -7.795464057223072, 0.0 ], [ 109.738316696119597, -7.795474282096391, 0.0 ], [ 109.738314241239493, -7.795478915516337, 0.0 ], [ 109.738288435030441, -7.79552762259933, 0.0 ], [ 109.738258886973838, -7.795583393708284, 0.0 ], [ 109.738229338051482, -7.795639164811245, 0.0 ], [ 109.738201584970781, -7.795691547917429, 0.0 ], [ 109.738200407599081, -7.795693770184921, 0.0 ], [ 109.738197809389447, -7.79569867415508, 0.0 ], [ 109.738181026086679, -7.795730351450368, 0.0 ], [ 109.738161644837774, -7.795766932977467, 0.0 ], [ 109.738145256788627, -7.79579786424328, 0.0 ], [ 109.738140692946402, -7.795806478104356, 0.0 ], [ 109.738111144843273, -7.795862249195946, 0.0 ], [ 109.738081595880558, -7.79591802028158, 0.0 ], [ 109.738052047760021, -7.79597379136629, 0.0 ], [ 109.738032600330229, -7.796010496666164, 0.0 ], [ 109.738025974592531, -7.79602300224817, 0.0 ], [ 109.738011353465495, -7.796050599139662, 0.0 ], [ 109.738006593335541, -7.796059583789322, 0.0 ], [ 109.737992950642123, -7.796085333522888, 0.0 ], [ 109.737963402495581, -7.796141104597143, 0.0 ], [ 109.737933853489437, -7.79619687566557, 0.0 ], [ 109.737904305325529, -7.796252646732976, 0.0 ], [ 109.737890304711186, -7.796279071988429, 0.0 ], [ 109.737887050143101, -7.79628521490806, 0.0 ], [ 109.737870923418669, -7.796315653512625, 0.0 ], [ 109.737863615401196, -7.796329446823869, 0.0 ], [ 109.737845208120731, -7.796364188854928, 0.0 ], [ 109.737815659930732, -7.796419959912026, 0.0 ], [ 109.737786110881203, -7.796475730963047, 0.0 ], [ 109.737756562673866, -7.796531502013231, 0.0 ], [ 109.737750958627217, -7.796542079117904, 0.0 ], [ 109.737735252784219, -7.796571722623969, 0.0 ], [ 109.737715871446269, -7.796608304120059, 0.0 ], [ 109.737700593714763, -7.796637139592185, 0.0 ], [ 109.737696489849753, -7.796644885354814, 0.0 ], [ 109.737694630192436, -7.796648395404745, 0.0 ], [ 109.737667917148841, -7.79669881514038, 0.0 ], [ 109.737638301727031, -7.796754711368137, 0.0 ], [ 109.737616283686535, -7.796788521726653, 0.0 ], [ 109.737606769343842, -7.796810351093654, 0.0 ], [ 109.73759822326268, -7.79682642849356, 0.0 ], [ 109.737581975409753, -7.796860300182756, 0.0 ], [ 109.737563422676075, -7.796828818790854, 0.0 ], [ 109.737555496085847, -7.796810198222124, 0.0 ], [ 109.73754835174023, -7.796788066953551, 0.0 ], [ 109.737542777592978, -7.796770800372365, 0.0 ], [ 109.737534731689863, -7.796745876759987, 0.0 ], [ 109.737526386104904, -7.796720023898382, 0.0 ], [ 109.737519396809461, -7.796698372336668, 0.0 ], [ 109.737516027736021, -7.796687935856715, 0.0 ], [ 109.737507492498892, -7.796661495478263, 0.0 ], [ 109.737493872532966, -7.796619305206976, 0.0 ], [ 109.737489277592047, -7.796605071041912, 0.0 ], [ 109.737483297544856, -7.796586546450536, 0.0 ], [ 109.737470891657608, -7.796548115259523, 0.0 ], [ 109.737466633354714, -7.796534923924786, 0.0 ], [ 109.737462527962734, -7.796522206739961, 0.0 ], [ 109.737453013263917, -7.796492733785628, 0.0 ], [ 109.737447198298227, -7.796474720563907, 0.0 ], [ 109.737429149171419, -7.796418807621872, 0.0 ], [ 109.737415397238564, -7.796376208924917, 0.0 ], [ 109.737412153948284, -7.796366162428074, 0.0 ], [ 109.737409027202929, -7.796356476598722, 0.0 ], [ 109.73739853432545, -7.796323971830105, 0.0 ], [ 109.737384914379646, -7.796281781558196, 0.0 ], [ 109.737382277091641, -7.796273611785852, 0.0 ], [ 109.737374999846622, -7.79625106878886, 0.0 ], [ 109.737359902859467, -7.796204301002157, 0.0 ], [ 109.737357675232218, -7.79619740027463, 0.0 ], [ 109.737355527600727, -7.79619074758336, 0.0 ], [ 109.73734405513332, -7.796155210160675, 0.0 ], [ 109.737338900641547, -7.796139242900397, 0.0 ], [ 109.737320851540161, -7.796083329957545, 0.0 ], [ 109.737304408509459, -7.79603239511493, 0.0 ], [ 109.737303195868577, -7.796028638801121, 0.0 ], [ 109.737302801454518, -7.796027417011484, 0.0 ], [ 109.737284752357468, -7.795971504068196, 0.0 ], [ 109.737266702282369, -7.795915591121884, 0.0 ], [ 109.737248717248463, -7.795859876619161, 0.0 ], [ 109.737235097135311, -7.795817686530271, 0.0 ], [ 109.737230603122015, -7.795803765231778, 0.0 ], [ 109.737212554042998, -7.795747852287914, 0.0 ], [ 109.737194503979651, -7.79569193934096, 0.0 ], [ 109.737176454904969, -7.79563602639693, 0.0 ], [ 109.737158404849083, -7.795580113449684, 0.0 ], [ 109.737140355784916, -7.795524200505252, 0.0 ], [ 109.737139759375395, -7.795522352981003, 0.0 ], [ 109.737137925684323, -7.79551667287892, 0.0 ], [ 109.737122305736492, -7.795468287557762, 0.0 ], [ 109.737104256676702, -7.795412374613067, 0.0 ], [ 109.737098900206036, -7.795395781614478, 0.0 ], [ 109.737088026534721, -7.795362098946711, 0.0 ], [ 109.737085280153693, -7.795353591492442, 0.0 ], [ 109.737082431475486, -7.795344766846918, 0.0 ], [ 109.737068157586421, -7.795300548720292, 0.0 ], [ 109.737050107552875, -7.795244635772204, 0.0 ], [ 109.737032058507964, -7.795188722826975, 0.0 ], [ 109.737030801634816, -7.795184829340656, 0.0 ], [ 109.737026937307121, -7.795172859055136, 0.0 ], [ 109.737014008484991, -7.795132809878552, 0.0 ], [ 109.736995959447469, -7.795076896932964, 0.0 ], [ 109.736989942516317, -7.795058257972184, 0.0 ], [ 109.736981026630545, -7.795030639775428, 0.0 ], [ 109.736976322505953, -7.795016067820453, 0.0 ], [ 109.736971443169992, -7.795000952570287, 0.0 ], [ 109.736959860401939, -7.794965071038471, 0.0 ], [ 109.736954277125534, -7.794947775431633, 0.0 ], [ 109.736949083488767, -7.794931686535131, 0.0 ], [ 109.736935463609754, -7.794889496260453, 0.0 ], [ 109.736927527150144, -7.794864910613339, 0.0 ], [ 109.736923761368075, -7.794853245143337, 0.0 ], [ 109.736915949074586, -7.794829043917528, 0.0 ], [ 109.736908224605344, -7.794805114971417, 0.0 ], [ 109.736900777515444, -7.794782046122775, 0.0 ], [ 109.736894604648299, -7.794762924780432, 0.0 ], [ 109.736880984962241, -7.794720734324569, 0.0 ], [ 109.736874026857294, -7.794699180595736, 0.0 ], [ 109.736867364996954, -7.79467854414638, 0.0 ], [ 109.736860455005271, -7.794657138288096, 0.0 ], [ 109.736851563348267, -7.794629593351313, 0.0 ], [ 109.736847277279267, -7.794616316150018, 0.0 ], [ 109.736840126013689, -7.794594162856533, 0.0 ], [ 109.736826506151644, -7.794551972581139, 0.0 ], [ 109.73682052733659, -7.794533451327213, 0.0 ], [ 109.736815464362238, -7.794517767454527, 0.0 ], [ 109.736804960980223, -7.794485229632617, 0.0 ], [ 109.736799267181127, -7.794467591290779, 0.0 ], [ 109.736793777840234, -7.794450586942531, 0.0 ], [ 109.736785647212898, -7.794425401128219, 0.0 ], [ 109.736779365387974, -7.794405941557044, 0.0 ], [ 109.736761316401996, -7.794350028609587, 0.0 ], [ 109.736749466984364, -7.794313322960896, 0.0 ], [ 109.73674478820881, -7.794298829758489, 0.0 ], [ 109.736740277563811, -7.794284856860021, 0.0 ], [ 109.736731168671085, -7.794256639175804, 0.0 ], [ 109.736717548826078, -7.794214448899765, 0.0 ], [ 109.736713527653805, -7.794201992035851, 0.0 ], [ 109.736707167490295, -7.794182289760424, 0.0 ], [ 109.736693973026576, -7.79414141534219, 0.0 ], [ 109.736690309889411, -7.794130067608075, 0.0 ], [ 109.736686778292651, -7.794119127753879, 0.0 ], [ 109.736676689910027, -7.794087877470695, 0.0 ], [ 109.73667106856071, -7.794070463861229, 0.0 ], [ 109.736653019597043, -7.794014550912886, 0.0 ], [ 109.736638479099724, -7.793969509117871, 0.0 ], [ 109.736635830959884, -7.793961306099003, 0.0 ], [ 109.736634969649117, -7.793958637961465, 0.0 ], [ 109.736616920689769, -7.793902725012853, 0.0 ], [ 109.736598870749305, -7.793846812061058, 0.0 ], [ 109.736582985213587, -7.793797601046242, 0.0 ], [ 109.736581810510927, -7.793792090096074, 0.0 ], [ 109.736581921939475, -7.793790902393629, 0.0 ], [ 109.736582227946926, -7.793790125715732, 0.0 ], [ 109.736583014347403, -7.793787885916682, 0.0 ], [ 109.736600145562221, -7.793752075792294, 0.0 ], [ 109.736601843195658, -7.79373510269895, 0.0 ], [ 109.73661242225667, -7.793708366330674, 0.0 ], [ 109.736613737806763, -7.793704745792271, 0.0 ], [ 109.736623351188257, -7.793679307734932, 0.0 ], [ 109.736627924238647, -7.79366789280224, 0.0 ], [ 109.736639469972758, -7.793639072709338, 0.0 ], [ 109.736643983522328, -7.793627978422983, 0.0 ], [ 109.736645702521642, -7.793623515284158, 0.0 ], [ 109.736690406083966, -7.793511930378495, 0.0 ], [ 109.736695901704678, -7.793498212428916, 0.0 ], [ 109.736707975281362, -7.793468074728624, 0.0 ], [ 109.736712757396575, -7.79345613792084, 0.0 ], [ 109.736735109160435, -7.793400345462228, 0.0 ], [ 109.736739995837084, -7.793388147654068, 0.0 ], [ 109.736752333395899, -7.793357350977947, 0.0 ], [ 109.73675746045609, -7.793344553000092, 0.0 ], [ 109.736802163952305, -7.793232968071658, 0.0 ], [ 109.736808765039584, -7.793216490668604, 0.0 ], [ 109.736820046752399, -7.793188329536455, 0.0 ], [ 109.736824515227198, -7.793177175602672, 0.0 ], [ 109.736846866956483, -7.793121383132788, 0.0 ], [ 109.736852067261452, -7.793108402448834, 0.0 ], [ 109.736865196642597, -7.793075629188613, 0.0 ], [ 109.736869218220647, -7.79306559065932, 0.0 ], [ 109.736913921644515, -7.792954005708113, 0.0 ], [ 109.736915374656931, -7.792947812261848, 0.0 ], [ 109.736921628198019, -7.792934768850285, 0.0 ], [ 109.736936272887945, -7.79289821322778, 0.0 ], [ 109.736941790534118, -7.79287829024354, 0.0 ], [ 109.736944170562069, -7.792864649956694, 0.0 ], [ 109.736952324800967, -7.792842401963719, 0.0 ], [ 109.736956393781483, -7.792820886896433, 0.0 ], [ 109.736963524934509, -7.792801050693124, 0.0 ], [ 109.736967160113807, -7.792786587070967, 0.0 ], [ 109.736971836393963, -7.79273074188873, 0.0 ], [ 109.736995213694129, -7.79245151595938, 0.0 ], [ 109.736996677963063, -7.792434027782959, 0.0 ], [ 109.736998295234145, -7.792414713766689, 0.0 ], [ 109.737001763242574, -7.792373293713936, 0.0 ], [ 109.737002622628978, -7.792363028841359, 0.0 ], [ 109.73700456541259, -7.792339825587275, 0.0 ], [ 109.737023267190295, -7.792116444833607, 0.0 ], [ 109.737024258664661, -7.792104603303764, 0.0 ], [ 109.737027186999541, -7.792069625938364, 0.0 ], [ 109.737028585894791, -7.792052918223833, 0.0 ], [ 109.73703227247438, -7.79200889165346, 0.0 ], [ 109.737032618876569, -7.792004754456888, 0.0 ], [ 109.737036575869908, -7.791957490602293, 0.0 ], [ 109.737037240786947, -7.791949548504674, 0.0 ], [ 109.737037357199327, -7.791948158113959, 0.0 ], [ 109.737041969742748, -7.791893064076008, 0.0 ], [ 109.737040545635423, -7.791889304503074, 0.0 ], [ 109.737036825294993, -7.791874265689632, 0.0 ], [ 109.737029481633897, -7.791844580440911, 0.0 ], [ 109.737028452937295, -7.791837164655194, 0.0 ], [ 109.736997204936159, -7.791781212377843, 0.0 ], [ 109.736991446863001, -7.791770901935533, 0.0 ], [ 109.736971428040945, -7.791735055486244, 0.0 ], [ 109.736951409006238, -7.791699209252849, 0.0 ], [ 109.736946511857539, -7.791690440236644, 0.0 ], [ 109.73693471018737, -7.791669307823415, 0.0 ], [ 109.736925470900118, -7.791652763860325, 0.0 ], [ 109.736911371052329, -7.791627516678081, 0.0 ], [ 109.736903462585786, -7.791613355543829, 0.0 ], [ 109.736814050691976, -7.791453253598672, 0.0 ], [ 109.736811276077475, -7.791448285373617, 0.0 ], [ 109.736809719825786, -7.791445498698322, 0.0 ], [ 109.736778472254088, -7.791389546414258, 0.0 ], [ 109.736771238154063, -7.791376592805368, 0.0 ], [ 109.73675834062351, -7.791353498465758, 0.0 ], [ 109.736747224689864, -7.791333594129076, 0.0 ], [ 109.736733025917658, -7.791308169348477, 0.0 ], [ 109.736731200246012, -7.791304900232021, 0.0 ], [ 109.73671597729205, -7.791277641843216, 0.0 ], [ 109.736702630578861, -7.791253743326036, 0.0 ], [ 109.736684729580702, -7.791221689555309, 0.0 ], [ 109.736671143286614, -7.791197361484832, 0.0 ], [ 109.736661863660984, -7.791180745353448, 0.0 ], [ 109.736651124269756, -7.791161515273565, 0.0 ], [ 109.736631105499853, -7.791125668819734, 0.0 ], [ 109.73661108651423, -7.791089822578535, 0.0 ], [ 109.736590987647787, -7.791053832688313, 0.0 ], [ 109.736571048714637, -7.791018129939684, 0.0 ], [ 109.736559740128413, -7.790997880396398, 0.0 ], [ 109.73653550059089, -7.790954476693805, 0.0 ], [ 109.736528492532344, -7.790941928103131, 0.0 ], [ 109.736524029328208, -7.790930402252423, 0.0 ], [ 109.736513435279875, -7.790908168798421, 0.0 ], [ 109.736507057503161, -7.790886005068257, 0.0 ], [ 109.736501642900834, -7.790864166899541, 0.0 ], [ 109.736500743470913, -7.790851012793621, 0.0 ], [ 109.736496876400523, -7.790830115590533, 0.0 ], [ 109.736494928522987, -7.790815130776967, 0.0 ], [ 109.73649340702039, -7.790787625460618, 0.0 ], [ 109.736491886904901, -7.790774241593435, 0.0 ], [ 109.73649130695604, -7.790763028514699, 0.0 ], [ 109.736489477593764, -7.79072765641615, 0.0 ], [ 109.73648856709157, -7.790710052146367, 0.0 ], [ 109.736486421135723, -7.790668563225298, 0.0 ], [ 109.736485827007854, -7.790657075997611, 0.0 ], [ 109.736483364950658, -7.790609470310389, 0.0 ], [ 109.736483087176978, -7.790604099600166, 0.0 ], [ 109.73648030845753, -7.790550377083631, 0.0 ], [ 109.736477607242108, -7.790498147070021, 0.0 ], [ 109.736477439449303, -7.790494902916493, 0.0 ], [ 109.736474550090264, -7.790439035181432, 0.0 ], [ 109.736471660400483, -7.790383167445265, 0.0 ], [ 109.736462860676198, -7.790364791738014, 0.0 ], [ 109.736461243197112, -7.790347292205421, 0.0 ], [ 109.736438439615753, -7.790340289920807, 0.0 ], [ 109.736425348759056, -7.790331991605754, 0.0 ], [ 109.736422013261574, -7.790330491350573, 0.0 ], [ 109.736378145157175, -7.790335822705111, 0.0 ], [ 109.736369333539244, -7.790334091843354, 0.0 ], [ 109.736361801594839, -7.790334491349907, 0.0 ], [ 109.736324108783705, -7.790337634260732, 0.0 ], [ 109.736313312392625, -7.790338169132363, 0.0 ], [ 109.736033200020671, -7.790360769867572, 0.0 ], [ 109.736013685852456, -7.790362344379848, 0.0 ], [ 109.735995135090548, -7.790363841128213, 0.0 ], [ 109.735977177546133, -7.79036529003583, 0.0 ], [ 109.735865132597255, -7.790374330236195, 0.0 ], [ 109.735858629465469, -7.7903748549431, 0.0 ], [ 109.735811672936265, -7.790378643685873, 0.0 ], [ 109.735806944113932, -7.790379025229371, 0.0 ], [ 109.735781098885127, -7.790381110516341, 0.0 ], [ 109.73564104269893, -7.790392410694753, 0.0 ], [ 109.735628210928738, -7.790393446016682, 0.0 ], [ 109.735600202244669, -7.790395705845483, 0.0 ], [ 109.735585020224278, -7.790396930796856, 0.0 ], [ 109.735024795478012, -7.790442131092121, 0.0 ], [ 109.735016524826477, -7.790442931351687, 0.0 ], [ 109.734981090341932, -7.790446864465972, 0.0 ], [ 109.734968768899904, -7.790448018278826, 0.0 ], [ 109.734942431764736, -7.790464104583195, 0.0 ], [ 109.734933941821353, -7.79046910946749, 0.0 ], [ 109.734912658692735, -7.790481767962609, 0.0 ], [ 109.734856547420279, -7.790515869796431, 0.0 ], [ 109.734800436139054, -7.790549971760497, 0.0 ], [ 109.734744324849927, -7.790584073576402, 0.0 ], [ 109.734688213552047, -7.790618175522631, 0.0 ], [ 109.73463210224628, -7.790652277320631, 0.0 ], [ 109.734575990931759, -7.790686379248974, 0.0 ], [ 109.734519879609309, -7.790720481029152, 0.0 ], [ 109.734463768278189, -7.790754582936289, 0.0 ], [ 109.73444148983215, -7.790768122703864, 0.0 ], [ 109.734420521141629, -7.79078086644346, 0.0 ], [ 109.734407656939112, -7.790788684698528, 0.0 ], [ 109.734350028503655, -7.790823708604149, 0.0 ], [ 109.734316192489402, -7.790844272459108, 0.0 ], [ 109.734281416263556, -7.79086540779072, 0.0 ], [ 109.734258566928602, -7.790879294480085, 0.0 ], [ 109.734239322871403, -7.790890990070872, 0.0 ], [ 109.734183211498603, -7.790925091936604, 0.0 ], [ 109.734177087572945, -7.790928813765106, 0.0 ], [ 109.734167105555855, -7.790934880332889, 0.0 ], [ 109.73412710011786, -7.790959193654122, 0.0 ], [ 109.734075644142294, -7.790990466161857, 0.0 ], [ 109.734072867582512, -7.790992328795779, 0.0 ], [ 109.734070986756265, -7.790993952059779, 0.0 ], [ 109.734043256363478, -7.791018646262579, 0.0 ], [ 109.734020418814367, -7.791046160233538, 0.0 ], [ 109.734025607037481, -7.791056965301849, 0.0 ], [ 109.734036725356447, -7.791080120522447, 0.0 ], [ 109.734047278959324, -7.79110209955194, 0.0 ], [ 109.734100999557668, -7.791213978187631, 0.0 ], [ 109.734109194815474, -7.791231045696682, 0.0 ], [ 109.734127859702539, -7.79126991750391, 0.0 ], [ 109.734181838184881, -7.791382333123304, 0.0 ], [ 109.734199781644193, -7.791419702222745, 0.0 ], [ 109.734217898965269, -7.791457433576043, 0.0 ], [ 109.734236016345463, -7.791495164877462, 0.0 ], [ 109.734289021524873, -7.791605553389362, 0.0 ], [ 109.73429315992739, -7.791614172074328, 0.0 ], [ 109.734308485872518, -7.791646090095742, 0.0 ], [ 109.734315881713243, -7.791661492700725, 0.0 ], [ 109.734369602435763, -7.79177337132236, 0.0 ], [ 109.734380955504164, -7.79179701525086, 0.0 ], [ 109.734388983865927, -7.791813735217014, 0.0 ], [ 109.734399072844155, -7.791834746610709, 0.0 ], [ 109.734409892832645, -7.79185728028621, 0.0 ], [ 109.734460142741057, -7.791961930513779, 0.0 ], [ 109.734471542554175, -7.79198567174006, 0.0 ], [ 109.734490473864739, -7.79202509820984, 0.0 ], [ 109.734503904025061, -7.79205306786313, 0.0 ], [ 109.734515803731796, -7.792077850118313, 0.0 ], [ 109.734537966836101, -7.792086897854257, 0.0 ], [ 109.734549094767374, -7.792086430397044, 0.0 ], [ 109.734571772695503, -7.792091221486254, 0.0 ], [ 109.734593590295376, -7.792087446972898, 0.0 ], [ 109.734604132109652, -7.792085623193738, 0.0 ], [ 109.734628715539415, -7.792081370195135, 0.0 ], [ 109.734683849155942, -7.792071832013865, 0.0 ], [ 109.734739887384407, -7.792062137147742, 0.0 ], [ 109.734794648672448, -7.792052663362266, 0.0 ], [ 109.734842277722038, -7.792044423301739, 0.0 ], [ 109.734865803519867, -7.792040353261732, 0.0 ], [ 109.734889906870038, -7.792036183332931, 0.0 ], [ 109.734936021171876, -7.792028205370279, 0.0 ], [ 109.734985165079024, -7.792019703297297, 0.0 ], [ 109.735001910146195, -7.792016806309333, 0.0 ], [ 109.7350327941556, -7.792011463243374, 0.0 ], [ 109.735069963399866, -7.792005032870738, 0.0 ], [ 109.735080423318124, -7.792003223271476, 0.0 ], [ 109.73510481605021, -7.79199900327295, 0.0 ], [ 109.735128052488975, -7.791994983306902, 0.0 ], [ 109.735138016601539, -7.791993259469008, 0.0 ], [ 109.73517568154071, -7.791986743213229, 0.0 ], [ 109.735206069972975, -7.791981485887823, 0.0 ], [ 109.73522331066907, -7.791978503198413, 0.0 ], [ 109.735272250481344, -7.791970036375607, 0.0 ], [ 109.735318568873026, -7.791962023093228, 0.0 ], [ 109.735342176593903, -7.791957938807026, 0.0 ], [ 109.735366197936244, -7.791953782993209, 0.0 ], [ 109.735410229821539, -7.791946165326799, 0.0 ], [ 109.73541234601187, -7.791945799215029, 0.0 ], [ 109.735413924569357, -7.791945640784737, 0.0 ], [ 109.735422215831065, -7.791944091675814, 0.0 ], [ 109.735468384221846, -7.791936104250285, 0.0 ], [ 109.735524422429904, -7.791926409452662, 0.0 ], [ 109.735543826464649, -7.791925106479072, 0.0 ], [ 109.73556175279424, -7.791925877827737, 0.0 ], [ 109.735580437967755, -7.79192426973339, 0.0 ], [ 109.735597565162408, -7.791927523964116, 0.0 ], [ 109.735614347556705, -7.791944665104953, 0.0 ], [ 109.735603146517988, -7.791967408488895, 0.0 ], [ 109.735593258216483, -7.791987486184004, 0.0 ], [ 109.735584678763345, -7.792004906394913, 0.0 ], [ 109.735566211151095, -7.792042404448914, 0.0 ], [ 109.735547743413989, -7.792079902374835, 0.0 ], [ 109.735539661212428, -7.792096313087974, 0.0 ], [ 109.735529275772606, -7.792117400400154, 0.0 ], [ 109.735510807981498, -7.792154898281064, 0.0 ], [ 109.735492340314039, -7.792192396284093, 0.0 ], [ 109.735486063861543, -7.792205140290121, 0.0 ], [ 109.735476996740573, -7.79222355065611, 0.0 ], [ 109.735467463569336, -7.79224290745189, 0.0 ], [ 109.735449526774758, -7.792279327757718, 0.0 ], [ 109.735436937286522, -7.792304890287805, 0.0 ], [ 109.735432466998404, -7.79231396696717, 0.0 ], [ 109.73541846951106, -7.792342388194258, 0.0 ], [ 109.735400001868683, -7.792379886235745, 0.0 ], [ 109.735381534098281, -7.792417384149075, 0.0 ], [ 109.735378869794715, -7.792422793939166, 0.0 ], [ 109.735363066408084, -7.792454882148802, 0.0 ], [ 109.735344598586806, -7.792492380017165, 0.0 ], [ 109.735325910901608, -7.792530324674005, 0.0 ], [ 109.735325272453579, -7.792531621002589, 0.0 ], [ 109.735307663097856, -7.792567375915302, 0.0 ], [ 109.735289195430155, -7.792604873945177, 0.0 ], [ 109.735270229536297, -7.792643383218313, 0.0 ], [ 109.735257235366745, -7.792669767378267, 0.0 ], [ 109.735242053210428, -7.792700594366306, 0.0 ], [ 109.735229765316788, -7.792725544455108, 0.0 ], [ 109.735218078146815, -7.792749274632693, 0.0 ], [ 109.73521532447387, -7.792754865803647, 0.0 ], [ 109.735196856747265, -7.792792363784203, 0.0 ], [ 109.735178388892734, -7.792829861640006, 0.0 ], [ 109.735164480677852, -7.79285810169965, 0.0 ], [ 109.735159921168091, -7.792867359630852, 0.0 ], [ 109.735141453346529, -7.792904857526075, 0.0 ], [ 109.735122985648729, -7.792942355543286, 0.0 ], [ 109.735110883356029, -7.79296692857729, 0.0 ], [ 109.735104517807301, -7.79297985342276, 0.0 ], [ 109.7350860500555, -7.793017351395025, 0.0 ], [ 109.735067582178758, -7.793054849242425, 0.0 ], [ 109.735064943558044, -7.793060206847381, 0.0 ], [ 109.735037473531889, -7.793115983902754, 0.0 ], [ 109.735030646787081, -7.79312984530656, 0.0 ], [ 109.735012178896127, -7.793167343149775, 0.0 ], [ 109.735003688603229, -7.793184582306845, 0.0 ], [ 109.734993711150665, -7.793204841141004, 0.0 ], [ 109.734975243298948, -7.793242339023662, 0.0 ], [ 109.734956775564712, -7.793279837028336, 0.0 ], [ 109.734950091294237, -7.793293409042589, 0.0 ], [ 109.734938307677623, -7.79331733488219, 0.0 ], [ 109.734919839895653, -7.793354832841822, 0.0 ], [ 109.734901371985643, -7.793392330676661, 0.0 ], [ 109.734896493491419, -7.793402236225047, 0.0 ], [ 109.734882904227305, -7.793429828666017, 0.0 ], [ 109.734864436350307, -7.793467326540281, 0.0 ], [ 109.7348475837601, -7.793501545015888, 0.0 ], [ 109.734845181265143, -7.793506423198726, 0.0 ], [ 109.734842896251479, -7.793511062804892, 0.0 ], [ 109.734827500836914, -7.793542322537938, 0.0 ], [ 109.734809032951915, -7.793579820408002, 0.0 ], [ 109.734790240696597, -7.793617977255849, 0.0 ], [ 109.734776505416093, -7.793645865767835, 0.0 ], [ 109.73477209725165, -7.793654816228387, 0.0 ], [ 109.734753629436355, -7.793692314175487, 0.0 ], [ 109.734735161493106, -7.793729812000971, 0.0 ], [ 109.734716693710808, -7.793767309987476, 0.0 ], [ 109.734698225803641, -7.793804807849122, 0.0 ], [ 109.73468210361635, -7.793837543200245, 0.0 ], [ 109.73467975801087, -7.793842305829641, 0.0 ], [ 109.734661290049686, -7.793879803646255, 0.0 ], [ 109.734652888597566, -7.793896862343103, 0.0 ], [ 109.734625418448715, -7.793952639352126, 0.0 ], [ 109.734624354495352, -7.793954799648949, 0.0 ], [ 109.734605886526225, -7.793992297461445, 0.0 ], [ 109.734587418674522, -7.794029795399161, 0.0 ], [ 109.734574908246543, -7.794055196860958, 0.0 ], [ 109.734568950710397, -7.794067293221836, 0.0 ], [ 109.734565818833971, -7.794073652344777, 0.0 ], [ 109.734547670666018, -7.79410196965586, 0.0 ], [ 109.734534951611053, -7.79411994629095, 0.0 ], [ 109.734524487128027, -7.794134736303886, 0.0 ], [ 109.734509568498751, -7.794153866902596, 0.0 ], [ 109.734488555643409, -7.794175666740318, 0.0 ], [ 109.734471369471535, -7.794193496680458, 0.0 ], [ 109.734453384006812, -7.794212155634276, 0.0 ], [ 109.734228645882254, -7.794445310447178, 0.0 ], [ 109.734224283948521, -7.794449835710154, 0.0 ], [ 109.734220115862215, -7.79445415991869, 0.0 ], [ 109.734172461312014, -7.794503599125089, 0.0 ], [ 109.73411627672813, -7.794561887119357, 0.0 ], [ 109.734112739200199, -7.794565557123563, 0.0 ], [ 109.734087013878678, -7.794592245994944, 0.0 ], [ 109.734059559824914, -7.794620728014094, 0.0 ], [ 109.733897987004298, -7.79478835142626, 0.0 ], [ 109.733893404415326, -7.794790184341541, 0.0 ], [ 109.733891553493535, -7.794789962637332, 0.0 ], [ 109.733890431510488, -7.794789449345452, 0.0 ], [ 109.733887682177155, -7.794788320620355, 0.0 ], [ 109.733857541299955, -7.79476636305832, 0.0 ], [ 109.733835621148529, -7.794764305409747, 0.0 ], [ 109.733813540564412, -7.794754291225909, 0.0 ], [ 109.733795609685586, -7.794748092744094, 0.0 ], [ 109.733779679150473, -7.79474186219059, 0.0 ], [ 109.733758416358981, -7.794732075111252, 0.0 ], [ 109.733735503496121, -7.794720269315875, 0.0 ], [ 109.733723747084497, -7.794716117141346, 0.0 ], [ 109.733667815026777, -7.794690371930297, 0.0 ], [ 109.733555950933763, -7.794638881797014, 0.0 ], [ 109.733500018899363, -7.794613136570289, 0.0 ], [ 109.733444086872282, -7.794587391486167, 0.0 ], [ 109.733427311799659, -7.794580259342569, 0.0 ], [ 109.733391969450267, -7.794563402229731, 0.0 ], [ 109.733388154853046, -7.794561646398974, 0.0 ], [ 109.733385576207766, -7.794560808878184, 0.0 ], [ 109.733345921173793, -7.794549561996499, 0.0 ], [ 109.733332196890828, -7.794544531911731, 0.0 ], [ 109.733182767611481, -7.794506917506035, 0.0 ], [ 109.732958189590363, -7.794450386689348, 0.0 ], [ 109.732772526539918, -7.794403651313483, 0.0 ], [ 109.732765214183303, -7.794401250247089, 0.0 ], [ 109.732748451330139, -7.794393900164003, 0.0 ], [ 109.732734596141739, -7.794375911473931, 0.0 ], [ 109.732727609330169, -7.794348876845349, 0.0 ], [ 109.732722981095634, -7.79433796492419, 0.0 ], [ 109.732721941583591, -7.794332764612872, 0.0 ], [ 109.732712650196987, -7.794286283675241, 0.0 ], [ 109.732710539163023, -7.794275722920675, 0.0 ], [ 109.732703358958588, -7.794239802589051, 0.0 ], [ 109.732700635872135, -7.79422618000265, 0.0 ], [ 109.732689218163699, -7.794169060869818, 0.0 ], [ 109.732684776422943, -7.794146840487931, 0.0 ], [ 109.732682521060454, -7.794135557610339, 0.0 ], [ 109.732675485153905, -7.794100359437394, 0.0 ], [ 109.732668511827001, -7.794065474768594, 0.0 ], [ 109.732667118131559, -7.794058502620855, 0.0 ], [ 109.732661531882528, -7.794030556390723, 0.0 ], [ 109.732656902572714, -7.794007397384787, 0.0 ], [ 109.732655945633951, -7.794002610160566, 0.0 ], [ 109.732644773138148, -7.793946717700329, 0.0 ], [ 109.732640493741556, -7.793925309458633, 0.0 ], [ 109.732638320034042, -7.793914435296857, 0.0 ], [ 109.732629028755653, -7.793867954262527, 0.0 ], [ 109.732626484550835, -7.793855226652735, 0.0 ], [ 109.732622427912048, -7.793834932779186, 0.0 ], [ 109.73260008293316, -7.793723147859015, 0.0 ], [ 109.732598466482557, -7.793715061343184, 0.0 ], [ 109.732591863660858, -7.793682030122569, 0.0 ], [ 109.732584457272438, -7.793644978508219, 0.0 ], [ 109.732583936266749, -7.793642372076581, 0.0 ], [ 109.732756, -7.793047, 0.0 ], [ 109.732817264506934, -7.792806250236707, 0.0 ], [ 109.732844370399363, -7.792941852211064, 0.0 ], [ 109.732847231278697, -7.792956164098305, 0.0 ], [ 109.732851764343778, -7.792978841110129, 0.0 ], [ 109.732860691593359, -7.793023500929335, 0.0 ], [ 109.732866715677218, -7.793053637126951, 0.0 ], [ 109.732877888198871, -7.793109529584498, 0.0 ], [ 109.732879638213191, -7.793118284238702, 0.0 ], [ 109.732889060722329, -7.793165422042152, 0.0 ], [ 109.732898220850117, -7.793211246273961, 0.0 ], [ 109.73290326794806, -7.793236495075202, 0.0 ], [ 109.732907512125138, -7.793257727335229, 0.0 ], [ 109.732911406014651, -7.793277206958277, 0.0 ], [ 109.732922578540482, -7.793333099416022, 0.0 ], [ 109.73292609470704, -7.793350689432042, 0.0 ], [ 109.732931286114976, -7.793376660378809, 0.0 ], [ 109.732935385979573, -7.793397170503058, 0.0 ], [ 109.732944923837479, -7.793444884332386, 0.0 ], [ 109.732953968637815, -7.793490132532233, 0.0 ], [ 109.732956096378047, -7.793500776790304, 0.0 ], [ 109.732967268914209, -7.793556669248155, 0.0 ], [ 109.732972551232322, -7.793583094629277, 0.0 ], [ 109.732972855239097, -7.793584615477315, 0.0 ], [ 109.732981842542372, -7.793629575668124, 0.0 ], [ 109.732987322868368, -7.793656991373415, 0.0 ], [ 109.732989614228885, -7.793668454164854, 0.0 ], [ 109.733000786770461, -7.793724346622837, 0.0 ], [ 109.733011959313913, -7.793780239080913, 0.0 ], [ 109.733015341069532, -7.793797156677792, 0.0 ], [ 109.733019007813965, -7.793815499801253, 0.0 ], [ 109.733028299136564, -7.793861980833833, 0.0 ], [ 109.733029350326646, -7.79386723948112, 0.0 ], [ 109.733034304646182, -7.793892023997889, 0.0 ], [ 109.733056173021239, -7.794001424018823, 0.0 ], [ 109.73305736854492, -7.794007404789076, 0.0 ], [ 109.733065464433253, -7.794047904967504, 0.0 ], [ 109.733071377863439, -7.794077487644524, 0.0 ], [ 109.733074755737121, -7.794094386022782, 0.0 ], [ 109.733078995089414, -7.794115593831575, 0.0 ], [ 109.733090167645543, -7.794171486289845, 0.0 ], [ 109.733098434350822, -7.794182296206611, 0.0 ], [ 109.733109228630624, -7.794188925508117, 0.0 ], [ 109.733136052283029, -7.794200695613992, 0.0 ], [ 109.73313921824051, -7.794201580074988, 0.0 ], [ 109.733165172505437, -7.794210705204244, 0.0 ], [ 109.733178982067969, -7.794213829110052, 0.0 ], [ 109.733218700723427, -7.794225299040651, 0.0 ], [ 109.733221136161532, -7.794225908673768, 0.0 ], [ 109.733222866800716, -7.794226015915061, 0.0 ], [ 109.733225531424083, -7.794227750201272, 0.0 ], [ 109.733263053405992, -7.794241868867223, 0.0 ], [ 109.733277080655654, -7.794247486637574, 0.0 ], [ 109.733298826818668, -7.79424966373145, 0.0 ], [ 109.733320883223982, -7.79424023117562, 0.0 ], [ 109.733333098028666, -7.794244828062598, 0.0 ], [ 109.733341333485583, -7.794236284262799, 0.0 ], [ 109.733349202953619, -7.794228120063755, 0.0 ], [ 109.733389282656859, -7.794186539505233, 0.0 ], [ 109.733445467267273, -7.794128251617793, 0.0 ], [ 109.733782574613628, -7.793778520016643, 0.0 ], [ 109.733832396100254, -7.793726833293605, 0.0 ], [ 109.733835505323469, -7.793723607643097, 0.0 ], [ 109.733862959157079, -7.79369512546467, 0.0 ], [ 109.733886083992772, -7.793671134716996, 0.0 ], [ 109.733894943601825, -7.793661943410054, 0.0 ], [ 109.734175865803579, -7.793370500032778, 0.0 ], [ 109.734208211686536, -7.793336943065138, 0.0 ], [ 109.734219860139362, -7.793324858400068, 0.0 ], [ 109.734247313920648, -7.793296376187825, 0.0 ], [ 109.734261899479023, -7.79328124442389, 0.0 ], [ 109.734288234572688, -7.793253923284695, 0.0 ], [ 109.73440060328123, -7.7931373458226, 0.0 ], [ 109.734409295413329, -7.793122732661876, 0.0 ], [ 109.734413988361226, -7.793114121632845, 0.0 ], [ 109.734428862189787, -7.793086337333582, 0.0 ], [ 109.734429063727035, -7.793085936539973, 0.0 ], [ 109.734443223648498, -7.793058349904661, 0.0 ], [ 109.734456933418315, -7.793030512730427, 0.0 ], [ 109.734470693832534, -7.793002572899861, 0.0 ], [ 109.734484429063315, -7.79297468439677, 0.0 ], [ 109.73450311997405, -7.792936733442252, 0.0 ], [ 109.734521587890157, -7.792899235626472, 0.0 ], [ 109.73453737915014, -7.792867172247835, 0.0 ], [ 109.734540055672099, -7.792861737679354, 0.0 ], [ 109.734558523540471, -7.792824239815349, 0.0 ], [ 109.734576991277706, -7.792786741829768, 0.0 ], [ 109.73459097662915, -7.792758345428555, 0.0 ], [ 109.734595459147997, -7.792749243975932, 0.0 ], [ 109.734613926921355, -7.792711746029762, 0.0 ], [ 109.734632394815307, -7.7926742482056, 0.0 ], [ 109.734644574252087, -7.792649518423156, 0.0 ], [ 109.734650862568856, -7.79263675024036, 0.0 ], [ 109.73466298626947, -7.792612133784255, 0.0 ], [ 109.734682344794962, -7.792572827163789, 0.0 ], [ 109.734690456425483, -7.792556356754845, 0.0 ], [ 109.734698171393745, -7.792540691851489, 0.0 ], [ 109.734706265844579, -7.792524256378611, 0.0 ], [ 109.734724733676558, -7.792486758501966, 0.0 ], [ 109.73474320138051, -7.79244926050379, 0.0 ], [ 109.73475176867305, -7.792431865103408, 0.0 ], [ 109.734761669229954, -7.79241176265035, 0.0 ], [ 109.734772867202878, -7.792389025649276, 0.0 ], [ 109.734758501781371, -7.792369497829836, 0.0 ], [ 109.734738977529318, -7.792365162638051, 0.0 ], [ 109.734715594980571, -7.792365535826434, 0.0 ], [ 109.734707767261625, -7.792364101960292, 0.0 ], [ 109.734682970829496, -7.792364343829128, 0.0 ], [ 109.734662154409392, -7.792367945135931, 0.0 ], [ 109.734644660363102, -7.792370971625953, 0.0 ], [ 109.734614525231834, -7.792376185078695, 0.0 ], [ 109.734576606925813, -7.792382745107307, 0.0 ], [ 109.734566896134041, -7.792384425100285, 0.0 ], [ 109.73454425045081, -7.792388342826271, 0.0 ], [ 109.734514856016446, -7.792393428082543, 0.0 ], [ 109.734458817742393, -7.792403122907623, 0.0 ], [ 109.734442472146299, -7.792404336956246, 0.0 ], [ 109.734418576382467, -7.792403694671261, 0.0 ], [ 109.734402802444436, -7.792405167304001, 0.0 ], [ 109.734394785470357, -7.792395919536576, 0.0 ], [ 109.734389841864655, -7.79238788157534, 0.0 ], [ 109.734336121084269, -7.792276002945991, 0.0 ], [ 109.734321581337369, -7.792245722456521, 0.0 ], [ 109.73430346398068, -7.792207991098796, 0.0 ], [ 109.734291451526417, -7.792182973969574, 0.0 ], [ 109.734235790591853, -7.792067054680689, 0.0 ], [ 109.734230189372269, -7.792057863935893, 0.0 ], [ 109.73422782027842, -7.792052243111551, 0.0 ], [ 109.734220454201377, -7.792036835269688, 0.0 ], [ 109.734212009202935, -7.792020194867672, 0.0 ], [ 109.734201819567801, -7.791996306361402, 0.0 ], [ 109.734180129684972, -7.791951135051995, 0.0 ], [ 109.734174567279268, -7.791945928974904, 0.0 ], [ 109.734151943071581, -7.791912665568681, 0.0 ], [ 109.734151521127771, -7.791911646786716, 0.0 ], [ 109.734133533870491, -7.791875223559837, 0.0 ], [ 109.734124435659737, -7.79184624947988, 0.0 ], [ 109.734115058935245, -7.791837846721761, 0.0 ], [ 109.734104560167381, -7.791828438569291, 0.0 ], [ 109.734083041132862, -7.791813895795782, 0.0 ], [ 109.734068576952794, -7.791796193140136, 0.0 ], [ 109.734012718261184, -7.791746136196058, 0.0 ], [ 109.733979475669955, -7.79171634668745, 0.0 ], [ 109.733967529241795, -7.79170564125471, 0.0 ], [ 109.733938023346326, -7.791679200123893, 0.0 ], [ 109.733916933111573, -7.791660300735482, 0.0 ], [ 109.733901000914855, -7.791646023489899, 0.0 ], [ 109.733845142263775, -7.791595966532923, 0.0 ], [ 109.733791848718795, -7.791548208813388, 0.0 ], [ 109.733790493765923, -7.791546994612071, 0.0 ], [ 109.733760987896133, -7.791520553472269, 0.0 ], [ 109.733731481876987, -7.791494112479594, 0.0 ], [ 109.733729306261083, -7.791492162841485, 0.0 ], [ 109.733677566387868, -7.791445796821733, 0.0 ], [ 109.733621707788942, -7.791395740439254, 0.0 ], [ 109.733604222128847, -7.791380070879709, 0.0 ], [ 109.733583952631648, -7.79136190671533, 0.0 ], [ 109.733554446635068, -7.79133546571685, 0.0 ], [ 109.733541679753088, -7.791324024887693, 0.0 ], [ 109.733509990633479, -7.791295627062398, 0.0 ], [ 109.733454132075067, -7.791245570663801, 0.0 ], [ 109.733436423221022, -7.791229701168843, 0.0 ], [ 109.733416595270455, -7.791211932884262, 0.0 ], [ 109.733398273530227, -7.791195514259943, 0.0 ], [ 109.73335405339428, -7.79115588687352, 0.0 ], [ 109.733346314221407, -7.791151955474548, 0.0 ], [ 109.73334240031943, -7.791150342078121, 0.0 ], [ 109.733333808026103, -7.791147247782768, 0.0 ], [ 109.733305410225711, -7.791136814041035, 0.0 ], [ 109.733286452074339, -7.791130138927355, 0.0 ], [ 109.733207615316772, -7.791103265258532, 0.0 ], [ 109.733269, -7.790809, 0.0 ], [ 109.733307517565962, -7.790618247032547, 0.0 ], [ 109.733410419804827, -7.79065332387828, 0.0 ], [ 109.733623720105882, -7.790726033015807, 0.0 ], [ 109.733648267467828, -7.790734400568697, 0.0 ], [ 109.733653390485614, -7.79073614688223, 0.0 ], [ 109.733679671720992, -7.79074510541291, 0.0 ], [ 109.733735623342, -7.790764177890831, 0.0 ], [ 109.733741405110067, -7.790760276596558, 0.0 ], [ 109.733776169941123, -7.790750673679511, 0.0 ], [ 109.733772662173976, -7.79072928941954, 0.0 ], [ 109.73377955051744, -7.790710286132993, 0.0 ], [ 109.733781270706402, -7.790699764439927, 0.0 ], [ 109.7337789858462, -7.790667328150755, 0.0 ], [ 109.733780401305879, -7.790654429612347, 0.0 ], [ 109.733764158852537, -7.79037508576144, 0.0 ], [ 109.733762662817369, -7.790349357055343, 0.0 ], [ 109.733762389639637, -7.790344659128046, 0.0 ], [ 109.733759600989146, -7.790296700244543, 0.0 ], [ 109.73375893004625, -7.790285161122891, 0.0 ], [ 109.733757661699997, -7.790263348220424, 0.0 ], [ 109.733741419232032, -7.789984004368459, 0.0 ], [ 109.733738136744762, -7.789927553811449, 0.0 ], [ 109.733721928096244, -7.78964879174468, 0.0 ], [ 109.733718679433224, -7.789592922973464, 0.0 ], [ 109.733702436945379, -7.789313579119744, 0.0 ], [ 109.733699188280397, -7.789257710348454, 0.0 ], [ 109.733699496133454, -7.789242442085933, 0.0 ], [ 109.733697778765801, -7.789215322231382, 0.0 ], [ 109.733698093253778, -7.78920184801182, 0.0 ], [ 109.73372711178925, -7.789188725774785, 0.0 ], [ 109.733740365221891, -7.789185694035731, 0.0 ], [ 109.733796386594364, -7.789181480279747, 0.0 ], [ 109.7338188715581, -7.789179789041588, 0.0 ], [ 109.733829119257521, -7.789179018238571, 0.0 ], [ 109.733880418652973, -7.789175159683343, 0.0 ], [ 109.733908429339238, -7.789173052812987, 0.0 ], [ 109.733964450711881, -7.78916883903424, 0.0 ], [ 109.733984960525646, -7.789167296349811, 0.0 ], [ 109.734001238999753, -7.789166071946174, 0.0 ], [ 109.734036907641013, -7.789163389064348, 0.0 ], [ 109.734062028150191, -7.789161499559949, 0.0 ], [ 109.734076493457167, -7.789160411521997, 0.0 ], [ 109.734140801788001, -7.789155574395858, 0.0 ], [ 109.734183606432666, -7.789152354779991, 0.0 ], [ 109.734192748919128, -7.78915166710699, 0.0 ], [ 109.734300578948861, -7.789143556341557, 0.0 ], [ 109.734348590188475, -7.789139945081215, 0.0 ], [ 109.734365973885119, -7.789138637514101, 0.0 ], [ 109.734412621695029, -7.789135128735043, 0.0 ], [ 109.734426763058011, -7.789134065051624, 0.0 ], [ 109.734452484336174, -7.789132130334482, 0.0 ], [ 109.734487552212173, -7.789129492602812, 0.0 ], [ 109.734504431452066, -7.78912822299345, 0.0 ], [ 109.734524664441381, -7.789126701104543, 0.0 ], [ 109.734547590330862, -7.789125664698761, 0.0 ], [ 109.734557566507419, -7.789125507525027, 0.0 ], [ 109.73458068009937, -7.789124391287257, 0.0 ], [ 109.734605043184658, -7.789124399755088, 0.0 ], [ 109.734612710021892, -7.789124807169226, 0.0 ], [ 109.73463668757266, -7.789124808415294, 0.0 ], [ 109.734692686894704, -7.789127941717905, 0.0 ], [ 109.734748686219064, -7.789131074925776, 0.0 ], [ 109.734804685545157, -7.789134208213855, 0.0 ], [ 109.734860684873567, -7.789137341407185, 0.0 ], [ 109.734916684203711, -7.789140474680745, 0.0 ], [ 109.734972683536128, -7.789143607859542, 0.0 ], [ 109.735031749419989, -7.789146912694182, 0.0 ], [ 109.735084682206789, -7.789149874282805, 0.0 ], [ 109.735084977075175, -7.789149836460505, 0.0 ], [ 109.735133612717533, -7.789143196280614, 0.0 ], [ 109.735140713662801, -7.789142303107685, 0.0 ], [ 109.735150691530961, -7.78914038109209, 0.0 ], [ 109.73518085694522, -7.789134570368501, 0.0 ], [ 109.735227704305714, -7.789125546271527, 0.0 ], [ 109.735274551649482, -7.789116522149594, 0.0 ], [ 109.735290140625921, -7.789113519285822, 0.0 ], [ 109.735308837040989, -7.789109917832581, 0.0 ], [ 109.735364878163423, -7.789099122780177, 0.0 ], [ 109.735415093716952, -7.789089449799421, 0.0 ], [ 109.735429589675803, -7.789086657466349, 0.0 ], [ 109.735461941083841, -7.789080425687943, 0.0 ], [ 109.735504980962489, -7.789072134960881, 0.0 ], [ 109.735508788418485, -7.789071401531968, 0.0 ], [ 109.735555635764314, -7.789062377393219, 0.0 ], [ 109.735569038730745, -7.789059795581923, 0.0 ], [ 109.735602483093416, -7.789053353226262, 0.0 ], [ 109.735638763229161, -7.789046364647254, 0.0 ], [ 109.735649330458628, -7.789044329092703, 0.0 ], [ 109.735696177766627, -7.789035304898491, 0.0 ], [ 109.735708487796856, -7.789032933626117, 0.0 ], [ 109.735743025126368, -7.789026280750727, 0.0 ], [ 109.735785186528233, -7.78901815921666, 0.0 ], [ 109.735789872450653, -7.789017256564963, 0.0 ], [ 109.735836719792388, -7.789008232389939, 0.0 ], [ 109.735847936827298, -7.789006071647283, 0.0 ], [ 109.735883567114243, -7.788999208193199, 0.0 ], [ 109.735917661318254, -7.788992640660645, 0.0 ], [ 109.735930414472236, -7.788990184023374, 0.0 ], [ 109.735956529958941, -7.788985153380832, 0.0 ], [ 109.735973953738565, -7.788977840812873, 0.0 ], [ 109.735981359035804, -7.78897082515145, 0.0 ], [ 109.736000217420681, -7.788948164806746, 0.0 ], [ 109.736012769113088, -7.788929461992188, 0.0 ], [ 109.736037619606961, -7.788886829323874, 0.0 ], [ 109.736206514375198, -7.788597079885774, 0.0 ], [ 109.736240295130443, -7.78853912664077, 0.0 ], [ 109.736248537042258, -7.788524987015881, 0.0 ], [ 109.736262812575944, -7.788500496376722, 0.0 ], [ 109.736276166146709, -7.788496680980423, 0.0 ], [ 109.736308990733718, -7.788483472335966, 0.0 ], [ 109.736316022559734, -7.788480642730375, 0.0 ], [ 109.736318885415727, -7.788479090206429, 0.0 ], [ 109.736322247181974, -7.788480155880637, 0.0 ], [ 109.736364813031841, -7.788493649381575, 0.0 ], [ 109.736374840926729, -7.788496828203583, 0.0 ], [ 109.736430796444722, -7.788514565786004, 0.0 ], [ 109.736449945210552, -7.788520635903748, 0.0 ], [ 109.736475706883283, -7.788528802421601, 0.0 ], [ 109.736492511101687, -7.788534129357602, 0.0 ], [ 109.736510819860044, -7.788539933147407, 0.0 ], [ 109.736542707496767, -7.788550041335753, 0.0 ], [ 109.736557341011007, -7.788554680123718, 0.0 ], [ 109.736577643306717, -7.78856111585026, 0.0 ], [ 109.736620209254866, -7.788574609244167, 0.0 ], [ 109.736638975331203, -7.788580557993553, 0.0 ], [ 109.736654618572018, -7.788585516858872, 0.0 ], [ 109.736688706489076, -7.788596322509966, 0.0 ], [ 109.736705341479947, -7.78860159571372, 0.0 ], [ 109.736720609471107, -7.78860643565756, 0.0 ], [ 109.736747907388065, -7.788615089147768, 0.0 ], [ 109.736766529670334, -7.788620992355478, 0.0 ], [ 109.736822485228799, -7.788638729891344, 0.0 ], [ 109.736833039626958, -7.788642075600716, 0.0 ], [ 109.736866592148033, -7.788652711802215, 0.0 ], [ 109.736878440791784, -7.788656467828671, 0.0 ], [ 109.736990351937578, -7.788691942860688, 0.0 ], [ 109.737046307517957, -7.788709680778035, 0.0 ], [ 109.737102263105299, -7.788727418277472, 0.0 ], [ 109.737130240900868, -7.788736287125084, 0.0 ], [ 109.737131002177719, -7.788736528444058, 0.0 ], [ 109.73717356817248, -7.788750021791226, 0.0 ], [ 109.737210415317705, -7.788761702088514, 0.0 ], [ 109.737214174296113, -7.788762893667622, 0.0 ], [ 109.737222365420848, -7.788765490190429, 0.0 ], [ 109.737258700481391, -7.788777008157512, 0.0 ], [ 109.737292049671069, -7.788787579780132, 0.0 ], [ 109.737301266467412, -7.788790501509246, 0.0 ], [ 109.737326085510048, -7.788798369034447, 0.0 ], [ 109.737382041126295, -7.788816106500618, 0.0 ], [ 109.737386398793276, -7.788817487862086, 0.0 ], [ 109.737428964726774, -7.788830981263644, 0.0 ], [ 109.737437996747133, -7.788833844371354, 0.0 ], [ 109.737493952374948, -7.788851581824295, 0.0 ], [ 109.737512169713412, -7.78885987835532, 0.0 ], [ 109.737538684123749, -7.788878150789667, 0.0 ], [ 109.737502227580265, -7.788886399288268, 0.0 ], [ 109.737493840717377, -7.788888866522983, 0.0 ], [ 109.73747949080105, -7.788892275870392, 0.0 ], [ 109.737455621056782, -7.788895665246675, 0.0 ], [ 109.737437795202425, -7.788901141227719, 0.0 ], [ 109.737412869020119, -7.78890879842792, 0.0 ], [ 109.737399557469814, -7.788915828078852, 0.0 ], [ 109.737374751272455, -7.788926581208338, 0.0 ], [ 109.737366101166842, -7.788933495832713, 0.0 ], [ 109.737335412676345, -7.7889431391054, 0.0 ], [ 109.737306746574561, -7.788952146927245, 0.0 ], [ 109.737292889035842, -7.788956501430897, 0.0 ], [ 109.737250365356019, -7.788969863712641, 0.0 ], [ 109.737224501383452, -7.788977991033109, 0.0 ], [ 109.737207841720689, -7.788983226035233, 0.0 ], [ 109.737165318008692, -7.788996588278407, 0.0 ], [ 109.737142256293993, -7.789003835011572, 0.0 ], [ 109.737122794363003, -7.789009950588309, 0.0 ], [ 109.737080270677964, -7.789023312854484, 0.0 ], [ 109.737060011087351, -7.789029679078996, 0.0 ], [ 109.737037747028097, -7.789036675154975, 0.0 ], [ 109.737013912243967, -7.789044164757897, 0.0 ], [ 109.736989273511853, -7.789051906973232, 0.0 ], [ 109.736933211966047, -7.789069523305398, 0.0 ], [ 109.736877150417087, -7.789087139477123, 0.0 ], [ 109.736837817584203, -7.789099499098932, 0.0 ], [ 109.73682512856432, -7.789103486395095, 0.0 ], [ 109.736813275673995, -7.789107210933364, 0.0 ], [ 109.736782604843, -7.789116848605672, 0.0 ], [ 109.736740081166175, -7.789130210860165, 0.0 ], [ 109.736731030539431, -7.789133054830251, 0.0 ], [ 109.736697557453084, -7.789143573074285, 0.0 ], [ 109.736661723100696, -7.78915483335986, 0.0 ], [ 109.736656433975355, -7.789158340153469, 0.0 ], [ 109.736652884063048, -7.789164318511362, 0.0 ], [ 109.736635586025486, -7.789193449826631, 0.0 ], [ 109.736632696196679, -7.789210605961099, 0.0 ], [ 109.7366862036924, -7.789322483713052, 0.0 ], [ 109.736712957670804, -7.78937842258871, 0.0 ], [ 109.736793218979301, -7.789546239209408, 0.0 ], [ 109.736820317580822, -7.789602898589951, 0.0 ], [ 109.736900234368136, -7.789769994694626, 0.0 ], [ 109.73691359092831, -7.789787457708939, 0.0 ], [ 109.736931025369344, -7.78979929337561, 0.0 ], [ 109.736939240229276, -7.789778240934496, 0.0 ], [ 109.736942993542755, -7.789770122135695, 0.0 ], [ 109.736952891198584, -7.789748496061399, 0.0 ], [ 109.73695545852037, -7.789738486273989, 0.0 ], [ 109.736983200909563, -7.789710293803723, 0.0 ], [ 109.736987304200809, -7.789709192448767, 0.0 ], [ 109.737006451492604, -7.789677594683275, 0.0 ], [ 109.737015293656512, -7.78965861934614, 0.0 ], [ 109.737024271826058, -7.789639447365622, 0.0 ], [ 109.737043617911425, -7.789607441290254, 0.0 ], [ 109.737045949162336, -7.789605169802261, 0.0 ], [ 109.737046738731635, -7.789602853923003, 0.0 ], [ 109.737050700313858, -7.789595836933785, 0.0 ], [ 109.737066570966135, -7.789569833219836, 0.0 ], [ 109.737077021825499, -7.789547085033496, 0.0 ], [ 109.737092453842649, -7.789519201452948, 0.0 ], [ 109.73709993159197, -7.78950569014851, 0.0 ], [ 109.737107320974388, -7.789498664829733, 0.0 ], [ 109.73710986436248, -7.789491323767257, 0.0 ], [ 109.73712252333651, -7.789468939927075, 0.0 ], [ 109.737126724465597, -7.789462105915385, 0.0 ], [ 109.737138749924227, -7.789435550705935, 0.0 ], [ 109.737156245242431, -7.789403939052833, 0.0 ], [ 109.737168816673915, -7.789392284175638, 0.0 ], [ 109.737173215229404, -7.789379794267374, 0.0 ], [ 109.73719253597362, -7.789360055337282, 0.0 ], [ 109.737212437239307, -7.789342789046794, 0.0 ], [ 109.737226525766403, -7.789338130937691, 0.0 ], [ 109.737236015917546, -7.78932412225141, 0.0 ], [ 109.737256872304442, -7.789312551244748, 0.0 ], [ 109.737268556040959, -7.789306069180602, 0.0 ], [ 109.737293743836972, -7.789299194298254, 0.0 ], [ 109.737299469304418, -7.78929926249129, 0.0 ], [ 109.737324632946141, -7.789283333710224, 0.0 ], [ 109.737335749551647, -7.789279636113248, 0.0 ], [ 109.737341777754565, -7.789268578218043, 0.0 ], [ 109.737369320922923, -7.789257291906452, 0.0 ], [ 109.737380739184104, -7.789250803118284, 0.0 ], [ 109.737406084012562, -7.789243514462879, 0.0 ], [ 109.737412547372756, -7.789244634681749, 0.0 ], [ 109.737432190432912, -7.789217632882901, 0.0 ], [ 109.737436309277172, -7.789213000698581, 0.0 ], [ 109.737436659341299, -7.789212799819194, 0.0 ], [ 109.737436862121911, -7.789212693982751, 0.0 ], [ 109.737437329153906, -7.789212538417259, 0.0 ], [ 109.73748535678628, -7.789205631659549, 0.0 ], [ 109.737492905700151, -7.78920108029649, 0.0 ], [ 109.737512241181761, -7.789193964330333, 0.0 ], [ 109.737537770997804, -7.789202192542438, 0.0 ], [ 109.737533937598059, -7.789172454756606, 0.0 ], [ 109.737541967907021, -7.789157456298887, 0.0 ], [ 109.737546586325024, -7.789155010508078, 0.0 ], [ 109.73754905629005, -7.789153732440852, 0.0 ], [ 109.73755409344399, -7.789152472487079, 0.0 ], [ 109.737590779618941, -7.789157601693732, 0.0 ], [ 109.737499706530059, -7.789436626130987, 0.0 ], [ 109.73749829334858, -7.789442716914604, 0.0 ], [ 109.737490277450917, -7.7894907010301, 0.0 ], [ 109.737490086752629, -7.789492456617496, 0.0 ], [ 109.737489612857175, -7.789548314349008, 0.0 ], [ 109.737489593677097, -7.789550573549564, 0.0 ], [ 109.737489159954919, -7.789601632832756, 0.0 ], [ 109.737489138396327, -7.789604172078642, 0.0 ], [ 109.737488664504539, -7.789660029809914, 0.0 ], [ 109.737491220061329, -7.789660346750847, 0.0 ], [ 109.737491530623984, -7.789660211717274, 0.0 ], [ 109.737491631476772, -7.789660139017169, 0.0 ], [ 109.737491909076923, -7.789660039475672, 0.0 ], [ 109.737492402947836, -7.789659174053089, 0.0 ], [ 109.737492474946123, -7.789604958773892, 0.0 ], [ 109.737536596036122, -7.789615361611277, 0.0 ], [ 109.737547686402081, -7.789611154767203, 0.0 ], [ 109.737551220468376, -7.789607871833265, 0.0 ], [ 109.737599253061802, -7.789608937042862, 0.0 ], [ 109.737603706076555, -7.789607541016251, 0.0 ], [ 109.737605668875275, -7.789606473577809, 0.0 ], [ 109.737608398919107, -7.789604527343319, 0.0 ], [ 109.737614671308535, -7.789593651591175, 0.0 ], [ 109.737617492848216, -7.78956231011543, 0.0 ], [ 109.737643422564815, -7.789565147953501, 0.0 ], [ 109.737659862632484, -7.789558218068781, 0.0 ], [ 109.737665303071196, -7.789554251746464, 0.0 ], [ 109.737676610854137, -7.789548871377516, 0.0 ], [ 109.737690253196249, -7.789523257791176, 0.0 ], [ 109.737716008615294, -7.789512421724776, 0.0 ], [ 109.737722208221399, -7.789499291868183, 0.0 ], [ 109.737725945288318, -7.789493159172713, 0.0 ], [ 109.737731113762734, -7.78947821195289, 0.0 ], [ 109.737730634166013, -7.789451719170302, 0.0 ], [ 109.737747697452207, -7.789437364810778, 0.0 ], [ 109.73775620402732, -7.789421347002882, 0.0 ], [ 109.737772308707392, -7.789415153706996, 0.0 ], [ 109.737780534221528, -7.789389731073856, 0.0 ], [ 109.737785679119554, -7.789381618782655, 0.0 ], [ 109.737795470021283, -7.789358717057479, 0.0 ], [ 109.737795191018179, -7.789348409809845, 0.0 ], [ 109.73781009909267, -7.789344213958016, 0.0 ], [ 109.737828565532482, -7.78933232689628, 0.0 ], [ 109.737831461888149, -7.789328773989727, 0.0 ], [ 109.737832377549168, -7.789325898708997, 0.0 ], [ 109.737834408885973, -7.789320113493069, 0.0 ], [ 109.737839974839048, -7.789281288598025, 0.0 ], [ 109.737847532904468, -7.789270084692009, 0.0 ], [ 109.737860215267247, -7.789245569409288, 0.0 ], [ 109.73788486660419, -7.789234713528415, 0.0 ], [ 109.737894449178484, -7.789223889905156, 0.0 ], [ 109.737897528182557, -7.789214374425862, 0.0 ], [ 109.737902589180564, -7.789196827398428, 0.0 ], [ 109.737902260535293, -7.789175700612466, 0.0 ], [ 109.737914398566005, -7.789158565511339, 0.0 ], [ 109.737923560257869, -7.789141044224814, 0.0 ], [ 109.737941177840156, -7.789133695473529, 0.0 ], [ 109.737955595127303, -7.789117158423064, 0.0 ], [ 109.737960266319206, -7.789102842942885, 0.0 ], [ 109.737969428958991, -7.789075011496575, 0.0 ], [ 109.737997443972716, -7.789047734103285, 0.0 ], [ 109.73799814407117, -7.789047794984675, 0.0 ], [ 109.737999080332798, -7.789047099364085, 0.0 ], [ 109.738003526411802, -7.789041066320579, 0.0 ], [ 109.738023535903125, -7.789017244221473, 0.0 ], [ 109.738032160623547, -7.788991338707671, 0.0 ], [ 109.738038593389987, -7.788976324997603, 0.0 ], [ 109.73805369425952, -7.788967058001337, 0.0 ], [ 109.738073018846364, -7.78897217213293, 0.0 ], [ 109.738086987098654, -7.788991501951402, 0.0 ], [ 109.738109626383704, -7.789271698159608, 0.0 ], [ 109.738123102264353, -7.789438482736732, 0.0 ], [ 109.738124404874142, -7.789454604685206, 0.0 ], [ 109.738126166756487, -7.789476410673099, 0.0 ], [ 109.738127616631346, -7.789494355334858, 0.0 ], [ 109.738145674202059, -7.789717845727501, 0.0 ], [ 109.73813457286748, -7.789744938350678, 0.0 ], [ 109.738107289457972, -7.789773340528132, 0.0 ], [ 109.738107166409662, -7.789773467882024, 0.0 ], [ 109.738106897669923, -7.789773589423006, 0.0 ], [ 109.738051221354723, -7.789793121330091, 0.0 ], [ 109.737995153581551, -7.789812790476779, 0.0 ], [ 109.737939085803944, -7.789832459696107, 0.0 ], [ 109.737883018022373, -7.789852128826312, 0.0 ], [ 109.737826950236368, -7.789871798029158, 0.0 ], [ 109.73779112081553, -7.789884367332649, 0.0 ], [ 109.737776185953194, -7.789889606618472, 0.0 ], [ 109.73771217663888, -7.789912061769179, 0.0 ], [ 109.737658746853768, -7.789930805426064, 0.0 ], [ 109.737610685624119, -7.789947665803024, 0.0 ], [ 109.737585854822598, -7.789956376672963, 0.0 ], [ 109.73756931050896, -7.789962180558654, 0.0 ], [ 109.737527935413254, -7.789976695332586, 0.0 ], [ 109.737490543433452, -7.789989812755004, 0.0 ], [ 109.737462509526338, -7.789999647322065, 0.0 ], [ 109.737434475618173, -7.790009481893431, 0.0 ], [ 109.7373784077989, -7.79002915094911, 0.0 ], [ 109.737321059903763, -7.790049269137564, 0.0 ], [ 109.7373174551728, -7.790050533704478, 0.0 ], [ 109.737282879842539, -7.790066989489655, 0.0 ], [ 109.737266257473379, -7.790073387490507, 0.0 ], [ 109.737242520921669, -7.790082523778899, 0.0 ], [ 109.737230086398426, -7.790086309116027, 0.0 ], [ 109.737210189452384, -7.790093119427017, 0.0 ], [ 109.73720053369766, -7.790096424384835, 0.0 ], [ 109.737165599375658, -7.790105940341641, 0.0 ], [ 109.737205118246493, -7.790217776376957, 0.0 ], [ 109.737224877374942, -7.790273694393377, 0.0 ], [ 109.737244636822382, -7.790329612410525, 0.0 ], [ 109.737250063009697, -7.790344968304851, 0.0 ], [ 109.737263888656585, -7.790384094762445, 0.0 ], [ 109.737265314567665, -7.790388130033294, 0.0 ], [ 109.737303914872072, -7.790497366459457, 0.0 ], [ 109.737323674021496, -7.790553284474765, 0.0 ], [ 109.737343433489968, -7.79060920249074, 0.0 ], [ 109.737352082043827, -7.790633677524774, 0.0 ], [ 109.73735590397466, -7.790644493542873, 0.0 ], [ 109.73736665610609, -7.790674921789875, 0.0 ], [ 109.737376390811306, -7.790702470439297, 0.0 ], [ 109.737402711602627, -7.790776956536396, 0.0 ], [ 109.737422470773055, -7.790832874550496, 0.0 ], [ 109.737442230262502, -7.790888792565392, 0.0 ], [ 109.737447919278125, -7.790904892214506, 0.0 ], [ 109.737454101211796, -7.790922386719297, 0.0 ], [ 109.737468675305621, -7.790963630967449, 0.0 ], [ 109.737478590961558, -7.790991691670971, 0.0 ], [ 109.737481748939189, -7.791000628593486, 0.0 ], [ 109.737501508441255, -7.791056546607674, 0.0 ], [ 109.737521267632715, -7.791112464620648, 0.0 ], [ 109.737543005425536, -7.791173981038111, 0.0 ], [ 109.737556120507278, -7.7912110958885, 0.0 ], [ 109.737570774556289, -7.791252566360849, 0.0 ], [ 109.737580545858663, -7.791280218660232, 0.0 ], [ 109.73760030538169, -7.791336136673306, 0.0 ], [ 109.737620064594125, -7.791392054685187, 0.0 ], [ 109.737654082000873, -7.791488321429437, 0.0 ], [ 109.7376581399147, -7.791499805054899, 0.0 ], [ 109.737662621945844, -7.791512489038433, 0.0 ], [ 109.737672714002997, -7.791541049340016, 0.0 ], [ 109.737679342883084, -7.791559808721318, 0.0 ], [ 109.737699102427129, -7.791615726733284, 0.0 ], [ 109.737718861660554, -7.791671644744035, 0.0 ], [ 109.737738621212984, -7.791727562755498, 0.0 ], [ 109.737751504137421, -7.791741402135878, 0.0 ], [ 109.737765330540739, -7.791745293030424, 0.0 ], [ 109.737774074493004, -7.791736362236052, 0.0 ], [ 109.737783560388436, -7.79172769663767, 0.0 ], [ 109.737799106201123, -7.791705449998726, 0.0 ], [ 109.737821490883377, -7.791694809212141, 0.0 ], [ 109.737845035005051, -7.791672020629085, 0.0 ], [ 109.737861091601999, -7.791655586829152, 0.0 ], [ 109.737877662849684, -7.791640439814486, 0.0 ], [ 109.737902569030695, -7.791616332870629, 0.0 ], [ 109.737918389194192, -7.791601020399962, 0.0 ], [ 109.73793383480151, -7.791586070410126, 0.0 ], [ 109.737990006738912, -7.791531700992593, 0.0 ], [ 109.73800365638796, -7.791518489324756, 0.0 ], [ 109.73801809270222, -7.791504516281758, 0.0 ], [ 109.738046404033184, -7.791477113428986, 0.0 ], [ 109.738060501182929, -7.791463468614854, 0.0 ], [ 109.738075171022956, -7.791449269532883, 0.0 ], [ 109.738103938002695, -7.791421425634182, 0.0 ], [ 109.738117345963133, -7.791408447891456, 0.0 ], [ 109.738132704988061, -7.791393581732858, 0.0 ], [ 109.738158522464587, -7.791368592687123, 0.0 ], [ 109.738190238832004, -7.791337893922122, 0.0 ], [ 109.738202613051357, -7.7913259167403, 0.0 ], [ 109.738231035448123, -7.791298406391602, 0.0 ], [ 109.738259457794612, -7.791270895991629, 0.0 ], [ 109.738287880180891, -7.791243385637815, 0.0 ], [ 109.738316302519962, -7.791215875232754, 0.0 ], [ 109.738344724902007, -7.791188364873892, 0.0 ], [ 109.738362840581672, -7.791170830428459, 0.0 ], [ 109.738383209897378, -7.791151114621, 0.0 ], [ 109.738420374402466, -7.791115142576219, 0.0 ], [ 109.738429991910877, -7.791105833668388, 0.0 ], [ 109.738439381719402, -7.791096745124226, 0.0 ], [ 109.738477908279847, -7.791059454713891, 0.0 ], [ 109.73848683659503, -7.791050812879122, 0.0 ], [ 109.738495553526946, -7.79104237562076, 0.0 ], [ 109.738535442138982, -7.791003766841109, 0.0 ], [ 109.738543681264417, -7.790995792082935, 0.0 ], [ 109.738551725320079, -7.790988006104259, 0.0 ], [ 109.73860789709876, -7.790933636581054, 0.0 ], [ 109.738628948214384, -7.790913260843621, 0.0 ], [ 109.738650509814917, -7.790892391064404, 0.0 ], [ 109.738664068863059, -7.790879267047912, 0.0 ], [ 109.738685792846837, -7.790858240018874, 0.0 ], [ 109.738708043631732, -7.790836703160429, 0.0 ], [ 109.738720240612906, -7.790824897501615, 0.0 ], [ 109.738742637461399, -7.790803219187194, 0.0 ], [ 109.738765577430343, -7.790781015246137, 0.0 ], [ 109.738776412348301, -7.790770527948632, 0.0 ], [ 109.738823111057911, -7.790725327320955, 0.0 ], [ 109.738827904296514, -7.790720687852426, 0.0 ], [ 109.73885632661198, -7.790693177447955, 0.0 ], [ 109.73888474887724, -7.790665666992182, 0.0 ], [ 109.738913171182233, -7.79063815658255, 0.0 ], [ 109.738941593440103, -7.790610646121732, 0.0 ], [ 109.738970015737706, -7.79058313570708, 0.0 ], [ 109.73899571230811, -7.790558263484417, 0.0 ], [ 109.738998443882849, -7.790555631159128, 0.0 ], [ 109.7390010990093, -7.790553095231246, 0.0 ], [ 109.739028838106734, -7.790530099165187, 0.0 ], [ 109.739031390614798, -7.790528233266449, 0.0 ], [ 109.739057239954462, -7.790508993563578, 0.0 ], [ 109.73906102640683, -7.790506367158548, 0.0 ], [ 109.739094042810805, -7.790483465983006, 0.0 ], [ 109.739127059161717, -7.790460564755565, 0.0 ], [ 109.739160075558956, -7.790437663573717, 0.0 ], [ 109.73919309190309, -7.790414762339949, 0.0 ], [ 109.739226811182164, -7.790391373602554, 0.0 ], [ 109.739259124621711, -7.790368959905052, 0.0 ], [ 109.739281741751654, -7.790353271947524, 0.0 ], [ 109.739309804465421, -7.790333806712525, 0.0 ], [ 109.739325157317396, -7.790323157447805, 0.0 ], [ 109.739337867176701, -7.790314341481738, 0.0 ], [ 109.739391189999651, -7.790277354977873, 0.0 ], [ 109.739393992591999, -7.79027541101004, 0.0 ], [ 109.73954756053115, -7.790168891046902, 0.0 ], [ 109.739534066833684, -7.790141269728495, 0.0 ], [ 109.739533940682037, -7.790140444257086, 0.0 ], [ 109.739525473592579, -7.790112966167124, 0.0 ], [ 109.739394877985035, -7.789979363040209, 0.0 ], [ 109.739361190613451, -7.789944899945954, 0.0 ], [ 109.739350672303146, -7.789933234547237, 0.0 ], [ 109.739339039891149, -7.789922239093369, 0.0 ], [ 109.739322575997278, -7.78990539600831, 0.0 ], [ 109.739306429681619, -7.789888877862547, 0.0 ], [ 109.739295951577205, -7.789876098252839, 0.0 ], [ 109.739283201812469, -7.789865115112263, 0.0 ], [ 109.739251668698813, -7.789832855774038, 0.0 ], [ 109.739241336383174, -7.789818857342531, 0.0 ], [ 109.73922736374908, -7.789807991064535, 0.0 ], [ 109.739196907792874, -7.789776833680818, 0.0 ], [ 109.73918684238204, -7.789761496292536, 0.0 ], [ 109.739171525700741, -7.78975086701175, 0.0 ], [ 109.739142146901415, -7.789720811582724, 0.0 ], [ 109.739132488473501, -7.789703996363317, 0.0 ], [ 109.739115687667478, -7.789693742953879, 0.0 ], [ 109.739087386024465, -7.789664789479735, 0.0 ], [ 109.739078297670929, -7.789646334743892, 0.0 ], [ 109.739059849649266, -7.789636618890919, 0.0 ], [ 109.739032625165109, -7.789608767371795, 0.0 ], [ 109.739024298367426, -7.78958848327974, 0.0 ], [ 109.739004011646173, -7.789579494822872, 0.0 ], [ 109.738977864317192, -7.789552745259051, 0.0 ], [ 109.738971885973996, -7.789529058577212, 0.0 ], [ 109.738948190287886, -7.789516811807351, 0.0 ], [ 109.738938733932656, -7.789506232296987, 0.0 ], [ 109.738928639236846, -7.789496739613599, 0.0 ], [ 109.738923901705093, -7.789472369251578, 0.0 ], [ 109.738948400193763, -7.789446644744707, 0.0 ], [ 109.739004334044111, -7.789471719892735, 0.0 ], [ 109.739116201764972, -7.789521871069979, 0.0 ], [ 109.739172135638128, -7.789546946198915, 0.0 ], [ 109.739284003404578, -7.789597097341282, 0.0 ], [ 109.739339937300556, -7.789622172451174, 0.0 ], [ 109.739451805112665, -7.789672323555434, 0.0 ], [ 109.739507739031453, -7.789697398646339, 0.0 ], [ 109.739619606889178, -7.789747549709289, 0.0 ], [ 109.739675540830802, -7.789772624781098, 0.0 ], [ 109.739688188912623, -7.789778294991733, 0.0 ], [ 109.739718125264957, -7.789791715687278, 0.0 ], [ 109.739731474778679, -7.789797700299915, 0.0 ], [ 109.739787408734159, -7.789822775809184, 0.0 ], [ 109.739792370756234, -7.789829495206815, 0.0 ], [ 109.739793964862827, -7.78983446873728, 0.0 ], [ 109.739797079766447, -7.789844187018509, 0.0 ], [ 109.739808414826228, -7.789869282298164, 0.0 ], [ 109.739812964845086, -7.78989038442753, 0.0 ], [ 109.739818308394419, -7.789915166979763, 0.0 ], [ 109.739818609163891, -7.789921813518625, 0.0 ], [ 109.739822573636985, -7.789946272191493, 0.0 ], [ 109.739823944932809, -7.78996527207048, 0.0 ], [ 109.739824652986201, -7.789983903474699, 0.0 ], [ 109.739825885021602, -7.790002141229141, 0.0 ], [ 109.739827937574191, -7.790058006523378, 0.0 ], [ 109.739829990250797, -7.790113871817983, 0.0 ], [ 109.739832042805176, -7.79016973711211, 0.0 ], [ 109.739835489332975, -7.790176599526579, 0.0 ], [ 109.739853049588945, -7.790214883490137, 0.0 ], [ 109.7398575546963, -7.790225672167322, 0.0 ], [ 109.73995387282541, -7.790345527313375, 0.0 ], [ 109.739975282116106, -7.79037216835788, 0.0 ], [ 109.73999254617263, -7.790393651147041, 0.0 ], [ 109.740009674252846, -7.790414964760879, 0.0 ], [ 109.740065475697634, -7.790484402342995, 0.0 ], [ 109.740082540430478, -7.790505637118122, 0.0 ], [ 109.740099832779237, -7.790527155099769, 0.0 ], [ 109.74012474291753, -7.790558152446641, 0.0 ], [ 109.740232880139644, -7.790692714637406, 0.0 ], [ 109.740249604845957, -7.790712830676753, 0.0 ], [ 109.740264658479333, -7.790729615354681, 0.0 ], [ 109.74027651914119, -7.790741841131946, 0.0 ], [ 109.740288712274406, -7.79075190770752, 0.0 ], [ 109.74031172193358, -7.790762634398566, 0.0 ], [ 109.740330207479204, -7.790771252056155, 0.0 ], [ 109.740344643407639, -7.79077798184128, 0.0 ], [ 109.740361332396375, -7.790785761945838, 0.0 ], [ 109.740388140711943, -7.790798259483247, 0.0 ], [ 109.740400574548886, -7.790804055923415, 0.0 ], [ 109.740484471275465, -7.790843167034772, 0.0 ], [ 109.740502768935173, -7.790851697055801, 0.0 ], [ 109.740512436854942, -7.790856204068744, 0.0 ], [ 109.74068023037286, -7.7909344262394, 0.0 ], [ 109.740693762558664, -7.790940812645754, 0.0 ], [ 109.740722067067551, -7.790954411768468, 0.0 ], [ 109.74072151684959, -7.790968990352941, 0.0 ], [ 109.740718131133391, -7.790992372075951, 0.0 ], [ 109.740717579863684, -7.791010257639645, 0.0 ], [ 109.740710283022295, -7.791066095160298, 0.0 ], [ 109.740706634650309, -7.791094013920506, 0.0 ], [ 109.740706466948268, -7.791095297277499, 0.0 ], [ 109.740702986289975, -7.791121932680655, 0.0 ], [ 109.740695689467302, -7.791177770200258, 0.0 ], [ 109.740693818892652, -7.791192084613626, 0.0 ], [ 109.740689744604722, -7.791223262232914, 0.0 ], [ 109.740688392672709, -7.791233607719326, 0.0 ], [ 109.740677447393935, -7.791317363996629, 0.0 ], [ 109.740674400357307, -7.791340680793549, 0.0 ], [ 109.740673798980694, -7.791345282755486, 0.0 ], [ 109.740666502145629, -7.791401120272727, 0.0 ], [ 109.74066466095725, -7.791415209766861, 0.0 ], [ 109.74066145477201, -7.791439745028149, 0.0 ], [ 109.740659205432067, -7.79145695778976, 0.0 ], [ 109.740630017951716, -7.791680307850384, 0.0 ], [ 109.740629090462846, -7.79168740530146, 0.0 ], [ 109.74062285497692, -7.791735122127434, 0.0 ], [ 109.740621804571163, -7.791743160125313, 0.0 ], [ 109.740600830611768, -7.79190365790229, 0.0 ], [ 109.740597771178585, -7.791927069691559, 0.0 ], [ 109.740596726254324, -7.791935065725762, 0.0 ], [ 109.740593533814234, -7.791959495414006, 0.0 ], [ 109.740586236945049, -7.79201533292496, 0.0 ], [ 109.740583780579271, -7.792034129916945, 0.0 ], [ 109.740581048735351, -7.792055034624055, 0.0 ], [ 109.740578940119477, -7.792071170435357, 0.0 ], [ 109.740564326166449, -7.792182999663219, 0.0 ], [ 109.740557889025922, -7.792232258125117, 0.0 ], [ 109.740557049437129, -7.792238682962704, 0.0 ], [ 109.740549752552411, -7.7922945204707, 0.0 ], [ 109.740547603643734, -7.792310964634775, 0.0 ], [ 109.740544943349519, -7.792331322336852, 0.0 ], [ 109.740542455783043, -7.792350357978437, 0.0 ], [ 109.740527861948166, -7.792462032991456, 0.0 ], [ 109.740528786833025, -7.792483191382103, 0.0 ], [ 109.740526264378786, -7.792499199773392, 0.0 ], [ 109.740527546760077, -7.79251789125346, 0.0 ], [ 109.740535696147901, -7.79254554237511, 0.0 ], [ 109.740563343941233, -7.792563388504897, 0.0 ], [ 109.740579799665937, -7.792557511692133, 0.0 ], [ 109.740596809218474, -7.792551437125299, 0.0 ], [ 109.740619413095345, -7.792543364572047, 0.0 ], [ 109.740787620534661, -7.792483291807031, 0.0 ], [ 109.740802724675703, -7.792477897634938, 0.0 ], [ 109.740843689671394, -7.792463267905728, 0.0 ], [ 109.740844511933133, -7.792462974250422, 0.0 ], [ 109.741011897059138, -7.792403195044485, 0.0 ], [ 109.741018841096405, -7.792400715102095, 0.0 ], [ 109.741049823316388, -7.792389650271676, 0.0 ], [ 109.741067966179344, -7.792383170905971, 0.0 ], [ 109.741124035295329, -7.792363146726822, 0.0 ], [ 109.741131081087332, -7.792359122386721, 0.0 ], [ 109.74115474907714, -7.792352177792767, 0.0 ], [ 109.741180104407235, -7.792343122480961, 0.0 ], [ 109.741193108274288, -7.792309300816986, 0.0 ], [ 109.74121206108515, -7.792272289679436, 0.0 ], [ 109.741226621833476, -7.792250415546256, 0.0 ], [ 109.741234144168629, -7.792238419090612, 0.0 ], [ 109.741236434665879, -7.79223567404789, 0.0 ], [ 109.741292774749184, -7.792124925753598, 0.0 ], [ 109.741349114798624, -7.792014177702336, 0.0 ], [ 109.741631419775302, -7.791459246273579, 0.0 ], [ 109.741688581342899, -7.791346882877076, 0.0 ], [ 109.74174349422286, -7.791238939440925, 0.0 ], [ 109.741744312698358, -7.791237556859974, 0.0 ], [ 109.741744958759554, -7.791236746612825, 0.0 ], [ 109.741761221362779, -7.791219174070878, 0.0 ], [ 109.741771144294262, -7.791208450420091, 0.0 ], [ 109.741796586223643, -7.791181040693881, 0.0 ], [ 109.741799686185374, -7.79117770636643, 0.0 ], [ 109.741825023144344, -7.791150453904946, 0.0 ], [ 109.741851973189526, -7.791121466303907, 0.0 ], [ 109.741900166286754, -7.791069629795638, 0.0 ], [ 109.741912065311539, -7.791056831157972, 0.0 ], [ 109.741932823423795, -7.791034503613357, 0.0 ], [ 109.741951956216454, -7.791013924333277, 0.0 ], [ 109.741968254850406, -7.790996393452744, 0.0 ], [ 109.741986723520824, -7.790976528432493, 0.0 ], [ 109.74200374613234, -7.790958218862274, 0.0 ], [ 109.742024444372973, -7.790935955733937, 0.0 ], [ 109.742040623605902, -7.790918553242126, 0.0 ], [ 109.742055536034329, -7.790902513382596, 0.0 ], [ 109.742159115796753, -7.790791102397272, 0.0 ], [ 109.742173908066363, -7.790772144741847, 0.0 ], [ 109.742193012842762, -7.79075464251983, 0.0 ], [ 109.742210905657146, -7.790735396891633, 0.0 ], [ 109.742204704265532, -7.790723810109247, 0.0 ], [ 109.742193147778494, -7.7907094273265, 0.0 ], [ 109.742178361791332, -7.790694232700917, 0.0 ], [ 109.742163907495666, -7.790679398146322, 0.0 ], [ 109.742150755154398, -7.790665908596903, 0.0 ], [ 109.742123143785378, -7.790637589183071, 0.0 ], [ 109.742109286656145, -7.790623376769715, 0.0 ], [ 109.742101050186079, -7.790603799428133, 0.0 ], [ 109.742081528016783, -7.790575930678846, 0.0 ], [ 109.742078026370152, -7.790570931894126, 0.0 ], [ 109.742074097683741, -7.790567413073539, 0.0 ], [ 109.742077658384446, -7.790563527446651, 0.0 ], [ 109.742081577799112, -7.790559250399851, 0.0 ], [ 109.742137769870055, -7.790497931198997, 0.0 ], [ 109.742176196908986, -7.790455997673678, 0.0 ], [ 109.742184653452, -7.790446769434163, 0.0 ], [ 109.74219396192558, -7.790436611586427, 0.0 ], [ 109.74225015396334, -7.790375292365119, 0.0 ], [ 109.742306345985696, -7.790313972731977, 0.0 ], [ 109.742362537990232, -7.790252653490262, 0.0 ], [ 109.742418729979434, -7.790191333836665, 0.0 ], [ 109.742474921950802, -7.790130014574379, 0.0 ], [ 109.742480933082717, -7.790127734910983, 0.0 ], [ 109.742498762109605, -7.790121799544946, 0.0 ], [ 109.742522862944227, -7.790113776290155, 0.0 ], [ 109.74253098643527, -7.790111423979905, 0.0 ], [ 109.742543331623722, -7.790121931798362, 0.0 ], [ 109.742586853602177, -7.790158976520877, 0.0 ], [ 109.742614138048552, -7.790149324660602, 0.0 ], [ 109.742615391954331, -7.790149570813306, 0.0 ], [ 109.742642902811781, -7.79014550703929, 0.0 ], [ 109.74265207037385, -7.790122254444793, 0.0 ], [ 109.742656393717994, -7.790108921285224, 0.0 ], [ 109.742662665056926, -7.790085958871506, 0.0 ], [ 109.742670007346135, -7.790066448414597, 0.0 ], [ 109.742677171085234, -7.790044486525163, 0.0 ], [ 109.742690218332001, -7.790019693671401, 0.0 ], [ 109.742694200846898, -7.790010660945375, 0.0 ], [ 109.742695764342315, -7.790007114803549, 0.0 ], [ 109.742699338818809, -7.790002362613036, 0.0 ], [ 109.7427128111012, -7.789968191516648, 0.0 ], [ 109.742718062245658, -7.789954872488324, 0.0 ], [ 109.742740059545511, -7.78989907849848, 0.0 ], [ 109.7427444670179, -7.789887899360085, 0.0 ], [ 109.742755774780363, -7.789859218330935, 0.0 ], [ 109.742760622760429, -7.789848082145273, 0.0 ], [ 109.742762056835346, -7.789843284506404, 0.0 ], [ 109.742776122911124, -7.789807607189242, 0.0 ], [ 109.742791950855533, -7.789767461108507, 0.0 ], [ 109.742807778780858, -7.789727315007272, 0.0 ], [ 109.742812210697494, -7.789716073875531, 0.0 ], [ 109.742824157179768, -7.789687721187627, 0.0 ], [ 109.742828048604736, -7.789675902516737, 0.0 ], [ 109.742850045867343, -7.789620108515746, 0.0 ], [ 109.742855262594745, -7.789606876758212, 0.0 ], [ 109.742868646569192, -7.789572929561015, 0.0 ], [ 109.742871687345513, -7.789567329450093, 0.0 ], [ 109.742872292743897, -7.789564315253101, 0.0 ], [ 109.742874544358969, -7.789558482872687, 0.0 ], [ 109.742887378306634, -7.789527045951204, 0.0 ], [ 109.742894040340786, -7.789508520507209, 0.0 ], [ 109.742902746358169, -7.789486438482523, 0.0 ], [ 109.742916037554821, -7.789452726499511, 0.0 ], [ 109.742925082396468, -7.789429785076482, 0.0 ], [ 109.74293608686402, -7.789407836494011, 0.0 ], [ 109.742938145288704, -7.78939693281752, 0.0 ], [ 109.742946456563701, -7.789375800974161, 0.0 ], [ 109.742950306625218, -7.789366076983387, 0.0 ], [ 109.742960032021614, -7.789341138477739, 0.0 ], [ 109.742966057998458, -7.789325854100132, 0.0 ], [ 109.742981518178311, -7.789286640736104, 0.0 ], [ 109.74298213632936, -7.789285959254046, 0.0 ], [ 109.742982315039157, -7.789285345311226, 0.0 ], [ 109.742982705011187, -7.789284170153072, 0.0 ], [ 109.743000101212417, -7.789247957142837, 0.0 ], [ 109.743004026423705, -7.78922955044705, 0.0 ], [ 109.743018403277645, -7.789193084765674, 0.0 ], [ 109.74302936956353, -7.789165269683074, 0.0 ], [ 109.743037953915703, -7.789143496222391, 0.0 ], [ 109.743049302756276, -7.789129242339477, 0.0 ], [ 109.743052302113199, -7.789117975104658, 0.0 ], [ 109.743059802420035, -7.789096347421967, 0.0 ], [ 109.743063787175615, -7.789087748370655, 0.0 ], [ 109.74307001800527, -7.789062168384411, 0.0 ], [ 109.743076853228985, -7.789044831385888, 0.0 ], [ 109.74309268111557, -7.789004685293168, 0.0 ], [ 109.743094389607734, -7.789000351836647, 0.0 ], [ 109.74311510478843, -7.788971156600055, 0.0 ], [ 109.743120147077818, -7.788950598524142, 0.0 ], [ 109.743128179069018, -7.788928247881513, 0.0 ], [ 109.743130511374048, -7.788914858197572, 0.0 ], [ 109.743136009487998, -7.788894786301742, 0.0 ], [ 109.74314016469512, -7.788884246940003, 0.0 ], [ 109.743150825255228, -7.788857207310008, 0.0 ], [ 109.743162878951793, -7.788851009792281, 0.0 ], [ 109.743168323709412, -7.788839022863603, 0.0 ], [ 109.743180360609045, -7.788812522898465, 0.0 ], [ 109.743180269793811, -7.788809833254359, 0.0 ], [ 109.743186322961932, -7.788783216973796, 0.0 ], [ 109.743191919721028, -7.788768094051693, 0.0 ], [ 109.743199739381453, -7.788734837115907, 0.0 ], [ 109.743202000965411, -7.788727404199313, 0.0 ], [ 109.743207260857488, -7.788714062872483, 0.0 ], [ 109.743232764323722, -7.788697020838879, 0.0 ], [ 109.74324864284111, -7.788656925563672, 0.0 ], [ 109.743247865827698, -7.788631430077385, 0.0 ], [ 109.743251173137011, -7.788615831472806, 0.0 ], [ 109.743254578343311, -7.788606854682262, 0.0 ], [ 109.743263682174188, -7.788575695679987, 0.0 ], [ 109.743281339348528, -7.788577677565597, 0.0 ], [ 109.74330013480072, -7.788560117378276, 0.0 ], [ 109.74331212653243, -7.788552539817257, 0.0 ], [ 109.743309585213623, -7.788514546726278, 0.0 ], [ 109.743313184090979, -7.788504296801585, 0.0 ], [ 109.743314929394174, -7.788499326045032, 0.0 ], [ 109.743313694178454, -7.78845477932622, 0.0 ], [ 109.743314952644752, -7.788448442778182, 0.0 ], [ 109.743316380766714, -7.788444756353162, 0.0 ], [ 109.74332011349324, -7.788433958328643, 0.0 ], [ 109.743334674891742, -7.788433978669662, 0.0 ], [ 109.743347377067934, -7.788448538910702, 0.0 ], [ 109.743340060673106, -7.78850437648661, 0.0 ], [ 109.74333772569986, -7.788522197058883, 0.0 ], [ 109.743334692088041, -7.788545349030016, 0.0 ], [ 109.74333274435935, -7.788560214062174, 0.0 ] ], [ [ 109.739563323578636, -7.790450055271839, 0.0 ], [ 109.739561498532169, -7.790449635182222, 0.0 ], [ 109.73955897271928, -7.790450736681475, 0.0 ], [ 109.73952809991404, -7.790470741937546, 0.0 ], [ 109.739505413252019, -7.790475140520182, 0.0 ], [ 109.739488402264016, -7.790486939889107, 0.0 ], [ 109.739464098405406, -7.790503797883813, 0.0 ], [ 109.739456502573347, -7.790510961470581, 0.0 ], [ 109.739449287815106, -7.790514071003727, 0.0 ], [ 109.739422369550269, -7.790532742370215, 0.0 ], [ 109.73938935320858, -7.790555643622267, 0.0 ], [ 109.739356336810658, -7.790578544822393, 0.0 ], [ 109.73932332045905, -7.790601446068092, 0.0 ], [ 109.73929030405435, -7.790624347261876, 0.0 ], [ 109.739257287696034, -7.790647248501236, 0.0 ], [ 109.73922478597035, -7.790669792687372, 0.0 ], [ 109.739191254928841, -7.790693050928257, 0.0 ], [ 109.739168660484651, -7.790708723128315, 0.0 ], [ 109.739158516338563, -7.790716230851285, 0.0 ], [ 109.739146327799361, -7.790726289189451, 0.0 ], [ 109.739128101208593, -7.790741741887211, 0.0 ], [ 109.739112509488407, -7.79075617764385, 0.0 ], [ 109.739099346252715, -7.790768918564396, 0.0 ], [ 109.739085863851102, -7.790781968445469, 0.0 ], [ 109.739057097069477, -7.790809812429372, 0.0 ], [ 109.739028330187438, -7.790837656410339, 0.0 ], [ 109.739014079435179, -7.790851449941012, 0.0 ], [ 109.739000166079634, -7.790864916947152, 0.0 ], [ 109.738972080218502, -7.790892101740911, 0.0 ], [ 109.738957234839575, -7.790906470816867, 0.0 ], [ 109.738943994353789, -7.790919286532145, 0.0 ], [ 109.738915908485424, -7.790946471324201, 0.0 ], [ 109.738900390232303, -7.790961491682626, 0.0 ], [ 109.738887822613464, -7.790973656110482, 0.0 ], [ 109.738831650858756, -7.79102802567565, 0.0 ], [ 109.738815123312335, -7.791044022983261, 0.0 ], [ 109.738798194976269, -7.791060408164776, 0.0 ], [ 109.738775479089625, -7.791082395234179, 0.0 ], [ 109.738758278668172, -7.791099043820381, 0.0 ], [ 109.738740661137214, -7.791116096077385, 0.0 ], [ 109.738719307306056, -7.791136764779543, 0.0 ], [ 109.738701434006074, -7.791154064650597, 0.0 ], [ 109.738683127279899, -7.791171783979646, 0.0 ], [ 109.738663135508034, -7.791191134318216, 0.0 ], [ 109.738625593538316, -7.791227471871876, 0.0 ], [ 109.738616167042707, -7.791236595930514, 0.0 ], [ 109.738587744671747, -7.791264106309875, 0.0 ], [ 109.73856805965697, -7.79128315975334, 0.0 ], [ 109.73855960733394, -7.791291902662405, 0.0 ], [ 109.738550791868377, -7.791299873492252, 0.0 ], [ 109.738530899968424, -7.791319127109622, 0.0 ], [ 109.738510525760461, -7.791338847624446, 0.0 ], [ 109.738503273650508, -7.791347436170589, 0.0 ], [ 109.738494620027083, -7.791354243004497, 0.0 ], [ 109.738474055250322, -7.791374147899276, 0.0 ], [ 109.738452991848845, -7.791394535485182, 0.0 ], [ 109.738446977588794, -7.791403007427499, 0.0 ], [ 109.738438447146251, -7.791408954941335, 0.0 ], [ 109.738417505410894, -7.791429464548231, 0.0 ], [ 109.738395784588036, -7.791450224308099, 0.0 ], [ 109.738391360456163, -7.79145925985532, 0.0 ], [ 109.738382262790964, -7.791467494986365, 0.0 ], [ 109.738364175998328, -7.791488012235678, 0.0 ], [ 109.738342217375987, -7.791505923959946, 0.0 ], [ 109.738336973613372, -7.79151674663563, 0.0 ], [ 109.738326070371741, -7.791528723320902, 0.0 ], [ 109.738312492580718, -7.79154821135386, 0.0 ], [ 109.738291234165587, -7.791561631297432, 0.0 ], [ 109.738284395719717, -7.791576048328137, 0.0 ], [ 109.738269848311177, -7.791599846522842, 0.0 ], [ 109.738264899745872, -7.791612514540641, 0.0 ], [ 109.738258031459708, -7.791617391576823, 0.0 ], [ 109.738247816522332, -7.791639216393975, 0.0 ], [ 109.738243935761346, -7.791647507906324, 0.0 ], [ 109.738231923319475, -7.791673172980103, 0.0 ], [ 109.738213501791577, -7.791712530966404, 0.0 ], [ 109.738208248135948, -7.791723755556824, 0.0 ], [ 109.73820581486595, -7.791728954379614, 0.0 ], [ 109.738179706557332, -7.791784735776771, 0.0 ], [ 109.738172560669867, -7.791800003377451, 0.0 ], [ 109.738157132027197, -7.791832967110122, 0.0 ], [ 109.738153598212818, -7.79184051717092, 0.0 ], [ 109.738150549391733, -7.791847031097771, 0.0 ], [ 109.738136873027514, -7.791876251030292, 0.0 ], [ 109.738127489919648, -7.791896298562401, 0.0 ], [ 109.738101185532173, -7.791952498836935, 0.0 ], [ 109.738075273035577, -7.792007861336055, 0.0 ], [ 109.738065497820145, -7.792028746440095, 0.0 ], [ 109.738053282355423, -7.792054845558401, 0.0 ], [ 109.738047654179283, -7.792066870458954, 0.0 ], [ 109.738044392388716, -7.792073839354359, 0.0 ], [ 109.7380230563694, -7.792119424098901, 0.0 ], [ 109.738012169559212, -7.792143321834688, 0.0 ], [ 109.738005922889329, -7.792157489661726, 0.0 ], [ 109.737998010597579, -7.792175208641221, 0.0 ], [ 109.73798800481795, -7.792200184494112, 0.0 ], [ 109.737979161733904, -7.792222258178783, 0.0 ], [ 109.73796756238049, -7.792251212342025, 0.0 ], [ 109.737963151824189, -7.79226222198806, 0.0 ], [ 109.737953308016472, -7.792286793771376, 0.0 ], [ 109.737931573732567, -7.792341045599407, 0.0 ], [ 109.737915121505111, -7.792382112830754, 0.0 ], [ 109.737899111562541, -7.79242207661266, 0.0 ], [ 109.737893541205736, -7.792435981046359, 0.0 ], [ 109.73788625386382, -7.792454171448932, 0.0 ], [ 109.737883915097882, -7.792462856558462, 0.0 ], [ 109.737875142603073, -7.792481906693501, 0.0 ], [ 109.737863902312995, -7.792509964003044, 0.0 ], [ 109.737859975269529, -7.79252495040582, 0.0 ], [ 109.737856733478651, -7.792547638356405, 0.0 ], [ 109.737850186673555, -7.792565782283931, 0.0 ], [ 109.737850874840262, -7.792589665159477, 0.0 ], [ 109.737853619956184, -7.792600541079213, 0.0 ], [ 109.737854599032929, -7.792621654572804, 0.0 ], [ 109.737859492885377, -7.79263681417935, 0.0 ], [ 109.737871737200905, -7.792674744551471, 0.0 ], [ 109.737872648489713, -7.792677567490506, 0.0 ], [ 109.737874539004409, -7.792683423968213, 0.0 ], [ 109.737886732019959, -7.792721195423643, 0.0 ], [ 109.737898487199374, -7.792757609228524, 0.0 ], [ 109.737900351989026, -7.792763385650126, 0.0 ], [ 109.737908747691876, -7.792789393326361, 0.0 ], [ 109.737926796807656, -7.792845306242656, 0.0 ], [ 109.737930033371171, -7.792855331985553, 0.0 ], [ 109.737941211283612, -7.792889956952282, 0.0 ], [ 109.737944846912015, -7.792901219161672, 0.0 ], [ 109.737962896032116, -7.792957132077617, 0.0 ], [ 109.737980946143949, -7.793013044996372, 0.0 ], [ 109.737985527778932, -7.793027238064988, 0.0 ], [ 109.737995690137254, -7.793058718918706, 0.0 ], [ 109.73800548757329, -7.79308906822572, 0.0 ], [ 109.738009310151412, -7.793100909115514, 0.0 ], [ 109.73801704539386, -7.793124870830501, 0.0 ], [ 109.738035094528854, -7.793180783745878, 0.0 ], [ 109.738036549338872, -7.793185290351495, 0.0 ], [ 109.738041022217402, -7.793199145629456, 0.0 ], [ 109.738052653800182, -7.793192416345054, 0.0 ], [ 109.738089338202371, -7.793188649414926, 0.0 ], [ 109.738097070151937, -7.793186259115701, 0.0 ], [ 109.738099868799793, -7.793180976708718, 0.0 ], [ 109.738102956812881, -7.793175148219717, 0.0 ], [ 109.738118287198986, -7.79314621296894, 0.0 ], [ 109.738137668294129, -7.79310963141751, 0.0 ], [ 109.738153397890031, -7.793079942671254, 0.0 ], [ 109.738158965360512, -7.793069434452696, 0.0 ], [ 109.738188513202417, -7.793013663318146, 0.0 ], [ 109.738218061886471, -7.792957892182728, 0.0 ], [ 109.738247609711053, -7.792902121041339, 0.0 ], [ 109.738266053270635, -7.79286731005241, 0.0 ], [ 109.73827333725373, -7.792853561915713, 0.0 ], [ 109.738289410938421, -7.792823223000172, 0.0 ], [ 109.738292718303455, -7.792816980339375, 0.0 ], [ 109.738312099557618, -7.792780398966188, 0.0 ], [ 109.738322380916216, -7.792760992867584, 0.0 ], [ 109.73833748869923, -7.792775559643155, 0.0 ], [ 109.738362721150637, -7.792775160830385, 0.0 ], [ 109.738378332681918, -7.792780204190836, 0.0 ], [ 109.738382363510141, -7.792786764462302, 0.0 ], [ 109.738384850100346, -7.792790811479038, 0.0 ], [ 109.738394775493717, -7.79280732074514, 0.0 ], [ 109.738403328110962, -7.792821673406514, 0.0 ], [ 109.738418828823654, -7.792846771824433, 0.0 ], [ 109.738423345333203, -7.792857521564033, 0.0 ], [ 109.738434070368129, -7.792870919432871, 0.0 ], [ 109.738446160305301, -7.79289059609015, 0.0 ], [ 109.738453618503797, -7.792902734583333, 0.0 ], [ 109.738485095269397, -7.792953964400357, 0.0 ], [ 109.738488691415981, -7.792959817277044, 0.0 ], [ 109.73850995712931, -7.792994427716278, 0.0 ], [ 109.738522386943956, -7.793014657681723, 0.0 ], [ 109.738545545807227, -7.793052349730393, 0.0 ], [ 109.73855248828427, -7.793063648877158, 0.0 ], [ 109.738573753985335, -7.793098259337238, 0.0 ], [ 109.738591155417666, -7.793126580774221, 0.0 ], [ 109.7386012835602, -7.79314306475677, 0.0 ], [ 109.738616285187703, -7.79316748046246, 0.0 ], [ 109.738637550895263, -7.793202090920872, 0.0 ], [ 109.738657021335186, -7.79323377977924, 0.0 ], [ 109.738659923921787, -7.79323850386079, 0.0 ], [ 109.738694308356315, -7.793294465402404, 0.0 ], [ 109.738728692462587, -7.793350426941509, 0.0 ], [ 109.738763076910772, -7.793406388480129, 0.0 ], [ 109.738797461036995, -7.793462350016342, 0.0 ], [ 109.738824234792148, -7.793505924943282, 0.0 ], [ 109.738828941788952, -7.793513585667143, 0.0 ], [ 109.738844100556378, -7.793538257040463, 0.0 ], [ 109.73885020744423, -7.79354819620714, 0.0 ], [ 109.738871473190258, -7.793582806659324, 0.0 ], [ 109.73887997265571, -7.793596639830467, 0.0 ], [ 109.738900614126649, -7.793630234617952, 0.0 ], [ 109.738914004457456, -7.793652027791333, 0.0 ], [ 109.738934998613658, -7.793686196149241, 0.0 ], [ 109.738969382781818, -7.793742157677994, 0.0 ], [ 109.738977801493292, -7.793755859380202, 0.0 ], [ 109.738991448447678, -7.793778070027115, 0.0 ], [ 109.739003767291834, -7.793798119206317, 0.0 ], [ 109.739038151473679, -7.793854080732132, 0.0 ], [ 109.739041598558018, -7.793859690963925, 0.0 ], [ 109.739062864357919, -7.793894301388481, 0.0 ], [ 109.73907253599738, -7.793910042257527, 0.0 ], [ 109.739102924327412, -7.79395950036047, 0.0 ], [ 109.739105395660999, -7.793963522532944, 0.0 ], [ 109.739113354661214, -7.793976475951381, 0.0 ], [ 109.739126661461128, -7.793998132965481, 0.0 ], [ 109.739141304739547, -7.794021965302798, 0.0 ], [ 109.739158496844624, -7.794049946062966, 0.0 ], [ 109.739169192814742, -7.794067354077458, 0.0 ], [ 109.739190458608903, -7.794101964521245, 0.0 ], [ 109.739203106363391, -7.794122549120341, 0.0 ], [ 109.739210073512197, -7.794133888342256, 0.0 ], [ 109.739214400296333, -7.794140930331804, 0.0 ], [ 109.739225416543405, -7.794144932639917, 0.0 ], [ 109.739253402232478, -7.794150949321272, 0.0 ], [ 109.739270350297588, -7.794160808982789, 0.0 ], [ 109.739278588900675, -7.79414225339569, 0.0 ], [ 109.739282207654412, -7.794134103055013, 0.0 ], [ 109.739326739835519, -7.794033806220924, 0.0 ], [ 109.73933174552721, -7.794022532160673, 0.0 ], [ 109.739335666469245, -7.794013701152944, 0.0 ], [ 109.739347427283107, -7.793987212546978, 0.0 ], [ 109.739356514118867, -7.793966746708592, 0.0 ], [ 109.739379836828903, -7.793914218495953, 0.0 ], [ 109.739381846520914, -7.793909692183214, 0.0 ], [ 109.739399055937099, -7.793870931799651, 0.0 ], [ 109.739406051597513, -7.793855175797421, 0.0 ], [ 109.739439518797241, -7.793779799749343, 0.0 ], [ 109.739450684766609, -7.79375465125193, 0.0 ], [ 109.739467713513974, -7.793716297910756, 0.0 ], [ 109.739480357949191, -7.79368781941151, 0.0 ], [ 109.739495908219666, -7.793652796493012, 0.0 ], [ 109.739502313377031, -7.793638370501164, 0.0 ], [ 109.739505126782475, -7.793632033944387, 0.0 ], [ 109.739529895505413, -7.793576248474352, 0.0 ], [ 109.739536732387961, -7.793560849952041, 0.0 ], [ 109.739552297603154, -7.793525793226277, 0.0 ], [ 109.739553941957894, -7.793522089745363, 0.0 ], [ 109.739556518031605, -7.793516287771019, 0.0 ], [ 109.739571151514852, -7.793483329530949, 0.0 ], [ 109.7395883609408, -7.793444569185328, 0.0 ], [ 109.739600688184197, -7.793416805159201, 0.0 ], [ 109.739604201591632, -7.793408892048312, 0.0 ], [ 109.739628970449672, -7.793353106568229, 0.0 ], [ 109.739639989610197, -7.793328288550127, 0.0 ], [ 109.739644858556758, -7.79331732229356, 0.0 ], [ 109.739657199006089, -7.793289528186422, 0.0 ], [ 109.739665076253218, -7.793271786645199, 0.0 ], [ 109.739703276601574, -7.793185750110984, 0.0 ], [ 109.73970882769099, -7.793173247597569, 0.0 ], [ 109.739726037035098, -7.793134487189813, 0.0 ], [ 109.73972804504622, -7.793129964619179, 0.0 ], [ 109.739752813866687, -7.793074179125941, 0.0 ], [ 109.739760456113288, -7.793056966766714, 0.0 ], [ 109.739777582302452, -7.793018393628822, 0.0 ], [ 109.739827119905812, -7.792906822629031, 0.0 ], [ 109.739829294092473, -7.792901925778452, 0.0 ], [ 109.739846503414327, -7.792863165361815, 0.0 ], [ 109.739851888312884, -7.792851037124057, 0.0 ], [ 109.739890633083363, -7.792763774186774, 0.0 ], [ 109.739901425799445, -7.792739466108197, 0.0 ], [ 109.739909879705507, -7.792720425511308, 0.0 ], [ 109.739915341320966, -7.792708124344831, 0.0 ], [ 109.739926194258757, -7.792683680595491, 0.0 ], [ 109.739947022194158, -7.792636770820969, 0.0 ], [ 109.739949760303787, -7.792630603883927, 0.0 ], [ 109.739950962994172, -7.792627895081044, 0.0 ], [ 109.739954042792888, -7.792620949644934, 0.0 ], [ 109.739966961890758, -7.792591835721447, 0.0 ], [ 109.739975699330259, -7.79257210946753, 0.0 ], [ 109.739983797863587, -7.79255270075145, 0.0 ], [ 109.739995536842983, -7.792524119800745, 0.0 ], [ 109.739998762230684, -7.792516318874312, 0.0 ], [ 109.74004438435567, -7.792404736182895, 0.0 ], [ 109.740059847686794, -7.792366915284653, 0.0 ], [ 109.740065079750195, -7.792354118425452, 0.0 ], [ 109.740067195028942, -7.792348944832523, 0.0 ], [ 109.740112817108667, -7.792237362127072, 0.0 ], [ 109.740116269547528, -7.792228917993932, 0.0 ], [ 109.740130054592498, -7.792195201774198, 0.0 ], [ 109.740135627760836, -7.792181570769688, 0.0 ], [ 109.740172691366311, -7.792090920339087, 0.0 ], [ 109.740178785824313, -7.792076014412186, 0.0 ], [ 109.740187058009084, -7.792055781931536, 0.0 ], [ 109.740195029377745, -7.792036285104033, 0.0 ], [ 109.740204060432532, -7.792014196685916, 0.0 ], [ 109.740249682430971, -7.79190261395235, 0.0 ], [ 109.740272493040962, -7.791846822580976, 0.0 ], [ 109.740285534875568, -7.791814924704927, 0.0 ], [ 109.740289962211548, -7.791795372513597, 0.0 ], [ 109.74029073070912, -7.79179101761089, 0.0 ], [ 109.740291663852076, -7.791784997046163, 0.0 ], [ 109.740298081780779, -7.791747492546013, 0.0 ], [ 109.74029991965341, -7.791735185735531, 0.0 ], [ 109.740307216548999, -7.791679348234145, 0.0 ], [ 109.740310392733221, -7.791655043025751, 0.0 ], [ 109.740311230505156, -7.791648632040691, 0.0 ], [ 109.74031451334794, -7.791623510731907, 0.0 ], [ 109.740336404081461, -7.791455998222742, 0.0 ], [ 109.740337122082849, -7.791450503845411, 0.0 ], [ 109.740343594819649, -7.791400971648477, 0.0 ], [ 109.740372888378943, -7.791176810695344, 0.0 ], [ 109.740375959244062, -7.791153311417069, 0.0 ], [ 109.740377282773196, -7.791143183169493, 0.0 ], [ 109.740380185143735, -7.791120973187853, 0.0 ], [ 109.74038748200519, -7.791065135680129, 0.0 ], [ 109.740388904894175, -7.791054247215398, 0.0 ], [ 109.740394005221304, -7.791015218221241, 0.0 ], [ 109.740394778847929, -7.791009298171746, 0.0 ], [ 109.740366374722996, -7.790986917790416, 0.0 ], [ 109.740344062075096, -7.790972489136475, 0.0 ], [ 109.740332375125661, -7.790964931661782, 0.0 ], [ 109.740310054308296, -7.790953187104328, 0.0 ], [ 109.740232210061009, -7.790916897513798, 0.0 ], [ 109.740220846481236, -7.790908421132334, 0.0 ], [ 109.740208751343033, -7.790897026734275, 0.0 ], [ 109.740192300248168, -7.790881028567641, 0.0 ], [ 109.740176363112951, -7.790862657134699, 0.0 ], [ 109.740166736966842, -7.790850678720242, 0.0 ], [ 109.74015897464092, -7.790841019544881, 0.0 ], [ 109.740120561607284, -7.790793219612489, 0.0 ], [ 109.740116753589732, -7.790788845684779, 0.0 ], [ 109.740113977486402, -7.790785026562551, 0.0 ], [ 109.740064760119139, -7.790723782169882, 0.0 ], [ 109.740041584746507, -7.790696288262252, 0.0 ], [ 109.740023983056091, -7.79067304058835, 0.0 ], [ 109.740008958648716, -7.790654344725797, 0.0 ], [ 109.739989302035937, -7.790636734797388, 0.0 ], [ 109.739977973332884, -7.790617044585965, 0.0 ], [ 109.739966815056334, -7.790603335139133, 0.0 ], [ 109.739953154202652, -7.790585908538124, 0.0 ], [ 109.739935292355483, -7.790578893459584, 0.0 ], [ 109.739917144964139, -7.790561004514981, 0.0 ], [ 109.739906852758622, -7.790551395201785, 0.0 ], [ 109.739897313089486, -7.790529742825356, 0.0 ], [ 109.73987755211003, -7.790524750589913, 0.0 ], [ 109.739853929789675, -7.790517512819108, 0.0 ], [ 109.739841350979063, -7.790514052235961, 0.0 ], [ 109.739801157870005, -7.790504800403863, 0.0 ], [ 109.73978830630206, -7.790501842181954, 0.0 ], [ 109.739785380480967, -7.790501168715852, 0.0 ], [ 109.739729409987191, -7.790488285250401, 0.0 ], [ 109.739708260974567, -7.790483417169833, 0.0 ], [ 109.739697123925382, -7.790480853672646, 0.0 ], [ 109.73967343949748, -7.790475401956229, 0.0 ], [ 109.739617469013069, -7.790462518392946, 0.0 ], [ 109.739605941695174, -7.79045986501277, 0.0 ], [ 109.739563323578636, -7.790450055271839, 0.0 ] ], [ [ 109.736555997967045, -7.789974891058383, 0.0 ], [ 109.736539475725721, -7.789936496671997, 0.0 ], [ 109.736443202017043, -7.789712773147702, 0.0 ], [ 109.736438403894738, -7.789701623212862, 0.0 ], [ 109.736427315659384, -7.789675855967886, 0.0 ], [ 109.736419133603391, -7.78965684226542, 0.0 ], [ 109.736395064836785, -7.789600911381547, 0.0 ], [ 109.736274722876828, -7.789321256960369, 0.0 ], [ 109.73626045162591, -7.789288093450967, 0.0 ], [ 109.736253613287232, -7.789272202475229, 0.0 ], [ 109.736243180783603, -7.789247959100079, 0.0 ], [ 109.73623681420041, -7.78923316417943, 0.0 ], [ 109.736226585772314, -7.789209395187433, 0.0 ], [ 109.736202517407378, -7.789153464300736, 0.0 ], [ 109.736198186785387, -7.789146789556092, 0.0 ], [ 109.736183068439743, -7.789119368954865, 0.0 ], [ 109.73615781183436, -7.789097471874128, 0.0 ], [ 109.736150402065945, -7.789096061217004, 0.0 ], [ 109.736149009294294, -7.789096225361305, 0.0 ], [ 109.736142771100489, -7.789097427022545, 0.0 ], [ 109.736108392937808, -7.789112725115962, 0.0 ], [ 109.736092952987008, -7.789112086515145, 0.0 ], [ 109.73607751240597, -7.789112630117518, 0.0 ], [ 109.736057178090178, -7.789117367361662, 0.0 ], [ 109.736036927054926, -7.789117815762913, 0.0 ], [ 109.736011083405316, -7.789122794022362, 0.0 ], [ 109.736008906493993, -7.789123213356787, 0.0 ], [ 109.735960596500547, -7.789132519311414, 0.0 ], [ 109.735941358880183, -7.789136225034285, 0.0 ], [ 109.73591374913569, -7.789141543488499, 0.0 ], [ 109.735871634302356, -7.789149656085709, 0.0 ], [ 109.735820054433461, -7.789159591852282, 0.0 ], [ 109.735801909796919, -7.789163087047378, 0.0 ], [ 109.73577320710227, -7.789168616051885, 0.0 ], [ 109.735756721426213, -7.78917179167115, 0.0 ], [ 109.73570068029548, -7.789182586775426, 0.0 ], [ 109.735644639162757, -7.789193381962496, 0.0 ], [ 109.735585817619508, -7.789204712636018, 0.0 ], [ 109.7355389702916, -7.789213736817827, 0.0 ], [ 109.735523011610965, -7.789216810914308, 0.0 ], [ 109.735492122909704, -7.78922276093564, 0.0 ], [ 109.735453287076581, -7.789230241831188, 0.0 ], [ 109.735448495185167, -7.789231164891583, 0.0 ], [ 109.735398428192042, -7.789240809210043, 0.0 ], [ 109.735383562502022, -7.789243672774571, 0.0 ], [ 109.735351580840728, -7.7892498333503, 0.0 ], [ 109.735313837968548, -7.789257103660558, 0.0 ], [ 109.735304733450889, -7.789258857446129, 0.0 ], [ 109.735257886115818, -7.78926788159167, 0.0 ], [ 109.735244113360523, -7.789270534608642, 0.0 ], [ 109.735211038726703, -7.789276905679715, 0.0 ], [ 109.735174388815508, -7.789283965473522, 0.0 ], [ 109.7351641913706, -7.789285929794748, 0.0 ], [ 109.735140268891925, -7.789290537922247, 0.0 ], [ 109.735117145103203, -7.78929475433554, 0.0 ], [ 109.735104946798018, -7.789297116239542, 0.0 ], [ 109.735084228837323, -7.789300967985945, 0.0 ], [ 109.73502822948096, -7.789297834818424, 0.0 ], [ 109.7349722301269, -7.789294701556178, 0.0 ], [ 109.734916230774601, -7.78929156837412, 0.0 ], [ 109.734860231424534, -7.789288435097317, 0.0 ], [ 109.734804232076286, -7.789285301900676, 0.0 ], [ 109.734748232730311, -7.789282168609336, 0.0 ], [ 109.734692233386056, -7.789279035398206, 0.0 ], [ 109.734636234044117, -7.789275902092331, 0.0 ], [ 109.734580234703969, -7.789272768866666, 0.0 ], [ 109.734524235366052, -7.789269635546254, 0.0 ], [ 109.734468236029969, -7.789266502305997, 0.0 ], [ 109.734412236696116, -7.789263368971117, 0.0 ], [ 109.734408626936883, -7.789263429385131, 0.0 ], [ 109.73436370460702, -7.789267163339098, 0.0 ], [ 109.734356216245175, -7.789267269881939, 0.0 ], [ 109.734348071322898, -7.789267770279978, 0.0 ], [ 109.734311273017497, -7.789270584593108, 0.0 ], [ 109.734300195579067, -7.789271242496156, 0.0 ], [ 109.734287422842002, -7.789272203228908, 0.0 ], [ 109.734259163332027, -7.789274328817454, 0.0 ], [ 109.734244174188973, -7.789275456259417, 0.0 ], [ 109.734188152798808, -7.789279670076519, 0.0 ], [ 109.734165844509434, -7.78928134804303, 0.0 ], [ 109.734160142103761, -7.789281776967646, 0.0 ], [ 109.734076110018847, -7.78928809761031, 0.0 ], [ 109.734052315677459, -7.789290902007707, 0.0 ], [ 109.73404212936056, -7.789292611205092, 0.0 ], [ 109.734020079175409, -7.789295459269958, 0.0 ], [ 109.734005283799306, -7.789299740862189, 0.0 ], [ 109.733981862966047, -7.789314413915172, 0.0 ], [ 109.733991608572524, -7.789482020238931, 0.0 ], [ 109.733994857273558, -7.789537889013941, 0.0 ], [ 109.734011099938542, -7.789817232886108, 0.0 ], [ 109.734011505145673, -7.789824201509125, 0.0 ], [ 109.734014101811965, -7.789868856993342, 0.0 ], [ 109.734014567064946, -7.789876858268845, 0.0 ], [ 109.734017561382544, -7.789928354937828, 0.0 ], [ 109.734030591295848, -7.790152445532218, 0.0 ], [ 109.734031495659082, -7.79016644302796, 0.0 ], [ 109.73403303310802, -7.790192705101057, 0.0 ], [ 109.734034055432758, -7.79020831495048, 0.0 ], [ 109.734036143211583, -7.790227132898415, 0.0 ], [ 109.734037210612527, -7.790244255901633, 0.0 ], [ 109.734042878868365, -7.790289917797709, 0.0 ], [ 109.734043169000017, -7.790294041189542, 0.0 ], [ 109.734046833470046, -7.790320071262815, 0.0 ], [ 109.734050049019302, -7.790342912803259, 0.0 ], [ 109.73405295314339, -7.790356052395366, 0.0 ], [ 109.734056186492467, -7.790375958273696, 0.0 ], [ 109.734058503634259, -7.790390223412798, 0.0 ], [ 109.734068025884014, -7.790427202043157, 0.0 ], [ 109.734068918259837, -7.790431855378424, 0.0 ], [ 109.734069586272554, -7.790434928685277, 0.0 ], [ 109.73407263526542, -7.790445102317313, 0.0 ], [ 109.734086354309909, -7.790487766536712, 0.0 ], [ 109.734104333873887, -7.790543679318634, 0.0 ], [ 109.734122313111214, -7.790599592099379, 0.0 ], [ 109.734128125876524, -7.790617668608582, 0.0 ], [ 109.734137315212052, -7.790646245639628, 0.0 ], [ 109.734140292610888, -7.790655504880754, 0.0 ], [ 109.734161519439297, -7.790677942599115, 0.0 ], [ 109.734183937572226, -7.790683336448835, 0.0 ], [ 109.734200587934112, -7.790672257630974, 0.0 ], [ 109.734234679779959, -7.790661106045348, 0.0 ], [ 109.734240020308746, -7.790658758216821, 0.0 ], [ 109.734244859393016, -7.790655817243777, 0.0 ], [ 109.73427556971113, -7.79063543433927, 0.0 ], [ 109.734296131639255, -7.790624656336695, 0.0 ], [ 109.734336320710398, -7.79060023136217, 0.0 ], [ 109.734346188880536, -7.790594233971092, 0.0 ], [ 109.734352242961009, -7.790590554586879, 0.0 ], [ 109.734408354274834, -7.790556452688947, 0.0 ], [ 109.734427781986938, -7.790544645456743, 0.0 ], [ 109.734450517461397, -7.790530827939931, 0.0 ], [ 109.734485293650721, -7.790509692588237, 0.0 ], [ 109.734519243465797, -7.790489059528174, 0.0 ], [ 109.734576688165532, -7.790454147219838, 0.0 ], [ 109.734589622193241, -7.790446286512596, 0.0 ], [ 109.734604743806614, -7.79043709632043, 0.0 ], [ 109.73463279944562, -7.790420045425338, 0.0 ], [ 109.734688910717807, -7.790385943482587, 0.0 ], [ 109.734745021981269, -7.790351841670184, 0.0 ], [ 109.734801133236815, -7.790317739709648, 0.0 ], [ 109.734857244483578, -7.790283637879358, 0.0 ], [ 109.734913355722483, -7.790249535900882, 0.0 ], [ 109.734969466952606, -7.790215434052739, 0.0 ], [ 109.734972786905644, -7.790214426351103, 0.0 ], [ 109.735014450761483, -7.790200201489519, 0.0 ], [ 109.73502553423792, -7.790195972319879, 0.0 ], [ 109.735193601562528, -7.790182412293322, 0.0 ], [ 109.735218115941223, -7.790180434386172, 0.0 ], [ 109.735225750231209, -7.790179818431707, 0.0 ], [ 109.735249624004197, -7.790177892213106, 0.0 ], [ 109.735361668887094, -7.790168852169163, 0.0 ], [ 109.735373172224541, -7.790167924035884, 0.0 ], [ 109.7354092122618, -7.790165016136485, 0.0 ], [ 109.735417691328891, -7.790164332007896, 0.0 ], [ 109.735501724991053, -7.790157551926559, 0.0 ], [ 109.735585758653087, -7.790150771841108, 0.0 ], [ 109.735592674176601, -7.790150213866287, 0.0 ], [ 109.735631599302081, -7.790147073264157, 0.0 ], [ 109.735641781094571, -7.790146251746557, 0.0 ], [ 109.73648211771372, -7.790078449688064, 0.0 ], [ 109.7365090285668, -7.790074952574264, 0.0 ], [ 109.736511763908638, -7.790074436493781, 0.0 ], [ 109.736538150066139, -7.790070622932033, 0.0 ], [ 109.736555802973285, -7.790065855043734, 0.0 ], [ 109.736587612970993, -7.79004835843227, 0.0 ], [ 109.736582603654512, -7.790036717739557, 0.0 ], [ 109.736572797122747, -7.790013929330326, 0.0 ], [ 109.736555997967045, -7.789974891058383, 0.0 ] ], [ [ 109.737318364283979, -7.789831713538107, 0.0 ], [ 109.737299394652027, -7.78985945275532, 0.0 ], [ 109.73729200245522, -7.789857848260706, 0.0 ], [ 109.737266882522363, -7.789864738505274, 0.0 ], [ 109.73725312226604, -7.789869054026628, 0.0 ], [ 109.737240369283654, -7.789882726600933, 0.0 ], [ 109.737238385164019, -7.789910294765805, 0.0 ], [ 109.737210686628643, -7.789927164188698, 0.0 ], [ 109.737201637681622, -7.789929452409391, 0.0 ], [ 109.737162627581995, -7.78993041577995, 0.0 ], [ 109.737154663848472, -7.789931801860803, 0.0 ], [ 109.737150064911589, -7.789933735783233, 0.0 ], [ 109.737147570447533, -7.789938309210663, 0.0 ], [ 109.737145201715478, -7.789947691508902, 0.0 ], [ 109.737154585005982, -7.789958118195978, 0.0 ], [ 109.737170352242018, -7.789954090142924, 0.0 ], [ 109.737193603249139, -7.789955399725392, 0.0 ], [ 109.737210609818348, -7.789952803363074, 0.0 ], [ 109.737251047348181, -7.789938617555819, 0.0 ], [ 109.737241975408082, -7.78991389686967, 0.0 ], [ 109.737266677631155, -7.789933134329163, 0.0 ], [ 109.737322745439954, -7.789913465206014, 0.0 ], [ 109.737378813244348, -7.789893796155548, 0.0 ], [ 109.737434881044791, -7.789874127015881, 0.0 ], [ 109.737490948840843, -7.789854457948893, 0.0 ], [ 109.737547016632917, -7.789834788792673, 0.0 ], [ 109.737566824319487, -7.789827840078264, 0.0 ], [ 109.737593582388769, -7.789818453115244, 0.0 ], [ 109.737623051084171, -7.789808115207456, 0.0 ], [ 109.7376349574606, -7.789803938325512, 0.0 ], [ 109.737676332551885, -7.789789423554025, 0.0 ], [ 109.737759082668617, -7.789760393935777, 0.0 ], [ 109.737796934338505, -7.789747115197693, 0.0 ], [ 109.73784183281974, -7.789731364344989, 0.0 ], [ 109.737883423296509, -7.789716774005214, 0.0 ], [ 109.737883937827746, -7.78971655382205, 0.0 ], [ 109.737923682173928, -7.78970143097477, 0.0 ], [ 109.737939502114244, -7.789693412400941, 0.0 ], [ 109.737958570034309, -7.78968040754169, 0.0 ], [ 109.737973193568877, -7.789661472973386, 0.0 ], [ 109.737941665412976, -7.789271262032216, 0.0 ], [ 109.73794079813014, -7.789260527797961, 0.0 ], [ 109.737940468792615, -7.789270061459536, 0.0 ], [ 109.73794023088125, -7.789270360742568, 0.0 ], [ 109.737937166046024, -7.789273933968204, 0.0 ], [ 109.737926761837755, -7.789312335691174, 0.0 ], [ 109.737910138104112, -7.789300729193877, 0.0 ], [ 109.73788465974566, -7.789303805551378, 0.0 ], [ 109.737874892695018, -7.789316321744574, 0.0 ], [ 109.737871489088718, -7.789326015186186, 0.0 ], [ 109.737865424905635, -7.789345057388564, 0.0 ], [ 109.737864419728211, -7.789361840647746, 0.0 ], [ 109.737850462063108, -7.789381811717738, 0.0 ], [ 109.737841589452742, -7.789394961444421, 0.0 ], [ 109.737828366706353, -7.789398732250238, 0.0 ], [ 109.73781226440434, -7.789421566026876, 0.0 ], [ 109.737805355149078, -7.78943753653252, 0.0 ], [ 109.737796467178754, -7.789461743098044, 0.0 ], [ 109.737773213542937, -7.789492167552877, 0.0 ], [ 109.73777246225437, -7.789493297717977, 0.0 ], [ 109.73777232385423, -7.789493546515566, 0.0 ], [ 109.737772073639377, -7.789493658972722, 0.0 ], [ 109.737750311651212, -7.789527488094512, 0.0 ], [ 109.737739221196307, -7.789549057862394, 0.0 ], [ 109.737730640894696, -7.789563778852539, 0.0 ], [ 109.737715826465745, -7.789573250486325, 0.0 ], [ 109.737695316980449, -7.789584364768255, 0.0 ], [ 109.737668815138278, -7.789604707304173, 0.0 ], [ 109.737665189119284, -7.789610163893971, 0.0 ], [ 109.73765970155425, -7.789612007392002, 0.0 ], [ 109.737636353157356, -7.789627849284148, 0.0 ], [ 109.737630870159677, -7.789631758084481, 0.0 ], [ 109.737603589120653, -7.789646594475151, 0.0 ], [ 109.737593094800744, -7.789649884458731, 0.0 ], [ 109.737582233788231, -7.789660308547954, 0.0 ], [ 109.737565051918992, -7.789677775454722, 0.0 ], [ 109.737547472335166, -7.789682631822702, 0.0 ], [ 109.737524696813026, -7.789693313559601, 0.0 ], [ 109.737495652423249, -7.789715909770225, 0.0 ], [ 109.737495060624667, -7.789719605983499, 0.0 ], [ 109.737491346430346, -7.78972171097648, 0.0 ], [ 109.737465600266844, -7.789741438649898, 0.0 ], [ 109.737463088411729, -7.789743554672853, 0.0 ], [ 109.737435240619874, -7.789754078021818, 0.0 ], [ 109.737421882706556, -7.789758239368624, 0.0 ], [ 109.737409071037064, -7.789771510971002, 0.0 ], [ 109.737399251931492, -7.789791560346085, 0.0 ], [ 109.737379095859723, -7.789799445790941, 0.0 ], [ 109.737359372808285, -7.789807576009012, 0.0 ], [ 109.737324112978428, -7.789826014365192, 0.0 ], [ 109.737323005799411, -7.789826549046309, 0.0 ], [ 109.737322610237669, -7.789826718513236, 0.0 ], [ 109.737322397491567, -7.789827111875772, 0.0 ], [ 109.737318364283979, -7.789831713538107, 0.0 ] ] ], [ [ [ 109.744045000000142, -7.788733, 0.0 ], [ 109.744002866413283, -7.788967045796183, 0.0 ], [ 109.744002193788347, -7.788964738199642, 0.0 ], [ 109.743998831583397, -7.788953203354589, 0.0 ], [ 109.743990683576882, -7.788925249568556, 0.0 ], [ 109.743982535583569, -7.788897295782555, 0.0 ], [ 109.743979113962283, -7.788885557073694, 0.0 ], [ 109.743971808473162, -7.788860493730966, 0.0 ], [ 109.743959214225129, -7.788817286126156, 0.0 ], [ 109.743956034102297, -7.788806375905437, 0.0 ], [ 109.743949943515702, -7.788785480637994, 0.0 ], [ 109.743933647534959, -7.788729573065729, 0.0 ], [ 109.743921431548998, -7.7886876632468, 0.0 ], [ 109.743907591699198, -7.788640182190721, 0.0 ], [ 109.743901055427301, -7.788617757920522, 0.0 ], [ 109.743897031655379, -7.78860046621325, 0.0 ], [ 109.743887427111702, -7.788569467028183, 0.0 ], [ 109.74388541656873, -7.788561852295366, 0.0 ], [ 109.743885298328465, -7.788556405086404, 0.0 ], [ 109.743879870631574, -7.788545078076789, 0.0 ], [ 109.743871054693301, -7.788514832723122, 0.0 ], [ 109.743868463435447, -7.788505942775261, 0.0 ], [ 109.743852167442782, -7.788450035202525, 0.0 ], [ 109.743849435001536, -7.788424879356715, 0.0 ], [ 109.743846328559258, -7.788416182375753, 0.0 ], [ 109.74384252123393, -7.788394147336988, 0.0 ], [ 109.743841970833017, -7.78837658570505, 0.0 ], [ 109.743824428524178, -7.788354869948611, 0.0 ], [ 109.743820677818491, -7.788342002253582, 0.0 ], [ 109.743819575379931, -7.788338220056529, 0.0 ], [ 109.743817875530112, -7.78833161040459, 0.0 ], [ 109.743809886526591, -7.788297007179136, 0.0 ], [ 109.743805828429316, -7.788282320037939, 0.0 ], [ 109.743805436192417, -7.78826310456388, 0.0 ], [ 109.743816227874404, -7.788235026455419, 0.0 ], [ 109.743815772832022, -7.788226490231473, 0.0 ], [ 109.743815263704889, -7.78821693850166, 0.0 ], [ 109.743824852453756, -7.788212586874235, 0.0 ], [ 109.743830328723078, -7.788221046580581, 0.0 ], [ 109.743852728550422, -7.7882556498918, 0.0 ], [ 109.743870116399677, -7.788282510559225, 0.0 ], [ 109.743870418015447, -7.7882926887934, 0.0 ], [ 109.743880604652958, -7.788298712700993, 0.0 ], [ 109.743936356874528, -7.788384838122116, 0.0 ], [ 109.743940125837696, -7.788390660385894, 0.0 ], [ 109.743954113887042, -7.78841226914299, 0.0 ], [ 109.743962085184833, -7.78842458323094, 0.0 ], [ 109.743978804081735, -7.788450410482579, 0.0 ], [ 109.74404786137984, -7.78855708935063, 0.0 ], [ 109.744049923034325, -7.788560274175436, 0.0 ], [ 109.744057574611219, -7.788572094334878, 0.0 ], [ 109.74407188239158, -7.788594197020577, 0.0 ], [ 109.744073216618858, -7.788596258124969, 0.0 ], [ 109.744045000000142, -7.788733, 0.0 ] ] ] ] } },
{ "type": "Feature", "properties": { "OBJECTID": 28, "Join_Count": 1, "TARGET_FID": 32, "Id": 24, "Contour": 1.2, "Shape_Leng": 15.2835114805, "Skor": 2.0, "Shape_Le_1": 13722.6882962, "Shape_Area": 379272.81570500002 }, "geometry": { "type": "MultiPolygon", "coordinates": [ [ [ [ 109.744635376606766, -7.79113701929513, 0.0 ], [ 109.744408, -7.791739, 0.0 ], [ 109.744294709162773, -7.791713708781152, 0.0 ], [ 109.744308273642446, -7.791691225115158, 0.0 ], [ 109.744312144049729, -7.791684809767937, 0.0 ], [ 109.744476473882187, -7.79141242716266, 0.0 ], [ 109.744501647632973, -7.791370700654641, 0.0 ], [ 109.744510113864379, -7.7913566675593, 0.0 ], [ 109.744511317137679, -7.791333081098748, 0.0 ], [ 109.74451271287937, -7.791325776305725, 0.0 ], [ 109.744513679485493, -7.791300818839932, 0.0 ], [ 109.744497383370131, -7.791244911268376, 0.0 ], [ 109.744495256874345, -7.791237615841621, 0.0 ], [ 109.744481087208214, -7.791189003696594, 0.0 ], [ 109.744470068238329, -7.791151200597196, 0.0 ], [ 109.744464791080645, -7.791133096124791, 0.0 ], [ 109.744456642997832, -7.791105142338856, 0.0 ], [ 109.744448494931405, -7.791077188552879, 0.0 ], [ 109.744432040349437, -7.791020737231944, 0.0 ], [ 109.74441969097694, -7.790978370114332, 0.0 ], [ 109.744418042226954, -7.79097271371869, 0.0 ], [ 109.744603720855821, -7.791028417286017, 0.0 ], [ 109.744618083346197, -7.791077691035873, 0.0 ], [ 109.744626231446233, -7.791105644820376, 0.0 ], [ 109.744635376606766, -7.79113701929513, 0.0 ] ] ], [ [ [ 109.736425348759056, -7.790331991605754, 0.0 ], [ 109.736438439615753, -7.790340289920807, 0.0 ], [ 109.736461243197112, -7.790347292205421, 0.0 ], [ 109.736462860676198, -7.790364791738014, 0.0 ], [ 109.736471660400483, -7.790383167445265, 0.0 ], [ 109.736474550090264, -7.790439035181432, 0.0 ], [ 109.736477439449303, -7.790494902916493, 0.0 ], [ 109.736477607242108, -7.790498147070021, 0.0 ], [ 109.73648030845753, -7.790550377083631, 0.0 ], [ 109.736483087176978, -7.790604099600166, 0.0 ], [ 109.736483364950658, -7.790609470310389, 0.0 ], [ 109.736485827007854, -7.790657075997611, 0.0 ], [ 109.736486421135723, -7.790668563225298, 0.0 ], [ 109.73648856709157, -7.790710052146367, 0.0 ], [ 109.736489477593764, -7.79072765641615, 0.0 ], [ 109.73649130695604, -7.790763028514699, 0.0 ], [ 109.736491886904901, -7.790774241593435, 0.0 ], [ 109.73649340702039, -7.790787625460618, 0.0 ], [ 109.736494928522987, -7.790815130776967, 0.0 ], [ 109.736496876400523, -7.790830115590533, 0.0 ], [ 109.736500743470913, -7.790851012793621, 0.0 ], [ 109.736501642900834, -7.790864166899541, 0.0 ], [ 109.736507057503161, -7.790886005068257, 0.0 ], [ 109.736513435279875, -7.790908168798421, 0.0 ], [ 109.736524029328208, -7.790930402252423, 0.0 ], [ 109.736528492532344, -7.790941928103131, 0.0 ], [ 109.73653550059089, -7.790954476693805, 0.0 ], [ 109.736559740128413, -7.790997880396398, 0.0 ], [ 109.736571048714637, -7.791018129939684, 0.0 ], [ 109.736590987647787, -7.791053832688313, 0.0 ], [ 109.73661108651423, -7.791089822578535, 0.0 ], [ 109.736631105499853, -7.791125668819734, 0.0 ], [ 109.736651124269756, -7.791161515273565, 0.0 ], [ 109.736661863660984, -7.791180745353448, 0.0 ], [ 109.736671143286614, -7.791197361484832, 0.0 ], [ 109.736684729580702, -7.791221689555309, 0.0 ], [ 109.736702630578861, -7.791253743326036, 0.0 ], [ 109.73671597729205, -7.791277641843216, 0.0 ], [ 109.736731200246012, -7.791304900232021, 0.0 ], [ 109.736733025917658, -7.791308169348477, 0.0 ], [ 109.736747224689864, -7.791333594129076, 0.0 ], [ 109.73675834062351, -7.791353498465758, 0.0 ], [ 109.736771238154063, -7.791376592805368, 0.0 ], [ 109.736778472254088, -7.791389546414258, 0.0 ], [ 109.736809719825786, -7.791445498698322, 0.0 ], [ 109.736811276077475, -7.791448285373617, 0.0 ], [ 109.736814050691976, -7.791453253598672, 0.0 ], [ 109.736903462585786, -7.791613355543829, 0.0 ], [ 109.736911371052329, -7.791627516678081, 0.0 ], [ 109.736925470900118, -7.791652763860325, 0.0 ], [ 109.73693471018737, -7.791669307823415, 0.0 ], [ 109.736946511857539, -7.791690440236644, 0.0 ], [ 109.736951409006238, -7.791699209252849, 0.0 ], [ 109.736971428040945, -7.791735055486244, 0.0 ], [ 109.736991446863001, -7.791770901935533, 0.0 ], [ 109.736997204936159, -7.791781212377843, 0.0 ], [ 109.737028452937295, -7.791837164655194, 0.0 ], [ 109.737029481633897, -7.791844580440911, 0.0 ], [ 109.737036825294993, -7.791874265689632, 0.0 ], [ 109.737040545635423, -7.791889304503074, 0.0 ], [ 109.737041969742748, -7.791893064076008, 0.0 ], [ 109.737037357199327, -7.791948158113959, 0.0 ], [ 109.737037240786947, -7.791949548504674, 0.0 ], [ 109.737036575869908, -7.791957490602293, 0.0 ], [ 109.737032618876569, -7.792004754456888, 0.0 ], [ 109.73703227247438, -7.79200889165346, 0.0 ], [ 109.737028585894791, -7.792052918223833, 0.0 ], [ 109.737027186999541, -7.792069625938364, 0.0 ], [ 109.737024258664661, -7.792104603303764, 0.0 ], [ 109.737023267190295, -7.792116444833607, 0.0 ], [ 109.73700456541259, -7.792339825587275, 0.0 ], [ 109.737002622628978, -7.792363028841359, 0.0 ], [ 109.737001763242574, -7.792373293713936, 0.0 ], [ 109.736998295234145, -7.792414713766689, 0.0 ], [ 109.736996677963063, -7.792434027782959, 0.0 ], [ 109.736995213694129, -7.79245151595938, 0.0 ], [ 109.736971836393963, -7.79273074188873, 0.0 ], [ 109.736967160113807, -7.792786587070967, 0.0 ], [ 109.736963524934509, -7.792801050693124, 0.0 ], [ 109.736956393781483, -7.792820886896433, 0.0 ], [ 109.736952324800967, -7.792842401963719, 0.0 ], [ 109.736944170562069, -7.792864649956694, 0.0 ], [ 109.736941790534118, -7.79287829024354, 0.0 ], [ 109.736936272887945, -7.79289821322778, 0.0 ], [ 109.736921628198019, -7.792934768850285, 0.0 ], [ 109.736915374656931, -7.792947812261848, 0.0 ], [ 109.736913921644515, -7.792954005708113, 0.0 ], [ 109.736869218220647, -7.79306559065932, 0.0 ], [ 109.736865196642597, -7.793075629188613, 0.0 ], [ 109.736852067261452, -7.793108402448834, 0.0 ], [ 109.736846866956483, -7.793121383132788, 0.0 ], [ 109.736824515227198, -7.793177175602672, 0.0 ], [ 109.736820046752399, -7.793188329536455, 0.0 ], [ 109.736808765039584, -7.793216490668604, 0.0 ], [ 109.736802163952305, -7.793232968071658, 0.0 ], [ 109.73675746045609, -7.793344553000092, 0.0 ], [ 109.736752333395899, -7.793357350977947, 0.0 ], [ 109.736739995837084, -7.793388147654068, 0.0 ], [ 109.736735109160435, -7.793400345462228, 0.0 ], [ 109.736712757396575, -7.79345613792084, 0.0 ], [ 109.736707975281362, -7.793468074728624, 0.0 ], [ 109.736695901704678, -7.793498212428916, 0.0 ], [ 109.736690406083966, -7.793511930378495, 0.0 ], [ 109.736645702521642, -7.793623515284158, 0.0 ], [ 109.736643983522328, -7.793627978422983, 0.0 ], [ 109.736639469972758, -7.793639072709338, 0.0 ], [ 109.736627924238647, -7.79366789280224, 0.0 ], [ 109.736623351188257, -7.793679307734932, 0.0 ], [ 109.736613737806763, -7.793704745792271, 0.0 ], [ 109.73661242225667, -7.793708366330674, 0.0 ], [ 109.736601843195658, -7.79373510269895, 0.0 ], [ 109.736600145562221, -7.793752075792294, 0.0 ], [ 109.736583014347403, -7.793787885916682, 0.0 ], [ 109.736582227946926, -7.793790125715732, 0.0 ], [ 109.736581921939475, -7.793790902393629, 0.0 ], [ 109.736581810510927, -7.793792090096074, 0.0 ], [ 109.736582985213587, -7.793797601046242, 0.0 ], [ 109.736598870749305, -7.793846812061058, 0.0 ], [ 109.736616920689769, -7.793902725012853, 0.0 ], [ 109.736634969649117, -7.793958637961465, 0.0 ], [ 109.736635830959884, -7.793961306099003, 0.0 ], [ 109.736638479099724, -7.793969509117871, 0.0 ], [ 109.736653019597043, -7.794014550912886, 0.0 ], [ 109.73667106856071, -7.794070463861229, 0.0 ], [ 109.736676689910027, -7.794087877470695, 0.0 ], [ 109.736686778292651, -7.794119127753879, 0.0 ], [ 109.736690309889411, -7.794130067608075, 0.0 ], [ 109.736693973026576, -7.79414141534219, 0.0 ], [ 109.736707167490295, -7.794182289760424, 0.0 ], [ 109.736713527653805, -7.794201992035851, 0.0 ], [ 109.736717548826078, -7.794214448899765, 0.0 ], [ 109.736731168671085, -7.794256639175804, 0.0 ], [ 109.736740277563811, -7.794284856860021, 0.0 ], [ 109.73674478820881, -7.794298829758489, 0.0 ], [ 109.736749466984364, -7.794313322960896, 0.0 ], [ 109.736761316401996, -7.794350028609587, 0.0 ], [ 109.736779365387974, -7.794405941557044, 0.0 ], [ 109.736785647212898, -7.794425401128219, 0.0 ], [ 109.736793777840234, -7.794450586942531, 0.0 ], [ 109.736799267181127, -7.794467591290779, 0.0 ], [ 109.736804960980223, -7.794485229632617, 0.0 ], [ 109.736815464362238, -7.794517767454527, 0.0 ], [ 109.73682052733659, -7.794533451327213, 0.0 ], [ 109.736826506151644, -7.794551972581139, 0.0 ], [ 109.736840126013689, -7.794594162856533, 0.0 ], [ 109.736847277279267, -7.794616316150018, 0.0 ], [ 109.736851563348267, -7.794629593351313, 0.0 ], [ 109.736860455005271, -7.794657138288096, 0.0 ], [ 109.736867364996954, -7.79467854414638, 0.0 ], [ 109.736874026857294, -7.794699180595736, 0.0 ], [ 109.736880984962241, -7.794720734324569, 0.0 ], [ 109.736894604648299, -7.794762924780432, 0.0 ], [ 109.736900777515444, -7.794782046122775, 0.0 ], [ 109.736908224605344, -7.794805114971417, 0.0 ], [ 109.736915949074586, -7.794829043917528, 0.0 ], [ 109.736923761368075, -7.794853245143337, 0.0 ], [ 109.736927527150144, -7.794864910613339, 0.0 ], [ 109.736935463609754, -7.794889496260453, 0.0 ], [ 109.736949083488767, -7.794931686535131, 0.0 ], [ 109.736954277125534, -7.794947775431633, 0.0 ], [ 109.736959860401939, -7.794965071038471, 0.0 ], [ 109.736971443169992, -7.795000952570287, 0.0 ], [ 109.736976322505953, -7.795016067820453, 0.0 ], [ 109.736981026630545, -7.795030639775428, 0.0 ], [ 109.736989942516317, -7.795058257972184, 0.0 ], [ 109.736995959447469, -7.795076896932964, 0.0 ], [ 109.737014008484991, -7.795132809878552, 0.0 ], [ 109.737026937307121, -7.795172859055136, 0.0 ], [ 109.737030801634816, -7.795184829340656, 0.0 ], [ 109.737032058507964, -7.795188722826975, 0.0 ], [ 109.737050107552875, -7.795244635772204, 0.0 ], [ 109.737068157586421, -7.795300548720292, 0.0 ], [ 109.737082431475486, -7.795344766846918, 0.0 ], [ 109.737085280153693, -7.795353591492442, 0.0 ], [ 109.737088026534721, -7.795362098946711, 0.0 ], [ 109.737098900206036, -7.795395781614478, 0.0 ], [ 109.737104256676702, -7.795412374613067, 0.0 ], [ 109.737122305736492, -7.795468287557762, 0.0 ], [ 109.737137925684323, -7.79551667287892, 0.0 ], [ 109.737139759375395, -7.795522352981003, 0.0 ], [ 109.737140355784916, -7.795524200505252, 0.0 ], [ 109.737158404849083, -7.795580113449684, 0.0 ], [ 109.737176454904969, -7.79563602639693, 0.0 ], [ 109.737194503979651, -7.79569193934096, 0.0 ], [ 109.737212554042998, -7.795747852287914, 0.0 ], [ 109.737230603122015, -7.795803765231778, 0.0 ], [ 109.737235097135311, -7.795817686530271, 0.0 ], [ 109.737248717248463, -7.795859876619161, 0.0 ], [ 109.737266702282369, -7.795915591121884, 0.0 ], [ 109.737284752357468, -7.795971504068196, 0.0 ], [ 109.737302801454518, -7.796027417011484, 0.0 ], [ 109.737303195868577, -7.796028638801121, 0.0 ], [ 109.737304408509459, -7.79603239511493, 0.0 ], [ 109.737320851540161, -7.796083329957545, 0.0 ], [ 109.737338900641547, -7.796139242900397, 0.0 ], [ 109.73734405513332, -7.796155210160675, 0.0 ], [ 109.737355527600727, -7.79619074758336, 0.0 ], [ 109.737357675232218, -7.79619740027463, 0.0 ], [ 109.737359902859467, -7.796204301002157, 0.0 ], [ 109.737374999846622, -7.79625106878886, 0.0 ], [ 109.737382277091641, -7.796273611785852, 0.0 ], [ 109.737384914379646, -7.796281781558196, 0.0 ], [ 109.73739853432545, -7.796323971830105, 0.0 ], [ 109.737409027202929, -7.796356476598722, 0.0 ], [ 109.737412153948284, -7.796366162428074, 0.0 ], [ 109.737415397238564, -7.796376208924917, 0.0 ], [ 109.737429149171419, -7.796418807621872, 0.0 ], [ 109.737447198298227, -7.796474720563907, 0.0 ], [ 109.737453013263917, -7.796492733785628, 0.0 ], [ 109.737462527962734, -7.796522206739961, 0.0 ], [ 109.737466633354714, -7.796534923924786, 0.0 ], [ 109.737470891657608, -7.796548115259523, 0.0 ], [ 109.737483297544856, -7.796586546450536, 0.0 ], [ 109.737489277592047, -7.796605071041912, 0.0 ], [ 109.737493872532966, -7.796619305206976, 0.0 ], [ 109.737507492498892, -7.796661495478263, 0.0 ], [ 109.737516027736021, -7.796687935856715, 0.0 ], [ 109.737519396809461, -7.796698372336668, 0.0 ], [ 109.737526386104904, -7.796720023898382, 0.0 ], [ 109.737534731689863, -7.796745876759987, 0.0 ], [ 109.737542777592978, -7.796770800372365, 0.0 ], [ 109.73754835174023, -7.796788066953551, 0.0 ], [ 109.737555496085847, -7.796810198222124, 0.0 ], [ 109.737563422676075, -7.796828818790854, 0.0 ], [ 109.737581975409753, -7.796860300182756, 0.0 ], [ 109.73759822326268, -7.79682642849356, 0.0 ], [ 109.737606769343842, -7.796810351093654, 0.0 ], [ 109.737616283686535, -7.796788521726653, 0.0 ], [ 109.737638301727031, -7.796754711368137, 0.0 ], [ 109.737667917148841, -7.79669881514038, 0.0 ], [ 109.737694630192436, -7.796648395404745, 0.0 ], [ 109.737696489849753, -7.796644885354814, 0.0 ], [ 109.737700593714763, -7.796637139592185, 0.0 ], [ 109.737715871446269, -7.796608304120059, 0.0 ], [ 109.737735252784219, -7.796571722623969, 0.0 ], [ 109.737750958627217, -7.796542079117904, 0.0 ], [ 109.737756562673866, -7.796531502013231, 0.0 ], [ 109.737786110881203, -7.796475730963047, 0.0 ], [ 109.737815659930732, -7.796419959912026, 0.0 ], [ 109.737845208120731, -7.796364188854928, 0.0 ], [ 109.737863615401196, -7.796329446823869, 0.0 ], [ 109.737870923418669, -7.796315653512625, 0.0 ], [ 109.737887050143101, -7.79628521490806, 0.0 ], [ 109.737890304711186, -7.796279071988429, 0.0 ], [ 109.737904305325529, -7.796252646732976, 0.0 ], [ 109.737933853489437, -7.79619687566557, 0.0 ], [ 109.737963402495581, -7.796141104597143, 0.0 ], [ 109.737992950642123, -7.796085333522888, 0.0 ], [ 109.738006593335541, -7.796059583789322, 0.0 ], [ 109.738011353465495, -7.796050599139662, 0.0 ], [ 109.738025974592531, -7.79602300224817, 0.0 ], [ 109.738032600330229, -7.796010496666164, 0.0 ], [ 109.738052047760021, -7.79597379136629, 0.0 ], [ 109.738081595880558, -7.79591802028158, 0.0 ], [ 109.738111144843273, -7.795862249195946, 0.0 ], [ 109.738140692946402, -7.795806478104356, 0.0 ], [ 109.738145256788627, -7.79579786424328, 0.0 ], [ 109.738161644837774, -7.795766932977467, 0.0 ], [ 109.738181026086679, -7.795730351450368, 0.0 ], [ 109.738197809389447, -7.79569867415508, 0.0 ], [ 109.738200407599081, -7.795693770184921, 0.0 ], [ 109.738201584970781, -7.795691547917429, 0.0 ], [ 109.738229338051482, -7.795639164811245, 0.0 ], [ 109.738258886973838, -7.795583393708284, 0.0 ], [ 109.738288435030441, -7.79552762259933, 0.0 ], [ 109.738314241239493, -7.795478915516337, 0.0 ], [ 109.738316696119597, -7.795474282096391, 0.0 ], [ 109.738322113349795, -7.795464057223072, 0.0 ], [ 109.738336077276429, -7.795437700492441, 0.0 ], [ 109.73835545868441, -7.795401119140368, 0.0 ], [ 109.738370569330456, -7.795372597986972, 0.0 ], [ 109.738377080008377, -7.795360309254419, 0.0 ], [ 109.738406628884221, -7.795304538134165, 0.0 ], [ 109.738436176900549, -7.79524876700795, 0.0 ], [ 109.738465725759028, -7.795192995880883, 0.0 ], [ 109.73848322540924, -7.795159965717712, 0.0 ], [ 109.738491128155658, -7.795145049364605, 0.0 ], [ 109.738508567828461, -7.795112132867897, 0.0 ], [ 109.738510509539921, -7.795108468010335, 0.0 ], [ 109.738529890721566, -7.795071886453247, 0.0 ], [ 109.73853955340374, -7.795053648753012, 0.0 ], [ 109.738554370580644, -7.795025682473678, 0.0 ], [ 109.738583918553573, -7.794969911330162, 0.0 ], [ 109.738613467368623, -7.794914140185674, 0.0 ], [ 109.738643015324143, -7.794858369035331, 0.0 ], [ 109.738652209294102, -7.794841016107246, 0.0 ], [ 109.738665560286904, -7.794815816911848, 0.0 ], [ 109.738684941438692, -7.794779235342864, 0.0 ], [ 109.738695022608454, -7.794760207735789, 0.0 ], [ 109.738702112060068, -7.794746826726639, 0.0 ], [ 109.738731659989483, -7.79469105556591, 0.0 ], [ 109.738761208761176, -7.794635284404172, 0.0 ], [ 109.738790756673311, -7.794579513236579, 0.0 ], [ 109.738801229190628, -7.794559746823371, 0.0 ], [ 109.738819324466206, -7.794525592031366, 0.0 ], [ 109.73882061023545, -7.794523165162746, 0.0 ], [ 109.738821192897845, -7.794522065421806, 0.0 ], [ 109.738823003487369, -7.7945219447317, 0.0 ], [ 109.738857196395031, -7.794503845194244, 0.0 ], [ 109.738877258191309, -7.794503438771995, 0.0 ], [ 109.738885052252854, -7.794516123853665, 0.0 ], [ 109.738889860384546, -7.794523949177895, 0.0 ], [ 109.738902326449846, -7.794549123647497, 0.0 ], [ 109.738903997151354, -7.794553035183284, 0.0 ], [ 109.738921488522394, -7.794579902511979, 0.0 ], [ 109.738925517615982, -7.794587393159958, 0.0 ], [ 109.73893299616455, -7.794594153790829, 0.0 ], [ 109.738948849408786, -7.794619955430241, 0.0 ], [ 109.738970115200516, -7.794654565889005, 0.0 ], [ 109.738988734159832, -7.794684868805748, 0.0 ], [ 109.738993013631855, -7.794691833796046, 0.0 ], [ 109.73899990460238, -7.794703049035207, 0.0 ], [ 109.739012646590481, -7.794723787004978, 0.0 ], [ 109.739033912394959, -7.794758397458861, 0.0 ], [ 109.739044472177142, -7.79477558381671, 0.0 ], [ 109.739061782445091, -7.794803756867275, 0.0 ], [ 109.73907644378852, -7.794827618587573, 0.0 ], [ 109.739089656372556, -7.794849122238526, 0.0 ], [ 109.739097709618264, -7.794862229026735, 0.0 ], [ 109.739100210216534, -7.794866298823929, 0.0 ], [ 109.739130551288795, -7.794915679932536, 0.0 ], [ 109.739155948277514, -7.794957013969693, 0.0 ], [ 109.739161506848632, -7.794966060609005, 0.0 ], [ 109.739164935893115, -7.794971641463562, 0.0 ], [ 109.739199320169178, -7.795027602992059, 0.0 ], [ 109.739211686360377, -7.795047729173131, 0.0 ], [ 109.73922530409844, -7.795069892195853, 0.0 ], [ 109.739233704787154, -7.795083564519989, 0.0 ], [ 109.739267835512322, -7.795139113349974, 0.0 ], [ 109.739289101377153, -7.795173723777673, 0.0 ], [ 109.739310367142139, -7.795208334301627, 0.0 ], [ 109.739323162593891, -7.795229159027466, 0.0 ], [ 109.739332269983166, -7.795242313249782, 0.0 ], [ 109.739336858361057, -7.795251449094128, 0.0 ], [ 109.739371242679098, -7.795307410615226, 0.0 ], [ 109.739374164459448, -7.795312165876637, 0.0 ], [ 109.739378900742935, -7.795319874222538, 0.0 ], [ 109.739385698174715, -7.79531421592515, 0.0 ], [ 109.739391069539948, -7.795307469633723, 0.0 ], [ 109.739410496686759, -7.79528306949886, 0.0 ], [ 109.739417843719565, -7.795268863230284, 0.0 ], [ 109.73942783861456, -7.795251719912351, 0.0 ], [ 109.739430104514781, -7.795246715341729, 0.0 ], [ 109.739435163269889, -7.795235373780229, 0.0 ], [ 109.739447330007522, -7.79520797102506, 0.0 ], [ 109.739452674171247, -7.795195934666432, 0.0 ], [ 109.739489827699714, -7.795112256495428, 0.0 ], [ 109.739498959066481, -7.795091690522155, 0.0 ], [ 109.739510561432397, -7.795065558969933, 0.0 ], [ 109.739516168572592, -7.795052930177615, 0.0 ], [ 109.739526980827932, -7.795028578317426, 0.0 ], [ 109.739547942608326, -7.794981367590609, 0.0 ], [ 109.739550587884636, -7.794975409796634, 0.0 ], [ 109.739554731963295, -7.794966076252373, 0.0 ], [ 109.739567797358063, -7.794936649425594, 0.0 ], [ 109.739576137420073, -7.794917865541622, 0.0 ], [ 109.739604332219457, -7.794854364347348, 0.0 ], [ 109.739619426303591, -7.794820368860199, 0.0 ], [ 109.739636635802952, -7.794781608523011, 0.0 ], [ 109.739643072737707, -7.794767110998776, 0.0 ], [ 109.739650824978611, -7.794749651015814, 0.0 ], [ 109.739675593938287, -7.794693865548084, 0.0 ], [ 109.739687243390705, -7.794667628062311, 0.0 ], [ 109.739688264667606, -7.794665327900095, 0.0 ], [ 109.739705474149289, -7.794626567557882, 0.0 ], [ 109.739717111324907, -7.794600357819754, 0.0 ], [ 109.739725131454861, -7.794582294603536, 0.0 ], [ 109.739731413675941, -7.794568145456473, 0.0 ], [ 109.739739893365993, -7.794549047135821, 0.0 ], [ 109.739749900170722, -7.794526509127159, 0.0 ], [ 109.739773500819183, -7.794473354535419, 0.0 ], [ 109.739799437863496, -7.794414938167343, 0.0 ], [ 109.739808731659494, -7.794394006172531, 0.0 ], [ 109.739819754299759, -7.794369180096893, 0.0 ], [ 109.739825941081605, -7.794355245788896, 0.0 ], [ 109.739829890274478, -7.79434635123747, 0.0 ], [ 109.739873744204431, -7.794247581707454, 0.0 ], [ 109.739877569919784, -7.794238965214872, 0.0 ], [ 109.739894779308756, -7.794200204806597, 0.0 ], [ 109.739898512716238, -7.794191796214779, 0.0 ], [ 109.739923281600753, -7.794136010720661, 0.0 ], [ 109.739929198476645, -7.794122684385713, 0.0 ], [ 109.739946407857872, -7.794083923973674, 0.0 ], [ 109.739948050097524, -7.794080225222654, 0.0 ], [ 109.739996435904473, -7.79397124864099, 0.0 ], [ 109.739998036635356, -7.793967643392367, 0.0 ], [ 109.740015246002088, -7.793928882975148, 0.0 ], [ 109.7400223563032, -7.793912868715256, 0.0 ], [ 109.740055447703611, -7.793838338776474, 0.0 ], [ 109.740066874683166, -7.793812602326608, 0.0 ], [ 109.740083642339371, -7.793774836889345, 0.0 ], [ 109.740084776135205, -7.793772283284035, 0.0 ], [ 109.740096662441246, -7.793745512184051, 0.0 ], [ 109.740111836964189, -7.793711335410082, 0.0 ], [ 109.740118503142099, -7.793696321478179, 0.0 ], [ 109.74012894633978, -7.793672800470244, 0.0 ], [ 109.740135712514444, -7.793657561081273, 0.0 ], [ 109.740146199702281, -7.793633941149688, 0.0 ], [ 109.740170968511663, -7.793578155629103, 0.0 ], [ 109.740173116595429, -7.793573317573773, 0.0 ], [ 109.740187341082148, -7.793541280370247, 0.0 ], [ 109.740204550461726, -7.793502519990996, 0.0 ], [ 109.740217286617764, -7.79347383487561, 0.0 ], [ 109.740220505727606, -7.793466584578931, 0.0 ], [ 109.740245274514436, -7.793410799050361, 0.0 ], [ 109.740256178982719, -7.793386239258185, 0.0 ], [ 109.740261456856885, -7.793374351933352, 0.0 ], [ 109.740273388329214, -7.793347478857578, 0.0 ], [ 109.740281004512056, -7.793330325231919, 0.0 ], [ 109.740298659181988, -7.79331680643685, 0.0 ], [ 109.740318396428009, -7.793280582241081, 0.0 ], [ 109.740321939995127, -7.793258696534249, 0.0 ], [ 109.74032696054671, -7.793243464394129, 0.0 ], [ 109.74033007074982, -7.793236268647247, 0.0 ], [ 109.740337366346466, -7.793212443333577, 0.0 ], [ 109.74034695624168, -7.793233895712206, 0.0 ], [ 109.740349563253758, -7.793243531607018, 0.0 ], [ 109.740366180291943, -7.793355299407102, 0.0 ], [ 109.740374489356469, -7.793411183308778, 0.0 ], [ 109.740390871998926, -7.793521374492968, 0.0 ], [ 109.740391279190007, -7.793524113276055, 0.0 ], [ 109.740392421009261, -7.793531792709341, 0.0 ], [ 109.740399415468588, -7.793578835011018, 0.0 ], [ 109.740416032519263, -7.793690602811598, 0.0 ], [ 109.740419873703729, -7.793716438127625, 0.0 ], [ 109.740427362512747, -7.793766806394496, 0.0 ], [ 109.740430033136235, -7.793784769148995, 0.0 ], [ 109.740432650116404, -7.793802370614057, 0.0 ], [ 109.740440958643816, -7.793858254514458, 0.0 ], [ 109.740441795617883, -7.793863883871395, 0.0 ], [ 109.740447326414525, -7.793901081891548, 0.0 ], [ 109.740449267717707, -7.793914138416663, 0.0 ], [ 109.740465884780846, -7.794025906217792, 0.0 ], [ 109.740469193989057, -7.794048163497544, 0.0 ], [ 109.740470662159595, -7.79405803850268, 0.0 ], [ 109.740477878927464, -7.794106577029802, 0.0 ], [ 109.740478984364316, -7.794114012245615, 0.0 ], [ 109.74048250239052, -7.794137674020816, 0.0 ], [ 109.740499119462029, -7.794249441822291, 0.0 ], [ 109.740502231854521, -7.79427037465417, 0.0 ], [ 109.740506745497385, -7.794300731652074, 0.0 ], [ 109.740507428543197, -7.794305325724781, 0.0 ], [ 109.740508647561754, -7.794311851506876, 0.0 ], [ 109.740514372344364, -7.794348863638681, 0.0 ], [ 109.740516872210279, -7.794361213001102, 0.0 ], [ 109.740521773061019, -7.794381046313181, 0.0 ], [ 109.740524203339433, -7.794394810463902, 0.0 ], [ 109.740530869122978, -7.79441711381727, 0.0 ], [ 109.740537043957232, -7.794437773594902, 0.0 ], [ 109.740549005488901, -7.794464394321688, 0.0 ], [ 109.740552269498636, -7.79447303664855, 0.0 ], [ 109.740553984320101, -7.794476672296966, 0.0 ], [ 109.74055760413583, -7.79448353117888, 0.0 ], [ 109.740669016294504, -7.794686570522588, 0.0 ], [ 109.740672648266269, -7.794693189427288, 0.0 ], [ 109.740681567693173, -7.794709443789891, 0.0 ], [ 109.740692441593396, -7.794729259757229, 0.0 ], [ 109.740705352170394, -7.794752787817268, 0.0 ], [ 109.740797456058942, -7.79492063926158, 0.0 ], [ 109.74082815833799, -7.794976589743839, 0.0 ], [ 109.740891840911573, -7.795092645670366, 0.0 ], [ 109.740919449588603, -7.795116832143348, 0.0 ], [ 109.740920075381354, -7.79511681208623, 0.0 ], [ 109.740947753071083, -7.795125262941069, 0.0 ], [ 109.740975557668548, -7.795116450002507, 0.0 ], [ 109.740976201328394, -7.795116262467991, 0.0 ], [ 109.741003814780029, -7.795107847266345, 0.0 ], [ 109.741732645240972, -7.794871878596432, 0.0 ], [ 109.741735909650501, -7.79487082171189, 0.0 ], [ 109.741745864117661, -7.794867598792869, 0.0 ], [ 109.741788709096184, -7.794853727104078, 0.0 ], [ 109.741809614960118, -7.794846958629839, 0.0 ], [ 109.741820347596814, -7.794843483871951, 0.0 ], [ 109.741844772946948, -7.794835575846314, 0.0 ], [ 109.741900836795196, -7.794817424146456, 0.0 ], [ 109.741904801214659, -7.794816161746883, 0.0 ], [ 109.741916826173238, -7.794812247455193, 0.0 ], [ 109.741947004459817, -7.794802477041352, 0.0 ], [ 109.741956900637959, -7.794799273018064, 0.0 ], [ 109.741971385988421, -7.794797966961201, 0.0 ], [ 109.741996834728127, -7.794796444317002, 0.0 ], [ 109.742012923362225, -7.794794889655953, 0.0 ], [ 109.742461006048046, -7.794793022196621, 0.0 ], [ 109.742482054591861, -7.794792934343438, 0.0 ], [ 109.742495868978011, -7.794792876760065, 0.0 ], [ 109.742517016389527, -7.794792788492801, 0.0 ], [ 109.742629037074479, -7.794792321529152, 0.0 ], [ 109.742651297096828, -7.794792228611143, 0.0 ], [ 109.742662705619111, -7.794792180923763, 0.0 ], [ 109.742685047419812, -7.794792087663806, 0.0 ], [ 109.742779250172831, -7.794791694947318, 0.0 ], [ 109.74271800000011, -7.795069999999893, 0.0 ], [ 109.742511025515967, -7.795881002455225, 0.0 ], [ 109.742509756429726, -7.795879339241257, 0.0 ], [ 109.742506426173861, -7.795875323890654, 0.0 ], [ 109.742481298232008, -7.795851859027829, 0.0 ], [ 109.742457882288207, -7.795839351396398, 0.0 ], [ 109.742233840379498, -7.795840285094975, 0.0 ], [ 109.742211995445984, -7.795840376187321, 0.0 ], [ 109.742199762388537, -7.795840427166936, 0.0 ], [ 109.742177829904747, -7.795840518622531, 0.0 ], [ 109.741785756615656, -7.795842152275201, 0.0 ], [ 109.741758787146239, -7.795846218237821, 0.0 ], [ 109.741756417735402, -7.795846483957478, 0.0 ], [ 109.741729722680148, -7.795850242046528, 0.0 ], [ 109.741673658684348, -7.795868393414744, 0.0 ], [ 109.741670290222373, -7.795869483982095, 0.0 ], [ 109.741660018602431, -7.795872809618339, 0.0 ], [ 109.741628071363351, -7.795883153095768, 0.0 ], [ 109.741617594683888, -7.795886545066281, 0.0 ], [ 109.741596894104205, -7.795893247006069, 0.0 ], [ 109.74158585216037, -7.795896821860437, 0.0 ], [ 109.741561530681281, -7.795904696168724, 0.0 ], [ 109.741505466673615, -7.795922847703445, 0.0 ], [ 109.741501414130184, -7.795924159762292, 0.0 ], [ 109.741459194970545, -7.795937828564955, 0.0 ], [ 109.741449402663022, -7.795940998938423, 0.0 ], [ 109.741337274628819, -7.795977301966758, 0.0 ], [ 109.741332538028672, -7.795978835493999, 0.0 ], [ 109.741290318860464, -7.79599250427802, 0.0 ], [ 109.741281210606957, -7.795995453177137, 0.0 ], [ 109.741169082550158, -7.796031756156187, 0.0 ], [ 109.741163661892998, -7.796033511151136, 0.0 ], [ 109.741121442716221, -7.796047179916563, 0.0 ], [ 109.741113018516955, -7.796049907338698, 0.0 ], [ 109.741000890437505, -7.796086210268479, 0.0 ], [ 109.740994785723075, -7.796088186733818, 0.0 ], [ 109.740952566537757, -7.796101855480571, 0.0 ], [ 109.740944826393047, -7.796104361429557, 0.0 ], [ 109.740832698291015, -7.79614066431012, 0.0 ], [ 109.740825909519003, -7.796142862241961, 0.0 ], [ 109.740783690325102, -7.796156530970102, 0.0 ], [ 109.740776634235232, -7.796158815446562, 0.0 ], [ 109.740719726404819, -7.796177240044361, 0.0 ], [ 109.740699252263468, -7.796183868740497, 0.0 ], [ 109.740679271900362, -7.796190337500835, 0.0 ], [ 109.740664506111273, -7.796195118038152, 0.0 ], [ 109.740634244864566, -7.796204915421994, 0.0 ], [ 109.74061481405343, -7.796211206359144, 0.0 ], [ 109.740608442043609, -7.796213269344297, 0.0 ], [ 109.740272057558357, -7.796322177015199, 0.0 ], [ 109.740206839232286, -7.796343292030205, 0.0 ], [ 109.740047801159506, -7.796394781967063, 0.0 ], [ 109.740022735724807, -7.796395669225354, 0.0 ], [ 109.740013647814891, -7.796392437494825, 0.0 ], [ 109.73999179260511, -7.796394363747587, 0.0 ], [ 109.739981615873475, -7.796380741500858, 0.0 ], [ 109.739975277310592, -7.796370532629227, 0.0 ], [ 109.739936067884486, -7.796299076653316, 0.0 ], [ 109.739921760151518, -7.796273002083137, 0.0 ], [ 109.739913874607794, -7.796258631556185, 0.0 ], [ 109.73988317309599, -7.796202681017577, 0.0 ], [ 109.739882288753904, -7.796200747127624, 0.0 ], [ 109.739880369435156, -7.796195016448189, 0.0 ], [ 109.739872002793973, -7.796155251398488, 0.0 ], [ 109.739870507730345, -7.796146784151035, 0.0 ], [ 109.739868758752678, -7.796135020463101, 0.0 ], [ 109.739864580467597, -7.796106916730255, 0.0 ], [ 109.739862199193624, -7.796090900249959, 0.0 ], [ 109.739858968640419, -7.796069171877218, 0.0 ], [ 109.739857363799814, -7.796058378177059, 0.0 ], [ 109.739853890424243, -7.796035016348112, 0.0 ], [ 109.739850147254757, -7.796009839501239, 0.0 ], [ 109.739849178423967, -7.796003323184136, 0.0 ], [ 109.739842930716677, -7.795961300822206, 0.0 ], [ 109.739839388261757, -7.795937474549607, 0.0 ], [ 109.739837273187717, -7.795923248545468, 0.0 ], [ 109.73982896470504, -7.795867364644638, 0.0 ], [ 109.73982849766486, -7.79586422343852, 0.0 ], [ 109.739825411490045, -7.795843466064881, 0.0 ], [ 109.739822176962292, -7.795864180421836, 0.0 ], [ 109.739820537398728, -7.795867339566201, 0.0 ], [ 109.739815432264734, -7.795877176188375, 0.0 ], [ 109.739807155489231, -7.795905136007558, 0.0 ], [ 109.739774646948149, -7.79592854714604, 0.0 ], [ 109.73976914605251, -7.795928929004571, 0.0 ], [ 109.739753748992641, -7.795963606968618, 0.0 ], [ 109.739746985977376, -7.795978839029173, 0.0 ], [ 109.73972221700771, -7.796034624487558, 0.0 ], [ 109.739719555244378, -7.79604135373582, 0.0 ], [ 109.739712756291709, -7.796055932203185, 0.0 ], [ 109.739697447977562, -7.796090409943124, 0.0 ], [ 109.739684561396913, -7.796119433724504, 0.0 ], [ 109.739672679232811, -7.796146195396807, 0.0 ], [ 109.739656366491786, -7.796182935433389, 0.0 ], [ 109.73962314112552, -7.796257766294714, 0.0 ], [ 109.739599976654318, -7.796309938186781, 0.0 ], [ 109.739598372230461, -7.796313551740172, 0.0 ], [ 109.739581652237234, -7.796351209180941, 0.0 ], [ 109.739573603318547, -7.796369337182982, 0.0 ], [ 109.739564442546396, -7.796389969398151, 0.0 ], [ 109.73955294512777, -7.796415864583517, 0.0 ], [ 109.73954883455805, -7.796425122623662, 0.0 ], [ 109.739547232985544, -7.796428729750385, 0.0 ], [ 109.739543586775127, -7.796436941852719, 0.0 ], [ 109.739537666080594, -7.796431011850353, 0.0 ], [ 109.739526565257734, -7.796425056333739, 0.0 ], [ 109.739501214729657, -7.796411455863098, 0.0 ], [ 109.73948766328661, -7.796408103192648, 0.0 ], [ 109.739463643078935, -7.796369009857245, 0.0 ], [ 109.739431925005917, -7.796317387844018, 0.0 ], [ 109.739429140305774, -7.796315829841024, 0.0 ], [ 109.739427059365383, -7.796313041783288, 0.0 ], [ 109.739412557532333, -7.796293612248376, 0.0 ], [ 109.739404880306822, -7.796284187666791, 0.0 ], [ 109.739393333548009, -7.796257082215595, 0.0 ], [ 109.739386756817339, -7.796246461915191, 0.0 ], [ 109.739376181492062, -7.796228428253123, 0.0 ], [ 109.739355041345291, -7.796235907241736, 0.0 ], [ 109.739333907000358, -7.796256905297479, 0.0 ], [ 109.73931913278966, -7.796284790894291, 0.0 ], [ 109.73930974325026, -7.796302513252722, 0.0 ], [ 109.739304358692081, -7.796312676490531, 0.0 ], [ 109.739290361920041, -7.796339094708772, 0.0 ], [ 109.739287091325394, -7.796345267724953, 0.0 ], [ 109.739274810141453, -7.79636844767945, 0.0 ], [ 109.73926367993225, -7.796389455385545, 0.0 ], [ 109.739251599086884, -7.796412257450871, 0.0 ], [ 109.739245261837667, -7.796424218865703, 0.0 ], [ 109.739232217754818, -7.796448838912228, 0.0 ], [ 109.739224939270557, -7.796462576527171, 0.0 ], [ 109.739215713247802, -7.796479990047593, 0.0 ], [ 109.739207351873745, -7.796495771932238, 0.0 ], [ 109.73919345513535, -7.79652200188249, 0.0 ], [ 109.739186165213411, -7.796535761227791, 0.0 ], [ 109.739174073782763, -7.796558583329671, 0.0 ], [ 109.739162788599671, -7.796579883906415, 0.0 ], [ 109.739156617126667, -7.7965915324043, 0.0 ], [ 109.73915469256626, -7.79659516491502, 0.0 ], [ 109.73915102378065, -7.796602089476852, 0.0 ], [ 109.739127068267649, -7.796647303575163, 0.0 ], [ 109.739115929531607, -7.796668327490099, 0.0 ], [ 109.739100636652481, -7.796697192494099, 0.0 ], [ 109.739097520185382, -7.796703074744925, 0.0 ], [ 109.739094695659247, -7.79670840592402, 0.0 ], [ 109.739077166864192, -7.796741490442453, 0.0 ], [ 109.73906797151156, -7.796758845909393, 0.0 ], [ 109.739057785343192, -7.796778071731317, 0.0 ], [ 109.739038367506708, -7.796814722206383, 0.0 ], [ 109.739019022653395, -7.796851234674802, 0.0 ], [ 109.739008874920245, -7.79687038823046, 0.0 ], [ 109.738999641310627, -7.796887816150805, 0.0 ], [ 109.738982039322437, -7.796921038550672, 0.0 ], [ 109.738979326176761, -7.796926159384443, 0.0 ], [ 109.738976332555225, -7.796931809717146, 0.0 ], [ 109.738960878321848, -7.796960978806047, 0.0 ], [ 109.738949777892103, -7.796981930536396, 0.0 ], [ 109.738925711104599, -7.797027355543049, 0.0 ], [ 109.73892211562891, -7.797034141767138, 0.0 ], [ 109.738920229492763, -7.79703770168458, 0.0 ], [ 109.738911443533553, -7.797051831598431, 0.0 ], [ 109.738900829164947, -7.797068811881024, 0.0 ], [ 109.73888576291742, -7.797093458180476, 0.0 ], [ 109.738869429632288, -7.797118052436383, 0.0 ], [ 109.73885695097303, -7.797136842557377, 0.0 ], [ 109.738848739693125, -7.797149207056658, 0.0 ], [ 109.738813166030837, -7.797202773363275, 0.0 ], [ 109.738811716554977, -7.797204955928057, 0.0 ], [ 109.738808927359045, -7.797209155823485, 0.0 ], [ 109.738789962082052, -7.797237713133044, 0.0 ], [ 109.738774693166334, -7.797260704793962, 0.0 ], [ 109.738756181463472, -7.797288579224993, 0.0 ], [ 109.73874530276197, -7.797304960139854, 0.0 ], [ 109.7387376698982, -7.797316453655205, 0.0 ], [ 109.738722973134983, -7.797338583679523, 0.0 ], [ 109.738700638759227, -7.797372213913284, 0.0 ], [ 109.738663623317933, -7.797427951362848, 0.0 ], [ 109.738644375085215, -7.797456934809122, 0.0 ], [ 109.738632868918728, -7.797472289559146, 0.0 ], [ 109.741138553016384, -7.798601953663042, 0.0 ], [ 109.741636282073998, -7.798637972302322, 0.0 ], [ 109.741529, -7.798865000999957, 0.0 ], [ 109.741514299039949, -7.798962479568775, 0.0 ], [ 109.740727955499338, -7.798834043482336, 0.0 ], [ 109.737529741711597, -7.797216353108403, 0.0 ], [ 109.736229170176728, -7.796582805219934, 0.0 ], [ 109.736203940946524, -7.796561473410573, 0.0 ], [ 109.736182681048561, -7.796543497853164, 0.0 ], [ 109.736170985110604, -7.796538452036715, 0.0 ], [ 109.73616287115577, -7.796526748239745, 0.0 ], [ 109.736143302751529, -7.796510202764571, 0.0 ], [ 109.736126813061162, -7.79649626048002, 0.0 ], [ 109.736096572152917, -7.796470691251753, 0.0 ], [ 109.736082664574852, -7.796458932112192, 0.0 ], [ 109.736070945086496, -7.796449023104696, 0.0 ], [ 109.736015077124748, -7.796401785720652, 0.0 ], [ 109.735991707311726, -7.796382026145709, 0.0 ], [ 109.735963974201667, -7.796358577252758, 0.0 ], [ 109.735961540724276, -7.796356239649375, 0.0 ], [ 109.735959209175888, -7.796354548334425, 0.0 ], [ 109.735930824679983, -7.796330548748072, 0.0 ], [ 109.735900750132586, -7.796305120119538, 0.0 ], [ 109.735897675234526, -7.796302520241644, 0.0 ], [ 109.735870919456559, -7.796279000616836, 0.0 ], [ 109.735847473316696, -7.79626007357791, 0.0 ], [ 109.735840112010308, -7.796253849444539, 0.0 ], [ 109.735831376273069, -7.796246463222814, 0.0 ], [ 109.735812297904729, -7.796225730806279, 0.0 ], [ 109.735791605406305, -7.796212836197905, 0.0 ], [ 109.735765077326562, -7.796190406196289, 0.0 ], [ 109.73575483725044, -7.796171310139843, 0.0 ], [ 109.735735766449096, -7.796155957661727, 0.0 ], [ 109.73572489123903, -7.796145304986942, 0.0 ], [ 109.735708241396793, -7.79613437741554, 0.0 ], [ 109.7357001372729, -7.796114152662528, 0.0 ], [ 109.735679957744267, -7.796089006227545, 0.0 ], [ 109.735675963020086, -7.796082425638755, 0.0 ], [ 109.735668023648373, -7.796078398247666, 0.0 ], [ 109.735662308628434, -7.796060694759649, 0.0 ], [ 109.73565731354816, -7.796045221581437, 0.0 ], [ 109.735649973899712, -7.79602248526662, 0.0 ], [ 109.735643693959247, -7.796003031111238, 0.0 ], [ 109.735635558577371, -7.795977829581621, 0.0 ], [ 109.735630074375479, -7.795960840637715, 0.0 ], [ 109.735624385717969, -7.79594321864223, 0.0 ], [ 109.735613875189358, -7.79591065930642, 0.0 ], [ 109.73560880887328, -7.795894964740931, 0.0 ], [ 109.73560283533007, -7.795876459580502, 0.0 ], [ 109.735595826078239, -7.795854746326842, 0.0 ], [ 109.735589215674622, -7.795834269184205, 0.0 ], [ 109.735582059130678, -7.795812099857808, 0.0 ], [ 109.735577776493983, -7.79579883334573, 0.0 ], [ 109.735568752066399, -7.795770876856158, 0.0 ], [ 109.735561976779422, -7.795749887990951, 0.0 ], [ 109.735559727561721, -7.795742920366321, 0.0 ], [ 109.735555309787756, -7.79572923536404, 0.0 ], [ 109.735548356983315, -7.795707697742907, 0.0 ], [ 109.73554167781036, -7.795687007384296, 0.0 ], [ 109.735523628969702, -7.795631094405, 0.0 ], [ 109.735521118166503, -7.79562331647812, 0.0 ], [ 109.735513398586775, -7.795599403730775, 0.0 ], [ 109.735507498258016, -7.795581126346093, 0.0 ], [ 109.735505579144757, -7.79557518142246, 0.0 ], [ 109.735501809992201, -7.795563505238797, 0.0 ], [ 109.735493878861178, -7.795538935710177, 0.0 ], [ 109.735487530077833, -7.795519268442041, 0.0 ], [ 109.735469481086184, -7.795463355461726, 0.0 ], [ 109.735466639983144, -7.795454554525534, 0.0 ], [ 109.735457905075521, -7.795427495741815, 0.0 ], [ 109.73545143160591, -7.795407442479796, 0.0 ], [ 109.735448311080859, -7.795397775960049, 0.0 ], [ 109.735439400550931, -7.795370173899022, 0.0 ], [ 109.73543338185506, -7.795351529496938, 0.0 ], [ 109.735415333033629, -7.795295616516611, 0.0 ], [ 109.735412161777404, -7.795285792626459, 0.0 ], [ 109.735402411593711, -7.795255589691385, 0.0 ], [ 109.735398541879661, -7.795243602500205, 0.0 ], [ 109.735397283234121, -7.795239703533246, 0.0 ], [ 109.735379234420094, -7.795183790552732, 0.0 ], [ 109.735371303246993, -7.795159221101174, 0.0 ], [ 109.73536806240061, -7.795149181677347, 0.0 ], [ 109.735361185245168, -7.795127877570867, 0.0 ], [ 109.73535768366807, -7.795117030664822, 0.0 ], [ 109.735346918153468, -7.795083681473072, 0.0 ], [ 109.735343135787176, -7.795071964588054, 0.0 ], [ 109.735342436333809, -7.795067444098899, 0.0 ], [ 109.73533231957154, -7.795030790937887, 0.0 ], [ 109.735330624999492, -7.795016068144502, 0.0 ], [ 109.735334785321911, -7.795003740969077, 0.0 ], [ 109.735335642862495, -7.794971804028831, 0.0 ], [ 109.735338089151995, -7.794960231348805, 0.0 ], [ 109.735340718887329, -7.794953667301977, 0.0 ], [ 109.73534735823857, -7.794937094795475, 0.0 ], [ 109.735358112116884, -7.794915091168057, 0.0 ], [ 109.735360440914619, -7.794904439007747, 0.0 ], [ 109.735382792863476, -7.794848646665127, 0.0 ], [ 109.735387887397778, -7.794832911171459, 0.0 ], [ 109.735403790619756, -7.794796234481938, 0.0 ], [ 109.735405144811693, -7.794792854320186, 0.0 ], [ 109.735405912879699, -7.794790756455331, 0.0 ], [ 109.735419144034296, -7.794752217433803, 0.0 ], [ 109.735425101729959, -7.794737054821823, 0.0 ], [ 109.735431751198931, -7.794709449006275, 0.0 ], [ 109.735431787499664, -7.794708875852591, 0.0 ], [ 109.735442414594445, -7.794681247427123, 0.0 ], [ 109.735443954020212, -7.794665055755845, 0.0 ], [ 109.735446843959124, -7.794638794272432, 0.0 ], [ 109.735448151073882, -7.794625405466975, 0.0 ], [ 109.735449090768881, -7.794614182657825, 0.0 ], [ 109.735452131991565, -7.794577859565911, 0.0 ], [ 109.735452826886274, -7.794569560339673, 0.0 ], [ 109.735462178332313, -7.794457870083125, 0.0 ], [ 109.735462302038172, -7.794456392647499, 0.0 ], [ 109.735466400794067, -7.794407442623073, 0.0 ], [ 109.735466854414724, -7.794402024955384, 0.0 ], [ 109.735476205777573, -7.794290334696389, 0.0 ], [ 109.735477557464947, -7.794274191888573, 0.0 ], [ 109.735479383080701, -7.794252387377477, 0.0 ], [ 109.735480881737502, -7.794234489567074, 0.0 ], [ 109.735482642706657, -7.794213458197963, 0.0 ], [ 109.735483710786099, -7.794200702576525, 0.0 ], [ 109.735485557713602, -7.794178644437406, 0.0 ], [ 109.735494909125691, -7.794066954175462, 0.0 ], [ 109.735496693134778, -7.794045647421085, 0.0 ], [ 109.735497897936384, -7.794031257598096, 0.0 ], [ 109.735499584960479, -7.794011109044265, 0.0 ], [ 109.735504260627792, -7.793955263912194, 0.0 ], [ 109.735505348032717, -7.79394227731905, 0.0 ], [ 109.735508068534827, -7.793909790070731, 0.0 ], [ 109.735508936965772, -7.793899418781757, 0.0 ], [ 109.735509675971144, -7.793890592762863, 0.0 ], [ 109.735513153653059, -7.793849056483907, 0.0 ], [ 109.735513612727885, -7.793843573649115, 0.0 ], [ 109.735522964110856, -7.793731883382447, 0.0 ], [ 109.735523323630787, -7.793727589554266, 0.0 ], [ 109.735526985849035, -7.793683852676776, 0.0 ], [ 109.735527640143047, -7.793676038249481, 0.0 ], [ 109.735532315795723, -7.793620193115087, 0.0 ], [ 109.735533493984761, -7.793606122238564, 0.0 ], [ 109.735535640690003, -7.79358048254726, 0.0 ], [ 109.73553699169851, -7.793564347980993, 0.0 ], [ 109.735538579169997, -7.793545388565462, 0.0 ], [ 109.735539968377708, -7.793528797748343, 0.0 ], [ 109.735541667657969, -7.793508502846755, 0.0 ], [ 109.735546343334534, -7.793452657711203, 0.0 ], [ 109.73554141308054, -7.793431194329043, 0.0 ], [ 109.735519988103462, -7.793404081185786, 0.0 ], [ 109.73550917797256, -7.793441878763826, 0.0 ], [ 109.735503973842228, -7.79345253123363, 0.0 ], [ 109.735497225627981, -7.793475000239082, 0.0 ], [ 109.735498056158448, -7.793486746973727, 0.0 ], [ 109.735477339072858, -7.793508310815168, 0.0 ], [ 109.735470648255372, -7.793515275251764, 0.0 ], [ 109.735463646215024, -7.793514890298378, 0.0 ], [ 109.735447367280429, -7.7935479441031, 0.0 ], [ 109.735439431754699, -7.793564056741303, 0.0 ], [ 109.735431810210201, -7.793588362402259, 0.0 ], [ 109.73542123335443, -7.793606028692185, 0.0 ], [ 109.735414526797328, -7.793619841480275, 0.0 ], [ 109.735412642788702, -7.793625158411663, 0.0 ], [ 109.735407293449782, -7.793629312135725, 0.0 ], [ 109.735391963936763, -7.793660437995168, 0.0 ], [ 109.735384491227663, -7.793675610899008, 0.0 ], [ 109.735373496137768, -7.79369793594568, 0.0 ], [ 109.735362804131341, -7.793719645696344, 0.0 ], [ 109.735357021074918, -7.793731387973653, 0.0 ], [ 109.735355793996831, -7.793736202086739, 0.0 ], [ 109.735350940650122, -7.793743733921201, 0.0 ], [ 109.735336560519414, -7.793772931832597, 0.0 ], [ 109.735318092743583, -7.793810429814575, 0.0 ], [ 109.735309206448648, -7.793828472843738, 0.0 ], [ 109.735302080277521, -7.793842942112129, 0.0 ], [ 109.735299737407288, -7.793848040607695, 0.0 ], [ 109.735294587817563, -7.793858155207884, 0.0 ], [ 109.735281157118578, -7.793885425709306, 0.0 ], [ 109.735274610031809, -7.793898719177323, 0.0 ], [ 109.735262689278798, -7.793922923631905, 0.0 ], [ 109.735255609103518, -7.79393729961442, 0.0 ], [ 109.735247139749688, -7.79395449623924, 0.0 ], [ 109.735238234949136, -7.793972576951114, 0.0 ], [ 109.735225753637906, -7.79399791952484, 0.0 ], [ 109.735207285842876, -7.794035417498343, 0.0 ], [ 109.735202011736689, -7.794046126363708, 0.0 ], [ 109.735192199176737, -7.794066050353899, 0.0 ], [ 109.735188818072231, -7.794072915499811, 0.0 ], [ 109.735181882046447, -7.794086998639224, 0.0 ], [ 109.735170350148678, -7.79411041335361, 0.0 ], [ 109.735164728708071, -7.79412182740614, 0.0 ], [ 109.735151882308472, -7.794147911290564, 0.0 ], [ 109.735148414019875, -7.794154953417634, 0.0 ], [ 109.735137258271777, -7.794177604455244, 0.0 ], [ 109.735114946660531, -7.794222907202467, 0.0 ], [ 109.735109788014285, -7.794233381501984, 0.0 ], [ 109.735096052820154, -7.794261270024001, 0.0 ], [ 109.735082317667604, -7.794289158545372, 0.0 ], [ 109.735068582463157, -7.794317047065754, 0.0 ], [ 109.735059543076787, -7.79433540097691, 0.0 ], [ 109.735054847262845, -7.794344935585431, 0.0 ], [ 109.735040999640702, -7.794373052261828, 0.0 ], [ 109.735027376709752, -7.794400712622017, 0.0 ], [ 109.73502260724571, -7.794410396731892, 0.0 ], [ 109.735012823133985, -7.794430262883976, 0.0 ], [ 109.734999906466314, -7.794456489656461, 0.0 ], [ 109.734986171252643, -7.794484378172249, 0.0 ], [ 109.734985671605074, -7.794485392682641, 0.0 ], [ 109.73497243599337, -7.794512266687198, 0.0 ], [ 109.734956470093778, -7.794544684461772, 0.0 ], [ 109.734948735803385, -7.794560388484872, 0.0 ], [ 109.734944965552856, -7.794568043714952, 0.0 ], [ 109.734931230374599, -7.794595932227711, 0.0 ], [ 109.734930267928135, -7.794597886414766, 0.0 ], [ 109.734911800111306, -7.794635384404952, 0.0 ], [ 109.73490011701854, -7.794659106227342, 0.0 ], [ 109.734893332216245, -7.79467288231581, 0.0 ], [ 109.734890024837213, -7.794679597761645, 0.0 ], [ 109.734880426034678, -7.794699087451602, 0.0 ], [ 109.734874864289566, -7.794710380202566, 0.0 ], [ 109.73486255425054, -7.794735374779691, 0.0 ], [ 109.734856396324858, -7.794747878052092, 0.0 ], [ 109.734843763910419, -7.794773527481127, 0.0 ], [ 109.734837928480871, -7.794785376023762, 0.0 ], [ 109.734835083873946, -7.794791151795379, 0.0 ], [ 109.734826828234176, -7.79480791433156, 0.0 ], [ 109.734819460549261, -7.794822873909512, 0.0 ], [ 109.734807613420415, -7.794846928807734, 0.0 ], [ 109.734787410766998, -7.7948879489616, 0.0 ], [ 109.734782524737042, -7.79489786974185, 0.0 ], [ 109.734780142933914, -7.794902705816856, 0.0 ], [ 109.734773230496373, -7.794916741109285, 0.0 ], [ 109.734764056828453, -7.794935367659134, 0.0 ], [ 109.73475267255138, -7.794958482823356, 0.0 ], [ 109.734745588947334, -7.794972865604286, 0.0 ], [ 109.734731057589343, -7.795002370393465, 0.0 ], [ 109.73472712094437, -7.79501036343109, 0.0 ], [ 109.7347196326523, -7.79502556794638, 0.0 ], [ 109.734708653071323, -7.795047861389682, 0.0 ], [ 109.73469773149688, -7.795070036826104, 0.0 ], [ 109.734689903514649, -7.795085076736861, 0.0 ], [ 109.734674718783907, -7.795111995754938, 0.0 ], [ 109.734667959372274, -7.795119086936043, 0.0 ], [ 109.73466152479358, -7.795125787721267, 0.0 ], [ 109.734554148678612, -7.79523718502778, 0.0 ], [ 109.734530701743907, -7.795261509958535, 0.0 ], [ 109.73450616455915, -7.795286965801963, 0.0 ], [ 109.734503247605616, -7.795289991944902, 0.0 ], [ 109.734500460244462, -7.79529288366614, 0.0 ], [ 109.734464825575728, -7.795307469762403, 0.0 ], [ 109.734450098787775, -7.795305681000163, 0.0 ], [ 109.734441184779698, -7.795301608795022, 0.0 ], [ 109.734418731334713, -7.795292639434527, 0.0 ], [ 109.734404374520565, -7.795282408623129, 0.0 ], [ 109.734394161850759, -7.795281515766883, 0.0 ], [ 109.73437403029294, -7.79527240106298, 0.0 ], [ 109.734363553421161, -7.795267184615034, 0.0 ], [ 109.734338224628544, -7.795257447902451, 0.0 ], [ 109.734323864595353, -7.795250838121519, 0.0 ], [ 109.73429250404071, -7.795236403134611, 0.0 ], [ 109.734285772542748, -7.795232908661401, 0.0 ], [ 109.734282292453287, -7.795231702839846, 0.0 ], [ 109.734273666942229, -7.795227732600625, 0.0 ], [ 109.734247134832785, -7.795215520145236, 0.0 ], [ 109.734226360285774, -7.795205957793672, 0.0 ], [ 109.734208769977229, -7.79519786113009, 0.0 ], [ 109.73417035477857, -7.795180178991344, 0.0 ], [ 109.734132040224011, -7.795162543145626, 0.0 ], [ 109.734109280161363, -7.795152066908337, 0.0 ], [ 109.73409367534822, -7.795144884153822, 0.0 ], [ 109.734067313145914, -7.795132749818313, 0.0 ], [ 109.734055310526145, -7.795127225107391, 0.0 ], [ 109.734002631693627, -7.795102977545597, 0.0 ], [ 109.733974665628324, -7.795090105015573, 0.0 ], [ 109.733940215903587, -7.795074248134127, 0.0 ], [ 109.733926056362392, -7.795067730614159, 0.0 ], [ 109.733901851083601, -7.795056589091935, 0.0 ], [ 109.733860959542298, -7.795037767037727, 0.0 ], [ 109.733834835331294, -7.795025742283482, 0.0 ], [ 109.733803907379823, -7.795011506380938, 0.0 ], [ 109.733786756592437, -7.795003611995846, 0.0 ], [ 109.733778903226124, -7.794999997141336, 0.0 ], [ 109.733722971128586, -7.794974252047949, 0.0 ], [ 109.733710026932357, -7.794968293929814, 0.0 ], [ 109.733667039038821, -7.794948506961199, 0.0 ], [ 109.733633297289941, -7.794932975855159, 0.0 ], [ 109.733611106957184, -7.79492276177093, 0.0 ], [ 109.73359466993287, -7.794915577085337, 0.0 ], [ 109.733559609370104, -7.794899057823359, 0.0 ], [ 109.733555174882895, -7.794897016665032, 0.0 ], [ 109.733552067905634, -7.794895933391441, 0.0 ], [ 109.733513993981248, -7.794884171190338, 0.0 ], [ 109.733499221508922, -7.794878358590686, 0.0 ], [ 109.733387287296537, -7.794850182521025, 0.0 ], [ 109.733381272632329, -7.794848668513114, 0.0 ], [ 109.733357137596002, -7.794842593281638, 0.0 ], [ 109.733336470587844, -7.794837391022461, 0.0 ], [ 109.73332275066592, -7.794833937450058, 0.0 ], [ 109.733275353103181, -7.794822006540691, 0.0 ], [ 109.733244848578138, -7.794814327917776, 0.0 ], [ 109.733219386014042, -7.794807918470675, 0.0 ], [ 109.733163418929578, -7.794793830445704, 0.0 ], [ 109.733157262675647, -7.794792280790267, 0.0 ], [ 109.733132559741946, -7.794786062526968, 0.0 ], [ 109.733112460756175, -7.794781003168018, 0.0 ], [ 109.73309911771868, -7.794777644449072, 0.0 ], [ 109.732907982093892, -7.794729531663056, 0.0 ], [ 109.732771649475126, -7.794695213921491, 0.0 ], [ 109.73275404506245, -7.79469078249496, 0.0 ], [ 109.73272639643784, -7.794683822661771, 0.0 ], [ 109.732715682429998, -7.794681125696351, 0.0 ], [ 109.732709243202265, -7.794679504807696, 0.0 ], [ 109.732683404514816, -7.794673000689618, 0.0 ], [ 109.732659715389175, -7.794667037665127, 0.0 ], [ 109.732458826717973, -7.794616469605627, 0.0 ], [ 109.732435847275354, -7.794610685164637, 0.0 ], [ 109.73242465664724, -7.794605190269313, 0.0 ], [ 109.732399377706926, -7.794596845837524, 0.0 ], [ 109.732379934545975, -7.794578556092784, 0.0 ], [ 109.73237103309269, -7.794569253295403, 0.0 ], [ 109.732366966596373, -7.794560335654411, 0.0 ], [ 109.732355794162231, -7.794504443191808, 0.0 ], [ 109.732354270254589, -7.794496819563506, 0.0 ], [ 109.732417, -7.79422, 0.0 ], [ 109.732583936266749, -7.793642372076581, 0.0 ], [ 109.732584457272438, -7.793644978508219, 0.0 ], [ 109.732591863660858, -7.793682030122569, 0.0 ], [ 109.732598466482557, -7.793715061343184, 0.0 ], [ 109.73260008293316, -7.793723147859015, 0.0 ], [ 109.732622427912048, -7.793834932779186, 0.0 ], [ 109.732626484550835, -7.793855226652735, 0.0 ], [ 109.732629028755653, -7.793867954262527, 0.0 ], [ 109.732638320034042, -7.793914435296857, 0.0 ], [ 109.732640493741556, -7.793925309458633, 0.0 ], [ 109.732644773138148, -7.793946717700329, 0.0 ], [ 109.732655945633951, -7.794002610160566, 0.0 ], [ 109.732656902572714, -7.794007397384787, 0.0 ], [ 109.732661531882528, -7.794030556390723, 0.0 ], [ 109.732667118131559, -7.794058502620855, 0.0 ], [ 109.732668511827001, -7.794065474768594, 0.0 ], [ 109.732675485153905, -7.794100359437394, 0.0 ], [ 109.732682521060454, -7.794135557610339, 0.0 ], [ 109.732684776422943, -7.794146840487931, 0.0 ], [ 109.732689218163699, -7.794169060869818, 0.0 ], [ 109.732700635872135, -7.79422618000265, 0.0 ], [ 109.732703358958588, -7.794239802589051, 0.0 ], [ 109.732710539163023, -7.794275722920675, 0.0 ], [ 109.732712650196987, -7.794286283675241, 0.0 ], [ 109.732721941583591, -7.794332764612872, 0.0 ], [ 109.732722981095634, -7.79433796492419, 0.0 ], [ 109.732727609330169, -7.794348876845349, 0.0 ], [ 109.732734596141739, -7.794375911473931, 0.0 ], [ 109.732748451330139, -7.794393900164003, 0.0 ], [ 109.732765214183303, -7.794401250247089, 0.0 ], [ 109.732772526539918, -7.794403651313483, 0.0 ], [ 109.732958189590363, -7.794450386689348, 0.0 ], [ 109.733182767611481, -7.794506917506035, 0.0 ], [ 109.733332196890828, -7.794544531911731, 0.0 ], [ 109.733345921173793, -7.794549561996499, 0.0 ], [ 109.733385576207766, -7.794560808878184, 0.0 ], [ 109.733388154853046, -7.794561646398974, 0.0 ], [ 109.733391969450267, -7.794563402229731, 0.0 ], [ 109.733427311799659, -7.794580259342569, 0.0 ], [ 109.733444086872282, -7.794587391486167, 0.0 ], [ 109.733500018899363, -7.794613136570289, 0.0 ], [ 109.733555950933763, -7.794638881797014, 0.0 ], [ 109.733667815026777, -7.794690371930297, 0.0 ], [ 109.733723747084497, -7.794716117141346, 0.0 ], [ 109.733735503496121, -7.794720269315875, 0.0 ], [ 109.733758416358981, -7.794732075111252, 0.0 ], [ 109.733779679150473, -7.79474186219059, 0.0 ], [ 109.733795609685586, -7.794748092744094, 0.0 ], [ 109.733813540564412, -7.794754291225909, 0.0 ], [ 109.733835621148529, -7.794764305409747, 0.0 ], [ 109.733857541299955, -7.79476636305832, 0.0 ], [ 109.733887682177155, -7.794788320620355, 0.0 ], [ 109.733890431510488, -7.794789449345452, 0.0 ], [ 109.733891553493535, -7.794789962637332, 0.0 ], [ 109.733893404415326, -7.794790184341541, 0.0 ], [ 109.733897987004298, -7.79478835142626, 0.0 ], [ 109.734059559824914, -7.794620728014094, 0.0 ], [ 109.734087013878678, -7.794592245994944, 0.0 ], [ 109.734112739200199, -7.794565557123563, 0.0 ], [ 109.73411627672813, -7.794561887119357, 0.0 ], [ 109.734172461312014, -7.794503599125089, 0.0 ], [ 109.734220115862215, -7.79445415991869, 0.0 ], [ 109.734224283948521, -7.794449835710154, 0.0 ], [ 109.734228645882254, -7.794445310447178, 0.0 ], [ 109.734453384006812, -7.794212155634276, 0.0 ], [ 109.734471369471535, -7.794193496680458, 0.0 ], [ 109.734488555643409, -7.794175666740318, 0.0 ], [ 109.734509568498751, -7.794153866902596, 0.0 ], [ 109.734524487128027, -7.794134736303886, 0.0 ], [ 109.734534951611053, -7.79411994629095, 0.0 ], [ 109.734547670666018, -7.79410196965586, 0.0 ], [ 109.734565818833971, -7.794073652344777, 0.0 ], [ 109.734568950710397, -7.794067293221836, 0.0 ], [ 109.734574908246543, -7.794055196860958, 0.0 ], [ 109.734587418674522, -7.794029795399161, 0.0 ], [ 109.734605886526225, -7.793992297461445, 0.0 ], [ 109.734624354495352, -7.793954799648949, 0.0 ], [ 109.734625418448715, -7.793952639352126, 0.0 ], [ 109.734652888597566, -7.793896862343103, 0.0 ], [ 109.734661290049686, -7.793879803646255, 0.0 ], [ 109.73467975801087, -7.793842305829641, 0.0 ], [ 109.73468210361635, -7.793837543200245, 0.0 ], [ 109.734698225803641, -7.793804807849122, 0.0 ], [ 109.734716693710808, -7.793767309987476, 0.0 ], [ 109.734735161493106, -7.793729812000971, 0.0 ], [ 109.734753629436355, -7.793692314175487, 0.0 ], [ 109.73477209725165, -7.793654816228387, 0.0 ], [ 109.734776505416093, -7.793645865767835, 0.0 ], [ 109.734790240696597, -7.793617977255849, 0.0 ], [ 109.734809032951915, -7.793579820408002, 0.0 ], [ 109.734827500836914, -7.793542322537938, 0.0 ], [ 109.734842896251479, -7.793511062804892, 0.0 ], [ 109.734845181265143, -7.793506423198726, 0.0 ], [ 109.7348475837601, -7.793501545015888, 0.0 ], [ 109.734864436350307, -7.793467326540281, 0.0 ], [ 109.734882904227305, -7.793429828666017, 0.0 ], [ 109.734896493491419, -7.793402236225047, 0.0 ], [ 109.734901371985643, -7.793392330676661, 0.0 ], [ 109.734919839895653, -7.793354832841822, 0.0 ], [ 109.734938307677623, -7.79331733488219, 0.0 ], [ 109.734950091294237, -7.793293409042589, 0.0 ], [ 109.734956775564712, -7.793279837028336, 0.0 ], [ 109.734975243298948, -7.793242339023662, 0.0 ], [ 109.734993711150665, -7.793204841141004, 0.0 ], [ 109.735003688603229, -7.793184582306845, 0.0 ], [ 109.735012178896127, -7.793167343149775, 0.0 ], [ 109.735030646787081, -7.79312984530656, 0.0 ], [ 109.735037473531889, -7.793115983902754, 0.0 ], [ 109.735064943558044, -7.793060206847381, 0.0 ], [ 109.735067582178758, -7.793054849242425, 0.0 ], [ 109.7350860500555, -7.793017351395025, 0.0 ], [ 109.735104517807301, -7.79297985342276, 0.0 ], [ 109.735110883356029, -7.79296692857729, 0.0 ], [ 109.735122985648729, -7.792942355543286, 0.0 ], [ 109.735141453346529, -7.792904857526075, 0.0 ], [ 109.735159921168091, -7.792867359630852, 0.0 ], [ 109.735164480677852, -7.79285810169965, 0.0 ], [ 109.735178388892734, -7.792829861640006, 0.0 ], [ 109.735196856747265, -7.792792363784203, 0.0 ], [ 109.73521532447387, -7.792754865803647, 0.0 ], [ 109.735218078146815, -7.792749274632693, 0.0 ], [ 109.735229765316788, -7.792725544455108, 0.0 ], [ 109.735242053210428, -7.792700594366306, 0.0 ], [ 109.735257235366745, -7.792669767378267, 0.0 ], [ 109.735270229536297, -7.792643383218313, 0.0 ], [ 109.735289195430155, -7.792604873945177, 0.0 ], [ 109.735307663097856, -7.792567375915302, 0.0 ], [ 109.735325272453579, -7.792531621002589, 0.0 ], [ 109.735325910901608, -7.792530324674005, 0.0 ], [ 109.735344598586806, -7.792492380017165, 0.0 ], [ 109.735363066408084, -7.792454882148802, 0.0 ], [ 109.735378869794715, -7.792422793939166, 0.0 ], [ 109.735381534098281, -7.792417384149075, 0.0 ], [ 109.735400001868683, -7.792379886235745, 0.0 ], [ 109.73541846951106, -7.792342388194258, 0.0 ], [ 109.735432466998404, -7.79231396696717, 0.0 ], [ 109.735436937286522, -7.792304890287805, 0.0 ], [ 109.735449526774758, -7.792279327757718, 0.0 ], [ 109.735467463569336, -7.79224290745189, 0.0 ], [ 109.735476996740573, -7.79222355065611, 0.0 ], [ 109.735486063861543, -7.792205140290121, 0.0 ], [ 109.735492340314039, -7.792192396284093, 0.0 ], [ 109.735510807981498, -7.792154898281064, 0.0 ], [ 109.735529275772606, -7.792117400400154, 0.0 ], [ 109.735539661212428, -7.792096313087974, 0.0 ], [ 109.735547743413989, -7.792079902374835, 0.0 ], [ 109.735566211151095, -7.792042404448914, 0.0 ], [ 109.735584678763345, -7.792004906394913, 0.0 ], [ 109.735593258216483, -7.791987486184004, 0.0 ], [ 109.735603146517988, -7.791967408488895, 0.0 ], [ 109.735614347556705, -7.791944665104953, 0.0 ], [ 109.735597565162408, -7.791927523964116, 0.0 ], [ 109.735580437967755, -7.79192426973339, 0.0 ], [ 109.73556175279424, -7.791925877827737, 0.0 ], [ 109.735543826464649, -7.791925106479072, 0.0 ], [ 109.735524422429904, -7.791926409452662, 0.0 ], [ 109.735468384221846, -7.791936104250285, 0.0 ], [ 109.735422215831065, -7.791944091675814, 0.0 ], [ 109.735413924569357, -7.791945640784737, 0.0 ], [ 109.73541234601187, -7.791945799215029, 0.0 ], [ 109.735410229821539, -7.791946165326799, 0.0 ], [ 109.735366197936244, -7.791953782993209, 0.0 ], [ 109.735342176593903, -7.791957938807026, 0.0 ], [ 109.735318568873026, -7.791962023093228, 0.0 ], [ 109.735272250481344, -7.791970036375607, 0.0 ], [ 109.73522331066907, -7.791978503198413, 0.0 ], [ 109.735206069972975, -7.791981485887823, 0.0 ], [ 109.73517568154071, -7.791986743213229, 0.0 ], [ 109.735138016601539, -7.791993259469008, 0.0 ], [ 109.735128052488975, -7.791994983306902, 0.0 ], [ 109.73510481605021, -7.79199900327295, 0.0 ], [ 109.735080423318124, -7.792003223271476, 0.0 ], [ 109.735069963399866, -7.792005032870738, 0.0 ], [ 109.7350327941556, -7.792011463243374, 0.0 ], [ 109.735001910146195, -7.792016806309333, 0.0 ], [ 109.734985165079024, -7.792019703297297, 0.0 ], [ 109.734936021171876, -7.792028205370279, 0.0 ], [ 109.734889906870038, -7.792036183332931, 0.0 ], [ 109.734865803519867, -7.792040353261732, 0.0 ], [ 109.734842277722038, -7.792044423301739, 0.0 ], [ 109.734794648672448, -7.792052663362266, 0.0 ], [ 109.734739887384407, -7.792062137147742, 0.0 ], [ 109.734683849155942, -7.792071832013865, 0.0 ], [ 109.734628715539415, -7.792081370195135, 0.0 ], [ 109.734604132109652, -7.792085623193738, 0.0 ], [ 109.734593590295376, -7.792087446972898, 0.0 ], [ 109.734571772695503, -7.792091221486254, 0.0 ], [ 109.734549094767374, -7.792086430397044, 0.0 ], [ 109.734537966836101, -7.792086897854257, 0.0 ], [ 109.734515803731796, -7.792077850118313, 0.0 ], [ 109.734503904025061, -7.79205306786313, 0.0 ], [ 109.734490473864739, -7.79202509820984, 0.0 ], [ 109.734471542554175, -7.79198567174006, 0.0 ], [ 109.734460142741057, -7.791961930513779, 0.0 ], [ 109.734409892832645, -7.79185728028621, 0.0 ], [ 109.734399072844155, -7.791834746610709, 0.0 ], [ 109.734388983865927, -7.791813735217014, 0.0 ], [ 109.734380955504164, -7.79179701525086, 0.0 ], [ 109.734369602435763, -7.79177337132236, 0.0 ], [ 109.734315881713243, -7.791661492700725, 0.0 ], [ 109.734308485872518, -7.791646090095742, 0.0 ], [ 109.73429315992739, -7.791614172074328, 0.0 ], [ 109.734289021524873, -7.791605553389362, 0.0 ], [ 109.734236016345463, -7.791495164877462, 0.0 ], [ 109.734217898965269, -7.791457433576043, 0.0 ], [ 109.734199781644193, -7.791419702222745, 0.0 ], [ 109.734181838184881, -7.791382333123304, 0.0 ], [ 109.734127859702539, -7.79126991750391, 0.0 ], [ 109.734109194815474, -7.791231045696682, 0.0 ], [ 109.734100999557668, -7.791213978187631, 0.0 ], [ 109.734047278959324, -7.79110209955194, 0.0 ], [ 109.734036725356447, -7.791080120522447, 0.0 ], [ 109.734025607037481, -7.791056965301849, 0.0 ], [ 109.734020418814367, -7.791046160233538, 0.0 ], [ 109.734043256363478, -7.791018646262579, 0.0 ], [ 109.734070986756265, -7.790993952059779, 0.0 ], [ 109.734072867582512, -7.790992328795779, 0.0 ], [ 109.734075644142294, -7.790990466161857, 0.0 ], [ 109.73412710011786, -7.790959193654122, 0.0 ], [ 109.734167105555855, -7.790934880332889, 0.0 ], [ 109.734177087572945, -7.790928813765106, 0.0 ], [ 109.734183211498603, -7.790925091936604, 0.0 ], [ 109.734239322871403, -7.790890990070872, 0.0 ], [ 109.734258566928602, -7.790879294480085, 0.0 ], [ 109.734281416263556, -7.79086540779072, 0.0 ], [ 109.734316192489402, -7.790844272459108, 0.0 ], [ 109.734350028503655, -7.790823708604149, 0.0 ], [ 109.734407656939112, -7.790788684698528, 0.0 ], [ 109.734420521141629, -7.79078086644346, 0.0 ], [ 109.73444148983215, -7.790768122703864, 0.0 ], [ 109.734463768278189, -7.790754582936289, 0.0 ], [ 109.734519879609309, -7.790720481029152, 0.0 ], [ 109.734575990931759, -7.790686379248974, 0.0 ], [ 109.73463210224628, -7.790652277320631, 0.0 ], [ 109.734688213552047, -7.790618175522631, 0.0 ], [ 109.734744324849927, -7.790584073576402, 0.0 ], [ 109.734800436139054, -7.790549971760497, 0.0 ], [ 109.734856547420279, -7.790515869796431, 0.0 ], [ 109.734912658692735, -7.790481767962609, 0.0 ], [ 109.734933941821353, -7.79046910946749, 0.0 ], [ 109.734942431764736, -7.790464104583195, 0.0 ], [ 109.734968768899904, -7.790448018278826, 0.0 ], [ 109.734981090341932, -7.790446864465972, 0.0 ], [ 109.735016524826477, -7.790442931351687, 0.0 ], [ 109.735024795478012, -7.790442131092121, 0.0 ], [ 109.735585020224278, -7.790396930796856, 0.0 ], [ 109.735600202244669, -7.790395705845483, 0.0 ], [ 109.735628210928738, -7.790393446016682, 0.0 ], [ 109.73564104269893, -7.790392410694753, 0.0 ], [ 109.735781098885127, -7.790381110516341, 0.0 ], [ 109.735806944113932, -7.790379025229371, 0.0 ], [ 109.735811672936265, -7.790378643685873, 0.0 ], [ 109.735858629465469, -7.7903748549431, 0.0 ], [ 109.735865132597255, -7.790374330236195, 0.0 ], [ 109.735977177546133, -7.79036529003583, 0.0 ], [ 109.735995135090548, -7.790363841128213, 0.0 ], [ 109.736013685852456, -7.790362344379848, 0.0 ], [ 109.736033200020671, -7.790360769867572, 0.0 ], [ 109.736313312392625, -7.790338169132363, 0.0 ], [ 109.736324108783705, -7.790337634260732, 0.0 ], [ 109.736361801594839, -7.790334491349907, 0.0 ], [ 109.736369333539244, -7.790334091843354, 0.0 ], [ 109.736378145157175, -7.790335822705111, 0.0 ], [ 109.736422013261574, -7.790330491350573, 0.0 ], [ 109.736425348759056, -7.790331991605754, 0.0 ] ], [ [ 109.734680374689859, -7.791778642677626, 0.0 ], [ 109.734684727448879, -7.791779320035793, 0.0 ], [ 109.734713180714579, -7.791774397523796, 0.0 ], [ 109.734740765637113, -7.791769625244135, 0.0 ], [ 109.734768784730534, -7.791764777884215, 0.0 ], [ 109.734784255375516, -7.791762101436086, 0.0 ], [ 109.734796803823684, -7.791759930515898, 0.0 ], [ 109.734814733271989, -7.791756828642644, 0.0 ], [ 109.73483188442863, -7.791753861403854, 0.0 ], [ 109.734852842009204, -7.791750235653496, 0.0 ], [ 109.73488278655168, -7.791745055163523, 0.0 ], [ 109.734908880193046, -7.791740540880435, 0.0 ], [ 109.734927142597044, -7.79173738139714, 0.0 ], [ 109.734950839807439, -7.791733281688906, 0.0 ], [ 109.734964918375653, -7.791730846031527, 0.0 ], [ 109.734974771675027, -7.791729141383625, 0.0 ], [ 109.735070029827952, -7.79171266133319, 0.0 ], [ 109.735086946296988, -7.791709734727764, 0.0 ], [ 109.735117658958885, -7.79170442135148, 0.0 ], [ 109.73513303291449, -7.791701761599727, 0.0 ], [ 109.735154999502683, -7.791697961263758, 0.0 ], [ 109.735165288011018, -7.791696181292595, 0.0 ], [ 109.73518928062451, -7.791692030446415, 0.0 ], [ 109.73521709017929, -7.791687219289411, 0.0 ], [ 109.735223052762549, -7.791686187733291, 0.0 ], [ 109.735245109266813, -7.79168237187026, 0.0 ], [ 109.735260546161939, -7.791679701203429, 0.0 ], [ 109.735291106010934, -7.791674414204229, 0.0 ], [ 109.735301147440865, -7.791672676980856, 0.0 ], [ 109.735347980984159, -7.791664574629537, 0.0 ], [ 109.735357185613211, -7.791662982193669, 0.0 ], [ 109.735403433371374, -7.79165498101746, 0.0 ], [ 109.735413223784647, -7.791653287217351, 0.0 ], [ 109.735469261954165, -7.791643592401581, 0.0 ], [ 109.73552530012266, -7.791633897454959, 0.0 ], [ 109.735553319206204, -7.791629050024024, 0.0 ], [ 109.735563318924179, -7.791627320017549, 0.0 ], [ 109.735581338289435, -7.79162420257816, 0.0 ], [ 109.735593949673515, -7.791622020729234, 0.0 ], [ 109.735641578737159, -7.791613780630075, 0.0 ], [ 109.735689207731454, -7.791605540463468, 0.0 ], [ 109.735693414619291, -7.791604812642423, 0.0 ], [ 109.73569942548859, -7.791603772732227, 0.0 ], [ 109.735736836845874, -7.791597300408197, 0.0 ], [ 109.735767478625419, -7.791591999215933, 0.0 ], [ 109.735784465943738, -7.791589060331067, 0.0 ], [ 109.735805490942866, -7.791585422885902, 0.0 ], [ 109.735833510022971, -7.791580575402993, 0.0 ], [ 109.735861529102692, -7.791575727934349, 0.0 ], [ 109.735879724080462, -7.791572580104488, 0.0 ], [ 109.735903585030314, -7.79156845200983, 0.0 ], [ 109.735917567260998, -7.791566033004074, 0.0 ], [ 109.735927353137967, -7.791564339977799, 0.0 ], [ 109.735973605418025, -7.79155633803039, 0.0 ], [ 109.7359748192507, -7.7915559363567, 0.0 ], [ 109.735976889572129, -7.791554733153961, 0.0 ], [ 109.735976833785585, -7.791551527655427, 0.0 ], [ 109.735977827675853, -7.791502928031375, 0.0 ], [ 109.735977763065875, -7.791498876653213, 0.0 ], [ 109.735977568114293, -7.791495107147118, 0.0 ], [ 109.735974828218744, -7.791442130896653, 0.0 ], [ 109.735971984030243, -7.791387141198958, 0.0 ], [ 109.735969094761117, -7.791331273472443, 0.0 ], [ 109.735968811798628, -7.791325802239897, 0.0 ], [ 109.73596660867041, -7.79128320199974, 0.0 ], [ 109.735966205463484, -7.791275405745825, 0.0 ], [ 109.735965755678237, -7.7912667093112, 0.0 ], [ 109.735963868670098, -7.791230225849247, 0.0 ], [ 109.735963315888071, -7.791219538018371, 0.0 ], [ 109.735962699314982, -7.791207616142101, 0.0 ], [ 109.735961128863309, -7.791177249504978, 0.0 ], [ 109.735960426574053, -7.791163670291658, 0.0 ], [ 109.73595964315011, -7.791148523174307, 0.0 ], [ 109.735958388893536, -7.791124273325314, 0.0 ], [ 109.735957537013377, -7.791107802564134, 0.0 ], [ 109.735954647742133, -7.791051934837489, 0.0 ], [ 109.735953530756802, -7.791030337170428, 0.0 ], [ 109.735952909302924, -7.791018320613977, 0.0 ], [ 109.735951758398741, -7.790996067110554, 0.0 ], [ 109.735950313630312, -7.790968133246765, 0.0 ], [ 109.73595016938205, -7.790965344382558, 0.0 ], [ 109.735948868864838, -7.790940199383082, 0.0 ], [ 109.735947418268353, -7.790912151072181, 0.0 ], [ 109.735945979501949, -7.790884331655962, 0.0 ], [ 109.735944534742401, -7.790856397792195, 0.0 ], [ 109.735944362010997, -7.79085305801325, 0.0 ], [ 109.735943089985895, -7.790828463928393, 0.0 ], [ 109.73594020071252, -7.79077259620153, 0.0 ], [ 109.735939209954111, -7.790753439201502, 0.0 ], [ 109.735938249671946, -7.790734872070618, 0.0 ], [ 109.735937311323411, -7.790716728474282, 0.0 ], [ 109.73593647005319, -7.790700462947293, 0.0 ], [ 109.73593519341631, -7.790675779011578, 0.0 ], [ 109.735934421831004, -7.79066086074665, 0.0 ], [ 109.735930605510376, -7.790650584388922, 0.0 ], [ 109.735920343337952, -7.790640469324989, 0.0 ], [ 109.735897936088307, -7.790627279551297, 0.0 ], [ 109.735888230660152, -7.790628660866359, 0.0 ], [ 109.735864385432095, -7.790623449266325, 0.0 ], [ 109.735845576293926, -7.790623495277085, 0.0 ], [ 109.73582871707562, -7.790624977045912, 0.0 ], [ 109.735808371802563, -7.790625009284915, 0.0 ], [ 109.735752349294913, -7.79062952936877, 0.0 ], [ 109.735696326787163, -7.790634049480667, 0.0 ], [ 109.734968034186224, -7.79069280984209, 0.0 ], [ 109.734953092218916, -7.790698907557442, 0.0 ], [ 109.734912211199358, -7.790713917885919, 0.0 ], [ 109.734911961641956, -7.790713999882475, 0.0 ], [ 109.734877391796587, -7.790735009917696, 0.0 ], [ 109.734855850335066, -7.790748101846857, 0.0 ], [ 109.734821042967013, -7.790769256132053, 0.0 ], [ 109.734799739020232, -7.790782203682497, 0.0 ], [ 109.734771683359483, -7.790799254663346, 0.0 ], [ 109.734743627696758, -7.790816305616008, 0.0 ], [ 109.734703510772803, -7.790840686779671, 0.0 ], [ 109.734683850975685, -7.790852635108428, 0.0 ], [ 109.734668734589519, -7.79086182216902, 0.0 ], [ 109.734633958381281, -7.790882957535517, 0.0 ], [ 109.734620745793222, -7.790890987514596, 0.0 ], [ 109.734599182132584, -7.790904092862773, 0.0 ], [ 109.734575293677011, -7.790918611133019, 0.0 ], [ 109.734546658918944, -7.790936014031325, 0.0 ], [ 109.734529629712526, -7.790946363594744, 0.0 ], [ 109.734519182320184, -7.79095271302755, 0.0 ], [ 109.734494853466643, -7.790967498921467, 0.0 ], [ 109.734463070955414, -7.790986814812796, 0.0 ], [ 109.734425301018092, -7.791009769623062, 0.0 ], [ 109.734406959581975, -7.791020916673198, 0.0 ], [ 109.734390524768827, -7.79103090494598, 0.0 ], [ 109.734363736039924, -7.791047185845057, 0.0 ], [ 109.73435693996781, -7.791053235666694, 0.0 ], [ 109.734339847695537, -7.791075044027885, 0.0 ], [ 109.734332358529841, -7.791084599606525, 0.0 ], [ 109.734322502584376, -7.791102921753919, 0.0 ], [ 109.734350529061572, -7.791161289660894, 0.0 ], [ 109.734403083536165, -7.791270739671401, 0.0 ], [ 109.734422212022992, -7.791310576764252, 0.0 ], [ 109.734440329418675, -7.791348308059058, 0.0 ], [ 109.734456804088481, -7.791382618279268, 0.0 ], [ 109.734476564243565, -7.791423770618611, 0.0 ], [ 109.734483664500161, -7.79143855758243, 0.0 ], [ 109.734494681622692, -7.791461501938275, 0.0 ], [ 109.734510524740401, -7.791494496884429, 0.0 ], [ 109.734530916427005, -7.791536964534678, 0.0 ], [ 109.734537385089752, -7.791550436185984, 0.0 ], [ 109.734564245435905, -7.791606375486891, 0.0 ], [ 109.734567151245713, -7.791612427126526, 0.0 ], [ 109.734573172775299, -7.791624967597802, 0.0 ], [ 109.734591105735348, -7.791662314786888, 0.0 ], [ 109.734628833770699, -7.791740886960259, 0.0 ], [ 109.73464365257081, -7.791759355460917, 0.0 ], [ 109.734680374689859, -7.791778642677626, 0.0 ] ] ], [ [ [ 109.738359974300622, -7.788266145527856, 0.0 ], [ 109.738369133393419, -7.788288755708455, 0.0 ], [ 109.738376453007675, -7.788306824820522, 0.0 ], [ 109.738382629518284, -7.788322072125039, 0.0 ], [ 109.738391610724932, -7.788344242771761, 0.0 ], [ 109.738401326111671, -7.788368225916064, 0.0 ], [ 109.738405284971606, -7.788377998722515, 0.0 ], [ 109.738415687875246, -7.78840221556412, 0.0 ], [ 109.73841788400749, -7.788407503458092, 0.0 ], [ 109.738429824368183, -7.788433930926901, 0.0 ], [ 109.738436745825581, -7.788444496907472, 0.0 ], [ 109.738447291910816, -7.788453696163169, 0.0 ], [ 109.738470172350105, -7.78846705098292, 0.0 ], [ 109.738494411548032, -7.788481199053289, 0.0 ], [ 109.738503202980098, -7.788486330467508, 0.0 ], [ 109.7385055891733, -7.788487631887176, 0.0 ], [ 109.738510498651621, -7.788490030203709, 0.0 ], [ 109.738543862899789, -7.788505380469804, 0.0 ], [ 109.738559134000909, -7.788512299798055, 0.0 ], [ 109.73858249573118, -7.788522773042877, 0.0 ], [ 109.738599118581519, -7.788530225247221, 0.0 ], [ 109.738621179325634, -7.788540115289941, 0.0 ], [ 109.738634884825345, -7.788546259554499, 0.0 ], [ 109.738659863048724, -7.78855745740802, 0.0 ], [ 109.738671001414488, -7.788562450757598, 0.0 ], [ 109.738698968272644, -7.788574988460266, 0.0 ], [ 109.738726935132632, -7.788587526213246, 0.0 ], [ 109.738760318139327, -7.788602491989831, 0.0 ], [ 109.738775914189929, -7.788609483795624, 0.0 ], [ 109.738782868858507, -7.788612601636689, 0.0 ], [ 109.738801017955822, -7.788620738001442, 0.0 ], [ 109.738814597840147, -7.788626825988774, 0.0 ], [ 109.738838802591971, -7.788637677057034, 0.0 ], [ 109.73885328160334, -7.788644168072231, 0.0 ], [ 109.738885751061488, -7.788658724391812, 0.0 ], [ 109.738894736332753, -7.788662752568144, 0.0 ], [ 109.738901967827644, -7.788665994498584, 0.0 ], [ 109.738930648956156, -7.788678852410976, 0.0 ], [ 109.738950670081266, -7.788687828050162, 0.0 ], [ 109.738969332623938, -7.788696194588637, 0.0 ], [ 109.739002917426049, -7.78871125066978, 0.0 ], [ 109.739008016470507, -7.788713536589002, 0.0 ], [ 109.739062537601342, -7.788737978869063, 0.0 ], [ 109.739085383793025, -7.788748220961565, 0.0 ], [ 109.739103867673748, -7.788756507453534, 0.0 ], [ 109.739124067434773, -7.788765563165887, 0.0 ], [ 109.7391366167775, -7.788771189099608, 0.0 ], [ 109.739162751208326, -7.788782905244508, 0.0 ], [ 109.739174405151743, -7.788788129711084, 0.0 ], [ 109.739202372044161, -7.788800667385201, 0.0 ], [ 109.739204817386849, -7.788801763651621, 0.0 ], [ 109.739240118713155, -7.788817589440991, 0.0 ], [ 109.739262049954661, -7.788827421406355, 0.0 ], [ 109.73928627273213, -7.788838280663749, 0.0 ], [ 109.73930576748522, -7.78884702019274, 0.0 ], [ 109.739317486154405, -7.788852273702835, 0.0 ], [ 109.739342206534602, -7.788863355839095, 0.0 ], [ 109.739356169999326, -7.788869615711381, 0.0 ], [ 109.739387483335221, -7.788883653681657, 0.0 ], [ 109.739394853685283, -7.788886957878304, 0.0 ], [ 109.739398140343837, -7.788888431296342, 0.0 ], [ 109.739454074160449, -7.788913506831445, 0.0 ], [ 109.739472221133624, -7.788921642135197, 0.0 ], [ 109.739510007985899, -7.788938581909992, 0.0 ], [ 109.739512916750897, -7.788939885924967, 0.0 ], [ 109.739549588699816, -7.788956326279906, 0.0 ], [ 109.73956594181773, -7.788963657425914, 0.0 ], [ 109.739621875657093, -7.788988732938671, 0.0 ], [ 109.739638349341519, -7.78899611813389, 0.0 ], [ 109.739665639945017, -7.789008352603292, 0.0 ], [ 109.739677809504599, -7.789013808292887, 0.0 ], [ 109.739705776431265, -7.789026345922253, 0.0 ], [ 109.739709567386754, -7.789028045403318, 0.0 ], [ 109.739733743360048, -7.789038883498335, 0.0 ], [ 109.739743007578838, -7.789043036685404, 0.0 ], [ 109.739763782687191, -7.789052350313001, 0.0 ], [ 109.739789677222234, -7.789063958992076, 0.0 ], [ 109.739810517577894, -7.78907330180862, 0.0 ], [ 109.73982037504588, -7.78907772093925, 0.0 ], [ 109.73984561109225, -7.78908903440175, 0.0 ], [ 109.739859058806658, -7.789095063034264, 0.0 ], [ 109.739889215993188, -7.789108582459917, 0.0 ], [ 109.739901544970792, -7.789114109510329, 0.0 ], [ 109.739957478855843, -7.789139184988294, 0.0 ], [ 109.739970839795944, -7.789151322905889, 0.0 ], [ 109.739987580673102, -7.789190419180798, 0.0 ], [ 109.739987976693357, -7.789195318965628, 0.0 ], [ 109.739998395227971, -7.789235390809859, 0.0 ], [ 109.739999886752727, -7.789263294436649, 0.0 ], [ 109.740002344921479, -7.789276496387409, 0.0 ], [ 109.740003789595804, -7.789285736013842, 0.0 ], [ 109.740005380791544, -7.789324832768286, 0.0 ], [ 109.740006341505051, -7.7893323674653, 0.0 ], [ 109.740007367825442, -7.789360300114646, 0.0 ], [ 109.74000822818428, -7.789383715739273, 0.0 ], [ 109.740008394148802, -7.789388232763916, 0.0 ], [ 109.740010446860467, -7.789444098062587, 0.0 ], [ 109.740012502885349, -7.789500056932486, 0.0 ], [ 109.740014552157206, -7.789555828659471, 0.0 ], [ 109.740016604745378, -7.789611693957582, 0.0 ], [ 109.740018657448203, -7.78966755925607, 0.0 ], [ 109.740018914995488, -7.789674568778776, 0.0 ], [ 109.740020393890148, -7.789714819925126, 0.0 ], [ 109.740021052307213, -7.789732739334483, 0.0 ], [ 109.740022762749192, -7.789779289852404, 0.0 ], [ 109.740023189711394, -7.789790909987573, 0.0 ], [ 109.740024342780757, -7.789822291339633, 0.0 ], [ 109.740024815440705, -7.789835155150612, 0.0 ], [ 109.740025327093178, -7.789849080617869, 0.0 ], [ 109.740026317150168, -7.789876027122586, 0.0 ], [ 109.7400268680382, -7.789891020448477, 0.0 ], [ 109.740027464408925, -7.789907251183148, 0.0 ], [ 109.740028291572074, -7.789929762850754, 0.0 ], [ 109.740028920725422, -7.789946885746528, 0.0 ], [ 109.740029601779952, -7.789965421803486, 0.0 ], [ 109.740030265949741, -7.789983498623942, 0.0 ], [ 109.740030973327734, -7.790002751044264, 0.0 ], [ 109.740031999666101, -7.790030683693173, 0.0 ], [ 109.74003224036413, -7.790037234361553, 0.0 ], [ 109.740033026007367, -7.790058616342145, 0.0 ], [ 109.740034052307976, -7.790086548990979, 0.0 ], [ 109.740035078611555, -7.790114481639757, 0.0 ], [ 109.740037131286769, -7.790170346937564, 0.0 ], [ 109.74004321749247, -7.790193431157036, 0.0 ], [ 109.740046084528799, -7.790206063657701, 0.0 ], [ 109.740051103502111, -7.790226247674852, 0.0 ], [ 109.740066191253902, -7.790245022367673, 0.0 ], [ 109.74009610064941, -7.790282240654608, 0.0 ], [ 109.740107659028311, -7.790296623516646, 0.0 ], [ 109.740132569178172, -7.790327620841911, 0.0 ], [ 109.74015747931594, -7.790358618182456, 0.0 ], [ 109.740177794147002, -7.79038389724057, 0.0 ], [ 109.740208593620835, -7.79042222309089, 0.0 ], [ 109.740232209753572, -7.790451610198499, 0.0 ], [ 109.740257119886692, -7.790482607554718, 0.0 ], [ 109.740276089381595, -7.790506212543449, 0.0 ], [ 109.740282030045321, -7.790513604887376, 0.0 ], [ 109.740298587998197, -7.790534209026178, 0.0 ], [ 109.740321086614557, -7.790562205508242, 0.0 ], [ 109.740332522972437, -7.7905749327396, 0.0 ], [ 109.740345215703655, -7.790586493175762, 0.0 ], [ 109.740366667652211, -7.790596775000333, 0.0 ], [ 109.740391102787072, -7.790608242788916, 0.0 ], [ 109.740401145552241, -7.790612991944168, 0.0 ], [ 109.740442987634651, -7.790632497992745, 0.0 ], [ 109.740457076677899, -7.790639066048429, 0.0 ], [ 109.74051940644361, -7.790668123013146, 0.0 ], [ 109.74055761582548, -7.790685935544771, 0.0 ], [ 109.74056893895272, -7.790691214176568, 0.0 ], [ 109.740624870102053, -7.790717288203749, 0.0 ], [ 109.740672244049279, -7.790739373070323, 0.0 ], [ 109.740680801259018, -7.790743362279533, 0.0 ], [ 109.740714089882474, -7.790758880836382, 0.0 ], [ 109.740736732423784, -7.790769436391172, 0.0 ], [ 109.74074866284279, -7.790774998116762, 0.0 ], [ 109.740786872299765, -7.790792810579073, 0.0 ], [ 109.740834681634695, -7.790815098409965, 0.0 ], [ 109.740848594777148, -7.790821584452985, 0.0 ], [ 109.740894977540094, -7.790843207185794, 0.0 ], [ 109.740901500558294, -7.790846248083882, 0.0 ], [ 109.740904525965604, -7.79084765847442, 0.0 ], [ 109.741015569409342, -7.790899424715612, 0.0 ], [ 109.741015950363149, -7.790899862510734, 0.0 ], [ 109.741037775241622, -7.790933918640485, 0.0 ], [ 109.741047677720076, -7.790955379328098, 0.0 ], [ 109.741033084124012, -7.791067054394839, 0.0 ], [ 109.741031096930044, -7.791082261257715, 0.0 ], [ 109.741027290059193, -7.791111393516888, 0.0 ], [ 109.741025787480339, -7.791122891927719, 0.0 ], [ 109.741024624249121, -7.791131793447179, 0.0 ], [ 109.741018151453886, -7.791181325525622, 0.0 ], [ 109.741003897088007, -7.791290404521742, 0.0 ], [ 109.741002206564616, -7.791303341107103, 0.0 ], [ 109.740998733031702, -7.791329921738785, 0.0 ], [ 109.74099660033842, -7.791346242052102, 0.0 ], [ 109.740993845440684, -7.791367323587275, 0.0 ], [ 109.740992260285708, -7.791379453877237, 0.0 ], [ 109.740989303595029, -7.79140207958188, 0.0 ], [ 109.740974709974338, -7.791513754639348, 0.0 ], [ 109.740972841865258, -7.791528050111028, 0.0 ], [ 109.740968761912811, -7.791559271155431, 0.0 ], [ 109.740966369044187, -7.791577582179364, 0.0 ], [ 109.74096011634434, -7.791625429694516, 0.0 ], [ 109.740960063010633, -7.791627281586717, 0.0 ], [ 109.740958166951955, -7.791640347227234, 0.0 ], [ 109.740952819616723, -7.791681267221497, 0.0 ], [ 109.740945522792316, -7.791737104747623, 0.0 ], [ 109.740945769776815, -7.791749145281221, 0.0 ], [ 109.740953871742263, -7.791789148428813, 0.0 ], [ 109.740953989474335, -7.791792989117479, 0.0 ], [ 109.740954789111129, -7.791795896810809, 0.0 ], [ 109.740957695842368, -7.791798034708843, 0.0 ], [ 109.740961407665651, -7.79179670909401, 0.0 ], [ 109.740971676754754, -7.791793041677907, 0.0 ], [ 109.740999017759307, -7.791778416508688, 0.0 ], [ 109.741013764878602, -7.791778010603325, 0.0 ], [ 109.741126794945302, -7.791737643390095, 0.0 ], [ 109.741238040983106, -7.791697913411982, 0.0 ], [ 109.741249198539549, -7.791693261665017, 0.0 ], [ 109.741281913636001, -7.791682245040436, 0.0 ], [ 109.741290871951961, -7.791679045722593, 0.0 ], [ 109.741294109997853, -7.79167788930063, 0.0 ], [ 109.741309756242984, -7.791641965877502, 0.0 ], [ 109.741330464073911, -7.791606715557983, 0.0 ], [ 109.741350408595437, -7.791580993943931, 0.0 ], [ 109.741355622144809, -7.791570745574585, 0.0 ], [ 109.741383996028915, -7.791514970643097, 0.0 ], [ 109.741391616703879, -7.791499990559316, 0.0 ], [ 109.741410487051851, -7.791462896733604, 0.0 ], [ 109.74146308844324, -7.791359497368419, 0.0 ], [ 109.741554238983113, -7.791180320985299, 0.0 ], [ 109.741561449925641, -7.791166146307359, 0.0 ], [ 109.741575768158725, -7.791138000738531, 0.0 ], [ 109.741582612833483, -7.791124546031101, 0.0 ], [ 109.741591136721652, -7.791109329300577, 0.0 ], [ 109.741600008121651, -7.791092778886558, 0.0 ], [ 109.741614976170467, -7.791068782921934, 0.0 ], [ 109.741622018464525, -7.791058835384464, 0.0 ], [ 109.741632048828279, -7.791047059333228, 0.0 ], [ 109.741648493572853, -7.791029371296533, 0.0 ], [ 109.741663650724519, -7.791013068248605, 0.0 ], [ 109.741675443656533, -7.791000383746273, 0.0 ], [ 109.741689545698776, -7.790985215534813, 0.0 ], [ 109.741716333179482, -7.790956402836371, 0.0 ], [ 109.741729343778587, -7.790942408602974, 0.0 ], [ 109.741744427955126, -7.790926183995835, 0.0 ], [ 109.741772522726578, -7.79089596515919, 0.0 ], [ 109.741783243885621, -7.790884433450262, 0.0 ], [ 109.741810193925787, -7.790855445862281, 0.0 ], [ 109.741819020527529, -7.790845951933489, 0.0 ], [ 109.741833187128918, -7.790822488459583, 0.0 ], [ 109.741856835502745, -7.790795765927914, 0.0 ], [ 109.741859354095325, -7.790792715233966, 0.0 ], [ 109.741861898808949, -7.790790220017944, 0.0 ], [ 109.741859730379844, -7.79078735149761, 0.0 ], [ 109.741856870142229, -7.790784161879527, 0.0 ], [ 109.741832245947151, -7.790758906238819, 0.0 ], [ 109.741804634553944, -7.790730586851939, 0.0 ], [ 109.74177702319264, -7.790702267434827, 0.0 ], [ 109.741749411806936, -7.790673948045544, 0.0 ], [ 109.741721800452922, -7.790645628625908, 0.0 ], [ 109.741694189071495, -7.790617309234091, 0.0 ], [ 109.741666577728111, -7.790588989812013, 0.0 ], [ 109.741638966353875, -7.790560670417711, 0.0 ], [ 109.741611355014783, -7.790532350993097, 0.0 ], [ 109.74158967547487, -7.790510115528392, 0.0 ], [ 109.741587647955853, -7.790500160855021, 0.0 ], [ 109.741577739675478, -7.790477701525265, 0.0 ], [ 109.741570554285389, -7.790461414184749, 0.0 ], [ 109.741564809647684, -7.790454182458178, 0.0 ], [ 109.741577852389582, -7.79043994964414, 0.0 ], [ 109.741615859414424, -7.79039847483237, 0.0 ], [ 109.741624515959487, -7.79038902844056, 0.0 ], [ 109.741634044504622, -7.790378630444457, 0.0 ], [ 109.741651264689793, -7.79035983891492, 0.0 ], [ 109.741666908921303, -7.790342767197544, 0.0 ], [ 109.741690236603844, -7.790317310981952, 0.0 ], [ 109.741718332646698, -7.790286651408787, 0.0 ], [ 109.741731511066561, -7.790272270538267, 0.0 ], [ 109.741746428685843, -7.790255991722932, 0.0 ], [ 109.741758259791254, -7.790243081016348, 0.0 ], [ 109.741769008140167, -7.790231351902996, 0.0 ], [ 109.74180262075167, -7.790194672278828, 0.0 ], [ 109.741820057786768, -7.790175644243262, 0.0 ], [ 109.741838506113552, -7.790155512602198, 0.0 ], [ 109.741858812800601, -7.790133352960491, 0.0 ], [ 109.741865254832504, -7.790126323077479, 0.0 ], [ 109.741871107304334, -7.790119936574687, 0.0 ], [ 109.741915004833189, -7.790072033534743, 0.0 ], [ 109.74197224991002, -7.790009565198893, 0.0 ], [ 109.741999292850593, -7.789980054500003, 0.0 ], [ 109.742024255949403, -7.789952813518959, 0.0 ], [ 109.742027388848342, -7.789949394749748, 0.0 ], [ 109.742075305627296, -7.789897105817279, 0.0 ], [ 109.742079244824708, -7.789892807179194, 0.0 ], [ 109.742083580830496, -7.789888075510252, 0.0 ], [ 109.742105993481857, -7.789863617607642, 0.0 ], [ 109.742126354979717, -7.789841398106209, 0.0 ], [ 109.742139772797131, -7.789826755923759, 0.0 ], [ 109.742177404592766, -7.789785690387507, 0.0 ], [ 109.742186239676244, -7.789776049122461, 0.0 ], [ 109.742195964746244, -7.789765436624995, 0.0 ], [ 109.74221298832768, -7.789746859548082, 0.0 ], [ 109.742228453952222, -7.789729982659662, 0.0 ], [ 109.742252156679598, -7.789704117056879, 0.0 ], [ 109.742280252639517, -7.789673457432516, 0.0 ], [ 109.742293234470779, -7.789659291025377, 0.0 ], [ 109.742308348595643, -7.789642797695501, 0.0 ], [ 109.742319983116502, -7.789630101454647, 0.0 ], [ 109.742330552869888, -7.78961856717927, 0.0 ], [ 109.742364540495643, -7.789581478149004, 0.0 ], [ 109.742381602365796, -7.789562859426644, 0.0 ], [ 109.742400229201934, -7.789542532894392, 0.0 ], [ 109.742426977851238, -7.789513343330683, 0.0 ], [ 109.742432651732742, -7.789507151665193, 0.0 ], [ 109.742453726527899, -7.789484153797123, 0.0 ], [ 109.742476924244897, -7.789458839375094, 0.0 ], [ 109.742490476440835, -7.789464998300382, 0.0 ], [ 109.742510079721725, -7.789474268641835, 0.0 ], [ 109.742532858273947, -7.789483950140938, 0.0 ], [ 109.742575799500145, -7.789520500463031, 0.0 ], [ 109.742588725369771, -7.789531502504584, 0.0 ], [ 109.742606025388824, -7.789546227751497, 0.0 ], [ 109.742626418541846, -7.789563585841353, 0.0 ], [ 109.742636251178169, -7.789571955138456, 0.0 ], [ 109.742644592478044, -7.789579055018248, 0.0 ], [ 109.742692274615393, -7.789619640475537, 0.0 ], [ 109.74269670295574, -7.789623409726701, 0.0 ], [ 109.742700459600158, -7.789626607264126, 0.0 ], [ 109.742702881582474, -7.789622073968804, 0.0 ], [ 109.742735591705667, -7.789598865409611, 0.0 ], [ 109.742756564842296, -7.789594325734685, 0.0 ], [ 109.742765165710509, -7.789572510456421, 0.0 ], [ 109.742768518105208, -7.789564007412087, 0.0 ], [ 109.742774508234831, -7.789546272683928, 0.0 ], [ 109.742779190201787, -7.789530555017762, 0.0 ], [ 109.742787688211706, -7.789508205027569, 0.0 ], [ 109.742793728138537, -7.789489114709897, 0.0 ], [ 109.742811735499615, -7.789453671531434, 0.0 ], [ 109.742812482892219, -7.789451905043807, 0.0 ], [ 109.742813000709248, -7.789451181271785, 0.0 ], [ 109.74283450983252, -7.789396625411949, 0.0 ], [ 109.742845508449321, -7.789368728410005, 0.0 ], [ 109.742860133236718, -7.789331633911904, 0.0 ], [ 109.742875961157807, -7.789291487829583, 0.0 ], [ 109.742891789059868, -7.789251341729869, 0.0 ], [ 109.742900501501609, -7.789229243391892, 0.0 ], [ 109.742911500092475, -7.789201346386526, 0.0 ], [ 109.742923444840955, -7.789171049517309, 0.0 ], [ 109.742939272747833, -7.789130903430335, 0.0 ], [ 109.742956391487127, -7.789087483221201, 0.0 ], [ 109.742966493099715, -7.789061861351863, 0.0 ], [ 109.742970928535598, -7.789050611236938, 0.0 ], [ 109.742988490300021, -7.789006067334112, 0.0 ], [ 109.743002584309224, -7.788970319038857, 0.0 ], [ 109.743010525888749, -7.78895017589296, 0.0 ], [ 109.743021486054971, -7.788922376303281, 0.0 ], [ 109.743034240040856, -7.788890026810251, 0.0 ], [ 109.743050067926106, -7.788849880718479, 0.0 ], [ 109.743054481800712, -7.788838685267505, 0.0 ], [ 109.743097551532912, -7.788729442407426, 0.0 ], [ 109.743113379385534, -7.788689296294931, 0.0 ], [ 109.74312047328678, -7.788671303180974, 0.0 ], [ 109.74314503506757, -7.788609004050192, 0.0 ], [ 109.743160862928136, -7.78856885794727, 0.0 ], [ 109.743164467541348, -7.788559715112258, 0.0 ], [ 109.743197463245622, -7.788476024054955, 0.0 ], [ 109.743208724522802, -7.788447460690355, 0.0 ], [ 109.743224174288571, -7.788408273491595, 0.0 ], [ 109.743230458921943, -7.788392332992667, 0.0 ], [ 109.743244771982177, -7.788356028923544, 0.0 ], [ 109.743252455996654, -7.788336538948242, 0.0 ], [ 109.743274453111425, -7.788280744901735, 0.0 ], [ 109.743292703762435, -7.788234453425344, 0.0 ], [ 109.743319141215437, -7.78816739676384, 0.0 ], [ 109.743334969018463, -7.788127250632066, 0.0 ], [ 109.743340444386433, -7.788113362748846, 0.0 ], [ 109.743351442912228, -7.788085465721405, 0.0 ], [ 109.743362441430136, -7.788057568693411, 0.0 ], [ 109.743377356905512, -7.788019736631187, 0.0 ], [ 109.743381256454455, -7.788009845694454, 0.0 ], [ 109.743754000000123, -7.788075, 0.0 ], [ 109.744162000000145, -7.788166, 0.0 ], [ 109.744073216618858, -7.788596258124969, 0.0 ], [ 109.74407188239158, -7.788594197020577, 0.0 ], [ 109.744057574611219, -7.788572094334878, 0.0 ], [ 109.744049923034325, -7.788560274175436, 0.0 ], [ 109.74404786137984, -7.78855708935063, 0.0 ], [ 109.743978804081735, -7.788450410482579, 0.0 ], [ 109.743962085184833, -7.78842458323094, 0.0 ], [ 109.743954113887042, -7.78841226914299, 0.0 ], [ 109.743940125837696, -7.788390660385894, 0.0 ], [ 109.743936356874528, -7.788384838122116, 0.0 ], [ 109.743880604652958, -7.788298712700993, 0.0 ], [ 109.743870418015447, -7.7882926887934, 0.0 ], [ 109.743870116399677, -7.788282510559225, 0.0 ], [ 109.743852728550422, -7.7882556498918, 0.0 ], [ 109.743830328723078, -7.788221046580581, 0.0 ], [ 109.743824852453756, -7.788212586874235, 0.0 ], [ 109.743815263704889, -7.78821693850166, 0.0 ], [ 109.743815772832022, -7.788226490231473, 0.0 ], [ 109.743816227874404, -7.788235026455419, 0.0 ], [ 109.743805436192417, -7.78826310456388, 0.0 ], [ 109.743805828429316, -7.788282320037939, 0.0 ], [ 109.743809886526591, -7.788297007179136, 0.0 ], [ 109.743817875530112, -7.78833161040459, 0.0 ], [ 109.743819575379931, -7.788338220056529, 0.0 ], [ 109.743820677818491, -7.788342002253582, 0.0 ], [ 109.743824428524178, -7.788354869948611, 0.0 ], [ 109.743841970833017, -7.78837658570505, 0.0 ], [ 109.74384252123393, -7.788394147336988, 0.0 ], [ 109.743846328559258, -7.788416182375753, 0.0 ], [ 109.743849435001536, -7.788424879356715, 0.0 ], [ 109.743852167442782, -7.788450035202525, 0.0 ], [ 109.743868463435447, -7.788505942775261, 0.0 ], [ 109.743871054693301, -7.788514832723122, 0.0 ], [ 109.743879870631574, -7.788545078076789, 0.0 ], [ 109.743885298328465, -7.788556405086404, 0.0 ], [ 109.74388541656873, -7.788561852295366, 0.0 ], [ 109.743887427111702, -7.788569467028183, 0.0 ], [ 109.743897031655379, -7.78860046621325, 0.0 ], [ 109.743901055427301, -7.788617757920522, 0.0 ], [ 109.743907591699198, -7.788640182190721, 0.0 ], [ 109.743921431548998, -7.7886876632468, 0.0 ], [ 109.743933647534959, -7.788729573065729, 0.0 ], [ 109.743949943515702, -7.788785480637994, 0.0 ], [ 109.743956034102297, -7.788806375905437, 0.0 ], [ 109.743959214225129, -7.788817286126156, 0.0 ], [ 109.743971808473162, -7.788860493730966, 0.0 ], [ 109.743979113962283, -7.788885557073694, 0.0 ], [ 109.743982535583569, -7.788897295782555, 0.0 ], [ 109.743990683576882, -7.788925249568556, 0.0 ], [ 109.743998831583397, -7.788953203354589, 0.0 ], [ 109.744002193788347, -7.788964738199642, 0.0 ], [ 109.744002866413283, -7.788967045796183, 0.0 ], [ 109.743938172854456, -7.789326408123525, 0.0 ], [ 109.743927020229236, -7.789288146208862, 0.0 ], [ 109.743915920280301, -7.789250065029364, 0.0 ], [ 109.74391072421173, -7.789232238634317, 0.0 ], [ 109.743901201992898, -7.789199570403225, 0.0 ], [ 109.743894428135093, -7.789176331059471, 0.0 ], [ 109.743890731787744, -7.789163649812751, 0.0 ], [ 109.74387815610784, -7.789120505873557, 0.0 ], [ 109.743878134407609, -7.789120433252172, 0.0 ], [ 109.743865543349784, -7.789077234547582, 0.0 ], [ 109.743850435033238, -7.789025401658657, 0.0 ], [ 109.743845540089893, -7.789008608335003, 0.0 ], [ 109.743840354907078, -7.788990819298323, 0.0 ], [ 109.743831962483142, -7.788962026916551, 0.0 ], [ 109.743827760705827, -7.788947611652612, 0.0 ], [ 109.743822713967887, -7.788930297498569, 0.0 ], [ 109.743810046481912, -7.788909480097367, 0.0 ], [ 109.743806467453282, -7.788896773977348, 0.0 ], [ 109.743800047242175, -7.788873981409589, 0.0 ], [ 109.743797089292116, -7.788866632331287, 0.0 ], [ 109.743791948323874, -7.788840871668529, 0.0 ], [ 109.743786899024869, -7.788821041390767, 0.0 ], [ 109.743783993599834, -7.788801849427855, 0.0 ], [ 109.743780356060398, -7.788784978034559, 0.0 ], [ 109.743767271864442, -7.788740089430351, 0.0 ], [ 109.743744810776107, -7.78876253829636, 0.0 ], [ 109.74373557350161, -7.788784845301935, 0.0 ], [ 109.743730967386142, -7.788804675352581, 0.0 ], [ 109.743729003504512, -7.788822746330045, 0.0 ], [ 109.743725588562427, -7.788840674981213, 0.0 ], [ 109.743724270540028, -7.788853982361393, 0.0 ], [ 109.743721069051119, -7.788886306443281, 0.0 ], [ 109.743720057671396, -7.788896517861809, 0.0 ], [ 109.74371922308579, -7.788904944158812, 0.0 ], [ 109.743714952128428, -7.788948064626094, 0.0 ], [ 109.743714526618788, -7.78895236074148, 0.0 ], [ 109.743714175501964, -7.788955905829212, 0.0 ], [ 109.743708995828499, -7.789008203621487, 0.0 ], [ 109.743703464945142, -7.789064046500814, 0.0 ], [ 109.743702718742256, -7.789071580518578, 0.0 ], [ 109.743699033184697, -7.789108791292745, 0.0 ], [ 109.743697933981281, -7.789119889379425, 0.0 ], [ 109.743692403101988, -7.789175732257847, 0.0 ], [ 109.743690485155625, -7.789195096596146, 0.0 ], [ 109.743688938258302, -7.789210714896445, 0.0 ], [ 109.743686872139051, -7.789231575135612, 0.0 ], [ 109.743670279421352, -7.789399103766685, 0.0 ], [ 109.743668748354196, -7.789414562070181, 0.0 ], [ 109.74366601804671, -7.789442128638147, 0.0 ], [ 109.743664748488385, -7.789454946642761, 0.0 ], [ 109.743650921220734, -7.789594553831187, 0.0 ], [ 109.743642624839111, -7.789678318142848, 0.0 ], [ 109.743641550942385, -7.789689160619747, 0.0 ], [ 109.743638463453806, -7.789720332843815, 0.0 ], [ 109.743637093843063, -7.789734161016512, 0.0 ], [ 109.74360943922521, -7.790013375379313, 0.0 ], [ 109.743608178545742, -7.790026103675482, 0.0 ], [ 109.743604850165624, -7.790059708593362, 0.0 ], [ 109.743603131044082, -7.790077065467546, 0.0 ], [ 109.743598733178445, -7.790121466765695, 0.0 ], [ 109.743598377170713, -7.790125061120754, 0.0 ], [ 109.743595016266411, -7.790158994895148, 0.0 ], [ 109.743593035993683, -7.790178989014853, 0.0 ], [ 109.743587315386179, -7.790236746861192, 0.0 ], [ 109.743586499669576, -7.79024498263734, 0.0 ], [ 109.743582940940769, -7.79028091256712, 0.0 ], [ 109.743581784369979, -7.790292589730416, 0.0 ], [ 109.743580382766481, -7.79030674071761, 0.0 ], [ 109.743577893412507, -7.790331874344294, 0.0 ], [ 109.74357625336981, -7.790348432599262, 0.0 ], [ 109.743554129529727, -7.790571804070495, 0.0 ], [ 109.743552655803654, -7.790586683286429, 0.0 ], [ 109.743549798609024, -7.7906155306943, 0.0 ], [ 109.743548598544422, -7.790627646937131, 0.0 ], [ 109.743537269180848, -7.790742032854448, 0.0 ], [ 109.74353200564741, -7.790795175534595, 0.0 ], [ 109.743527418121204, -7.790841492206138, 0.0 ], [ 109.743526474589217, -7.790851018399247, 0.0 ], [ 109.74352032803364, -7.790867522884059, 0.0 ], [ 109.743516661902333, -7.790886726634412, 0.0 ], [ 109.743503228432601, -7.790906808732835, 0.0 ], [ 109.743488724906541, -7.790914724063455, 0.0 ], [ 109.743452328510358, -7.790934587426883, 0.0 ], [ 109.743424631777572, -7.790949702962958, 0.0 ], [ 109.743416261197368, -7.79095407492238, 0.0 ], [ 109.743401428597679, -7.790962366113739, 0.0 ], [ 109.743380219416025, -7.790973941046463, 0.0 ], [ 109.743368531338788, -7.790980319841106, 0.0 ], [ 109.743341821365647, -7.790991443187035, 0.0 ], [ 109.743336936254281, -7.790993645755048, 0.0 ], [ 109.743312450518246, -7.791004354809385, 0.0 ], [ 109.743302808599765, -7.791008328600053, 0.0 ], [ 109.743279671360767, -7.791017864274651, 0.0 ], [ 109.743263225781519, -7.791024642092085, 0.0 ], [ 109.743239726101422, -7.791034327188808, 0.0 ], [ 109.743223643013465, -7.791040955638327, 0.0 ], [ 109.743184060217999, -7.791057269147918, 0.0 ], [ 109.74314358208423, -7.791073951607475, 0.0 ], [ 109.743104894619364, -7.79108989616097, 0.0 ], [ 109.743088138194139, -7.791096802090382, 0.0 ], [ 109.743032060100077, -7.791119913938921, 0.0 ], [ 109.743025729044618, -7.791122523192966, 0.0 ], [ 109.743004021051249, -7.7911314698131, 0.0 ], [ 109.74298614621452, -7.791138836662055, 0.0 ], [ 109.742943253063032, -7.791156514492113, 0.0 ], [ 109.742906980611878, -7.791171463655829, 0.0 ], [ 109.742875969244054, -7.79118424449882, 0.0 ], [ 109.742863825787381, -7.791189249246209, 0.0 ], [ 109.742853109505418, -7.791194847615468, 0.0 ], [ 109.742829511840853, -7.791205793032574, 0.0 ], [ 109.742807723599327, -7.791220431149029, 0.0 ], [ 109.742801526384085, -7.791233741850324, 0.0 ], [ 109.742799984353638, -7.791239878301238, 0.0 ], [ 109.742799091631056, -7.79124840130358, 0.0 ], [ 109.742795402320823, -7.791283623659485, 0.0 ], [ 109.74279413529483, -7.791295720195569, 0.0 ], [ 109.742792582127407, -7.791310548418598, 0.0 ], [ 109.742790092012982, -7.791334321894602, 0.0 ], [ 109.742788286205283, -7.79135156208938, 0.0 ], [ 109.742782437072478, -7.791407403982616, 0.0 ], [ 109.742779065213995, -7.791439595389622, 0.0 ], [ 109.742776587961856, -7.791463245875354, 0.0 ], [ 109.742774160985931, -7.791486416503558, 0.0 ], [ 109.74277305350239, -7.791496989866774, 0.0 ], [ 109.742770738889078, -7.791519087767807, 0.0 ], [ 109.742767814328261, -7.791547008713803, 0.0 ], [ 109.742766543954019, -7.791559137011792, 0.0 ], [ 109.742763540319032, -7.79158781293464, 0.0 ], [ 109.742760034380325, -7.791621284181985, 0.0 ], [ 109.74275822996043, -7.791638511128521, 0.0 ], [ 109.742753191582636, -7.791686613442093, 0.0 ], [ 109.742747609298704, -7.791739907579985, 0.0 ], [ 109.742747342439685, -7.791742455332472, 0.0 ], [ 109.742747214962662, -7.791745380497253, 0.0 ], [ 109.742744886220251, -7.791793201529454, 0.0 ], [ 109.742744665934367, -7.791798306637079, 0.0 ], [ 109.742743890765766, -7.791854163583511, 0.0 ], [ 109.742743807754792, -7.791860145488998, 0.0 ], [ 109.742743115605052, -7.791910020529811, 0.0 ], [ 109.74274234049291, -7.791965877476098, 0.0 ], [ 109.742742240443889, -7.791973086391727, 0.0 ], [ 109.742740904706778, -7.792069336731602, 0.0 ], [ 109.742740015035736, -7.792133448313549, 0.0 ], [ 109.74273923985568, -7.792189305258906, 0.0 ], [ 109.742738464689751, -7.792245162204186, 0.0 ], [ 109.742737689569196, -7.792301019149391, 0.0 ], [ 109.742737301974088, -7.792328947621848, 0.0 ], [ 109.742737070600114, -7.792345619848299, 0.0 ], [ 109.742736914381808, -7.792356876094225, 0.0 ], [ 109.742736526798495, -7.792384804566634, 0.0 ], [ 109.742736139214827, -7.792412733038979, 0.0 ], [ 109.742737713556735, -7.79242312256391, 0.0 ], [ 109.742748045172775, -7.792450317590254, 0.0 ], [ 109.742758525057795, -7.792458183513147, 0.0 ], [ 109.74278288520388, -7.792468731010253, 0.0 ], [ 109.742798342929234, -7.792474401495189, 0.0 ], [ 109.742803976490336, -7.792476468094292, 0.0 ], [ 109.74283934709166, -7.792489443389512, 0.0 ], [ 109.74285992460203, -7.792496992030771, 0.0 ], [ 109.74291587272063, -7.792517515834359, 0.0 ], [ 109.742943846782154, -7.792527777788793, 0.0 ], [ 109.742962359640501, -7.792534569006033, 0.0 ], [ 109.742971820845398, -7.792538039718863, 0.0 ], [ 109.743027768977029, -7.792558563470577, 0.0 ], [ 109.74304436809669, -7.792564652659684, 0.0 ], [ 109.743083717114487, -7.79257908743267, 0.0 ], [ 109.743139665258965, -7.792599611210142, 0.0 ], [ 109.743168194625355, -7.792610076825131, 0.0 ], [ 109.743208384916429, -7.792624820060383, 0.0 ], [ 109.743228822485221, -7.792632317316933, 0.0 ], [ 109.743162532914269, -7.79298205220252, 0.0 ], [ 109.743082602544732, -7.792952730903075, 0.0 ], [ 109.743026654360776, -7.792932206887969, 0.0 ], [ 109.742983016262372, -7.792916198869018, 0.0 ], [ 109.742973994236209, -7.792912889271672, 0.0 ], [ 109.742970706182632, -7.792911683089717, 0.0 ], [ 109.742914758010969, -7.79289115928489, 0.0 ], [ 109.742891985760949, -7.792882805552832, 0.0 ], [ 109.742875616283541, -7.792876800647541, 0.0 ], [ 109.742850981512888, -7.792867763709251, 0.0 ], [ 109.742830835765915, -7.792860373452137, 0.0 ], [ 109.742802861687693, -7.79285011142905, 0.0 ], [ 109.742690965389698, -7.792809063773737, 0.0 ], [ 109.742675987373886, -7.792803569225949, 0.0 ], [ 109.742645960559216, -7.792792554186417, 0.0 ], [ 109.7426115233621, -7.792779921331248, 0.0 ], [ 109.742604956338297, -7.792777512308732, 0.0 ], [ 109.742579069118221, -7.792768015868766, 0.0 ], [ 109.742569889260906, -7.792756584346853, 0.0 ], [ 109.742567350358641, -7.792747387538693, 0.0 ], [ 109.742565999076035, -7.792734248021257, 0.0 ], [ 109.742561113451927, -7.792709591207061, 0.0 ], [ 109.742559621396282, -7.792691505356704, 0.0 ], [ 109.74256039665535, -7.792635648417052, 0.0 ], [ 109.742561946963647, -7.792523934536475, 0.0 ], [ 109.742562722215482, -7.79246807759625, 0.0 ], [ 109.74256427251548, -7.792356363714608, 0.0 ], [ 109.742565047766192, -7.792300506773891, 0.0 ], [ 109.742566598057778, -7.792188792891218, 0.0 ], [ 109.742567373301242, -7.792132935949927, 0.0 ], [ 109.742568923584443, -7.792021222066273, 0.0 ], [ 109.74256969882687, -7.791965365124391, 0.0 ], [ 109.742571249098646, -7.791853651239592, 0.0 ], [ 109.742572024336809, -7.791797794297247, 0.0 ], [ 109.742572173697582, -7.791788001273996, 0.0 ], [ 109.742572785744358, -7.791751229798289, 0.0 ], [ 109.742572927775626, -7.79174193773517, 0.0 ], [ 109.742573764429878, -7.791733571249758, 0.0 ], [ 109.742578303884471, -7.791690065581808, 0.0 ], [ 109.742578703932807, -7.791686095634211, 0.0 ], [ 109.7425816285146, -7.79165817469192, 0.0 ], [ 109.742589665425314, -7.791581446440082, 0.0 ], [ 109.7425904022559, -7.791574411864183, 0.0 ], [ 109.742596251413389, -7.791518569978522, 0.0 ], [ 109.742597815073964, -7.791503641549568, 0.0 ], [ 109.742600286126731, -7.791480050013489, 0.0 ], [ 109.742604324597778, -7.791441494456074, 0.0 ], [ 109.742605596477205, -7.791429351801211, 0.0 ], [ 109.742607949614168, -7.791406886205388, 0.0 ], [ 109.742613798763486, -7.791351044318279, 0.0 ], [ 109.742616217186921, -7.791327955391792, 0.0 ], [ 109.7426173437416, -7.79131720016072, 0.0 ], [ 109.742619647872672, -7.791295202430555, 0.0 ], [ 109.742625497025827, -7.791239360542531, 0.0 ], [ 109.742626837909427, -7.79122655900347, 0.0 ], [ 109.742630362834404, -7.791192905898547, 0.0 ], [ 109.742631346089055, -7.791183518653775, 0.0 ], [ 109.742640054235153, -7.791100381714531, 0.0 ], [ 109.742643381982489, -7.791068611566276, 0.0 ], [ 109.742648079218725, -7.791023766115082, 0.0 ], [ 109.742648893405686, -7.791015992985076, 0.0 ], [ 109.742652046669463, -7.79100432780013, 0.0 ], [ 109.74265566456701, -7.790975350372968, 0.0 ], [ 109.742661767412827, -7.790960171939858, 0.0 ], [ 109.742672660228578, -7.790936375773986, 0.0 ], [ 109.742696618252324, -7.790914387358347, 0.0 ], [ 109.742720639345691, -7.790904487379771, 0.0 ], [ 109.742743266800488, -7.790895161784322, 0.0 ], [ 109.742752696328509, -7.790891275559038, 0.0 ], [ 109.742808774399421, -7.790868163783695, 0.0 ], [ 109.742822432399066, -7.790862534859882, 0.0 ], [ 109.742855206647278, -7.790849027391141, 0.0 ], [ 109.742864852465217, -7.790845051986913, 0.0 ], [ 109.742871744117309, -7.790842211690779, 0.0 ], [ 109.742901597915846, -7.790829907843976, 0.0 ], [ 109.742920930525756, -7.790821940214129, 0.0 ], [ 109.742977008581164, -7.790798828413445, 0.0 ], [ 109.74298076349379, -7.790797280885972, 0.0 ], [ 109.742989773919177, -7.790793567354058, 0.0 ], [ 109.743014572507306, -7.790775174721113, 0.0 ], [ 109.743033146832801, -7.790755530518991, 0.0 ], [ 109.743041758018506, -7.79074642336374, 0.0 ], [ 109.743047404594307, -7.790737879055546, 0.0 ], [ 109.743049531727877, -7.790721645093758, 0.0 ], [ 109.743052247254042, -7.790700921053643, 0.0 ], [ 109.743054721022915, -7.790682041502483, 0.0 ], [ 109.743076670555084, -7.790514528840657, 0.0 ], [ 109.743078200119527, -7.790502855358845, 0.0 ], [ 109.743083080451157, -7.790465610111389, 0.0 ], [ 109.743084688337575, -7.79045333894052, 0.0 ], [ 109.743091176310784, -7.790403822278086, 0.0 ], [ 109.743098619763188, -7.790347016172862, 0.0 ], [ 109.743099854488193, -7.790337592911047, 0.0 ], [ 109.743104152790579, -7.790304789497623, 0.0 ], [ 109.743105936207499, -7.790291178615841, 0.0 ], [ 109.74312788567444, -7.790123665941877, 0.0 ], [ 109.743130105577933, -7.790106723788261, 0.0 ], [ 109.743133403113518, -7.790081557907278, 0.0 ], [ 109.743136593748474, -7.790057207337087, 0.0 ], [ 109.743141789948638, -7.790017549465976, 0.0 ], [ 109.74314251828882, -7.790011990821966, 0.0 ], [ 109.743146176526992, -7.789984072041881, 0.0 ], [ 109.743149569951726, -7.789958174303385, 0.0 ], [ 109.743149834764381, -7.789956153261673, 0.0 ], [ 109.743171784175402, -7.789788640577291, 0.0 ], [ 109.74317544232008, -7.789760721795824, 0.0 ], [ 109.743179100485776, -7.789732803014227, 0.0 ], [ 109.743186416989417, -7.78967696545117, 0.0 ], [ 109.743188499003111, -7.789661075704543, 0.0 ], [ 109.743192112486526, -7.789633497184678, 0.0 ], [ 109.743193733209438, -7.789621127886634, 0.0 ], [ 109.743222999012232, -7.789397777625815, 0.0 ], [ 109.743225660897977, -7.789377462179687, 0.0 ], [ 109.74322742780501, -7.789363976923597, 0.0 ], [ 109.743233465143959, -7.789317900373501, 0.0 ], [ 109.743237631545895, -7.789286102490873, 0.0 ], [ 109.743259209034662, -7.789121427375585, 0.0 ], [ 109.74325986846884, -7.789116394654872, 0.0 ], [ 109.743262121595677, -7.789099199267183, 0.0 ], [ 109.743274213696878, -7.78900691464595, 0.0 ], [ 109.743275983194238, -7.788993409852723, 0.0 ], [ 109.743279332786244, -7.788967845240135, 0.0 ], [ 109.743284370016227, -7.788929401340394, 0.0 ], [ 109.743285820866447, -7.788918328745948, 0.0 ], [ 109.743288846184001, -7.788895239502914, 0.0 ], [ 109.743310795421252, -7.788727726785559, 0.0 ], [ 109.743311773380384, -7.788720262982416, 0.0 ], [ 109.743318111819121, -7.788671889211937, 0.0 ], [ 109.74332474942068, -7.788621229894905, 0.0 ], [ 109.743325427914655, -7.788616051636844, 0.0 ], [ 109.74333274435935, -7.788560214062174, 0.0 ], [ 109.743334692088041, -7.788545349030016, 0.0 ], [ 109.74333772569986, -7.788522197058883, 0.0 ], [ 109.743340060673106, -7.78850437648661, 0.0 ], [ 109.743347377067934, -7.788448538910702, 0.0 ], [ 109.743334674891742, -7.788433978669662, 0.0 ], [ 109.74332011349324, -7.788433958328643, 0.0 ], [ 109.743316380766714, -7.788444756353162, 0.0 ], [ 109.743314952644752, -7.788448442778182, 0.0 ], [ 109.743313694178454, -7.78845477932622, 0.0 ], [ 109.743314929394174, -7.788499326045032, 0.0 ], [ 109.743313184090979, -7.788504296801585, 0.0 ], [ 109.743309585213623, -7.788514546726278, 0.0 ], [ 109.74331212653243, -7.788552539817257, 0.0 ], [ 109.74330013480072, -7.788560117378276, 0.0 ], [ 109.743281339348528, -7.788577677565597, 0.0 ], [ 109.743263682174188, -7.788575695679987, 0.0 ], [ 109.743254578343311, -7.788606854682262, 0.0 ], [ 109.743251173137011, -7.788615831472806, 0.0 ], [ 109.743247865827698, -7.788631430077385, 0.0 ], [ 109.74324864284111, -7.788656925563672, 0.0 ], [ 109.743232764323722, -7.788697020838879, 0.0 ], [ 109.743207260857488, -7.788714062872483, 0.0 ], [ 109.743202000965411, -7.788727404199313, 0.0 ], [ 109.743199739381453, -7.788734837115907, 0.0 ], [ 109.743191919721028, -7.788768094051693, 0.0 ], [ 109.743186322961932, -7.788783216973796, 0.0 ], [ 109.743180269793811, -7.788809833254359, 0.0 ], [ 109.743180360609045, -7.788812522898465, 0.0 ], [ 109.743168323709412, -7.788839022863603, 0.0 ], [ 109.743162878951793, -7.788851009792281, 0.0 ], [ 109.743150825255228, -7.788857207310008, 0.0 ], [ 109.74314016469512, -7.788884246940003, 0.0 ], [ 109.743136009487998, -7.788894786301742, 0.0 ], [ 109.743130511374048, -7.788914858197572, 0.0 ], [ 109.743128179069018, -7.788928247881513, 0.0 ], [ 109.743120147077818, -7.788950598524142, 0.0 ], [ 109.74311510478843, -7.788971156600055, 0.0 ], [ 109.743094389607734, -7.789000351836647, 0.0 ], [ 109.74309268111557, -7.789004685293168, 0.0 ], [ 109.743076853228985, -7.789044831385888, 0.0 ], [ 109.74307001800527, -7.789062168384411, 0.0 ], [ 109.743063787175615, -7.789087748370655, 0.0 ], [ 109.743059802420035, -7.789096347421967, 0.0 ], [ 109.743052302113199, -7.789117975104658, 0.0 ], [ 109.743049302756276, -7.789129242339477, 0.0 ], [ 109.743037953915703, -7.789143496222391, 0.0 ], [ 109.74302936956353, -7.789165269683074, 0.0 ], [ 109.743018403277645, -7.789193084765674, 0.0 ], [ 109.743004026423705, -7.78922955044705, 0.0 ], [ 109.743000101212417, -7.789247957142837, 0.0 ], [ 109.742982705011187, -7.789284170153072, 0.0 ], [ 109.742982315039157, -7.789285345311226, 0.0 ], [ 109.74298213632936, -7.789285959254046, 0.0 ], [ 109.742981518178311, -7.789286640736104, 0.0 ], [ 109.742966057998458, -7.789325854100132, 0.0 ], [ 109.742960032021614, -7.789341138477739, 0.0 ], [ 109.742950306625218, -7.789366076983387, 0.0 ], [ 109.742946456563701, -7.789375800974161, 0.0 ], [ 109.742938145288704, -7.78939693281752, 0.0 ], [ 109.74293608686402, -7.789407836494011, 0.0 ], [ 109.742925082396468, -7.789429785076482, 0.0 ], [ 109.742916037554821, -7.789452726499511, 0.0 ], [ 109.742902746358169, -7.789486438482523, 0.0 ], [ 109.742894040340786, -7.789508520507209, 0.0 ], [ 109.742887378306634, -7.789527045951204, 0.0 ], [ 109.742874544358969, -7.789558482872687, 0.0 ], [ 109.742872292743897, -7.789564315253101, 0.0 ], [ 109.742871687345513, -7.789567329450093, 0.0 ], [ 109.742868646569192, -7.789572929561015, 0.0 ], [ 109.742855262594745, -7.789606876758212, 0.0 ], [ 109.742850045867343, -7.789620108515746, 0.0 ], [ 109.742828048604736, -7.789675902516737, 0.0 ], [ 109.742824157179768, -7.789687721187627, 0.0 ], [ 109.742812210697494, -7.789716073875531, 0.0 ], [ 109.742807778780858, -7.789727315007272, 0.0 ], [ 109.742791950855533, -7.789767461108507, 0.0 ], [ 109.742776122911124, -7.789807607189242, 0.0 ], [ 109.742762056835346, -7.789843284506404, 0.0 ], [ 109.742760622760429, -7.789848082145273, 0.0 ], [ 109.742755774780363, -7.789859218330935, 0.0 ], [ 109.7427444670179, -7.789887899360085, 0.0 ], [ 109.742740059545511, -7.78989907849848, 0.0 ], [ 109.742718062245658, -7.789954872488324, 0.0 ], [ 109.7427128111012, -7.789968191516648, 0.0 ], [ 109.742699338818809, -7.790002362613036, 0.0 ], [ 109.742695764342315, -7.790007114803549, 0.0 ], [ 109.742694200846898, -7.790010660945375, 0.0 ], [ 109.742690218332001, -7.790019693671401, 0.0 ], [ 109.742677171085234, -7.790044486525163, 0.0 ], [ 109.742670007346135, -7.790066448414597, 0.0 ], [ 109.742662665056926, -7.790085958871506, 0.0 ], [ 109.742656393717994, -7.790108921285224, 0.0 ], [ 109.74265207037385, -7.790122254444793, 0.0 ], [ 109.742642902811781, -7.79014550703929, 0.0 ], [ 109.742615391954331, -7.790149570813306, 0.0 ], [ 109.742614138048552, -7.790149324660602, 0.0 ], [ 109.742586853602177, -7.790158976520877, 0.0 ], [ 109.742543331623722, -7.790121931798362, 0.0 ], [ 109.74253098643527, -7.790111423979905, 0.0 ], [ 109.742522862944227, -7.790113776290155, 0.0 ], [ 109.742498762109605, -7.790121799544946, 0.0 ], [ 109.742480933082717, -7.790127734910983, 0.0 ], [ 109.742474921950802, -7.790130014574379, 0.0 ], [ 109.742418729979434, -7.790191333836665, 0.0 ], [ 109.742362537990232, -7.790252653490262, 0.0 ], [ 109.742306345985696, -7.790313972731977, 0.0 ], [ 109.74225015396334, -7.790375292365119, 0.0 ], [ 109.74219396192558, -7.790436611586427, 0.0 ], [ 109.742184653452, -7.790446769434163, 0.0 ], [ 109.742176196908986, -7.790455997673678, 0.0 ], [ 109.742137769870055, -7.790497931198997, 0.0 ], [ 109.742081577799112, -7.790559250399851, 0.0 ], [ 109.742077658384446, -7.790563527446651, 0.0 ], [ 109.742074097683741, -7.790567413073539, 0.0 ], [ 109.742078026370152, -7.790570931894126, 0.0 ], [ 109.742081528016783, -7.790575930678846, 0.0 ], [ 109.742101050186079, -7.790603799428133, 0.0 ], [ 109.742109286656145, -7.790623376769715, 0.0 ], [ 109.742123143785378, -7.790637589183071, 0.0 ], [ 109.742150755154398, -7.790665908596903, 0.0 ], [ 109.742163907495666, -7.790679398146322, 0.0 ], [ 109.742178361791332, -7.790694232700917, 0.0 ], [ 109.742193147778494, -7.7907094273265, 0.0 ], [ 109.742204704265532, -7.790723810109247, 0.0 ], [ 109.742210905657146, -7.790735396891633, 0.0 ], [ 109.742193012842762, -7.79075464251983, 0.0 ], [ 109.742173908066363, -7.790772144741847, 0.0 ], [ 109.742159115796753, -7.790791102397272, 0.0 ], [ 109.742055536034329, -7.790902513382596, 0.0 ], [ 109.742040623605902, -7.790918553242126, 0.0 ], [ 109.742024444372973, -7.790935955733937, 0.0 ], [ 109.74200374613234, -7.790958218862274, 0.0 ], [ 109.741986723520824, -7.790976528432493, 0.0 ], [ 109.741968254850406, -7.790996393452744, 0.0 ], [ 109.741951956216454, -7.791013924333277, 0.0 ], [ 109.741932823423795, -7.791034503613357, 0.0 ], [ 109.741912065311539, -7.791056831157972, 0.0 ], [ 109.741900166286754, -7.791069629795638, 0.0 ], [ 109.741851973189526, -7.791121466303907, 0.0 ], [ 109.741825023144344, -7.791150453904946, 0.0 ], [ 109.741799686185374, -7.79117770636643, 0.0 ], [ 109.741796586223643, -7.791181040693881, 0.0 ], [ 109.741771144294262, -7.791208450420091, 0.0 ], [ 109.741761221362779, -7.791219174070878, 0.0 ], [ 109.741744958759554, -7.791236746612825, 0.0 ], [ 109.741744312698358, -7.791237556859974, 0.0 ], [ 109.74174349422286, -7.791238939440925, 0.0 ], [ 109.741688581342899, -7.791346882877076, 0.0 ], [ 109.741631419775302, -7.791459246273579, 0.0 ], [ 109.741349114798624, -7.792014177702336, 0.0 ], [ 109.741292774749184, -7.792124925753598, 0.0 ], [ 109.741236434665879, -7.79223567404789, 0.0 ], [ 109.741234144168629, -7.792238419090612, 0.0 ], [ 109.741226621833476, -7.792250415546256, 0.0 ], [ 109.74121206108515, -7.792272289679436, 0.0 ], [ 109.741193108274288, -7.792309300816986, 0.0 ], [ 109.741180104407235, -7.792343122480961, 0.0 ], [ 109.74115474907714, -7.792352177792767, 0.0 ], [ 109.741131081087332, -7.792359122386721, 0.0 ], [ 109.741124035295329, -7.792363146726822, 0.0 ], [ 109.741067966179344, -7.792383170905971, 0.0 ], [ 109.741049823316388, -7.792389650271676, 0.0 ], [ 109.741018841096405, -7.792400715102095, 0.0 ], [ 109.741011897059138, -7.792403195044485, 0.0 ], [ 109.740844511933133, -7.792462974250422, 0.0 ], [ 109.740843689671394, -7.792463267905728, 0.0 ], [ 109.740802724675703, -7.792477897634938, 0.0 ], [ 109.740787620534661, -7.792483291807031, 0.0 ], [ 109.740619413095345, -7.792543364572047, 0.0 ], [ 109.740596809218474, -7.792551437125299, 0.0 ], [ 109.740579799665937, -7.792557511692133, 0.0 ], [ 109.740563343941233, -7.792563388504897, 0.0 ], [ 109.740535696147901, -7.79254554237511, 0.0 ], [ 109.740527546760077, -7.79251789125346, 0.0 ], [ 109.740526264378786, -7.792499199773392, 0.0 ], [ 109.740528786833025, -7.792483191382103, 0.0 ], [ 109.740527861948166, -7.792462032991456, 0.0 ], [ 109.740542455783043, -7.792350357978437, 0.0 ], [ 109.740544943349519, -7.792331322336852, 0.0 ], [ 109.740547603643734, -7.792310964634775, 0.0 ], [ 109.740549752552411, -7.7922945204707, 0.0 ], [ 109.740557049437129, -7.792238682962704, 0.0 ], [ 109.740557889025922, -7.792232258125117, 0.0 ], [ 109.740564326166449, -7.792182999663219, 0.0 ], [ 109.740578940119477, -7.792071170435357, 0.0 ], [ 109.740581048735351, -7.792055034624055, 0.0 ], [ 109.740583780579271, -7.792034129916945, 0.0 ], [ 109.740586236945049, -7.79201533292496, 0.0 ], [ 109.740593533814234, -7.791959495414006, 0.0 ], [ 109.740596726254324, -7.791935065725762, 0.0 ], [ 109.740597771178585, -7.791927069691559, 0.0 ], [ 109.740600830611768, -7.79190365790229, 0.0 ], [ 109.740621804571163, -7.791743160125313, 0.0 ], [ 109.74062285497692, -7.791735122127434, 0.0 ], [ 109.740629090462846, -7.79168740530146, 0.0 ], [ 109.740630017951716, -7.791680307850384, 0.0 ], [ 109.740659205432067, -7.79145695778976, 0.0 ], [ 109.74066145477201, -7.791439745028149, 0.0 ], [ 109.74066466095725, -7.791415209766861, 0.0 ], [ 109.740666502145629, -7.791401120272727, 0.0 ], [ 109.740673798980694, -7.791345282755486, 0.0 ], [ 109.740674400357307, -7.791340680793549, 0.0 ], [ 109.740677447393935, -7.791317363996629, 0.0 ], [ 109.740688392672709, -7.791233607719326, 0.0 ], [ 109.740689744604722, -7.791223262232914, 0.0 ], [ 109.740693818892652, -7.791192084613626, 0.0 ], [ 109.740695689467302, -7.791177770200258, 0.0 ], [ 109.740702986289975, -7.791121932680655, 0.0 ], [ 109.740706466948268, -7.791095297277499, 0.0 ], [ 109.740706634650309, -7.791094013920506, 0.0 ], [ 109.740710283022295, -7.791066095160298, 0.0 ], [ 109.740717579863684, -7.791010257639645, 0.0 ], [ 109.740718131133391, -7.790992372075951, 0.0 ], [ 109.74072151684959, -7.790968990352941, 0.0 ], [ 109.740722067067551, -7.790954411768468, 0.0 ], [ 109.740693762558664, -7.790940812645754, 0.0 ], [ 109.74068023037286, -7.7909344262394, 0.0 ], [ 109.740512436854942, -7.790856204068744, 0.0 ], [ 109.740502768935173, -7.790851697055801, 0.0 ], [ 109.740484471275465, -7.790843167034772, 0.0 ], [ 109.740400574548886, -7.790804055923415, 0.0 ], [ 109.740388140711943, -7.790798259483247, 0.0 ], [ 109.740361332396375, -7.790785761945838, 0.0 ], [ 109.740344643407639, -7.79077798184128, 0.0 ], [ 109.740330207479204, -7.790771252056155, 0.0 ], [ 109.74031172193358, -7.790762634398566, 0.0 ], [ 109.740288712274406, -7.79075190770752, 0.0 ], [ 109.74027651914119, -7.790741841131946, 0.0 ], [ 109.740264658479333, -7.790729615354681, 0.0 ], [ 109.740249604845957, -7.790712830676753, 0.0 ], [ 109.740232880139644, -7.790692714637406, 0.0 ], [ 109.74012474291753, -7.790558152446641, 0.0 ], [ 109.740099832779237, -7.790527155099769, 0.0 ], [ 109.740082540430478, -7.790505637118122, 0.0 ], [ 109.740065475697634, -7.790484402342995, 0.0 ], [ 109.740009674252846, -7.790414964760879, 0.0 ], [ 109.73999254617263, -7.790393651147041, 0.0 ], [ 109.739975282116106, -7.79037216835788, 0.0 ], [ 109.73995387282541, -7.790345527313375, 0.0 ], [ 109.7398575546963, -7.790225672167322, 0.0 ], [ 109.739853049588945, -7.790214883490137, 0.0 ], [ 109.739835489332975, -7.790176599526579, 0.0 ], [ 109.739832042805176, -7.79016973711211, 0.0 ], [ 109.739829990250797, -7.790113871817983, 0.0 ], [ 109.739827937574191, -7.790058006523378, 0.0 ], [ 109.739825885021602, -7.790002141229141, 0.0 ], [ 109.739824652986201, -7.789983903474699, 0.0 ], [ 109.739823944932809, -7.78996527207048, 0.0 ], [ 109.739822573636985, -7.789946272191493, 0.0 ], [ 109.739818609163891, -7.789921813518625, 0.0 ], [ 109.739818308394419, -7.789915166979763, 0.0 ], [ 109.739812964845086, -7.78989038442753, 0.0 ], [ 109.739808414826228, -7.789869282298164, 0.0 ], [ 109.739797079766447, -7.789844187018509, 0.0 ], [ 109.739793964862827, -7.78983446873728, 0.0 ], [ 109.739792370756234, -7.789829495206815, 0.0 ], [ 109.739787408734159, -7.789822775809184, 0.0 ], [ 109.739731474778679, -7.789797700299915, 0.0 ], [ 109.739718125264957, -7.789791715687278, 0.0 ], [ 109.739688188912623, -7.789778294991733, 0.0 ], [ 109.739675540830802, -7.789772624781098, 0.0 ], [ 109.739619606889178, -7.789747549709289, 0.0 ], [ 109.739507739031453, -7.789697398646339, 0.0 ], [ 109.739451805112665, -7.789672323555434, 0.0 ], [ 109.739339937300556, -7.789622172451174, 0.0 ], [ 109.739284003404578, -7.789597097341282, 0.0 ], [ 109.739172135638128, -7.789546946198915, 0.0 ], [ 109.739116201764972, -7.789521871069979, 0.0 ], [ 109.739004334044111, -7.789471719892735, 0.0 ], [ 109.738948400193763, -7.789446644744707, 0.0 ], [ 109.738923901705093, -7.789472369251578, 0.0 ], [ 109.738928639236846, -7.789496739613599, 0.0 ], [ 109.738938733932656, -7.789506232296987, 0.0 ], [ 109.738948190287886, -7.789516811807351, 0.0 ], [ 109.738971885973996, -7.789529058577212, 0.0 ], [ 109.738977864317192, -7.789552745259051, 0.0 ], [ 109.739004011646173, -7.789579494822872, 0.0 ], [ 109.739024298367426, -7.78958848327974, 0.0 ], [ 109.739032625165109, -7.789608767371795, 0.0 ], [ 109.739059849649266, -7.789636618890919, 0.0 ], [ 109.739078297670929, -7.789646334743892, 0.0 ], [ 109.739087386024465, -7.789664789479735, 0.0 ], [ 109.739115687667478, -7.789693742953879, 0.0 ], [ 109.739132488473501, -7.789703996363317, 0.0 ], [ 109.739142146901415, -7.789720811582724, 0.0 ], [ 109.739171525700741, -7.78975086701175, 0.0 ], [ 109.73918684238204, -7.789761496292536, 0.0 ], [ 109.739196907792874, -7.789776833680818, 0.0 ], [ 109.73922736374908, -7.789807991064535, 0.0 ], [ 109.739241336383174, -7.789818857342531, 0.0 ], [ 109.739251668698813, -7.789832855774038, 0.0 ], [ 109.739283201812469, -7.789865115112263, 0.0 ], [ 109.739295951577205, -7.789876098252839, 0.0 ], [ 109.739306429681619, -7.789888877862547, 0.0 ], [ 109.739322575997278, -7.78990539600831, 0.0 ], [ 109.739339039891149, -7.789922239093369, 0.0 ], [ 109.739350672303146, -7.789933234547237, 0.0 ], [ 109.739361190613451, -7.789944899945954, 0.0 ], [ 109.739394877985035, -7.789979363040209, 0.0 ], [ 109.739525473592579, -7.790112966167124, 0.0 ], [ 109.739533940682037, -7.790140444257086, 0.0 ], [ 109.739534066833684, -7.790141269728495, 0.0 ], [ 109.73954756053115, -7.790168891046902, 0.0 ], [ 109.739393992591999, -7.79027541101004, 0.0 ], [ 109.739391189999651, -7.790277354977873, 0.0 ], [ 109.739337867176701, -7.790314341481738, 0.0 ], [ 109.739325157317396, -7.790323157447805, 0.0 ], [ 109.739309804465421, -7.790333806712525, 0.0 ], [ 109.739281741751654, -7.790353271947524, 0.0 ], [ 109.739259124621711, -7.790368959905052, 0.0 ], [ 109.739226811182164, -7.790391373602554, 0.0 ], [ 109.73919309190309, -7.790414762339949, 0.0 ], [ 109.739160075558956, -7.790437663573717, 0.0 ], [ 109.739127059161717, -7.790460564755565, 0.0 ], [ 109.739094042810805, -7.790483465983006, 0.0 ], [ 109.73906102640683, -7.790506367158548, 0.0 ], [ 109.739057239954462, -7.790508993563578, 0.0 ], [ 109.739031390614798, -7.790528233266449, 0.0 ], [ 109.739028838106734, -7.790530099165187, 0.0 ], [ 109.7390010990093, -7.790553095231246, 0.0 ], [ 109.738998443882849, -7.790555631159128, 0.0 ], [ 109.73899571230811, -7.790558263484417, 0.0 ], [ 109.738970015737706, -7.79058313570708, 0.0 ], [ 109.738941593440103, -7.790610646121732, 0.0 ], [ 109.738913171182233, -7.79063815658255, 0.0 ], [ 109.73888474887724, -7.790665666992182, 0.0 ], [ 109.73885632661198, -7.790693177447955, 0.0 ], [ 109.738827904296514, -7.790720687852426, 0.0 ], [ 109.738823111057911, -7.790725327320955, 0.0 ], [ 109.738776412348301, -7.790770527948632, 0.0 ], [ 109.738765577430343, -7.790781015246137, 0.0 ], [ 109.738742637461399, -7.790803219187194, 0.0 ], [ 109.738720240612906, -7.790824897501615, 0.0 ], [ 109.738708043631732, -7.790836703160429, 0.0 ], [ 109.738685792846837, -7.790858240018874, 0.0 ], [ 109.738664068863059, -7.790879267047912, 0.0 ], [ 109.738650509814917, -7.790892391064404, 0.0 ], [ 109.738628948214384, -7.790913260843621, 0.0 ], [ 109.73860789709876, -7.790933636581054, 0.0 ], [ 109.738551725320079, -7.790988006104259, 0.0 ], [ 109.738543681264417, -7.790995792082935, 0.0 ], [ 109.738535442138982, -7.791003766841109, 0.0 ], [ 109.738495553526946, -7.79104237562076, 0.0 ], [ 109.73848683659503, -7.791050812879122, 0.0 ], [ 109.738477908279847, -7.791059454713891, 0.0 ], [ 109.738439381719402, -7.791096745124226, 0.0 ], [ 109.738429991910877, -7.791105833668388, 0.0 ], [ 109.738420374402466, -7.791115142576219, 0.0 ], [ 109.738383209897378, -7.791151114621, 0.0 ], [ 109.738362840581672, -7.791170830428459, 0.0 ], [ 109.738344724902007, -7.791188364873892, 0.0 ], [ 109.738316302519962, -7.791215875232754, 0.0 ], [ 109.738287880180891, -7.791243385637815, 0.0 ], [ 109.738259457794612, -7.791270895991629, 0.0 ], [ 109.738231035448123, -7.791298406391602, 0.0 ], [ 109.738202613051357, -7.7913259167403, 0.0 ], [ 109.738190238832004, -7.791337893922122, 0.0 ], [ 109.738158522464587, -7.791368592687123, 0.0 ], [ 109.738132704988061, -7.791393581732858, 0.0 ], [ 109.738117345963133, -7.791408447891456, 0.0 ], [ 109.738103938002695, -7.791421425634182, 0.0 ], [ 109.738075171022956, -7.791449269532883, 0.0 ], [ 109.738060501182929, -7.791463468614854, 0.0 ], [ 109.738046404033184, -7.791477113428986, 0.0 ], [ 109.73801809270222, -7.791504516281758, 0.0 ], [ 109.73800365638796, -7.791518489324756, 0.0 ], [ 109.737990006738912, -7.791531700992593, 0.0 ], [ 109.73793383480151, -7.791586070410126, 0.0 ], [ 109.737918389194192, -7.791601020399962, 0.0 ], [ 109.737902569030695, -7.791616332870629, 0.0 ], [ 109.737877662849684, -7.791640439814486, 0.0 ], [ 109.737861091601999, -7.791655586829152, 0.0 ], [ 109.737845035005051, -7.791672020629085, 0.0 ], [ 109.737821490883377, -7.791694809212141, 0.0 ], [ 109.737799106201123, -7.791705449998726, 0.0 ], [ 109.737783560388436, -7.79172769663767, 0.0 ], [ 109.737774074493004, -7.791736362236052, 0.0 ], [ 109.737765330540739, -7.791745293030424, 0.0 ], [ 109.737751504137421, -7.791741402135878, 0.0 ], [ 109.737738621212984, -7.791727562755498, 0.0 ], [ 109.737718861660554, -7.791671644744035, 0.0 ], [ 109.737699102427129, -7.791615726733284, 0.0 ], [ 109.737679342883084, -7.791559808721318, 0.0 ], [ 109.737672714002997, -7.791541049340016, 0.0 ], [ 109.737662621945844, -7.791512489038433, 0.0 ], [ 109.7376581399147, -7.791499805054899, 0.0 ], [ 109.737654082000873, -7.791488321429437, 0.0 ], [ 109.737620064594125, -7.791392054685187, 0.0 ], [ 109.73760030538169, -7.791336136673306, 0.0 ], [ 109.737580545858663, -7.791280218660232, 0.0 ], [ 109.737570774556289, -7.791252566360849, 0.0 ], [ 109.737556120507278, -7.7912110958885, 0.0 ], [ 109.737543005425536, -7.791173981038111, 0.0 ], [ 109.737521267632715, -7.791112464620648, 0.0 ], [ 109.737501508441255, -7.791056546607674, 0.0 ], [ 109.737481748939189, -7.791000628593486, 0.0 ], [ 109.737478590961558, -7.790991691670971, 0.0 ], [ 109.737468675305621, -7.790963630967449, 0.0 ], [ 109.737454101211796, -7.790922386719297, 0.0 ], [ 109.737447919278125, -7.790904892214506, 0.0 ], [ 109.737442230262502, -7.790888792565392, 0.0 ], [ 109.737422470773055, -7.790832874550496, 0.0 ], [ 109.737402711602627, -7.790776956536396, 0.0 ], [ 109.737376390811306, -7.790702470439297, 0.0 ], [ 109.73736665610609, -7.790674921789875, 0.0 ], [ 109.73735590397466, -7.790644493542873, 0.0 ], [ 109.737352082043827, -7.790633677524774, 0.0 ], [ 109.737343433489968, -7.79060920249074, 0.0 ], [ 109.737323674021496, -7.790553284474765, 0.0 ], [ 109.737303914872072, -7.790497366459457, 0.0 ], [ 109.737265314567665, -7.790388130033294, 0.0 ], [ 109.737263888656585, -7.790384094762445, 0.0 ], [ 109.737250063009697, -7.790344968304851, 0.0 ], [ 109.737244636822382, -7.790329612410525, 0.0 ], [ 109.737224877374942, -7.790273694393377, 0.0 ], [ 109.737205118246493, -7.790217776376957, 0.0 ], [ 109.737165599375658, -7.790105940341641, 0.0 ], [ 109.73720053369766, -7.790096424384835, 0.0 ], [ 109.737210189452384, -7.790093119427017, 0.0 ], [ 109.737230086398426, -7.790086309116027, 0.0 ], [ 109.737242520921669, -7.790082523778899, 0.0 ], [ 109.737266257473379, -7.790073387490507, 0.0 ], [ 109.737282879842539, -7.790066989489655, 0.0 ], [ 109.7373174551728, -7.790050533704478, 0.0 ], [ 109.737321059903763, -7.790049269137564, 0.0 ], [ 109.7373784077989, -7.79002915094911, 0.0 ], [ 109.737434475618173, -7.790009481893431, 0.0 ], [ 109.737462509526338, -7.789999647322065, 0.0 ], [ 109.737490543433452, -7.789989812755004, 0.0 ], [ 109.737527935413254, -7.789976695332586, 0.0 ], [ 109.73756931050896, -7.789962180558654, 0.0 ], [ 109.737585854822598, -7.789956376672963, 0.0 ], [ 109.737610685624119, -7.789947665803024, 0.0 ], [ 109.737658746853768, -7.789930805426064, 0.0 ], [ 109.73771217663888, -7.789912061769179, 0.0 ], [ 109.737776185953194, -7.789889606618472, 0.0 ], [ 109.73779112081553, -7.789884367332649, 0.0 ], [ 109.737826950236368, -7.789871798029158, 0.0 ], [ 109.737883018022373, -7.789852128826312, 0.0 ], [ 109.737939085803944, -7.789832459696107, 0.0 ], [ 109.737995153581551, -7.789812790476779, 0.0 ], [ 109.738051221354723, -7.789793121330091, 0.0 ], [ 109.738106897669923, -7.789773589423006, 0.0 ], [ 109.738107166409662, -7.789773467882024, 0.0 ], [ 109.738107289457972, -7.789773340528132, 0.0 ], [ 109.73813457286748, -7.789744938350678, 0.0 ], [ 109.738145674202059, -7.789717845727501, 0.0 ], [ 109.738127616631346, -7.789494355334858, 0.0 ], [ 109.738126166756487, -7.789476410673099, 0.0 ], [ 109.738124404874142, -7.789454604685206, 0.0 ], [ 109.738123102264353, -7.789438482736732, 0.0 ], [ 109.738109626383704, -7.789271698159608, 0.0 ], [ 109.738086987098654, -7.788991501951402, 0.0 ], [ 109.738073018846364, -7.78897217213293, 0.0 ], [ 109.73805369425952, -7.788967058001337, 0.0 ], [ 109.738038593389987, -7.788976324997603, 0.0 ], [ 109.738032160623547, -7.788991338707671, 0.0 ], [ 109.738023535903125, -7.789017244221473, 0.0 ], [ 109.738003526411802, -7.789041066320579, 0.0 ], [ 109.737999080332798, -7.789047099364085, 0.0 ], [ 109.73799814407117, -7.789047794984675, 0.0 ], [ 109.737997443972716, -7.789047734103285, 0.0 ], [ 109.737969428958991, -7.789075011496575, 0.0 ], [ 109.737960266319206, -7.789102842942885, 0.0 ], [ 109.737955595127303, -7.789117158423064, 0.0 ], [ 109.737941177840156, -7.789133695473529, 0.0 ], [ 109.737923560257869, -7.789141044224814, 0.0 ], [ 109.737914398566005, -7.789158565511339, 0.0 ], [ 109.737902260535293, -7.789175700612466, 0.0 ], [ 109.737902589180564, -7.789196827398428, 0.0 ], [ 109.737897528182557, -7.789214374425862, 0.0 ], [ 109.737894449178484, -7.789223889905156, 0.0 ], [ 109.73788486660419, -7.789234713528415, 0.0 ], [ 109.737860215267247, -7.789245569409288, 0.0 ], [ 109.737847532904468, -7.789270084692009, 0.0 ], [ 109.737839974839048, -7.789281288598025, 0.0 ], [ 109.737834408885973, -7.789320113493069, 0.0 ], [ 109.737832377549168, -7.789325898708997, 0.0 ], [ 109.737831461888149, -7.789328773989727, 0.0 ], [ 109.737828565532482, -7.78933232689628, 0.0 ], [ 109.73781009909267, -7.789344213958016, 0.0 ], [ 109.737795191018179, -7.789348409809845, 0.0 ], [ 109.737795470021283, -7.789358717057479, 0.0 ], [ 109.737785679119554, -7.789381618782655, 0.0 ], [ 109.737780534221528, -7.789389731073856, 0.0 ], [ 109.737772308707392, -7.789415153706996, 0.0 ], [ 109.73775620402732, -7.789421347002882, 0.0 ], [ 109.737747697452207, -7.789437364810778, 0.0 ], [ 109.737730634166013, -7.789451719170302, 0.0 ], [ 109.737731113762734, -7.78947821195289, 0.0 ], [ 109.737725945288318, -7.789493159172713, 0.0 ], [ 109.737722208221399, -7.789499291868183, 0.0 ], [ 109.737716008615294, -7.789512421724776, 0.0 ], [ 109.737690253196249, -7.789523257791176, 0.0 ], [ 109.737676610854137, -7.789548871377516, 0.0 ], [ 109.737665303071196, -7.789554251746464, 0.0 ], [ 109.737659862632484, -7.789558218068781, 0.0 ], [ 109.737643422564815, -7.789565147953501, 0.0 ], [ 109.737617492848216, -7.78956231011543, 0.0 ], [ 109.737614671308535, -7.789593651591175, 0.0 ], [ 109.737608398919107, -7.789604527343319, 0.0 ], [ 109.737605668875275, -7.789606473577809, 0.0 ], [ 109.737603706076555, -7.789607541016251, 0.0 ], [ 109.737599253061802, -7.789608937042862, 0.0 ], [ 109.737551220468376, -7.789607871833265, 0.0 ], [ 109.737547686402081, -7.789611154767203, 0.0 ], [ 109.737536596036122, -7.789615361611277, 0.0 ], [ 109.737492474946123, -7.789604958773892, 0.0 ], [ 109.737492402947836, -7.789659174053089, 0.0 ], [ 109.737491909076923, -7.789660039475672, 0.0 ], [ 109.737491631476772, -7.789660139017169, 0.0 ], [ 109.737491530623984, -7.789660211717274, 0.0 ], [ 109.737491220061329, -7.789660346750847, 0.0 ], [ 109.737488664504539, -7.789660029809914, 0.0 ], [ 109.737489138396327, -7.789604172078642, 0.0 ], [ 109.737489159954919, -7.789601632832756, 0.0 ], [ 109.737489593677097, -7.789550573549564, 0.0 ], [ 109.737489612857175, -7.789548314349008, 0.0 ], [ 109.737490086752629, -7.789492456617496, 0.0 ], [ 109.737490277450917, -7.7894907010301, 0.0 ], [ 109.73749829334858, -7.789442716914604, 0.0 ], [ 109.737499706530059, -7.789436626130987, 0.0 ], [ 109.737590779618941, -7.789157601693732, 0.0 ], [ 109.73755409344399, -7.789152472487079, 0.0 ], [ 109.73754905629005, -7.789153732440852, 0.0 ], [ 109.737546586325024, -7.789155010508078, 0.0 ], [ 109.737541967907021, -7.789157456298887, 0.0 ], [ 109.737533937598059, -7.789172454756606, 0.0 ], [ 109.737537770997804, -7.789202192542438, 0.0 ], [ 109.737512241181761, -7.789193964330333, 0.0 ], [ 109.737492905700151, -7.78920108029649, 0.0 ], [ 109.73748535678628, -7.789205631659549, 0.0 ], [ 109.737437329153906, -7.789212538417259, 0.0 ], [ 109.737436862121911, -7.789212693982751, 0.0 ], [ 109.737436659341299, -7.789212799819194, 0.0 ], [ 109.737436309277172, -7.789213000698581, 0.0 ], [ 109.737432190432912, -7.789217632882901, 0.0 ], [ 109.737412547372756, -7.789244634681749, 0.0 ], [ 109.737406084012562, -7.789243514462879, 0.0 ], [ 109.737380739184104, -7.789250803118284, 0.0 ], [ 109.737369320922923, -7.789257291906452, 0.0 ], [ 109.737341777754565, -7.789268578218043, 0.0 ], [ 109.737335749551647, -7.789279636113248, 0.0 ], [ 109.737324632946141, -7.789283333710224, 0.0 ], [ 109.737299469304418, -7.78929926249129, 0.0 ], [ 109.737293743836972, -7.789299194298254, 0.0 ], [ 109.737268556040959, -7.789306069180602, 0.0 ], [ 109.737256872304442, -7.789312551244748, 0.0 ], [ 109.737236015917546, -7.78932412225141, 0.0 ], [ 109.737226525766403, -7.789338130937691, 0.0 ], [ 109.737212437239307, -7.789342789046794, 0.0 ], [ 109.73719253597362, -7.789360055337282, 0.0 ], [ 109.737173215229404, -7.789379794267374, 0.0 ], [ 109.737168816673915, -7.789392284175638, 0.0 ], [ 109.737156245242431, -7.789403939052833, 0.0 ], [ 109.737138749924227, -7.789435550705935, 0.0 ], [ 109.737126724465597, -7.789462105915385, 0.0 ], [ 109.73712252333651, -7.789468939927075, 0.0 ], [ 109.73710986436248, -7.789491323767257, 0.0 ], [ 109.737107320974388, -7.789498664829733, 0.0 ], [ 109.73709993159197, -7.78950569014851, 0.0 ], [ 109.737092453842649, -7.789519201452948, 0.0 ], [ 109.737077021825499, -7.789547085033496, 0.0 ], [ 109.737066570966135, -7.789569833219836, 0.0 ], [ 109.737050700313858, -7.789595836933785, 0.0 ], [ 109.737046738731635, -7.789602853923003, 0.0 ], [ 109.737045949162336, -7.789605169802261, 0.0 ], [ 109.737043617911425, -7.789607441290254, 0.0 ], [ 109.737024271826058, -7.789639447365622, 0.0 ], [ 109.737015293656512, -7.78965861934614, 0.0 ], [ 109.737006451492604, -7.789677594683275, 0.0 ], [ 109.736987304200809, -7.789709192448767, 0.0 ], [ 109.736983200909563, -7.789710293803723, 0.0 ], [ 109.73695545852037, -7.789738486273989, 0.0 ], [ 109.736952891198584, -7.789748496061399, 0.0 ], [ 109.736942993542755, -7.789770122135695, 0.0 ], [ 109.736939240229276, -7.789778240934496, 0.0 ], [ 109.736931025369344, -7.78979929337561, 0.0 ], [ 109.73691359092831, -7.789787457708939, 0.0 ], [ 109.736900234368136, -7.789769994694626, 0.0 ], [ 109.736820317580822, -7.789602898589951, 0.0 ], [ 109.736793218979301, -7.789546239209408, 0.0 ], [ 109.736712957670804, -7.78937842258871, 0.0 ], [ 109.7366862036924, -7.789322483713052, 0.0 ], [ 109.736632696196679, -7.789210605961099, 0.0 ], [ 109.736635586025486, -7.789193449826631, 0.0 ], [ 109.736652884063048, -7.789164318511362, 0.0 ], [ 109.736656433975355, -7.789158340153469, 0.0 ], [ 109.736661723100696, -7.78915483335986, 0.0 ], [ 109.736697557453084, -7.789143573074285, 0.0 ], [ 109.736731030539431, -7.789133054830251, 0.0 ], [ 109.736740081166175, -7.789130210860165, 0.0 ], [ 109.736782604843, -7.789116848605672, 0.0 ], [ 109.736813275673995, -7.789107210933364, 0.0 ], [ 109.73682512856432, -7.789103486395095, 0.0 ], [ 109.736837817584203, -7.789099499098932, 0.0 ], [ 109.736877150417087, -7.789087139477123, 0.0 ], [ 109.736933211966047, -7.789069523305398, 0.0 ], [ 109.736989273511853, -7.789051906973232, 0.0 ], [ 109.737013912243967, -7.789044164757897, 0.0 ], [ 109.737037747028097, -7.789036675154975, 0.0 ], [ 109.737060011087351, -7.789029679078996, 0.0 ], [ 109.737080270677964, -7.789023312854484, 0.0 ], [ 109.737122794363003, -7.789009950588309, 0.0 ], [ 109.737142256293993, -7.789003835011572, 0.0 ], [ 109.737165318008692, -7.788996588278407, 0.0 ], [ 109.737207841720689, -7.788983226035233, 0.0 ], [ 109.737224501383452, -7.788977991033109, 0.0 ], [ 109.737250365356019, -7.788969863712641, 0.0 ], [ 109.737292889035842, -7.788956501430897, 0.0 ], [ 109.737306746574561, -7.788952146927245, 0.0 ], [ 109.737335412676345, -7.7889431391054, 0.0 ], [ 109.737366101166842, -7.788933495832713, 0.0 ], [ 109.737374751272455, -7.788926581208338, 0.0 ], [ 109.737399557469814, -7.788915828078852, 0.0 ], [ 109.737412869020119, -7.78890879842792, 0.0 ], [ 109.737437795202425, -7.788901141227719, 0.0 ], [ 109.737455621056782, -7.788895665246675, 0.0 ], [ 109.73747949080105, -7.788892275870392, 0.0 ], [ 109.737493840717377, -7.788888866522983, 0.0 ], [ 109.737502227580265, -7.788886399288268, 0.0 ], [ 109.737538684123749, -7.788878150789667, 0.0 ], [ 109.737512169713412, -7.78885987835532, 0.0 ], [ 109.737493952374948, -7.788851581824295, 0.0 ], [ 109.737437996747133, -7.788833844371354, 0.0 ], [ 109.737428964726774, -7.788830981263644, 0.0 ], [ 109.737386398793276, -7.788817487862086, 0.0 ], [ 109.737382041126295, -7.788816106500618, 0.0 ], [ 109.737326085510048, -7.788798369034447, 0.0 ], [ 109.737301266467412, -7.788790501509246, 0.0 ], [ 109.737292049671069, -7.788787579780132, 0.0 ], [ 109.737258700481391, -7.788777008157512, 0.0 ], [ 109.737222365420848, -7.788765490190429, 0.0 ], [ 109.737214174296113, -7.788762893667622, 0.0 ], [ 109.737210415317705, -7.788761702088514, 0.0 ], [ 109.73717356817248, -7.788750021791226, 0.0 ], [ 109.737131002177719, -7.788736528444058, 0.0 ], [ 109.737130240900868, -7.788736287125084, 0.0 ], [ 109.737102263105299, -7.788727418277472, 0.0 ], [ 109.737046307517957, -7.788709680778035, 0.0 ], [ 109.736990351937578, -7.788691942860688, 0.0 ], [ 109.736878440791784, -7.788656467828671, 0.0 ], [ 109.736866592148033, -7.788652711802215, 0.0 ], [ 109.736833039626958, -7.788642075600716, 0.0 ], [ 109.736822485228799, -7.788638729891344, 0.0 ], [ 109.736766529670334, -7.788620992355478, 0.0 ], [ 109.736747907388065, -7.788615089147768, 0.0 ], [ 109.736720609471107, -7.78860643565756, 0.0 ], [ 109.736705341479947, -7.78860159571372, 0.0 ], [ 109.736688706489076, -7.788596322509966, 0.0 ], [ 109.736654618572018, -7.788585516858872, 0.0 ], [ 109.736638975331203, -7.788580557993553, 0.0 ], [ 109.736620209254866, -7.788574609244167, 0.0 ], [ 109.736577643306717, -7.78856111585026, 0.0 ], [ 109.736557341011007, -7.788554680123718, 0.0 ], [ 109.736542707496767, -7.788550041335753, 0.0 ], [ 109.736510819860044, -7.788539933147407, 0.0 ], [ 109.736492511101687, -7.788534129357602, 0.0 ], [ 109.736475706883283, -7.788528802421601, 0.0 ], [ 109.736449945210552, -7.788520635903748, 0.0 ], [ 109.736430796444722, -7.788514565786004, 0.0 ], [ 109.736374840926729, -7.788496828203583, 0.0 ], [ 109.736364813031841, -7.788493649381575, 0.0 ], [ 109.736322247181974, -7.788480155880637, 0.0 ], [ 109.736318885415727, -7.788479090206429, 0.0 ], [ 109.736316022559734, -7.788480642730375, 0.0 ], [ 109.736308990733718, -7.788483472335966, 0.0 ], [ 109.736276166146709, -7.788496680980423, 0.0 ], [ 109.736262812575944, -7.788500496376722, 0.0 ], [ 109.736248537042258, -7.788524987015881, 0.0 ], [ 109.736240295130443, -7.78853912664077, 0.0 ], [ 109.736206514375198, -7.788597079885774, 0.0 ], [ 109.736037619606961, -7.788886829323874, 0.0 ], [ 109.736012769113088, -7.788929461992188, 0.0 ], [ 109.736000217420681, -7.788948164806746, 0.0 ], [ 109.735981359035804, -7.78897082515145, 0.0 ], [ 109.735973953738565, -7.788977840812873, 0.0 ], [ 109.735956529958941, -7.788985153380832, 0.0 ], [ 109.735930414472236, -7.788990184023374, 0.0 ], [ 109.735917661318254, -7.788992640660645, 0.0 ], [ 109.735883567114243, -7.788999208193199, 0.0 ], [ 109.735847936827298, -7.789006071647283, 0.0 ], [ 109.735836719792388, -7.789008232389939, 0.0 ], [ 109.735789872450653, -7.789017256564963, 0.0 ], [ 109.735785186528233, -7.78901815921666, 0.0 ], [ 109.735743025126368, -7.789026280750727, 0.0 ], [ 109.735708487796856, -7.789032933626117, 0.0 ], [ 109.735696177766627, -7.789035304898491, 0.0 ], [ 109.735649330458628, -7.789044329092703, 0.0 ], [ 109.735638763229161, -7.789046364647254, 0.0 ], [ 109.735602483093416, -7.789053353226262, 0.0 ], [ 109.735569038730745, -7.789059795581923, 0.0 ], [ 109.735555635764314, -7.789062377393219, 0.0 ], [ 109.735508788418485, -7.789071401531968, 0.0 ], [ 109.735504980962489, -7.789072134960881, 0.0 ], [ 109.735461941083841, -7.789080425687943, 0.0 ], [ 109.735429589675803, -7.789086657466349, 0.0 ], [ 109.735415093716952, -7.789089449799421, 0.0 ], [ 109.735364878163423, -7.789099122780177, 0.0 ], [ 109.735308837040989, -7.789109917832581, 0.0 ], [ 109.735290140625921, -7.789113519285822, 0.0 ], [ 109.735274551649482, -7.789116522149594, 0.0 ], [ 109.735227704305714, -7.789125546271527, 0.0 ], [ 109.73518085694522, -7.789134570368501, 0.0 ], [ 109.735150691530961, -7.78914038109209, 0.0 ], [ 109.735140713662801, -7.789142303107685, 0.0 ], [ 109.735133612717533, -7.789143196280614, 0.0 ], [ 109.735084977075175, -7.789149836460505, 0.0 ], [ 109.735084682206789, -7.789149874282805, 0.0 ], [ 109.735031749419989, -7.789146912694182, 0.0 ], [ 109.734972683536128, -7.789143607859542, 0.0 ], [ 109.734916684203711, -7.789140474680745, 0.0 ], [ 109.734860684873567, -7.789137341407185, 0.0 ], [ 109.734804685545157, -7.789134208213855, 0.0 ], [ 109.734748686219064, -7.789131074925776, 0.0 ], [ 109.734692686894704, -7.789127941717905, 0.0 ], [ 109.73463668757266, -7.789124808415294, 0.0 ], [ 109.734612710021892, -7.789124807169226, 0.0 ], [ 109.734605043184658, -7.789124399755088, 0.0 ], [ 109.73458068009937, -7.789124391287257, 0.0 ], [ 109.734557566507419, -7.789125507525027, 0.0 ], [ 109.734547590330862, -7.789125664698761, 0.0 ], [ 109.734524664441381, -7.789126701104543, 0.0 ], [ 109.734504431452066, -7.78912822299345, 0.0 ], [ 109.734487552212173, -7.789129492602812, 0.0 ], [ 109.734452484336174, -7.789132130334482, 0.0 ], [ 109.734426763058011, -7.789134065051624, 0.0 ], [ 109.734412621695029, -7.789135128735043, 0.0 ], [ 109.734365973885119, -7.789138637514101, 0.0 ], [ 109.734348590188475, -7.789139945081215, 0.0 ], [ 109.734300578948861, -7.789143556341557, 0.0 ], [ 109.734192748919128, -7.78915166710699, 0.0 ], [ 109.734183606432666, -7.789152354779991, 0.0 ], [ 109.734140801788001, -7.789155574395858, 0.0 ], [ 109.734076493457167, -7.789160411521997, 0.0 ], [ 109.734062028150191, -7.789161499559949, 0.0 ], [ 109.734036907641013, -7.789163389064348, 0.0 ], [ 109.734001238999753, -7.789166071946174, 0.0 ], [ 109.733984960525646, -7.789167296349811, 0.0 ], [ 109.733964450711881, -7.78916883903424, 0.0 ], [ 109.733908429339238, -7.789173052812987, 0.0 ], [ 109.733880418652973, -7.789175159683343, 0.0 ], [ 109.733829119257521, -7.789179018238571, 0.0 ], [ 109.7338188715581, -7.789179789041588, 0.0 ], [ 109.733796386594364, -7.789181480279747, 0.0 ], [ 109.733740365221891, -7.789185694035731, 0.0 ], [ 109.73372711178925, -7.789188725774785, 0.0 ], [ 109.733698093253778, -7.78920184801182, 0.0 ], [ 109.733697778765801, -7.789215322231382, 0.0 ], [ 109.733699496133454, -7.789242442085933, 0.0 ], [ 109.733699188280397, -7.789257710348454, 0.0 ], [ 109.733702436945379, -7.789313579119744, 0.0 ], [ 109.733718679433224, -7.789592922973464, 0.0 ], [ 109.733721928096244, -7.78964879174468, 0.0 ], [ 109.733738136744762, -7.789927553811449, 0.0 ], [ 109.733741419232032, -7.789984004368459, 0.0 ], [ 109.733757661699997, -7.790263348220424, 0.0 ], [ 109.73375893004625, -7.790285161122891, 0.0 ], [ 109.733759600989146, -7.790296700244543, 0.0 ], [ 109.733762389639637, -7.790344659128046, 0.0 ], [ 109.733762662817369, -7.790349357055343, 0.0 ], [ 109.733764158852537, -7.79037508576144, 0.0 ], [ 109.733780401305879, -7.790654429612347, 0.0 ], [ 109.7337789858462, -7.790667328150755, 0.0 ], [ 109.733781270706402, -7.790699764439927, 0.0 ], [ 109.73377955051744, -7.790710286132993, 0.0 ], [ 109.733772662173976, -7.79072928941954, 0.0 ], [ 109.733776169941123, -7.790750673679511, 0.0 ], [ 109.733741405110067, -7.790760276596558, 0.0 ], [ 109.733735623342, -7.790764177890831, 0.0 ], [ 109.733679671720992, -7.79074510541291, 0.0 ], [ 109.733653390485614, -7.79073614688223, 0.0 ], [ 109.733648267467828, -7.790734400568697, 0.0 ], [ 109.733623720105882, -7.790726033015807, 0.0 ], [ 109.733410419804827, -7.79065332387828, 0.0 ], [ 109.733307517565962, -7.790618247032547, 0.0 ], [ 109.733405840064435, -7.790131317198134, 0.0 ], [ 109.733420438839389, -7.790131704636583, 0.0 ], [ 109.733456098734152, -7.790149405106252, 0.0 ], [ 109.733457425813839, -7.79014949347545, 0.0 ], [ 109.733467755414097, -7.790105073545931, 0.0 ], [ 109.733468489640984, -7.790094906876274, 0.0 ], [ 109.73346789379228, -7.790084659403223, 0.0 ], [ 109.733465703395197, -7.79004698775464, 0.0 ], [ 109.733464832072755, -7.790032002521651, 0.0 ], [ 109.733461992628492, -7.789983169342762, 0.0 ], [ 109.733456126450236, -7.789882279554221, 0.0 ], [ 109.733521, -7.789561, 0.0 ], [ 109.733663540190037, -7.789063815291195, 0.0 ], [ 109.733712738079376, -7.789060114797834, 0.0 ], [ 109.733768759434469, -7.789055901071983, 0.0 ], [ 109.733796770112079, -7.789053794204612, 0.0 ], [ 109.733814652043804, -7.789052449180425, 0.0 ], [ 109.733852791467385, -7.789049580464164, 0.0 ], [ 109.733880802144967, -7.78904747359105, 0.0 ], [ 109.733918546205061, -7.78904463460812, 0.0 ], [ 109.73395821184549, -7.789041651060195, 0.0 ], [ 109.734079790084266, -7.789032506311289, 0.0 ], [ 109.734132898244738, -7.789028511631738, 0.0 ], [ 109.734188919600271, -7.789024297887821, 0.0 ], [ 109.734244940956074, -7.789020084068333, 0.0 ], [ 109.734300962311963, -7.789015870250904, 0.0 ], [ 109.734328972989843, -7.78901376336368, 0.0 ], [ 109.73433412280589, -7.789013376012446, 0.0 ], [ 109.734356983667823, -7.789011656474538, 0.0 ], [ 109.734413005023782, -7.789007442651739, 0.0 ], [ 109.734469026379855, -7.7890032288019, 0.0 ], [ 109.734497037057878, -7.789001121900006, 0.0 ], [ 109.734525047735829, -7.788999014993034, 0.0 ], [ 109.734553058413908, -7.788996908074393, 0.0 ], [ 109.734581069092002, -7.788994801153855, 0.0 ], [ 109.734637090448388, -7.788990587284466, 0.0 ], [ 109.734693111804532, -7.788986373443187, 0.0 ], [ 109.734698025507043, -7.788986298469824, 0.0 ], [ 109.734748424134835, -7.788982255423654, 0.0 ], [ 109.734749132911048, -7.788982242840365, 0.0 ], [ 109.734749849274195, -7.788982267356331, 0.0 ], [ 109.734803783018506, -7.788983066341663, 0.0 ], [ 109.734805139005104, -7.78898311448057, 0.0 ], [ 109.734910160940188, -7.788988990586537, 0.0 ], [ 109.734984036341899, -7.788993123990885, 0.0 ], [ 109.735029136250731, -7.788995647365733, 0.0 ], [ 109.735085135567175, -7.7889987805786, 0.0 ], [ 109.735100024532571, -7.788997443241211, 0.0 ], [ 109.735128633836055, -7.788995171265975, 0.0 ], [ 109.735141158425066, -7.788994068282362, 0.0 ], [ 109.735150675207834, -7.78899223508986, 0.0 ], [ 109.735199168445945, -7.788982893931858, 0.0 ], [ 109.735253240638016, -7.788972478148802, 0.0 ], [ 109.735281261190295, -7.78896708058544, 0.0 ], [ 109.735291217221587, -7.788965162762346, 0.0 ], [ 109.735309281742133, -7.788961683020005, 0.0 ], [ 109.735341948756954, -7.788955390444324, 0.0 ], [ 109.735365322844316, -7.788950887938447, 0.0 ], [ 109.73540589228665, -7.788943073098562, 0.0 ], [ 109.735533446140849, -7.788918502565294, 0.0 ], [ 109.735589487236297, -7.788907707393975, 0.0 ], [ 109.735627509012076, -7.788900383314702, 0.0 ], [ 109.735645528329982, -7.788896912276173, 0.0 ], [ 109.735664805332604, -7.78889177516414, 0.0 ], [ 109.73569268680032, -7.788881520834861, 0.0 ], [ 109.735701591574809, -7.788878730320074, 0.0 ], [ 109.735706002899661, -7.788877082527753, 0.0 ], [ 109.73571316440605, -7.788872709276583, 0.0 ], [ 109.735745668211607, -7.788816947124166, 0.0 ], [ 109.735750126397008, -7.788809298832811, 0.0 ], [ 109.73575784823106, -7.788796051526171, 0.0 ], [ 109.735770732927378, -7.788773946950188, 0.0 ], [ 109.735778171870649, -7.78876118496731, 0.0 ], [ 109.735814146558795, -7.788699468159884, 0.0 ], [ 109.735908186895998, -7.788538136301157, 0.0 ], [ 109.73591497893463, -7.788526484129186, 0.0 ], [ 109.735926743128402, -7.788506301851011, 0.0 ], [ 109.735935585437844, -7.788491132236842, 0.0 ], [ 109.735940690520579, -7.788482374124293, 0.0 ], [ 109.735973194201136, -7.788426611943591, 0.0 ], [ 109.735976798510734, -7.788420428525371, 0.0 ], [ 109.735997405095787, -7.788385076719174, 0.0 ], [ 109.736005697975258, -7.788370849759181, 0.0 ], [ 109.736039339585702, -7.788313135344942, 0.0 ], [ 109.736103209047982, -7.78820356318119, 0.0 ], [ 109.736121044284999, -7.788172965620644, 0.0 ], [ 109.736141650815668, -7.788137613777125, 0.0 ], [ 109.736151964532311, -7.788119919878635, 0.0 ], [ 109.736162257286765, -7.788102261879994, 0.0 ], [ 109.736168216293493, -7.788092038775561, 0.0 ], [ 109.736208234060413, -7.788023385518207, 0.0 ], [ 109.736298230861891, -7.787868989916725, 0.0 ], [ 109.736306502789077, -7.787854798837852, 0.0 ], [ 109.736320830235712, -7.787830219017947, 0.0 ], [ 109.736334017569703, -7.787826378139591, 0.0 ], [ 109.736365957856691, -7.787813332694971, 0.0 ], [ 109.736373703672172, -7.787810169069921, 0.0 ], [ 109.736376904179807, -7.78780841222552, 0.0 ], [ 109.736392677517472, -7.787813412345955, 0.0 ], [ 109.736423244460497, -7.787823102063218, 0.0 ], [ 109.73645129978722, -7.787831995531586, 0.0 ], [ 109.736465810414813, -7.787836595379614, 0.0 ], [ 109.736488815047068, -7.787843887759824, 0.0 ], [ 109.736508376372555, -7.787850088695449, 0.0 ], [ 109.736532934120163, -7.787857873555133, 0.0 ], [ 109.736544770488862, -7.787861625693542, 0.0 ], [ 109.736570562706646, -7.78786980170493, 0.0 ], [ 109.736600725937535, -7.787879363267591, 0.0 ], [ 109.736614568142286, -7.787883751239776, 0.0 ], [ 109.736636074240636, -7.787890568635879, 0.0 ], [ 109.736656681391196, -7.787897101113506, 0.0 ], [ 109.73671263685128, -7.787914838709874, 0.0 ], [ 109.736721206239224, -7.78791755517801, 0.0 ], [ 109.736748449079386, -7.787926191000037, 0.0 ], [ 109.736768592317176, -7.787932576276968, 0.0 ], [ 109.736777836248322, -7.787935506592461, 0.0 ], [ 109.736806338279308, -7.787944541672396, 0.0 ], [ 109.736824547788174, -7.787950314089934, 0.0 ], [ 109.736848904226349, -7.787958034989701, 0.0 ], [ 109.736859470506204, -7.787961384436021, 0.0 ], [ 109.736891470276561, -7.787971528206307, 0.0 ], [ 109.736934036242658, -7.7879850215062, 0.0 ], [ 109.736936458748275, -7.787985789440184, 0.0 ], [ 109.736941104701842, -7.787987262190667, 0.0 ], [ 109.736976602212152, -7.787998514805548, 0.0 ], [ 109.736992414236809, -7.788003527132877, 0.0 ], [ 109.737048369731809, -7.788021264627803, 0.0 ], [ 109.737061734358079, -7.788025501189193, 0.0 ], [ 109.737104373204559, -7.788039017729017, 0.0 ], [ 109.737160280737953, -7.788056740002599, 0.0 ], [ 109.737189432340969, -7.788065980995817, 0.0 ], [ 109.737216236249168, -7.788074477807951, 0.0 ], [ 109.737272191767104, -7.788092215337834, 0.0 ], [ 109.737282107123619, -7.788095358477958, 0.0 ], [ 109.737317130394629, -7.788106460725722, 0.0 ], [ 109.737328147290143, -7.788109953068303, 0.0 ], [ 109.737384102819689, -7.788127690584902, 0.0 ], [ 109.737402262525265, -7.788133447118907, 0.0 ], [ 109.737430909807628, -7.78814252809014, 0.0 ], [ 109.737440058354821, -7.788145428120727, 0.0 ], [ 109.73745999361465, -7.788151747504015, 0.0 ], [ 109.737487394622377, -7.788160433541838, 0.0 ], [ 109.737512544154598, -7.788168405807524, 0.0 ], [ 109.737529960660339, -7.788173926765267, 0.0 ], [ 109.737551969441753, -7.788180903402474, 0.0 ], [ 109.737572526695388, -7.788187419988148, 0.0 ], [ 109.737594178635106, -7.788194283637334, 0.0 ], [ 109.737607924993426, -7.788198641203349, 0.0 ], [ 109.737637879204158, -7.788208136459895, 0.0 ], [ 109.737663880551864, -7.788216378657597, 0.0 ], [ 109.737675812798557, -7.788220161115233, 0.0 ], [ 109.73770022489559, -7.788227899562589, 0.0 ], [ 109.737719836115616, -7.78823411626057, 0.0 ], [ 109.737742790900256, -7.788241392811991, 0.0 ], [ 109.737757447110951, -7.788246038721911, 0.0 ], [ 109.737775791685195, -7.788251853840722, 0.0 ], [ 109.737787657756897, -7.788252605013664, 0.0 ], [ 109.737815765927323, -7.788264525351879, 0.0 ], [ 109.737831747260941, -7.788269591284672, 0.0 ], [ 109.737834992513513, -7.78826781388483, 0.0 ], [ 109.737836292007501, -7.788264586473248, 0.0 ], [ 109.737837231968072, -7.788259150379355, 0.0 ], [ 109.737848968016692, -7.78822580912908, 0.0 ], [ 109.737850890388657, -7.788208770788824, 0.0 ], [ 109.737847291292937, -7.788152900917923, 0.0 ], [ 109.737846376396007, -7.788138698914033, 0.0 ], [ 109.737844479437328, -7.788109252862735, 0.0 ], [ 109.737843692100199, -7.78809703104659, 0.0 ], [ 109.737843003975456, -7.78808634942944, 0.0 ], [ 109.737840620826503, -7.788049355075401, 0.0 ], [ 109.737840092963467, -7.788041161175509, 0.0 ], [ 109.737839631632866, -7.788033999870605, 0.0 ], [ 109.73783676213155, -7.787989457210159, 0.0 ], [ 109.737829295570393, -7.787873551562052, 0.0 ], [ 109.737829044983172, -7.787869661710203, 0.0 ], [ 109.737826142244842, -7.787824601644752, 0.0 ], [ 109.73782569645762, -7.787817681690893, 0.0 ], [ 109.737825186383759, -7.78780976393583, 0.0 ], [ 109.737822769744895, -7.787772252240765, 0.0 ], [ 109.737822097160731, -7.78776181181923, 0.0 ], [ 109.737821327606923, -7.787749865982807, 0.0 ], [ 109.737819397394887, -7.787719902688355, 0.0 ], [ 109.737818498038152, -7.787705941948015, 0.0 ], [ 109.737814898940258, -7.787650072076853, 0.0 ], [ 109.737813610428503, -7.787630070459834, 0.0 ], [ 109.73781265271279, -7.78761520356067, 0.0 ], [ 109.737811299792298, -7.787594202205542, 0.0 ], [ 109.737809751768907, -7.787570172626889, 0.0 ], [ 109.737809280283955, -7.787562854085641, 0.0 ], [ 109.737807700559856, -7.787538332333956, 0.0 ], [ 109.73780410140516, -7.787482462462548, 0.0 ], [ 109.737804665401129, -7.787456043482629, 0.0 ], [ 109.737804434976169, -7.787452785420112, 0.0 ], [ 109.737805093047783, -7.787426606260182, 0.0 ], [ 109.737807923690113, -7.787400259247711, 0.0 ], [ 109.737809677186462, -7.787395381937101, 0.0 ], [ 109.737813834710266, -7.787370773132903, 0.0 ], [ 109.737816811993383, -7.787353150511516, 0.0 ], [ 109.737834571491504, -7.787326138988412, 0.0 ], [ 109.738002210291853, -7.78756684102433, 0.0 ], [ 109.73802170261655, -7.787594828633386, 0.0 ], [ 109.738036491286337, -7.78761606270349, 0.0 ], [ 109.738059436243987, -7.787649008091194, 0.0 ], [ 109.738060686918047, -7.787650803848938, 0.0 ], [ 109.738099671581423, -7.787706779063481, 0.0 ], [ 109.738105326481957, -7.787714898557792, 0.0 ], [ 109.738128271452752, -7.787747843943404, 0.0 ], [ 109.738151216527129, -7.787780789224946, 0.0 ], [ 109.738169185031438, -7.787806589177354, 0.0 ], [ 109.738173017253231, -7.787814869014028, 0.0 ], [ 109.738179330008876, -7.787828919067894, 0.0 ], [ 109.738190413751738, -7.787853315135084, 0.0 ], [ 109.738207505825144, -7.78789206306795, 0.0 ], [ 109.738223379958214, -7.787929140874887, 0.0 ], [ 109.738224252016678, -7.787931153907929, 0.0 ], [ 109.738224816863948, -7.787932497107088, 0.0 ], [ 109.738246697894937, -7.787986512534951, 0.0 ], [ 109.738256459372039, -7.788010609563988, 0.0 ], [ 109.738261745897546, -7.788023659882193, 0.0 ], [ 109.738269353165407, -7.788042439134306, 0.0 ], [ 109.738272555627674, -7.788050344751624, 0.0 ], [ 109.738280680844596, -7.788070402433939, 0.0 ], [ 109.73828865199539, -7.788090079832408, 0.0 ], [ 109.738292008525093, -7.788098365733486, 0.0 ], [ 109.738299981674757, -7.788118048287027, 0.0 ], [ 109.738304748218653, -7.788129815058417, 0.0 ], [ 109.738320844538222, -7.788169550193778, 0.0 ], [ 109.738336940710425, -7.788209285474254, 0.0 ], [ 109.738338217087005, -7.788212436304217, 0.0 ], [ 109.738353037116283, -7.788249020525254, 0.0 ], [ 109.738359974300622, -7.788266145527856, 0.0 ] ], [ [ 109.737110518620284, -7.789267889174053, 0.0 ], [ 109.737148476305293, -7.789276132306957, 0.0 ], [ 109.737156635713376, -7.789273595757984, 0.0 ], [ 109.737160214669132, -7.789271600688019, 0.0 ], [ 109.737166979485821, -7.78926805741265, 0.0 ], [ 109.737166144568548, -7.789258616233378, 0.0 ], [ 109.737156696277353, -7.789253378667281, 0.0 ], [ 109.737145545160757, -7.789256882693144, 0.0 ], [ 109.737110518620284, -7.789267889174053, 0.0 ] ], [ [ 109.738047269813208, -7.791112929490666, 0.0 ], [ 109.738047751798248, -7.791113550414156, 0.0 ], [ 109.738097975687523, -7.791108881461733, 0.0 ], [ 109.738103285922165, -7.791110576024198, 0.0 ], [ 109.738128841992562, -7.791083823096707, 0.0 ], [ 109.738157307197383, -7.791058500084697, 0.0 ], [ 109.738158213307841, -7.791057264814165, 0.0 ], [ 109.738159456215001, -7.791056725295622, 0.0 ], [ 109.738187542132522, -7.791029540588799, 0.0 ], [ 109.73821515551812, -7.79100281319853, 0.0 ], [ 109.738215385450602, -7.791002572584979, 0.0 ], [ 109.738215628046532, -7.791002355830922, 0.0 ], [ 109.738243922482965, -7.790974969283425, 0.0 ], [ 109.738272689397306, -7.790947125365681, 0.0 ], [ 109.738327971666365, -7.790893616874992, 0.0 ], [ 109.738358990111308, -7.790863593596562, 0.0 ], [ 109.738387757013598, -7.790835749668336, 0.0 ], [ 109.738552658733141, -7.790676138740717, 0.0 ], [ 109.738560358466344, -7.790668686044903, 0.0 ], [ 109.738584884774681, -7.790644946611893, 0.0 ], [ 109.738613307085103, -7.790617436212314, 0.0 ], [ 109.738641729370087, -7.790589925787478, 0.0 ], [ 109.738670151673119, -7.790562415386078, 0.0 ], [ 109.738721173881757, -7.790513030034362, 0.0 ], [ 109.738732959708116, -7.790501622327718, 0.0 ], [ 109.738755418494847, -7.790479884091966, 0.0 ], [ 109.738783840761357, -7.790452373657718, 0.0 ], [ 109.738812263045915, -7.790424863240339, 0.0 ], [ 109.738833517241858, -7.790404290900212, 0.0 ], [ 109.73884068529884, -7.7903973527945, 0.0 ], [ 109.738848027181987, -7.79039024646453, 0.0 ], [ 109.738869107579148, -7.790369842375379, 0.0 ], [ 109.738889688900287, -7.790349921316683, 0.0 ], [ 109.738898067665033, -7.790342871534504, 0.0 ], [ 109.738909367504391, -7.790334569845712, 0.0 ], [ 109.738930800681203, -7.790319686058393, 0.0 ], [ 109.738945819519131, -7.790309264078541, 0.0 ], [ 109.738963814420686, -7.790296782231427, 0.0 ], [ 109.738996830791848, -7.790273881042, 0.0 ], [ 109.739062863449476, -7.790228078585325, 0.0 ], [ 109.739095879810492, -7.790205177386366, 0.0 ], [ 109.739128896143285, -7.790182276161488, 0.0 ], [ 109.739161912494467, -7.790159374956146, 0.0 ], [ 109.739170321230119, -7.790153542376901, 0.0 ], [ 109.739227945118358, -7.790113572467824, 0.0 ], [ 109.739230086035562, -7.790112087457709, 0.0 ], [ 109.73922877934065, -7.790109771540889, 0.0 ], [ 109.739219037810031, -7.790063736189675, 0.0 ], [ 109.739219127220863, -7.790056195675942, 0.0 ], [ 109.739000083603969, -7.789832107243418, 0.0 ], [ 109.738972703151404, -7.789804096183808, 0.0 ], [ 109.73894532273674, -7.789776085123043, 0.0 ], [ 109.738917942294563, -7.789748074061013, 0.0 ], [ 109.738890561887175, -7.789720062997802, 0.0 ], [ 109.73883573228045, -7.789663970589924, 0.0 ], [ 109.738807813293121, -7.789635408524513, 0.0 ], [ 109.738779894309459, -7.789606846496742, 0.0 ], [ 109.738751975329635, -7.789578284428736, 0.0 ], [ 109.738724056353533, -7.78954972239514, 0.0 ], [ 109.738696137381282, -7.789521160327875, 0.0 ], [ 109.738669884551555, -7.789494302812054, 0.0 ], [ 109.738668218412627, -7.789492598301417, 0.0 ], [ 109.738640299447837, -7.789464036264019, 0.0 ], [ 109.738614590441955, -7.789437735048422, 0.0 ], [ 109.738586943375495, -7.789409451185698, 0.0 ], [ 109.73855929634712, -7.789381167283054, 0.0 ], [ 109.738528623626308, -7.789349788075687, 0.0 ], [ 109.738500704680334, -7.789321226031899, 0.0 ], [ 109.73833319108391, -7.789149853645348, 0.0 ], [ 109.738311578747343, -7.789138158573581, 0.0 ], [ 109.738300141937984, -7.789136854513648, 0.0 ], [ 109.738299400743202, -7.789125940383838, 0.0 ], [ 109.738288193321267, -7.78910381929661, 0.0 ], [ 109.738277353248577, -7.789092729506354, 0.0 ], [ 109.738271171193333, -7.789097617673237, 0.0 ], [ 109.738269177047442, -7.789103762685421, 0.0 ], [ 109.738269412808634, -7.789111626206601, 0.0 ], [ 109.73826826151469, -7.789150724791286, 0.0 ], [ 109.738268496370111, -7.789159619819479, 0.0 ], [ 109.738276843834427, -7.789262931915432, 0.0 ], [ 109.738277577533069, -7.789270610515144, 0.0 ], [ 109.738277525217541, -7.789271365019416, 0.0 ], [ 109.738286554055691, -7.789383110219308, 0.0 ], [ 109.738289971183079, -7.789425402301594, 0.0 ], [ 109.738292365914219, -7.78945504073558, 0.0 ], [ 109.73830009729275, -7.789550728019077, 0.0 ], [ 109.738303847927483, -7.789597148224608, 0.0 ], [ 109.738304611657341, -7.789606600618852, 0.0 ], [ 109.738318154928834, -7.789774218418746, 0.0 ], [ 109.73831630175944, -7.78978914879497, 0.0 ], [ 109.738319273597881, -7.789818195615712, 0.0 ], [ 109.738316804270198, -7.789830073557424, 0.0 ], [ 109.738289156173906, -7.789844005247661, 0.0 ], [ 109.738275087257747, -7.789849799411443, 0.0 ], [ 109.738244191799467, -7.789860637872652, 0.0 ], [ 109.738207040099539, -7.789873671105968, 0.0 ], [ 109.738165664997027, -7.789888185917856, 0.0 ], [ 109.738106883918491, -7.789908807010809, 0.0 ], [ 109.73807885002492, -7.789918641615309, 0.0 ], [ 109.738050816130283, -7.789928476211305, 0.0 ], [ 109.737983366914236, -7.78995213810272, 0.0 ], [ 109.737958789599276, -7.789960760065598, 0.0 ], [ 109.737910646641637, -7.789977649140731, 0.0 ], [ 109.737882612740748, -7.789987483730728, 0.0 ], [ 109.737857528791039, -7.789996283418548, 0.0 ], [ 109.737835615781407, -7.790005259091442, 0.0 ], [ 109.737826541529827, -7.790008290349065, 0.0 ], [ 109.737808139628996, -7.790014470557575, 0.0 ], [ 109.737794105689844, -7.790019638447667, 0.0 ], [ 109.737770477126787, -7.790026822018395, 0.0 ], [ 109.737751914132147, -7.790033334087713, 0.0 ], [ 109.737710539029393, -7.790047848879204, 0.0 ], [ 109.737699640221521, -7.790051672293898, 0.0 ], [ 109.737696739416037, -7.790069218421367, 0.0 ], [ 109.737696096933377, -7.790089385584658, 0.0 ], [ 109.737691989965583, -7.790107508652059, 0.0 ], [ 109.737697776178848, -7.790123883397182, 0.0 ], [ 109.737710484546326, -7.790159847175577, 0.0 ], [ 109.737712350426634, -7.790165127498982, 0.0 ], [ 109.737726924582915, -7.790206371694309, 0.0 ], [ 109.737741808847119, -7.790248493260484, 0.0 ], [ 109.737751268177107, -7.790275262663696, 0.0 ], [ 109.737756072952351, -7.790288860029639, 0.0 ], [ 109.7377710274896, -7.790331180666864, 0.0 ], [ 109.737785221359047, -7.790371348338742, 0.0 ], [ 109.737790786955856, -7.790387098670153, 0.0 ], [ 109.73779979552674, -7.790412592536637, 0.0 ], [ 109.73780249987766, -7.790420245647931, 0.0 ], [ 109.737810546345329, -7.790443016673041, 0.0 ], [ 109.737814369759263, -7.790453836666662, 0.0 ], [ 109.73782511628346, -7.790484248720531, 0.0 ], [ 109.737828943953417, -7.790495080838483, 0.0 ], [ 109.737833171737137, -7.790507045200423, 0.0 ], [ 109.737843518202979, -7.790536324958595, 0.0 ], [ 109.737850065230305, -7.790554852678406, 0.0 ], [ 109.737858092354827, -7.790577569172147, 0.0 ], [ 109.737863843510397, -7.790593844654937, 0.0 ], [ 109.737869824526385, -7.790610770680286, 0.0 ], [ 109.737880654615921, -7.790641419002386, 0.0 ], [ 109.737887240812228, -7.790660057463296, 0.0 ], [ 109.737889584047963, -7.790666688682599, 0.0 ], [ 109.737894515418077, -7.790680644235584, 0.0 ], [ 109.737901814958406, -7.790701301695899, 0.0 ], [ 109.737909343389845, -7.790722606684172, 0.0 ], [ 109.737916389206916, -7.790742545825046, 0.0 ], [ 109.73792518723026, -7.790767443708489, 0.0 ], [ 109.737930963438941, -7.790783789973437, 0.0 ], [ 109.737938982638056, -7.790806483686764, 0.0 ], [ 109.737945537717025, -7.790825034076487, 0.0 ], [ 109.737948862385394, -7.790834442687469, 0.0 ], [ 109.737955859151953, -7.790854243278291, 0.0 ], [ 109.737960111862961, -7.790866278318257, 0.0 ], [ 109.737968621668202, -7.790890360688135, 0.0 ], [ 109.737988381235681, -7.790946278689461, 0.0 ], [ 109.738003834492631, -7.790990010858838, 0.0 ], [ 109.738008140539321, -7.791002196689645, 0.0 ], [ 109.738018408769634, -7.791031254974224, 0.0 ], [ 109.738027900068502, -7.791058114690331, 0.0 ], [ 109.738047269813208, -7.791112929490666, 0.0 ] ], [ [ 109.73889238032335, -7.789450325687705, 0.0 ], [ 109.738912595019727, -7.789461025296844, 0.0 ], [ 109.738935588415913, -7.789440901118026, 0.0 ], [ 109.738892466352326, -7.789421569137037, 0.0 ], [ 109.738881810174476, -7.789430138966188, 0.0 ], [ 109.738883100395753, -7.789440744933446, 0.0 ], [ 109.738888170541145, -7.789444974518104, 0.0 ], [ 109.73889238032335, -7.789450325687705, 0.0 ] ] ] ] } },
{ "type": "Feature", "properties": { "OBJECTID": 29, "Join_Count": 1, "TARGET_FID": 33, "Id": 77, "Contour": 0.4, "Shape_Leng": 336.69763370700002, "Skor": 1.0, "Shape_Le_1": 336.69763370700002, "Shape_Area": 7072.4100457300001 }, "geometry": { "type": "Polygon", "coordinates": [ [ [ 109.743047410872506, -7.788006827209309, 0.0 ], [ 109.74304127525194, -7.788029499602766, 0.0 ], [ 109.742985408267629, -7.787981947241388, 0.0 ], [ 109.742929541295993, -7.787934394968508, 0.0 ], [ 109.742875677434867, -7.787888547576443, 0.0 ], [ 109.742817807391717, -7.787839290312382, 0.0 ], [ 109.742761940459118, -7.787791737929166, 0.0 ], [ 109.742706073539125, -7.787744185634404, 0.0 ], [ 109.742650206632376, -7.78769663324029, 0.0 ], [ 109.742632787678431, -7.787681806723862, 0.0 ], [ 109.742602561925125, -7.787656079433615, 0.0 ], [ 109.742594339738289, -7.787649080934613, 0.0 ], [ 109.742546398525221, -7.787608274646784, 0.0 ], [ 109.742542367456451, -7.787604370030526, 0.0 ], [ 109.742538474288608, -7.787601048614601, 0.0 ], [ 109.742512497311068, -7.787578290192534, 0.0 ], [ 109.742492068231925, -7.787561714241368, 0.0 ], [ 109.742482605989167, -7.787553976212989, 0.0 ], [ 109.742481610713497, -7.787553218081125, 0.0 ], [ 109.742480394595546, -7.787552219598464, 0.0 ], [ 109.742480302898855, -7.787549910286414, 0.0 ], [ 109.742482638424789, -7.78754310045397, 0.0 ], [ 109.742492187959783, -7.787505808468024, 0.0 ], [ 109.742494938522881, -7.787496403490322, 0.0 ], [ 109.742500645647013, -7.787478652928182, 0.0 ], [ 109.742505601232068, -7.787463239880148, 0.0 ], [ 109.742512881159954, -7.787440597462832, 0.0 ], [ 109.742530823819294, -7.787384791433761, 0.0 ], [ 109.742532477049849, -7.787378152143083, 0.0 ], [ 109.742539196878582, -7.787358749175653, 0.0 ], [ 109.74254646097495, -7.787336156086551, 0.0 ], [ 109.742548766472808, -7.787328985403029, 0.0 ], [ 109.7425846517624, -7.787217373336554, 0.0 ], [ 109.742587320687704, -7.787209072287573, 0.0 ], [ 109.742600940599715, -7.787166711034447, 0.0 ], [ 109.742602594395336, -7.787161567300834, 0.0 ], [ 109.742620537025601, -7.787105761263459, 0.0 ], [ 109.742628180370275, -7.787081988476747, 0.0 ], [ 109.742632071120468, -7.787069887283857, 0.0 ], [ 109.74263847961889, -7.787049955224298, 0.0 ], [ 109.74265226279455, -7.787007086193098, 0.0 ], [ 109.742656422268666, -7.786994149183696, 0.0 ], [ 109.742662585800176, -7.786983940815912, 0.0 ], [ 109.742673527893501, -7.78695940726855, 0.0 ], [ 109.74270240049168, -7.78693842628864, 0.0 ], [ 109.742706441477083, -7.786936403035777, 0.0 ], [ 109.742708482055662, -7.786936437087012, 0.0 ], [ 109.742714085644593, -7.786938460943618, 0.0 ], [ 109.742749253323595, -7.786953710582186, 0.0 ], [ 109.742764430413274, -7.786956644029382, 0.0 ], [ 109.742792056648511, -7.786966621806113, 0.0 ], [ 109.742833488259876, -7.786981585695758, 0.0 ], [ 109.742874663840652, -7.786996457061662, 0.0 ], [ 109.742932275524694, -7.78701726472, 0.0 ], [ 109.742957014940615, -7.787026199850598, 0.0 ], [ 109.742967104337978, -7.78702984385025, 0.0 ], [ 109.742998190488038, -7.787041071244555, 0.0 ], [ 109.743044172297672, -7.787057678448637, 0.0 ], [ 109.743100120693597, -7.787077885351678, 0.0 ], [ 109.74315606909623, -7.787098092151061, 0.0 ], [ 109.743204068389403, -7.787115428064434, 0.0 ], [ 109.743228861966202, -7.787124382739648, 0.0 ], [ 109.74324524398881, -7.787130299408112, 0.0 ], [ 109.743286419566687, -7.787145170774023, 0.0 ], [ 109.743316114521406, -7.787155895651479, 0.0 ], [ 109.7433239143419, -7.787158712704164, 0.0 ], [ 109.743379862769842, -7.787178919574459, 0.0 ], [ 109.743387899783698, -7.787211642272469, 0.0 ], [ 109.743386797183433, -7.787219751839548, 0.0 ], [ 109.743384753355784, -7.787224759566775, 0.0 ], [ 109.743379684403735, -7.787238771582277, 0.0 ], [ 109.743360209423216, -7.787256160946853, 0.0 ], [ 109.743356981090415, -7.787275522727634, 0.0 ], [ 109.743348422281287, -7.787300360948128, 0.0 ], [ 109.743348593662446, -7.787306304953374, 0.0 ], [ 109.74334368501485, -7.787331342584077, 0.0 ], [ 109.743337746592914, -7.787345676048897, 0.0 ], [ 109.743323252879819, -7.787380659307915, 0.0 ], [ 109.74332024995735, -7.787384147837766, 0.0 ], [ 109.743319755935545, -7.787387130918508, 0.0 ], [ 109.743317588663828, -7.787392737699993, 0.0 ], [ 109.743303312363665, -7.787423180508014, 0.0 ], [ 109.743297456295466, -7.787442924080973, 0.0 ], [ 109.743266838362985, -7.787516826017272, 0.0 ], [ 109.743255630916138, -7.787543420128848, 0.0 ], [ 109.743251227535211, -7.78755450556835, 0.0 ], [ 109.743240391719183, -7.787580659777777, 0.0 ], [ 109.743228113150678, -7.78761029630847, 0.0 ], [ 109.74322309080533, -7.787622824942623, 0.0 ], [ 109.743207134848106, -7.78766284247974, 0.0 ], [ 109.743205847105244, -7.787666089561406, 0.0 ], [ 109.743194848570184, -7.787693986585801, 0.0 ], [ 109.743153983931904, -7.787797636910503, 0.0 ], [ 109.743142652084813, -7.787822251561203, 0.0 ], [ 109.743139395865271, -7.787833470335426, 0.0 ], [ 109.743130215898802, -7.787856971321933, 0.0 ], [ 109.743127693062561, -7.78786326931705, 0.0 ], [ 109.743117858805007, -7.787889265740984, 0.0 ], [ 109.743097548485125, -7.787940781421995, 0.0 ], [ 109.743094535296365, -7.78794205448517, 0.0 ], [ 109.743066545354566, -7.787969998597165, 0.0 ], [ 109.743062297533683, -7.787980000516802, 0.0 ], [ 109.743047410872506, -7.788006827209309, 0.0 ] ] ] } },
{ "type": "Feature", "properties": { "OBJECTID": 30, "Join_Count": 1, "TARGET_FID": 34, "Id": 78, "Contour": 0.4, "Shape_Leng": 877.96006028800002, "Skor": 1.0, "Shape_Le_1": 883.87447349000001, "Shape_Area": 37132.579396300003 }, "geometry": { "type": "Polygon", "coordinates": [ [ [ 109.741678305825758, -7.786754130487394, 0.0 ], [ 109.742098, -7.786914000999932, 0.0 ], [ 109.742217748527466, -7.786826167012004, 0.0 ], [ 109.742251429157847, -7.786834633076656, 0.0 ], [ 109.742260710276568, -7.786836857180637, 0.0 ], [ 109.74227576142205, -7.786840464019511, 0.0 ], [ 109.742296549808188, -7.786845593237032, 0.0 ], [ 109.74234195147929, -7.786856274785745, 0.0 ], [ 109.742348918477134, -7.786857835470021, 0.0 ], [ 109.74238754973976, -7.786866761428445, 0.0 ], [ 109.742420992277445, -7.786874120090564, 0.0 ], [ 109.742433450624091, -7.78687694804608, 0.0 ], [ 109.742456060144676, -7.786881836382244, 0.0 ], [ 109.742477986154086, -7.786888488298528, 0.0 ], [ 109.74248458057366, -7.786891863958458, 0.0 ], [ 109.742509117262642, -7.786913317945124, 0.0 ], [ 109.742517476626233, -7.78693787781196, 0.0 ], [ 109.742504794997686, -7.786993699449734, 0.0 ], [ 109.742500997713464, -7.78701041413756, 0.0 ], [ 109.74249444681405, -7.787039249724067, 0.0 ], [ 109.742490632247282, -7.787056040521697, 0.0 ], [ 109.742480266709762, -7.787101666836985, 0.0 ], [ 109.742478115923433, -7.787111134071949, 0.0 ], [ 109.742469901243823, -7.787147293223059, 0.0 ], [ 109.742461785119147, -7.78718301832768, 0.0 ], [ 109.74245953572202, -7.787192919562858, 0.0 ], [ 109.7424491702252, -7.787238545924735, 0.0 ], [ 109.742445454248028, -7.787254902639842, 0.0 ], [ 109.742441386544513, -7.787272807622051, 0.0 ], [ 109.742428704889022, -7.787328629253492, 0.0 ], [ 109.742428659617246, -7.787330019766086, 0.0 ], [ 109.742427250303535, -7.787335031989078, 0.0 ], [ 109.742416023229069, -7.787384450883855, 0.0 ], [ 109.742412792636642, -7.787398671107097, 0.0 ], [ 109.742407708201796, -7.787421051361962, 0.0 ], [ 109.742398873438617, -7.787459939754908, 0.0 ], [ 109.742390659774159, -7.787496094141045, 0.0 ], [ 109.742385151406737, -7.787510472312873, 0.0 ], [ 109.742370621809002, -7.7875428520611, 0.0 ], [ 109.742367788311427, -7.787549078122805, 0.0 ], [ 109.742366241049325, -7.787551880947387, 0.0 ], [ 109.74234029598307, -7.787577521439235, 0.0 ], [ 109.742314433484196, -7.787603080390689, 0.0 ], [ 109.742258259202671, -7.787658595407268, 0.0 ], [ 109.742255900411138, -7.787660926510089, 0.0 ], [ 109.742227768501891, -7.787688728150973, 0.0 ], [ 109.742202084906808, -7.787714110277945, 0.0 ], [ 109.742140827088548, -7.787774649116336, 0.0 ], [ 109.742087109070965, -7.787827736490097, 0.0 ], [ 109.742028120012677, -7.787886033140695, 0.0 ], [ 109.742002713399003, -7.787911141496794, 0.0 ], [ 109.741977387574721, -7.787936169942753, 0.0 ], [ 109.741971766382321, -7.787941725137647, 0.0 ], [ 109.741915412877361, -7.787997417125031, 0.0 ], [ 109.741862053844699, -7.788050149762096, 0.0 ], [ 109.741836951621963, -7.788074957206262, 0.0 ], [ 109.741808864420378, -7.788102714634678, 0.0 ], [ 109.741749526111562, -7.788161356304108, 0.0 ], [ 109.74172139413561, -7.788189157900123, 0.0 ], [ 109.741696515577075, -7.788213744339505, 0.0 ], [ 109.741633644845791, -7.788275876910775, 0.0 ], [ 109.741584166674542, -7.788324774024086, 0.0 ], [ 109.741580734368014, -7.78832816601467, 0.0 ], [ 109.741524470467368, -7.788383769274811, 0.0 ], [ 109.741496338495963, -7.788411570886553, 0.0 ], [ 109.741471817712991, -7.788435803652606, 0.0 ], [ 109.741464583741205, -7.788442952661739, 0.0 ], [ 109.74141194255634, -7.78849497570026, 0.0 ], [ 109.741383810570099, -7.78852277730202, 0.0 ], [ 109.741359468692366, -7.788546833241301, 0.0 ], [ 109.741351876308428, -7.788554336445745, 0.0 ], [ 109.741247119612282, -7.788657862906819, 0.0 ], [ 109.741243150608142, -7.788661785292821, 0.0 ], [ 109.741215018565484, -7.788689586840591, 0.0 ], [ 109.74119094505042, -7.788713377595108, 0.0 ], [ 109.741185742845431, -7.788716240955918, 0.0 ], [ 109.741181788088525, -7.788721408996615, 0.0 ], [ 109.741157523751298, -7.788743955171738, 0.0 ], [ 109.741134773578267, -7.788767852623915, 0.0 ], [ 109.741121950923812, -7.788764291484399, 0.0 ], [ 109.741090130453372, -7.788765667160082, 0.0 ], [ 109.741078795559801, -7.788757540056559, 0.0 ], [ 109.74096728342775, -7.788588277001483, 0.0 ], [ 109.74091152739183, -7.788503645866148, 0.0 ], [ 109.740870379537199, -7.788441187921507, 0.0 ], [ 109.740864564480034, -7.788432361269346, 0.0 ], [ 109.740855771377937, -7.788419014328377, 0.0 ], [ 109.740800015384877, -7.788334382786537, 0.0 ], [ 109.74079663411743, -7.788329250415438, 0.0 ], [ 109.740790031622595, -7.788319228554713, 0.0 ], [ 109.740775785293053, -7.788297604216724, 0.0 ], [ 109.740759761446114, -7.788273281659786, 0.0 ], [ 109.740744259412622, -7.788249751243828, 0.0 ], [ 109.740688503460049, -7.788165120088888, 0.0 ], [ 109.74057699161979, -7.787995856979864, 0.0 ], [ 109.740576808349019, -7.787993631456899, 0.0 ], [ 109.740576783913085, -7.78799322698556, 0.0 ], [ 109.740572736247415, -7.787941975268946, 0.0 ], [ 109.740572192586754, -7.787932594429873, 0.0 ], [ 109.740568963136255, -7.787890022659048, 0.0 ], [ 109.740568499673742, -7.787881698935469, 0.0 ], [ 109.740568133339465, -7.787872495703746, 0.0 ], [ 109.740566609995142, -7.787836662280742, 0.0 ], [ 109.740566181537574, -7.787825832836545, 0.0 ], [ 109.740559337236405, -7.787639566187996, 0.0 ], [ 109.740556944152758, -7.787574438938795, 0.0 ], [ 109.740553864999768, -7.787490640972456, 0.0 ], [ 109.740545653980377, -7.787267179728489, 0.0 ], [ 109.740543601205232, -7.78721131441726, 0.0 ], [ 109.740541818090264, -7.787192921530033, 0.0 ], [ 109.740537968416135, -7.787169918131479, 0.0 ], [ 109.740536366652861, -7.787155433711305, 0.0 ], [ 109.740534475476863, -7.78714450774915, 0.0 ], [ 109.740523618588668, -7.787113486706304, 0.0 ], [ 109.740513957867464, -7.787109155781614, 0.0 ], [ 109.740467684907102, -7.787088411451705, 0.0 ], [ 109.740436590567668, -7.787074471793452, 0.0 ], [ 109.740397906931051, -7.787057129785103, 0.0 ], [ 109.740366860638588, -7.787043211668007, 0.0 ], [ 109.740359279705658, -7.787039731855065, 0.0 ], [ 109.740355818290098, -7.787038018772128, 0.0 ], [ 109.740344968421169, -7.787032308671761, 0.0 ], [ 109.740322318431694, -7.787020682283274, 0.0 ], [ 109.740299898727443, -7.787008224910761, 0.0 ], [ 109.740271943191388, -7.786991908012516, 0.0 ], [ 109.740251201501124, -7.786979801637261, 0.0 ], [ 109.74024398765772, -7.786975591115965, 0.0 ], [ 109.740188076597434, -7.786942957318375, 0.0 ], [ 109.740180483533734, -7.78693852545625, 0.0 ], [ 109.740167420008319, -7.786930900614268, 0.0 ], [ 109.740132165546541, -7.78691032351475, 0.0 ], [ 109.740076254504771, -7.786877689828113, 0.0 ], [ 109.740039047606714, -7.786855973110522, 0.0 ], [ 109.740020343472764, -7.786845056012401, 0.0 ], [ 109.739968329684586, -7.78681469690055, 0.0 ], [ 109.739908521437073, -7.786779788359591, 0.0 ], [ 109.739898649705481, -7.786772391675753, 0.0 ], [ 109.73988962524875, -7.786762497395297, 0.0 ], [ 109.739874691257455, -7.786740451028039, 0.0 ], [ 109.739864603854798, -7.786718439691782, 0.0 ], [ 109.739858412491216, -7.786706545420543, 0.0 ], [ 109.739824429379439, -7.78662265561045, 0.0 ], [ 109.739813101676987, -7.786594692340196, 0.0 ], [ 109.739815472876543, -7.786576387689249, 0.0 ], [ 109.739812587379831, -7.786554199376845, 0.0 ], [ 109.739816214324989, -7.786538842393252, 0.0 ], [ 109.739853287652792, -7.786520528026594, 0.0 ], [ 109.739877512314123, -7.786514881328313, 0.0 ], [ 109.739882960141301, -7.786512751806304, 0.0 ], [ 109.739909331350219, -7.786508745195212, 0.0 ], [ 109.739936887378661, -7.786511709652611, 0.0 ], [ 109.739937765937839, -7.786511712114771, 0.0 ], [ 109.73996532361177, -7.786514176150759, 0.0 ], [ 109.739986767414422, -7.786517951415154, 0.0 ], [ 109.739993313133752, -7.786519103820007, 0.0 ], [ 109.740034471940803, -7.786526349996065, 0.0 ], [ 109.740077281705396, -7.786533886804362, 0.0 ], [ 109.74008219149006, -7.786534733680901, 0.0 ], [ 109.740110396029095, -7.786539716717737, 0.0 ], [ 109.740129881011171, -7.786543147132962, 0.0 ], [ 109.740161250285354, -7.786548669818374, 0.0 ], [ 109.740189239813944, -7.78655359748191, 0.0 ], [ 109.740205498008564, -7.786556221998527, 0.0 ], [ 109.740225969164683, -7.786559271009783, 0.0 ], [ 109.740245221806674, -7.786562471044027, 0.0 ], [ 109.740271593817042, -7.786566509465153, 0.0 ], [ 109.740274470862218, -7.786566879254054, 0.0 ], [ 109.740301204196001, -7.786571213019778, 0.0 ], [ 109.740323288832116, -7.786574173942517, 0.0 ], [ 109.740336925028714, -7.786576029798302, 0.0 ], [ 109.740357190169206, -7.786578756333732, 0.0 ], [ 109.740413176477759, -7.786586188443637, 0.0 ], [ 109.740469162789637, -7.786593620491409, 0.0 ], [ 109.740693108067759, -7.786623348838452, 0.0 ], [ 109.740749094395298, -7.786630780850864, 0.0 ], [ 109.741029026079346, -7.786667941091496, 0.0 ], [ 109.741085012425771, -7.786675373061395, 0.0 ], [ 109.741308957842108, -7.786705101096791, 0.0 ], [ 109.741364944204207, -7.786712533031239, 0.0 ], [ 109.741588889683356, -7.786742260924961, 0.0 ], [ 109.741611314227754, -7.786745237679372, 0.0 ], [ 109.74162411676626, -7.786746937147006, 0.0 ], [ 109.74166085653097, -7.786751814169611, 0.0 ], [ 109.741678305825758, -7.786754130487394, 0.0 ] ] ] } },
{ "type": "Feature", "properties": { "OBJECTID": 31, "Join_Count": 1, "TARGET_FID": 35, "Id": 75, "Contour": 0.6, "Shape_Leng": 1664.75603996, "Skor": 1.0, "Shape_Le_1": 2753.29272816, "Shape_Area": 61700.882078399998 }, "geometry": { "type": "Polygon", "coordinates": [ [ [ 109.740471300759992, -7.78619995462057, 0.0 ], [ 109.740451999000115, -7.786287000999927, 0.0 ], [ 109.741678305825758, -7.786754130487394, 0.0 ], [ 109.74166085653097, -7.786751814169611, 0.0 ], [ 109.74162411676626, -7.786746937147006, 0.0 ], [ 109.741611314227754, -7.786745237679372, 0.0 ], [ 109.741588889683356, -7.786742260924961, 0.0 ], [ 109.741364944204207, -7.786712533031239, 0.0 ], [ 109.741308957842108, -7.786705101096791, 0.0 ], [ 109.741085012425771, -7.786675373061395, 0.0 ], [ 109.741029026079346, -7.786667941091496, 0.0 ], [ 109.740749094395298, -7.786630780850864, 0.0 ], [ 109.740693108067759, -7.786623348838452, 0.0 ], [ 109.740469162789637, -7.786593620491409, 0.0 ], [ 109.740413176477759, -7.786586188443637, 0.0 ], [ 109.740357190169206, -7.786578756333732, 0.0 ], [ 109.740336925028714, -7.786576029798302, 0.0 ], [ 109.740323288832116, -7.786574173942517, 0.0 ], [ 109.740301204196001, -7.786571213019778, 0.0 ], [ 109.740274470862218, -7.786566879254054, 0.0 ], [ 109.740271593817042, -7.786566509465153, 0.0 ], [ 109.740245221806674, -7.786562471044027, 0.0 ], [ 109.740225969164683, -7.786559271009783, 0.0 ], [ 109.740205498008564, -7.786556221998527, 0.0 ], [ 109.740189239813944, -7.78655359748191, 0.0 ], [ 109.740161250285354, -7.786548669818374, 0.0 ], [ 109.740129881011171, -7.786543147132962, 0.0 ], [ 109.740110396029095, -7.786539716717737, 0.0 ], [ 109.74008219149006, -7.786534733680901, 0.0 ], [ 109.740077281705396, -7.786533886804362, 0.0 ], [ 109.740034471940803, -7.786526349996065, 0.0 ], [ 109.739993313133752, -7.786519103820007, 0.0 ], [ 109.739986767414422, -7.786517951415154, 0.0 ], [ 109.73996532361177, -7.786514176150759, 0.0 ], [ 109.739937765937839, -7.786511712114771, 0.0 ], [ 109.739936887378661, -7.786511709652611, 0.0 ], [ 109.739909331350219, -7.786508745195212, 0.0 ], [ 109.739882960141301, -7.786512751806304, 0.0 ], [ 109.739877512314123, -7.786514881328313, 0.0 ], [ 109.739853287652792, -7.786520528026594, 0.0 ], [ 109.739816214324989, -7.786538842393252, 0.0 ], [ 109.739812587379831, -7.786554199376845, 0.0 ], [ 109.739815472876543, -7.786576387689249, 0.0 ], [ 109.739813101676987, -7.786594692340196, 0.0 ], [ 109.739824429379439, -7.78662265561045, 0.0 ], [ 109.739858412491216, -7.786706545420543, 0.0 ], [ 109.739864603854798, -7.786718439691782, 0.0 ], [ 109.739874691257455, -7.786740451028039, 0.0 ], [ 109.73988962524875, -7.786762497395297, 0.0 ], [ 109.739898649705481, -7.786772391675753, 0.0 ], [ 109.739908521437073, -7.786779788359591, 0.0 ], [ 109.739968329684586, -7.78681469690055, 0.0 ], [ 109.740020343472764, -7.786845056012401, 0.0 ], [ 109.740039047606714, -7.786855973110522, 0.0 ], [ 109.740076254504771, -7.786877689828113, 0.0 ], [ 109.740132165546541, -7.78691032351475, 0.0 ], [ 109.740167420008319, -7.786930900614268, 0.0 ], [ 109.740180483533734, -7.78693852545625, 0.0 ], [ 109.740188076597434, -7.786942957318375, 0.0 ], [ 109.74024398765772, -7.786975591115965, 0.0 ], [ 109.740251201501124, -7.786979801637261, 0.0 ], [ 109.740271943191388, -7.786991908012516, 0.0 ], [ 109.740299898727443, -7.787008224910761, 0.0 ], [ 109.740322318431694, -7.787020682283274, 0.0 ], [ 109.740344968421169, -7.787032308671761, 0.0 ], [ 109.740355818290098, -7.787038018772128, 0.0 ], [ 109.740359279705658, -7.787039731855065, 0.0 ], [ 109.740366860638588, -7.787043211668007, 0.0 ], [ 109.740397906931051, -7.787057129785103, 0.0 ], [ 109.740436590567668, -7.787074471793452, 0.0 ], [ 109.740467684907102, -7.787088411451705, 0.0 ], [ 109.740513957867464, -7.787109155781614, 0.0 ], [ 109.740523618588668, -7.787113486706304, 0.0 ], [ 109.740534475476863, -7.78714450774915, 0.0 ], [ 109.740536366652861, -7.787155433711305, 0.0 ], [ 109.740537968416135, -7.787169918131479, 0.0 ], [ 109.740541818090264, -7.787192921530033, 0.0 ], [ 109.740543601205232, -7.78721131441726, 0.0 ], [ 109.740545653980377, -7.787267179728489, 0.0 ], [ 109.740553864999768, -7.787490640972456, 0.0 ], [ 109.740556944152758, -7.787574438938795, 0.0 ], [ 109.740559337236405, -7.787639566187996, 0.0 ], [ 109.740566181537574, -7.787825832836545, 0.0 ], [ 109.740566609995142, -7.787836662280742, 0.0 ], [ 109.740568133339465, -7.787872495703746, 0.0 ], [ 109.740568499673742, -7.787881698935469, 0.0 ], [ 109.740568963136255, -7.787890022659048, 0.0 ], [ 109.740572192586754, -7.787932594429873, 0.0 ], [ 109.740572736247415, -7.787941975268946, 0.0 ], [ 109.740576783913085, -7.78799322698556, 0.0 ], [ 109.740576808349019, -7.787993631456899, 0.0 ], [ 109.74057699161979, -7.787995856979864, 0.0 ], [ 109.740688503460049, -7.788165120088888, 0.0 ], [ 109.740744259412622, -7.788249751243828, 0.0 ], [ 109.740759761446114, -7.788273281659786, 0.0 ], [ 109.740775785293053, -7.788297604216724, 0.0 ], [ 109.740790031622595, -7.788319228554713, 0.0 ], [ 109.74079663411743, -7.788329250415438, 0.0 ], [ 109.740800015384877, -7.788334382786537, 0.0 ], [ 109.740855771377937, -7.788419014328377, 0.0 ], [ 109.740864564480034, -7.788432361269346, 0.0 ], [ 109.740870379537199, -7.788441187921507, 0.0 ], [ 109.74091152739183, -7.788503645866148, 0.0 ], [ 109.74096728342775, -7.788588277001483, 0.0 ], [ 109.741078795559801, -7.788757540056559, 0.0 ], [ 109.741090130453372, -7.788765667160082, 0.0 ], [ 109.741121950923812, -7.788764291484399, 0.0 ], [ 109.741134773578267, -7.788767852623915, 0.0 ], [ 109.741157523751298, -7.788743955171738, 0.0 ], [ 109.741181788088525, -7.788721408996615, 0.0 ], [ 109.741185742845431, -7.788716240955918, 0.0 ], [ 109.74119094505042, -7.788713377595108, 0.0 ], [ 109.741215018565484, -7.788689586840591, 0.0 ], [ 109.741243150608142, -7.788661785292821, 0.0 ], [ 109.741247119612282, -7.788657862906819, 0.0 ], [ 109.741351876308428, -7.788554336445745, 0.0 ], [ 109.741359468692366, -7.788546833241301, 0.0 ], [ 109.741383810570099, -7.78852277730202, 0.0 ], [ 109.74141194255634, -7.78849497570026, 0.0 ], [ 109.741464583741205, -7.788442952661739, 0.0 ], [ 109.741471817712991, -7.788435803652606, 0.0 ], [ 109.741496338495963, -7.788411570886553, 0.0 ], [ 109.741524470467368, -7.788383769274811, 0.0 ], [ 109.741580734368014, -7.78832816601467, 0.0 ], [ 109.741584166674542, -7.788324774024086, 0.0 ], [ 109.741633644845791, -7.788275876910775, 0.0 ], [ 109.741696515577075, -7.788213744339505, 0.0 ], [ 109.74172139413561, -7.788189157900123, 0.0 ], [ 109.741749526111562, -7.788161356304108, 0.0 ], [ 109.741808864420378, -7.788102714634678, 0.0 ], [ 109.741836951621963, -7.788074957206262, 0.0 ], [ 109.741862053844699, -7.788050149762096, 0.0 ], [ 109.741915412877361, -7.787997417125031, 0.0 ], [ 109.741971766382321, -7.787941725137647, 0.0 ], [ 109.741977387574721, -7.787936169942753, 0.0 ], [ 109.742002713399003, -7.787911141496794, 0.0 ], [ 109.742028120012677, -7.787886033140695, 0.0 ], [ 109.742087109070965, -7.787827736490097, 0.0 ], [ 109.742140827088548, -7.787774649116336, 0.0 ], [ 109.742202084906808, -7.787714110277945, 0.0 ], [ 109.742227768501891, -7.787688728150973, 0.0 ], [ 109.742255900411138, -7.787660926510089, 0.0 ], [ 109.742258259202671, -7.787658595407268, 0.0 ], [ 109.742314433484196, -7.787603080390689, 0.0 ], [ 109.74234029598307, -7.787577521439235, 0.0 ], [ 109.742366241049325, -7.787551880947387, 0.0 ], [ 109.742367788311427, -7.787549078122805, 0.0 ], [ 109.742370621809002, -7.7875428520611, 0.0 ], [ 109.742385151406737, -7.787510472312873, 0.0 ], [ 109.742390659774159, -7.787496094141045, 0.0 ], [ 109.742398873438617, -7.787459939754908, 0.0 ], [ 109.742407708201796, -7.787421051361962, 0.0 ], [ 109.742412792636642, -7.787398671107097, 0.0 ], [ 109.742416023229069, -7.787384450883855, 0.0 ], [ 109.742427250303535, -7.787335031989078, 0.0 ], [ 109.742428659617246, -7.787330019766086, 0.0 ], [ 109.742428704889022, -7.787328629253492, 0.0 ], [ 109.742441386544513, -7.787272807622051, 0.0 ], [ 109.742445454248028, -7.787254902639842, 0.0 ], [ 109.7424491702252, -7.787238545924735, 0.0 ], [ 109.74245953572202, -7.787192919562858, 0.0 ], [ 109.742461785119147, -7.78718301832768, 0.0 ], [ 109.742469901243823, -7.787147293223059, 0.0 ], [ 109.742478115923433, -7.787111134071949, 0.0 ], [ 109.742480266709762, -7.787101666836985, 0.0 ], [ 109.742490632247282, -7.787056040521697, 0.0 ], [ 109.74249444681405, -7.787039249724067, 0.0 ], [ 109.742500997713464, -7.78701041413756, 0.0 ], [ 109.742504794997686, -7.786993699449734, 0.0 ], [ 109.742517476626233, -7.78693787781196, 0.0 ], [ 109.742509117262642, -7.786913317945124, 0.0 ], [ 109.74248458057366, -7.786891863958458, 0.0 ], [ 109.742477986154086, -7.786888488298528, 0.0 ], [ 109.742456060144676, -7.786881836382244, 0.0 ], [ 109.742433450624091, -7.78687694804608, 0.0 ], [ 109.742420992277445, -7.786874120090564, 0.0 ], [ 109.74238754973976, -7.786866761428445, 0.0 ], [ 109.742348918477134, -7.786857835470021, 0.0 ], [ 109.74234195147929, -7.786856274785745, 0.0 ], [ 109.742296549808188, -7.786845593237032, 0.0 ], [ 109.74227576142205, -7.786840464019511, 0.0 ], [ 109.742260710276568, -7.786836857180637, 0.0 ], [ 109.742251429157847, -7.786834633076656, 0.0 ], [ 109.742217748527466, -7.786826167012004, 0.0 ], [ 109.742694432431819, -7.786476524803285, 0.0 ], [ 109.742694861492282, -7.786476578180481, 0.0 ], [ 109.742709847573522, -7.78647844250774, 0.0 ], [ 109.743268583083278, -7.786547950380625, 0.0 ], [ 109.743325713302667, -7.78655505745721, 0.0 ], [ 109.743332329953205, -7.786555880586264, 0.0 ], [ 109.743338882758096, -7.786556695776982, 0.0 ], [ 109.743421241137355, -7.78739509497847, 0.0 ], [ 109.743412854974466, -7.787415336531669, 0.0 ], [ 109.743394792174186, -7.787458934463129, 0.0 ], [ 109.743350706808172, -7.787565342537764, 0.0 ], [ 109.743331954715387, -7.787610604160057, 0.0 ], [ 109.743329240939403, -7.787617271507423, 0.0 ], [ 109.743313110079526, -7.787657113565696, 0.0 ], [ 109.743309371649616, -7.787666396480768, 0.0 ], [ 109.743298373127189, -7.787694293508961, 0.0 ], [ 109.743287374596846, -7.787722190536545, 0.0 ], [ 109.743237847465309, -7.787847812765444, 0.0 ], [ 109.743221383416213, -7.787889572690617, 0.0 ], [ 109.743202259185054, -7.787938079933669, 0.0 ], [ 109.743188387787328, -7.787973263760136, 0.0 ], [ 109.743181412035867, -7.78799095725887, 0.0 ], [ 109.743144393612312, -7.788084851845176, 0.0 ], [ 109.743111397956937, -7.788168542903101, 0.0 ], [ 109.743091464442159, -7.788219102751474, 0.0 ], [ 109.743078402279934, -7.788252233955992, 0.0 ], [ 109.743068541042121, -7.788277246234298, 0.0 ], [ 109.743040323265561, -7.788348818491758, 0.0 ], [ 109.74302646043293, -7.788377988997195, 0.0 ], [ 109.743022363461805, -7.78839171593127, 0.0 ], [ 109.743011710863243, -7.78841921691989, 0.0 ], [ 109.743011295046983, -7.788420420914277, 0.0 ], [ 109.743001412330102, -7.78844751306022, 0.0 ], [ 109.742983887678903, -7.788491962930899, 0.0 ], [ 109.742975493960671, -7.788494932984509, 0.0 ], [ 109.742966254715483, -7.788503268055204, 0.0 ], [ 109.742946090500169, -7.788521458973518, 0.0 ], [ 109.742930038691512, -7.788556673417152, 0.0 ], [ 109.742928301526774, -7.788559637533968, 0.0 ], [ 109.742927670424635, -7.788561868913565, 0.0 ], [ 109.742858447427679, -7.788502948317451, 0.0 ], [ 109.742835447614638, -7.788483371571511, 0.0 ], [ 109.742805221753258, -7.788457644327486, 0.0 ], [ 109.742792591375718, -7.788446893730195, 0.0 ], [ 109.742648335403189, -7.78832410712481, 0.0 ], [ 109.742623867092647, -7.788303280419763, 0.0 ], [ 109.742592468437266, -7.788276554897694, 0.0 ], [ 109.742480734545296, -7.788181450057952, 0.0 ], [ 109.742466527882769, -7.788180800892516, 0.0 ], [ 109.742436611626829, -7.788178386467887, 0.0 ], [ 109.742424736643414, -7.788177808504865, 0.0 ], [ 109.742403400213917, -7.788201091974435, 0.0 ], [ 109.742384016444319, -7.788222244671835, 0.0 ], [ 109.742368544971072, -7.788239128007049, 0.0 ], [ 109.742349903051661, -7.788259471074216, 0.0 ], [ 109.742332967195537, -7.788277952454343, 0.0 ], [ 109.742312353282159, -7.78830044749908, 0.0 ], [ 109.742296405874328, -7.788317850161399, 0.0 ], [ 109.742284257431479, -7.788331107236392, 0.0 ], [ 109.742256393296742, -7.788361514112315, 0.0 ], [ 109.742242908682002, -7.788376229239342, 0.0 ], [ 109.742230868660059, -7.788389367994069, 0.0 ], [ 109.742205344016838, -7.788417221873686, 0.0 ], [ 109.742189411474598, -7.788434608307974, 0.0 ], [ 109.74217981937025, -7.788445075751239, 0.0 ], [ 109.742143778115846, -7.788484405910426, 0.0 ], [ 109.742135914252145, -7.788492987370665, 0.0 ], [ 109.742128770066714, -7.788500783499964, 0.0 ], [ 109.742087586360554, -7.788545725361522, 0.0 ], [ 109.742082417011602, -7.788551366420737, 0.0 ], [ 109.74207772075259, -7.788556491240252, 0.0 ], [ 109.742055668391885, -7.788580555947181, 0.0 ], [ 109.742028919759122, -7.788609745461542, 0.0 ], [ 109.742026671421712, -7.788612198972118, 0.0 ], [ 109.741975622077092, -7.7886679066955, 0.0 ], [ 109.741948673828873, -7.788697313984315, 0.0 ], [ 109.741924572721942, -7.788723614410448, 0.0 ], [ 109.741921925205915, -7.788726503515397, 0.0 ], [ 109.74189517653879, -7.788755693001926, 0.0 ], [ 109.741873523349966, -7.788779322116956, 0.0 ], [ 109.741862819173605, -7.788791003063452, 0.0 ], [ 109.741841679233701, -7.788814072010316, 0.0 ], [ 109.741822473967417, -7.788835029815025, 0.0 ], [ 109.741806627335379, -7.788852322463342, 0.0 ], [ 109.741788181913549, -7.788872451012624, 0.0 ], [ 109.741771424568057, -7.78889073750462, 0.0 ], [ 109.741750435480583, -7.788913641853049, 0.0 ], [ 109.741734684575235, -7.788930830002466, 0.0 ], [ 109.741722339546953, -7.788944301539137, 0.0 ], [ 109.741694850443338, -7.788974299023216, 0.0 ], [ 109.741681187225041, -7.78898920898297, 0.0 ], [ 109.74166932573138, -7.789002152858475, 0.0 ], [ 109.741638051721196, -7.789036280601621, 0.0 ], [ 109.741627689859797, -7.789047587954231, 0.0 ], [ 109.741618276290964, -7.789057860522764, 0.0 ], [ 109.741581859816634, -7.789097599960571, 0.0 ], [ 109.741574192479476, -7.789105966919418, 0.0 ], [ 109.741567226836821, -7.789113568178568, 0.0 ], [ 109.741525667895502, -7.789158919309282, 0.0 ], [ 109.741520695084176, -7.789164345872188, 0.0 ], [ 109.741516177372134, -7.789169275825932, 0.0 ], [ 109.741469475957729, -7.789220238647744, 0.0 ], [ 109.74146719767073, -7.789222724815557, 0.0 ], [ 109.741441379982831, -7.789250898259747, 0.0 ], [ 109.741414078395465, -7.789280691095332, 0.0 ], [ 109.741386951503657, -7.789310293192177, 0.0 ], [ 109.741360202804884, -7.789339482674542, 0.0 ], [ 109.741333454055734, -7.789368672112377, 0.0 ], [ 109.741311979367097, -7.789392106330933, 0.0 ], [ 109.741300900045005, -7.78940419660174, 0.0 ], [ 109.741279956592763, -7.789427051023346, 0.0 ], [ 109.741260929833956, -7.789447813936071, 0.0 ], [ 109.741244708040938, -7.789465515896072, 0.0 ], [ 109.741226459114714, -7.789485429925038, 0.0 ], [ 109.741209880284018, -7.789503521532735, 0.0 ], [ 109.741188516020216, -7.789526835183401, 0.0 ], [ 109.741172961621643, -7.789543808820651, 0.0 ], [ 109.741160420003695, -7.789557494821591, 0.0 ], [ 109.741133305933403, -7.789587082911916, 0.0 ], [ 109.741119464113581, -7.789602187703736, 0.0 ], [ 109.741107781146113, -7.789614936700726, 0.0 ], [ 109.74107613192912, -7.78964947372728, 0.0 ], [ 109.741065966587328, -7.789660566577584, 0.0 ], [ 109.741056731555105, -7.789670644272077, 0.0 ], [ 109.741019939858631, -7.789710792983845, 0.0 ], [ 109.741005681906742, -7.789726351834813, 0.0 ], [ 109.740985720241838, -7.789748134840088, 0.0 ], [ 109.740958971489775, -7.789777324290901, 0.0 ], [ 109.740932222684222, -7.789806513693936, 0.0 ], [ 109.740905473924656, -7.789835703143413, 0.0 ], [ 109.740879459610085, -7.789864091027114, 0.0 ], [ 109.740852533057151, -7.789893474472893, 0.0 ], [ 109.740825227523857, -7.789923271377114, 0.0 ], [ 109.740798478743045, -7.78995246081081, 0.0 ], [ 109.740771729914911, -7.789981650199924, 0.0 ], [ 109.740750433727584, -7.790004889522585, 0.0 ], [ 109.740738979257543, -7.790017389113222, 0.0 ], [ 109.740718232294086, -7.790040029013411, 0.0 ], [ 109.740699384043836, -7.790060597034762, 0.0 ], [ 109.740682787087565, -7.79007870830841, 0.0 ], [ 109.740664734658154, -7.790098407817669, 0.0 ], [ 109.740648334343248, -7.790116304538515, 0.0 ], [ 109.740626594900988, -7.790140027493312, 0.0 ], [ 109.740611237007215, -7.790156786615847, 0.0 ], [ 109.740598498801489, -7.790170687080295, 0.0 ], [ 109.740570402697799, -7.79020134666797, 0.0 ], [ 109.740557580134066, -7.790215005672176, 0.0 ], [ 109.740546234904158, -7.790227719520607, 0.0 ], [ 109.740537969311916, -7.790251356542197, 0.0 ], [ 109.740514155800298, -7.790280964287608, 0.0 ], [ 109.740491179515814, -7.790250561328961, 0.0 ], [ 109.740480533191899, -7.790249757764536, 0.0 ], [ 109.740458266612265, -7.790240869091496, 0.0 ], [ 109.740452963866048, -7.790232755048605, 0.0 ], [ 109.7404493608949, -7.790227431594889, 0.0 ], [ 109.740443202807967, -7.790059835681786, 0.0 ], [ 109.740442607292223, -7.790043628649885, 0.0 ], [ 109.740441778429926, -7.790021071377614, 0.0 ], [ 109.74044115006744, -7.790003970377168, 0.0 ], [ 109.740432939279529, -7.789780509158532, 0.0 ], [ 109.740430886548225, -7.789724643853618, 0.0 ], [ 109.740416517626073, -7.789333586717943, 0.0 ], [ 109.740416110490159, -7.789322506550944, 0.0 ], [ 109.740414820937872, -7.789287410736578, 0.0 ], [ 109.740414464908298, -7.789277721412554, 0.0 ], [ 109.740408306794777, -7.789110125496085, 0.0 ], [ 109.740406271226476, -7.789054728259011, 0.0 ], [ 109.740398340299791, -7.788838884760691, 0.0 ], [ 109.740397721566069, -7.788822045842049, 0.0 ], [ 109.740396365831913, -7.788785149005581, 0.0 ], [ 109.74039599047245, -7.788774933661149, 0.0 ], [ 109.740381621473631, -7.788383876517595, 0.0 ], [ 109.740379568726254, -7.788328011211009, 0.0 ], [ 109.740371357861079, -7.788104549984399, 0.0 ], [ 109.740370697714027, -7.788086584157287, 0.0 ], [ 109.740369935021093, -7.788065827912332, 0.0 ], [ 109.740369305097971, -7.78804868467746, 0.0 ], [ 109.740363146935721, -7.787881088756602, 0.0 ], [ 109.740362797611141, -7.787871643305867, 0.0 ], [ 109.740361363452791, -7.787833123559645, 0.0 ], [ 109.740361071128547, -7.787825223380925, 0.0 ], [ 109.740360072152029, -7.787818652076917, 0.0 ], [ 109.740353550694522, -7.78779707798211, 0.0 ], [ 109.740241683197411, -7.787746927627397, 0.0 ], [ 109.740185749460949, -7.787721852215428, 0.0 ], [ 109.740073882009412, -7.78767170182264, 0.0 ], [ 109.740045915151597, -7.787659164106297, 0.0 ], [ 109.740024873246853, -7.787649730874645, 0.0 ], [ 109.740017948295744, -7.787646626388399, 0.0 ], [ 109.739934047738458, -7.787609013568408, 0.0 ], [ 109.739908822129195, -7.787597704857281, 0.0 ], [ 109.739898927245576, -7.787593268915347, 0.0 ], [ 109.739870138552504, -7.787580362725973, 0.0 ], [ 109.73985014719895, -7.787571400504254, 0.0 ], [ 109.739789536709225, -7.787544228647765, 0.0 ], [ 109.7397542791647, -7.78752814663151, 0.0 ], [ 109.739738282276306, -7.787520434460764, 0.0 ], [ 109.739716931588887, -7.787509479985765, 0.0 ], [ 109.739686775373968, -7.787492470291914, 0.0 ], [ 109.739682364477375, -7.787490049847632, 0.0 ], [ 109.739681099094994, -7.787489311279886, 0.0 ], [ 109.73964574016405, -7.787468673086307, 0.0 ], [ 109.739626453410793, -7.78745741592093, 0.0 ], [ 109.739582729297751, -7.787431895408142, 0.0 ], [ 109.739570542353007, -7.787424782205163, 0.0 ], [ 109.739553626757498, -7.787414908972617, 0.0 ], [ 109.739539663150111, -7.787406758729868, 0.0 ], [ 109.739504304153016, -7.787386120607272, 0.0 ], [ 109.739468945237817, -7.787365482401587, 0.0 ], [ 109.739433586248296, -7.787344844270943, 0.0 ], [ 109.739420110664867, -7.787336978874066, 0.0 ], [ 109.739402809237987, -7.78732688042899, 0.0 ], [ 109.739399053484988, -7.787323387022068, 0.0 ], [ 109.73939670867864, -7.787319623898162, 0.0 ], [ 109.739392524249666, -7.787309301488365, 0.0 ], [ 109.739382363040278, -7.787284240847314, 0.0 ], [ 109.739374037838601, -7.787263697293584, 0.0 ], [ 109.739239559902771, -7.786931727618138, 0.0 ], [ 109.739237493591375, -7.78692662676689, 0.0 ], [ 109.739221397123984, -7.786886891745069, 0.0 ], [ 109.739215450215596, -7.786872211372087, 0.0 ], [ 109.739102173643332, -7.786592578559704, 0.0 ], [ 109.739092626444972, -7.786569010591089, 0.0 ], [ 109.739086616379893, -7.786554174390944, 0.0 ], [ 109.739076530019105, -7.786529275548068, 0.0 ], [ 109.739069196896182, -7.786511173131793, 0.0 ], [ 109.738988896981311, -7.786312945736865, 0.0 ], [ 109.738999571403085, -7.786298763304909, 0.0 ], [ 109.739013857082853, -7.786287554067689, 0.0 ], [ 109.739032759105868, -7.786276034308922, 0.0 ], [ 109.739068654089081, -7.786257323764382, 0.0 ], [ 109.73906952381023, -7.786256894121381, 0.0 ], [ 109.739126049121793, -7.786228970353716, 0.0 ], [ 109.739238231669901, -7.78617355199667, 0.0 ], [ 109.739294032302766, -7.786145986183772, 0.0 ], [ 109.73940584817683, -7.786090748891822, 0.0 ], [ 109.739406231523915, -7.786090476996557, 0.0 ], [ 109.739406505541169, -7.786090391743557, 0.0 ], [ 109.73940688045866, -7.786090378084602, 0.0 ], [ 109.73944744976022, -7.786075805029079, 0.0 ], [ 109.739462558310834, -7.786075554946785, 0.0 ], [ 109.739475776713249, -7.786077767019985, 0.0 ], [ 109.739508208126267, -7.786080737659355, 0.0 ], [ 109.739518546693219, -7.786082259785146, 0.0 ], [ 109.739526202002793, -7.786083468196821, 0.0 ], [ 109.739571382424501, -7.786088094175389, 0.0 ], [ 109.739576910867186, -7.786088888228078, 0.0 ], [ 109.739603035263059, -7.786091335123459, 0.0 ], [ 109.739627386238851, -7.786094539748112, 0.0 ], [ 109.739630525513874, -7.786094984493233, 0.0 ], [ 109.73963460228957, -7.786095496401894, 0.0 ], [ 109.739677445203768, -7.786100604093152, 0.0 ], [ 109.739686513696668, -7.786101759036253, 0.0 ], [ 109.739698152066524, -7.786103229611979, 0.0 ], [ 109.739727454650009, -7.786106717522366, 0.0 ], [ 109.73974250153401, -7.786108650154405, 0.0 ], [ 109.739761877260818, -7.786111138808496, 0.0 ], [ 109.739777289677662, -7.786113003871184, 0.0 ], [ 109.739825906607336, -7.78611935314356, 0.0 ], [ 109.739826933744368, -7.786119479538454, 0.0 ], [ 109.739854475109723, -7.786123137861246, 0.0 ], [ 109.739876619544731, -7.786125913826996, 0.0 ], [ 109.739889975222496, -7.786127606861779, 0.0 ], [ 109.739910462500688, -7.786130181402536, 0.0 ], [ 109.739966450128179, -7.786137146787744, 0.0 ], [ 109.739976196298485, -7.786138579001944, 0.0 ], [ 109.740017621321627, -7.786143621515253, 0.0 ], [ 109.740022437199826, -7.786144299238392, 0.0 ], [ 109.740025927375939, -7.786144968394072, 0.0 ], [ 109.740058083506753, -7.786148546824283, 0.0 ], [ 109.740076240929838, -7.786150780308923, 0.0 ], [ 109.740078425413714, -7.78615107036045, 0.0 ], [ 109.740081239807083, -7.786151423584024, 0.0 ], [ 109.740126141353315, -7.786157001804448, 0.0 ], [ 109.740134413028812, -7.786158042903831, 0.0 ], [ 109.740414351256931, -7.786192869623104, 0.0 ], [ 109.740425605372266, -7.786194269738979, 0.0 ], [ 109.740463724522485, -7.786199012067299, 0.0 ], [ 109.740471300759992, -7.78619995462057, 0.0 ] ], [ [ 109.743047410872506, -7.788006827209309, 0.0 ], [ 109.743062297533683, -7.787980000516802, 0.0 ], [ 109.743066545354566, -7.787969998597165, 0.0 ], [ 109.743094535296365, -7.78794205448517, 0.0 ], [ 109.743097548485125, -7.787940781421995, 0.0 ], [ 109.743117858805007, -7.787889265740984, 0.0 ], [ 109.743127693062561, -7.78786326931705, 0.0 ], [ 109.743130215898802, -7.787856971321933, 0.0 ], [ 109.743139395865271, -7.787833470335426, 0.0 ], [ 109.743142652084813, -7.787822251561203, 0.0 ], [ 109.743153983931904, -7.787797636910503, 0.0 ], [ 109.743194848570184, -7.787693986585801, 0.0 ], [ 109.743205847105244, -7.787666089561406, 0.0 ], [ 109.743207134848106, -7.78766284247974, 0.0 ], [ 109.74322309080533, -7.787622824942623, 0.0 ], [ 109.743228113150678, -7.78761029630847, 0.0 ], [ 109.743240391719183, -7.787580659777777, 0.0 ], [ 109.743251227535211, -7.78755450556835, 0.0 ], [ 109.743255630916138, -7.787543420128848, 0.0 ], [ 109.743266838362985, -7.787516826017272, 0.0 ], [ 109.743297456295466, -7.787442924080973, 0.0 ], [ 109.743303312363665, -7.787423180508014, 0.0 ], [ 109.743317588663828, -7.787392737699993, 0.0 ], [ 109.743319755935545, -7.787387130918508, 0.0 ], [ 109.74332024995735, -7.787384147837766, 0.0 ], [ 109.743323252879819, -7.787380659307915, 0.0 ], [ 109.743337746592914, -7.787345676048897, 0.0 ], [ 109.74334368501485, -7.787331342584077, 0.0 ], [ 109.743348593662446, -7.787306304953374, 0.0 ], [ 109.743348422281287, -7.787300360948128, 0.0 ], [ 109.743356981090415, -7.787275522727634, 0.0 ], [ 109.743360209423216, -7.787256160946853, 0.0 ], [ 109.743379684403735, -7.787238771582277, 0.0 ], [ 109.743384753355784, -7.787224759566775, 0.0 ], [ 109.743386797183433, -7.787219751839548, 0.0 ], [ 109.743387899783698, -7.787211642272469, 0.0 ], [ 109.743379862769842, -7.787178919574459, 0.0 ], [ 109.7433239143419, -7.787158712704164, 0.0 ], [ 109.743316114521406, -7.787155895651479, 0.0 ], [ 109.743286419566687, -7.787145170774023, 0.0 ], [ 109.74324524398881, -7.787130299408112, 0.0 ], [ 109.743228861966202, -7.787124382739648, 0.0 ], [ 109.743204068389403, -7.787115428064434, 0.0 ], [ 109.74315606909623, -7.787098092151061, 0.0 ], [ 109.743100120693597, -7.787077885351678, 0.0 ], [ 109.743044172297672, -7.787057678448637, 0.0 ], [ 109.742998190488038, -7.787041071244555, 0.0 ], [ 109.742967104337978, -7.78702984385025, 0.0 ], [ 109.742957014940615, -7.787026199850598, 0.0 ], [ 109.742932275524694, -7.78701726472, 0.0 ], [ 109.742874663840652, -7.786996457061662, 0.0 ], [ 109.742833488259876, -7.786981585695758, 0.0 ], [ 109.742792056648511, -7.786966621806113, 0.0 ], [ 109.742764430413274, -7.786956644029382, 0.0 ], [ 109.742749253323595, -7.786953710582186, 0.0 ], [ 109.742714085644593, -7.786938460943618, 0.0 ], [ 109.742708482055662, -7.786936437087012, 0.0 ], [ 109.742706441477083, -7.786936403035777, 0.0 ], [ 109.74270240049168, -7.78693842628864, 0.0 ], [ 109.742673527893501, -7.78695940726855, 0.0 ], [ 109.742662585800176, -7.786983940815912, 0.0 ], [ 109.742656422268666, -7.786994149183696, 0.0 ], [ 109.74265226279455, -7.787007086193098, 0.0 ], [ 109.74263847961889, -7.787049955224298, 0.0 ], [ 109.742632071120468, -7.787069887283857, 0.0 ], [ 109.742628180370275, -7.787081988476747, 0.0 ], [ 109.742620537025601, -7.787105761263459, 0.0 ], [ 109.742602594395336, -7.787161567300834, 0.0 ], [ 109.742600940599715, -7.787166711034447, 0.0 ], [ 109.742587320687704, -7.787209072287573, 0.0 ], [ 109.7425846517624, -7.787217373336554, 0.0 ], [ 109.742548766472808, -7.787328985403029, 0.0 ], [ 109.74254646097495, -7.787336156086551, 0.0 ], [ 109.742539196878582, -7.787358749175653, 0.0 ], [ 109.742532477049849, -7.787378152143083, 0.0 ], [ 109.742530823819294, -7.787384791433761, 0.0 ], [ 109.742512881159954, -7.787440597462832, 0.0 ], [ 109.742505601232068, -7.787463239880148, 0.0 ], [ 109.742500645647013, -7.787478652928182, 0.0 ], [ 109.742494938522881, -7.787496403490322, 0.0 ], [ 109.742492187959783, -7.787505808468024, 0.0 ], [ 109.742482638424789, -7.78754310045397, 0.0 ], [ 109.742480302898855, -7.787549910286414, 0.0 ], [ 109.742480394595546, -7.787552219598464, 0.0 ], [ 109.742481610713497, -7.787553218081125, 0.0 ], [ 109.742482605989167, -7.787553976212989, 0.0 ], [ 109.742492068231925, -7.787561714241368, 0.0 ], [ 109.742512497311068, -7.787578290192534, 0.0 ], [ 109.742538474288608, -7.787601048614601, 0.0 ], [ 109.742542367456451, -7.787604370030526, 0.0 ], [ 109.742546398525221, -7.787608274646784, 0.0 ], [ 109.742594339738289, -7.787649080934613, 0.0 ], [ 109.742602561925125, -7.787656079433615, 0.0 ], [ 109.742632787678431, -7.787681806723862, 0.0 ], [ 109.742650206632376, -7.78769663324029, 0.0 ], [ 109.742706073539125, -7.787744185634404, 0.0 ], [ 109.742761940459118, -7.787791737929166, 0.0 ], [ 109.742817807391717, -7.787839290312382, 0.0 ], [ 109.742875677434867, -7.787888547576443, 0.0 ], [ 109.742929541295993, -7.787934394968508, 0.0 ], [ 109.742985408267629, -7.787981947241388, 0.0 ], [ 109.74304127525194, -7.788029499602766, 0.0 ], [ 109.743047410872506, -7.788006827209309, 0.0 ] ] ] } },
{ "type": "Feature", "properties": { "OBJECTID": 32, "Join_Count": 1, "TARGET_FID": 36, "Id": 76, "Contour": 0.4, "Shape_Leng": 156.92511790200001, "Skor": 1.0, "Shape_Le_1": 156.92511790899999, "Shape_Area": 514.92018922399996 }, "geometry": { "type": "Polygon", "coordinates": [ [ [ 109.737822260750789, -7.785806741810371, 0.0 ], [ 109.737833595127341, -7.785812268289506, 0.0 ], [ 109.737839108031721, -7.785810431932383, 0.0 ], [ 109.737843561548132, -7.785811249313267, 0.0 ], [ 109.737882489819555, -7.785819487001811, 0.0 ], [ 109.737895082821865, -7.785821647252389, 0.0 ], [ 109.737951056893039, -7.785833104188772, 0.0 ], [ 109.738007030968447, -7.785844561102043, 0.0 ], [ 109.73805383754636, -7.785854141598361, 0.0 ], [ 109.738099194036678, -7.785863425269731, 0.0 ], [ 109.738114516140328, -7.785867920642975, 0.0 ], [ 109.738118976163889, -7.785868466845007, 0.0 ], [ 109.738124703828902, -7.785869215833949, 0.0 ], [ 109.738161061230443, -7.785877468742945, 0.0 ], [ 109.738174953219712, -7.785878931836041, 0.0 ], [ 109.73823092731179, -7.785890388737874, 0.0 ], [ 109.738286901408117, -7.785901845616586, 0.0 ], [ 109.738376127384413, -7.78592010855978, 0.0 ], [ 109.738351279437936, -7.785928461388895, 0.0 ], [ 109.738331689704694, -7.785931079296284, 0.0 ], [ 109.73830469052622, -7.785937744828991, 0.0 ], [ 109.738264680192998, -7.785941819670585, 0.0 ], [ 109.738254823955288, -7.785943739768634, 0.0 ], [ 109.738203203990381, -7.785947975513824, 0.0 ], [ 109.738202305206968, -7.785947965358315, 0.0 ], [ 109.738174741020345, -7.785949854961246, 0.0 ], [ 109.738149090500343, -7.785949709482682, 0.0 ], [ 109.738144419892251, -7.785949659966184, 0.0 ], [ 109.738118733660343, -7.785949514962401, 0.0 ], [ 109.738092578303664, -7.785949036806842, 0.0 ], [ 109.738088966516273, -7.785948943542161, 0.0 ], [ 109.738062728411023, -7.785948469986359, 0.0 ], [ 109.738042747398111, -7.785939072259804, 0.0 ], [ 109.738026675228369, -7.78593894218954, 0.0 ], [ 109.738006763211416, -7.785934041580195, 0.0 ], [ 109.737994806171685, -7.785930908277802, 0.0 ], [ 109.737961767075859, -7.785929845776282, 0.0 ], [ 109.737950773380263, -7.785927845910099, 0.0 ], [ 109.737943255441024, -7.78592632275523, 0.0 ], [ 109.737923764114299, -7.785918762279856, 0.0 ], [ 109.737913950189494, -7.785899683051871, 0.0 ], [ 109.737894871337559, -7.78589231623695, 0.0 ], [ 109.73787388271893, -7.78588371302143, 0.0 ], [ 109.737860749369901, -7.785884520366813, 0.0 ], [ 109.737838899732637, -7.785880033575538, 0.0 ], [ 109.737826240873687, -7.785875252227189, 0.0 ], [ 109.737783983126704, -7.785863526597712, 0.0 ], [ 109.737782941793171, -7.785863186377666, 0.0 ], [ 109.737782351928956, -7.785863070803934, 0.0 ], [ 109.737780195995242, -7.785862475747011, 0.0 ], [ 109.737772878699843, -7.785852385440215, 0.0 ], [ 109.737764540997887, -7.785825035640998, 0.0 ], [ 109.737749863689103, -7.785829294291928, 0.0 ], [ 109.737727055138009, -7.785822523983061, 0.0 ], [ 109.737718559477997, -7.785814928797234, 0.0 ], [ 109.73770560092396, -7.785806394517314, 0.0 ], [ 109.737713286945535, -7.785792596545099, 0.0 ], [ 109.737727157933932, -7.785788178337331, 0.0 ], [ 109.737742489721782, -7.785791204355192, 0.0 ], [ 109.737773369678465, -7.7857968516475, 0.0 ], [ 109.737783134691981, -7.785798733371894, 0.0 ], [ 109.737822260750789, -7.785806741810371, 0.0 ] ] ] } },
{ "type": "Feature", "properties": { "OBJECTID": 33, "Join_Count": 1, "TARGET_FID": 37, "Id": 74, "Contour": 0.6, "Shape_Leng": 831.36783134699999, "Skor": 1.0, "Shape_Le_1": 831.36783135600001, "Shape_Area": 13996.803159200001 }, "geometry": { "type": "Polygon", "coordinates": [ [ [ 109.736932259042931, -7.78641854203032, 0.0 ], [ 109.736935858038422, -7.786474411891724, 0.0 ], [ 109.736935256697848, -7.7864801070584, 0.0 ], [ 109.736939040106463, -7.786528501434039, 0.0 ], [ 109.736938758708476, -7.786530279672629, 0.0 ], [ 109.736937434877063, -7.786533640402927, 0.0 ], [ 109.736940758113761, -7.786550477524973, 0.0 ], [ 109.73694305614714, -7.78658615161475, 0.0 ], [ 109.736942718249523, -7.786588218257807, 0.0 ], [ 109.736940632735326, -7.786592338062631, 0.0 ], [ 109.736935551184075, -7.786591200660609, 0.0 ], [ 109.736890788801091, -7.786592143387579, 0.0 ], [ 109.73688462764774, -7.78659121986274, 0.0 ], [ 109.736880632884038, -7.78658995353468, 0.0 ], [ 109.736838066935363, -7.786576460370865, 0.0 ], [ 109.736828672343478, -7.786573482314997, 0.0 ], [ 109.736772717045568, -7.786555744553379, 0.0 ], [ 109.736752935285693, -7.786549473795943, 0.0 ], [ 109.736729021205932, -7.786541893159478, 0.0 ], [ 109.736710369362697, -7.786535980601158, 0.0 ], [ 109.73669004763363, -7.7865295386424, 0.0 ], [ 109.736660806466546, -7.786520269220598, 0.0 ], [ 109.736647387248937, -7.786516015363699, 0.0 ], [ 109.736625237736177, -7.786508993996735, 0.0 ], [ 109.736582671848211, -7.786495500767826, 0.0 ], [ 109.736565753388106, -7.786490137638266, 0.0 ], [ 109.736548895910602, -7.786484793858059, 0.0 ], [ 109.736520918275403, -7.786475924961409, 0.0 ], [ 109.736497540241757, -7.786468514143541, 0.0 ], [ 109.736492940641568, -7.786467056085798, 0.0 ], [ 109.736489073404428, -7.78646923017277, 0.0 ], [ 109.736449723515946, -7.786485776467308, 0.0 ], [ 109.736436864490528, -7.78648966397389, 0.0 ], [ 109.736381597623421, -7.786584478545982, 0.0 ], [ 109.736324268820354, -7.786682830637795, 0.0 ], [ 109.736267970943302, -7.786779413864267, 0.0 ], [ 109.736211673037587, -7.786875997250361, 0.0 ], [ 109.736186576628114, -7.786919051974514, 0.0 ], [ 109.736175156103073, -7.786938644742405, 0.0 ], [ 109.736154549705617, -7.786973996654567, 0.0 ], [ 109.736099077142143, -7.787069163814647, 0.0 ], [ 109.736042779151944, -7.787165747164573, 0.0 ], [ 109.735986481134091, -7.787262330330807, 0.0 ], [ 109.735930183087532, -7.787358913659893, 0.0 ], [ 109.735894044503141, -7.787420911846283, 0.0 ], [ 109.735886665633188, -7.787433570810085, 0.0 ], [ 109.735866059182939, -7.787468922696402, 0.0 ], [ 109.735861540952527, -7.787476674034369, 0.0 ], [ 109.735817586910514, -7.78755208010378, 0.0 ], [ 109.735764030041892, -7.787643960573967, 0.0 ], [ 109.735704990620789, -7.787745246499429, 0.0 ], [ 109.735650267194544, -7.787839128157777, 0.0 ], [ 109.735601511614604, -7.787922771392806, 0.0 ], [ 109.735598174423785, -7.787928496558234, 0.0 ], [ 109.735577567917588, -7.787963848425148, 0.0 ], [ 109.735569007979549, -7.787978533544786, 0.0 ], [ 109.735537061930543, -7.788033338935261, 0.0 ], [ 109.735479797702936, -7.788131579321163, 0.0 ], [ 109.735423499403467, -7.788228162366931, 0.0 ], [ 109.735412557472586, -7.788246504497531, 0.0 ], [ 109.735406489298697, -7.788257344243229, 0.0 ], [ 109.735367201075292, -7.788324745572297, 0.0 ], [ 109.735350057042467, -7.788351876988217, 0.0 ], [ 109.735341481775578, -7.788368868494563, 0.0 ], [ 109.735310902719448, -7.788421328593998, 0.0 ], [ 109.735308491265727, -7.788422226835682, 0.0 ], [ 109.735308287099059, -7.788424628552714, 0.0 ], [ 109.735304272096599, -7.788431199957788, 0.0 ], [ 109.735287089421718, -7.788456780756231, 0.0 ], [ 109.735276474249247, -7.788480392729894, 0.0 ], [ 109.735254604334969, -7.788517911775234, 0.0 ], [ 109.735239159269753, -7.788520745140876, 0.0 ], [ 109.73523762954261, -7.788536135920556, 0.0 ], [ 109.735222542721957, -7.788560100228151, 0.0 ], [ 109.735219900644779, -7.788570536585016, 0.0 ], [ 109.73521146666036, -7.788591916949121, 0.0 ], [ 109.735198305922296, -7.788614494944403, 0.0 ], [ 109.735175692511291, -7.788614363608497, 0.0 ], [ 109.735173141468962, -7.788591802583694, 0.0 ], [ 109.735178172512363, -7.788571609637528, 0.0 ], [ 109.735175226187721, -7.788559133455785, 0.0 ], [ 109.735177806163151, -7.788535957406241, 0.0 ], [ 109.735198701303418, -7.788482703437206, 0.0 ], [ 109.735202036948507, -7.788483499734767, 0.0 ], [ 109.735201556847429, -7.78848016918177, 0.0 ], [ 109.735202180083803, -7.788476719453759, 0.0 ], [ 109.735220209699548, -7.788445706013978, 0.0 ], [ 109.735221589509734, -7.788424369860468, 0.0 ], [ 109.735243481258465, -7.788368576084532, 0.0 ], [ 109.735255141471427, -7.788338858497205, 0.0 ], [ 109.735265193018492, -7.788322758311093, 0.0 ], [ 109.735265372916331, -7.788312782306125, 0.0 ], [ 109.735287264567319, -7.788256988525514, 0.0 ], [ 109.735294060541193, -7.78823966811523, 0.0 ], [ 109.73530983404271, -7.788199467204898, 0.0 ], [ 109.735331047929989, -7.788145400957952, 0.0 ], [ 109.7353680216724, -7.788051168353011, 0.0 ], [ 109.735373024521095, -7.788038760367743, 0.0 ], [ 109.735374831184387, -7.788033813381301, 0.0 ], [ 109.735396241694517, -7.787979245752775, 0.0 ], [ 109.735418614492602, -7.78792222579608, 0.0 ], [ 109.735462397692558, -7.787810638201827, 0.0 ], [ 109.735467569075055, -7.787797458227129, 0.0 ], [ 109.73548428928234, -7.787754844401397, 0.0 ], [ 109.735506180949443, -7.787699050598998, 0.0 ], [ 109.735549964091859, -7.787587462987092, 0.0 ], [ 109.735557962338405, -7.787567078339016, 0.0 ], [ 109.735560909898922, -7.787559566082843, 0.0 ], [ 109.7355779833794, -7.787516051869383, 0.0 ], [ 109.735593725598505, -7.787475930659504, 0.0 ], [ 109.735637530382306, -7.787364287737098, 0.0 ], [ 109.735648476194456, -7.787336390828448, 0.0 ], [ 109.735656850661229, -7.787315047320298, 0.0 ], [ 109.73566525195794, -7.787293635382982, 0.0 ], [ 109.735672624090824, -7.787274846390162, 0.0 ], [ 109.735681313530336, -7.787252700099009, 0.0 ], [ 109.735725096563883, -7.787141112451843, 0.0 ], [ 109.735746988156137, -7.787085318625222, 0.0 ], [ 109.73581266263659, -7.786917937131339, 0.0 ], [ 109.735834554201631, -7.786862143295868, 0.0 ], [ 109.735900228603541, -7.786694761775585, 0.0 ], [ 109.735922120138284, -7.786638967931309, 0.0 ], [ 109.735987794458552, -7.78647158638457, 0.0 ], [ 109.736009685966053, -7.786415792531464, 0.0 ], [ 109.736075360204694, -7.786248410958303, 0.0 ], [ 109.736097251688108, -7.78619261709641, 0.0 ], [ 109.736162925841967, -7.78602523549679, 0.0 ], [ 109.736184817298181, -7.785969441626068, 0.0 ], [ 109.736250491370427, -7.785802059999989, 0.0 ], [ 109.736271056765688, -7.785749645731531, 0.0 ], [ 109.736272083823252, -7.785747282486253, 0.0 ], [ 109.73627270252932, -7.785746267073435, 0.0 ], [ 109.736303806231319, -7.785723083506023, 0.0 ], [ 109.736327196238321, -7.785705871168169, 0.0 ], [ 109.736348057586937, -7.785690632531113, 0.0 ], [ 109.736370534673313, -7.785677980049038, 0.0 ], [ 109.736383298525794, -7.785674503970681, 0.0 ], [ 109.736396498804311, -7.785677602515774, 0.0 ], [ 109.736427540330737, -7.785679148119983, 0.0 ], [ 109.73643928678888, -7.785681193383176, 0.0 ], [ 109.736471476090628, -7.785691000333536, 0.0 ], [ 109.736489379731964, -7.785696906346444, 0.0 ], [ 109.736495244021398, -7.78569824158491, 0.0 ], [ 109.736841790641407, -7.785803821979528, 0.0 ], [ 109.736886847239944, -7.785850155234522, 0.0 ], [ 109.736891615864749, -7.785855058981897, 0.0 ], [ 109.736896268473714, -7.785859843413618, 0.0 ], [ 109.736899867471536, -7.7859157132752, 0.0 ], [ 109.73690346659069, -7.785971583137118, 0.0 ], [ 109.736907065588056, -7.786027452998687, 0.0 ], [ 109.736910664703572, -7.786083322860555, 0.0 ], [ 109.736914263700484, -7.786139192722049, 0.0 ], [ 109.736917862818672, -7.786195062583903, 0.0 ], [ 109.736921461815115, -7.786250932445371, 0.0 ], [ 109.73692506092975, -7.786306802307158, 0.0 ], [ 109.736928659925695, -7.786362672168567, 0.0 ], [ 109.736932259042931, -7.78641854203032, 0.0 ] ] ] } },
{ "type": "Feature", "properties": { "OBJECTID": 34, "Join_Count": 1, "TARGET_FID": 38, "Id": 73, "Contour": 0.6, "Shape_Leng": 383.76409925199999, "Skor": 1.0, "Shape_Le_1": 529.94496292099996, "Shape_Area": 2508.37291903 }, "geometry": { "type": "Polygon", "coordinates": [ [ [ 109.737488382326035, -7.78572322075829, 0.0 ], [ 109.737524331966583, -7.78565574590207, 0.0 ], [ 109.737539032087966, -7.785658754782268, 0.0 ], [ 109.737615481797235, -7.785674402780438, 0.0 ], [ 109.737671455835979, -7.78568585975594, 0.0 ], [ 109.737771845732027, -7.785706407881107, 0.0 ], [ 109.737839377977338, -7.785720230602144, 0.0 ], [ 109.737895352032865, -7.785731687527298, 0.0 ], [ 109.737951326092485, -7.785743144468233, 0.0 ], [ 109.738035287189859, -7.785760329837594, 0.0 ], [ 109.738091261259967, -7.785771786754802, 0.0 ], [ 109.738175222372973, -7.785788972117621, 0.0 ], [ 109.738284035986823, -7.78581124430292, 0.0 ], [ 109.738343144627251, -7.785823342783694, 0.0 ], [ 109.73839911872038, -7.785834799646706, 0.0 ], [ 109.738455092817674, -7.785846256518977, 0.0 ], [ 109.738511066919216, -7.785857713374635, 0.0 ], [ 109.738567041024879, -7.785869170220131, 0.0 ], [ 109.738623015134692, -7.785880627081408, 0.0 ], [ 109.738678989248726, -7.785892083909882, 0.0 ], [ 109.738749663788468, -7.785906549645055, 0.0 ], [ 109.73882239458797, -7.785921436224326, 0.0 ], [ 109.738842787953743, -7.785925612072793, 0.0 ], [ 109.738846911615937, -7.785926454382861, 0.0 ], [ 109.738902885746654, -7.785937911206314, 0.0 ], [ 109.738958859881663, -7.785949368000233, 0.0 ], [ 109.73901483402075, -7.78596082480338, 0.0 ], [ 109.739070808164058, -7.785972281593163, 0.0 ], [ 109.739075893105948, -7.785972975904323, 0.0 ], [ 109.739099328186342, -7.785978119063499, 0.0 ], [ 109.739085716535186, -7.785993009043394, 0.0 ], [ 109.739070731527462, -7.785997913714874, 0.0 ], [ 109.739043610725886, -7.786006790472015, 0.0 ], [ 109.739041837071355, -7.786006739243863, 0.0 ], [ 109.739014681506134, -7.78601183306006, 0.0 ], [ 109.738996242279526, -7.786015291883565, 0.0 ], [ 109.738977411042598, -7.786014918445752, 0.0 ], [ 109.738944343494708, -7.78601924799297, 0.0 ], [ 109.738917290057529, -7.786018829588485, 0.0 ], [ 109.738890737584512, -7.786021491334382, 0.0 ], [ 109.738858844204714, -7.78602107999127, 0.0 ], [ 109.738846625688609, -7.786022069700863, 0.0 ], [ 109.738836301903603, -7.786022902153149, 0.0 ], [ 109.738801226804981, -7.786022509059266, 0.0 ], [ 109.738790613830162, -7.786023225854489, 0.0 ], [ 109.738678600570154, -7.786022042664747, 0.0 ], [ 109.738633648309303, -7.786021567843641, 0.0 ], [ 109.738578064570376, -7.786020980699276, 0.0 ], [ 109.738510580690203, -7.786020267857269, 0.0 ], [ 109.738398567443681, -7.78601908459384, 0.0 ], [ 109.738355729618405, -7.786018632078075, 0.0 ], [ 109.738286554202503, -7.786017901317063, 0.0 ], [ 109.738244562148864, -7.78601745772554, 0.0 ], [ 109.738174540966753, -7.786016718014053, 0.0 ], [ 109.738147660463113, -7.786004301069712, 0.0 ], [ 109.738146327974391, -7.786003461263111, 0.0 ], [ 109.738118592485904, -7.785996697054933, 0.0 ], [ 109.738097502994847, -7.785996173433847, 0.0 ], [ 109.738083509334132, -7.78599596421257, 0.0 ], [ 109.738062587824444, -7.785995453534976, 0.0 ], [ 109.738046319870534, -7.785991223466213, 0.0 ], [ 109.738020495001763, -7.785974909364792, 0.0 ], [ 109.738012041291427, -7.785969514319966, 0.0 ], [ 109.738006661026006, -7.785968190166493, 0.0 ], [ 109.73799762504234, -7.785965822313704, 0.0 ], [ 109.737970471820901, -7.785955033368859, 0.0 ], [ 109.73795070278328, -7.785951437179865, 0.0 ], [ 109.737923485334193, -7.78594592284697, 0.0 ], [ 109.737920981399185, -7.785944951596123, 0.0 ], [ 109.737894735469609, -7.785937717129653, 0.0 ], [ 109.737879371835092, -7.785933964043569, 0.0 ], [ 109.737852920228704, -7.785918551397415, 0.0 ], [ 109.737844135796891, -7.785913204126227, 0.0 ], [ 109.737838803738242, -7.785912109194053, 0.0 ], [ 109.737828542643442, -7.785908233500693, 0.0 ], [ 109.737803615513727, -7.785897683008835, 0.0 ], [ 109.73778285884525, -7.785890901481652, 0.0 ], [ 109.737758995881066, -7.785886225984029, 0.0 ], [ 109.737747642772945, -7.785883092426347, 0.0 ], [ 109.737726887755656, -7.785878448586157, 0.0 ], [ 109.737713592017272, -7.7858755464492, 0.0 ], [ 109.737686930774544, -7.785862198090427, 0.0 ], [ 109.737678551237337, -7.78585459295134, 0.0 ], [ 109.737670966615539, -7.785849309150277, 0.0 ], [ 109.737646208556029, -7.785830964565354, 0.0 ], [ 109.737633325221523, -7.785824423078009, 0.0 ], [ 109.737615063703785, -7.78581408275706, 0.0 ], [ 109.737609296523445, -7.785811866232448, 0.0 ], [ 109.737597182595053, -7.785806071730193, 0.0 ], [ 109.737575525392359, -7.785789654011045, 0.0 ], [ 109.737559164893156, -7.785777489663943, 0.0 ], [ 109.737543499093192, -7.785765711970515, 0.0 ], [ 109.737522587558971, -7.78574999047366, 0.0 ], [ 109.73751506963039, -7.785738204030516, 0.0 ], [ 109.737503284822139, -7.785734639896186, 0.0 ], [ 109.737488382326035, -7.78572322075829, 0.0 ] ], [ [ 109.737822260750789, -7.785806741810371, 0.0 ], [ 109.737783134691981, -7.785798733371894, 0.0 ], [ 109.737773369678465, -7.7857968516475, 0.0 ], [ 109.737742489721782, -7.785791204355192, 0.0 ], [ 109.737727157933932, -7.785788178337331, 0.0 ], [ 109.737713286945535, -7.785792596545099, 0.0 ], [ 109.73770560092396, -7.785806394517314, 0.0 ], [ 109.737718559477997, -7.785814928797234, 0.0 ], [ 109.737727055138009, -7.785822523983061, 0.0 ], [ 109.737749863689103, -7.785829294291928, 0.0 ], [ 109.737764540997887, -7.785825035640998, 0.0 ], [ 109.737772878699843, -7.785852385440215, 0.0 ], [ 109.737780195995242, -7.785862475747011, 0.0 ], [ 109.737782351928956, -7.785863070803934, 0.0 ], [ 109.737782941793171, -7.785863186377666, 0.0 ], [ 109.737783983126704, -7.785863526597712, 0.0 ], [ 109.737826240873687, -7.785875252227189, 0.0 ], [ 109.737838899732637, -7.785880033575538, 0.0 ], [ 109.737860749369901, -7.785884520366813, 0.0 ], [ 109.73787388271893, -7.78588371302143, 0.0 ], [ 109.737894871337559, -7.78589231623695, 0.0 ], [ 109.737913950189494, -7.785899683051871, 0.0 ], [ 109.737923764114299, -7.785918762279856, 0.0 ], [ 109.737943255441024, -7.78592632275523, 0.0 ], [ 109.737950773380263, -7.785927845910099, 0.0 ], [ 109.737961767075859, -7.785929845776282, 0.0 ], [ 109.737994806171685, -7.785930908277802, 0.0 ], [ 109.738006763211416, -7.785934041580195, 0.0 ], [ 109.738026675228369, -7.78593894218954, 0.0 ], [ 109.738042747398111, -7.785939072259804, 0.0 ], [ 109.738062728411023, -7.785948469986359, 0.0 ], [ 109.738088966516273, -7.785948943542161, 0.0 ], [ 109.738092578303664, -7.785949036806842, 0.0 ], [ 109.738118733660343, -7.785949514962401, 0.0 ], [ 109.738144419892251, -7.785949659966184, 0.0 ], [ 109.738149090500343, -7.785949709482682, 0.0 ], [ 109.738174741020345, -7.785949854961246, 0.0 ], [ 109.738202305206968, -7.785947965358315, 0.0 ], [ 109.738203203990381, -7.785947975513824, 0.0 ], [ 109.738254823955288, -7.785943739768634, 0.0 ], [ 109.738264680192998, -7.785941819670585, 0.0 ], [ 109.73830469052622, -7.785937744828991, 0.0 ], [ 109.738331689704694, -7.785931079296284, 0.0 ], [ 109.738351279437936, -7.785928461388895, 0.0 ], [ 109.738376127384413, -7.78592010855978, 0.0 ], [ 109.738286901408117, -7.785901845616586, 0.0 ], [ 109.73823092731179, -7.785890388737874, 0.0 ], [ 109.738174953219712, -7.785878931836041, 0.0 ], [ 109.738161061230443, -7.785877468742945, 0.0 ], [ 109.738124703828902, -7.785869215833949, 0.0 ], [ 109.738118976163889, -7.785868466845007, 0.0 ], [ 109.738114516140328, -7.785867920642975, 0.0 ], [ 109.738099194036678, -7.785863425269731, 0.0 ], [ 109.73805383754636, -7.785854141598361, 0.0 ], [ 109.738007030968447, -7.785844561102043, 0.0 ], [ 109.737951056893039, -7.785833104188772, 0.0 ], [ 109.737895082821865, -7.785821647252389, 0.0 ], [ 109.737882489819555, -7.785819487001811, 0.0 ], [ 109.737843561548132, -7.785811249313267, 0.0 ], [ 109.737839108031721, -7.785810431932383, 0.0 ], [ 109.737833595127341, -7.785812268289506, 0.0 ], [ 109.737822260750789, -7.785806741810371, 0.0 ] ] ] } },
{ "type": "Feature", "properties": { "OBJECTID": 35, "Join_Count": 1, "TARGET_FID": 39, "Id": 54, "Contour": 0.8, "Shape_Leng": 3689.1160381700001, "Skor": 1.0, "Shape_Le_1": 2850.05665572, "Shape_Area": 54601.326262100003 }, "geometry": { "type": "MultiPolygon", "coordinates": [ [ [ [ 109.734623397843379, -7.79574012356024, 0.0 ], [ 109.734672706654294, -7.795781815387476, 0.0 ], [ 109.734689696566477, -7.795796180731117, 0.0 ], [ 109.734710795243259, -7.795814020144258, 0.0 ], [ 109.734741114169935, -7.795839655570497, 0.0 ], [ 109.734771433144118, -7.795865290949839, 0.0 ], [ 109.734801752078369, -7.795890926369605, 0.0 ], [ 109.734822294029669, -7.795908295049539, 0.0 ], [ 109.734828721431583, -7.795919882417811, 0.0 ], [ 109.734840309827987, -7.795923527788079, 0.0 ], [ 109.734888592813434, -7.795964352197294, 0.0 ], [ 109.734864155139917, -7.795988254298614, 0.0 ], [ 109.734840103434905, -7.79599223865273, 0.0 ], [ 109.73481662441668, -7.795987567075106, 0.0 ], [ 109.734806088838155, -7.79598602299937, 0.0 ], [ 109.734784124503221, -7.795982014876642, 0.0 ], [ 109.734769384438891, -7.795978706391771, 0.0 ], [ 109.734735337084629, -7.795971064311805, 0.0 ], [ 109.73470296219503, -7.795963797575639, 0.0 ], [ 109.734678292187667, -7.795957626599418, 0.0 ], [ 109.734672180707605, -7.795956888469586, 0.0 ], [ 109.734450740969677, -7.795907184802364, 0.0 ], [ 109.734336349428958, -7.795881508834186, 0.0 ], [ 109.734311317713363, -7.795875890309771, 0.0 ], [ 109.73430836349624, -7.795875227212352, 0.0 ], [ 109.734280377564701, -7.795868945582335, 0.0 ], [ 109.734112461999231, -7.795831255627008, 0.0 ], [ 109.734087917766942, -7.795825746500269, 0.0 ], [ 109.734082284494221, -7.79582448206556, 0.0 ], [ 109.734056490152838, -7.795818692350871, 0.0 ], [ 109.734000518311049, -7.79580612903237, 0.0 ], [ 109.733985729590472, -7.795808817634439, 0.0 ], [ 109.73394629791575, -7.795793958834601, 0.0 ], [ 109.733832602812683, -7.795768438996541, 0.0 ], [ 109.733811292033963, -7.795772313298655, 0.0 ], [ 109.73218536491251, -7.795242177968416, 0.0 ], [ 109.732271709310723, -7.794861151272539, 0.0 ], [ 109.732379002900885, -7.794888159465947, 0.0 ], [ 109.732384911110515, -7.794889646698214, 0.0 ], [ 109.732434969954326, -7.794902247615088, 0.0 ], [ 109.732490937012344, -7.79491633583833, 0.0 ], [ 109.733330443470322, -7.795127657110505, 0.0 ], [ 109.733370554669548, -7.795137753939914, 0.0 ], [ 109.733412792710538, -7.795148386099718, 0.0 ], [ 109.73344237774711, -7.79515583325153, 0.0 ], [ 109.733666246359647, -7.795212185276787, 0.0 ], [ 109.733682026907061, -7.795218820122862, 0.0 ], [ 109.733718519949875, -7.795231017860067, 0.0 ], [ 109.733722195146115, -7.795232386980466, 0.0 ], [ 109.733727249340859, -7.795234713387941, 0.0 ], [ 109.733762022645195, -7.795250900404573, 0.0 ], [ 109.733778127275215, -7.795258132117987, 0.0 ], [ 109.733834059412061, -7.795283877249188, 0.0 ], [ 109.733877241992928, -7.795303753800487, 0.0 ], [ 109.733915606847972, -7.795321412835283, 0.0 ], [ 109.7339459237093, -7.795335367415, 0.0 ], [ 109.733992336581551, -7.795356730879771, 0.0 ], [ 109.734027456645222, -7.795372896332854, 0.0 ], [ 109.734069066329809, -7.795392048912378, 0.0 ], [ 109.734113720213415, -7.795412602658329, 0.0 ], [ 109.734169652396929, -7.795438347751592, 0.0 ], [ 109.734184161001536, -7.795445025921202, 0.0 ], [ 109.73422252587649, -7.795462684941895, 0.0 ], [ 109.734281516787533, -7.795489837841483, 0.0 ], [ 109.734337995363347, -7.795515834405763, 0.0 ], [ 109.734370916494925, -7.795538346077111, 0.0 ], [ 109.734405019500784, -7.795560230116923, 0.0 ], [ 109.734424501760955, -7.795571952001498, 0.0 ], [ 109.734437924783165, -7.795583301530001, 0.0 ], [ 109.734449235936481, -7.795592865390659, 0.0 ], [ 109.734490800510756, -7.795628009195706, 0.0 ], [ 109.734498562681466, -7.795634572299944, 0.0 ], [ 109.734528881584694, -7.795660207734186, 0.0 ], [ 109.734559200532431, -7.795685843124814, 0.0 ], [ 109.734588905111025, -7.795710959126712, 0.0 ], [ 109.734619838392277, -7.795737113949713, 0.0 ], [ 109.734623397843379, -7.79574012356024, 0.0 ] ] ], [ [ [ 109.736775392942405, -7.785662397618648, 0.0 ], [ 109.737167093816268, -7.785781734602056, 0.0 ], [ 109.737214186244103, -7.785796081921148, 0.0 ], [ 109.737243519207169, -7.785805018597567, 0.0 ], [ 109.737261007411732, -7.785823002307909, 0.0 ], [ 109.737270758144632, -7.785833029293674, 0.0 ], [ 109.737297997144907, -7.785861039988749, 0.0 ], [ 109.7373015961996, -7.78591690985541, 0.0 ], [ 109.737305195369458, -7.785972779722492, 0.0 ], [ 109.737308794420585, -7.78602864958918, 0.0 ], [ 109.737312393593029, -7.786084519456178, 0.0 ], [ 109.737315992643659, -7.786140389322795, 0.0 ], [ 109.737319591812536, -7.786196259189756, 0.0 ], [ 109.737323190862753, -7.786252129056347, 0.0 ], [ 109.73732679003426, -7.78630799892326, 0.0 ], [ 109.737330389083937, -7.786363868789793, 0.0 ], [ 109.737333941199267, -7.78641901006849, 0.0 ], [ 109.737337587301155, -7.78647560852318, 0.0 ], [ 109.737341186350179, -7.786531478389649, 0.0 ], [ 109.737344785520506, -7.786587348256456, 0.0 ], [ 109.737348384569074, -7.786643218122901, 0.0 ], [ 109.737351983735806, -7.786699087989625, 0.0 ], [ 109.737355582783934, -7.786754957856028, 0.0 ], [ 109.737359181953295, -7.786810827722785, 0.0 ], [ 109.73736278100094, -7.786866697589126, 0.0 ], [ 109.737366380166776, -7.786922567455835, 0.0 ], [ 109.737369979213881, -7.786978437322134, 0.0 ], [ 109.737373578382361, -7.787034307188743, 0.0 ], [ 109.737377177429082, -7.787090177055068, 0.0 ], [ 109.737380776593938, -7.787146046921609, 0.0 ], [ 109.737384375640147, -7.787201916787874, 0.0 ], [ 109.737387898516886, -7.78725660239444, 0.0 ], [ 109.737391270790283, -7.787308951971311, 0.0 ], [ 109.737391573853444, -7.787313656520641, 0.0 ], [ 109.737395172898957, -7.787369526386797, 0.0 ], [ 109.737395395291344, -7.787378552046465, 0.0 ], [ 109.737394795955694, -7.787416842796842, 0.0 ], [ 109.73739502678599, -7.787425385098194, 0.0 ], [ 109.737393078981768, -7.787432254540319, 0.0 ], [ 109.737386164325159, -7.787439274617284, 0.0 ], [ 109.737341848565833, -7.787425226706391, 0.0 ], [ 109.737334653549084, -7.787420774744681, 0.0 ], [ 109.737330208882753, -7.787421536959564, 0.0 ], [ 109.737324867255055, -7.787419843690727, 0.0 ], [ 109.737290428197724, -7.787408926626519, 0.0 ], [ 109.737246275729774, -7.787394930544744, 0.0 ], [ 109.737218298014952, -7.787386061731114, 0.0 ], [ 109.737162730345304, -7.787368446921499, 0.0 ], [ 109.737120164311605, -7.787354953769174, 0.0 ], [ 109.737106387170314, -7.787350586472763, 0.0 ], [ 109.737050431756956, -7.787332848729992, 0.0 ], [ 109.737035032482368, -7.787327967223812, 0.0 ], [ 109.736998330948978, -7.787316333068732, 0.0 ], [ 109.736992466461828, -7.787314474053488, 0.0 ], [ 109.73694990055715, -7.787300980769569, 0.0 ], [ 109.73691669689623, -7.787290455370523, 0.0 ], [ 109.736907334571399, -7.787287487569009, 0.0 ], [ 109.736882565550317, -7.787279635879599, 0.0 ], [ 109.736826610160094, -7.787261898110235, 0.0 ], [ 109.736822202775656, -7.787260500985131, 0.0 ], [ 109.736779636765561, -7.787247007802072, 0.0 ], [ 109.736770654775, -7.787244160541531, 0.0 ], [ 109.736714699396359, -7.787226422758918, 0.0 ], [ 109.73669450498987, -7.787220021195126, 0.0 ], [ 109.736671794814924, -7.787212822191044, 0.0 ], [ 109.736651939011651, -7.787206527984332, 0.0 ], [ 109.736609373133746, -7.787193034666454, 0.0 ], [ 109.736602788655603, -7.78719094741332, 0.0 ], [ 109.736546833294042, -7.787173209678736, 0.0 ], [ 109.736524241309837, -7.787166048103018, 0.0 ], [ 109.736508526764212, -7.787161066612118, 0.0 ], [ 109.736481675416869, -7.787152554802547, 0.0 ], [ 109.736439109433562, -7.787139061591946, 0.0 ], [ 109.73643492258779, -7.787137734371026, 0.0 ], [ 109.7364313874196, -7.787139698349444, 0.0 ], [ 109.736422955351912, -7.787143193088249, 0.0 ], [ 109.736391870017812, -7.787156076630853, 0.0 ], [ 109.736378847540735, -7.787159941500737, 0.0 ], [ 109.736323662547207, -7.787254615370599, 0.0 ], [ 109.736302648772565, -7.787290666156969, 0.0 ], [ 109.736294400609083, -7.78730481649485, 0.0 ], [ 109.736266251617906, -7.787353108107095, 0.0 ], [ 109.736209953614036, -7.787449691478032, 0.0 ], [ 109.736153655582498, -7.787546274665277, 0.0 ], [ 109.736097357522283, -7.787642858012124, 0.0 ], [ 109.73604105943437, -7.787739441178508, 0.0 ], [ 109.73603113028841, -7.787756475318155, 0.0 ], [ 109.736014878513771, -7.787784356416905, 0.0 ], [ 109.735998626705637, -7.787812237514575, 0.0 ], [ 109.735984761317837, -7.787836024501247, 0.0 ], [ 109.735972945114952, -7.78785629599098, 0.0 ], [ 109.735966123063605, -7.787867999706902, 0.0 ], [ 109.735928463173138, -7.787932607811943, 0.0 ], [ 109.735872165000742, -7.788029190938938, 0.0 ], [ 109.735815866799712, -7.78812577422554, 0.0 ], [ 109.735759568570984, -7.788222357328513, 0.0 ], [ 109.735738597272359, -7.788258334940468, 0.0 ], [ 109.735725666752629, -7.788280518107564, 0.0 ], [ 109.735684453634207, -7.788351221767789, 0.0 ], [ 109.735675121174424, -7.788367232214524, 0.0 ], [ 109.735646972028093, -7.788415523841442, 0.0 ], [ 109.735592330480728, -7.788509264629631, 0.0 ], [ 109.735534375373049, -7.788608690137868, 0.0 ], [ 109.735479236970065, -7.788703283191644, 0.0 ], [ 109.735446063495857, -7.788760194237527, 0.0 ], [ 109.735433289611251, -7.788771545708205, 0.0 ], [ 109.735421852029617, -7.788777378470463, 0.0 ], [ 109.735396266210813, -7.788790426319548, 0.0 ], [ 109.735389605454955, -7.788792142068531, 0.0 ], [ 109.735365773094685, -7.788800793539066, 0.0 ], [ 109.735354129898425, -7.788804177066324, 0.0 ], [ 109.735312699970635, -7.788812692089365, 0.0 ], [ 109.735309726434551, -7.788813448206455, 0.0 ], [ 109.735141603178349, -7.788845833494825, 0.0 ], [ 109.735117205922492, -7.78884660134741, 0.0 ], [ 109.735109650519988, -7.788846913574447, 0.0 ], [ 109.735085588918565, -7.788847686850601, 0.0 ], [ 109.735029589621973, -7.78884455365075, 0.0 ], [ 109.735002046119192, -7.788843113202085, 0.0 ], [ 109.73500117909532, -7.788843064861891, 0.0 ], [ 109.734973589692899, -7.788841631904185, 0.0 ], [ 109.734945983436489, -7.788842092166228, 0.0 ], [ 109.734945247518908, -7.788842153008848, 0.0 ], [ 109.734917578256542, -7.788842545507999, 0.0 ], [ 109.734891469232707, -7.788844223134403, 0.0 ], [ 109.734887452283076, -7.788844426198104, 0.0 ], [ 109.734861559058828, -7.78884604569913, 0.0 ], [ 109.734805537719453, -7.788850259582231, 0.0 ], [ 109.734749516380248, -7.788854473441574, 0.0 ], [ 109.734683284853006, -7.788859455325846, 0.0 ], [ 109.734527443643941, -7.788871177457295, 0.0 ], [ 109.734475496606478, -7.788875084854919, 0.0 ], [ 109.734441399015495, -7.78887764960989, 0.0 ], [ 109.734371602472677, -7.788882899568967, 0.0 ], [ 109.734329356337966, -7.788886077248168, 0.0 ], [ 109.734301345668598, -7.788888184162785, 0.0 ], [ 109.734245324329976, -7.788892397953819, 0.0 ], [ 109.734133281652873, -7.788900825551972, 0.0 ], [ 109.734097552026, -7.788903513033586, 0.0 ], [ 109.734059920122434, -7.788906343606496, 0.0 ], [ 109.734036762906527, -7.788908085440705, 0.0 ], [ 109.734021238976041, -7.788909253110051, 0.0 ], [ 109.733975973796461, -7.788912657825993, 0.0 ], [ 109.73385439559847, -7.78892180254386, 0.0 ], [ 109.733800184835772, -7.788925880128877, 0.0 ], [ 109.733748237768125, -7.788929787399457, 0.0 ], [ 109.733732817360149, -7.788930947271234, 0.0 ], [ 109.733713121616375, -7.788932428709946, 0.0 ], [ 109.733700945372405, -7.788933344564021, 0.0 ], [ 109.733885344676779, -7.788290151036701, 0.0 ], [ 109.733891999665715, -7.788289650463403, 0.0 ], [ 109.73391108666614, -7.788288214807666, 0.0 ], [ 109.734135171681061, -7.788271359585559, 0.0 ], [ 109.734151734516828, -7.788270113778363, 0.0 ], [ 109.734176578672361, -7.788268245040002, 0.0 ], [ 109.734203681503388, -7.788266206438037, 0.0 ], [ 109.734237367597061, -7.788263672700981, 0.0 ], [ 109.7342472141885, -7.788262932066678, 0.0 ], [ 109.734527320459392, -7.788241862791723, 0.0 ], [ 109.73454131279685, -7.788240810316363, 0.0 ], [ 109.734567310398475, -7.788238854856681, 0.0 ], [ 109.734602101737593, -7.788236237914018, 0.0 ], [ 109.734619257394826, -7.788234947473896, 0.0 ], [ 109.734639362967826, -7.788233435166589, 0.0 ], [ 109.734807426731606, -7.788220793466361, 0.0 ], [ 109.734827045290743, -7.788219317783281, 0.0 ], [ 109.734845257873559, -7.78821794783432, 0.0 ], [ 109.734863447986243, -7.788216579592127, 0.0 ], [ 109.734919469241063, -7.788212365658491, 0.0 ], [ 109.734930939234346, -7.788211502894042, 0.0 ], [ 109.734966835852958, -7.788208802828036, 0.0 ], [ 109.7349754904956, -7.788208151833817, 0.0 ], [ 109.734982299834371, -7.788207007123997, 0.0 ], [ 109.735005622588162, -7.788200288993444, 0.0 ], [ 109.735025228291605, -7.788194051234805, 0.0 ], [ 109.735031554367822, -7.788189733588682, 0.0 ], [ 109.735071170617928, -7.788088766415708, 0.0 ], [ 109.735075872463412, -7.788076783172588, 0.0 ], [ 109.735093062276619, -7.788032972646865, 0.0 ], [ 109.735114954012644, -7.787977178876035, 0.0 ], [ 109.735158737292863, -7.787865591327217, 0.0 ], [ 109.735169683134387, -7.787837694438711, 0.0 ], [ 109.735186287112967, -7.787795376971046, 0.0 ], [ 109.735202520633138, -7.787754003769878, 0.0 ], [ 109.735246303858915, -7.787642416203426, 0.0 ], [ 109.735257249705555, -7.787614519310551, 0.0 ], [ 109.735265154643528, -7.787594372535779, 0.0 ], [ 109.735268195531731, -7.787586622417122, 0.0 ], [ 109.735280928122918, -7.787554171628374, 0.0 ], [ 109.735290087144747, -7.787530828628453, 0.0 ], [ 109.735333870319252, -7.787419241044386, 0.0 ], [ 109.735355761977317, -7.787363447249298, 0.0 ], [ 109.735377653547502, -7.787307653451771, 0.0 ], [ 109.735421436667551, -7.787196065850068, 0.0 ], [ 109.735438662830944, -7.787152162608667, 0.0 ], [ 109.735453906240608, -7.787113312560312, 0.0 ], [ 109.735465219841416, -7.787084478239826, 0.0 ], [ 109.735509002907051, -7.786972890620492, 0.0 ], [ 109.735530894513786, -7.786917096807791, 0.0 ], [ 109.735539514236365, -7.786895128149214, 0.0 ], [ 109.73554907690864, -7.786870756219605, 0.0 ], [ 109.735552786026446, -7.786861302992588, 0.0 ], [ 109.735595953996025, -7.786751282883605, 0.0 ], [ 109.735618460617161, -7.786693921534093, 0.0 ], [ 109.735684135059387, -7.786526540055573, 0.0 ], [ 109.735706026611666, -7.78647074622524, 0.0 ], [ 109.735771700972251, -7.786303364720228, 0.0 ], [ 109.735793492796915, -7.78624782498132, 0.0 ], [ 109.735859266776288, -7.786080189349631, 0.0 ], [ 109.735880318131265, -7.786026536738914, 0.0 ], [ 109.735946832471512, -7.785857013943783, 0.0 ], [ 109.73596872394215, -7.78580122008696, 0.0 ], [ 109.736012506694848, -7.785689632366324, 0.0 ], [ 109.736028189165125, -7.785670658826848, 0.0 ], [ 109.736047315439407, -7.78565224247343, 0.0 ], [ 109.736056825564035, -7.785643363613915, 0.0 ], [ 109.736068807562816, -7.785633941075563, 0.0 ], [ 109.736159585580822, -7.78556763017969, 0.0 ], [ 109.736215716728225, -7.785526627943864, 0.0 ], [ 109.736218100886973, -7.785525040890553, 0.0 ], [ 109.736222287007692, -7.785522680302359, 0.0 ], [ 109.736258052990522, -7.785509098910929, 0.0 ], [ 109.73627177793685, -7.785508963840812, 0.0 ], [ 109.736317733039854, -7.785522964768837, 0.0 ], [ 109.736324892697553, -7.785525821547217, 0.0 ], [ 109.736327735137294, -7.785526012059988, 0.0 ], [ 109.736595468779115, -7.785607581109523, 0.0 ], [ 109.73662620952625, -7.785616946732159, 0.0 ], [ 109.736669180349011, -7.785630038409846, 0.0 ], [ 109.736712151156382, -7.785643130106179, 0.0 ], [ 109.736733030195026, -7.785649491202872, 0.0 ], [ 109.736775392942405, -7.785662397618648, 0.0 ] ], [ [ 109.735201556847429, -7.78848016918177, 0.0 ], [ 109.735202036948507, -7.788483499734767, 0.0 ], [ 109.735198701303418, -7.788482703437206, 0.0 ], [ 109.735177806163151, -7.788535957406241, 0.0 ], [ 109.735175226187721, -7.788559133455785, 0.0 ], [ 109.735178172512363, -7.788571609637528, 0.0 ], [ 109.735173141468962, -7.788591802583694, 0.0 ], [ 109.735175692511291, -7.788614363608497, 0.0 ], [ 109.735198305922296, -7.788614494944403, 0.0 ], [ 109.73521146666036, -7.788591916949121, 0.0 ], [ 109.735219900644779, -7.788570536585016, 0.0 ], [ 109.735222542721957, -7.788560100228151, 0.0 ], [ 109.73523762954261, -7.788536135920556, 0.0 ], [ 109.735239159269753, -7.788520745140876, 0.0 ], [ 109.735254604334969, -7.788517911775234, 0.0 ], [ 109.735276474249247, -7.788480392729894, 0.0 ], [ 109.735287089421718, -7.788456780756231, 0.0 ], [ 109.735304272096599, -7.788431199957788, 0.0 ], [ 109.735308287099059, -7.788424628552714, 0.0 ], [ 109.735308491265727, -7.788422226835682, 0.0 ], [ 109.735310902719448, -7.788421328593998, 0.0 ], [ 109.735341481775578, -7.788368868494563, 0.0 ], [ 109.735350057042467, -7.788351876988217, 0.0 ], [ 109.735367201075292, -7.788324745572297, 0.0 ], [ 109.735406489298697, -7.788257344243229, 0.0 ], [ 109.735412557472586, -7.788246504497531, 0.0 ], [ 109.735423499403467, -7.788228162366931, 0.0 ], [ 109.735479797702936, -7.788131579321163, 0.0 ], [ 109.735537061930543, -7.788033338935261, 0.0 ], [ 109.735569007979549, -7.787978533544786, 0.0 ], [ 109.735577567917588, -7.787963848425148, 0.0 ], [ 109.735598174423785, -7.787928496558234, 0.0 ], [ 109.735601511614604, -7.787922771392806, 0.0 ], [ 109.735650267194544, -7.787839128157777, 0.0 ], [ 109.735704990620789, -7.787745246499429, 0.0 ], [ 109.735764030041892, -7.787643960573967, 0.0 ], [ 109.735817586910514, -7.78755208010378, 0.0 ], [ 109.735861540952527, -7.787476674034369, 0.0 ], [ 109.735866059182939, -7.787468922696402, 0.0 ], [ 109.735886665633188, -7.787433570810085, 0.0 ], [ 109.735894044503141, -7.787420911846283, 0.0 ], [ 109.735930183087532, -7.787358913659893, 0.0 ], [ 109.735986481134091, -7.787262330330807, 0.0 ], [ 109.736042779151944, -7.787165747164573, 0.0 ], [ 109.736099077142143, -7.787069163814647, 0.0 ], [ 109.736154549705617, -7.786973996654567, 0.0 ], [ 109.736175156103073, -7.786938644742405, 0.0 ], [ 109.736186576628114, -7.786919051974514, 0.0 ], [ 109.736211673037587, -7.786875997250361, 0.0 ], [ 109.736267970943302, -7.786779413864267, 0.0 ], [ 109.736324268820354, -7.786682830637795, 0.0 ], [ 109.736381597623421, -7.786584478545982, 0.0 ], [ 109.736436864490528, -7.78648966397389, 0.0 ], [ 109.736449723515946, -7.786485776467308, 0.0 ], [ 109.736489073404428, -7.78646923017277, 0.0 ], [ 109.736492940641568, -7.786467056085798, 0.0 ], [ 109.736497540241757, -7.786468514143541, 0.0 ], [ 109.736520918275403, -7.786475924961409, 0.0 ], [ 109.736548895910602, -7.786484793858059, 0.0 ], [ 109.736565753388106, -7.786490137638266, 0.0 ], [ 109.736582671848211, -7.786495500767826, 0.0 ], [ 109.736625237736177, -7.786508993996735, 0.0 ], [ 109.736647387248937, -7.786516015363699, 0.0 ], [ 109.736660806466546, -7.786520269220598, 0.0 ], [ 109.73669004763363, -7.7865295386424, 0.0 ], [ 109.736710369362697, -7.786535980601158, 0.0 ], [ 109.736729021205932, -7.786541893159478, 0.0 ], [ 109.736752935285693, -7.786549473795943, 0.0 ], [ 109.736772717045568, -7.786555744553379, 0.0 ], [ 109.736828672343478, -7.786573482314997, 0.0 ], [ 109.736838066935363, -7.786576460370865, 0.0 ], [ 109.736880632884038, -7.78658995353468, 0.0 ], [ 109.73688462764774, -7.78659121986274, 0.0 ], [ 109.736890788801091, -7.786592143387579, 0.0 ], [ 109.736935551184075, -7.786591200660609, 0.0 ], [ 109.736940632735326, -7.786592338062631, 0.0 ], [ 109.736942718249523, -7.786588218257807, 0.0 ], [ 109.73694305614714, -7.78658615161475, 0.0 ], [ 109.736940758113761, -7.786550477524973, 0.0 ], [ 109.736937434877063, -7.786533640402927, 0.0 ], [ 109.736938758708476, -7.786530279672629, 0.0 ], [ 109.736939040106463, -7.786528501434039, 0.0 ], [ 109.736935256697848, -7.7864801070584, 0.0 ], [ 109.736935858038422, -7.786474411891724, 0.0 ], [ 109.736932259042931, -7.78641854203032, 0.0 ], [ 109.736928659925695, -7.786362672168567, 0.0 ], [ 109.73692506092975, -7.786306802307158, 0.0 ], [ 109.736921461815115, -7.786250932445371, 0.0 ], [ 109.736917862818672, -7.786195062583903, 0.0 ], [ 109.736914263700484, -7.786139192722049, 0.0 ], [ 109.736910664703572, -7.786083322860555, 0.0 ], [ 109.736907065588056, -7.786027452998687, 0.0 ], [ 109.73690346659069, -7.785971583137118, 0.0 ], [ 109.736899867471536, -7.7859157132752, 0.0 ], [ 109.736896268473714, -7.785859843413618, 0.0 ], [ 109.736891615864749, -7.785855058981897, 0.0 ], [ 109.736886847239944, -7.785850155234522, 0.0 ], [ 109.736841790641407, -7.785803821979528, 0.0 ], [ 109.736495244021398, -7.78569824158491, 0.0 ], [ 109.736489379731964, -7.785696906346444, 0.0 ], [ 109.736471476090628, -7.785691000333536, 0.0 ], [ 109.73643928678888, -7.785681193383176, 0.0 ], [ 109.736427540330737, -7.785679148119983, 0.0 ], [ 109.736396498804311, -7.785677602515774, 0.0 ], [ 109.736383298525794, -7.785674503970681, 0.0 ], [ 109.736370534673313, -7.785677980049038, 0.0 ], [ 109.736348057586937, -7.785690632531113, 0.0 ], [ 109.736327196238321, -7.785705871168169, 0.0 ], [ 109.736303806231319, -7.785723083506023, 0.0 ], [ 109.73627270252932, -7.785746267073435, 0.0 ], [ 109.736272083823252, -7.785747282486253, 0.0 ], [ 109.736271056765688, -7.785749645731531, 0.0 ], [ 109.736250491370427, -7.785802059999989, 0.0 ], [ 109.736184817298181, -7.785969441626068, 0.0 ], [ 109.736162925841967, -7.78602523549679, 0.0 ], [ 109.736097251688108, -7.78619261709641, 0.0 ], [ 109.736075360204694, -7.786248410958303, 0.0 ], [ 109.736009685966053, -7.786415792531464, 0.0 ], [ 109.735987794458552, -7.78647158638457, 0.0 ], [ 109.735922120138284, -7.786638967931309, 0.0 ], [ 109.735900228603541, -7.786694761775585, 0.0 ], [ 109.735834554201631, -7.786862143295868, 0.0 ], [ 109.73581266263659, -7.786917937131339, 0.0 ], [ 109.735746988156137, -7.787085318625222, 0.0 ], [ 109.735725096563883, -7.787141112451843, 0.0 ], [ 109.735681313530336, -7.787252700099009, 0.0 ], [ 109.735672624090824, -7.787274846390162, 0.0 ], [ 109.73566525195794, -7.787293635382982, 0.0 ], [ 109.735656850661229, -7.787315047320298, 0.0 ], [ 109.735648476194456, -7.787336390828448, 0.0 ], [ 109.735637530382306, -7.787364287737098, 0.0 ], [ 109.735593725598505, -7.787475930659504, 0.0 ], [ 109.7355779833794, -7.787516051869383, 0.0 ], [ 109.735560909898922, -7.787559566082843, 0.0 ], [ 109.735557962338405, -7.787567078339016, 0.0 ], [ 109.735549964091859, -7.787587462987092, 0.0 ], [ 109.735506180949443, -7.787699050598998, 0.0 ], [ 109.73548428928234, -7.787754844401397, 0.0 ], [ 109.735467569075055, -7.787797458227129, 0.0 ], [ 109.735462397692558, -7.787810638201827, 0.0 ], [ 109.735418614492602, -7.78792222579608, 0.0 ], [ 109.735396241694517, -7.787979245752775, 0.0 ], [ 109.735374831184387, -7.788033813381301, 0.0 ], [ 109.735373024521095, -7.788038760367743, 0.0 ], [ 109.7353680216724, -7.788051168353011, 0.0 ], [ 109.735331047929989, -7.788145400957952, 0.0 ], [ 109.73530983404271, -7.788199467204898, 0.0 ], [ 109.735294060541193, -7.78823966811523, 0.0 ], [ 109.735287264567319, -7.788256988525514, 0.0 ], [ 109.735265372916331, -7.788312782306125, 0.0 ], [ 109.735265193018492, -7.788322758311093, 0.0 ], [ 109.735255141471427, -7.788338858497205, 0.0 ], [ 109.735243481258465, -7.788368576084532, 0.0 ], [ 109.735221589509734, -7.788424369860468, 0.0 ], [ 109.735220209699548, -7.788445706013978, 0.0 ], [ 109.735202180083803, -7.788476719453759, 0.0 ], [ 109.735201556847429, -7.78848016918177, 0.0 ] ] ] ] } },
{ "type": "Feature", "properties": { "OBJECTID": 36, "Join_Count": 1, "TARGET_FID": 40, "Id": 47, "Contour": 0.8, "Shape_Leng": 22.3159760327, "Skor": 1.0, "Shape_Le_1": 3504.1796249, "Shape_Area": 59099.632798699997 }, "geometry": { "type": "MultiPolygon", "coordinates": [ [ [ [ 109.743334001000107, -7.786507, 0.0 ], [ 109.743338882758096, -7.786556695776982, 0.0 ], [ 109.743332329953205, -7.786555880586264, 0.0 ], [ 109.743325713302667, -7.78655505745721, 0.0 ], [ 109.743268583083278, -7.786547950380625, 0.0 ], [ 109.742709847573522, -7.78647844250774, 0.0 ], [ 109.742694861492282, -7.786476578180481, 0.0 ], [ 109.742694432431819, -7.786476524803285, 0.0 ], [ 109.742961, -7.786281, 0.0 ], [ 109.743334001000107, -7.786507, 0.0 ] ] ], [ [ [ 109.740513977194752, -7.786007493796586, 0.0 ], [ 109.740471300759992, -7.78619995462057, 0.0 ], [ 109.740463724522485, -7.786199012067299, 0.0 ], [ 109.740425605372266, -7.786194269738979, 0.0 ], [ 109.740414351256931, -7.786192869623104, 0.0 ], [ 109.740134413028812, -7.786158042903831, 0.0 ], [ 109.740126141353315, -7.786157001804448, 0.0 ], [ 109.740081239807083, -7.786151423584024, 0.0 ], [ 109.740078425413714, -7.78615107036045, 0.0 ], [ 109.740076240929838, -7.786150780308923, 0.0 ], [ 109.740058083506753, -7.786148546824283, 0.0 ], [ 109.740025927375939, -7.786144968394072, 0.0 ], [ 109.740022437199826, -7.786144299238392, 0.0 ], [ 109.740017621321627, -7.786143621515253, 0.0 ], [ 109.739976196298485, -7.786138579001944, 0.0 ], [ 109.739966450128179, -7.786137146787744, 0.0 ], [ 109.739910462500688, -7.786130181402536, 0.0 ], [ 109.739889975222496, -7.786127606861779, 0.0 ], [ 109.739876619544731, -7.786125913826996, 0.0 ], [ 109.739854475109723, -7.786123137861246, 0.0 ], [ 109.739826933744368, -7.786119479538454, 0.0 ], [ 109.739825906607336, -7.78611935314356, 0.0 ], [ 109.739777289677662, -7.786113003871184, 0.0 ], [ 109.739761877260818, -7.786111138808496, 0.0 ], [ 109.73974250153401, -7.786108650154405, 0.0 ], [ 109.739727454650009, -7.786106717522366, 0.0 ], [ 109.739698152066524, -7.786103229611979, 0.0 ], [ 109.739686513696668, -7.786101759036253, 0.0 ], [ 109.739677445203768, -7.786100604093152, 0.0 ], [ 109.73963460228957, -7.786095496401894, 0.0 ], [ 109.739630525513874, -7.786094984493233, 0.0 ], [ 109.739627386238851, -7.786094539748112, 0.0 ], [ 109.739603035263059, -7.786091335123459, 0.0 ], [ 109.739576910867186, -7.786088888228078, 0.0 ], [ 109.739571382424501, -7.786088094175389, 0.0 ], [ 109.739526202002793, -7.786083468196821, 0.0 ], [ 109.739518546693219, -7.786082259785146, 0.0 ], [ 109.739508208126267, -7.786080737659355, 0.0 ], [ 109.739475776713249, -7.786077767019985, 0.0 ], [ 109.739462558310834, -7.786075554946785, 0.0 ], [ 109.73944744976022, -7.786075805029079, 0.0 ], [ 109.73940688045866, -7.786090378084602, 0.0 ], [ 109.739406505541169, -7.786090391743557, 0.0 ], [ 109.739406231523915, -7.786090476996557, 0.0 ], [ 109.73940584817683, -7.786090748891822, 0.0 ], [ 109.739294032302766, -7.786145986183772, 0.0 ], [ 109.739238231669901, -7.78617355199667, 0.0 ], [ 109.739126049121793, -7.786228970353716, 0.0 ], [ 109.73906952381023, -7.786256894121381, 0.0 ], [ 109.739068654089081, -7.786257323764382, 0.0 ], [ 109.739032759105868, -7.786276034308922, 0.0 ], [ 109.739013857082853, -7.786287554067689, 0.0 ], [ 109.738999571403085, -7.786298763304909, 0.0 ], [ 109.738988896981311, -7.786312945736865, 0.0 ], [ 109.739069196896182, -7.786511173131793, 0.0 ], [ 109.739076530019105, -7.786529275548068, 0.0 ], [ 109.739086616379893, -7.786554174390944, 0.0 ], [ 109.739092626444972, -7.786569010591089, 0.0 ], [ 109.739102173643332, -7.786592578559704, 0.0 ], [ 109.739215450215596, -7.786872211372087, 0.0 ], [ 109.739221397123984, -7.786886891745069, 0.0 ], [ 109.739237493591375, -7.78692662676689, 0.0 ], [ 109.739239559902771, -7.786931727618138, 0.0 ], [ 109.739374037838601, -7.787263697293584, 0.0 ], [ 109.739382363040278, -7.787284240847314, 0.0 ], [ 109.739392524249666, -7.787309301488365, 0.0 ], [ 109.73939670867864, -7.787319623898162, 0.0 ], [ 109.739399053484988, -7.787323387022068, 0.0 ], [ 109.739402809237987, -7.78732688042899, 0.0 ], [ 109.739420110664867, -7.787336978874066, 0.0 ], [ 109.739433586248296, -7.787344844270943, 0.0 ], [ 109.739468945237817, -7.787365482401587, 0.0 ], [ 109.739504304153016, -7.787386120607272, 0.0 ], [ 109.739539663150111, -7.787406758729868, 0.0 ], [ 109.739553626757498, -7.787414908972617, 0.0 ], [ 109.739570542353007, -7.787424782205163, 0.0 ], [ 109.739582729297751, -7.787431895408142, 0.0 ], [ 109.739626453410793, -7.78745741592093, 0.0 ], [ 109.73964574016405, -7.787468673086307, 0.0 ], [ 109.739681099094994, -7.787489311279886, 0.0 ], [ 109.739682364477375, -7.787490049847632, 0.0 ], [ 109.739686775373968, -7.787492470291914, 0.0 ], [ 109.739716931588887, -7.787509479985765, 0.0 ], [ 109.739738282276306, -7.787520434460764, 0.0 ], [ 109.7397542791647, -7.78752814663151, 0.0 ], [ 109.739789536709225, -7.787544228647765, 0.0 ], [ 109.73985014719895, -7.787571400504254, 0.0 ], [ 109.739870138552504, -7.787580362725973, 0.0 ], [ 109.739898927245576, -7.787593268915347, 0.0 ], [ 109.739908822129195, -7.787597704857281, 0.0 ], [ 109.739934047738458, -7.787609013568408, 0.0 ], [ 109.740017948295744, -7.787646626388399, 0.0 ], [ 109.740024873246853, -7.787649730874645, 0.0 ], [ 109.740045915151597, -7.787659164106297, 0.0 ], [ 109.740073882009412, -7.78767170182264, 0.0 ], [ 109.740185749460949, -7.787721852215428, 0.0 ], [ 109.740241683197411, -7.787746927627397, 0.0 ], [ 109.740353550694522, -7.78779707798211, 0.0 ], [ 109.740360072152029, -7.787818652076917, 0.0 ], [ 109.740361071128547, -7.787825223380925, 0.0 ], [ 109.740361363452791, -7.787833123559645, 0.0 ], [ 109.740362797611141, -7.787871643305867, 0.0 ], [ 109.740363146935721, -7.787881088756602, 0.0 ], [ 109.740369305097971, -7.78804868467746, 0.0 ], [ 109.740369935021093, -7.788065827912332, 0.0 ], [ 109.740370697714027, -7.788086584157287, 0.0 ], [ 109.740371357861079, -7.788104549984399, 0.0 ], [ 109.740379568726254, -7.788328011211009, 0.0 ], [ 109.740381621473631, -7.788383876517595, 0.0 ], [ 109.74039599047245, -7.788774933661149, 0.0 ], [ 109.740396365831913, -7.788785149005581, 0.0 ], [ 109.740397721566069, -7.788822045842049, 0.0 ], [ 109.740398340299791, -7.788838884760691, 0.0 ], [ 109.740406271226476, -7.789054728259011, 0.0 ], [ 109.740408306794777, -7.789110125496085, 0.0 ], [ 109.740414464908298, -7.789277721412554, 0.0 ], [ 109.740414820937872, -7.789287410736578, 0.0 ], [ 109.740416110490159, -7.789322506550944, 0.0 ], [ 109.740416517626073, -7.789333586717943, 0.0 ], [ 109.740430886548225, -7.789724643853618, 0.0 ], [ 109.740432939279529, -7.789780509158532, 0.0 ], [ 109.74044115006744, -7.790003970377168, 0.0 ], [ 109.740441778429926, -7.790021071377614, 0.0 ], [ 109.740442607292223, -7.790043628649885, 0.0 ], [ 109.740443202807967, -7.790059835681786, 0.0 ], [ 109.7404493608949, -7.790227431594889, 0.0 ], [ 109.740452963866048, -7.790232755048605, 0.0 ], [ 109.740458266612265, -7.790240869091496, 0.0 ], [ 109.740480533191899, -7.790249757764536, 0.0 ], [ 109.740491179515814, -7.790250561328961, 0.0 ], [ 109.740514155800298, -7.790280964287608, 0.0 ], [ 109.740537969311916, -7.790251356542197, 0.0 ], [ 109.740546234904158, -7.790227719520607, 0.0 ], [ 109.740557580134066, -7.790215005672176, 0.0 ], [ 109.740570402697799, -7.79020134666797, 0.0 ], [ 109.740598498801489, -7.790170687080295, 0.0 ], [ 109.740611237007215, -7.790156786615847, 0.0 ], [ 109.740626594900988, -7.790140027493312, 0.0 ], [ 109.740648334343248, -7.790116304538515, 0.0 ], [ 109.740664734658154, -7.790098407817669, 0.0 ], [ 109.740682787087565, -7.79007870830841, 0.0 ], [ 109.740699384043836, -7.790060597034762, 0.0 ], [ 109.740718232294086, -7.790040029013411, 0.0 ], [ 109.740738979257543, -7.790017389113222, 0.0 ], [ 109.740750433727584, -7.790004889522585, 0.0 ], [ 109.740771729914911, -7.789981650199924, 0.0 ], [ 109.740798478743045, -7.78995246081081, 0.0 ], [ 109.740825227523857, -7.789923271377114, 0.0 ], [ 109.740852533057151, -7.789893474472893, 0.0 ], [ 109.740879459610085, -7.789864091027114, 0.0 ], [ 109.740905473924656, -7.789835703143413, 0.0 ], [ 109.740932222684222, -7.789806513693936, 0.0 ], [ 109.740958971489775, -7.789777324290901, 0.0 ], [ 109.740985720241838, -7.789748134840088, 0.0 ], [ 109.741005681906742, -7.789726351834813, 0.0 ], [ 109.741019939858631, -7.789710792983845, 0.0 ], [ 109.741056731555105, -7.789670644272077, 0.0 ], [ 109.741065966587328, -7.789660566577584, 0.0 ], [ 109.74107613192912, -7.78964947372728, 0.0 ], [ 109.741107781146113, -7.789614936700726, 0.0 ], [ 109.741119464113581, -7.789602187703736, 0.0 ], [ 109.741133305933403, -7.789587082911916, 0.0 ], [ 109.741160420003695, -7.789557494821591, 0.0 ], [ 109.741172961621643, -7.789543808820651, 0.0 ], [ 109.741188516020216, -7.789526835183401, 0.0 ], [ 109.741209880284018, -7.789503521532735, 0.0 ], [ 109.741226459114714, -7.789485429925038, 0.0 ], [ 109.741244708040938, -7.789465515896072, 0.0 ], [ 109.741260929833956, -7.789447813936071, 0.0 ], [ 109.741279956592763, -7.789427051023346, 0.0 ], [ 109.741300900045005, -7.78940419660174, 0.0 ], [ 109.741311979367097, -7.789392106330933, 0.0 ], [ 109.741333454055734, -7.789368672112377, 0.0 ], [ 109.741360202804884, -7.789339482674542, 0.0 ], [ 109.741386951503657, -7.789310293192177, 0.0 ], [ 109.741414078395465, -7.789280691095332, 0.0 ], [ 109.741441379982831, -7.789250898259747, 0.0 ], [ 109.74146719767073, -7.789222724815557, 0.0 ], [ 109.741469475957729, -7.789220238647744, 0.0 ], [ 109.741516177372134, -7.789169275825932, 0.0 ], [ 109.741520695084176, -7.789164345872188, 0.0 ], [ 109.741525667895502, -7.789158919309282, 0.0 ], [ 109.741567226836821, -7.789113568178568, 0.0 ], [ 109.741574192479476, -7.789105966919418, 0.0 ], [ 109.741581859816634, -7.789097599960571, 0.0 ], [ 109.741618276290964, -7.789057860522764, 0.0 ], [ 109.741627689859797, -7.789047587954231, 0.0 ], [ 109.741638051721196, -7.789036280601621, 0.0 ], [ 109.74166932573138, -7.789002152858475, 0.0 ], [ 109.741681187225041, -7.78898920898297, 0.0 ], [ 109.741694850443338, -7.788974299023216, 0.0 ], [ 109.741722339546953, -7.788944301539137, 0.0 ], [ 109.741734684575235, -7.788930830002466, 0.0 ], [ 109.741750435480583, -7.788913641853049, 0.0 ], [ 109.741771424568057, -7.78889073750462, 0.0 ], [ 109.741788181913549, -7.788872451012624, 0.0 ], [ 109.741806627335379, -7.788852322463342, 0.0 ], [ 109.741822473967417, -7.788835029815025, 0.0 ], [ 109.741841679233701, -7.788814072010316, 0.0 ], [ 109.741862819173605, -7.788791003063452, 0.0 ], [ 109.741873523349966, -7.788779322116956, 0.0 ], [ 109.74189517653879, -7.788755693001926, 0.0 ], [ 109.741921925205915, -7.788726503515397, 0.0 ], [ 109.741924572721942, -7.788723614410448, 0.0 ], [ 109.741948673828873, -7.788697313984315, 0.0 ], [ 109.741975622077092, -7.7886679066955, 0.0 ], [ 109.742026671421712, -7.788612198972118, 0.0 ], [ 109.742028919759122, -7.788609745461542, 0.0 ], [ 109.742055668391885, -7.788580555947181, 0.0 ], [ 109.74207772075259, -7.788556491240252, 0.0 ], [ 109.742082417011602, -7.788551366420737, 0.0 ], [ 109.742087586360554, -7.788545725361522, 0.0 ], [ 109.742128770066714, -7.788500783499964, 0.0 ], [ 109.742135914252145, -7.788492987370665, 0.0 ], [ 109.742143778115846, -7.788484405910426, 0.0 ], [ 109.74217981937025, -7.788445075751239, 0.0 ], [ 109.742189411474598, -7.788434608307974, 0.0 ], [ 109.742205344016838, -7.788417221873686, 0.0 ], [ 109.742230868660059, -7.788389367994069, 0.0 ], [ 109.742242908682002, -7.788376229239342, 0.0 ], [ 109.742256393296742, -7.788361514112315, 0.0 ], [ 109.742284257431479, -7.788331107236392, 0.0 ], [ 109.742296405874328, -7.788317850161399, 0.0 ], [ 109.742312353282159, -7.78830044749908, 0.0 ], [ 109.742332967195537, -7.788277952454343, 0.0 ], [ 109.742349903051661, -7.788259471074216, 0.0 ], [ 109.742368544971072, -7.788239128007049, 0.0 ], [ 109.742384016444319, -7.788222244671835, 0.0 ], [ 109.742403400213917, -7.788201091974435, 0.0 ], [ 109.742424736643414, -7.788177808504865, 0.0 ], [ 109.742436611626829, -7.788178386467887, 0.0 ], [ 109.742466527882769, -7.788180800892516, 0.0 ], [ 109.742480734545296, -7.788181450057952, 0.0 ], [ 109.742592468437266, -7.788276554897694, 0.0 ], [ 109.742623867092647, -7.788303280419763, 0.0 ], [ 109.742648335403189, -7.78832410712481, 0.0 ], [ 109.742792591375718, -7.788446893730195, 0.0 ], [ 109.742805221753258, -7.788457644327486, 0.0 ], [ 109.742835447614638, -7.788483371571511, 0.0 ], [ 109.742858447427679, -7.788502948317451, 0.0 ], [ 109.742927670424635, -7.788561868913565, 0.0 ], [ 109.742928301526774, -7.788559637533968, 0.0 ], [ 109.742930038691512, -7.788556673417152, 0.0 ], [ 109.742946090500169, -7.788521458973518, 0.0 ], [ 109.742966254715483, -7.788503268055204, 0.0 ], [ 109.742975493960671, -7.788494932984509, 0.0 ], [ 109.742983887678903, -7.788491962930899, 0.0 ], [ 109.743001412330102, -7.78844751306022, 0.0 ], [ 109.743011295046983, -7.788420420914277, 0.0 ], [ 109.743011710863243, -7.78841921691989, 0.0 ], [ 109.743022363461805, -7.78839171593127, 0.0 ], [ 109.74302646043293, -7.788377988997195, 0.0 ], [ 109.743040323265561, -7.788348818491758, 0.0 ], [ 109.743068541042121, -7.788277246234298, 0.0 ], [ 109.743078402279934, -7.788252233955992, 0.0 ], [ 109.743091464442159, -7.788219102751474, 0.0 ], [ 109.743111397956937, -7.788168542903101, 0.0 ], [ 109.743144393612312, -7.788084851845176, 0.0 ], [ 109.743181412035867, -7.78799095725887, 0.0 ], [ 109.743188387787328, -7.787973263760136, 0.0 ], [ 109.743202259185054, -7.787938079933669, 0.0 ], [ 109.743221383416213, -7.787889572690617, 0.0 ], [ 109.743237847465309, -7.787847812765444, 0.0 ], [ 109.743287374596846, -7.787722190536545, 0.0 ], [ 109.743298373127189, -7.787694293508961, 0.0 ], [ 109.743309371649616, -7.787666396480768, 0.0 ], [ 109.743313110079526, -7.787657113565696, 0.0 ], [ 109.743329240939403, -7.787617271507423, 0.0 ], [ 109.743331954715387, -7.787610604160057, 0.0 ], [ 109.743350706808172, -7.787565342537764, 0.0 ], [ 109.743394792174186, -7.787458934463129, 0.0 ], [ 109.743412854974466, -7.787415336531669, 0.0 ], [ 109.743421241137355, -7.78739509497847, 0.0 ], [ 109.743423, -7.787413, 0.0 ], [ 109.743262000000101, -7.787988999999843, 0.0 ], [ 109.743284293024502, -7.787992896760812, 0.0 ], [ 109.743276527993046, -7.788012592225807, 0.0 ], [ 109.743260700175298, -7.788052738339208, 0.0 ], [ 109.743247918253942, -7.788085158795881, 0.0 ], [ 109.743237057885295, -7.788112705341947, 0.0 ], [ 109.743208840151055, -7.788184277617438, 0.0 ], [ 109.743170928420639, -7.788280437949802, 0.0 ], [ 109.743149905426506, -7.788333761175474, 0.0 ], [ 109.743134077596011, -7.788373907295924, 0.0 ], [ 109.743126934177511, -7.788392026025536, 0.0 ], [ 109.743093938497523, -7.788475717076535, 0.0 ], [ 109.74306094278657, -7.78855940812254, 0.0 ], [ 109.743039533510085, -7.788613711032114, 0.0 ], [ 109.743027947057129, -7.788643099163623, 0.0 ], [ 109.743016948478299, -7.788670996176162, 0.0 ], [ 109.742950956997433, -7.788838378240048, 0.0 ], [ 109.742930427356328, -7.788890449903919, 0.0 ], [ 109.742926662191437, -7.788899999926075, 0.0 ], [ 109.74291015506013, -7.788933612663689, 0.0 ], [ 109.742905133539765, -7.788949960846415, 0.0 ], [ 109.742895533181382, -7.788974968724235, 0.0 ], [ 109.742892804844615, -7.788983443028421, 0.0 ], [ 109.742884965420856, -7.789005760283874, 0.0 ], [ 109.742870226464561, -7.789043144390096, 0.0 ], [ 109.742855878568903, -7.789047235870671, 0.0 ], [ 109.742824910272489, -7.789072191928891, 0.0 ], [ 109.742814065207071, -7.789094238225732, 0.0 ], [ 109.742646464018605, -7.78895158098712, 0.0 ], [ 109.742614946280526, -7.788924754138655, 0.0 ], [ 109.742590596981103, -7.788904028751158, 0.0 ], [ 109.742478862946001, -7.788808923887087, 0.0 ], [ 109.742462019819428, -7.788820163134618, 0.0 ], [ 109.742438933896878, -7.78883685934187, 0.0 ], [ 109.742429569250746, -7.788843632030373, 0.0 ], [ 109.742422734599756, -7.788848983705179, 0.0 ], [ 109.742401814814713, -7.788871812463046, 0.0 ], [ 109.74238280955484, -7.78889255206005, 0.0 ], [ 109.742366542821998, -7.788910303187713, 0.0 ], [ 109.742348317552199, -7.788930191543936, 0.0 ], [ 109.742331760210547, -7.788948259827719, 0.0 ], [ 109.742310351027669, -7.788971622663214, 0.0 ], [ 109.742294820271539, -7.788988570618743, 0.0 ], [ 109.742282255124266, -7.789002282395499, 0.0 ], [ 109.742255186171505, -7.789031821463401, 0.0 ], [ 109.742241322978941, -7.789046949681034, 0.0 ], [ 109.742229661483947, -7.78905967533776, 0.0 ], [ 109.742197967389217, -7.789094261583563, 0.0 ], [ 109.742178612036213, -7.789115383079902, 0.0 ], [ 109.742161076973048, -7.78913451821978, 0.0 ], [ 109.742134328336249, -7.789163707768108, 0.0 ], [ 109.742107579645975, -7.789192897265374, 0.0 ], [ 109.742080831001701, -7.789222086805829, 0.0 ], [ 109.742054082307021, -7.789251276298479, 0.0 ], [ 109.742027333655159, -7.789280465837517, 0.0 ], [ 109.742001295862451, -7.789308879542173, 0.0 ], [ 109.741974414426338, -7.789338213964949, 0.0 ], [ 109.741947087574559, -7.789368034336869, 0.0 ], [ 109.74192033890462, -7.789397223863351, 0.0 ], [ 109.741893590184276, -7.789426413342079, 0.0 ], [ 109.741872315508104, -7.789449629356707, 0.0 ], [ 109.741860816075842, -7.789462178098944, 0.0 ], [ 109.741840092778901, -7.789484792334838, 0.0 ], [ 109.741821266026903, -7.789505337039955, 0.0 ], [ 109.741804624132186, -7.789523497482296, 0.0 ], [ 109.741786595358505, -7.789543171318273, 0.0 ], [ 109.741770216531947, -7.789561044714702, 0.0 ], [ 109.741748432171988, -7.789584816855498, 0.0 ], [ 109.741720336185935, -7.789615476436268, 0.0 ], [ 109.741706349151556, -7.78963073973226, 0.0 ], [ 109.741679600450908, -7.789659929237891, 0.0 ], [ 109.741652851696728, -7.789689118695742, 0.0 ], [ 109.741626102988477, -7.789718308200035, 0.0 ], [ 109.741599354229905, -7.78974749765319, 0.0 ], [ 109.741572605511053, -7.789776687152889, 0.0 ], [ 109.741545856744935, -7.789805876601453, 0.0 ], [ 109.741519108021663, -7.789835066093167, 0.0 ], [ 109.741492359244944, -7.789864255537135, 0.0 ], [ 109.741465610514197, -7.789893445027478, 0.0 ], [ 109.741439376094419, -7.789922073171566, 0.0 ], [ 109.74141286969359, -7.789950998201482, 0.0 ], [ 109.741385364199871, -7.789981013380613, 0.0 ], [ 109.741361820089139, -7.790006705808636, 0.0 ], [ 109.741358615447865, -7.790010202855226, 0.0 ], [ 109.741331866651663, -7.7900393922885, 0.0 ], [ 109.741310770474072, -7.79006241340734, 0.0 ], [ 109.741298895893053, -7.790075371469145, 0.0 ], [ 109.741278369085336, -7.790097771183832, 0.0 ], [ 109.741259720842265, -7.790118120997652, 0.0 ], [ 109.741242703783556, -7.790136690750168, 0.0 ], [ 109.741208671087662, -7.790173828579139, 0.0 ], [ 109.741198122661032, -7.790185339459001, 0.0 ], [ 109.741171373888875, -7.790214528923878, 0.0 ], [ 109.741144625063299, -7.790243718337634, 0.0 ], [ 109.741117876283639, -7.790272907794606, 0.0 ], [ 109.741091127453657, -7.790302097203735, 0.0 ], [ 109.741064378666479, -7.790331286659281, 0.0 ], [ 109.74105552212194, -7.790340951274114, 0.0 ], [ 109.741061448134587, -7.790353516278255, 0.0 ], [ 109.741068291845991, -7.790391238801388, 0.0 ], [ 109.74107006461719, -7.790396853693586, 0.0 ], [ 109.741151995613336, -7.790480885918523, 0.0 ], [ 109.741182400496143, -7.790512070566193, 0.0 ], [ 109.741269321035062, -7.790601220227749, 0.0 ], [ 109.741292845796636, -7.79062534829169, 0.0 ], [ 109.741297240050571, -7.790629855231355, 0.0 ], [ 109.74134316806628, -7.790676961067273, 0.0 ], [ 109.74134806846746, -7.790681987146951, 0.0 ], [ 109.741353078092928, -7.790687125234786, 0.0 ], [ 109.741375679813146, -7.790710306567939, 0.0 ], [ 109.741403291156232, -7.790738625997299, 0.0 ], [ 109.741408916150377, -7.790744395233046, 0.0 ], [ 109.741452409545261, -7.790789003982677, 0.0 ], [ 109.741458513856671, -7.790795264842608, 0.0 ], [ 109.741464754222974, -7.790801665226268, 0.0 ], [ 109.741507030307986, -7.790845025433026, 0.0 ], [ 109.741491573936969, -7.790871936745313, 0.0 ], [ 109.741490876831847, -7.790874566866791, 0.0 ], [ 109.741480728466868, -7.790900806538312, 0.0 ], [ 109.741473683975499, -7.790910014144101, 0.0 ], [ 109.74146438201258, -7.790926313684403, 0.0 ], [ 109.741447074594774, -7.790939343507862, 0.0 ], [ 109.741439781636913, -7.790956544142198, 0.0 ], [ 109.741426945325756, -7.790975174250318, 0.0 ], [ 109.741408460869366, -7.791011967506178, 0.0 ], [ 109.741408216394674, -7.791012409929921, 0.0 ], [ 109.741408115065312, -7.791012655827238, 0.0 ], [ 109.74140777255316, -7.791012649903597, 0.0 ], [ 109.741407225628905, -7.791012306663712, 0.0 ], [ 109.741382991000421, -7.790987101746471, 0.0 ], [ 109.741380214451837, -7.790984277672159, 0.0 ], [ 109.741373864742201, -7.790956348349778, 0.0 ], [ 109.741375261842478, -7.790933494346868, 0.0 ], [ 109.741376522765933, -7.790924586194834, 0.0 ], [ 109.74137777548691, -7.790900500745495, 0.0 ], [ 109.741365442403307, -7.790887536002306, 0.0 ], [ 109.741352511345411, -7.790876906825262, 0.0 ], [ 109.741334827097944, -7.790862194695631, 0.0 ], [ 109.741308030995455, -7.79084443435557, 0.0 ], [ 109.74130105139713, -7.790839986609546, 0.0 ], [ 109.741296615118628, -7.790839112511414, 0.0 ], [ 109.74128674042332, -7.790834509130872, 0.0 ], [ 109.741262022791162, -7.790822986263214, 0.0 ], [ 109.741223813339062, -7.790805173804629, 0.0 ], [ 109.741187439206783, -7.790788216905591, 0.0 ], [ 109.741185644931463, -7.790787320657591, 0.0 ], [ 109.741184752686664, -7.790786964503302, 0.0 ], [ 109.741147394458366, -7.790769548868949, 0.0 ], [ 109.741128821482334, -7.790760890517297, 0.0 ], [ 109.741078117404015, -7.790737253301491, 0.0 ], [ 109.741032766142965, -7.790716111464352, 0.0 ], [ 109.741016959097266, -7.790708742526367, 0.0 ], [ 109.740961027916555, -7.790682668521447, 0.0 ], [ 109.740956347292666, -7.79068048650248, 0.0 ], [ 109.740905096743631, -7.790656594510196, 0.0 ], [ 109.740879928456977, -7.790644861532033, 0.0 ], [ 109.740849165578624, -7.790630520479667, 0.0 ], [ 109.740825663713679, -7.790619564378463, 0.0 ], [ 109.740793234421389, -7.790604446468749, 0.0 ], [ 109.740765367859737, -7.790591455598389, 0.0 ], [ 109.740727090814033, -7.79057361156872, 0.0 ], [ 109.740688881431979, -7.79055579905279, 0.0 ], [ 109.740653406562814, -7.790539261336153, 0.0 ], [ 109.740612462647576, -7.790520174037827, 0.0 ], [ 109.74057425325465, -7.790502361535703, 0.0 ], [ 109.740541544311213, -7.790487113237947, 0.0 ], [ 109.740513578753237, -7.790474076199745, 0.0 ], [ 109.740457647643126, -7.790448002137998, 0.0 ], [ 109.740451737785733, -7.790444972393437, 0.0 ], [ 109.740422064376759, -7.79043046840849, 0.0 ], [ 109.740401725358325, -7.79041897753218, 0.0 ], [ 109.740389860347435, -7.790406702201448, 0.0 ], [ 109.740379643879947, -7.790394801974829, 0.0 ], [ 109.74033967650719, -7.790345067939711, 0.0 ], [ 109.740318013282689, -7.790318110972134, 0.0 ], [ 109.740289649470895, -7.790282816057267, 0.0 ], [ 109.7402879421157, -7.790280638148989, 0.0 ], [ 109.74026535624435, -7.790251669284063, 0.0 ], [ 109.740245078472299, -7.790226824360873, 0.0 ], [ 109.740244617287985, -7.790216536645676, 0.0 ], [ 109.740242592311034, -7.790179113003326, 0.0 ], [ 109.740242219719505, -7.790170956663633, 0.0 ], [ 109.740227851021658, -7.789779899555107, 0.0 ], [ 109.740226150010812, -7.789733606307034, 0.0 ], [ 109.740225798298994, -7.789724034253489, 0.0 ], [ 109.740217587607575, -7.789500573046928, 0.0 ], [ 109.740216868041784, -7.789480989803082, 0.0 ], [ 109.740216561258734, -7.789472640395978, 0.0 ], [ 109.740215534909723, -7.789444707745011, 0.0 ], [ 109.740201166153241, -7.789053650630503, 0.0 ], [ 109.740200139801843, -7.789025717979287, 0.0 ], [ 109.740199113453386, -7.788997785328084, 0.0 ], [ 109.740190902728457, -7.788774324118091, 0.0 ], [ 109.740188849991057, -7.788718458815252, 0.0 ], [ 109.740183228676045, -7.788565470802773, 0.0 ], [ 109.740182339265985, -7.788551789664946, 0.0 ], [ 109.740181433585036, -7.78854901984001, 0.0 ], [ 109.740176310853428, -7.78850207302908, 0.0 ], [ 109.740171742137477, -7.788494971159185, 0.0 ], [ 109.740151107115437, -7.788471366866309, 0.0 ], [ 109.740127548258457, -7.788455593986261, 0.0 ], [ 109.74009024239129, -7.788438869710315, 0.0 ], [ 109.740077359322072, -7.788433094197654, 0.0 ], [ 109.740056622388977, -7.788423797716984, 0.0 ], [ 109.74003867565547, -7.788415752078671, 0.0 ], [ 109.740015680636276, -7.788405443323009, 0.0 ], [ 109.739961308133019, -7.788381068028635, 0.0 ], [ 109.739955672443045, -7.788378541529394, 0.0 ], [ 109.739922624386608, -7.788363725987779, 0.0 ], [ 109.73988394071894, -7.78834638386961, 0.0 ], [ 109.739854722416311, -7.78833328521063, 0.0 ], [ 109.739847879259713, -7.788330217395586, 0.0 ], [ 109.739791945482523, -7.788305142147157, 0.0 ], [ 109.739767889493791, -7.788294357738999, 0.0 ], [ 109.739753772541704, -7.788288029001086, 0.0 ], [ 109.739729205853124, -7.788277015595747, 0.0 ], [ 109.739713943507439, -7.78827017343124, 0.0 ], [ 109.73962414419718, -7.788229916140342, 0.0 ], [ 109.739613154637155, -7.788224989464243, 0.0 ], [ 109.739588510439788, -7.788213941273788, 0.0 ], [ 109.739568210451068, -7.788204840643044, 0.0 ], [ 109.73945634298029, -7.788154690079597, 0.0 ], [ 109.739400409256987, -7.788129614560005, 0.0 ], [ 109.739288541831797, -7.788079463958439, 0.0 ], [ 109.739232608131317, -7.788054388419867, 0.0 ], [ 109.739176674437729, -7.788029313104817, 0.0 ], [ 109.739149161055934, -7.788016675523348, 0.0 ], [ 109.739147443130932, -7.788015858546256, 0.0 ], [ 109.739120743497168, -7.788003319755977, 0.0 ], [ 109.739111247540137, -7.787998569889675, 0.0 ], [ 109.739094230264357, -7.787989034491248, 0.0 ], [ 109.739075636416473, -7.787978181667248, 0.0 ], [ 109.739040277404897, -7.787957543499275, 0.0 ], [ 109.739036873338804, -7.787955556617967, 0.0 ], [ 109.739008917808235, -7.78793923958951, 0.0 ], [ 109.738998037742491, -7.787932889163003, 0.0 ], [ 109.738969559439937, -7.787916267114044, 0.0 ], [ 109.738953006753775, -7.787906605677063, 0.0 ], [ 109.738935702398962, -7.787894139899908, 0.0 ], [ 109.738918227252853, -7.787876792554023, 0.0 ], [ 109.73890913710423, -7.787864783656656, 0.0 ], [ 109.738897198952145, -7.78783945379205, 0.0 ], [ 109.738867006777625, -7.787764921816633, 0.0 ], [ 109.738859651425031, -7.787746764584011, 0.0 ], [ 109.738846242819619, -7.787713664649377, 0.0 ], [ 109.738843554979823, -7.787707029543513, 0.0 ], [ 109.738708419539265, -7.787373435759587, 0.0 ], [ 109.738685764060108, -7.787317509177911, 0.0 ], [ 109.738563610692012, -7.787015962321371, 0.0 ], [ 109.738553821474099, -7.786991796762817, 0.0 ], [ 109.738540356873543, -7.786958558413164, 0.0 ], [ 109.738537725098837, -7.786952061699178, 0.0 ], [ 109.738527177105539, -7.786926023098895, 0.0 ], [ 109.738413901007618, -7.78664639017398, 0.0 ], [ 109.738408954956824, -7.786634180421009, 0.0 ], [ 109.738392858579303, -7.786594445381454, 0.0 ], [ 109.738391245593633, -7.786590463587188, 0.0 ], [ 109.738285621304769, -7.786329719535314, 0.0 ], [ 109.738279591190604, -7.786316887809151, 0.0 ], [ 109.738268140116546, -7.786293257996794, 0.0 ], [ 109.738261409699078, -7.786279219971344, 0.0 ], [ 109.738249376730067, -7.786254886391379, 0.0 ], [ 109.738242929395, -7.786241848375878, 0.0 ], [ 109.738229951936489, -7.786216395686576, 0.0 ], [ 109.738174183112321, -7.786136320682975, 0.0 ], [ 109.738153958831163, -7.786107281970605, 0.0 ], [ 109.738139821425563, -7.786086982845769, 0.0 ], [ 109.73812065492514, -7.786084606522628, 0.0 ], [ 109.738118407311873, -7.786058583862387, 0.0 ], [ 109.738106759063953, -7.786042689924143, 0.0 ], [ 109.738098745179173, -7.786031001428483, 0.0 ], [ 109.738063588635228, -7.786029796161007, 0.0 ], [ 109.738062485142734, -7.786029769223183, 0.0 ], [ 109.738060968020804, -7.786029374736456, 0.0 ], [ 109.738009945554467, -7.786027284985581, 0.0 ], [ 109.737996811696362, -7.786021032649463, 0.0 ], [ 109.737963315878886, -7.786017820717182, 0.0 ], [ 109.737950616881918, -7.785980142593778, 0.0 ], [ 109.737947449329766, -7.785977857876584, 0.0 ], [ 109.737945678732729, -7.785974686672835, 0.0 ], [ 109.737898260237586, -7.785970931013695, 0.0 ], [ 109.737894639059405, -7.785969932867681, 0.0 ], [ 109.737888558017033, -7.78596844736747, 0.0 ], [ 109.737846212463978, -7.785966838247637, 0.0 ], [ 109.73782000007094, -7.785955689063744, 0.0 ], [ 109.737802679632665, -7.785954303763297, 0.0 ], [ 109.737782770063745, -7.785920565624256, 0.0 ], [ 109.737781401178879, -7.785919706297173, 0.0 ], [ 109.737780669856946, -7.785918336316016, 0.0 ], [ 109.737733373041209, -7.785911628461601, 0.0 ], [ 109.737726792854289, -7.785910156172471, 0.0 ], [ 109.737716546449434, -7.785907919629811, 0.0 ], [ 109.737682197734529, -7.785906670719503, 0.0 ], [ 109.737670806815686, -7.785902697793057, 0.0 ], [ 109.737645991246339, -7.785893157417516, 0.0 ], [ 109.737640063146458, -7.785892750020148, 0.0 ], [ 109.737614917536348, -7.785862914939568, 0.0 ], [ 109.737614330495163, -7.785862568451654, 0.0 ], [ 109.737614023036159, -7.785861981025092, 0.0 ], [ 109.737572934147593, -7.785847915858442, 0.0 ], [ 109.737558972472684, -7.785841771615409, 0.0 ], [ 109.737531119719279, -7.785833932225017, 0.0 ], [ 109.737530878694415, -7.785833916704476, 0.0 ], [ 109.737503031177766, -7.785819371540849, 0.0 ], [ 109.737493580007609, -7.78581520169956, 0.0 ], [ 109.737488764283285, -7.785805748915385, 0.0 ], [ 109.737457096949768, -7.785781941106617, 0.0 ], [ 109.737488382326035, -7.78572322075829, 0.0 ], [ 109.737503284822139, -7.785734639896186, 0.0 ], [ 109.73751506963039, -7.785738204030516, 0.0 ], [ 109.737522587558971, -7.78574999047366, 0.0 ], [ 109.737543499093192, -7.785765711970515, 0.0 ], [ 109.737559164893156, -7.785777489663943, 0.0 ], [ 109.737575525392359, -7.785789654011045, 0.0 ], [ 109.737597182595053, -7.785806071730193, 0.0 ], [ 109.737609296523445, -7.785811866232448, 0.0 ], [ 109.737615063703785, -7.78581408275706, 0.0 ], [ 109.737633325221523, -7.785824423078009, 0.0 ], [ 109.737646208556029, -7.785830964565354, 0.0 ], [ 109.737670966615539, -7.785849309150277, 0.0 ], [ 109.737678551237337, -7.78585459295134, 0.0 ], [ 109.737686930774544, -7.785862198090427, 0.0 ], [ 109.737713592017272, -7.7858755464492, 0.0 ], [ 109.737726887755656, -7.785878448586157, 0.0 ], [ 109.737747642772945, -7.785883092426347, 0.0 ], [ 109.737758995881066, -7.785886225984029, 0.0 ], [ 109.73778285884525, -7.785890901481652, 0.0 ], [ 109.737803615513727, -7.785897683008835, 0.0 ], [ 109.737828542643442, -7.785908233500693, 0.0 ], [ 109.737838803738242, -7.785912109194053, 0.0 ], [ 109.737844135796891, -7.785913204126227, 0.0 ], [ 109.737852920228704, -7.785918551397415, 0.0 ], [ 109.737879371835092, -7.785933964043569, 0.0 ], [ 109.737894735469609, -7.785937717129653, 0.0 ], [ 109.737920981399185, -7.785944951596123, 0.0 ], [ 109.737923485334193, -7.78594592284697, 0.0 ], [ 109.73795070278328, -7.785951437179865, 0.0 ], [ 109.737970471820901, -7.785955033368859, 0.0 ], [ 109.73799762504234, -7.785965822313704, 0.0 ], [ 109.738006661026006, -7.785968190166493, 0.0 ], [ 109.738012041291427, -7.785969514319966, 0.0 ], [ 109.738020495001763, -7.785974909364792, 0.0 ], [ 109.738046319870534, -7.785991223466213, 0.0 ], [ 109.738062587824444, -7.785995453534976, 0.0 ], [ 109.738083509334132, -7.78599596421257, 0.0 ], [ 109.738097502994847, -7.785996173433847, 0.0 ], [ 109.738118592485904, -7.785996697054933, 0.0 ], [ 109.738146327974391, -7.786003461263111, 0.0 ], [ 109.738147660463113, -7.786004301069712, 0.0 ], [ 109.738174540966753, -7.786016718014053, 0.0 ], [ 109.738244562148864, -7.78601745772554, 0.0 ], [ 109.738286554202503, -7.786017901317063, 0.0 ], [ 109.738355729618405, -7.786018632078075, 0.0 ], [ 109.738398567443681, -7.78601908459384, 0.0 ], [ 109.738510580690203, -7.786020267857269, 0.0 ], [ 109.738578064570376, -7.786020980699276, 0.0 ], [ 109.738633648309303, -7.786021567843641, 0.0 ], [ 109.738678600570154, -7.786022042664747, 0.0 ], [ 109.738790613830162, -7.786023225854489, 0.0 ], [ 109.738801226804981, -7.786022509059266, 0.0 ], [ 109.738836301903603, -7.786022902153149, 0.0 ], [ 109.738846625688609, -7.786022069700863, 0.0 ], [ 109.738858844204714, -7.78602107999127, 0.0 ], [ 109.738890737584512, -7.786021491334382, 0.0 ], [ 109.738917290057529, -7.786018829588485, 0.0 ], [ 109.738944343494708, -7.78601924799297, 0.0 ], [ 109.738977411042598, -7.786014918445752, 0.0 ], [ 109.738996242279526, -7.786015291883565, 0.0 ], [ 109.739014681506134, -7.78601183306006, 0.0 ], [ 109.739041837071355, -7.786006739243863, 0.0 ], [ 109.739043610725886, -7.786006790472015, 0.0 ], [ 109.739070731527462, -7.785997913714874, 0.0 ], [ 109.739085716535186, -7.785993009043394, 0.0 ], [ 109.739099328186342, -7.785978119063499, 0.0 ], [ 109.739075893105948, -7.785972975904323, 0.0 ], [ 109.739070808164058, -7.785972281593163, 0.0 ], [ 109.73901483402075, -7.78596082480338, 0.0 ], [ 109.738958859881663, -7.785949368000233, 0.0 ], [ 109.738902885746654, -7.785937911206314, 0.0 ], [ 109.738846911615937, -7.785926454382861, 0.0 ], [ 109.738842787953743, -7.785925612072793, 0.0 ], [ 109.73882239458797, -7.785921436224326, 0.0 ], [ 109.738749663788468, -7.785906549645055, 0.0 ], [ 109.738678989248726, -7.785892083909882, 0.0 ], [ 109.738623015134692, -7.785880627081408, 0.0 ], [ 109.738567041024879, -7.785869170220131, 0.0 ], [ 109.738511066919216, -7.785857713374635, 0.0 ], [ 109.738455092817674, -7.785846256518977, 0.0 ], [ 109.73839911872038, -7.785834799646706, 0.0 ], [ 109.738343144627251, -7.785823342783694, 0.0 ], [ 109.738284035986823, -7.78581124430292, 0.0 ], [ 109.738175222372973, -7.785788972117621, 0.0 ], [ 109.738091261259967, -7.785771786754802, 0.0 ], [ 109.738035287189859, -7.785760329837594, 0.0 ], [ 109.737951326092485, -7.785743144468233, 0.0 ], [ 109.737895352032865, -7.785731687527298, 0.0 ], [ 109.737839377977338, -7.785720230602144, 0.0 ], [ 109.737771845732027, -7.785706407881107, 0.0 ], [ 109.737671455835979, -7.78568585975594, 0.0 ], [ 109.737615481797235, -7.785674402780438, 0.0 ], [ 109.737539032087966, -7.785658754782268, 0.0 ], [ 109.737524331966583, -7.78565574590207, 0.0 ], [ 109.737567574814292, -7.78557458218885, 0.0 ], [ 109.737607061810564, -7.785582664523053, 0.0 ], [ 109.737660852782611, -7.785593674663292, 0.0 ], [ 109.737707415502356, -7.785603205281174, 0.0 ], [ 109.737839647196651, -7.785630270881781, 0.0 ], [ 109.737893666400865, -7.785641327711224, 0.0 ], [ 109.737968720047746, -7.785656689891145, 0.0 ], [ 109.738079917367571, -7.785679450045368, 0.0 ], [ 109.738109027198107, -7.785685408309063, 0.0 ], [ 109.738173042849567, -7.785698511196645, 0.0 ], [ 109.73823146559215, -7.785710469277388, 0.0 ], [ 109.73824933438712, -7.78571412670304, 0.0 ], [ 109.738259452628213, -7.785716197720578, 0.0 ], [ 109.738287439665328, -7.785721926165272, 0.0 ], [ 109.73834341374274, -7.785733383046215, 0.0 ], [ 109.738359363450328, -7.785736564450268, 0.0 ], [ 109.738389577504151, -7.78574278073562, 0.0 ], [ 109.738399388069482, -7.785744757962942, 0.0 ], [ 109.738406330719627, -7.78574569396478, 0.0 ], [ 109.738437861300142, -7.785752714732224, 0.0 ], [ 109.738452419405476, -7.785755694513205, 0.0 ], [ 109.738511336000073, -7.785767753634726, 0.0 ], [ 109.738529876020266, -7.785771490282796, 0.0 ], [ 109.738545668261438, -7.785774633322207, 0.0 ], [ 109.738567310656705, -7.785779022421343, 0.0 ], [ 109.738593826068865, -7.785782582526531, 0.0 ], [ 109.738597609414938, -7.785783421183706, 0.0 ], [ 109.738642136431125, -7.785790380485112, 0.0 ], [ 109.73866682933884, -7.785796843510756, 0.0 ], [ 109.738679267124368, -7.785799171924335, 0.0 ], [ 109.738687838984134, -7.785800763834615, 0.0 ], [ 109.738715170840678, -7.785809398915958, 0.0 ], [ 109.738731886061373, -7.785812788431399, 0.0 ], [ 109.738735232729709, -7.785813471318776, 0.0 ], [ 109.738739861055549, -7.785814090202721, 0.0 ], [ 109.73878378371603, -7.785817029922229, 0.0 ], [ 109.738801357445112, -7.785819763451438, 0.0 ], [ 109.738834570029539, -7.785822373201402, 0.0 ], [ 109.738865547101369, -7.785828138846619, 0.0 ], [ 109.73888322864714, -7.785829825884799, 0.0 ], [ 109.738903195092433, -7.78583445885609, 0.0 ], [ 109.73893066700586, -7.785837447551441, 0.0 ], [ 109.738931614391689, -7.785837549092651, 0.0 ], [ 109.738959185230655, -7.785840559097888, 0.0 ], [ 109.73898225566262, -7.785843036156378, 0.0 ], [ 109.738993256313663, -7.785844217284374, 0.0 ], [ 109.739032942208752, -7.785848478331627, 0.0 ], [ 109.739055790317181, -7.785850931525086, 0.0 ], [ 109.739071166045065, -7.785852582403503, 0.0 ], [ 109.739099161250394, -7.785855588237628, 0.0 ], [ 109.7392863748548, -7.78587568923616, 0.0 ], [ 109.739323122917895, -7.785879634813636, 0.0 ], [ 109.739351118129463, -7.785882640615455, 0.0 ], [ 109.739575079846816, -7.785906687092109, 0.0 ], [ 109.739631070283167, -7.785912698655334, 0.0 ], [ 109.739659065502394, -7.785915704447231, 0.0 ], [ 109.739827036831969, -7.785933739196788, 0.0 ], [ 109.739894613500255, -7.785940994744165, 0.0 ], [ 109.739911022506163, -7.785942756532859, 0.0 ], [ 109.739939017732297, -7.785945762293912, 0.0 ], [ 109.739967012959141, -7.785948768059715, 0.0 ], [ 109.740134984334475, -7.785966802691409, 0.0 ], [ 109.74014804637072, -7.785968205118921, 0.0 ], [ 109.740190974798566, -7.785972814179988, 0.0 ], [ 109.740246965265342, -7.785978825697058, 0.0 ], [ 109.7404149366822, -7.78599686022481, 0.0 ], [ 109.740431539602838, -7.785998642813452, 0.0 ], [ 109.740452165885841, -7.786000857381201, 0.0 ], [ 109.74049407368588, -7.786005356846085, 0.0 ], [ 109.740502852497897, -7.786006299383435, 0.0 ], [ 109.740513977194752, -7.786007493796586, 0.0 ] ] ] ] } },
{ "type": "Feature", "properties": { "OBJECTID": 37, "Join_Count": 1, "TARGET_FID": 41, "Id": 1, "Contour": 2.0, "Shape_Leng": 190.27487076400001, "Skor": 2.0, "Shape_Le_1": 172.996155636, "Shape_Area": 1433.48789579 }, "geometry": { "type": "Polygon", "coordinates": [ [ [ 109.734447257700253, -7.785365104960047, 0.0 ], [ 109.734143558002728, -7.785272625308901, 0.0 ], [ 109.734133789991077, -7.785247585771185, 0.0 ], [ 109.734129716182039, -7.785237142807612, 0.0 ], [ 109.734120378245137, -7.785213205176027, 0.0 ], [ 109.734118123434897, -7.785207424977955, 0.0 ], [ 109.734107900385339, -7.785181218596158, 0.0 ], [ 109.734088588215585, -7.78513171312581, 0.0 ], [ 109.734086084263083, -7.785125294383362, 0.0 ], [ 109.734084798441188, -7.785121480228235, 0.0 ], [ 109.734073672931032, -7.785084415404603, 0.0 ], [ 109.734067999680235, -7.785069381310432, 0.0 ], [ 109.73408230583648, -7.785062952540864, 0.0 ], [ 109.734088798326809, -7.785061707219615, 0.0 ], [ 109.734116803629675, -7.785061302214944, 0.0 ], [ 109.734136222111019, -7.785061021384073, 0.0 ], [ 109.734144808932825, -7.785060897208495, 0.0 ], [ 109.734153701518466, -7.785060768627947, 0.0 ], [ 109.734191269839485, -7.785060225439032, 0.0 ], [ 109.734200819539296, -7.785060087355102, 0.0 ], [ 109.734210709290934, -7.785059944337037, 0.0 ], [ 109.734246317444615, -7.785059429363374, 0.0 ], [ 109.734256830147231, -7.785059277332374, 0.0 ], [ 109.734267717192637, -7.785059119909235, 0.0 ], [ 109.734301365168719, -7.78505863339745, 0.0 ], [ 109.734312840755692, -7.785058467460841, 0.0 ], [ 109.734324724963983, -7.785058295606146, 0.0 ], [ 109.734356412791286, -7.785057837320442, 0.0 ], [ 109.734368851365517, -7.78505765744917, 0.0 ], [ 109.734381732845776, -7.785057471185546, 0.0 ], [ 109.734411460523518, -7.785057041346658, 0.0 ], [ 109.734424861975924, -7.7850568475596, 0.0 ], [ 109.734438740634843, -7.785056646850893, 0.0 ], [ 109.73446650814796, -7.785056245255303, 0.0 ], [ 109.734480872587767, -7.785056037520087, 0.0 ], [ 109.734495748524921, -7.785055822408459, 0.0 ], [ 109.734521555863466, -7.785055449250883, 0.0 ], [ 109.734552756294107, -7.785054998080992, 0.0 ], [ 109.734576603601653, -7.785054653255609, 0.0 ], [ 109.734592893813527, -7.785054417690747, 0.0 ], [ 109.734609764098721, -7.785054173710265, 0.0 ], [ 109.734631651238217, -7.785053857152407, 0.0 ], [ 109.734648904428255, -7.785053607632161, 0.0 ], [ 109.734663823907198, -7.785056271938233, 0.0 ], [ 109.734696368391269, -7.785071256787079, 0.0 ], [ 109.734667413222553, -7.785089738012587, 0.0 ], [ 109.734648753054827, -7.785104065436646, 0.0 ], [ 109.734632448734089, -7.785110684032826, 0.0 ], [ 109.734621786925771, -7.7851268933288, 0.0 ], [ 109.734604991244012, -7.785139162001866, 0.0 ], [ 109.734592612440309, -7.785148204325885, 0.0 ], [ 109.734572676716965, -7.785162766792209, 0.0 ], [ 109.734545627835814, -7.785182525146003, 0.0 ], [ 109.734540677829955, -7.785186688270813, 0.0 ], [ 109.734536475294647, -7.785191183252291, 0.0 ], [ 109.734513649771216, -7.785215597103226, 0.0 ], [ 109.734497035358871, -7.785238239218739, 0.0 ], [ 109.734475143915276, -7.785294032974874, 0.0 ], [ 109.734464198130127, -7.785321929851909, 0.0 ], [ 109.734460782706208, -7.785330634532088, 0.0 ], [ 109.734453252377591, -7.785349826728547, 0.0 ], [ 109.734447257700253, -7.785365104960047, 0.0 ] ] ] } },
{ "type": "Feature", "properties": { "OBJECTID": 38, "Join_Count": 1, "TARGET_FID": 42, "Id": 1, "Contour": 2.0, "Shape_Leng": 190.27487076400001, "Skor": 2.0, "Shape_Le_1": 575.27816990300005, "Shape_Area": 5437.3405903800003 }, "geometry": { "type": "Polygon", "coordinates": [ [ [ 109.735046531665063, -7.785077305687944, 0.0 ], [ 109.734981542939678, -7.785124778081386, 0.0 ], [ 109.734949228352619, -7.78514838282608, 0.0 ], [ 109.734928615944114, -7.785163439561043, 0.0 ], [ 109.734900550349678, -7.785183940657126, 0.0 ], [ 109.734824877166616, -7.785239217525157, 0.0 ], [ 109.734816353551338, -7.785245443772663, 0.0 ], [ 109.734788427280861, -7.785267180979258, 0.0 ], [ 109.734786117884269, -7.785269186013101, 0.0 ], [ 109.734760207143808, -7.785291511376426, 0.0 ], [ 109.734758443376592, -7.785293124152139, 0.0 ], [ 109.734756910925711, -7.785294873826112, 0.0 ], [ 109.734713127751235, -7.785406461371864, 0.0 ], [ 109.734691236322078, -7.78546225514192, 0.0 ], [ 109.734647342831195, -7.785574123735025, 0.0 ], [ 109.734625561660351, -7.785629636437901, 0.0 ], [ 109.734603670035696, -7.785685430198634, 0.0 ], [ 109.734581778572519, -7.78574122395767, 0.0 ], [ 109.7345379952923, -7.785852811468166, 0.0 ], [ 109.734534463105405, -7.785861813779878, 0.0 ], [ 109.734514014170614, -7.785888283738017, 0.0 ], [ 109.734488668452158, -7.785908523334139, 0.0 ], [ 109.734482920391628, -7.785913113382565, 0.0 ], [ 109.734478294235032, -7.785915327906431, 0.0 ], [ 109.734410076199325, -7.785920459288641, 0.0 ], [ 109.734552000000107, -7.785397, 0.0 ], [ 109.734447257700253, -7.785365104960047, 0.0 ], [ 109.734453252377591, -7.785349826728547, 0.0 ], [ 109.734460782706208, -7.785330634532088, 0.0 ], [ 109.734464198130127, -7.785321929851909, 0.0 ], [ 109.734475143915276, -7.785294032974874, 0.0 ], [ 109.734497035358871, -7.785238239218739, 0.0 ], [ 109.734513649771216, -7.785215597103226, 0.0 ], [ 109.734536475294647, -7.785191183252291, 0.0 ], [ 109.734540677829955, -7.785186688270813, 0.0 ], [ 109.734545627835814, -7.785182525146003, 0.0 ], [ 109.734572676716965, -7.785162766792209, 0.0 ], [ 109.734592612440309, -7.785148204325885, 0.0 ], [ 109.734604991244012, -7.785139162001866, 0.0 ], [ 109.734621786925771, -7.7851268933288, 0.0 ], [ 109.734632448734089, -7.785110684032826, 0.0 ], [ 109.734648753054827, -7.785104065436646, 0.0 ], [ 109.734667413222553, -7.785089738012587, 0.0 ], [ 109.734696368391269, -7.785071256787079, 0.0 ], [ 109.734663823907198, -7.785056271938233, 0.0 ], [ 109.734648904428255, -7.785053607632161, 0.0 ], [ 109.734631651238217, -7.785053857152407, 0.0 ], [ 109.734609764098721, -7.785054173710265, 0.0 ], [ 109.734592893813527, -7.785054417690747, 0.0 ], [ 109.734576603601653, -7.785054653255609, 0.0 ], [ 109.734552756294107, -7.785054998080992, 0.0 ], [ 109.734521555863466, -7.785055449250883, 0.0 ], [ 109.734495748524921, -7.785055822408459, 0.0 ], [ 109.734480872587767, -7.785056037520087, 0.0 ], [ 109.73446650814796, -7.785056245255303, 0.0 ], [ 109.734438740634843, -7.785056646850893, 0.0 ], [ 109.734424861975924, -7.7850568475596, 0.0 ], [ 109.734411460523518, -7.785057041346658, 0.0 ], [ 109.734381732845776, -7.785057471185546, 0.0 ], [ 109.734368851365517, -7.78505765744917, 0.0 ], [ 109.734356412791286, -7.785057837320442, 0.0 ], [ 109.734324724963983, -7.785058295606146, 0.0 ], [ 109.734312840755692, -7.785058467460841, 0.0 ], [ 109.734301365168719, -7.78505863339745, 0.0 ], [ 109.734267717192637, -7.785059119909235, 0.0 ], [ 109.734256830147231, -7.785059277332374, 0.0 ], [ 109.734246317444615, -7.785059429363374, 0.0 ], [ 109.734210709290934, -7.785059944337037, 0.0 ], [ 109.734200819539296, -7.785060087355102, 0.0 ], [ 109.734191269839485, -7.785060225439032, 0.0 ], [ 109.734153701518466, -7.785060768627947, 0.0 ], [ 109.734144808932825, -7.785060897208495, 0.0 ], [ 109.734136222111019, -7.785061021384073, 0.0 ], [ 109.734116803629675, -7.785061302214944, 0.0 ], [ 109.734088798326809, -7.785061707219615, 0.0 ], [ 109.73408230583648, -7.785062952540864, 0.0 ], [ 109.734067999680235, -7.785069381310432, 0.0 ], [ 109.734073672931032, -7.785084415404603, 0.0 ], [ 109.734084798441188, -7.785121480228235, 0.0 ], [ 109.734086084263083, -7.785125294383362, 0.0 ], [ 109.734088588215585, -7.78513171312581, 0.0 ], [ 109.734107900385339, -7.785181218596158, 0.0 ], [ 109.734118123434897, -7.785207424977955, 0.0 ], [ 109.734120378245137, -7.785213205176027, 0.0 ], [ 109.734129716182039, -7.785237142807612, 0.0 ], [ 109.734133789991077, -7.785247585771185, 0.0 ], [ 109.734143558002728, -7.785272625308901, 0.0 ], [ 109.733705839652387, -7.785139335178698, 0.0 ], [ 109.733634464612223, -7.784956368658071, 0.0 ], [ 109.733634541894602, -7.784949859378717, 0.0 ], [ 109.733641097240167, -7.784940378984307, 0.0 ], [ 109.733658765927146, -7.784918137215706, 0.0 ], [ 109.733680601622524, -7.784917176676597, 0.0 ], [ 109.733704635676219, -7.784908132825396, 0.0 ], [ 109.733746733903288, -7.784907306526153, 0.0 ], [ 109.733753217111641, -7.78490587894965, 0.0 ], [ 109.733758086522812, -7.784905734765445, 0.0 ], [ 109.733805194734671, -7.78490504171678, 0.0 ], [ 109.733809228119455, -7.784904926040288, 0.0 ], [ 109.733921249279277, -7.78490330624962, 0.0 ], [ 109.733978209139337, -7.784902482708258, 0.0 ], [ 109.734537365728244, -7.784894396945488, 0.0 ], [ 109.734565371024075, -7.784893991993612, 0.0 ], [ 109.7345837333216, -7.784893726480506, 0.0 ], [ 109.734593376320191, -7.784893587036594, 0.0 ], [ 109.734649386913333, -7.784892777039274, 0.0 ], [ 109.734660370498645, -7.784892618206225, 0.0 ], [ 109.734693828644012, -7.784892134346045, 0.0 ], [ 109.734705397507412, -7.784891967050744, 0.0 ], [ 109.734920742712518, -7.784888852739643, 0.0 ], [ 109.735046531665063, -7.785077305687944, 0.0 ] ] ] } },
{ "type": "Feature", "properties": { "OBJECTID": 39, "Join_Count": 1, "TARGET_FID": 43, "Id": 3, "Contour": 1.8, "Shape_Leng": 500.49031864599999, "Skor": 2.0, "Shape_Le_1": 853.08957285600002, "Shape_Area": 8024.0999377300004 }, "geometry": { "type": "MultiPolygon", "coordinates": [ [ [ [ 109.735283999000089, -7.785105999999876, 0.0 ], [ 109.735307, -7.78511, 0.0 ], [ 109.735316001000072, -7.78511, 0.0 ], [ 109.735376366858787, -7.78509704635073, 0.0 ], [ 109.735358094570287, -7.785110393731378, 0.0 ], [ 109.735325780004047, -7.785133998508308, 0.0 ], [ 109.735320750672955, -7.785137672288634, 0.0 ], [ 109.735256444895384, -7.785184645864201, 0.0 ], [ 109.735180285756186, -7.78524027780678, 0.0 ], [ 109.735152357168801, -7.785260678844201, 0.0 ], [ 109.73513189283581, -7.78527562742402, 0.0 ], [ 109.735099578245524, -7.785299232179563, 0.0 ], [ 109.735096225980314, -7.785301680906129, 0.0 ], [ 109.735027967635673, -7.785351541641317, 0.0 ], [ 109.735010323037159, -7.785377760559165, 0.0 ], [ 109.73500730554133, -7.785384058170267, 0.0 ], [ 109.734994894862794, -7.785407302077047, 0.0 ], [ 109.734973003468554, -7.785463095867633, 0.0 ], [ 109.734929220326094, -7.785574683441213, 0.0 ], [ 109.734907328911447, -7.785630477225152, 0.0 ], [ 109.734863545725077, -7.785742064785538, 0.0 ], [ 109.734841654293106, -7.785797858562892, 0.0 ], [ 109.734819762682875, -7.785853652337599, 0.0 ], [ 109.734797871234179, -7.785909446110503, 0.0 ], [ 109.73475408797978, -7.786021033648879, 0.0 ], [ 109.734732196513818, -7.786076827415232, 0.0 ], [ 109.734688413218535, -7.786188414940319, 0.0 ], [ 109.734666521729054, -7.786244208700067, 0.0 ], [ 109.734645169069154, -7.786298628737272, 0.0 ], [ 109.73464475081812, -7.786299588555318, 0.0 ], [ 109.734644496089331, -7.786300002057241, 0.0 ], [ 109.734643402140009, -7.786301751665644, 0.0 ], [ 109.734624450498771, -7.786335247549811, 0.0 ], [ 109.734606929747173, -7.786355749029314, 0.0 ], [ 109.734598672658521, -7.786365410830485, 0.0 ], [ 109.734588937408873, -7.7863730498476, 0.0 ], [ 109.734310811342141, -7.786393970509765, 0.0 ], [ 109.734398, -7.785965, 0.0 ], [ 109.734410076199325, -7.785920459288641, 0.0 ], [ 109.734478294235032, -7.785915327906431, 0.0 ], [ 109.734482920391628, -7.785913113382565, 0.0 ], [ 109.734488668452158, -7.785908523334139, 0.0 ], [ 109.734514014170614, -7.785888283738017, 0.0 ], [ 109.734534463105405, -7.785861813779878, 0.0 ], [ 109.7345379952923, -7.785852811468166, 0.0 ], [ 109.734581778572519, -7.78574122395767, 0.0 ], [ 109.734603670035696, -7.785685430198634, 0.0 ], [ 109.734625561660351, -7.785629636437901, 0.0 ], [ 109.734647342831195, -7.785574123735025, 0.0 ], [ 109.734691236322078, -7.78546225514192, 0.0 ], [ 109.734713127751235, -7.785406461371864, 0.0 ], [ 109.734756910925711, -7.785294873826112, 0.0 ], [ 109.734758443376592, -7.785293124152139, 0.0 ], [ 109.734760207143808, -7.785291511376426, 0.0 ], [ 109.734786117884269, -7.785269186013101, 0.0 ], [ 109.734788427280861, -7.785267180979258, 0.0 ], [ 109.734816353551338, -7.785245443772663, 0.0 ], [ 109.734824877166616, -7.785239217525157, 0.0 ], [ 109.734900550349678, -7.785183940657126, 0.0 ], [ 109.734928615944114, -7.785163439561043, 0.0 ], [ 109.734949228352619, -7.78514838282608, 0.0 ], [ 109.734981542939678, -7.785124778081386, 0.0 ], [ 109.735046531665063, -7.785077305687944, 0.0 ], [ 109.735051, -7.785084, 0.0 ], [ 109.735283999000089, -7.785105999999876, 0.0 ] ] ], [ [ [ 109.733634464612223, -7.784956368658071, 0.0 ], [ 109.733705839652387, -7.785139335178698, 0.0 ], [ 109.733268121549429, -7.785006044611037, 0.0 ], [ 109.733193410074037, -7.784814524668885, 0.0 ], [ 109.73483969330718, -7.784767427042551, 0.0 ], [ 109.734920742712518, -7.784888852739643, 0.0 ], [ 109.734705397507412, -7.784891967050744, 0.0 ], [ 109.734693828644012, -7.784892134346045, 0.0 ], [ 109.734660370498645, -7.784892618206225, 0.0 ], [ 109.734649386913333, -7.784892777039274, 0.0 ], [ 109.734593376320191, -7.784893587036594, 0.0 ], [ 109.7345837333216, -7.784893726480506, 0.0 ], [ 109.734565371024075, -7.784893991993612, 0.0 ], [ 109.734537365728244, -7.784894396945488, 0.0 ], [ 109.733978209139337, -7.784902482708258, 0.0 ], [ 109.733921249279277, -7.78490330624962, 0.0 ], [ 109.733809228119455, -7.784904926040288, 0.0 ], [ 109.733805194734671, -7.78490504171678, 0.0 ], [ 109.733758086522812, -7.784905734765445, 0.0 ], [ 109.733753217111641, -7.78490587894965, 0.0 ], [ 109.733746733903288, -7.784907306526153, 0.0 ], [ 109.733704635676219, -7.784908132825396, 0.0 ], [ 109.733680601622524, -7.784917176676597, 0.0 ], [ 109.733658765927146, -7.784918137215706, 0.0 ], [ 109.733641097240167, -7.784940378984307, 0.0 ], [ 109.733634541894602, -7.784949859378717, 0.0 ], [ 109.733634464612223, -7.784956368658071, 0.0 ] ] ] ] } },
{ "type": "Feature", "properties": { "OBJECTID": 40, "Join_Count": 1, "TARGET_FID": 44, "Id": 8, "Contour": 1.6, "Shape_Leng": 828.87965616099996, "Skor": 2.0, "Shape_Le_1": 1336.2080957600001, "Shape_Area": 11946.8323702 }, "geometry": { "type": "MultiPolygon", "coordinates": [ [ [ [ 109.736029000000102, -7.784957, 0.0 ], [ 109.737090001000126, -7.78512000099991, 0.0 ], [ 109.737073097901188, -7.785162482669145, 0.0 ], [ 109.736944956170561, -7.785148723507502, 0.0 ], [ 109.736931432419667, -7.785147271410834, 0.0 ], [ 109.736899107191945, -7.785143800554983, 0.0 ], [ 109.736888965929211, -7.785142711647215, 0.0 ], [ 109.736881325377226, -7.785141254631499, 0.0 ], [ 109.736836267398502, -7.785136779030304, 0.0 ], [ 109.736832977067664, -7.785136239979466, 0.0 ], [ 109.736830672365798, -7.785135779122427, 0.0 ], [ 109.736802192189117, -7.78513339433939, 0.0 ], [ 109.736720995222484, -7.785124675803307, 0.0 ], [ 109.736710579668795, -7.785122727768843, 0.0 ], [ 109.736682348670342, -7.78511574851294, 0.0 ], [ 109.736665022115631, -7.785112947020038, 0.0 ], [ 109.73663996455609, -7.785107905118108, 0.0 ], [ 109.736635377298413, -7.785106623021743, 0.0 ], [ 109.736587253099032, -7.785098640441094, 0.0 ], [ 109.73657394883142, -7.785097697079911, 0.0 ], [ 109.736553060165775, -7.785094746983217, 0.0 ], [ 109.736537868892583, -7.785091907024478, 0.0 ], [ 109.736507752737637, -7.785087308062583, 0.0 ], [ 109.736497079866012, -7.785085423373868, 0.0 ], [ 109.736453466002786, -7.785076496211482, 0.0 ], [ 109.736443801414623, -7.785073779692717, 0.0 ], [ 109.736437356725105, -7.785072705183548, 0.0 ], [ 109.736398041583129, -7.78506345307709, 0.0 ], [ 109.736385134717551, -7.785061622319552, 0.0 ], [ 109.73636714152191, -7.785058283698321, 0.0 ], [ 109.736350599941773, -7.785054793799316, 0.0 ], [ 109.73632915816421, -7.785051052065987, 0.0 ], [ 109.736273184271965, -7.7850395949517, 0.0 ], [ 109.736252573936184, -7.785040590915652, 0.0 ], [ 109.736232303676886, -7.78503505178497, 0.0 ], [ 109.736217185088293, -7.78503658022822, 0.0 ], [ 109.736193041893358, -7.785051686336489, 0.0 ], [ 109.736193569421616, -7.785075721694232, 0.0 ], [ 109.736186686334676, -7.785101336252278, 0.0 ], [ 109.736160952044955, -7.785111612743626, 0.0 ], [ 109.735937123527222, -7.785043419770522, 0.0 ], [ 109.735917232296956, -7.785038890705514, 0.0 ], [ 109.735893170837684, -7.785030953322699, 0.0 ], [ 109.735881162349131, -7.785027727055479, 0.0 ], [ 109.735870430355604, -7.785029597201613, 0.0 ], [ 109.735833585787177, -7.785027197141486, 0.0 ], [ 109.735825147628717, -7.785029900285548, 0.0 ], [ 109.735769016525495, -7.785070902494559, 0.0 ], [ 109.735766960737053, -7.785072404184931, 0.0 ], [ 109.73573464624161, -7.785096009052412, 0.0 ], [ 109.735712885411957, -7.78511190469428, 0.0 ], [ 109.73568801237019, -7.785130073745245, 0.0 ], [ 109.735611853498412, -7.785185705776771, 0.0 ], [ 109.735544492008685, -7.785234911393474, 0.0 ], [ 109.735540759153423, -7.785237638128294, 0.0 ], [ 109.73550844463395, -7.78526124297434, 0.0 ], [ 109.735488360853665, -7.785275913556125, 0.0 ], [ 109.735459535276817, -7.785296969787531, 0.0 ], [ 109.735383376350939, -7.785352601767949, 0.0 ], [ 109.735376098512134, -7.785357918009224, 0.0 ], [ 109.735345296714101, -7.785380417751269, 0.0 ], [ 109.735319967326163, -7.785398920118219, 0.0 ], [ 109.735307217190908, -7.785408233730702, 0.0 ], [ 109.735284422845169, -7.785428663969257, 0.0 ], [ 109.735258393785656, -7.785458575146465, 0.0 ], [ 109.735254770478036, -7.785463936405725, 0.0 ], [ 109.735232879111848, -7.785519730214601, 0.0 ], [ 109.735210987573694, -7.785575524020868, 0.0 ], [ 109.735189096193864, -7.785631317825336, 0.0 ], [ 109.735145313077254, -7.785742905426781, 0.0 ], [ 109.735123421677017, -7.785798699224654, 0.0 ], [ 109.735079638522691, -7.785910286812839, 0.0 ], [ 109.735057747102076, -7.785966080604172, 0.0 ], [ 109.735035855506382, -7.786021874392778, 0.0 ], [ 109.735013964072095, -7.786077668179653, 0.0 ], [ 109.734970180849757, -7.786189255745811, 0.0 ], [ 109.73494828939512, -7.78624504952609, 0.0 ], [ 109.734904506131969, -7.786356637079008, 0.0 ], [ 109.734882614656897, -7.786412430852659, 0.0 ], [ 109.734860723006747, -7.786468224623636, 0.0 ], [ 109.73483883151809, -7.786524018392882, 0.0 ], [ 109.734795048186839, -7.786635605923773, 0.0 ], [ 109.734773156677747, -7.786691399686371, 0.0 ], [ 109.734755875193656, -7.786735443765108, 0.0 ], [ 109.734752535985763, -7.786743892216607, 0.0 ], [ 109.734751196969668, -7.786747193243301, 0.0 ], [ 109.734746475181055, -7.786756491119287, 0.0 ], [ 109.734734956882178, -7.786782281484053, 0.0 ], [ 109.734721534482915, -7.786802963809007, 0.0 ], [ 109.73471293555103, -7.786816213775671, 0.0 ], [ 109.734699580747389, -7.786830771792024, 0.0 ], [ 109.734214616398191, -7.786867250723477, 0.0 ], [ 109.734310811342141, -7.786393970509765, 0.0 ], [ 109.734588937408873, -7.7863730498476, 0.0 ], [ 109.734598672658521, -7.786365410830485, 0.0 ], [ 109.734606929747173, -7.786355749029314, 0.0 ], [ 109.734624450498771, -7.786335247549811, 0.0 ], [ 109.734643402140009, -7.786301751665644, 0.0 ], [ 109.734644496089331, -7.786300002057241, 0.0 ], [ 109.73464475081812, -7.786299588555318, 0.0 ], [ 109.734645169069154, -7.786298628737272, 0.0 ], [ 109.734666521729054, -7.786244208700067, 0.0 ], [ 109.734688413218535, -7.786188414940319, 0.0 ], [ 109.734732196513818, -7.786076827415232, 0.0 ], [ 109.73475408797978, -7.786021033648879, 0.0 ], [ 109.734797871234179, -7.785909446110503, 0.0 ], [ 109.734819762682875, -7.785853652337599, 0.0 ], [ 109.734841654293106, -7.785797858562892, 0.0 ], [ 109.734863545725077, -7.785742064785538, 0.0 ], [ 109.734907328911447, -7.785630477225152, 0.0 ], [ 109.734929220326094, -7.785574683441213, 0.0 ], [ 109.734973003468554, -7.785463095867633, 0.0 ], [ 109.734994894862794, -7.785407302077047, 0.0 ], [ 109.73500730554133, -7.785384058170267, 0.0 ], [ 109.735010323037159, -7.785377760559165, 0.0 ], [ 109.735027967635673, -7.785351541641317, 0.0 ], [ 109.735096225980314, -7.785301680906129, 0.0 ], [ 109.735099578245524, -7.785299232179563, 0.0 ], [ 109.73513189283581, -7.78527562742402, 0.0 ], [ 109.735152357168801, -7.785260678844201, 0.0 ], [ 109.735180285756186, -7.78524027780678, 0.0 ], [ 109.735256444895384, -7.785184645864201, 0.0 ], [ 109.735320750672955, -7.785137672288634, 0.0 ], [ 109.735325780004047, -7.785133998508308, 0.0 ], [ 109.735358094570287, -7.785110393731378, 0.0 ], [ 109.735376366858787, -7.78509704635073, 0.0 ], [ 109.736029000000102, -7.784957, 0.0 ] ] ], [ [ [ 109.733193410074037, -7.784814524668885, 0.0 ], [ 109.733268121549429, -7.785006044611037, 0.0 ], [ 109.733222000000112, -7.784992, 0.0 ], [ 109.733144099033566, -7.784643036309975, 0.0 ], [ 109.734287453046534, -7.784638817941048, 0.0 ], [ 109.734778, -7.784675, 0.0 ], [ 109.73483969330718, -7.784767427042551, 0.0 ], [ 109.733193410074037, -7.784814524668885, 0.0 ] ] ] ] } },
{ "type": "Feature", "properties": { "OBJECTID": 41, "Join_Count": 1, "TARGET_FID": 45, "Id": 10, "Contour": 1.4, "Shape_Leng": 2.3901978877299999, "Skor": 2.0, "Shape_Le_1": 1419.4256483500001, "Shape_Area": 13327.1419243 }, "geometry": { "type": "MultiPolygon", "coordinates": [ [ [ [ 109.73877676756247, -7.785503930517821, 0.0 ], [ 109.739210000000128, -7.785536998999952, 0.0 ], [ 109.739304732555539, -7.785557440022521, 0.0 ], [ 109.739296075115078, -7.785559688303979, 0.0 ], [ 109.739128103988492, -7.785541653384199, 0.0 ], [ 109.739118737606432, -7.785540647727507, 0.0 ], [ 109.73906805111578, -7.785535205548864, 0.0 ], [ 109.73902922790289, -7.785531037109601, 0.0 ], [ 109.73901798736992, -7.785529145970749, 0.0 ], [ 109.73901612325129, -7.785529630067499, 0.0 ], [ 109.738848152166241, -7.785511595040554, 0.0 ], [ 109.738826989814527, -7.785509322855066, 0.0 ], [ 109.738814618668414, -7.78550799458386, 0.0 ], [ 109.738792161809968, -7.785505583403565, 0.0 ], [ 109.73877676756247, -7.785503930517821, 0.0 ] ] ], [ [ [ 109.735833585787177, -7.785027197141486, 0.0 ], [ 109.735870430355604, -7.785029597201613, 0.0 ], [ 109.735881162349131, -7.785027727055479, 0.0 ], [ 109.735893170837684, -7.785030953322699, 0.0 ], [ 109.735917232296956, -7.785038890705514, 0.0 ], [ 109.735937123527222, -7.785043419770522, 0.0 ], [ 109.736160952044955, -7.785111612743626, 0.0 ], [ 109.736186686334676, -7.785101336252278, 0.0 ], [ 109.736193569421616, -7.785075721694232, 0.0 ], [ 109.736193041893358, -7.785051686336489, 0.0 ], [ 109.736217185088293, -7.78503658022822, 0.0 ], [ 109.736232303676886, -7.78503505178497, 0.0 ], [ 109.736252573936184, -7.785040590915652, 0.0 ], [ 109.736273184271965, -7.7850395949517, 0.0 ], [ 109.73632915816421, -7.785051052065987, 0.0 ], [ 109.736350599941773, -7.785054793799316, 0.0 ], [ 109.73636714152191, -7.785058283698321, 0.0 ], [ 109.736385134717551, -7.785061622319552, 0.0 ], [ 109.736398041583129, -7.78506345307709, 0.0 ], [ 109.736437356725105, -7.785072705183548, 0.0 ], [ 109.736443801414623, -7.785073779692717, 0.0 ], [ 109.736453466002786, -7.785076496211482, 0.0 ], [ 109.736497079866012, -7.785085423373868, 0.0 ], [ 109.736507752737637, -7.785087308062583, 0.0 ], [ 109.736537868892583, -7.785091907024478, 0.0 ], [ 109.736553060165775, -7.785094746983217, 0.0 ], [ 109.73657394883142, -7.785097697079911, 0.0 ], [ 109.736587253099032, -7.785098640441094, 0.0 ], [ 109.736635377298413, -7.785106623021743, 0.0 ], [ 109.73663996455609, -7.785107905118108, 0.0 ], [ 109.736665022115631, -7.785112947020038, 0.0 ], [ 109.736682348670342, -7.78511574851294, 0.0 ], [ 109.736710579668795, -7.785122727768843, 0.0 ], [ 109.736720995222484, -7.785124675803307, 0.0 ], [ 109.736802192189117, -7.78513339433939, 0.0 ], [ 109.736830672365798, -7.785135779122427, 0.0 ], [ 109.736832977067664, -7.785136239979466, 0.0 ], [ 109.736836267398502, -7.785136779030304, 0.0 ], [ 109.736881325377226, -7.785141254631499, 0.0 ], [ 109.736888965929211, -7.785142711647215, 0.0 ], [ 109.736899107191945, -7.785143800554983, 0.0 ], [ 109.736931432419667, -7.785147271410834, 0.0 ], [ 109.736944956170561, -7.785148723507502, 0.0 ], [ 109.737073097901188, -7.785162482669145, 0.0 ], [ 109.73702510095471, -7.785283110807812, 0.0 ], [ 109.737020160960128, -7.785282077348461, 0.0 ], [ 109.737000575814363, -7.785278496682325, 0.0 ], [ 109.736944601860401, -7.785267039649013, 0.0 ], [ 109.73691661488499, -7.78526131112008, 0.0 ], [ 109.73690145377077, -7.785258207865665, 0.0 ], [ 109.73688011505601, -7.785253840140624, 0.0 ], [ 109.7368379974059, -7.785245219282272, 0.0 ], [ 109.736833570743741, -7.785244291260012, 0.0 ], [ 109.736832653965038, -7.785244125558509, 0.0 ], [ 109.736786989776391, -7.785234778720341, 0.0 ], [ 109.736761146867266, -7.785229489041177, 0.0 ], [ 109.736740427136226, -7.785225248011074, 0.0 ], [ 109.736720706086558, -7.785221211385268, 0.0 ], [ 109.736608758224605, -7.785198297239456, 0.0 ], [ 109.736597855221717, -7.785199515048172, 0.0 ], [ 109.736561064949015, -7.785188535089961, 0.0 ], [ 109.736496810379407, -7.785175383065986, 0.0 ], [ 109.736484926715747, -7.785176459409903, 0.0 ], [ 109.736463431933956, -7.785188244173398, 0.0 ], [ 109.736485303708378, -7.785199712695277, 0.0 ], [ 109.736496713464476, -7.785207734832706, 0.0 ], [ 109.736521532414855, -7.785219488440394, 0.0 ], [ 109.736525978726277, -7.785244289680293, 0.0 ], [ 109.736536605028078, -7.785260238255086, 0.0 ], [ 109.736552550939919, -7.785264742574768, 0.0 ], [ 109.736575163202005, -7.785277704583805, 0.0 ], [ 109.736600320710636, -7.785300370324658, 0.0 ], [ 109.736597086972012, -7.785311662196778, 0.0 ], [ 109.73660838432987, -7.785323119242806, 0.0 ], [ 109.73662182066964, -7.785342834059277, 0.0 ], [ 109.736651219307703, -7.785343303199207, 0.0 ], [ 109.736664317184633, -7.785348294418037, 0.0 ], [ 109.736669438012498, -7.785351319165144, 0.0 ], [ 109.736675168340341, -7.785356452465454, 0.0 ], [ 109.736675388256728, -7.785367552242793, 0.0 ], [ 109.736664239775678, -7.785374137630827, 0.0 ], [ 109.736649585387227, -7.785371000982801, 0.0 ], [ 109.736623285875837, -7.78537130370569, 0.0 ], [ 109.736608246646583, -7.78536908327743, 0.0 ], [ 109.736565718189325, -7.785356126358517, 0.0 ], [ 109.736558971579072, -7.785349449639976, 0.0 ], [ 109.736552289448625, -7.78535203509343, 0.0 ], [ 109.736048674919417, -7.785198601156498, 0.0 ], [ 109.736037754354001, -7.785197869202069, 0.0 ], [ 109.736010247185163, -7.785186893526973, 0.0 ], [ 109.735992717777535, -7.785181552908957, 0.0 ], [ 109.735987482445182, -7.785181604425596, 0.0 ], [ 109.735973839636173, -7.785186784998939, 0.0 ], [ 109.735950130250814, -7.785200154895104, 0.0 ], [ 109.735936626858802, -7.785209143627264, 0.0 ], [ 109.735917310974529, -7.785223253320657, 0.0 ], [ 109.735884996472777, -7.785246858195748, 0.0 ], [ 109.735880495737348, -7.785250145851849, 0.0 ], [ 109.735814944005625, -7.785298029545105, 0.0 ], [ 109.735768233463148, -7.785332150360667, 0.0 ], [ 109.735755738409551, -7.785341277645944, 0.0 ], [ 109.735723423840852, -7.785364882456926, 0.0 ], [ 109.735712102310799, -7.785373152515354, 0.0 ], [ 109.735662625989363, -7.785409293630964, 0.0 ], [ 109.735586466849782, -7.785464925647995, 0.0 ], [ 109.735543708790615, -7.785496159228291, 0.0 ], [ 109.735530120277815, -7.785507097110981, 0.0 ], [ 109.735515944220353, -7.785520574457058, 0.0 ], [ 109.735507362969628, -7.785540290909316, 0.0 ], [ 109.735496473187425, -7.785567413141802, 0.0 ], [ 109.735492754849489, -7.785576364413389, 0.0 ], [ 109.735470863339359, -7.785632158237893, 0.0 ], [ 109.735448971987566, -7.785687952060772, 0.0 ], [ 109.735427080460781, -7.785743745880898, 0.0 ], [ 109.735405189095445, -7.785799539699302, 0.0 ], [ 109.735361406010895, -7.785911127328543, 0.0 ], [ 109.73533951462511, -7.785966921140405, 0.0 ], [ 109.735295731496649, -7.786078508756444, 0.0 ], [ 109.735273840093583, -7.786134302561655, 0.0 ], [ 109.735251948512314, -7.786190096364165, 0.0 ], [ 109.735230057092565, -7.786245890164977, 0.0 ], [ 109.73518627389916, -7.786357477758958, 0.0 ], [ 109.73516438245899, -7.786413271553138, 0.0 ], [ 109.735120561244486, -7.786524955927121, 0.0 ], [ 109.73509870776104, -7.786580652921491, 0.0 ], [ 109.735076816128441, -7.786636446706384, 0.0 ], [ 109.735054924654278, -7.786692240489512, 0.0 ], [ 109.735011141348878, -7.786803828048273, 0.0 ], [ 109.734989249857378, -7.786859621824832, 0.0 ], [ 109.734945466511178, -7.786971209370351, 0.0 ], [ 109.734923021506063, -7.787028413783773, 0.0 ], [ 109.734901683306006, -7.787082796907555, 0.0 ], [ 109.734890737506717, -7.787110693790514, 0.0 ], [ 109.734888162381324, -7.787117256885907, 0.0 ], [ 109.734876099831141, -7.787148000032782, 0.0 ], [ 109.734866581479224, -7.787172258788821, 0.0 ], [ 109.734857900076776, -7.787194384435919, 0.0 ], [ 109.734851873244637, -7.787208925735932, 0.0 ], [ 109.734844201997802, -7.787228049802523, 0.0 ], [ 109.734834613142041, -7.787250174032619, 0.0 ], [ 109.734826280717954, -7.787266095777898, 0.0 ], [ 109.734810224250083, -7.787288493924413, 0.0 ], [ 109.734754203120744, -7.787292707876293, 0.0 ], [ 109.734742034295564, -7.787293623192743, 0.0 ], [ 109.734707654516427, -7.787296209081332, 0.0 ], [ 109.734698181992144, -7.787296921584168, 0.0 ], [ 109.734137970703884, -7.787339060376559, 0.0 ], [ 109.734118671923241, -7.78734051195896, 0.0 ], [ 109.734118421166059, -7.787340530820621, 0.0 ], [ 109.734214616398191, -7.786867250723477, 0.0 ], [ 109.734699580747389, -7.786830771792024, 0.0 ], [ 109.73471293555103, -7.786816213775671, 0.0 ], [ 109.734721534482915, -7.786802963809007, 0.0 ], [ 109.734734956882178, -7.786782281484053, 0.0 ], [ 109.734746475181055, -7.786756491119287, 0.0 ], [ 109.734751196969668, -7.786747193243301, 0.0 ], [ 109.734752535985763, -7.786743892216607, 0.0 ], [ 109.734755875193656, -7.786735443765108, 0.0 ], [ 109.734773156677747, -7.786691399686371, 0.0 ], [ 109.734795048186839, -7.786635605923773, 0.0 ], [ 109.73483883151809, -7.786524018392882, 0.0 ], [ 109.734860723006747, -7.786468224623636, 0.0 ], [ 109.734882614656897, -7.786412430852659, 0.0 ], [ 109.734904506131969, -7.786356637079008, 0.0 ], [ 109.73494828939512, -7.78624504952609, 0.0 ], [ 109.734970180849757, -7.786189255745811, 0.0 ], [ 109.735013964072095, -7.786077668179653, 0.0 ], [ 109.735035855506382, -7.786021874392778, 0.0 ], [ 109.735057747102076, -7.785966080604172, 0.0 ], [ 109.735079638522691, -7.785910286812839, 0.0 ], [ 109.735123421677017, -7.785798699224654, 0.0 ], [ 109.735145313077254, -7.785742905426781, 0.0 ], [ 109.735189096193864, -7.785631317825336, 0.0 ], [ 109.735210987573694, -7.785575524020868, 0.0 ], [ 109.735232879111848, -7.785519730214601, 0.0 ], [ 109.735254770478036, -7.785463936405725, 0.0 ], [ 109.735258393785656, -7.785458575146465, 0.0 ], [ 109.735284422845169, -7.785428663969257, 0.0 ], [ 109.735307217190908, -7.785408233730702, 0.0 ], [ 109.735319967326163, -7.785398920118219, 0.0 ], [ 109.735345296714101, -7.785380417751269, 0.0 ], [ 109.735376098512134, -7.785357918009224, 0.0 ], [ 109.735383376350939, -7.785352601767949, 0.0 ], [ 109.735459535276817, -7.785296969787531, 0.0 ], [ 109.735488360853665, -7.785275913556125, 0.0 ], [ 109.73550844463395, -7.78526124297434, 0.0 ], [ 109.735540759153423, -7.785237638128294, 0.0 ], [ 109.735544492008685, -7.785234911393474, 0.0 ], [ 109.735611853498412, -7.785185705776771, 0.0 ], [ 109.73568801237019, -7.785130073745245, 0.0 ], [ 109.735712885411957, -7.78511190469428, 0.0 ], [ 109.73573464624161, -7.785096009052412, 0.0 ], [ 109.735766960737053, -7.785072404184931, 0.0 ], [ 109.735769016525495, -7.785070902494559, 0.0 ], [ 109.735825147628717, -7.785029900285548, 0.0 ], [ 109.735833585787177, -7.785027197141486, 0.0 ] ] ], [ [ [ 109.734287453046534, -7.784638817941048, 0.0 ], [ 109.733144099033566, -7.784643036309975, 0.0 ], [ 109.733125301230871, -7.784558829973441, 0.0 ], [ 109.733200331446085, -7.784558631347457, 0.0 ], [ 109.734287453046534, -7.784638817941048, 0.0 ] ] ] ] } },
{ "type": "Feature", "properties": { "OBJECTID": 42, "Join_Count": 1, "TARGET_FID": 46, "Id": 26, "Contour": 1.2, "Shape_Leng": 2181.14074149, "Skor": 2.0, "Shape_Le_1": 1823.3482519300001, "Shape_Area": 18992.638399700001 }, "geometry": { "type": "MultiPolygon", "coordinates": [ [ [ [ 109.738848152166241, -7.785511595040554, 0.0 ], [ 109.73901612325129, -7.785529630067499, 0.0 ], [ 109.73901798736992, -7.785529145970749, 0.0 ], [ 109.73902922790289, -7.785531037109601, 0.0 ], [ 109.73906805111578, -7.785535205548864, 0.0 ], [ 109.739118737606432, -7.785540647727507, 0.0 ], [ 109.739128103988492, -7.785541653384199, 0.0 ], [ 109.739296075115078, -7.785559688303979, 0.0 ], [ 109.739304732555539, -7.785557440022521, 0.0 ], [ 109.740554000000131, -7.785827, 0.0 ], [ 109.740548310403668, -7.785852658805956, 0.0 ], [ 109.740303429071957, -7.785826366780679, 0.0 ], [ 109.740292316883597, -7.785825173706269, 0.0 ], [ 109.740219443399695, -7.78581734951173, 0.0 ], [ 109.740190943774394, -7.785814289592003, 0.0 ], [ 109.740135457733587, -7.785808332268783, 0.0 ], [ 109.740079467293015, -7.785802320734345, 0.0 ], [ 109.740038884052538, -7.78579796345253, 0.0 ], [ 109.73996748642017, -7.785790297673131, 0.0 ], [ 109.739939491203643, -7.785787291915557, 0.0 ], [ 109.739911495987812, -7.78578428616268, 0.0 ], [ 109.739734764751589, -7.78576531093151, 0.0 ], [ 109.739691798180644, -7.785760697696098, 0.0 ], [ 109.739684078214552, -7.78575986882103, 0.0 ], [ 109.739603548660028, -7.78575122250682, 0.0 ], [ 109.739463572629646, -7.785736193500595, 0.0 ], [ 109.73940758222227, -7.785730181912877, 0.0 ], [ 109.739126526457454, -7.785700005196187, 0.0 ], [ 109.739071639836666, -7.785694112093749, 0.0 ], [ 109.738847678301823, -7.785670065370351, 0.0 ], [ 109.73881968311305, -7.785667059534786, 0.0 ], [ 109.738763692737678, -7.785661047839008, 0.0 ], [ 109.738735697551036, -7.785658041981947, 0.0 ], [ 109.738721034411924, -7.785656467605519, 0.0 ], [ 109.738691254131368, -7.785653270132128, 0.0 ], [ 109.7386797071796, -7.785652030340206, 0.0 ], [ 109.738619661377982, -7.785645583189615, 0.0 ], [ 109.738567726445567, -7.785640006857135, 0.0 ], [ 109.738511736082515, -7.785633995164829, 0.0 ], [ 109.738455745722419, -7.785627983416783, 0.0 ], [ 109.738441118233297, -7.785626412861244, 0.0 ], [ 109.738416915456042, -7.785623814181179, 0.0 ], [ 109.738399755364952, -7.785621971697225, 0.0 ], [ 109.738231784309477, -7.785603936424402, 0.0 ], [ 109.738215807397751, -7.785600421329143, 0.0 ], [ 109.738189287146156, -7.785597854597985, 0.0 ], [ 109.738175801436483, -7.785595426754895, 0.0 ], [ 109.738166463755164, -7.785593647758649, 0.0 ], [ 109.738126018582506, -7.785590403177977, 0.0 ], [ 109.738115278476158, -7.785588699989644, 0.0 ], [ 109.738065071333352, -7.785585280741626, 0.0 ], [ 109.738063815645788, -7.785585110044169, 0.0 ], [ 109.738062906144961, -7.785584929065205, 0.0 ], [ 109.738057991767278, -7.785584006818485, 0.0 ], [ 109.738019161224244, -7.785572604901934, 0.0 ], [ 109.738007850764717, -7.785570590614323, 0.0 ], [ 109.737991456319833, -7.785567448630322, 0.0 ], [ 109.737973129311385, -7.785562548063463, 0.0 ], [ 109.737951876642072, -7.785559161236448, 0.0 ], [ 109.737924732710695, -7.785554835583111, 0.0 ], [ 109.737922919567325, -7.785554711559574, 0.0 ], [ 109.737895892677329, -7.785551022182475, 0.0 ], [ 109.737876308507524, -7.785547150464306, 0.0 ], [ 109.737855780165972, -7.785543376442618, 0.0 ], [ 109.737839916412739, -7.785540311170752, 0.0 ], [ 109.737776395317809, -7.785527309479732, 0.0 ], [ 109.73773683986451, -7.785518341033529, 0.0 ], [ 109.737727969175296, -7.785517125035777, 0.0 ], [ 109.737715489132142, -7.785514674045104, 0.0 ], [ 109.737689748983897, -7.785509334045954, 0.0 ], [ 109.737671994340616, -7.785505940332714, 0.0 ], [ 109.737610817637403, -7.785493418479753, 0.0 ], [ 109.737651000000113, -7.785417998999965, 0.0 ], [ 109.73877676756247, -7.785503930517821, 0.0 ], [ 109.738792161809968, -7.785505583403565, 0.0 ], [ 109.738814618668414, -7.78550799458386, 0.0 ], [ 109.738826989814527, -7.785509322855066, 0.0 ], [ 109.738848152166241, -7.785511595040554, 0.0 ] ] ], [ [ [ 109.736561064949015, -7.785188535089961, 0.0 ], [ 109.736597855221717, -7.785199515048172, 0.0 ], [ 109.736608758224605, -7.785198297239456, 0.0 ], [ 109.736720706086558, -7.785221211385268, 0.0 ], [ 109.736740427136226, -7.785225248011074, 0.0 ], [ 109.736761146867266, -7.785229489041177, 0.0 ], [ 109.736786989776391, -7.785234778720341, 0.0 ], [ 109.736832653965038, -7.785244125558509, 0.0 ], [ 109.736833570743741, -7.785244291260012, 0.0 ], [ 109.7368379974059, -7.785245219282272, 0.0 ], [ 109.73688011505601, -7.785253840140624, 0.0 ], [ 109.73690145377077, -7.785258207865665, 0.0 ], [ 109.73691661488499, -7.78526131112008, 0.0 ], [ 109.736944601860401, -7.785267039649013, 0.0 ], [ 109.737000575814363, -7.785278496682325, 0.0 ], [ 109.737020160960128, -7.785282077348461, 0.0 ], [ 109.73702510095471, -7.785283110807812, 0.0 ], [ 109.736991832748075, -7.785366721944952, 0.0 ], [ 109.73699110767329, -7.78536657353301, 0.0 ], [ 109.736944012216142, -7.785356933779267, 0.0 ], [ 109.736897982366884, -7.785347512129116, 0.0 ], [ 109.736888358501716, -7.785345542255521, 0.0 ], [ 109.736832384544613, -7.785334085206519, 0.0 ], [ 109.736812592622954, -7.785337131758927, 0.0 ], [ 109.73678802227596, -7.785356788684397, 0.0 ], [ 109.736816693282591, -7.785372409106849, 0.0 ], [ 109.736832230182827, -7.785385626215378, 0.0 ], [ 109.736851711412029, -7.785393385025209, 0.0 ], [ 109.736858181367552, -7.78541285683048, 0.0 ], [ 109.736874187437891, -7.785426795153066, 0.0 ], [ 109.736888089567927, -7.785435342193885, 0.0 ], [ 109.736908680709718, -7.785448291415348, 0.0 ], [ 109.73693277624713, -7.785468938181088, 0.0 ], [ 109.736937161994391, -7.785475747950056, 0.0 ], [ 109.736943970988804, -7.785477704425052, 0.0 ], [ 109.7369468120486, -7.785479869900079, 0.0 ], [ 109.736906513486019, -7.785581149909846, 0.0 ], [ 109.736495969517108, -7.785456071811558, 0.0 ], [ 109.736467990915486, -7.785447547701118, 0.0 ], [ 109.7364400123152, -7.785439023595441, 0.0 ], [ 109.736375953744385, -7.785419507194727, 0.0 ], [ 109.736328097928066, -7.785404927165949, 0.0 ], [ 109.736216183563272, -7.785370830745365, 0.0 ], [ 109.736203305790127, -7.785367898595679, 0.0 ], [ 109.736163990103563, -7.785354929166783, 0.0 ], [ 109.736160226389401, -7.78535378248946, 0.0 ], [ 109.736158852940349, -7.785353543347743, 0.0 ], [ 109.736107988017082, -7.78535101067995, 0.0 ], [ 109.736104229083651, -7.785350128330017, 0.0 ], [ 109.736100594426873, -7.785351118185111, 0.0 ], [ 109.736094193800255, -7.785354721127695, 0.0 ], [ 109.736067661294683, -7.785374102396578, 0.0 ], [ 109.736048106176227, -7.785388386895066, 0.0 ], [ 109.736018034840768, -7.785410353233527, 0.0 ], [ 109.736003032293624, -7.78542131218152, 0.0 ], [ 109.735991975036441, -7.785429389190301, 0.0 ], [ 109.735938403219777, -7.785468521898961, 0.0 ], [ 109.735873774169491, -7.785515731643113, 0.0 ], [ 109.735865716690071, -7.785521617393421, 0.0 ], [ 109.735841459622137, -7.785539336487819, 0.0 ], [ 109.735823581555124, -7.785552395923205, 0.0 ], [ 109.735789557679567, -7.785577249448137, 0.0 ], [ 109.735779351042211, -7.785589075064306, 0.0 ], [ 109.735767408008613, -7.785607531462285, 0.0 ], [ 109.735757436951758, -7.785623114878597, 0.0 ], [ 109.73575263074369, -7.785632998464005, 0.0 ], [ 109.735743243763707, -7.785656922702888, 0.0 ], [ 109.735740997544042, -7.785662647544299, 0.0 ], [ 109.735730739336461, -7.785688792307146, 0.0 ], [ 109.735725224214974, -7.785702848500441, 0.0 ], [ 109.735707480779752, -7.785748070406683, 0.0 ], [ 109.735693677481052, -7.785783250341068, 0.0 ], [ 109.73568695642679, -7.785800379986466, 0.0 ], [ 109.73567790411964, -7.785823451271008, 0.0 ], [ 109.735665065039669, -7.785856173823116, 0.0 ], [ 109.735643173530406, -7.785911967657116, 0.0 ], [ 109.735630584029806, -7.785944054067037, 0.0 ], [ 109.735621282145289, -7.785967761489405, 0.0 ], [ 109.735614810685334, -7.785984255028156, 0.0 ], [ 109.735599037287642, -7.786024455929665, 0.0 ], [ 109.735583263911238, -7.786064656859281, 0.0 ], [ 109.735577499173786, -7.786079349146763, 0.0 ], [ 109.735567490512707, -7.786104857768225, 0.0 ], [ 109.735564428815707, -7.786112661014672, 0.0 ], [ 109.735555607730831, -7.786135142972279, 0.0 ], [ 109.73555171715104, -7.786145058718307, 0.0 ], [ 109.735541686630512, -7.786170622996924, 0.0 ], [ 109.735533716206263, -7.786190936795384, 0.0 ], [ 109.735522770456996, -7.786218833706107, 0.0 ], [ 109.73552017033316, -7.78622546052723, 0.0 ], [ 109.735511824693603, -7.786246730616342, 0.0 ], [ 109.735504396926686, -7.786265661438118, 0.0 ], [ 109.735489933261348, -7.786302524435341, 0.0 ], [ 109.735468041694602, -7.786358318251753, 0.0 ], [ 109.735457027113256, -7.786386390661028, 0.0 ], [ 109.735446150264337, -7.786414112066391, 0.0 ], [ 109.735441303352545, -7.786426465157913, 0.0 ], [ 109.735424258712001, -7.786469905878517, 0.0 ], [ 109.735409756488309, -7.786506866954113, 0.0 ], [ 109.735402367168447, -7.78652569968845, 0.0 ], [ 109.73539398305094, -7.786547067850491, 0.0 ], [ 109.735385613432584, -7.786568399160104, 0.0 ], [ 109.735378209662798, -7.786587268800896, 0.0 ], [ 109.735358584101434, -7.78663728730184, 0.0 ], [ 109.735347638321841, -7.786665184203826, 0.0 ], [ 109.73534414759871, -7.786674080805892, 0.0 ], [ 109.735336692524996, -7.786693081105094, 0.0 ], [ 109.73533088930634, -7.786707871470055, 0.0 ], [ 109.735314801047693, -7.786748874906506, 0.0 ], [ 109.735292909426477, -7.786804668705324, 0.0 ], [ 109.735283568995825, -7.786828474203537, 0.0 ], [ 109.735278323962945, -7.786841842000054, 0.0 ], [ 109.735271017951177, -7.78686046250236, 0.0 ], [ 109.73526779559235, -7.786868675152475, 0.0 ], [ 109.735249126335063, -7.786916256296827, 0.0 ], [ 109.735242560739835, -7.786932989630641, 0.0 ], [ 109.735236248641115, -7.786949076913746, 0.0 ], [ 109.735227234727688, -7.786972050089101, 0.0 ], [ 109.735220475161768, -7.786989277794294, 0.0 ], [ 109.735206797598593, -7.787024137158516, 0.0 ], [ 109.735204701747222, -7.787029478741938, 0.0 ], [ 109.735183451558044, -7.787083637667268, 0.0 ], [ 109.735172505748096, -7.78711153456041, 0.0 ], [ 109.73516155992094, -7.787139431452855, 0.0 ], [ 109.73515738125559, -7.787150081353777, 0.0 ], [ 109.73513966839856, -7.7871952252367, 0.0 ], [ 109.735117776722944, -7.787251019017869, 0.0 ], [ 109.735110060837798, -7.787270684062519, 0.0 ], [ 109.735099507869108, -7.787297579897377, 0.0 ], [ 109.735094287401623, -7.787310885005329, 0.0 ], [ 109.735063744473962, -7.787388727579254, 0.0 ], [ 109.735052101826568, -7.787418400348635, 0.0 ], [ 109.735031193338955, -7.78747168848274, 0.0 ], [ 109.735030210214077, -7.78747419412124, 0.0 ], [ 109.735019264405281, -7.787502091006743, 0.0 ], [ 109.73501541985091, -7.787511889387387, 0.0 ], [ 109.734999646328305, -7.787552090258421, 0.0 ], [ 109.734983872780433, -7.787592291105536, 0.0 ], [ 109.734975481050242, -7.787613678542819, 0.0 ], [ 109.734968099272507, -7.787632491997001, 0.0 ], [ 109.73496453524848, -7.787641575425611, 0.0 ], [ 109.73495358942327, -7.787669472307755, 0.0 ], [ 109.734942643583878, -7.787697369189343, 0.0 ], [ 109.734936152606537, -7.787712492810473, 0.0 ], [ 109.73492087432254, -7.787744081327911, 0.0 ], [ 109.734913619520796, -7.787745911700734, 0.0 ], [ 109.734868048894398, -7.787749813878509, 0.0 ], [ 109.734864846726126, -7.78775042975465, 0.0 ], [ 109.73486246011251, -7.787750609274926, 0.0 ], [ 109.734810513329407, -7.787754516853411, 0.0 ], [ 109.734806850455399, -7.787754792369048, 0.0 ], [ 109.734758566198309, -7.787758424074623, 0.0 ], [ 109.734752804342477, -7.787758857470649, 0.0 ], [ 109.734528719575152, -7.787775713109522, 0.0 ], [ 109.734500708979425, -7.787777820023463, 0.0 ], [ 109.734498831681009, -7.787777961235976, 0.0 ], [ 109.734472698383755, -7.787779926932255, 0.0 ], [ 109.734248613617908, -7.787796782377331, 0.0 ], [ 109.734239097118675, -7.787797498185613, 0.0 ], [ 109.734198961091039, -7.787800517062123, 0.0 ], [ 109.734187150109406, -7.787801405458494, 0.0 ], [ 109.734135203193446, -7.787805312819057, 0.0 ], [ 109.734083256411125, -7.787809220306237, 0.0 ], [ 109.734080550044297, -7.787809423874179, 0.0 ], [ 109.734077383027866, -7.787809662084101, 0.0 ], [ 109.73403130928709, -7.787813127445925, 0.0 ], [ 109.734024528853979, -7.787813637441931, 0.0 ], [ 109.734021900788747, -7.787813835120917, 0.0 ], [ 109.734023, -7.787810000999989, 0.0 ], [ 109.734118421166059, -7.787340530820621, 0.0 ], [ 109.734118671923241, -7.78734051195896, 0.0 ], [ 109.734137970703884, -7.787339060376559, 0.0 ], [ 109.734698181992144, -7.787296921584168, 0.0 ], [ 109.734707654516427, -7.787296209081332, 0.0 ], [ 109.734742034295564, -7.787293623192743, 0.0 ], [ 109.734754203120744, -7.787292707876293, 0.0 ], [ 109.734810224250083, -7.787288493924413, 0.0 ], [ 109.734826280717954, -7.787266095777898, 0.0 ], [ 109.734834613142041, -7.787250174032619, 0.0 ], [ 109.734844201997802, -7.787228049802523, 0.0 ], [ 109.734851873244637, -7.787208925735932, 0.0 ], [ 109.734857900076776, -7.787194384435919, 0.0 ], [ 109.734866581479224, -7.787172258788821, 0.0 ], [ 109.734876099831141, -7.787148000032782, 0.0 ], [ 109.734888162381324, -7.787117256885907, 0.0 ], [ 109.734890737506717, -7.787110693790514, 0.0 ], [ 109.734901683306006, -7.787082796907555, 0.0 ], [ 109.734923021506063, -7.787028413783773, 0.0 ], [ 109.734945466511178, -7.786971209370351, 0.0 ], [ 109.734989249857378, -7.786859621824832, 0.0 ], [ 109.735011141348878, -7.786803828048273, 0.0 ], [ 109.735054924654278, -7.786692240489512, 0.0 ], [ 109.735076816128441, -7.786636446706384, 0.0 ], [ 109.73509870776104, -7.786580652921491, 0.0 ], [ 109.735120561244486, -7.786524955927121, 0.0 ], [ 109.73516438245899, -7.786413271553138, 0.0 ], [ 109.73518627389916, -7.786357477758958, 0.0 ], [ 109.735230057092565, -7.786245890164977, 0.0 ], [ 109.735251948512314, -7.786190096364165, 0.0 ], [ 109.735273840093583, -7.786134302561655, 0.0 ], [ 109.735295731496649, -7.786078508756444, 0.0 ], [ 109.73533951462511, -7.785966921140405, 0.0 ], [ 109.735361406010895, -7.785911127328543, 0.0 ], [ 109.735405189095445, -7.785799539699302, 0.0 ], [ 109.735427080460781, -7.785743745880898, 0.0 ], [ 109.735448971987566, -7.785687952060772, 0.0 ], [ 109.735470863339359, -7.785632158237893, 0.0 ], [ 109.735492754849489, -7.785576364413389, 0.0 ], [ 109.735496473187425, -7.785567413141802, 0.0 ], [ 109.735507362969628, -7.785540290909316, 0.0 ], [ 109.735515944220353, -7.785520574457058, 0.0 ], [ 109.735530120277815, -7.785507097110981, 0.0 ], [ 109.735543708790615, -7.785496159228291, 0.0 ], [ 109.735586466849782, -7.785464925647995, 0.0 ], [ 109.735662625989363, -7.785409293630964, 0.0 ], [ 109.735712102310799, -7.785373152515354, 0.0 ], [ 109.735723423840852, -7.785364882456926, 0.0 ], [ 109.735755738409551, -7.785341277645944, 0.0 ], [ 109.735768233463148, -7.785332150360667, 0.0 ], [ 109.735814944005625, -7.785298029545105, 0.0 ], [ 109.735880495737348, -7.785250145851849, 0.0 ], [ 109.735884996472777, -7.785246858195748, 0.0 ], [ 109.735917310974529, -7.785223253320657, 0.0 ], [ 109.735936626858802, -7.785209143627264, 0.0 ], [ 109.735950130250814, -7.785200154895104, 0.0 ], [ 109.735973839636173, -7.785186784998939, 0.0 ], [ 109.735987482445182, -7.785181604425596, 0.0 ], [ 109.735992717777535, -7.785181552908957, 0.0 ], [ 109.736010247185163, -7.785186893526973, 0.0 ], [ 109.736037754354001, -7.785197869202069, 0.0 ], [ 109.736048674919417, -7.785198601156498, 0.0 ], [ 109.736552289448625, -7.78535203509343, 0.0 ], [ 109.736558971579072, -7.785349449639976, 0.0 ], [ 109.736565718189325, -7.785356126358517, 0.0 ], [ 109.736608246646583, -7.78536908327743, 0.0 ], [ 109.736623285875837, -7.78537130370569, 0.0 ], [ 109.736649585387227, -7.785371000982801, 0.0 ], [ 109.736664239775678, -7.785374137630827, 0.0 ], [ 109.736675388256728, -7.785367552242793, 0.0 ], [ 109.736675168340341, -7.785356452465454, 0.0 ], [ 109.736669438012498, -7.785351319165144, 0.0 ], [ 109.736664317184633, -7.785348294418037, 0.0 ], [ 109.736651219307703, -7.785343303199207, 0.0 ], [ 109.73662182066964, -7.785342834059277, 0.0 ], [ 109.73660838432987, -7.785323119242806, 0.0 ], [ 109.736597086972012, -7.785311662196778, 0.0 ], [ 109.736600320710636, -7.785300370324658, 0.0 ], [ 109.736575163202005, -7.785277704583805, 0.0 ], [ 109.736552550939919, -7.785264742574768, 0.0 ], [ 109.736536605028078, -7.785260238255086, 0.0 ], [ 109.736525978726277, -7.785244289680293, 0.0 ], [ 109.736521532414855, -7.785219488440394, 0.0 ], [ 109.736496713464476, -7.785207734832706, 0.0 ], [ 109.736485303708378, -7.785199712695277, 0.0 ], [ 109.736463431933956, -7.785188244173398, 0.0 ], [ 109.736484926715747, -7.785176459409903, 0.0 ], [ 109.736496810379407, -7.785175383065986, 0.0 ], [ 109.736561064949015, -7.785188535089961, 0.0 ] ] ], [ [ [ 109.733200331446085, -7.784558631347457, 0.0 ], [ 109.733125301230871, -7.784558829973441, 0.0 ], [ 109.733124, -7.784553001, 0.0 ], [ 109.733200331446085, -7.784558631347457, 0.0 ] ] ] ] } },
{ "type": "Feature", "properties": { "OBJECTID": 43, "Join_Count": 1, "TARGET_FID": 47, "Id": 41, "Contour": 1.0, "Shape_Leng": 2973.7811807799999, "Skor": 1.0, "Shape_Le_1": 7378.0817091600002, "Shape_Area": 136816.620241 }, "geometry": { "type": "MultiPolygon", "coordinates": [ [ [ [ 109.735541667657969, -7.793508502846755, 0.0 ], [ 109.735539968377708, -7.793528797748343, 0.0 ], [ 109.735538579169997, -7.793545388565462, 0.0 ], [ 109.73553699169851, -7.793564347980993, 0.0 ], [ 109.735535640690003, -7.79358048254726, 0.0 ], [ 109.735533493984761, -7.793606122238564, 0.0 ], [ 109.735532315795723, -7.793620193115087, 0.0 ], [ 109.735527640143047, -7.793676038249481, 0.0 ], [ 109.735526985849035, -7.793683852676776, 0.0 ], [ 109.735523323630787, -7.793727589554266, 0.0 ], [ 109.735522964110856, -7.793731883382447, 0.0 ], [ 109.735513612727885, -7.793843573649115, 0.0 ], [ 109.735513153653059, -7.793849056483907, 0.0 ], [ 109.735509675971144, -7.793890592762863, 0.0 ], [ 109.735508936965772, -7.793899418781757, 0.0 ], [ 109.735508068534827, -7.793909790070731, 0.0 ], [ 109.735505348032717, -7.79394227731905, 0.0 ], [ 109.735504260627792, -7.793955263912194, 0.0 ], [ 109.735499584960479, -7.794011109044265, 0.0 ], [ 109.735497897936384, -7.794031257598096, 0.0 ], [ 109.735496693134778, -7.794045647421085, 0.0 ], [ 109.735494909125691, -7.794066954175462, 0.0 ], [ 109.735485557713602, -7.794178644437406, 0.0 ], [ 109.735483710786099, -7.794200702576525, 0.0 ], [ 109.735482642706657, -7.794213458197963, 0.0 ], [ 109.735480881737502, -7.794234489567074, 0.0 ], [ 109.735479383080701, -7.794252387377477, 0.0 ], [ 109.735477557464947, -7.794274191888573, 0.0 ], [ 109.735476205777573, -7.794290334696389, 0.0 ], [ 109.735466854414724, -7.794402024955384, 0.0 ], [ 109.735466400794067, -7.794407442623073, 0.0 ], [ 109.735462302038172, -7.794456392647499, 0.0 ], [ 109.735462178332313, -7.794457870083125, 0.0 ], [ 109.735452826886274, -7.794569560339673, 0.0 ], [ 109.735452131991565, -7.794577859565911, 0.0 ], [ 109.735449090768881, -7.794614182657825, 0.0 ], [ 109.735448151073882, -7.794625405466975, 0.0 ], [ 109.735446843959124, -7.794638794272432, 0.0 ], [ 109.735443954020212, -7.794665055755845, 0.0 ], [ 109.735442414594445, -7.794681247427123, 0.0 ], [ 109.735431787499664, -7.794708875852591, 0.0 ], [ 109.735431751198931, -7.794709449006275, 0.0 ], [ 109.735425101729959, -7.794737054821823, 0.0 ], [ 109.735419144034296, -7.794752217433803, 0.0 ], [ 109.735405912879699, -7.794790756455331, 0.0 ], [ 109.735405144811693, -7.794792854320186, 0.0 ], [ 109.735403790619756, -7.794796234481938, 0.0 ], [ 109.735387887397778, -7.794832911171459, 0.0 ], [ 109.735382792863476, -7.794848646665127, 0.0 ], [ 109.735360440914619, -7.794904439007747, 0.0 ], [ 109.735358112116884, -7.794915091168057, 0.0 ], [ 109.73534735823857, -7.794937094795475, 0.0 ], [ 109.735340718887329, -7.794953667301977, 0.0 ], [ 109.735338089151995, -7.794960231348805, 0.0 ], [ 109.735335642862495, -7.794971804028831, 0.0 ], [ 109.735334785321911, -7.795003740969077, 0.0 ], [ 109.735330624999492, -7.795016068144502, 0.0 ], [ 109.73533231957154, -7.795030790937887, 0.0 ], [ 109.735342436333809, -7.795067444098899, 0.0 ], [ 109.735343135787176, -7.795071964588054, 0.0 ], [ 109.735346918153468, -7.795083681473072, 0.0 ], [ 109.73535768366807, -7.795117030664822, 0.0 ], [ 109.735361185245168, -7.795127877570867, 0.0 ], [ 109.73536806240061, -7.795149181677347, 0.0 ], [ 109.735371303246993, -7.795159221101174, 0.0 ], [ 109.735379234420094, -7.795183790552732, 0.0 ], [ 109.735397283234121, -7.795239703533246, 0.0 ], [ 109.735398541879661, -7.795243602500205, 0.0 ], [ 109.735402411593711, -7.795255589691385, 0.0 ], [ 109.735412161777404, -7.795285792626459, 0.0 ], [ 109.735415333033629, -7.795295616516611, 0.0 ], [ 109.73543338185506, -7.795351529496938, 0.0 ], [ 109.735439400550931, -7.795370173899022, 0.0 ], [ 109.735448311080859, -7.795397775960049, 0.0 ], [ 109.73545143160591, -7.795407442479796, 0.0 ], [ 109.735457905075521, -7.795427495741815, 0.0 ], [ 109.735466639983144, -7.795454554525534, 0.0 ], [ 109.735469481086184, -7.795463355461726, 0.0 ], [ 109.735487530077833, -7.795519268442041, 0.0 ], [ 109.735493878861178, -7.795538935710177, 0.0 ], [ 109.735501809992201, -7.795563505238797, 0.0 ], [ 109.735505579144757, -7.79557518142246, 0.0 ], [ 109.735507498258016, -7.795581126346093, 0.0 ], [ 109.735513398586775, -7.795599403730775, 0.0 ], [ 109.735521118166503, -7.79562331647812, 0.0 ], [ 109.735523628969702, -7.795631094405, 0.0 ], [ 109.73554167781036, -7.795687007384296, 0.0 ], [ 109.735548356983315, -7.795707697742907, 0.0 ], [ 109.735555309787756, -7.79572923536404, 0.0 ], [ 109.735559727561721, -7.795742920366321, 0.0 ], [ 109.735561976779422, -7.795749887990951, 0.0 ], [ 109.735568752066399, -7.795770876856158, 0.0 ], [ 109.735577776493983, -7.79579883334573, 0.0 ], [ 109.735582059130678, -7.795812099857808, 0.0 ], [ 109.735589215674622, -7.795834269184205, 0.0 ], [ 109.735595826078239, -7.795854746326842, 0.0 ], [ 109.73560283533007, -7.795876459580502, 0.0 ], [ 109.73560880887328, -7.795894964740931, 0.0 ], [ 109.735613875189358, -7.79591065930642, 0.0 ], [ 109.735624385717969, -7.79594321864223, 0.0 ], [ 109.735630074375479, -7.795960840637715, 0.0 ], [ 109.735635558577371, -7.795977829581621, 0.0 ], [ 109.735643693959247, -7.796003031111238, 0.0 ], [ 109.735649973899712, -7.79602248526662, 0.0 ], [ 109.73565731354816, -7.796045221581437, 0.0 ], [ 109.735662308628434, -7.796060694759649, 0.0 ], [ 109.735668023648373, -7.796078398247666, 0.0 ], [ 109.735675963020086, -7.796082425638755, 0.0 ], [ 109.735679957744267, -7.796089006227545, 0.0 ], [ 109.7357001372729, -7.796114152662528, 0.0 ], [ 109.735708241396793, -7.79613437741554, 0.0 ], [ 109.73572489123903, -7.796145304986942, 0.0 ], [ 109.735735766449096, -7.796155957661727, 0.0 ], [ 109.73575483725044, -7.796171310139843, 0.0 ], [ 109.735765077326562, -7.796190406196289, 0.0 ], [ 109.735791605406305, -7.796212836197905, 0.0 ], [ 109.735812297904729, -7.796225730806279, 0.0 ], [ 109.735831376273069, -7.796246463222814, 0.0 ], [ 109.735840112010308, -7.796253849444539, 0.0 ], [ 109.735847473316696, -7.79626007357791, 0.0 ], [ 109.735870919456559, -7.796279000616836, 0.0 ], [ 109.735897675234526, -7.796302520241644, 0.0 ], [ 109.735900750132586, -7.796305120119538, 0.0 ], [ 109.735930824679983, -7.796330548748072, 0.0 ], [ 109.735959209175888, -7.796354548334425, 0.0 ], [ 109.735961540724276, -7.796356239649375, 0.0 ], [ 109.735963974201667, -7.796358577252758, 0.0 ], [ 109.735991707311726, -7.796382026145709, 0.0 ], [ 109.736015077124748, -7.796401785720652, 0.0 ], [ 109.736070945086496, -7.796449023104696, 0.0 ], [ 109.736082664574852, -7.796458932112192, 0.0 ], [ 109.736096572152917, -7.796470691251753, 0.0 ], [ 109.736126813061162, -7.79649626048002, 0.0 ], [ 109.736143302751529, -7.796510202764571, 0.0 ], [ 109.73616287115577, -7.796526748239745, 0.0 ], [ 109.736170985110604, -7.796538452036715, 0.0 ], [ 109.736182681048561, -7.796543497853164, 0.0 ], [ 109.736203940946524, -7.796561473410573, 0.0 ], [ 109.736229170176728, -7.796582805219934, 0.0 ], [ 109.734864155139917, -7.795988254298614, 0.0 ], [ 109.734888592813434, -7.795964352197294, 0.0 ], [ 109.734840309827987, -7.795923527788079, 0.0 ], [ 109.734828721431583, -7.795919882417811, 0.0 ], [ 109.734822294029669, -7.795908295049539, 0.0 ], [ 109.734801752078369, -7.795890926369605, 0.0 ], [ 109.734771433144118, -7.795865290949839, 0.0 ], [ 109.734741114169935, -7.795839655570497, 0.0 ], [ 109.734710795243259, -7.795814020144258, 0.0 ], [ 109.734689696566477, -7.795796180731117, 0.0 ], [ 109.734672706654294, -7.795781815387476, 0.0 ], [ 109.734623397843379, -7.79574012356024, 0.0 ], [ 109.734619838392277, -7.795737113949713, 0.0 ], [ 109.734588905111025, -7.795710959126712, 0.0 ], [ 109.734559200532431, -7.795685843124814, 0.0 ], [ 109.734528881584694, -7.795660207734186, 0.0 ], [ 109.734498562681466, -7.795634572299944, 0.0 ], [ 109.734490800510756, -7.795628009195706, 0.0 ], [ 109.734449235936481, -7.795592865390659, 0.0 ], [ 109.734437924783165, -7.795583301530001, 0.0 ], [ 109.734424501760955, -7.795571952001498, 0.0 ], [ 109.734405019500784, -7.795560230116923, 0.0 ], [ 109.734370916494925, -7.795538346077111, 0.0 ], [ 109.734337995363347, -7.795515834405763, 0.0 ], [ 109.734281516787533, -7.795489837841483, 0.0 ], [ 109.73422252587649, -7.795462684941895, 0.0 ], [ 109.734184161001536, -7.795445025921202, 0.0 ], [ 109.734169652396929, -7.795438347751592, 0.0 ], [ 109.734113720213415, -7.795412602658329, 0.0 ], [ 109.734069066329809, -7.795392048912378, 0.0 ], [ 109.734027456645222, -7.795372896332854, 0.0 ], [ 109.733992336581551, -7.795356730879771, 0.0 ], [ 109.7339459237093, -7.795335367415, 0.0 ], [ 109.733915606847972, -7.795321412835283, 0.0 ], [ 109.733877241992928, -7.795303753800487, 0.0 ], [ 109.733834059412061, -7.795283877249188, 0.0 ], [ 109.733778127275215, -7.795258132117987, 0.0 ], [ 109.733762022645195, -7.795250900404573, 0.0 ], [ 109.733727249340859, -7.795234713387941, 0.0 ], [ 109.733722195146115, -7.795232386980466, 0.0 ], [ 109.733718519949875, -7.795231017860067, 0.0 ], [ 109.733682026907061, -7.795218820122862, 0.0 ], [ 109.733666246359647, -7.795212185276787, 0.0 ], [ 109.73344237774711, -7.79515583325153, 0.0 ], [ 109.733412792710538, -7.795148386099718, 0.0 ], [ 109.733370554669548, -7.795137753939914, 0.0 ], [ 109.733330443470322, -7.795127657110505, 0.0 ], [ 109.732490937012344, -7.79491633583833, 0.0 ], [ 109.732434969954326, -7.794902247615088, 0.0 ], [ 109.732384911110515, -7.794889646698214, 0.0 ], [ 109.732379002900885, -7.794888159465947, 0.0 ], [ 109.732271709310723, -7.794861151272539, 0.0 ], [ 109.732354270254589, -7.794496819563506, 0.0 ], [ 109.732355794162231, -7.794504443191808, 0.0 ], [ 109.732366966596373, -7.794560335654411, 0.0 ], [ 109.73237103309269, -7.794569253295403, 0.0 ], [ 109.732379934545975, -7.794578556092784, 0.0 ], [ 109.732399377706926, -7.794596845837524, 0.0 ], [ 109.73242465664724, -7.794605190269313, 0.0 ], [ 109.732435847275354, -7.794610685164637, 0.0 ], [ 109.732458826717973, -7.794616469605627, 0.0 ], [ 109.732659715389175, -7.794667037665127, 0.0 ], [ 109.732683404514816, -7.794673000689618, 0.0 ], [ 109.732709243202265, -7.794679504807696, 0.0 ], [ 109.732715682429998, -7.794681125696351, 0.0 ], [ 109.73272639643784, -7.794683822661771, 0.0 ], [ 109.73275404506245, -7.79469078249496, 0.0 ], [ 109.732771649475126, -7.794695213921491, 0.0 ], [ 109.732907982093892, -7.794729531663056, 0.0 ], [ 109.73309911771868, -7.794777644449072, 0.0 ], [ 109.733112460756175, -7.794781003168018, 0.0 ], [ 109.733132559741946, -7.794786062526968, 0.0 ], [ 109.733157262675647, -7.794792280790267, 0.0 ], [ 109.733163418929578, -7.794793830445704, 0.0 ], [ 109.733219386014042, -7.794807918470675, 0.0 ], [ 109.733244848578138, -7.794814327917776, 0.0 ], [ 109.733275353103181, -7.794822006540691, 0.0 ], [ 109.73332275066592, -7.794833937450058, 0.0 ], [ 109.733336470587844, -7.794837391022461, 0.0 ], [ 109.733357137596002, -7.794842593281638, 0.0 ], [ 109.733381272632329, -7.794848668513114, 0.0 ], [ 109.733387287296537, -7.794850182521025, 0.0 ], [ 109.733499221508922, -7.794878358590686, 0.0 ], [ 109.733513993981248, -7.794884171190338, 0.0 ], [ 109.733552067905634, -7.794895933391441, 0.0 ], [ 109.733555174882895, -7.794897016665032, 0.0 ], [ 109.733559609370104, -7.794899057823359, 0.0 ], [ 109.73359466993287, -7.794915577085337, 0.0 ], [ 109.733611106957184, -7.79492276177093, 0.0 ], [ 109.733633297289941, -7.794932975855159, 0.0 ], [ 109.733667039038821, -7.794948506961199, 0.0 ], [ 109.733710026932357, -7.794968293929814, 0.0 ], [ 109.733722971128586, -7.794974252047949, 0.0 ], [ 109.733778903226124, -7.794999997141336, 0.0 ], [ 109.733786756592437, -7.795003611995846, 0.0 ], [ 109.733803907379823, -7.795011506380938, 0.0 ], [ 109.733834835331294, -7.795025742283482, 0.0 ], [ 109.733860959542298, -7.795037767037727, 0.0 ], [ 109.733901851083601, -7.795056589091935, 0.0 ], [ 109.733926056362392, -7.795067730614159, 0.0 ], [ 109.733940215903587, -7.795074248134127, 0.0 ], [ 109.733974665628324, -7.795090105015573, 0.0 ], [ 109.734002631693627, -7.795102977545597, 0.0 ], [ 109.734055310526145, -7.795127225107391, 0.0 ], [ 109.734067313145914, -7.795132749818313, 0.0 ], [ 109.73409367534822, -7.795144884153822, 0.0 ], [ 109.734109280161363, -7.795152066908337, 0.0 ], [ 109.734132040224011, -7.795162543145626, 0.0 ], [ 109.73417035477857, -7.795180178991344, 0.0 ], [ 109.734208769977229, -7.79519786113009, 0.0 ], [ 109.734226360285774, -7.795205957793672, 0.0 ], [ 109.734247134832785, -7.795215520145236, 0.0 ], [ 109.734273666942229, -7.795227732600625, 0.0 ], [ 109.734282292453287, -7.795231702839846, 0.0 ], [ 109.734285772542748, -7.795232908661401, 0.0 ], [ 109.73429250404071, -7.795236403134611, 0.0 ], [ 109.734323864595353, -7.795250838121519, 0.0 ], [ 109.734338224628544, -7.795257447902451, 0.0 ], [ 109.734363553421161, -7.795267184615034, 0.0 ], [ 109.73437403029294, -7.79527240106298, 0.0 ], [ 109.734394161850759, -7.795281515766883, 0.0 ], [ 109.734404374520565, -7.795282408623129, 0.0 ], [ 109.734418731334713, -7.795292639434527, 0.0 ], [ 109.734441184779698, -7.795301608795022, 0.0 ], [ 109.734450098787775, -7.795305681000163, 0.0 ], [ 109.734464825575728, -7.795307469762403, 0.0 ], [ 109.734500460244462, -7.79529288366614, 0.0 ], [ 109.734503247605616, -7.795289991944902, 0.0 ], [ 109.73450616455915, -7.795286965801963, 0.0 ], [ 109.734530701743907, -7.795261509958535, 0.0 ], [ 109.734554148678612, -7.79523718502778, 0.0 ], [ 109.73466152479358, -7.795125787721267, 0.0 ], [ 109.734667959372274, -7.795119086936043, 0.0 ], [ 109.734674718783907, -7.795111995754938, 0.0 ], [ 109.734689903514649, -7.795085076736861, 0.0 ], [ 109.73469773149688, -7.795070036826104, 0.0 ], [ 109.734708653071323, -7.795047861389682, 0.0 ], [ 109.7347196326523, -7.79502556794638, 0.0 ], [ 109.73472712094437, -7.79501036343109, 0.0 ], [ 109.734731057589343, -7.795002370393465, 0.0 ], [ 109.734745588947334, -7.794972865604286, 0.0 ], [ 109.73475267255138, -7.794958482823356, 0.0 ], [ 109.734764056828453, -7.794935367659134, 0.0 ], [ 109.734773230496373, -7.794916741109285, 0.0 ], [ 109.734780142933914, -7.794902705816856, 0.0 ], [ 109.734782524737042, -7.79489786974185, 0.0 ], [ 109.734787410766998, -7.7948879489616, 0.0 ], [ 109.734807613420415, -7.794846928807734, 0.0 ], [ 109.734819460549261, -7.794822873909512, 0.0 ], [ 109.734826828234176, -7.79480791433156, 0.0 ], [ 109.734835083873946, -7.794791151795379, 0.0 ], [ 109.734837928480871, -7.794785376023762, 0.0 ], [ 109.734843763910419, -7.794773527481127, 0.0 ], [ 109.734856396324858, -7.794747878052092, 0.0 ], [ 109.73486255425054, -7.794735374779691, 0.0 ], [ 109.734874864289566, -7.794710380202566, 0.0 ], [ 109.734880426034678, -7.794699087451602, 0.0 ], [ 109.734890024837213, -7.794679597761645, 0.0 ], [ 109.734893332216245, -7.79467288231581, 0.0 ], [ 109.73490011701854, -7.794659106227342, 0.0 ], [ 109.734911800111306, -7.794635384404952, 0.0 ], [ 109.734930267928135, -7.794597886414766, 0.0 ], [ 109.734931230374599, -7.794595932227711, 0.0 ], [ 109.734944965552856, -7.794568043714952, 0.0 ], [ 109.734948735803385, -7.794560388484872, 0.0 ], [ 109.734956470093778, -7.794544684461772, 0.0 ], [ 109.73497243599337, -7.794512266687198, 0.0 ], [ 109.734985671605074, -7.794485392682641, 0.0 ], [ 109.734986171252643, -7.794484378172249, 0.0 ], [ 109.734999906466314, -7.794456489656461, 0.0 ], [ 109.735012823133985, -7.794430262883976, 0.0 ], [ 109.73502260724571, -7.794410396731892, 0.0 ], [ 109.735027376709752, -7.794400712622017, 0.0 ], [ 109.735040999640702, -7.794373052261828, 0.0 ], [ 109.735054847262845, -7.794344935585431, 0.0 ], [ 109.735059543076787, -7.79433540097691, 0.0 ], [ 109.735068582463157, -7.794317047065754, 0.0 ], [ 109.735082317667604, -7.794289158545372, 0.0 ], [ 109.735096052820154, -7.794261270024001, 0.0 ], [ 109.735109788014285, -7.794233381501984, 0.0 ], [ 109.735114946660531, -7.794222907202467, 0.0 ], [ 109.735137258271777, -7.794177604455244, 0.0 ], [ 109.735148414019875, -7.794154953417634, 0.0 ], [ 109.735151882308472, -7.794147911290564, 0.0 ], [ 109.735164728708071, -7.79412182740614, 0.0 ], [ 109.735170350148678, -7.79411041335361, 0.0 ], [ 109.735181882046447, -7.794086998639224, 0.0 ], [ 109.735188818072231, -7.794072915499811, 0.0 ], [ 109.735192199176737, -7.794066050353899, 0.0 ], [ 109.735202011736689, -7.794046126363708, 0.0 ], [ 109.735207285842876, -7.794035417498343, 0.0 ], [ 109.735225753637906, -7.79399791952484, 0.0 ], [ 109.735238234949136, -7.793972576951114, 0.0 ], [ 109.735247139749688, -7.79395449623924, 0.0 ], [ 109.735255609103518, -7.79393729961442, 0.0 ], [ 109.735262689278798, -7.793922923631905, 0.0 ], [ 109.735274610031809, -7.793898719177323, 0.0 ], [ 109.735281157118578, -7.793885425709306, 0.0 ], [ 109.735294587817563, -7.793858155207884, 0.0 ], [ 109.735299737407288, -7.793848040607695, 0.0 ], [ 109.735302080277521, -7.793842942112129, 0.0 ], [ 109.735309206448648, -7.793828472843738, 0.0 ], [ 109.735318092743583, -7.793810429814575, 0.0 ], [ 109.735336560519414, -7.793772931832597, 0.0 ], [ 109.735350940650122, -7.793743733921201, 0.0 ], [ 109.735355793996831, -7.793736202086739, 0.0 ], [ 109.735357021074918, -7.793731387973653, 0.0 ], [ 109.735362804131341, -7.793719645696344, 0.0 ], [ 109.735373496137768, -7.79369793594568, 0.0 ], [ 109.735384491227663, -7.793675610899008, 0.0 ], [ 109.735391963936763, -7.793660437995168, 0.0 ], [ 109.735407293449782, -7.793629312135725, 0.0 ], [ 109.735412642788702, -7.793625158411663, 0.0 ], [ 109.735414526797328, -7.793619841480275, 0.0 ], [ 109.73542123335443, -7.793606028692185, 0.0 ], [ 109.735431810210201, -7.793588362402259, 0.0 ], [ 109.735439431754699, -7.793564056741303, 0.0 ], [ 109.735447367280429, -7.7935479441031, 0.0 ], [ 109.735463646215024, -7.793514890298378, 0.0 ], [ 109.735470648255372, -7.793515275251764, 0.0 ], [ 109.735477339072858, -7.793508310815168, 0.0 ], [ 109.735498056158448, -7.793486746973727, 0.0 ], [ 109.735497225627981, -7.793475000239082, 0.0 ], [ 109.735503973842228, -7.79345253123363, 0.0 ], [ 109.73550917797256, -7.793441878763826, 0.0 ], [ 109.735519988103462, -7.793404081185786, 0.0 ], [ 109.73554141308054, -7.793431194329043, 0.0 ], [ 109.735546343334534, -7.793452657711203, 0.0 ], [ 109.735541667657969, -7.793508502846755, 0.0 ] ] ], [ [ [ 109.733467755414097, -7.790105073545931, 0.0 ], [ 109.733457425813839, -7.79014949347545, 0.0 ], [ 109.733456098734152, -7.790149405106252, 0.0 ], [ 109.733420438839389, -7.790131704636583, 0.0 ], [ 109.733405840064435, -7.790131317198134, 0.0 ], [ 109.733456126450236, -7.789882279554221, 0.0 ], [ 109.733461992628492, -7.789983169342762, 0.0 ], [ 109.733464832072755, -7.790032002521651, 0.0 ], [ 109.733465703395197, -7.79004698775464, 0.0 ], [ 109.73346789379228, -7.790084659403223, 0.0 ], [ 109.733468489640984, -7.790094906876274, 0.0 ], [ 109.733467755414097, -7.790105073545931, 0.0 ] ] ], [ [ [ 109.740548310403668, -7.785852658805956, 0.0 ], [ 109.740513977194752, -7.786007493796586, 0.0 ], [ 109.740502852497897, -7.786006299383435, 0.0 ], [ 109.74049407368588, -7.786005356846085, 0.0 ], [ 109.740452165885841, -7.786000857381201, 0.0 ], [ 109.740431539602838, -7.785998642813452, 0.0 ], [ 109.7404149366822, -7.78599686022481, 0.0 ], [ 109.740246965265342, -7.785978825697058, 0.0 ], [ 109.740190974798566, -7.785972814179988, 0.0 ], [ 109.74014804637072, -7.785968205118921, 0.0 ], [ 109.740134984334475, -7.785966802691409, 0.0 ], [ 109.739967012959141, -7.785948768059715, 0.0 ], [ 109.739939017732297, -7.785945762293912, 0.0 ], [ 109.739911022506163, -7.785942756532859, 0.0 ], [ 109.739894613500255, -7.785940994744165, 0.0 ], [ 109.739827036831969, -7.785933739196788, 0.0 ], [ 109.739659065502394, -7.785915704447231, 0.0 ], [ 109.739631070283167, -7.785912698655334, 0.0 ], [ 109.739575079846816, -7.785906687092109, 0.0 ], [ 109.739351118129463, -7.785882640615455, 0.0 ], [ 109.739323122917895, -7.785879634813636, 0.0 ], [ 109.7392863748548, -7.78587568923616, 0.0 ], [ 109.739099161250394, -7.785855588237628, 0.0 ], [ 109.739071166045065, -7.785852582403503, 0.0 ], [ 109.739055790317181, -7.785850931525086, 0.0 ], [ 109.739032942208752, -7.785848478331627, 0.0 ], [ 109.738993256313663, -7.785844217284374, 0.0 ], [ 109.73898225566262, -7.785843036156378, 0.0 ], [ 109.738959185230655, -7.785840559097888, 0.0 ], [ 109.738931614391689, -7.785837549092651, 0.0 ], [ 109.73893066700586, -7.785837447551441, 0.0 ], [ 109.738903195092433, -7.78583445885609, 0.0 ], [ 109.73888322864714, -7.785829825884799, 0.0 ], [ 109.738865547101369, -7.785828138846619, 0.0 ], [ 109.738834570029539, -7.785822373201402, 0.0 ], [ 109.738801357445112, -7.785819763451438, 0.0 ], [ 109.73878378371603, -7.785817029922229, 0.0 ], [ 109.738739861055549, -7.785814090202721, 0.0 ], [ 109.738735232729709, -7.785813471318776, 0.0 ], [ 109.738731886061373, -7.785812788431399, 0.0 ], [ 109.738715170840678, -7.785809398915958, 0.0 ], [ 109.738687838984134, -7.785800763834615, 0.0 ], [ 109.738679267124368, -7.785799171924335, 0.0 ], [ 109.73866682933884, -7.785796843510756, 0.0 ], [ 109.738642136431125, -7.785790380485112, 0.0 ], [ 109.738597609414938, -7.785783421183706, 0.0 ], [ 109.738593826068865, -7.785782582526531, 0.0 ], [ 109.738567310656705, -7.785779022421343, 0.0 ], [ 109.738545668261438, -7.785774633322207, 0.0 ], [ 109.738529876020266, -7.785771490282796, 0.0 ], [ 109.738511336000073, -7.785767753634726, 0.0 ], [ 109.738452419405476, -7.785755694513205, 0.0 ], [ 109.738437861300142, -7.785752714732224, 0.0 ], [ 109.738406330719627, -7.78574569396478, 0.0 ], [ 109.738399388069482, -7.785744757962942, 0.0 ], [ 109.738389577504151, -7.78574278073562, 0.0 ], [ 109.738359363450328, -7.785736564450268, 0.0 ], [ 109.73834341374274, -7.785733383046215, 0.0 ], [ 109.738287439665328, -7.785721926165272, 0.0 ], [ 109.738259452628213, -7.785716197720578, 0.0 ], [ 109.73824933438712, -7.78571412670304, 0.0 ], [ 109.73823146559215, -7.785710469277388, 0.0 ], [ 109.738173042849567, -7.785698511196645, 0.0 ], [ 109.738109027198107, -7.785685408309063, 0.0 ], [ 109.738079917367571, -7.785679450045368, 0.0 ], [ 109.737968720047746, -7.785656689891145, 0.0 ], [ 109.737893666400865, -7.785641327711224, 0.0 ], [ 109.737839647196651, -7.785630270881781, 0.0 ], [ 109.737707415502356, -7.785603205281174, 0.0 ], [ 109.737660852782611, -7.785593674663292, 0.0 ], [ 109.737607061810564, -7.785582664523053, 0.0 ], [ 109.737567574814292, -7.78557458218885, 0.0 ], [ 109.737610817637403, -7.785493418479753, 0.0 ], [ 109.737671994340616, -7.785505940332714, 0.0 ], [ 109.737689748983897, -7.785509334045954, 0.0 ], [ 109.737715489132142, -7.785514674045104, 0.0 ], [ 109.737727969175296, -7.785517125035777, 0.0 ], [ 109.73773683986451, -7.785518341033529, 0.0 ], [ 109.737776395317809, -7.785527309479732, 0.0 ], [ 109.737839916412739, -7.785540311170752, 0.0 ], [ 109.737855780165972, -7.785543376442618, 0.0 ], [ 109.737876308507524, -7.785547150464306, 0.0 ], [ 109.737895892677329, -7.785551022182475, 0.0 ], [ 109.737922919567325, -7.785554711559574, 0.0 ], [ 109.737924732710695, -7.785554835583111, 0.0 ], [ 109.737951876642072, -7.785559161236448, 0.0 ], [ 109.737973129311385, -7.785562548063463, 0.0 ], [ 109.737991456319833, -7.785567448630322, 0.0 ], [ 109.738007850764717, -7.785570590614323, 0.0 ], [ 109.738019161224244, -7.785572604901934, 0.0 ], [ 109.738057991767278, -7.785584006818485, 0.0 ], [ 109.738062906144961, -7.785584929065205, 0.0 ], [ 109.738063815645788, -7.785585110044169, 0.0 ], [ 109.738065071333352, -7.785585280741626, 0.0 ], [ 109.738115278476158, -7.785588699989644, 0.0 ], [ 109.738126018582506, -7.785590403177977, 0.0 ], [ 109.738166463755164, -7.785593647758649, 0.0 ], [ 109.738175801436483, -7.785595426754895, 0.0 ], [ 109.738189287146156, -7.785597854597985, 0.0 ], [ 109.738215807397751, -7.785600421329143, 0.0 ], [ 109.738231784309477, -7.785603936424402, 0.0 ], [ 109.738399755364952, -7.785621971697225, 0.0 ], [ 109.738416915456042, -7.785623814181179, 0.0 ], [ 109.738441118233297, -7.785626412861244, 0.0 ], [ 109.738455745722419, -7.785627983416783, 0.0 ], [ 109.738511736082515, -7.785633995164829, 0.0 ], [ 109.738567726445567, -7.785640006857135, 0.0 ], [ 109.738619661377982, -7.785645583189615, 0.0 ], [ 109.7386797071796, -7.785652030340206, 0.0 ], [ 109.738691254131368, -7.785653270132128, 0.0 ], [ 109.738721034411924, -7.785656467605519, 0.0 ], [ 109.738735697551036, -7.785658041981947, 0.0 ], [ 109.738763692737678, -7.785661047839008, 0.0 ], [ 109.73881968311305, -7.785667059534786, 0.0 ], [ 109.738847678301823, -7.785670065370351, 0.0 ], [ 109.739071639836666, -7.785694112093749, 0.0 ], [ 109.739126526457454, -7.785700005196187, 0.0 ], [ 109.73940758222227, -7.785730181912877, 0.0 ], [ 109.739463572629646, -7.785736193500595, 0.0 ], [ 109.739603548660028, -7.78575122250682, 0.0 ], [ 109.739684078214552, -7.78575986882103, 0.0 ], [ 109.739691798180644, -7.785760697696098, 0.0 ], [ 109.739734764751589, -7.78576531093151, 0.0 ], [ 109.739911495987812, -7.78578428616268, 0.0 ], [ 109.739939491203643, -7.785787291915557, 0.0 ], [ 109.73996748642017, -7.785790297673131, 0.0 ], [ 109.740038884052538, -7.78579796345253, 0.0 ], [ 109.740079467293015, -7.785802320734345, 0.0 ], [ 109.740135457733587, -7.785808332268783, 0.0 ], [ 109.740190943774394, -7.785814289592003, 0.0 ], [ 109.740219443399695, -7.78581734951173, 0.0 ], [ 109.740292316883597, -7.785825173706269, 0.0 ], [ 109.740303429071957, -7.785826366780679, 0.0 ], [ 109.740548310403668, -7.785852658805956, 0.0 ] ] ], [ [ [ 109.736495969517108, -7.785456071811558, 0.0 ], [ 109.736906513486019, -7.785581149909846, 0.0 ], [ 109.736863999000079, -7.785687998999924, 0.0 ], [ 109.737456000000122, -7.785784, 0.0 ], [ 109.737457096949768, -7.785781941106617, 0.0 ], [ 109.737488764283285, -7.785805748915385, 0.0 ], [ 109.737493580007609, -7.78581520169956, 0.0 ], [ 109.737503031177766, -7.785819371540849, 0.0 ], [ 109.737530878694415, -7.785833916704476, 0.0 ], [ 109.737531119719279, -7.785833932225017, 0.0 ], [ 109.737558972472684, -7.785841771615409, 0.0 ], [ 109.737572934147593, -7.785847915858442, 0.0 ], [ 109.737614023036159, -7.785861981025092, 0.0 ], [ 109.737614330495163, -7.785862568451654, 0.0 ], [ 109.737614917536348, -7.785862914939568, 0.0 ], [ 109.737640063146458, -7.785892750020148, 0.0 ], [ 109.737645991246339, -7.785893157417516, 0.0 ], [ 109.737670806815686, -7.785902697793057, 0.0 ], [ 109.737682197734529, -7.785906670719503, 0.0 ], [ 109.737716546449434, -7.785907919629811, 0.0 ], [ 109.737726792854289, -7.785910156172471, 0.0 ], [ 109.737733373041209, -7.785911628461601, 0.0 ], [ 109.737780669856946, -7.785918336316016, 0.0 ], [ 109.737781401178879, -7.785919706297173, 0.0 ], [ 109.737782770063745, -7.785920565624256, 0.0 ], [ 109.737802679632665, -7.785954303763297, 0.0 ], [ 109.73782000007094, -7.785955689063744, 0.0 ], [ 109.737846212463978, -7.785966838247637, 0.0 ], [ 109.737888558017033, -7.78596844736747, 0.0 ], [ 109.737894639059405, -7.785969932867681, 0.0 ], [ 109.737898260237586, -7.785970931013695, 0.0 ], [ 109.737945678732729, -7.785974686672835, 0.0 ], [ 109.737947449329766, -7.785977857876584, 0.0 ], [ 109.737950616881918, -7.785980142593778, 0.0 ], [ 109.737963315878886, -7.786017820717182, 0.0 ], [ 109.737996811696362, -7.786021032649463, 0.0 ], [ 109.738009945554467, -7.786027284985581, 0.0 ], [ 109.738060968020804, -7.786029374736456, 0.0 ], [ 109.738062485142734, -7.786029769223183, 0.0 ], [ 109.738063588635228, -7.786029796161007, 0.0 ], [ 109.738098745179173, -7.786031001428483, 0.0 ], [ 109.738106759063953, -7.786042689924143, 0.0 ], [ 109.738118407311873, -7.786058583862387, 0.0 ], [ 109.73812065492514, -7.786084606522628, 0.0 ], [ 109.738139821425563, -7.786086982845769, 0.0 ], [ 109.738153958831163, -7.786107281970605, 0.0 ], [ 109.738174183112321, -7.786136320682975, 0.0 ], [ 109.738229951936489, -7.786216395686576, 0.0 ], [ 109.738242929395, -7.786241848375878, 0.0 ], [ 109.738249376730067, -7.786254886391379, 0.0 ], [ 109.738261409699078, -7.786279219971344, 0.0 ], [ 109.738268140116546, -7.786293257996794, 0.0 ], [ 109.738279591190604, -7.786316887809151, 0.0 ], [ 109.738285621304769, -7.786329719535314, 0.0 ], [ 109.738391245593633, -7.786590463587188, 0.0 ], [ 109.738392858579303, -7.786594445381454, 0.0 ], [ 109.738408954956824, -7.786634180421009, 0.0 ], [ 109.738413901007618, -7.78664639017398, 0.0 ], [ 109.738527177105539, -7.786926023098895, 0.0 ], [ 109.738537725098837, -7.786952061699178, 0.0 ], [ 109.738540356873543, -7.786958558413164, 0.0 ], [ 109.738553821474099, -7.786991796762817, 0.0 ], [ 109.738563610692012, -7.787015962321371, 0.0 ], [ 109.738685764060108, -7.787317509177911, 0.0 ], [ 109.738708419539265, -7.787373435759587, 0.0 ], [ 109.738843554979823, -7.787707029543513, 0.0 ], [ 109.738846242819619, -7.787713664649377, 0.0 ], [ 109.738859651425031, -7.787746764584011, 0.0 ], [ 109.738867006777625, -7.787764921816633, 0.0 ], [ 109.738897198952145, -7.78783945379205, 0.0 ], [ 109.73890913710423, -7.787864783656656, 0.0 ], [ 109.738918227252853, -7.787876792554023, 0.0 ], [ 109.738935702398962, -7.787894139899908, 0.0 ], [ 109.738953006753775, -7.787906605677063, 0.0 ], [ 109.738969559439937, -7.787916267114044, 0.0 ], [ 109.738998037742491, -7.787932889163003, 0.0 ], [ 109.739008917808235, -7.78793923958951, 0.0 ], [ 109.739036873338804, -7.787955556617967, 0.0 ], [ 109.739040277404897, -7.787957543499275, 0.0 ], [ 109.739075636416473, -7.787978181667248, 0.0 ], [ 109.739094230264357, -7.787989034491248, 0.0 ], [ 109.739111247540137, -7.787998569889675, 0.0 ], [ 109.739120743497168, -7.788003319755977, 0.0 ], [ 109.739147443130932, -7.788015858546256, 0.0 ], [ 109.739149161055934, -7.788016675523348, 0.0 ], [ 109.739176674437729, -7.788029313104817, 0.0 ], [ 109.739232608131317, -7.788054388419867, 0.0 ], [ 109.739288541831797, -7.788079463958439, 0.0 ], [ 109.739400409256987, -7.788129614560005, 0.0 ], [ 109.73945634298029, -7.788154690079597, 0.0 ], [ 109.739568210451068, -7.788204840643044, 0.0 ], [ 109.739588510439788, -7.788213941273788, 0.0 ], [ 109.739613154637155, -7.788224989464243, 0.0 ], [ 109.73962414419718, -7.788229916140342, 0.0 ], [ 109.739713943507439, -7.78827017343124, 0.0 ], [ 109.739729205853124, -7.788277015595747, 0.0 ], [ 109.739753772541704, -7.788288029001086, 0.0 ], [ 109.739767889493791, -7.788294357738999, 0.0 ], [ 109.739791945482523, -7.788305142147157, 0.0 ], [ 109.739847879259713, -7.788330217395586, 0.0 ], [ 109.739854722416311, -7.78833328521063, 0.0 ], [ 109.73988394071894, -7.78834638386961, 0.0 ], [ 109.739922624386608, -7.788363725987779, 0.0 ], [ 109.739955672443045, -7.788378541529394, 0.0 ], [ 109.739961308133019, -7.788381068028635, 0.0 ], [ 109.740015680636276, -7.788405443323009, 0.0 ], [ 109.74003867565547, -7.788415752078671, 0.0 ], [ 109.740056622388977, -7.788423797716984, 0.0 ], [ 109.740077359322072, -7.788433094197654, 0.0 ], [ 109.74009024239129, -7.788438869710315, 0.0 ], [ 109.740127548258457, -7.788455593986261, 0.0 ], [ 109.740151107115437, -7.788471366866309, 0.0 ], [ 109.740171742137477, -7.788494971159185, 0.0 ], [ 109.740176310853428, -7.78850207302908, 0.0 ], [ 109.740181433585036, -7.78854901984001, 0.0 ], [ 109.740182339265985, -7.788551789664946, 0.0 ], [ 109.740183228676045, -7.788565470802773, 0.0 ], [ 109.740188849991057, -7.788718458815252, 0.0 ], [ 109.740190902728457, -7.788774324118091, 0.0 ], [ 109.740199113453386, -7.788997785328084, 0.0 ], [ 109.740200139801843, -7.789025717979287, 0.0 ], [ 109.740201166153241, -7.789053650630503, 0.0 ], [ 109.740215534909723, -7.789444707745011, 0.0 ], [ 109.740216561258734, -7.789472640395978, 0.0 ], [ 109.740216868041784, -7.789480989803082, 0.0 ], [ 109.740217587607575, -7.789500573046928, 0.0 ], [ 109.740225798298994, -7.789724034253489, 0.0 ], [ 109.740226150010812, -7.789733606307034, 0.0 ], [ 109.740227851021658, -7.789779899555107, 0.0 ], [ 109.740242219719505, -7.790170956663633, 0.0 ], [ 109.740242592311034, -7.790179113003326, 0.0 ], [ 109.740244617287985, -7.790216536645676, 0.0 ], [ 109.740245078472299, -7.790226824360873, 0.0 ], [ 109.74026535624435, -7.790251669284063, 0.0 ], [ 109.7402879421157, -7.790280638148989, 0.0 ], [ 109.740289649470895, -7.790282816057267, 0.0 ], [ 109.740318013282689, -7.790318110972134, 0.0 ], [ 109.74033967650719, -7.790345067939711, 0.0 ], [ 109.740379643879947, -7.790394801974829, 0.0 ], [ 109.740389860347435, -7.790406702201448, 0.0 ], [ 109.740401725358325, -7.79041897753218, 0.0 ], [ 109.740422064376759, -7.79043046840849, 0.0 ], [ 109.740451737785733, -7.790444972393437, 0.0 ], [ 109.740457647643126, -7.790448002137998, 0.0 ], [ 109.740513578753237, -7.790474076199745, 0.0 ], [ 109.740541544311213, -7.790487113237947, 0.0 ], [ 109.74057425325465, -7.790502361535703, 0.0 ], [ 109.740612462647576, -7.790520174037827, 0.0 ], [ 109.740653406562814, -7.790539261336153, 0.0 ], [ 109.740688881431979, -7.79055579905279, 0.0 ], [ 109.740727090814033, -7.79057361156872, 0.0 ], [ 109.740765367859737, -7.790591455598389, 0.0 ], [ 109.740793234421389, -7.790604446468749, 0.0 ], [ 109.740825663713679, -7.790619564378463, 0.0 ], [ 109.740849165578624, -7.790630520479667, 0.0 ], [ 109.740879928456977, -7.790644861532033, 0.0 ], [ 109.740905096743631, -7.790656594510196, 0.0 ], [ 109.740956347292666, -7.79068048650248, 0.0 ], [ 109.740961027916555, -7.790682668521447, 0.0 ], [ 109.741016959097266, -7.790708742526367, 0.0 ], [ 109.741032766142965, -7.790716111464352, 0.0 ], [ 109.741078117404015, -7.790737253301491, 0.0 ], [ 109.741128821482334, -7.790760890517297, 0.0 ], [ 109.741147394458366, -7.790769548868949, 0.0 ], [ 109.741184752686664, -7.790786964503302, 0.0 ], [ 109.741185644931463, -7.790787320657591, 0.0 ], [ 109.741187439206783, -7.790788216905591, 0.0 ], [ 109.741223813339062, -7.790805173804629, 0.0 ], [ 109.741262022791162, -7.790822986263214, 0.0 ], [ 109.74128674042332, -7.790834509130872, 0.0 ], [ 109.741296615118628, -7.790839112511414, 0.0 ], [ 109.74130105139713, -7.790839986609546, 0.0 ], [ 109.741308030995455, -7.79084443435557, 0.0 ], [ 109.741334827097944, -7.790862194695631, 0.0 ], [ 109.741352511345411, -7.790876906825262, 0.0 ], [ 109.741365442403307, -7.790887536002306, 0.0 ], [ 109.74137777548691, -7.790900500745495, 0.0 ], [ 109.741376522765933, -7.790924586194834, 0.0 ], [ 109.741375261842478, -7.790933494346868, 0.0 ], [ 109.741373864742201, -7.790956348349778, 0.0 ], [ 109.741380214451837, -7.790984277672159, 0.0 ], [ 109.741382991000421, -7.790987101746471, 0.0 ], [ 109.741407225628905, -7.791012306663712, 0.0 ], [ 109.74140777255316, -7.791012649903597, 0.0 ], [ 109.741408115065312, -7.791012655827238, 0.0 ], [ 109.741408216394674, -7.791012409929921, 0.0 ], [ 109.741408460869366, -7.791011967506178, 0.0 ], [ 109.741426945325756, -7.790975174250318, 0.0 ], [ 109.741439781636913, -7.790956544142198, 0.0 ], [ 109.741447074594774, -7.790939343507862, 0.0 ], [ 109.74146438201258, -7.790926313684403, 0.0 ], [ 109.741473683975499, -7.790910014144101, 0.0 ], [ 109.741480728466868, -7.790900806538312, 0.0 ], [ 109.741490876831847, -7.790874566866791, 0.0 ], [ 109.741491573936969, -7.790871936745313, 0.0 ], [ 109.741507030307986, -7.790845025433026, 0.0 ], [ 109.741464754222974, -7.790801665226268, 0.0 ], [ 109.741458513856671, -7.790795264842608, 0.0 ], [ 109.741452409545261, -7.790789003982677, 0.0 ], [ 109.741408916150377, -7.790744395233046, 0.0 ], [ 109.741403291156232, -7.790738625997299, 0.0 ], [ 109.741375679813146, -7.790710306567939, 0.0 ], [ 109.741353078092928, -7.790687125234786, 0.0 ], [ 109.74134806846746, -7.790681987146951, 0.0 ], [ 109.74134316806628, -7.790676961067273, 0.0 ], [ 109.741297240050571, -7.790629855231355, 0.0 ], [ 109.741292845796636, -7.79062534829169, 0.0 ], [ 109.741269321035062, -7.790601220227749, 0.0 ], [ 109.741182400496143, -7.790512070566193, 0.0 ], [ 109.741151995613336, -7.790480885918523, 0.0 ], [ 109.74107006461719, -7.790396853693586, 0.0 ], [ 109.741068291845991, -7.790391238801388, 0.0 ], [ 109.741061448134587, -7.790353516278255, 0.0 ], [ 109.74105552212194, -7.790340951274114, 0.0 ], [ 109.741064378666479, -7.790331286659281, 0.0 ], [ 109.741091127453657, -7.790302097203735, 0.0 ], [ 109.741117876283639, -7.790272907794606, 0.0 ], [ 109.741144625063299, -7.790243718337634, 0.0 ], [ 109.741171373888875, -7.790214528923878, 0.0 ], [ 109.741198122661032, -7.790185339459001, 0.0 ], [ 109.741208671087662, -7.790173828579139, 0.0 ], [ 109.741242703783556, -7.790136690750168, 0.0 ], [ 109.741259720842265, -7.790118120997652, 0.0 ], [ 109.741278369085336, -7.790097771183832, 0.0 ], [ 109.741298895893053, -7.790075371469145, 0.0 ], [ 109.741310770474072, -7.79006241340734, 0.0 ], [ 109.741331866651663, -7.7900393922885, 0.0 ], [ 109.741358615447865, -7.790010202855226, 0.0 ], [ 109.741361820089139, -7.790006705808636, 0.0 ], [ 109.741385364199871, -7.789981013380613, 0.0 ], [ 109.74141286969359, -7.789950998201482, 0.0 ], [ 109.741439376094419, -7.789922073171566, 0.0 ], [ 109.741465610514197, -7.789893445027478, 0.0 ], [ 109.741492359244944, -7.789864255537135, 0.0 ], [ 109.741519108021663, -7.789835066093167, 0.0 ], [ 109.741545856744935, -7.789805876601453, 0.0 ], [ 109.741572605511053, -7.789776687152889, 0.0 ], [ 109.741599354229905, -7.78974749765319, 0.0 ], [ 109.741626102988477, -7.789718308200035, 0.0 ], [ 109.741652851696728, -7.789689118695742, 0.0 ], [ 109.741679600450908, -7.789659929237891, 0.0 ], [ 109.741706349151556, -7.78963073973226, 0.0 ], [ 109.741720336185935, -7.789615476436268, 0.0 ], [ 109.741748432171988, -7.789584816855498, 0.0 ], [ 109.741770216531947, -7.789561044714702, 0.0 ], [ 109.741786595358505, -7.789543171318273, 0.0 ], [ 109.741804624132186, -7.789523497482296, 0.0 ], [ 109.741821266026903, -7.789505337039955, 0.0 ], [ 109.741840092778901, -7.789484792334838, 0.0 ], [ 109.741860816075842, -7.789462178098944, 0.0 ], [ 109.741872315508104, -7.789449629356707, 0.0 ], [ 109.741893590184276, -7.789426413342079, 0.0 ], [ 109.74192033890462, -7.789397223863351, 0.0 ], [ 109.741947087574559, -7.789368034336869, 0.0 ], [ 109.741974414426338, -7.789338213964949, 0.0 ], [ 109.742001295862451, -7.789308879542173, 0.0 ], [ 109.742027333655159, -7.789280465837517, 0.0 ], [ 109.742054082307021, -7.789251276298479, 0.0 ], [ 109.742080831001701, -7.789222086805829, 0.0 ], [ 109.742107579645975, -7.789192897265374, 0.0 ], [ 109.742134328336249, -7.789163707768108, 0.0 ], [ 109.742161076973048, -7.78913451821978, 0.0 ], [ 109.742178612036213, -7.789115383079902, 0.0 ], [ 109.742197967389217, -7.789094261583563, 0.0 ], [ 109.742229661483947, -7.78905967533776, 0.0 ], [ 109.742241322978941, -7.789046949681034, 0.0 ], [ 109.742255186171505, -7.789031821463401, 0.0 ], [ 109.742282255124266, -7.789002282395499, 0.0 ], [ 109.742294820271539, -7.788988570618743, 0.0 ], [ 109.742310351027669, -7.788971622663214, 0.0 ], [ 109.742331760210547, -7.788948259827719, 0.0 ], [ 109.742348317552199, -7.788930191543936, 0.0 ], [ 109.742366542821998, -7.788910303187713, 0.0 ], [ 109.74238280955484, -7.78889255206005, 0.0 ], [ 109.742401814814713, -7.788871812463046, 0.0 ], [ 109.742422734599756, -7.788848983705179, 0.0 ], [ 109.742429569250746, -7.788843632030373, 0.0 ], [ 109.742438933896878, -7.78883685934187, 0.0 ], [ 109.742462019819428, -7.788820163134618, 0.0 ], [ 109.742478862946001, -7.788808923887087, 0.0 ], [ 109.742590596981103, -7.788904028751158, 0.0 ], [ 109.742614946280526, -7.788924754138655, 0.0 ], [ 109.742646464018605, -7.78895158098712, 0.0 ], [ 109.742814065207071, -7.789094238225732, 0.0 ], [ 109.742824910272489, -7.789072191928891, 0.0 ], [ 109.742855878568903, -7.789047235870671, 0.0 ], [ 109.742870226464561, -7.789043144390096, 0.0 ], [ 109.742884965420856, -7.789005760283874, 0.0 ], [ 109.742892804844615, -7.788983443028421, 0.0 ], [ 109.742895533181382, -7.788974968724235, 0.0 ], [ 109.742905133539765, -7.788949960846415, 0.0 ], [ 109.74291015506013, -7.788933612663689, 0.0 ], [ 109.742926662191437, -7.788899999926075, 0.0 ], [ 109.742930427356328, -7.788890449903919, 0.0 ], [ 109.742950956997433, -7.788838378240048, 0.0 ], [ 109.743016948478299, -7.788670996176162, 0.0 ], [ 109.743027947057129, -7.788643099163623, 0.0 ], [ 109.743039533510085, -7.788613711032114, 0.0 ], [ 109.74306094278657, -7.78855940812254, 0.0 ], [ 109.743093938497523, -7.788475717076535, 0.0 ], [ 109.743126934177511, -7.788392026025536, 0.0 ], [ 109.743134077596011, -7.788373907295924, 0.0 ], [ 109.743149905426506, -7.788333761175474, 0.0 ], [ 109.743170928420639, -7.788280437949802, 0.0 ], [ 109.743208840151055, -7.788184277617438, 0.0 ], [ 109.743237057885295, -7.788112705341947, 0.0 ], [ 109.743247918253942, -7.788085158795881, 0.0 ], [ 109.743260700175298, -7.788052738339208, 0.0 ], [ 109.743276527993046, -7.788012592225807, 0.0 ], [ 109.743284293024502, -7.787992896760812, 0.0 ], [ 109.743381256454455, -7.788009845694454, 0.0 ], [ 109.743377356905512, -7.788019736631187, 0.0 ], [ 109.743362441430136, -7.788057568693411, 0.0 ], [ 109.743351442912228, -7.788085465721405, 0.0 ], [ 109.743340444386433, -7.788113362748846, 0.0 ], [ 109.743334969018463, -7.788127250632066, 0.0 ], [ 109.743319141215437, -7.78816739676384, 0.0 ], [ 109.743292703762435, -7.788234453425344, 0.0 ], [ 109.743274453111425, -7.788280744901735, 0.0 ], [ 109.743252455996654, -7.788336538948242, 0.0 ], [ 109.743244771982177, -7.788356028923544, 0.0 ], [ 109.743230458921943, -7.788392332992667, 0.0 ], [ 109.743224174288571, -7.788408273491595, 0.0 ], [ 109.743208724522802, -7.788447460690355, 0.0 ], [ 109.743197463245622, -7.788476024054955, 0.0 ], [ 109.743164467541348, -7.788559715112258, 0.0 ], [ 109.743160862928136, -7.78856885794727, 0.0 ], [ 109.74314503506757, -7.788609004050192, 0.0 ], [ 109.74312047328678, -7.788671303180974, 0.0 ], [ 109.743113379385534, -7.788689296294931, 0.0 ], [ 109.743097551532912, -7.788729442407426, 0.0 ], [ 109.743054481800712, -7.788838685267505, 0.0 ], [ 109.743050067926106, -7.788849880718479, 0.0 ], [ 109.743034240040856, -7.788890026810251, 0.0 ], [ 109.743021486054971, -7.788922376303281, 0.0 ], [ 109.743010525888749, -7.78895017589296, 0.0 ], [ 109.743002584309224, -7.788970319038857, 0.0 ], [ 109.742988490300021, -7.789006067334112, 0.0 ], [ 109.742970928535598, -7.789050611236938, 0.0 ], [ 109.742966493099715, -7.789061861351863, 0.0 ], [ 109.742956391487127, -7.789087483221201, 0.0 ], [ 109.742939272747833, -7.789130903430335, 0.0 ], [ 109.742923444840955, -7.789171049517309, 0.0 ], [ 109.742911500092475, -7.789201346386526, 0.0 ], [ 109.742900501501609, -7.789229243391892, 0.0 ], [ 109.742891789059868, -7.789251341729869, 0.0 ], [ 109.742875961157807, -7.789291487829583, 0.0 ], [ 109.742860133236718, -7.789331633911904, 0.0 ], [ 109.742845508449321, -7.789368728410005, 0.0 ], [ 109.74283450983252, -7.789396625411949, 0.0 ], [ 109.742813000709248, -7.789451181271785, 0.0 ], [ 109.742812482892219, -7.789451905043807, 0.0 ], [ 109.742811735499615, -7.789453671531434, 0.0 ], [ 109.742793728138537, -7.789489114709897, 0.0 ], [ 109.742787688211706, -7.789508205027569, 0.0 ], [ 109.742779190201787, -7.789530555017762, 0.0 ], [ 109.742774508234831, -7.789546272683928, 0.0 ], [ 109.742768518105208, -7.789564007412087, 0.0 ], [ 109.742765165710509, -7.789572510456421, 0.0 ], [ 109.742756564842296, -7.789594325734685, 0.0 ], [ 109.742735591705667, -7.789598865409611, 0.0 ], [ 109.742702881582474, -7.789622073968804, 0.0 ], [ 109.742700459600158, -7.789626607264126, 0.0 ], [ 109.74269670295574, -7.789623409726701, 0.0 ], [ 109.742692274615393, -7.789619640475537, 0.0 ], [ 109.742644592478044, -7.789579055018248, 0.0 ], [ 109.742636251178169, -7.789571955138456, 0.0 ], [ 109.742626418541846, -7.789563585841353, 0.0 ], [ 109.742606025388824, -7.789546227751497, 0.0 ], [ 109.742588725369771, -7.789531502504584, 0.0 ], [ 109.742575799500145, -7.789520500463031, 0.0 ], [ 109.742532858273947, -7.789483950140938, 0.0 ], [ 109.742510079721725, -7.789474268641835, 0.0 ], [ 109.742490476440835, -7.789464998300382, 0.0 ], [ 109.742476924244897, -7.789458839375094, 0.0 ], [ 109.742453726527899, -7.789484153797123, 0.0 ], [ 109.742432651732742, -7.789507151665193, 0.0 ], [ 109.742426977851238, -7.789513343330683, 0.0 ], [ 109.742400229201934, -7.789542532894392, 0.0 ], [ 109.742381602365796, -7.789562859426644, 0.0 ], [ 109.742364540495643, -7.789581478149004, 0.0 ], [ 109.742330552869888, -7.78961856717927, 0.0 ], [ 109.742319983116502, -7.789630101454647, 0.0 ], [ 109.742308348595643, -7.789642797695501, 0.0 ], [ 109.742293234470779, -7.789659291025377, 0.0 ], [ 109.742280252639517, -7.789673457432516, 0.0 ], [ 109.742252156679598, -7.789704117056879, 0.0 ], [ 109.742228453952222, -7.789729982659662, 0.0 ], [ 109.74221298832768, -7.789746859548082, 0.0 ], [ 109.742195964746244, -7.789765436624995, 0.0 ], [ 109.742186239676244, -7.789776049122461, 0.0 ], [ 109.742177404592766, -7.789785690387507, 0.0 ], [ 109.742139772797131, -7.789826755923759, 0.0 ], [ 109.742126354979717, -7.789841398106209, 0.0 ], [ 109.742105993481857, -7.789863617607642, 0.0 ], [ 109.742083580830496, -7.789888075510252, 0.0 ], [ 109.742079244824708, -7.789892807179194, 0.0 ], [ 109.742075305627296, -7.789897105817279, 0.0 ], [ 109.742027388848342, -7.789949394749748, 0.0 ], [ 109.742024255949403, -7.789952813518959, 0.0 ], [ 109.741999292850593, -7.789980054500003, 0.0 ], [ 109.74197224991002, -7.790009565198893, 0.0 ], [ 109.741915004833189, -7.790072033534743, 0.0 ], [ 109.741871107304334, -7.790119936574687, 0.0 ], [ 109.741865254832504, -7.790126323077479, 0.0 ], [ 109.741858812800601, -7.790133352960491, 0.0 ], [ 109.741838506113552, -7.790155512602198, 0.0 ], [ 109.741820057786768, -7.790175644243262, 0.0 ], [ 109.74180262075167, -7.790194672278828, 0.0 ], [ 109.741769008140167, -7.790231351902996, 0.0 ], [ 109.741758259791254, -7.790243081016348, 0.0 ], [ 109.741746428685843, -7.790255991722932, 0.0 ], [ 109.741731511066561, -7.790272270538267, 0.0 ], [ 109.741718332646698, -7.790286651408787, 0.0 ], [ 109.741690236603844, -7.790317310981952, 0.0 ], [ 109.741666908921303, -7.790342767197544, 0.0 ], [ 109.741651264689793, -7.79035983891492, 0.0 ], [ 109.741634044504622, -7.790378630444457, 0.0 ], [ 109.741624515959487, -7.79038902844056, 0.0 ], [ 109.741615859414424, -7.79039847483237, 0.0 ], [ 109.741577852389582, -7.79043994964414, 0.0 ], [ 109.741564809647684, -7.790454182458178, 0.0 ], [ 109.741570554285389, -7.790461414184749, 0.0 ], [ 109.741577739675478, -7.790477701525265, 0.0 ], [ 109.741587647955853, -7.790500160855021, 0.0 ], [ 109.74158967547487, -7.790510115528392, 0.0 ], [ 109.741611355014783, -7.790532350993097, 0.0 ], [ 109.741638966353875, -7.790560670417711, 0.0 ], [ 109.741666577728111, -7.790588989812013, 0.0 ], [ 109.741694189071495, -7.790617309234091, 0.0 ], [ 109.741721800452922, -7.790645628625908, 0.0 ], [ 109.741749411806936, -7.790673948045544, 0.0 ], [ 109.74177702319264, -7.790702267434827, 0.0 ], [ 109.741804634553944, -7.790730586851939, 0.0 ], [ 109.741832245947151, -7.790758906238819, 0.0 ], [ 109.741856870142229, -7.790784161879527, 0.0 ], [ 109.741859730379844, -7.79078735149761, 0.0 ], [ 109.741861898808949, -7.790790220017944, 0.0 ], [ 109.741859354095325, -7.790792715233966, 0.0 ], [ 109.741856835502745, -7.790795765927914, 0.0 ], [ 109.741833187128918, -7.790822488459583, 0.0 ], [ 109.741819020527529, -7.790845951933489, 0.0 ], [ 109.741810193925787, -7.790855445862281, 0.0 ], [ 109.741783243885621, -7.790884433450262, 0.0 ], [ 109.741772522726578, -7.79089596515919, 0.0 ], [ 109.741744427955126, -7.790926183995835, 0.0 ], [ 109.741729343778587, -7.790942408602974, 0.0 ], [ 109.741716333179482, -7.790956402836371, 0.0 ], [ 109.741689545698776, -7.790985215534813, 0.0 ], [ 109.741675443656533, -7.791000383746273, 0.0 ], [ 109.741663650724519, -7.791013068248605, 0.0 ], [ 109.741648493572853, -7.791029371296533, 0.0 ], [ 109.741632048828279, -7.791047059333228, 0.0 ], [ 109.741622018464525, -7.791058835384464, 0.0 ], [ 109.741614976170467, -7.791068782921934, 0.0 ], [ 109.741600008121651, -7.791092778886558, 0.0 ], [ 109.741591136721652, -7.791109329300577, 0.0 ], [ 109.741582612833483, -7.791124546031101, 0.0 ], [ 109.741575768158725, -7.791138000738531, 0.0 ], [ 109.741561449925641, -7.791166146307359, 0.0 ], [ 109.741554238983113, -7.791180320985299, 0.0 ], [ 109.74146308844324, -7.791359497368419, 0.0 ], [ 109.741410487051851, -7.791462896733604, 0.0 ], [ 109.741391616703879, -7.791499990559316, 0.0 ], [ 109.741383996028915, -7.791514970643097, 0.0 ], [ 109.741355622144809, -7.791570745574585, 0.0 ], [ 109.741350408595437, -7.791580993943931, 0.0 ], [ 109.741330464073911, -7.791606715557983, 0.0 ], [ 109.741309756242984, -7.791641965877502, 0.0 ], [ 109.741294109997853, -7.79167788930063, 0.0 ], [ 109.741290871951961, -7.791679045722593, 0.0 ], [ 109.741281913636001, -7.791682245040436, 0.0 ], [ 109.741249198539549, -7.791693261665017, 0.0 ], [ 109.741238040983106, -7.791697913411982, 0.0 ], [ 109.741126794945302, -7.791737643390095, 0.0 ], [ 109.741013764878602, -7.791778010603325, 0.0 ], [ 109.740999017759307, -7.791778416508688, 0.0 ], [ 109.740971676754754, -7.791793041677907, 0.0 ], [ 109.740961407665651, -7.79179670909401, 0.0 ], [ 109.740957695842368, -7.791798034708843, 0.0 ], [ 109.740954789111129, -7.791795896810809, 0.0 ], [ 109.740953989474335, -7.791792989117479, 0.0 ], [ 109.740953871742263, -7.791789148428813, 0.0 ], [ 109.740945769776815, -7.791749145281221, 0.0 ], [ 109.740945522792316, -7.791737104747623, 0.0 ], [ 109.740952819616723, -7.791681267221497, 0.0 ], [ 109.740958166951955, -7.791640347227234, 0.0 ], [ 109.740960063010633, -7.791627281586717, 0.0 ], [ 109.74096011634434, -7.791625429694516, 0.0 ], [ 109.740966369044187, -7.791577582179364, 0.0 ], [ 109.740968761912811, -7.791559271155431, 0.0 ], [ 109.740972841865258, -7.791528050111028, 0.0 ], [ 109.740974709974338, -7.791513754639348, 0.0 ], [ 109.740989303595029, -7.79140207958188, 0.0 ], [ 109.740992260285708, -7.791379453877237, 0.0 ], [ 109.740993845440684, -7.791367323587275, 0.0 ], [ 109.74099660033842, -7.791346242052102, 0.0 ], [ 109.740998733031702, -7.791329921738785, 0.0 ], [ 109.741002206564616, -7.791303341107103, 0.0 ], [ 109.741003897088007, -7.791290404521742, 0.0 ], [ 109.741018151453886, -7.791181325525622, 0.0 ], [ 109.741024624249121, -7.791131793447179, 0.0 ], [ 109.741025787480339, -7.791122891927719, 0.0 ], [ 109.741027290059193, -7.791111393516888, 0.0 ], [ 109.741031096930044, -7.791082261257715, 0.0 ], [ 109.741033084124012, -7.791067054394839, 0.0 ], [ 109.741047677720076, -7.790955379328098, 0.0 ], [ 109.741037775241622, -7.790933918640485, 0.0 ], [ 109.741015950363149, -7.790899862510734, 0.0 ], [ 109.741015569409342, -7.790899424715612, 0.0 ], [ 109.740904525965604, -7.79084765847442, 0.0 ], [ 109.740901500558294, -7.790846248083882, 0.0 ], [ 109.740894977540094, -7.790843207185794, 0.0 ], [ 109.740848594777148, -7.790821584452985, 0.0 ], [ 109.740834681634695, -7.790815098409965, 0.0 ], [ 109.740786872299765, -7.790792810579073, 0.0 ], [ 109.74074866284279, -7.790774998116762, 0.0 ], [ 109.740736732423784, -7.790769436391172, 0.0 ], [ 109.740714089882474, -7.790758880836382, 0.0 ], [ 109.740680801259018, -7.790743362279533, 0.0 ], [ 109.740672244049279, -7.790739373070323, 0.0 ], [ 109.740624870102053, -7.790717288203749, 0.0 ], [ 109.74056893895272, -7.790691214176568, 0.0 ], [ 109.74055761582548, -7.790685935544771, 0.0 ], [ 109.74051940644361, -7.790668123013146, 0.0 ], [ 109.740457076677899, -7.790639066048429, 0.0 ], [ 109.740442987634651, -7.790632497992745, 0.0 ], [ 109.740401145552241, -7.790612991944168, 0.0 ], [ 109.740391102787072, -7.790608242788916, 0.0 ], [ 109.740366667652211, -7.790596775000333, 0.0 ], [ 109.740345215703655, -7.790586493175762, 0.0 ], [ 109.740332522972437, -7.7905749327396, 0.0 ], [ 109.740321086614557, -7.790562205508242, 0.0 ], [ 109.740298587998197, -7.790534209026178, 0.0 ], [ 109.740282030045321, -7.790513604887376, 0.0 ], [ 109.740276089381595, -7.790506212543449, 0.0 ], [ 109.740257119886692, -7.790482607554718, 0.0 ], [ 109.740232209753572, -7.790451610198499, 0.0 ], [ 109.740208593620835, -7.79042222309089, 0.0 ], [ 109.740177794147002, -7.79038389724057, 0.0 ], [ 109.74015747931594, -7.790358618182456, 0.0 ], [ 109.740132569178172, -7.790327620841911, 0.0 ], [ 109.740107659028311, -7.790296623516646, 0.0 ], [ 109.74009610064941, -7.790282240654608, 0.0 ], [ 109.740066191253902, -7.790245022367673, 0.0 ], [ 109.740051103502111, -7.790226247674852, 0.0 ], [ 109.740046084528799, -7.790206063657701, 0.0 ], [ 109.74004321749247, -7.790193431157036, 0.0 ], [ 109.740037131286769, -7.790170346937564, 0.0 ], [ 109.740035078611555, -7.790114481639757, 0.0 ], [ 109.740034052307976, -7.790086548990979, 0.0 ], [ 109.740033026007367, -7.790058616342145, 0.0 ], [ 109.74003224036413, -7.790037234361553, 0.0 ], [ 109.740031999666101, -7.790030683693173, 0.0 ], [ 109.740030973327734, -7.790002751044264, 0.0 ], [ 109.740030265949741, -7.789983498623942, 0.0 ], [ 109.740029601779952, -7.789965421803486, 0.0 ], [ 109.740028920725422, -7.789946885746528, 0.0 ], [ 109.740028291572074, -7.789929762850754, 0.0 ], [ 109.740027464408925, -7.789907251183148, 0.0 ], [ 109.7400268680382, -7.789891020448477, 0.0 ], [ 109.740026317150168, -7.789876027122586, 0.0 ], [ 109.740025327093178, -7.789849080617869, 0.0 ], [ 109.740024815440705, -7.789835155150612, 0.0 ], [ 109.740024342780757, -7.789822291339633, 0.0 ], [ 109.740023189711394, -7.789790909987573, 0.0 ], [ 109.740022762749192, -7.789779289852404, 0.0 ], [ 109.740021052307213, -7.789732739334483, 0.0 ], [ 109.740020393890148, -7.789714819925126, 0.0 ], [ 109.740018914995488, -7.789674568778776, 0.0 ], [ 109.740018657448203, -7.78966755925607, 0.0 ], [ 109.740016604745378, -7.789611693957582, 0.0 ], [ 109.740014552157206, -7.789555828659471, 0.0 ], [ 109.740012502885349, -7.789500056932486, 0.0 ], [ 109.740010446860467, -7.789444098062587, 0.0 ], [ 109.740008394148802, -7.789388232763916, 0.0 ], [ 109.74000822818428, -7.789383715739273, 0.0 ], [ 109.740007367825442, -7.789360300114646, 0.0 ], [ 109.740006341505051, -7.7893323674653, 0.0 ], [ 109.740005380791544, -7.789324832768286, 0.0 ], [ 109.740003789595804, -7.789285736013842, 0.0 ], [ 109.740002344921479, -7.789276496387409, 0.0 ], [ 109.739999886752727, -7.789263294436649, 0.0 ], [ 109.739998395227971, -7.789235390809859, 0.0 ], [ 109.739987976693357, -7.789195318965628, 0.0 ], [ 109.739987580673102, -7.789190419180798, 0.0 ], [ 109.739970839795944, -7.789151322905889, 0.0 ], [ 109.739957478855843, -7.789139184988294, 0.0 ], [ 109.739901544970792, -7.789114109510329, 0.0 ], [ 109.739889215993188, -7.789108582459917, 0.0 ], [ 109.739859058806658, -7.789095063034264, 0.0 ], [ 109.73984561109225, -7.78908903440175, 0.0 ], [ 109.73982037504588, -7.78907772093925, 0.0 ], [ 109.739810517577894, -7.78907330180862, 0.0 ], [ 109.739789677222234, -7.789063958992076, 0.0 ], [ 109.739763782687191, -7.789052350313001, 0.0 ], [ 109.739743007578838, -7.789043036685404, 0.0 ], [ 109.739733743360048, -7.789038883498335, 0.0 ], [ 109.739709567386754, -7.789028045403318, 0.0 ], [ 109.739705776431265, -7.789026345922253, 0.0 ], [ 109.739677809504599, -7.789013808292887, 0.0 ], [ 109.739665639945017, -7.789008352603292, 0.0 ], [ 109.739638349341519, -7.78899611813389, 0.0 ], [ 109.739621875657093, -7.788988732938671, 0.0 ], [ 109.73956594181773, -7.788963657425914, 0.0 ], [ 109.739549588699816, -7.788956326279906, 0.0 ], [ 109.739512916750897, -7.788939885924967, 0.0 ], [ 109.739510007985899, -7.788938581909992, 0.0 ], [ 109.739472221133624, -7.788921642135197, 0.0 ], [ 109.739454074160449, -7.788913506831445, 0.0 ], [ 109.739398140343837, -7.788888431296342, 0.0 ], [ 109.739394853685283, -7.788886957878304, 0.0 ], [ 109.739387483335221, -7.788883653681657, 0.0 ], [ 109.739356169999326, -7.788869615711381, 0.0 ], [ 109.739342206534602, -7.788863355839095, 0.0 ], [ 109.739317486154405, -7.788852273702835, 0.0 ], [ 109.73930576748522, -7.78884702019274, 0.0 ], [ 109.73928627273213, -7.788838280663749, 0.0 ], [ 109.739262049954661, -7.788827421406355, 0.0 ], [ 109.739240118713155, -7.788817589440991, 0.0 ], [ 109.739204817386849, -7.788801763651621, 0.0 ], [ 109.739202372044161, -7.788800667385201, 0.0 ], [ 109.739174405151743, -7.788788129711084, 0.0 ], [ 109.739162751208326, -7.788782905244508, 0.0 ], [ 109.7391366167775, -7.788771189099608, 0.0 ], [ 109.739124067434773, -7.788765563165887, 0.0 ], [ 109.739103867673748, -7.788756507453534, 0.0 ], [ 109.739085383793025, -7.788748220961565, 0.0 ], [ 109.739062537601342, -7.788737978869063, 0.0 ], [ 109.739008016470507, -7.788713536589002, 0.0 ], [ 109.739002917426049, -7.78871125066978, 0.0 ], [ 109.738969332623938, -7.788696194588637, 0.0 ], [ 109.738950670081266, -7.788687828050162, 0.0 ], [ 109.738930648956156, -7.788678852410976, 0.0 ], [ 109.738901967827644, -7.788665994498584, 0.0 ], [ 109.738894736332753, -7.788662752568144, 0.0 ], [ 109.738885751061488, -7.788658724391812, 0.0 ], [ 109.73885328160334, -7.788644168072231, 0.0 ], [ 109.738838802591971, -7.788637677057034, 0.0 ], [ 109.738814597840147, -7.788626825988774, 0.0 ], [ 109.738801017955822, -7.788620738001442, 0.0 ], [ 109.738782868858507, -7.788612601636689, 0.0 ], [ 109.738775914189929, -7.788609483795624, 0.0 ], [ 109.738760318139327, -7.788602491989831, 0.0 ], [ 109.738726935132632, -7.788587526213246, 0.0 ], [ 109.738698968272644, -7.788574988460266, 0.0 ], [ 109.738671001414488, -7.788562450757598, 0.0 ], [ 109.738659863048724, -7.78855745740802, 0.0 ], [ 109.738634884825345, -7.788546259554499, 0.0 ], [ 109.738621179325634, -7.788540115289941, 0.0 ], [ 109.738599118581519, -7.788530225247221, 0.0 ], [ 109.73858249573118, -7.788522773042877, 0.0 ], [ 109.738559134000909, -7.788512299798055, 0.0 ], [ 109.738543862899789, -7.788505380469804, 0.0 ], [ 109.738510498651621, -7.788490030203709, 0.0 ], [ 109.7385055891733, -7.788487631887176, 0.0 ], [ 109.738503202980098, -7.788486330467508, 0.0 ], [ 109.738494411548032, -7.788481199053289, 0.0 ], [ 109.738470172350105, -7.78846705098292, 0.0 ], [ 109.738447291910816, -7.788453696163169, 0.0 ], [ 109.738436745825581, -7.788444496907472, 0.0 ], [ 109.738429824368183, -7.788433930926901, 0.0 ], [ 109.73841788400749, -7.788407503458092, 0.0 ], [ 109.738415687875246, -7.78840221556412, 0.0 ], [ 109.738405284971606, -7.788377998722515, 0.0 ], [ 109.738401326111671, -7.788368225916064, 0.0 ], [ 109.738391610724932, -7.788344242771761, 0.0 ], [ 109.738382629518284, -7.788322072125039, 0.0 ], [ 109.738376453007675, -7.788306824820522, 0.0 ], [ 109.738369133393419, -7.788288755708455, 0.0 ], [ 109.738359974300622, -7.788266145527856, 0.0 ], [ 109.738353037116283, -7.788249020525254, 0.0 ], [ 109.738338217087005, -7.788212436304217, 0.0 ], [ 109.738336940710425, -7.788209285474254, 0.0 ], [ 109.738320844538222, -7.788169550193778, 0.0 ], [ 109.738304748218653, -7.788129815058417, 0.0 ], [ 109.738299981674757, -7.788118048287027, 0.0 ], [ 109.738292008525093, -7.788098365733486, 0.0 ], [ 109.73828865199539, -7.788090079832408, 0.0 ], [ 109.738280680844596, -7.788070402433939, 0.0 ], [ 109.738272555627674, -7.788050344751624, 0.0 ], [ 109.738269353165407, -7.788042439134306, 0.0 ], [ 109.738261745897546, -7.788023659882193, 0.0 ], [ 109.738256459372039, -7.788010609563988, 0.0 ], [ 109.738246697894937, -7.787986512534951, 0.0 ], [ 109.738224816863948, -7.787932497107088, 0.0 ], [ 109.738224252016678, -7.787931153907929, 0.0 ], [ 109.738223379958214, -7.787929140874887, 0.0 ], [ 109.738207505825144, -7.78789206306795, 0.0 ], [ 109.738190413751738, -7.787853315135084, 0.0 ], [ 109.738179330008876, -7.787828919067894, 0.0 ], [ 109.738173017253231, -7.787814869014028, 0.0 ], [ 109.738169185031438, -7.787806589177354, 0.0 ], [ 109.738151216527129, -7.787780789224946, 0.0 ], [ 109.738128271452752, -7.787747843943404, 0.0 ], [ 109.738105326481957, -7.787714898557792, 0.0 ], [ 109.738099671581423, -7.787706779063481, 0.0 ], [ 109.738060686918047, -7.787650803848938, 0.0 ], [ 109.738059436243987, -7.787649008091194, 0.0 ], [ 109.738036491286337, -7.78761606270349, 0.0 ], [ 109.73802170261655, -7.787594828633386, 0.0 ], [ 109.738002210291853, -7.78756684102433, 0.0 ], [ 109.737834571491504, -7.787326138988412, 0.0 ], [ 109.737816811993383, -7.787353150511516, 0.0 ], [ 109.737813834710266, -7.787370773132903, 0.0 ], [ 109.737809677186462, -7.787395381937101, 0.0 ], [ 109.737807923690113, -7.787400259247711, 0.0 ], [ 109.737805093047783, -7.787426606260182, 0.0 ], [ 109.737804434976169, -7.787452785420112, 0.0 ], [ 109.737804665401129, -7.787456043482629, 0.0 ], [ 109.73780410140516, -7.787482462462548, 0.0 ], [ 109.737807700559856, -7.787538332333956, 0.0 ], [ 109.737809280283955, -7.787562854085641, 0.0 ], [ 109.737809751768907, -7.787570172626889, 0.0 ], [ 109.737811299792298, -7.787594202205542, 0.0 ], [ 109.73781265271279, -7.78761520356067, 0.0 ], [ 109.737813610428503, -7.787630070459834, 0.0 ], [ 109.737814898940258, -7.787650072076853, 0.0 ], [ 109.737818498038152, -7.787705941948015, 0.0 ], [ 109.737819397394887, -7.787719902688355, 0.0 ], [ 109.737821327606923, -7.787749865982807, 0.0 ], [ 109.737822097160731, -7.78776181181923, 0.0 ], [ 109.737822769744895, -7.787772252240765, 0.0 ], [ 109.737825186383759, -7.78780976393583, 0.0 ], [ 109.73782569645762, -7.787817681690893, 0.0 ], [ 109.737826142244842, -7.787824601644752, 0.0 ], [ 109.737829044983172, -7.787869661710203, 0.0 ], [ 109.737829295570393, -7.787873551562052, 0.0 ], [ 109.73783676213155, -7.787989457210159, 0.0 ], [ 109.737839631632866, -7.788033999870605, 0.0 ], [ 109.737840092963467, -7.788041161175509, 0.0 ], [ 109.737840620826503, -7.788049355075401, 0.0 ], [ 109.737843003975456, -7.78808634942944, 0.0 ], [ 109.737843692100199, -7.78809703104659, 0.0 ], [ 109.737844479437328, -7.788109252862735, 0.0 ], [ 109.737846376396007, -7.788138698914033, 0.0 ], [ 109.737847291292937, -7.788152900917923, 0.0 ], [ 109.737850890388657, -7.788208770788824, 0.0 ], [ 109.737848968016692, -7.78822580912908, 0.0 ], [ 109.737837231968072, -7.788259150379355, 0.0 ], [ 109.737836292007501, -7.788264586473248, 0.0 ], [ 109.737834992513513, -7.78826781388483, 0.0 ], [ 109.737831747260941, -7.788269591284672, 0.0 ], [ 109.737815765927323, -7.788264525351879, 0.0 ], [ 109.737787657756897, -7.788252605013664, 0.0 ], [ 109.737775791685195, -7.788251853840722, 0.0 ], [ 109.737757447110951, -7.788246038721911, 0.0 ], [ 109.737742790900256, -7.788241392811991, 0.0 ], [ 109.737719836115616, -7.78823411626057, 0.0 ], [ 109.73770022489559, -7.788227899562589, 0.0 ], [ 109.737675812798557, -7.788220161115233, 0.0 ], [ 109.737663880551864, -7.788216378657597, 0.0 ], [ 109.737637879204158, -7.788208136459895, 0.0 ], [ 109.737607924993426, -7.788198641203349, 0.0 ], [ 109.737594178635106, -7.788194283637334, 0.0 ], [ 109.737572526695388, -7.788187419988148, 0.0 ], [ 109.737551969441753, -7.788180903402474, 0.0 ], [ 109.737529960660339, -7.788173926765267, 0.0 ], [ 109.737512544154598, -7.788168405807524, 0.0 ], [ 109.737487394622377, -7.788160433541838, 0.0 ], [ 109.73745999361465, -7.788151747504015, 0.0 ], [ 109.737440058354821, -7.788145428120727, 0.0 ], [ 109.737430909807628, -7.78814252809014, 0.0 ], [ 109.737402262525265, -7.788133447118907, 0.0 ], [ 109.737384102819689, -7.788127690584902, 0.0 ], [ 109.737328147290143, -7.788109953068303, 0.0 ], [ 109.737317130394629, -7.788106460725722, 0.0 ], [ 109.737282107123619, -7.788095358477958, 0.0 ], [ 109.737272191767104, -7.788092215337834, 0.0 ], [ 109.737216236249168, -7.788074477807951, 0.0 ], [ 109.737189432340969, -7.788065980995817, 0.0 ], [ 109.737160280737953, -7.788056740002599, 0.0 ], [ 109.737104373204559, -7.788039017729017, 0.0 ], [ 109.737061734358079, -7.788025501189193, 0.0 ], [ 109.737048369731809, -7.788021264627803, 0.0 ], [ 109.736992414236809, -7.788003527132877, 0.0 ], [ 109.736976602212152, -7.787998514805548, 0.0 ], [ 109.736941104701842, -7.787987262190667, 0.0 ], [ 109.736936458748275, -7.787985789440184, 0.0 ], [ 109.736934036242658, -7.7879850215062, 0.0 ], [ 109.736891470276561, -7.787971528206307, 0.0 ], [ 109.736859470506204, -7.787961384436021, 0.0 ], [ 109.736848904226349, -7.787958034989701, 0.0 ], [ 109.736824547788174, -7.787950314089934, 0.0 ], [ 109.736806338279308, -7.787944541672396, 0.0 ], [ 109.736777836248322, -7.787935506592461, 0.0 ], [ 109.736768592317176, -7.787932576276968, 0.0 ], [ 109.736748449079386, -7.787926191000037, 0.0 ], [ 109.736721206239224, -7.78791755517801, 0.0 ], [ 109.73671263685128, -7.787914838709874, 0.0 ], [ 109.736656681391196, -7.787897101113506, 0.0 ], [ 109.736636074240636, -7.787890568635879, 0.0 ], [ 109.736614568142286, -7.787883751239776, 0.0 ], [ 109.736600725937535, -7.787879363267591, 0.0 ], [ 109.736570562706646, -7.78786980170493, 0.0 ], [ 109.736544770488862, -7.787861625693542, 0.0 ], [ 109.736532934120163, -7.787857873555133, 0.0 ], [ 109.736508376372555, -7.787850088695449, 0.0 ], [ 109.736488815047068, -7.787843887759824, 0.0 ], [ 109.736465810414813, -7.787836595379614, 0.0 ], [ 109.73645129978722, -7.787831995531586, 0.0 ], [ 109.736423244460497, -7.787823102063218, 0.0 ], [ 109.736392677517472, -7.787813412345955, 0.0 ], [ 109.736376904179807, -7.78780841222552, 0.0 ], [ 109.736373703672172, -7.787810169069921, 0.0 ], [ 109.736365957856691, -7.787813332694971, 0.0 ], [ 109.736334017569703, -7.787826378139591, 0.0 ], [ 109.736320830235712, -7.787830219017947, 0.0 ], [ 109.736306502789077, -7.787854798837852, 0.0 ], [ 109.736298230861891, -7.787868989916725, 0.0 ], [ 109.736208234060413, -7.788023385518207, 0.0 ], [ 109.736168216293493, -7.788092038775561, 0.0 ], [ 109.736162257286765, -7.788102261879994, 0.0 ], [ 109.736151964532311, -7.788119919878635, 0.0 ], [ 109.736141650815668, -7.788137613777125, 0.0 ], [ 109.736121044284999, -7.788172965620644, 0.0 ], [ 109.736103209047982, -7.78820356318119, 0.0 ], [ 109.736039339585702, -7.788313135344942, 0.0 ], [ 109.736005697975258, -7.788370849759181, 0.0 ], [ 109.735997405095787, -7.788385076719174, 0.0 ], [ 109.735976798510734, -7.788420428525371, 0.0 ], [ 109.735973194201136, -7.788426611943591, 0.0 ], [ 109.735940690520579, -7.788482374124293, 0.0 ], [ 109.735935585437844, -7.788491132236842, 0.0 ], [ 109.735926743128402, -7.788506301851011, 0.0 ], [ 109.73591497893463, -7.788526484129186, 0.0 ], [ 109.735908186895998, -7.788538136301157, 0.0 ], [ 109.735814146558795, -7.788699468159884, 0.0 ], [ 109.735778171870649, -7.78876118496731, 0.0 ], [ 109.735770732927378, -7.788773946950188, 0.0 ], [ 109.73575784823106, -7.788796051526171, 0.0 ], [ 109.735750126397008, -7.788809298832811, 0.0 ], [ 109.735745668211607, -7.788816947124166, 0.0 ], [ 109.73571316440605, -7.788872709276583, 0.0 ], [ 109.735706002899661, -7.788877082527753, 0.0 ], [ 109.735701591574809, -7.788878730320074, 0.0 ], [ 109.73569268680032, -7.788881520834861, 0.0 ], [ 109.735664805332604, -7.78889177516414, 0.0 ], [ 109.735645528329982, -7.788896912276173, 0.0 ], [ 109.735627509012076, -7.788900383314702, 0.0 ], [ 109.735589487236297, -7.788907707393975, 0.0 ], [ 109.735533446140849, -7.788918502565294, 0.0 ], [ 109.73540589228665, -7.788943073098562, 0.0 ], [ 109.735365322844316, -7.788950887938447, 0.0 ], [ 109.735341948756954, -7.788955390444324, 0.0 ], [ 109.735309281742133, -7.788961683020005, 0.0 ], [ 109.735291217221587, -7.788965162762346, 0.0 ], [ 109.735281261190295, -7.78896708058544, 0.0 ], [ 109.735253240638016, -7.788972478148802, 0.0 ], [ 109.735199168445945, -7.788982893931858, 0.0 ], [ 109.735150675207834, -7.78899223508986, 0.0 ], [ 109.735141158425066, -7.788994068282362, 0.0 ], [ 109.735128633836055, -7.788995171265975, 0.0 ], [ 109.735100024532571, -7.788997443241211, 0.0 ], [ 109.735085135567175, -7.7889987805786, 0.0 ], [ 109.735029136250731, -7.788995647365733, 0.0 ], [ 109.734984036341899, -7.788993123990885, 0.0 ], [ 109.734910160940188, -7.788988990586537, 0.0 ], [ 109.734805139005104, -7.78898311448057, 0.0 ], [ 109.734803783018506, -7.788983066341663, 0.0 ], [ 109.734749849274195, -7.788982267356331, 0.0 ], [ 109.734749132911048, -7.788982242840365, 0.0 ], [ 109.734748424134835, -7.788982255423654, 0.0 ], [ 109.734698025507043, -7.788986298469824, 0.0 ], [ 109.734693111804532, -7.788986373443187, 0.0 ], [ 109.734637090448388, -7.788990587284466, 0.0 ], [ 109.734581069092002, -7.788994801153855, 0.0 ], [ 109.734553058413908, -7.788996908074393, 0.0 ], [ 109.734525047735829, -7.788999014993034, 0.0 ], [ 109.734497037057878, -7.789001121900006, 0.0 ], [ 109.734469026379855, -7.7890032288019, 0.0 ], [ 109.734413005023782, -7.789007442651739, 0.0 ], [ 109.734356983667823, -7.789011656474538, 0.0 ], [ 109.73433412280589, -7.789013376012446, 0.0 ], [ 109.734328972989843, -7.78901376336368, 0.0 ], [ 109.734300962311963, -7.789015870250904, 0.0 ], [ 109.734244940956074, -7.789020084068333, 0.0 ], [ 109.734188919600271, -7.789024297887821, 0.0 ], [ 109.734132898244738, -7.789028511631738, 0.0 ], [ 109.734079790084266, -7.789032506311289, 0.0 ], [ 109.73395821184549, -7.789041651060195, 0.0 ], [ 109.733918546205061, -7.78904463460812, 0.0 ], [ 109.733880802144967, -7.78904747359105, 0.0 ], [ 109.733852791467385, -7.789049580464164, 0.0 ], [ 109.733814652043804, -7.789052449180425, 0.0 ], [ 109.733796770112079, -7.789053794204612, 0.0 ], [ 109.733768759434469, -7.789055901071983, 0.0 ], [ 109.733712738079376, -7.789060114797834, 0.0 ], [ 109.733663540190037, -7.789063815291195, 0.0 ], [ 109.733700945372405, -7.788933344564021, 0.0 ], [ 109.733713121616375, -7.788932428709946, 0.0 ], [ 109.733732817360149, -7.788930947271234, 0.0 ], [ 109.733748237768125, -7.788929787399457, 0.0 ], [ 109.733800184835772, -7.788925880128877, 0.0 ], [ 109.73385439559847, -7.78892180254386, 0.0 ], [ 109.733975973796461, -7.788912657825993, 0.0 ], [ 109.734021238976041, -7.788909253110051, 0.0 ], [ 109.734036762906527, -7.788908085440705, 0.0 ], [ 109.734059920122434, -7.788906343606496, 0.0 ], [ 109.734097552026, -7.788903513033586, 0.0 ], [ 109.734133281652873, -7.788900825551972, 0.0 ], [ 109.734245324329976, -7.788892397953819, 0.0 ], [ 109.734301345668598, -7.788888184162785, 0.0 ], [ 109.734329356337966, -7.788886077248168, 0.0 ], [ 109.734371602472677, -7.788882899568967, 0.0 ], [ 109.734441399015495, -7.78887764960989, 0.0 ], [ 109.734475496606478, -7.788875084854919, 0.0 ], [ 109.734527443643941, -7.788871177457295, 0.0 ], [ 109.734683284853006, -7.788859455325846, 0.0 ], [ 109.734749516380248, -7.788854473441574, 0.0 ], [ 109.734805537719453, -7.788850259582231, 0.0 ], [ 109.734861559058828, -7.78884604569913, 0.0 ], [ 109.734887452283076, -7.788844426198104, 0.0 ], [ 109.734891469232707, -7.788844223134403, 0.0 ], [ 109.734917578256542, -7.788842545507999, 0.0 ], [ 109.734945247518908, -7.788842153008848, 0.0 ], [ 109.734945983436489, -7.788842092166228, 0.0 ], [ 109.734973589692899, -7.788841631904185, 0.0 ], [ 109.73500117909532, -7.788843064861891, 0.0 ], [ 109.735002046119192, -7.788843113202085, 0.0 ], [ 109.735029589621973, -7.78884455365075, 0.0 ], [ 109.735085588918565, -7.788847686850601, 0.0 ], [ 109.735109650519988, -7.788846913574447, 0.0 ], [ 109.735117205922492, -7.78884660134741, 0.0 ], [ 109.735141603178349, -7.788845833494825, 0.0 ], [ 109.735309726434551, -7.788813448206455, 0.0 ], [ 109.735312699970635, -7.788812692089365, 0.0 ], [ 109.735354129898425, -7.788804177066324, 0.0 ], [ 109.735365773094685, -7.788800793539066, 0.0 ], [ 109.735389605454955, -7.788792142068531, 0.0 ], [ 109.735396266210813, -7.788790426319548, 0.0 ], [ 109.735421852029617, -7.788777378470463, 0.0 ], [ 109.735433289611251, -7.788771545708205, 0.0 ], [ 109.735446063495857, -7.788760194237527, 0.0 ], [ 109.735479236970065, -7.788703283191644, 0.0 ], [ 109.735534375373049, -7.788608690137868, 0.0 ], [ 109.735592330480728, -7.788509264629631, 0.0 ], [ 109.735646972028093, -7.788415523841442, 0.0 ], [ 109.735675121174424, -7.788367232214524, 0.0 ], [ 109.735684453634207, -7.788351221767789, 0.0 ], [ 109.735725666752629, -7.788280518107564, 0.0 ], [ 109.735738597272359, -7.788258334940468, 0.0 ], [ 109.735759568570984, -7.788222357328513, 0.0 ], [ 109.735815866799712, -7.78812577422554, 0.0 ], [ 109.735872165000742, -7.788029190938938, 0.0 ], [ 109.735928463173138, -7.787932607811943, 0.0 ], [ 109.735966123063605, -7.787867999706902, 0.0 ], [ 109.735972945114952, -7.78785629599098, 0.0 ], [ 109.735984761317837, -7.787836024501247, 0.0 ], [ 109.735998626705637, -7.787812237514575, 0.0 ], [ 109.736014878513771, -7.787784356416905, 0.0 ], [ 109.73603113028841, -7.787756475318155, 0.0 ], [ 109.73604105943437, -7.787739441178508, 0.0 ], [ 109.736097357522283, -7.787642858012124, 0.0 ], [ 109.736153655582498, -7.787546274665277, 0.0 ], [ 109.736209953614036, -7.787449691478032, 0.0 ], [ 109.736266251617906, -7.787353108107095, 0.0 ], [ 109.736294400609083, -7.78730481649485, 0.0 ], [ 109.736302648772565, -7.787290666156969, 0.0 ], [ 109.736323662547207, -7.787254615370599, 0.0 ], [ 109.736378847540735, -7.787159941500737, 0.0 ], [ 109.736391870017812, -7.787156076630853, 0.0 ], [ 109.736422955351912, -7.787143193088249, 0.0 ], [ 109.7364313874196, -7.787139698349444, 0.0 ], [ 109.73643492258779, -7.787137734371026, 0.0 ], [ 109.736439109433562, -7.787139061591946, 0.0 ], [ 109.736481675416869, -7.787152554802547, 0.0 ], [ 109.736508526764212, -7.787161066612118, 0.0 ], [ 109.736524241309837, -7.787166048103018, 0.0 ], [ 109.736546833294042, -7.787173209678736, 0.0 ], [ 109.736602788655603, -7.78719094741332, 0.0 ], [ 109.736609373133746, -7.787193034666454, 0.0 ], [ 109.736651939011651, -7.787206527984332, 0.0 ], [ 109.736671794814924, -7.787212822191044, 0.0 ], [ 109.73669450498987, -7.787220021195126, 0.0 ], [ 109.736714699396359, -7.787226422758918, 0.0 ], [ 109.736770654775, -7.787244160541531, 0.0 ], [ 109.736779636765561, -7.787247007802072, 0.0 ], [ 109.736822202775656, -7.787260500985131, 0.0 ], [ 109.736826610160094, -7.787261898110235, 0.0 ], [ 109.736882565550317, -7.787279635879599, 0.0 ], [ 109.736907334571399, -7.787287487569009, 0.0 ], [ 109.73691669689623, -7.787290455370523, 0.0 ], [ 109.73694990055715, -7.787300980769569, 0.0 ], [ 109.736992466461828, -7.787314474053488, 0.0 ], [ 109.736998330948978, -7.787316333068732, 0.0 ], [ 109.737035032482368, -7.787327967223812, 0.0 ], [ 109.737050431756956, -7.787332848729992, 0.0 ], [ 109.737106387170314, -7.787350586472763, 0.0 ], [ 109.737120164311605, -7.787354953769174, 0.0 ], [ 109.737162730345304, -7.787368446921499, 0.0 ], [ 109.737218298014952, -7.787386061731114, 0.0 ], [ 109.737246275729774, -7.787394930544744, 0.0 ], [ 109.737290428197724, -7.787408926626519, 0.0 ], [ 109.737324867255055, -7.787419843690727, 0.0 ], [ 109.737330208882753, -7.787421536959564, 0.0 ], [ 109.737334653549084, -7.787420774744681, 0.0 ], [ 109.737341848565833, -7.787425226706391, 0.0 ], [ 109.737386164325159, -7.787439274617284, 0.0 ], [ 109.737393078981768, -7.787432254540319, 0.0 ], [ 109.73739502678599, -7.787425385098194, 0.0 ], [ 109.737394795955694, -7.787416842796842, 0.0 ], [ 109.737395395291344, -7.787378552046465, 0.0 ], [ 109.737395172898957, -7.787369526386797, 0.0 ], [ 109.737391573853444, -7.787313656520641, 0.0 ], [ 109.737391270790283, -7.787308951971311, 0.0 ], [ 109.737387898516886, -7.78725660239444, 0.0 ], [ 109.737384375640147, -7.787201916787874, 0.0 ], [ 109.737380776593938, -7.787146046921609, 0.0 ], [ 109.737377177429082, -7.787090177055068, 0.0 ], [ 109.737373578382361, -7.787034307188743, 0.0 ], [ 109.737369979213881, -7.786978437322134, 0.0 ], [ 109.737366380166776, -7.786922567455835, 0.0 ], [ 109.73736278100094, -7.786866697589126, 0.0 ], [ 109.737359181953295, -7.786810827722785, 0.0 ], [ 109.737355582783934, -7.786754957856028, 0.0 ], [ 109.737351983735806, -7.786699087989625, 0.0 ], [ 109.737348384569074, -7.786643218122901, 0.0 ], [ 109.737344785520506, -7.786587348256456, 0.0 ], [ 109.737341186350179, -7.786531478389649, 0.0 ], [ 109.737337587301155, -7.78647560852318, 0.0 ], [ 109.737333941199267, -7.78641901006849, 0.0 ], [ 109.737330389083937, -7.786363868789793, 0.0 ], [ 109.73732679003426, -7.78630799892326, 0.0 ], [ 109.737323190862753, -7.786252129056347, 0.0 ], [ 109.737319591812536, -7.786196259189756, 0.0 ], [ 109.737315992643659, -7.786140389322795, 0.0 ], [ 109.737312393593029, -7.786084519456178, 0.0 ], [ 109.737308794420585, -7.78602864958918, 0.0 ], [ 109.737305195369458, -7.785972779722492, 0.0 ], [ 109.7373015961996, -7.78591690985541, 0.0 ], [ 109.737297997144907, -7.785861039988749, 0.0 ], [ 109.737270758144632, -7.785833029293674, 0.0 ], [ 109.737261007411732, -7.785823002307909, 0.0 ], [ 109.737243519207169, -7.785805018597567, 0.0 ], [ 109.737214186244103, -7.785796081921148, 0.0 ], [ 109.737167093816268, -7.785781734602056, 0.0 ], [ 109.736775392942405, -7.785662397618648, 0.0 ], [ 109.736733030195026, -7.785649491202872, 0.0 ], [ 109.736712151156382, -7.785643130106179, 0.0 ], [ 109.736669180349011, -7.785630038409846, 0.0 ], [ 109.73662620952625, -7.785616946732159, 0.0 ], [ 109.736595468779115, -7.785607581109523, 0.0 ], [ 109.736327735137294, -7.785526012059988, 0.0 ], [ 109.736324892697553, -7.785525821547217, 0.0 ], [ 109.736317733039854, -7.785522964768837, 0.0 ], [ 109.73627177793685, -7.785508963840812, 0.0 ], [ 109.736258052990522, -7.785509098910929, 0.0 ], [ 109.736222287007692, -7.785522680302359, 0.0 ], [ 109.736218100886973, -7.785525040890553, 0.0 ], [ 109.736215716728225, -7.785526627943864, 0.0 ], [ 109.736159585580822, -7.78556763017969, 0.0 ], [ 109.736068807562816, -7.785633941075563, 0.0 ], [ 109.736056825564035, -7.785643363613915, 0.0 ], [ 109.736047315439407, -7.78565224247343, 0.0 ], [ 109.736028189165125, -7.785670658826848, 0.0 ], [ 109.736012506694848, -7.785689632366324, 0.0 ], [ 109.73596872394215, -7.78580122008696, 0.0 ], [ 109.735946832471512, -7.785857013943783, 0.0 ], [ 109.735880318131265, -7.786026536738914, 0.0 ], [ 109.735859266776288, -7.786080189349631, 0.0 ], [ 109.735793492796915, -7.78624782498132, 0.0 ], [ 109.735771700972251, -7.786303364720228, 0.0 ], [ 109.735706026611666, -7.78647074622524, 0.0 ], [ 109.735684135059387, -7.786526540055573, 0.0 ], [ 109.735618460617161, -7.786693921534093, 0.0 ], [ 109.735595953996025, -7.786751282883605, 0.0 ], [ 109.735552786026446, -7.786861302992588, 0.0 ], [ 109.73554907690864, -7.786870756219605, 0.0 ], [ 109.735539514236365, -7.786895128149214, 0.0 ], [ 109.735530894513786, -7.786917096807791, 0.0 ], [ 109.735509002907051, -7.786972890620492, 0.0 ], [ 109.735465219841416, -7.787084478239826, 0.0 ], [ 109.735453906240608, -7.787113312560312, 0.0 ], [ 109.735438662830944, -7.787152162608667, 0.0 ], [ 109.735421436667551, -7.787196065850068, 0.0 ], [ 109.735377653547502, -7.787307653451771, 0.0 ], [ 109.735355761977317, -7.787363447249298, 0.0 ], [ 109.735333870319252, -7.787419241044386, 0.0 ], [ 109.735290087144747, -7.787530828628453, 0.0 ], [ 109.735280928122918, -7.787554171628374, 0.0 ], [ 109.735268195531731, -7.787586622417122, 0.0 ], [ 109.735265154643528, -7.787594372535779, 0.0 ], [ 109.735257249705555, -7.787614519310551, 0.0 ], [ 109.735246303858915, -7.787642416203426, 0.0 ], [ 109.735202520633138, -7.787754003769878, 0.0 ], [ 109.735186287112967, -7.787795376971046, 0.0 ], [ 109.735169683134387, -7.787837694438711, 0.0 ], [ 109.735158737292863, -7.787865591327217, 0.0 ], [ 109.735114954012644, -7.787977178876035, 0.0 ], [ 109.735093062276619, -7.788032972646865, 0.0 ], [ 109.735075872463412, -7.788076783172588, 0.0 ], [ 109.735071170617928, -7.788088766415708, 0.0 ], [ 109.735031554367822, -7.788189733588682, 0.0 ], [ 109.735025228291605, -7.788194051234805, 0.0 ], [ 109.735005622588162, -7.788200288993444, 0.0 ], [ 109.734982299834371, -7.788207007123997, 0.0 ], [ 109.7349754904956, -7.788208151833817, 0.0 ], [ 109.734966835852958, -7.788208802828036, 0.0 ], [ 109.734930939234346, -7.788211502894042, 0.0 ], [ 109.734919469241063, -7.788212365658491, 0.0 ], [ 109.734863447986243, -7.788216579592127, 0.0 ], [ 109.734845257873559, -7.78821794783432, 0.0 ], [ 109.734827045290743, -7.788219317783281, 0.0 ], [ 109.734807426731606, -7.788220793466361, 0.0 ], [ 109.734639362967826, -7.788233435166589, 0.0 ], [ 109.734619257394826, -7.788234947473896, 0.0 ], [ 109.734602101737593, -7.788236237914018, 0.0 ], [ 109.734567310398475, -7.788238854856681, 0.0 ], [ 109.73454131279685, -7.788240810316363, 0.0 ], [ 109.734527320459392, -7.788241862791723, 0.0 ], [ 109.7342472141885, -7.788262932066678, 0.0 ], [ 109.734237367597061, -7.788263672700981, 0.0 ], [ 109.734203681503388, -7.788266206438037, 0.0 ], [ 109.734176578672361, -7.788268245040002, 0.0 ], [ 109.734151734516828, -7.788270113778363, 0.0 ], [ 109.734135171681061, -7.788271359585559, 0.0 ], [ 109.73391108666614, -7.788288214807666, 0.0 ], [ 109.733891999665715, -7.788289650463403, 0.0 ], [ 109.733885344676779, -7.788290151036701, 0.0 ], [ 109.734021900788747, -7.787813835120917, 0.0 ], [ 109.734024528853979, -7.787813637441931, 0.0 ], [ 109.73403130928709, -7.787813127445925, 0.0 ], [ 109.734077383027866, -7.787809662084101, 0.0 ], [ 109.734080550044297, -7.787809423874179, 0.0 ], [ 109.734083256411125, -7.787809220306237, 0.0 ], [ 109.734135203193446, -7.787805312819057, 0.0 ], [ 109.734187150109406, -7.787801405458494, 0.0 ], [ 109.734198961091039, -7.787800517062123, 0.0 ], [ 109.734239097118675, -7.787797498185613, 0.0 ], [ 109.734248613617908, -7.787796782377331, 0.0 ], [ 109.734472698383755, -7.787779926932255, 0.0 ], [ 109.734498831681009, -7.787777961235976, 0.0 ], [ 109.734500708979425, -7.787777820023463, 0.0 ], [ 109.734528719575152, -7.787775713109522, 0.0 ], [ 109.734752804342477, -7.787758857470649, 0.0 ], [ 109.734758566198309, -7.787758424074623, 0.0 ], [ 109.734806850455399, -7.787754792369048, 0.0 ], [ 109.734810513329407, -7.787754516853411, 0.0 ], [ 109.73486246011251, -7.787750609274926, 0.0 ], [ 109.734864846726126, -7.78775042975465, 0.0 ], [ 109.734868048894398, -7.787749813878509, 0.0 ], [ 109.734913619520796, -7.787745911700734, 0.0 ], [ 109.73492087432254, -7.787744081327911, 0.0 ], [ 109.734936152606537, -7.787712492810473, 0.0 ], [ 109.734942643583878, -7.787697369189343, 0.0 ], [ 109.73495358942327, -7.787669472307755, 0.0 ], [ 109.73496453524848, -7.787641575425611, 0.0 ], [ 109.734968099272507, -7.787632491997001, 0.0 ], [ 109.734975481050242, -7.787613678542819, 0.0 ], [ 109.734983872780433, -7.787592291105536, 0.0 ], [ 109.734999646328305, -7.787552090258421, 0.0 ], [ 109.73501541985091, -7.787511889387387, 0.0 ], [ 109.735019264405281, -7.787502091006743, 0.0 ], [ 109.735030210214077, -7.78747419412124, 0.0 ], [ 109.735031193338955, -7.78747168848274, 0.0 ], [ 109.735052101826568, -7.787418400348635, 0.0 ], [ 109.735063744473962, -7.787388727579254, 0.0 ], [ 109.735094287401623, -7.787310885005329, 0.0 ], [ 109.735099507869108, -7.787297579897377, 0.0 ], [ 109.735110060837798, -7.787270684062519, 0.0 ], [ 109.735117776722944, -7.787251019017869, 0.0 ], [ 109.73513966839856, -7.7871952252367, 0.0 ], [ 109.73515738125559, -7.787150081353777, 0.0 ], [ 109.73516155992094, -7.787139431452855, 0.0 ], [ 109.735172505748096, -7.78711153456041, 0.0 ], [ 109.735183451558044, -7.787083637667268, 0.0 ], [ 109.735204701747222, -7.787029478741938, 0.0 ], [ 109.735206797598593, -7.787024137158516, 0.0 ], [ 109.735220475161768, -7.786989277794294, 0.0 ], [ 109.735227234727688, -7.786972050089101, 0.0 ], [ 109.735236248641115, -7.786949076913746, 0.0 ], [ 109.735242560739835, -7.786932989630641, 0.0 ], [ 109.735249126335063, -7.786916256296827, 0.0 ], [ 109.73526779559235, -7.786868675152475, 0.0 ], [ 109.735271017951177, -7.78686046250236, 0.0 ], [ 109.735278323962945, -7.786841842000054, 0.0 ], [ 109.735283568995825, -7.786828474203537, 0.0 ], [ 109.735292909426477, -7.786804668705324, 0.0 ], [ 109.735314801047693, -7.786748874906506, 0.0 ], [ 109.73533088930634, -7.786707871470055, 0.0 ], [ 109.735336692524996, -7.786693081105094, 0.0 ], [ 109.73534414759871, -7.786674080805892, 0.0 ], [ 109.735347638321841, -7.786665184203826, 0.0 ], [ 109.735358584101434, -7.78663728730184, 0.0 ], [ 109.735378209662798, -7.786587268800896, 0.0 ], [ 109.735385613432584, -7.786568399160104, 0.0 ], [ 109.73539398305094, -7.786547067850491, 0.0 ], [ 109.735402367168447, -7.78652569968845, 0.0 ], [ 109.735409756488309, -7.786506866954113, 0.0 ], [ 109.735424258712001, -7.786469905878517, 0.0 ], [ 109.735441303352545, -7.786426465157913, 0.0 ], [ 109.735446150264337, -7.786414112066391, 0.0 ], [ 109.735457027113256, -7.786386390661028, 0.0 ], [ 109.735468041694602, -7.786358318251753, 0.0 ], [ 109.735489933261348, -7.786302524435341, 0.0 ], [ 109.735504396926686, -7.786265661438118, 0.0 ], [ 109.735511824693603, -7.786246730616342, 0.0 ], [ 109.73552017033316, -7.78622546052723, 0.0 ], [ 109.735522770456996, -7.786218833706107, 0.0 ], [ 109.735533716206263, -7.786190936795384, 0.0 ], [ 109.735541686630512, -7.786170622996924, 0.0 ], [ 109.73555171715104, -7.786145058718307, 0.0 ], [ 109.735555607730831, -7.786135142972279, 0.0 ], [ 109.735564428815707, -7.786112661014672, 0.0 ], [ 109.735567490512707, -7.786104857768225, 0.0 ], [ 109.735577499173786, -7.786079349146763, 0.0 ], [ 109.735583263911238, -7.786064656859281, 0.0 ], [ 109.735599037287642, -7.786024455929665, 0.0 ], [ 109.735614810685334, -7.785984255028156, 0.0 ], [ 109.735621282145289, -7.785967761489405, 0.0 ], [ 109.735630584029806, -7.785944054067037, 0.0 ], [ 109.735643173530406, -7.785911967657116, 0.0 ], [ 109.735665065039669, -7.785856173823116, 0.0 ], [ 109.73567790411964, -7.785823451271008, 0.0 ], [ 109.73568695642679, -7.785800379986466, 0.0 ], [ 109.735693677481052, -7.785783250341068, 0.0 ], [ 109.735707480779752, -7.785748070406683, 0.0 ], [ 109.735725224214974, -7.785702848500441, 0.0 ], [ 109.735730739336461, -7.785688792307146, 0.0 ], [ 109.735740997544042, -7.785662647544299, 0.0 ], [ 109.735743243763707, -7.785656922702888, 0.0 ], [ 109.73575263074369, -7.785632998464005, 0.0 ], [ 109.735757436951758, -7.785623114878597, 0.0 ], [ 109.735767408008613, -7.785607531462285, 0.0 ], [ 109.735779351042211, -7.785589075064306, 0.0 ], [ 109.735789557679567, -7.785577249448137, 0.0 ], [ 109.735823581555124, -7.785552395923205, 0.0 ], [ 109.735841459622137, -7.785539336487819, 0.0 ], [ 109.735865716690071, -7.785521617393421, 0.0 ], [ 109.735873774169491, -7.785515731643113, 0.0 ], [ 109.735938403219777, -7.785468521898961, 0.0 ], [ 109.735991975036441, -7.785429389190301, 0.0 ], [ 109.736003032293624, -7.78542131218152, 0.0 ], [ 109.736018034840768, -7.785410353233527, 0.0 ], [ 109.736048106176227, -7.785388386895066, 0.0 ], [ 109.736067661294683, -7.785374102396578, 0.0 ], [ 109.736094193800255, -7.785354721127695, 0.0 ], [ 109.736100594426873, -7.785351118185111, 0.0 ], [ 109.736104229083651, -7.785350128330017, 0.0 ], [ 109.736107988017082, -7.78535101067995, 0.0 ], [ 109.736158852940349, -7.785353543347743, 0.0 ], [ 109.736160226389401, -7.78535378248946, 0.0 ], [ 109.736163990103563, -7.785354929166783, 0.0 ], [ 109.736203305790127, -7.785367898595679, 0.0 ], [ 109.736216183563272, -7.785370830745365, 0.0 ], [ 109.736328097928066, -7.785404927165949, 0.0 ], [ 109.736375953744385, -7.785419507194727, 0.0 ], [ 109.7364400123152, -7.785439023595441, 0.0 ], [ 109.736467990915486, -7.785447547701118, 0.0 ], [ 109.736495969517108, -7.785456071811558, 0.0 ] ] ], [ [ [ 109.736991832748075, -7.785366721944952, 0.0 ], [ 109.7369468120486, -7.785479869900079, 0.0 ], [ 109.736943970988804, -7.785477704425052, 0.0 ], [ 109.736937161994391, -7.785475747950056, 0.0 ], [ 109.73693277624713, -7.785468938181088, 0.0 ], [ 109.736908680709718, -7.785448291415348, 0.0 ], [ 109.736888089567927, -7.785435342193885, 0.0 ], [ 109.736874187437891, -7.785426795153066, 0.0 ], [ 109.736858181367552, -7.78541285683048, 0.0 ], [ 109.736851711412029, -7.785393385025209, 0.0 ], [ 109.736832230182827, -7.785385626215378, 0.0 ], [ 109.736816693282591, -7.785372409106849, 0.0 ], [ 109.73678802227596, -7.785356788684397, 0.0 ], [ 109.736812592622954, -7.785337131758927, 0.0 ], [ 109.736832384544613, -7.785334085206519, 0.0 ], [ 109.736888358501716, -7.785345542255521, 0.0 ], [ 109.736897982366884, -7.785347512129116, 0.0 ], [ 109.736944012216142, -7.785356933779267, 0.0 ], [ 109.73699110767329, -7.78536657353301, 0.0 ], [ 109.736991832748075, -7.785366721944952, 0.0 ] ] ] ] } }
]
}
