{
"type": "FeatureCollection",
"name": "mat_kontur",
"crs": { "type": "name", "properties": { "name": "urn:ogc:def:crs:OGC:1.3:CRS84" } },
"features": [
{ "type": "Feature", "properties": { "Id": 35, "Contour": 18.0, "Skor": 2.0, "Shape_Leng": 0.83461183337699996 }, "geometry": { "type": "LineString", "coordinates": [ [ 109.736873839951102, -7.790048783889977, 0.0 ], [ 109.736874270016116, -7.790048405019791, 0.0 ], [ 109.736875905662345, -7.790047588996763, 0.0 ], [ 109.73687605892755, -7.790049218286768, 0.0 ], [ 109.736874877451328, -7.790049824819445, 0.0 ], [ 109.736874265180376, -7.790050018728079, 0.0 ], [ 109.736873788834458, -7.790049687581673, 0.0 ], [ 109.736873640695023, -7.790049211078856, 0.0 ], [ 109.736873839951102, -7.790048783889977, 0.0 ] ] } },
{ "type": "Feature", "properties": { "Id": 58, "Contour": 16.0, "Skor": 2.0, "Shape_Leng": 4.9772075944900003 }, "geometry": { "type": "LineString", "coordinates": [ [ 109.73327485890978, -7.794227897728545, 0.0 ], [ 109.733275816755835, -7.794229215889883, 0.0 ], [ 109.733277131932624, -7.794230433145321, 0.0 ], [ 109.733282881346, -7.794233665396872, 0.0 ], [ 109.73329286057762, -7.794227951565998, 0.0 ], [ 109.733281354429508, -7.79422372610336, 0.0 ], [ 109.733277156734786, -7.794222184529922, 0.0 ], [ 109.733274383782856, -7.794225139658695, 0.0 ], [ 109.73327485890978, -7.794227897728545, 0.0 ] ] } },
{ "type": "Feature", "properties": { "Id": 56, "Contour": 17.0, "Skor": 2.0, "Shape_Leng": 4875.8472541499996 }, "geometry": { "type": "MultiLineString", "coordinates": [ [ [ 109.733534692310471, -7.789513240855431, 0.0 ], [ 109.733571290956149, -7.78953457750503, 0.0 ], [ 109.733572586642836, -7.789535332884564, 0.0 ], [ 109.733607960881741, -7.789555956168738, 0.0 ], [ 109.733627201790924, -7.789567173520528, 0.0 ], [ 109.733683112636868, -7.789599768969746, 0.0 ], [ 109.733699702508588, -7.789609440776255, 0.0 ], [ 109.733714084349515, -7.789617825283621, 0.0 ], [ 109.733739023491026, -7.789632364808018, 0.0 ], [ 109.73376743350579, -7.789648927709909, 0.0 ], [ 109.733863741998363, -7.789705074520353, 0.0 ], [ 109.733890956779604, -7.78972094051496, 0.0 ], [ 109.733926331102523, -7.789741563732221, 0.0 ], [ 109.733961705604244, -7.7897621867662, 0.0 ], [ 109.734056358110621, -7.789817368084613, 0.0 ], [ 109.734067829304124, -7.789824055689141, 0.0 ], [ 109.734099582868367, -7.789842567982446, 0.0 ], [ 109.734103203639634, -7.789844678897515, 0.0 ], [ 109.734130399738689, -7.789860534033256, 0.0 ], [ 109.734149624061772, -7.789854351341578, 0.0 ], [ 109.734162144822548, -7.789849310677689, 0.0 ], [ 109.734186460638341, -7.789843189203811, 0.0 ], [ 109.734298674004933, -7.789778000711538, 0.0 ], [ 109.734308656790191, -7.789772201336879, 0.0 ], [ 109.734326727341625, -7.78976170358295, 0.0 ], [ 109.734410887339976, -7.789712812183804, 0.0 ], [ 109.73441475141054, -7.789710567395707, 0.0 ], [ 109.7344213396985, -7.789706740050103, 0.0 ], [ 109.734466993995667, -7.78968021790336, 0.0 ], [ 109.734485481099313, -7.789669478040625, 0.0 ], [ 109.734517001818105, -7.789651166635781, 0.0 ], [ 109.734579207283375, -7.789615029322444, 0.0 ], [ 109.734591575672638, -7.78960784404654, 0.0 ], [ 109.734612663917886, -7.789595593195656, 0.0 ], [ 109.73463531391539, -7.789582435018647, 0.0 ], [ 109.734662305326964, -7.789566754652962, 0.0 ], [ 109.734667441569741, -7.789563770841132, 0.0 ], [ 109.734691420539747, -7.789549840628277, 0.0 ], [ 109.73469751915151, -7.789546058455301, 0.0 ], [ 109.734706323331025, -7.789540013750696, 0.0 ], [ 109.734715148433949, -7.789516475503972, 0.0 ], [ 109.734717853521289, -7.789510433454915, 0.0 ], [ 109.734725670474106, -7.789484212427076, 0.0 ], [ 109.734736530557043, -7.789428385763894, 0.0 ], [ 109.734747390115473, -7.789372559098272, 0.0 ], [ 109.734747970383225, -7.789369576201242, 0.0 ], [ 109.734756602320957, -7.789325203559892, 0.0 ], [ 109.734760675670017, -7.789304263844422, 0.0 ], [ 109.734765721209186, -7.789278325895151, 0.0 ], [ 109.734774097780814, -7.789235265119611, 0.0 ], [ 109.734774840259249, -7.789231448395506, 0.0 ], [ 109.734783959222597, -7.789184570810768, 0.0 ], [ 109.734787520063691, -7.789166266212625, 0.0 ], [ 109.734793078310503, -7.789137693352086, 0.0 ], [ 109.73480094206532, -7.789097267578701, 0.0 ], [ 109.734801689402488, -7.78909342576153, 0.0 ], [ 109.734804856810101, -7.78907714275495, 0.0 ], [ 109.7348113159278, -7.789043937883894, 0.0 ], [ 109.734814363970131, -7.789028269033866, 0.0 ], [ 109.734820435047538, -7.788997060465545, 0.0 ], [ 109.734823408984397, -7.788981772420287, 0.0 ], [ 109.73482272856009, -7.788964284183494, 0.0 ], [ 109.734811159840902, -7.788931727712898, 0.0 ], [ 109.734810718664903, -7.78892587544952, 0.0 ], [ 109.734807665344363, -7.788923525105384, 0.0 ], [ 109.734805320479722, -7.788922645934064, 0.0 ], [ 109.734076719231282, -7.788811965601138, 0.0 ], [ 109.73403196204832, -7.7888014603199, 0.0 ], [ 109.734000706934324, -7.788790906917022, 0.0 ], [ 109.733989548611135, -7.788787815579415, 0.0 ], [ 109.733949663506507, -7.788771664317575, 0.0 ], [ 109.733921129963662, -7.788755641788709, 0.0 ], [ 109.733981013268064, -7.788699961592309, 0.0 ], [ 109.734040898894349, -7.788644281391792, 0.0 ], [ 109.734160665428107, -7.78853292094328, 0.0 ], [ 109.734220551007468, -7.788477240709341, 0.0 ], [ 109.734340317444222, -7.788365880193953, 0.0 ], [ 109.734400202976644, -7.788310199926539, 0.0 ], [ 109.734519969322662, -7.788198839344285, 0.0 ], [ 109.734579854808118, -7.788143159043429, 0.0 ], [ 109.734639801192415, -7.788087419915706, 0.0 ], [ 109.734695966500283, -7.788035198511237, 0.0 ], [ 109.734697736316591, -7.788033552934466, 0.0 ], [ 109.734726718333093, -7.788006604362893, 0.0 ], [ 109.734752131801002, -7.787982974911049, 0.0 ], [ 109.73475950649572, -7.787976118060001, 0.0 ], [ 109.73481938958426, -7.78792043770756, 0.0 ], [ 109.734879274988415, -7.787864757351002, 0.0 ], [ 109.734920627611928, -7.787826306917678, 0.0 ], [ 109.734928129577867, -7.787816496652341, 0.0 ], [ 109.73495060086249, -7.787783015755815, 0.0 ], [ 109.734955737562331, -7.787774265921615, 0.0 ], [ 109.734968464583091, -7.787753305342234, 0.0 ], [ 109.734971526788598, -7.787747984368949, 0.0 ], [ 109.734976900465625, -7.787738217120669, 0.0 ], [ 109.735033221044731, -7.78763421088677, 0.0 ], [ 109.735089541585396, -7.787530207202053, 0.0 ], [ 109.735145862103067, -7.78742620094003, 0.0 ], [ 109.73520218258227, -7.787322197230393, 0.0 ], [ 109.735258503038466, -7.787218190946738, 0.0 ], [ 109.735314823456235, -7.787114187212184, 0.0 ], [ 109.735371143850998, -7.78701018090368, 0.0 ], [ 109.735427464207334, -7.786906177144256, 0.0 ], [ 109.735483784540634, -7.786802170807653, 0.0 ], [ 109.735540104835522, -7.786698167023332, 0.0 ], [ 109.735596425107332, -7.78659416066505, 0.0 ], [ 109.735652745340801, -7.786490156855883, 0.0 ], [ 109.735709065551205, -7.786386150472715, 0.0 ], [ 109.735765385723184, -7.786282146638669, 0.0 ], [ 109.735821705872169, -7.786178140230593, 0.0 ], [ 109.735878025982728, -7.786074136371702, 0.0 ], [ 109.735934346070252, -7.785970129935495, 0.0 ], [ 109.735990666119392, -7.785866126051713, 0.0 ], [ 109.736046986145482, -7.785762119593914, 0.0 ], [ 109.736055920484418, -7.78574562090614, 0.0 ], [ 109.736073172815949, -7.785719682255019, 0.0 ], [ 109.736074655575322, -7.785717279337999, 0.0 ], [ 109.736098794686498, -7.785689889587276, 0.0 ], [ 109.736102390447371, -7.785689079605059, 0.0 ], [ 109.736103213610761, -7.785688989598542, 0.0 ], [ 109.736159224423517, -7.785688151247449, 0.0 ], [ 109.736271246049739, -7.785686475277481, 0.0 ], [ 109.736327256865422, -7.785685636904079, 0.0 ], [ 109.73633160716399, -7.785686242983362, 0.0 ], [ 109.736378187254545, -7.785685657996646, 0.0 ], [ 109.736383263478047, -7.785686201677612, 0.0 ], [ 109.736386446740923, -7.785687568070322, 0.0 ], [ 109.736397705265858, -7.785690780491661, 0.0 ], [ 109.736428705426505, -7.785701365779918, 0.0 ], [ 109.736439221928478, -7.785702842431623, 0.0 ], [ 109.736460306597522, -7.785712022991731, 0.0 ], [ 109.736469699633389, -7.785716417084253, 0.0 ], [ 109.736495159927429, -7.785726311567715, 0.0 ], [ 109.736542055044552, -7.785747069784446, 0.0 ], [ 109.736548299009527, -7.785749879565222, 0.0 ], [ 109.736551094068361, -7.785751070925844, 0.0 ], [ 109.736669102331248, -7.785803307480553, 0.0 ], [ 109.736689425271891, -7.785859227169186, 0.0 ], [ 109.73666819686774, -7.785915023053263, 0.0 ], [ 109.736625738964236, -7.786026614811931, 0.0 ], [ 109.736604510540161, -7.786082410689686, 0.0 ], [ 109.736562052596838, -7.786194002435706, 0.0 ], [ 109.73654082415284, -7.786249798307142, 0.0 ], [ 109.736498366169684, -7.786361390040521, 0.0 ], [ 109.736493216680913, -7.786374924709148, 0.0 ], [ 109.736480755757697, -7.786404858423457, 0.0 ], [ 109.736464650219588, -7.786444726072735, 0.0 ], [ 109.736464200196792, -7.786445874485304, 0.0 ], [ 109.736453438258835, -7.786472974404369, 0.0 ], [ 109.73644874436134, -7.786484794068461, 0.0 ], [ 109.736436786084397, -7.786515831492102, 0.0 ], [ 109.736430964288544, -7.78652876655304, 0.0 ], [ 109.736426290924257, -7.786539150124428, 0.0 ], [ 109.736415386276391, -7.786563378575631, 0.0 ], [ 109.736398014784342, -7.786601976087429, 0.0 ], [ 109.736380750278627, -7.786640335147886, 0.0 ], [ 109.736380642915748, -7.786640573224417, 0.0 ], [ 109.736380402278883, -7.786641108343228, 0.0 ], [ 109.736355643221771, -7.786696119441128, 0.0 ], [ 109.736345899826446, -7.786717768153867, 0.0 ], [ 109.736335768308066, -7.786740278804253, 0.0 ], [ 109.73632852812716, -7.786756365468871, 0.0 ], [ 109.73631115670392, -7.786794963061929, 0.0 ], [ 109.736293785047096, -7.78683356042625, 0.0 ], [ 109.736290507675648, -7.786840842420687, 0.0 ], [ 109.736280322678809, -7.786863472306686, 0.0 ], [ 109.736267634548554, -7.786891663484651, 0.0 ], [ 109.736259041797098, -7.786910755216172, 0.0 ], [ 109.736255215594653, -7.786919256589187, 0.0 ], [ 109.736230108502937, -7.786975040868994, 0.0 ], [ 109.73622429851396, -7.786987949987825, 0.0 ], [ 109.736206926751947, -7.787026547254855, 0.0 ], [ 109.736199985036393, -7.787041970921997, 0.0 ], [ 109.736189555265952, -7.787065144803108, 0.0 ], [ 109.736179894592766, -7.787086609421332, 0.0 ], [ 109.736154723379627, -7.787142535454949, 0.0 ], [ 109.736137440214463, -7.787180936862022, 0.0 ], [ 109.736120068521274, -7.787219534210283, 0.0 ], [ 109.736109462898568, -7.78724309879423, 0.0 ], [ 109.736104573597345, -7.787253962229435, 0.0 ], [ 109.73609848266797, -7.78726749535487, 0.0 ], [ 109.73608532523275, -7.787296729013289, 0.0 ], [ 109.736079466460055, -7.787309746493031, 0.0 ], [ 109.736054359315148, -7.787365530753928, 0.0 ], [ 109.736050581876853, -7.787373923759161, 0.0 ], [ 109.736033210078475, -7.787412521013284, 0.0 ], [ 109.736018940064952, -7.787444227222204, 0.0 ], [ 109.736015838521951, -7.787451118512934, 0.0 ], [ 109.736004145220733, -7.78747709926829, 0.0 ], [ 109.735985714558993, -7.787518048877149, 0.0 ], [ 109.735979037837993, -7.787532883520493, 0.0 ], [ 109.735973678309449, -7.787544791720109, 0.0 ], [ 109.73596372336138, -7.787566910529893, 0.0 ], [ 109.73594635163181, -7.787605507868451, 0.0 ], [ 109.735928980128577, -7.787644105433114, 0.0 ], [ 109.735928417710866, -7.787645355040491, 0.0 ], [ 109.735911608307873, -7.787682702681377, 0.0 ], [ 109.735903716953231, -7.787700236264762, 0.0 ], [ 109.735878609758274, -7.787756020506796, 0.0 ], [ 109.735876864879231, -7.787759897401433, 0.0 ], [ 109.735872946292318, -7.787768603831461, 0.0 ], [ 109.735853502552615, -7.787811804746124, 0.0 ], [ 109.735842121436079, -7.78783709211314, 0.0 ], [ 109.73583789454851, -7.787846483527524, 0.0 ], [ 109.735824749662413, -7.78787568941993, 0.0 ], [ 109.735807378133742, -7.787914286975525, 0.0 ], [ 109.735803288626528, -7.787923373218208, 0.0 ], [ 109.735778181101963, -7.787979157448597, 0.0 ], [ 109.735772634378691, -7.787991481394267, 0.0 ], [ 109.735755262839092, -7.788030078949236, 0.0 ], [ 109.735747371890653, -7.788047611382237, 0.0 ], [ 109.735737891019312, -7.788068676220395, 0.0 ], [ 109.735727967074169, -7.788090725904331, 0.0 ], [ 109.735703147517953, -7.78814587091465, 0.0 ], [ 109.735702110243381, -7.788148175575706, 0.0 ], [ 109.735677752567227, -7.788202294347979, 0.0 ], [ 109.735668404002041, -7.788223065600489, 0.0 ], [ 109.735656848533878, -7.788248739799142, 0.0 ], [ 109.735651032151637, -7.788261662855422, 0.0 ], [ 109.735633660586558, -7.788300260401355, 0.0 ], [ 109.735627538456839, -7.78831386278211, 0.0 ], [ 109.735602430879112, -7.788369646993591, 0.0 ], [ 109.735598916761901, -7.788377454794304, 0.0 ], [ 109.735581545185951, -7.788416052333117, 0.0 ], [ 109.735566325678533, -7.788449867583745, 0.0 ], [ 109.735564173367052, -7.788454649630304, 0.0 ], [ 109.735546801693701, -7.788493247078807, 0.0 ], [ 109.735529429792976, -7.788531844298737, 0.0 ], [ 109.73552710952157, -7.788536999616087, 0.0 ], [ 109.735502002209572, -7.788592783817695, 0.0 ], [ 109.735494686201193, -7.788609038958744, 0.0 ], [ 109.735478256158842, -7.788645543508657, 0.0 ], [ 109.735476894889956, -7.788648568016591, 0.0 ], [ 109.735475802174264, -7.788650995875702, 0.0 ], [ 109.73545994267883, -7.788686233694829, 0.0 ], [ 109.735442570846899, -7.78872483099594, 0.0 ], [ 109.735430541322884, -7.78875155908025, 0.0 ], [ 109.735426680891777, -7.788760136408254, 0.0 ], [ 109.735425618486389, -7.78876384916261, 0.0 ], [ 109.735421136708567, -7.788788049417629, 0.0 ], [ 109.735416868415683, -7.788811096802928, 0.0 ], [ 109.735416386652872, -7.788815964796187, 0.0 ], [ 109.735418946902257, -7.788871831536787, 0.0 ], [ 109.735421511653399, -7.788927808853758, 0.0 ], [ 109.735423943322985, -7.788980870167164, 0.0 ], [ 109.735424202934297, -7.788986535767738, 0.0 ], [ 109.735426384166317, -7.789034142853782, 0.0 ], [ 109.735426893683282, -7.789045262148942, 0.0 ], [ 109.735428825449929, -7.789087415104531, 0.0 ], [ 109.735429584900885, -7.789103989001108, 0.0 ], [ 109.735431266342317, -7.789140687742674, 0.0 ], [ 109.735432275710892, -7.789162715443902, 0.0 ], [ 109.735433707571815, -7.789193960044934, 0.0 ], [ 109.735434966865228, -7.789221442234241, 0.0 ], [ 109.735436148513315, -7.789247232631307, 0.0 ], [ 109.735436866373931, -7.7892628987129, 0.0 ], [ 109.735439426055095, -7.789318765451417, 0.0 ], [ 109.735441986299861, -7.789374632191599, 0.0 ], [ 109.735444545979988, -7.789430498930014, 0.0 ], [ 109.735458226515362, -7.789448114918617, 0.0 ], [ 109.735475811728108, -7.789460466248385, 0.0 ], [ 109.735493360348499, -7.789468976498997, 0.0 ], [ 109.735529776493195, -7.789484646110433, 0.0 ], [ 109.735531745325176, -7.789485533330955, 0.0 ], [ 109.735532514381333, -7.789485852550451, 0.0 ], [ 109.735587684474382, -7.789508751903193, 0.0 ], [ 109.735643623629343, -7.789531970961241, 0.0 ], [ 109.735671593210256, -7.789543580240124, 0.0 ], [ 109.735690906117512, -7.789551596443893, 0.0 ], [ 109.735720384849003, -7.789563832355459, 0.0 ], [ 109.735730503908925, -7.789568032561759, 0.0 ], [ 109.735755501962146, -7.789578408556135, 0.0 ], [ 109.73580548057646, -7.789599153056593, 0.0 ], [ 109.73580969991508, -7.789600904374575, 0.0 ], [ 109.735815629337935, -7.789603365532672, 0.0 ], [ 109.73584929767344, -7.789617340524788, 0.0 ], [ 109.735867380323583, -7.789624846125341, 0.0 ], [ 109.735923319515734, -7.789648064649324, 0.0 ], [ 109.735941031565488, -7.78965541649543, 0.0 ], [ 109.735968091470227, -7.789666648462068, 0.0 ], [ 109.736006119251186, -7.789682432708319, 0.0 ], [ 109.736007689411764, -7.789683084431481, 0.0 ], [ 109.736047287250543, -7.789699520504255, 0.0 ], [ 109.73607658214766, -7.789711679895199, 0.0 ], [ 109.73609113713222, -7.789717721183433, 0.0 ], [ 109.736101364057106, -7.789721966083044, 0.0 ], [ 109.736126483295266, -7.789732392284926, 0.0 ], [ 109.736166081141718, -7.789748828348072, 0.0 ], [ 109.736196608883759, -7.789761499442382, 0.0 ], [ 109.73620301557942, -7.789764158675553, 0.0 ], [ 109.736212133603971, -7.789767943259708, 0.0 ], [ 109.736245277207928, -7.78978170010942, 0.0 ], [ 109.736284875068208, -7.789798136162903, 0.0 ], [ 109.736291853731132, -7.789801032783155, 0.0 ], [ 109.736324473050885, -7.789814572096885, 0.0 ], [ 109.736347684388591, -7.789824206584423, 0.0 ], [ 109.73637083330307, -7.789833815113325, 0.0 ], [ 109.736426772559597, -7.789857033579537, 0.0 ], [ 109.736443266973509, -7.789863879918316, 0.0 ], [ 109.736482864779802, -7.789880316029927, 0.0 ], [ 109.736538651092602, -7.789903470994563, 0.0 ], [ 109.736562060931462, -7.789913187710773, 0.0 ], [ 109.73657758856541, -7.789919632859326, 0.0 ], [ 109.73660165879231, -7.789929623767549, 0.0 ], [ 109.736618787009348, -7.789936733123405, 0.0 ], [ 109.736650529654185, -7.789949908383901, 0.0 ], [ 109.736706468944945, -7.78997312731996, 0.0 ], [ 109.736726920864697, -7.789972519186698, 0.0 ], [ 109.73674712301495, -7.789977674662871, 0.0 ], [ 109.736762466826931, -7.789976798017404, 0.0 ], [ 109.736785368277637, -7.789960019774236, 0.0 ], [ 109.736816350102728, -7.789937322055416, 0.0 ], [ 109.736874731057242, -7.789894551696794, 0.0 ], [ 109.736875682704863, -7.789882553022533, 0.0 ], [ 109.736875925359698, -7.789881640500625, 0.0 ], [ 109.736876768087328, -7.789879655944814, 0.0 ], [ 109.736883026048204, -7.789833894070163, 0.0 ], [ 109.736893116509194, -7.789825832610024, 0.0 ], [ 109.736908309566289, -7.789803234597937, 0.0 ], [ 109.736931051284245, -7.78979064476944, 0.0 ], [ 109.73693455527048, -7.789773540489741, 0.0 ], [ 109.736935312916287, -7.789770099244383, 0.0 ], [ 109.736936630641139, -7.789764616511142, 0.0 ], [ 109.736939375457766, -7.789722350048794, 0.0 ], [ 109.736949279818603, -7.789696383622399, 0.0 ], [ 109.736951391229724, -7.789678378980781, 0.0 ], [ 109.73697001496987, -7.789658484405298, 0.0 ], [ 109.736976750570463, -7.789647795591303, 0.0 ], [ 109.736987505547376, -7.789641992800708, 0.0 ], [ 109.736995095243117, -7.789610174345773, 0.0 ], [ 109.736997549961131, -7.789602707333696, 0.0 ], [ 109.737000424961735, -7.789589986425052, 0.0 ], [ 109.737002161613901, -7.789561237524957, 0.0 ], [ 109.737007134018185, -7.789546876762939, 0.0 ], [ 109.737016559138837, -7.789519656091805, 0.0 ], [ 109.737023574792261, -7.789511343320137, 0.0 ], [ 109.737038705536193, -7.789491111715831, 0.0 ], [ 109.737040686723731, -7.78948783688273, 0.0 ], [ 109.737043981494367, -7.78948608760879, 0.0 ], [ 109.737055340908981, -7.789446512963968, 0.0 ], [ 109.73705913501513, -7.789435313461945, 0.0 ], [ 109.737063170087097, -7.789416396412544, 0.0 ], [ 109.737064135351432, -7.789399309931358, 0.0 ], [ 109.737072323258531, -7.789373484900386, 0.0 ], [ 109.73707761184545, -7.789356804433988, 0.0 ], [ 109.737100469070185, -7.789326284096059, 0.0 ], [ 109.737101139884928, -7.789324383705457, 0.0 ], [ 109.737101378598652, -7.789323721074189, 0.0 ], [ 109.737101893141102, -7.789322314203901, 0.0 ], [ 109.737115481325887, -7.789282746018808, 0.0 ], [ 109.73712129131782, -7.789267921274453, 0.0 ], [ 109.737126877373925, -7.789241852446132, 0.0 ], [ 109.737126877652599, -7.789238153483365, 0.0 ], [ 109.737136543423333, -7.789212107585499, 0.0 ], [ 109.737142188796014, -7.789197488708827, 0.0 ], [ 109.737156901878734, -7.789184745696387, 0.0 ], [ 109.737168399971893, -7.789156343370552, 0.0 ], [ 109.73717408370473, -7.789139359981426, 0.0 ], [ 109.73717893174404, -7.78912230005874, 0.0 ], [ 109.73718738654145, -7.789100540805122, 0.0 ], [ 109.737192292231711, -7.789079678182075, 0.0 ], [ 109.737213328186499, -7.789045362673921, 0.0 ], [ 109.737236158455246, -7.788988967842832, 0.0 ], [ 109.737243692445887, -7.788963168746196, 0.0 ], [ 109.737247186742152, -7.788955501050644, 0.0 ], [ 109.737255580234972, -7.788933166567989, 0.0 ], [ 109.73725849231144, -7.788921991018686, 0.0 ], [ 109.737269754450651, -7.788905979682409, 0.0 ], [ 109.737281330754016, -7.788877384146219, 0.0 ], [ 109.73729415135395, -7.788845714913064, 0.0 ], [ 109.737303916882027, -7.78882159229442, 0.0 ], [ 109.73730832667114, -7.788803910577668, 0.0 ], [ 109.737326180671189, -7.788766596679747, 0.0 ], [ 109.737371675236687, -7.78865421672522, 0.0 ], [ 109.737373534040543, -7.788645227490009, 0.0 ], [ 109.737382606848371, -7.788627213614105, 0.0 ], [ 109.737391068255775, -7.788606793169436, 0.0 ], [ 109.737394261336803, -7.788598424864185, 0.0 ], [ 109.737416847439306, -7.788542633000858, 0.0 ], [ 109.737422747394959, -7.788526524044064, 0.0 ], [ 109.737439032981996, -7.788487830534092, 0.0 ], [ 109.73743939427915, -7.788487199466567, 0.0 ], [ 109.737439481568799, -7.788486841278375, 0.0 ], [ 109.737439766531551, -7.788486115657856, 0.0 ], [ 109.737456099310748, -7.788447933232931, 0.0 ], [ 109.737462019610888, -7.78843104926732, 0.0 ], [ 109.737484605673743, -7.788375257397057, 0.0 ], [ 109.737487238292175, -7.788367122177681, 0.0 ], [ 109.73749545907198, -7.788348447485077, 0.0 ], [ 109.737506660764453, -7.788330582374538, 0.0 ], [ 109.737509566528388, -7.788319472597853, 0.0 ], [ 109.737518225197618, -7.788296946849909, 0.0 ], [ 109.737521528947852, -7.788289473228183, 0.0 ], [ 109.737529777834666, -7.788263673649745, 0.0 ], [ 109.737551885118393, -7.788209064424841, 0.0 ], [ 109.737552664644369, -7.78820865890259, 0.0 ], [ 109.737554499753017, -7.788205291746394, 0.0 ], [ 109.737575273946604, -7.788175316468179, 0.0 ], [ 109.737581824043616, -7.788152110366205, 0.0 ], [ 109.73758897262644, -7.788133033966122, 0.0 ], [ 109.737593231971388, -7.788111200108269, 0.0 ], [ 109.737597535970707, -7.788096298011357, 0.0 ], [ 109.737608311121434, -7.788069681301675, 0.0 ], [ 109.737629687232399, -7.788061830223642, 0.0 ], [ 109.737643391535642, -7.788040575426721, 0.0 ], [ 109.737651621726911, -7.788027810759021, 0.0 ], [ 109.737653425756875, -7.787995831611163, 0.0 ], [ 109.737656821138245, -7.787984756270536, 0.0 ], [ 109.737658886427454, -7.787979073023367, 0.0 ], [ 109.737664725893168, -7.787934034949306, 0.0 ], [ 109.737686860523112, -7.787962684625817, 0.0 ], [ 109.73769520551852, -7.787984870578902, 0.0 ], [ 109.737712239933899, -7.7880966396093, 0.0 ], [ 109.737713294187742, -7.788103557054843, 0.0 ], [ 109.737720756923522, -7.788152524123951, 0.0 ], [ 109.737746308556552, -7.788320177670078, 0.0 ], [ 109.737750163197035, -7.788345469689954, 0.0 ], [ 109.737751119244365, -7.788351742830465, 0.0 ], [ 109.737757536928839, -7.788393852288756, 0.0 ], [ 109.737761199326187, -7.788417882661108, 0.0 ], [ 109.737763342763756, -7.788431946700388, 0.0 ], [ 109.737776118584136, -7.788515773473751, 0.0 ], [ 109.737779658438598, -7.788538999778623, 0.0 ], [ 109.737780377174829, -7.788543715731477, 0.0 ], [ 109.737788894357095, -7.788599600247051, 0.0 ], [ 109.737791439848039, -7.788616302406832, 0.0 ], [ 109.737794405997079, -7.788635764892617, 0.0 ], [ 109.737797411412643, -7.78865548476228, 0.0 ], [ 109.737805928631346, -7.788711369277999, 0.0 ], [ 109.737810459107763, -7.788731235694215, 0.0 ], [ 109.737818404291232, -7.788755408801233, 0.0 ], [ 109.737821597760359, -7.788767275091834, 0.0 ], [ 109.737823570121122, -7.788773930410453, 0.0 ], [ 109.737830194916, -7.788788111861788, 0.0 ], [ 109.737861084522379, -7.788767392679197, 0.0 ], [ 109.737875718922282, -7.788756886288463, 0.0 ], [ 109.737886316359948, -7.788750468437757, 0.0 ], [ 109.738672015591007, -7.788223459545518, 0.0 ], [ 109.738679866122453, -7.788219054818721, 0.0 ], [ 109.738690189834713, -7.788211269108537, 0.0 ], [ 109.738728136894395, -7.788185815984948, 0.0 ], [ 109.738748263717042, -7.788175625432118, 0.0 ], [ 109.738773100255031, -7.788155656642215, 0.0 ], [ 109.738784258188389, -7.788148172415286, 0.0 ], [ 109.738797632111144, -7.78814240860849, 0.0 ], [ 109.738820278706996, -7.788135825373849, 0.0 ], [ 109.738840346984844, -7.788121389945635, 0.0 ], [ 109.738857141792735, -7.788116783757259, 0.0 ], [ 109.738888266308209, -7.788108247093112, 0.0 ], [ 109.738900995547965, -7.788104755870081, 0.0 ], [ 109.738944849866868, -7.788092728546367, 0.0 ], [ 109.738965926585507, -7.788086947872029, 0.0 ], [ 109.738988703661931, -7.788080700694753, 0.0 ], [ 109.739008510973761, -7.788075268278097, 0.0 ], [ 109.739064565631793, -7.788059894028418, 0.0 ], [ 109.739076411433032, -7.788056645158601, 0.0 ], [ 109.739120620286826, -7.788044519770659, 0.0 ], [ 109.739176674935834, -7.788029146534588, 0.0 ], [ 109.739288784230979, -7.787998397981935, 0.0 ], [ 109.739320472126849, -7.787989707420421, 0.0 ], [ 109.739339535429522, -7.787984479165586, 0.0 ], [ 109.73935423074947, -7.787980448692669, 0.0 ], [ 109.73938338917705, -7.787972451236997, 0.0 ], [ 109.739400893511132, -7.787967650423466, 0.0 ], [ 109.739427295514943, -7.787960476068124, 0.0 ], [ 109.739431803024914, -7.787959236586865, 0.0 ], [ 109.739456947872128, -7.787952368476357, 0.0 ], [ 109.739469324289303, -7.78797773108899, 0.0 ], [ 109.739471324543331, -7.78799015604568, 0.0 ], [ 109.739464759607841, -7.788101854899214, 0.0 ], [ 109.739464301125622, -7.788109656156628, 0.0 ], [ 109.739461796670369, -7.788152273348757, 0.0 ], [ 109.739461477493847, -7.788157704326614, 0.0 ], [ 109.739456058291793, -7.788249909574176, 0.0 ], [ 109.739445065138426, -7.78843695145365, 0.0 ], [ 109.7394444176646, -7.788447968483159, 0.0 ], [ 109.739442534940366, -7.788480001986019, 0.0 ], [ 109.739441782750291, -7.788492800878426, 0.0 ], [ 109.739435217821438, -7.788604499726549, 0.0 ], [ 109.739433990368497, -7.788625385425988, 0.0 ], [ 109.739433206637685, -7.788638721712618, 0.0 ], [ 109.739431935586097, -7.78866034915086, 0.0 ], [ 109.739415523100774, -7.788939596263949, 0.0 ], [ 109.739414549597214, -7.788956160771788, 0.0 ], [ 109.739413135754688, -7.788980219263588, 0.0 ], [ 109.739412240893586, -7.788995445686479, 0.0 ], [ 109.739405675924601, -7.789107144529122, 0.0 ], [ 109.739405221278901, -7.789114880526642, 0.0 ], [ 109.739402708352557, -7.789157636239065, 0.0 ], [ 109.739402393474421, -7.789162993950026, 0.0 ], [ 109.739395828449446, -7.789274692790657, 0.0 ], [ 109.73939575666256, -7.789275914299567, 0.0 ], [ 109.739392783146286, -7.789326506511786, 0.0 ], [ 109.73939254596506, -7.789330542210586, 0.0 ], [ 109.739385980971349, -7.789442241049503, 0.0 ], [ 109.739385329191492, -7.789453331302107, 0.0 ], [ 109.739383454814103, -7.789485226283537, 0.0 ], [ 109.739382698773738, -7.789498090469381, 0.0 ], [ 109.739366286134228, -7.789777337559369, 0.0 ], [ 109.739364797593367, -7.789802665316211, 0.0 ], [ 109.739364474384061, -7.789808165107496, 0.0 ], [ 109.739363003830789, -7.789833186977154, 0.0 ], [ 109.739356438800073, -7.789944885810496, 0.0 ], [ 109.739355469127446, -7.789961384999364, 0.0 ], [ 109.739354046960116, -7.789985581997462, 0.0 ], [ 109.73935315638451, -7.790000735227041, 0.0 ], [ 109.739349873842201, -7.790056584642845, 0.0 ], [ 109.739349098435582, -7.790067045909592, 0.0 ], [ 109.739345622609946, -7.790105319967515, 0.0 ], [ 109.73934507966635, -7.790112429561541, 0.0 ], [ 109.739342076888491, -7.790116027536468, 0.0 ], [ 109.739338449053534, -7.79011979087135, 0.0 ], [ 109.739282278061111, -7.790173965875539, 0.0 ], [ 109.739256794912905, -7.790198543594189, 0.0 ], [ 109.739228322949032, -7.790226004161739, 0.0 ], [ 109.739226107052957, -7.790228141326449, 0.0 ], [ 109.739115122404144, -7.790335182113318, 0.0 ], [ 109.739113764996219, -7.790336491295119, 0.0 ], [ 109.739085679472083, -7.790363579113836, 0.0 ], [ 109.739057383696291, -7.790390869483311, 0.0 ], [ 109.739001422880747, -7.790444841661375, 0.0 ], [ 109.739000418030813, -7.790445559123827, 0.0 ], [ 109.738997731946924, -7.790446551150143, 0.0 ], [ 109.738957564952486, -7.79045859121024, 0.0 ], [ 109.73894537412761, -7.790458131202917, 0.0 ], [ 109.738909938498864, -7.790446289886241, 0.0 ], [ 109.738895127473668, -7.79044055134064, 0.0 ], [ 109.738889421078326, -7.790439433698122, 0.0 ], [ 109.738833468035111, -7.7904207361868, 0.0 ], [ 109.738810502368864, -7.790413061920362, 0.0 ], [ 109.738795505528444, -7.79040805049945, 0.0 ], [ 109.738768487530336, -7.790399022059658, 0.0 ], [ 109.738741275179891, -7.790389928744126, 0.0 ], [ 109.738721561966045, -7.790383341361211, 0.0 ], [ 109.738441796900389, -7.790289853635859, 0.0 ], [ 109.73843273931972, -7.790286335849069, 0.0 ], [ 109.73841328542008, -7.790277234076219, 0.0 ], [ 109.738395452968774, -7.790267608214074, 0.0 ], [ 109.738385878434002, -7.790259620197015, 0.0 ], [ 109.738348419132407, -7.790221181798099, 0.0 ], [ 109.738339333452089, -7.790211858666311, 0.0 ], [ 109.738311728793477, -7.790183532714412, 0.0 ], [ 109.738293824114692, -7.790165160093916, 0.0 ], [ 109.738274203549537, -7.790145026680912, 0.0 ], [ 109.738256519671808, -7.790126880625984, 0.0 ], [ 109.73822891502428, -7.790098554673594, 0.0 ], [ 109.738218366129516, -7.790087730075518, 0.0 ], [ 109.738184634431178, -7.790053116671812, 0.0 ], [ 109.738173705943481, -7.790041902558384, 0.0 ], [ 109.738146101307038, -7.79001357660222, 0.0 ], [ 109.738130039453679, -7.789997094953066, 0.0 ], [ 109.738106691335759, -7.789973136528919, 0.0 ], [ 109.738075444630937, -7.789941073229816, 0.0 ], [ 109.738063287607446, -7.789928598532578, 0.0 ], [ 109.738035683063927, -7.789900272490757, 0.0 ], [ 109.738020849688581, -7.789885051501341, 0.0 ], [ 109.737995016601502, -7.789858543282576, 0.0 ], [ 109.737966254925865, -7.789829029768505, 0.0 ], [ 109.737952869418052, -7.789815294396527, 0.0 ], [ 109.737925264808055, -7.789786968430472, 0.0 ], [ 109.737911260590963, -7.789772598174214, 0.0 ], [ 109.737883341928693, -7.789743949695339, 0.0 ], [ 109.737870055802304, -7.789730316297652, 0.0 ], [ 109.737842451206504, -7.78970199032458, 0.0 ], [ 109.737827504614444, -7.789686653054424, 0.0 ], [ 109.737809472995295, -7.789678991691997, 0.0 ], [ 109.737789468531616, -7.789660925815962, 0.0 ], [ 109.737775261970825, -7.789657215258893, 0.0 ], [ 109.737771628255189, -7.789642400948896, 0.0 ], [ 109.737762345411895, -7.789651614515214, 0.0 ], [ 109.737735919122017, -7.789660766323762, 0.0 ], [ 109.737659401104224, -7.78971233651016, 0.0 ], [ 109.737658015852119, -7.789715019897521, 0.0 ], [ 109.737653402079516, -7.789716379687023, 0.0 ], [ 109.737603278959654, -7.789750161287142, 0.0 ], [ 109.737590425063487, -7.789759258874954, 0.0 ], [ 109.737570885761528, -7.789771993032766, 0.0 ], [ 109.737491034646084, -7.78982580953141, 0.0 ], [ 109.737490211156171, -7.789826793495746, 0.0 ], [ 109.737488368578553, -7.789827606356345, 0.0 ], [ 109.737456551947261, -7.789849049624135, 0.0 ], [ 109.737423148682211, -7.789871562538359, 0.0 ], [ 109.737405852319554, -7.789883219662999, 0.0 ], [ 109.73726654590395, -7.789977106554993, 0.0 ], [ 109.737256131045214, -7.789984125800932, 0.0 ], [ 109.737240818284945, -7.789994446212895, 0.0 ], [ 109.737210423693384, -7.790014931268143, 0.0 ], [ 109.737042057010996, -7.790128403429487, 0.0 ], [ 109.736993267761207, -7.790161285891958, 0.0 ], [ 109.736990342912307, -7.790165671874426, 0.0 ], [ 109.736985832362251, -7.790200402090337, 0.0 ], [ 109.736983905345909, -7.790215239597464, 0.0 ], [ 109.736984177783427, -7.790217117930977, 0.0 ], [ 109.736985774526019, -7.790219703629564, 0.0 ], [ 109.737006120964125, -7.790252651973312, 0.0 ], [ 109.737027452891951, -7.790287196574357, 0.0 ], [ 109.737041512993073, -7.790309965024475, 0.0 ], [ 109.737087851885093, -7.790385004313297, 0.0 ], [ 109.737091449266785, -7.79039082980912, 0.0 ], [ 109.737112781173096, -7.790425374440197, 0.0 ], [ 109.737122409610677, -7.790440966436806, 0.0 ], [ 109.737156967830899, -7.790496928560184, 0.0 ], [ 109.737163458029002, -7.790507438585231, 0.0 ], [ 109.737176777533392, -7.790529007719775, 0.0 ], [ 109.73719810948694, -7.790563552316272, 0.0 ], [ 109.737208804689317, -7.790580871741155, 0.0 ], [ 109.737260642056, -7.790664814920124, 0.0 ], [ 109.737262105957669, -7.790667185518019, 0.0 ], [ 109.737283437889715, -7.790701730144546, 0.0 ], [ 109.737295199823762, -7.790720777036171, 0.0 ], [ 109.737329758086176, -7.790776739152153, 0.0 ], [ 109.73734534373412, -7.790801978034288, 0.0 ], [ 109.737347434308376, -7.790805363429838, 0.0 ], [ 109.737368766287673, -7.790839908018567, 0.0 ], [ 109.737375944260734, -7.790851531754802, 0.0 ], [ 109.73743168288371, -7.790941792342046, 0.0 ], [ 109.737432762848073, -7.790943541193696, 0.0 ], [ 109.737436286890301, -7.790949247956017, 0.0 ], [ 109.737454094812037, -7.790978085812475, 0.0 ], [ 109.737467990247779, -7.791000587598213, 0.0 ], [ 109.737502548552385, -7.791056549706749, 0.0 ], [ 109.737518091304779, -7.79108171908734, 0.0 ], [ 109.737527229402659, -7.791096517162625, 0.0 ], [ 109.737539423294137, -7.791116263687676, 0.0 ], [ 109.737543160190896, -7.791122315065874, 0.0 ], [ 109.737598898879753, -7.791212575641519, 0.0 ], [ 109.737603419931688, -7.791219896849151, 0.0 ], [ 109.737618172610439, -7.791243787002008, 0.0 ], [ 109.73762475194016, -7.791254441443956, 0.0 ], [ 109.737640780882771, -7.791280398122931, 0.0 ], [ 109.737675339229526, -7.791336360224002, 0.0 ], [ 109.737688748510053, -7.791358074701985, 0.0 ], [ 109.737710080506375, -7.791392619320368, 0.0 ], [ 109.737766115073299, -7.791483358909277, 0.0 ], [ 109.737773957773769, -7.791496370884828, 0.0 ], [ 109.737778408811053, -7.791504244714332, 0.0 ], [ 109.737794069229082, -7.791532125535684, 0.0 ], [ 109.737794277874059, -7.791532526251671, 0.0 ], [ 109.737809021758309, -7.79156019505591, 0.0 ], [ 109.737813478401563, -7.791568576418173, 0.0 ], [ 109.737821818510696, -7.791585418855452, 0.0 ], [ 109.737831815292083, -7.791606090344231, 0.0 ], [ 109.737836673621757, -7.791616136575553, 0.0 ], [ 109.737877482902491, -7.791700524179929, 0.0 ], [ 109.737890777886378, -7.791728016039311, 0.0 ], [ 109.737903348263728, -7.791754009332028, 0.0 ], [ 109.737904634777053, -7.791756669602047, 0.0 ], [ 109.737917830296084, -7.791783955770958, 0.0 ], [ 109.737944882394189, -7.791839895500885, 0.0 ], [ 109.737955977719224, -7.791862838806342, 0.0 ], [ 109.7379592493768, -7.791869604087121, 0.0 ], [ 109.737971934788433, -7.791895835230934, 0.0 ], [ 109.737988811767934, -7.791930734042448, 0.0 ], [ 109.738044476237874, -7.792045839830537, 0.0 ], [ 109.738053091332361, -7.792063654414828, 0.0 ], [ 109.738061236884803, -7.79208049793839, 0.0 ], [ 109.738068478821717, -7.792095472877441, 0.0 ], [ 109.738080143817129, -7.792119594142235, 0.0 ], [ 109.738086457747229, -7.792133341719612, 0.0 ], [ 109.738100140736961, -7.79216094475415, 0.0 ], [ 109.738104888585426, -7.792170762546928, 0.0 ], [ 109.738107196005785, -7.792175533867955, 0.0 ], [ 109.738106126165874, -7.79218156164533, 0.0 ], [ 109.738100042865909, -7.792193627510578, 0.0 ], [ 109.738087102009843, -7.792218501267009, 0.0 ], [ 109.738073805909593, -7.792231293561772, 0.0 ], [ 109.738043856002449, -7.792252950900894, 0.0 ], [ 109.738024037650888, -7.792267282014699, 0.0 ], [ 109.737991585384506, -7.792290749273283, 0.0 ], [ 109.737987725228322, -7.792293540643966, 0.0 ], [ 109.73784301462014, -7.792398183486648, 0.0 ], [ 109.73781933284873, -7.792415308357243, 0.0 ], [ 109.737796870511772, -7.79243155152913, 0.0 ], [ 109.737766084645301, -7.792453813428346, 0.0 ], [ 109.737689153912569, -7.792509443350441, 0.0 ], [ 109.737667060459685, -7.792525419571835, 0.0 ], [ 109.737650688906754, -7.792537258306104, 0.0 ], [ 109.73761222389922, -7.792565073257417, 0.0 ], [ 109.737482547811098, -7.792658844117041, 0.0 ], [ 109.737472345412428, -7.792666221681157, 0.0 ], [ 109.737439893090936, -7.792689688884019, 0.0 ], [ 109.73742641693444, -7.792699433764434, 0.0 ], [ 109.737304501431112, -7.79278759270487, 0.0 ], [ 109.737277630285362, -7.79280702371824, 0.0 ], [ 109.737245177918439, -7.792830490879775, 0.0 ], [ 109.737227571321526, -7.792843222525013, 0.0 ], [ 109.73708963146747, -7.792942968763403, 0.0 ], [ 109.737082914972788, -7.792947825582305, 0.0 ], [ 109.737050462610171, -7.79297129275126, 0.0 ], [ 109.737033500519104, -7.792983558346112, 0.0 ], [ 109.736919848468347, -7.793065741625079, 0.0 ], [ 109.736865107616126, -7.79310532580795, 0.0 ], [ 109.736855747209589, -7.793112094543974, 0.0 ], [ 109.736842918262496, -7.793121371358299, 0.0 ], [ 109.73675284562988, -7.793186503967059, 0.0 ], [ 109.736725936753913, -7.793205962221584, 0.0 ], [ 109.73671738050588, -7.793212149454598, 0.0 ], [ 109.736696714620166, -7.793227093442393, 0.0 ], [ 109.736692013629423, -7.793227953774329, 0.0 ], [ 109.736689057051223, -7.79323263077044, 0.0 ], [ 109.736640583601485, -7.793267682474547, 0.0 ], [ 109.736618893554223, -7.793266645653039, 0.0 ], [ 109.736603211284802, -7.793288233861179, 0.0 ], [ 109.736591564050428, -7.793295252592648, 0.0 ], [ 109.736584475217057, -7.793300719844727, 0.0 ], [ 109.736574799396152, -7.793297807704811, 0.0 ], [ 109.736570842493592, -7.793288137319948, 0.0 ], [ 109.736573729271939, -7.793277358941132, 0.0 ], [ 109.736584667729289, -7.793236519149316, 0.0 ], [ 109.736588109926146, -7.793235760403682, 0.0 ], [ 109.736585988692553, -7.793232323379319, 0.0 ], [ 109.736586367183321, -7.793230647173606, 0.0 ], [ 109.736598178401053, -7.793189835454193, 0.0 ], [ 109.736600740325187, -7.793176508260669, 0.0 ], [ 109.736606502939523, -7.793154992594071, 0.0 ], [ 109.736609211840332, -7.793144878652146, 0.0 ], [ 109.736615689286353, -7.793120693729195, 0.0 ], [ 109.736630638445035, -7.793064879197069, 0.0 ], [ 109.736632866960107, -7.793056558552873, 0.0 ], [ 109.736641311171553, -7.793025031234409, 0.0 ], [ 109.736645587595547, -7.793009064663596, 0.0 ], [ 109.736660536033469, -7.792953250126688, 0.0 ], [ 109.736690434312223, -7.792841621053275, 0.0 ], [ 109.736692004572049, -7.792835758144194, 0.0 ], [ 109.736697954541071, -7.792813543297453, 0.0 ], [ 109.736705383445582, -7.792785806514555, 0.0 ], [ 109.736720331860127, -7.792729991972489, 0.0 ], [ 109.736750230098366, -7.792618362888597, 0.0 ], [ 109.736754597840161, -7.792602054558093, 0.0 ], [ 109.736762969290965, -7.79257079731494, 0.0 ], [ 109.736768972233548, -7.792548384250895, 0.0 ], [ 109.736774796871842, -7.792526637310342, 0.0 ], [ 109.736780127605726, -7.792506733797329, 0.0 ], [ 109.736810025806506, -7.792395104703022, 0.0 ], [ 109.736811241062469, -7.792390567153646, 0.0 ], [ 109.736822106753309, -7.792349996884079, 0.0 ], [ 109.736829898246569, -7.792320905903301, 0.0 ], [ 109.736833934290289, -7.792305836852622, 0.0 ], [ 109.736839923273337, -7.792283475601348, 0.0 ], [ 109.736854872352879, -7.7922276610496, 0.0 ], [ 109.736857589292697, -7.792217516718989, 0.0 ], [ 109.736867884213027, -7.792179079380696, 0.0 ], [ 109.73686982143046, -7.792171846496536, 0.0 ], [ 109.736870515981551, -7.792169253223642, 0.0 ], [ 109.736881244133215, -7.792129196435948, 0.0 ], [ 109.736890824175418, -7.792093427534009, 0.0 ], [ 109.736893071632622, -7.792085036374452, 0.0 ], [ 109.736899718856733, -7.792060217384437, 0.0 ], [ 109.736914667919152, -7.79200440282751, 0.0 ], [ 109.736916726603269, -7.79199671623268, 0.0 ], [ 109.736924527291521, -7.791967591368792, 0.0 ], [ 109.736929616973342, -7.791948588269235, 0.0 ], [ 109.736931441782374, -7.791941774910917, 0.0 ], [ 109.736940381436924, -7.791908395967488, 0.0 ], [ 109.736944565564357, -7.791892773708271, 0.0 ], [ 109.736950259329561, -7.791867426980513, 0.0 ], [ 109.736951310660658, -7.791863334678089, 0.0 ], [ 109.736956773772988, -7.791836950976652, 0.0 ], [ 109.736952694899628, -7.79180931976036, 0.0 ], [ 109.736952603300523, -7.791808604987414, 0.0 ], [ 109.736948676035752, -7.791781067709953, 0.0 ], [ 109.736930875540125, -7.791669296391905, 0.0 ], [ 109.736921974661428, -7.791613410731041, 0.0 ], [ 109.736841872507398, -7.791110439802612, 0.0 ], [ 109.736832971640666, -7.791054554142293, 0.0 ], [ 109.736752869591257, -7.790551583218158, 0.0 ], [ 109.736751376476519, -7.790542208090876, 0.0 ], [ 109.736746286156318, -7.790510247381163, 0.0 ], [ 109.736740756432525, -7.790475526351159, 0.0 ], [ 109.73673862597964, -7.790462148880002, 0.0 ], [ 109.736735068515628, -7.790439811900347, 0.0 ], [ 109.73672814214909, -7.790416849690442, 0.0 ], [ 109.736717356006565, -7.790396021983225, 0.0 ], [ 109.73671222725649, -7.790383884682163, 0.0 ], [ 109.736709480893253, -7.790379657447658, 0.0 ], [ 109.736705257300841, -7.790377398511072, 0.0 ], [ 109.736693236116153, -7.790383828066085, 0.0 ], [ 109.736667056525832, -7.790401582840364, 0.0 ], [ 109.736649158432044, -7.790407403096702, 0.0 ], [ 109.736628192479699, -7.790418616925615, 0.0 ], [ 109.736597383993143, -7.790435095466218, 0.0 ], [ 109.736591768409099, -7.790438099055239, 0.0 ], [ 109.736589378045693, -7.790439377553338, 0.0 ], [ 109.7364855184329, -7.790494927005981, 0.0 ], [ 109.736482494917752, -7.790496544148652, 0.0 ], [ 109.736475391897372, -7.790500343314278, 0.0 ], [ 109.736446070832045, -7.790516026257025, 0.0 ], [ 109.736424762880588, -7.790527422990309, 0.0 ], [ 109.736368663976094, -7.790557427532166, 0.0 ], [ 109.736353398467358, -7.79056559241243, 0.0 ], [ 109.736336797506567, -7.790574471510795, 0.0 ], [ 109.73631256506286, -7.790587432612564, 0.0 ], [ 109.73627780216971, -7.790606025830531, 0.0 ], [ 109.736173942483575, -7.790661575193208, 0.0 ], [ 109.736144268283667, -7.790677446667854, 0.0 ], [ 109.736118251165848, -7.790691362308533, 0.0 ], [ 109.736109412050112, -7.79069608994215, 0.0 ], [ 109.73608816934177, -7.79070745175212, 0.0 ], [ 109.736032070394472, -7.790737456241474, 0.0 ], [ 109.736008977777757, -7.790749807478931, 0.0 ], [ 109.735987418709584, -7.790761338725644, 0.0 ], [ 109.735972553634298, -7.790769289523083, 0.0 ], [ 109.735966226076698, -7.790772673837763, 0.0 ], [ 109.735863773507305, -7.790827470476364, 0.0 ], [ 109.735862366354567, -7.79082822311058, 0.0 ], [ 109.735826855874365, -7.790847216496696, 0.0 ], [ 109.735807674528999, -7.790857475750033, 0.0 ], [ 109.735751575546004, -7.790887480195629, 0.0 ], [ 109.735743432621206, -7.790891835483982, 0.0 ], [ 109.735717582373681, -7.790905661539576, 0.0 ], [ 109.735681158162635, -7.790925143508772, 0.0 ], [ 109.735654649760406, -7.79093932157503, 0.0 ], [ 109.735583278551772, -7.790977494299235, 0.0 ], [ 109.735571884554361, -7.790983588435932, 0.0 ], [ 109.735535460408968, -7.791003070468298, 0.0 ], [ 109.735527179537826, -7.791007499529129, 0.0 ], [ 109.735446931591071, -7.791050419915045, 0.0 ], [ 109.735426186733534, -7.791061515318661, 0.0 ], [ 109.735414981492596, -7.791067508576659, 0.0 ], [ 109.735358882458328, -7.791097513404658, 0.0 ], [ 109.735353337993061, -7.791100478927912, 0.0 ], [ 109.735343073227071, -7.791105969042273, 0.0 ], [ 109.735246684370651, -7.791157522273354, 0.0 ], [ 109.735244064219657, -7.791158923670966, 0.0 ], [ 109.735207640047179, -7.791178405670093, 0.0 ], [ 109.735190585313845, -7.791187527450749, 0.0 ], [ 109.735135354907868, -7.791217067202317, 0.0 ], [ 109.735134835503715, -7.791217413613695, 0.0 ], [ 109.735134485336928, -7.791217836821002, 0.0 ], [ 109.735111581508946, -7.791250109405785, 0.0 ], [ 109.735106007481065, -7.791272838682714, 0.0 ], [ 109.735134203031819, -7.791311898961339, 0.0 ], [ 109.735141742464435, -7.791321257189353, 0.0 ], [ 109.735146416434944, -7.791328818402989, 0.0 ], [ 109.735164718276167, -7.791354172041958, 0.0 ], [ 109.735178531549352, -7.791373307925923, 0.0 ], [ 109.735186825788574, -7.791384798122133, 0.0 ], [ 109.735227234606953, -7.791440777837338, 0.0 ], [ 109.735235016246008, -7.791451557910325, 0.0 ], [ 109.735258449184542, -7.79148401958938, 0.0 ], [ 109.7352676441336, -7.791496757552403, 0.0 ], [ 109.735301534479746, -7.791543706978958, 0.0 ], [ 109.735305314493573, -7.791548943523155, 0.0 ], [ 109.735328257909742, -7.791580727119063, 0.0 ], [ 109.735328747414229, -7.791581405228973, 0.0 ], [ 109.73534846251934, -7.791608716973552, 0.0 ], [ 109.735357311668764, -7.791620975989967, 0.0 ], [ 109.735375612850021, -7.791646329054823, 0.0 ], [ 109.735399045777811, -7.791678790761567, 0.0 ], [ 109.735413088877124, -7.791698244996624, 0.0 ], [ 109.73546934377201, -7.791776176684388, 0.0 ], [ 109.735492776741594, -7.791808638359047, 0.0 ], [ 109.735510099412636, -7.791832635788581, 0.0 ], [ 109.735524643349038, -7.791852783952283, 0.0 ], [ 109.735539642200251, -7.791873562196778, 0.0 ], [ 109.735550508636436, -7.791888615486538, 0.0 ], [ 109.735561702485981, -7.791907384718565, 0.0 ], [ 109.735574979976818, -7.791939148769603, 0.0 ], [ 109.735577554562781, -7.791944555300724, 0.0 ], [ 109.735575828732706, -7.791949072819874, 0.0 ], [ 109.735560427294502, -7.791980574698693, 0.0 ], [ 109.735555061989331, -7.792000347269574, 0.0 ], [ 109.735485112423589, -7.792167715784646, 0.0 ], [ 109.735461796277988, -7.79222350528604, 0.0 ], [ 109.735391846626328, -7.792390873772156, 0.0 ], [ 109.735368530455204, -7.792446663263877, 0.0 ], [ 109.73529850458111, -7.792614213894518, 0.0 ], [ 109.73527526451474, -7.792669821202999, 0.0 ], [ 109.735205314691214, -7.792837189631122, 0.0 ], [ 109.735199517643878, -7.792851060295853, 0.0 ], [ 109.73518549159752, -7.792884620970066, 0.0 ], [ 109.735181998462821, -7.792892979103487, 0.0 ], [ 109.735112048553376, -7.793060347502584, 0.0 ], [ 109.735088732293207, -7.793116136965255, 0.0 ], [ 109.735018782297828, -7.793283505335344, 0.0 ], [ 109.735018041209457, -7.79328527854123, 0.0 ], [ 109.735016248134627, -7.79328956889049, 0.0 ], [ 109.734995466012151, -7.793339294788386, 0.0 ], [ 109.734925515927713, -7.793506663129455, 0.0 ], [ 109.73491905390658, -7.793522124822316, 0.0 ], [ 109.734902556191471, -7.793561599381252, 0.0 ], [ 109.73490219961333, -7.793562452572793, 0.0 ], [ 109.734832249446129, -7.793729820884858, 0.0 ], [ 109.734821855149534, -7.793754691295087, 0.0 ], [ 109.734820066468416, -7.793758971050122, 0.0 ], [ 109.734803568678942, -7.793798445546556, 0.0 ], [ 109.734790589593686, -7.793829500405791, 0.0 ], [ 109.734734174855703, -7.793964482562715, 0.0 ], [ 109.734721078838987, -7.7939958171726, 0.0 ], [ 109.734704581028041, -7.794035291661805, 0.0 ], [ 109.734702627606922, -7.794039965577101, 0.0 ], [ 109.73469234970365, -7.794064557446053, 0.0 ], [ 109.73462239934301, -7.794231925692835, 0.0 ], [ 109.734621345250957, -7.794234447828241, 0.0 ], [ 109.734605369999414, -7.794271913748263, 0.0 ], [ 109.734598164119603, -7.794287712359711, 0.0 ] ], [ [ 109.734598164119603, -7.794287712359711, 0.0 ], [ 109.734586831010034, -7.794309340322945, 0.0 ], [ 109.734565013363778, -7.794341806249045, 0.0 ], [ 109.734509065664597, -7.794321260359436, 0.0 ], [ 109.734453117973999, -7.794300713793005, 0.0 ], [ 109.734416234121497, -7.794287168784638, 0.0 ], [ 109.734402266118238, -7.794282039288759, 0.0 ], [ 109.734397170287806, -7.794280167893586, 0.0 ], [ 109.734341222608094, -7.794259621987601, 0.0 ], [ 109.734320281041335, -7.794251931395376, 0.0 ], [ 109.734298138372594, -7.794243799893517, 0.0 ], [ 109.734279288436227, -7.794236877514466, 0.0 ], [ 109.734262879606263, -7.794230851463337, 0.0 ], [ 109.734229327270185, -7.794218529479298, 0.0 ], [ 109.734117431956236, -7.794177437618426, 0.0 ], [ 109.734109525769327, -7.794174534094799, 0.0 ], [ 109.73407432627566, -7.79416160725975, 0.0 ], [ 109.734032849319533, -7.794146375393499, 0.0 ], [ 109.734005536670253, -7.794136345061006, 0.0 ], [ 109.733956172196258, -7.794118216677844, 0.0 ], [ 109.733951348739765, -7.794116445343132, 0.0 ], [ 109.733949589035987, -7.7941157991061, 0.0 ], [ 109.733893641408187, -7.794095253147845, 0.0 ], [ 109.733837693788956, -7.794074706509467, 0.0 ], [ 109.733802818936852, -7.794061899212543, 0.0 ], [ 109.733787379000177, -7.794056229145752, 0.0 ], [ 109.733781746174159, -7.794054160534956, 0.0 ], [ 109.733725798565857, -7.794033614557093, 0.0 ], [ 109.733705394027837, -7.794026121150376, 0.0 ], [ 109.73368156051923, -7.794017368675884, 0.0 ], [ 109.733664401468744, -7.794011067220053, 0.0 ], [ 109.733649464548094, -7.794005581694606, 0.0 ], [ 109.733613903370724, -7.793992521908245, 0.0 ], [ 109.733502008199551, -7.793951429903585, 0.0 ], [ 109.733496110906216, -7.793949264129699, 0.0 ], [ 109.733459439569472, -7.79393579670221, 0.0 ], [ 109.73341808683972, -7.793920610381735, 0.0 ], [ 109.733390113056387, -7.793910337199137, 0.0 ], [ 109.733378510798644, -7.793904641634991, 0.0 ], [ 109.733361912964639, -7.793893003798845, 0.0 ], [ 109.73334647082352, -7.793880712530802, 0.0 ], [ 109.733334231881813, -7.793867709991968, 0.0 ], [ 109.733262629907273, -7.793780988804394, 0.0 ], [ 109.733222619679893, -7.793732531018591, 0.0 ], [ 109.733219215170337, -7.793728407662995, 0.0 ], [ 109.733193929546147, -7.793697782623131, 0.0 ], [ 109.733186325067052, -7.79368857249951, 0.0 ], [ 109.733170159946766, -7.793668994170748, 0.0 ], [ 109.733123925402055, -7.79361299685034, 0.0 ], [ 109.733111007548715, -7.793597351573037, 0.0 ], [ 109.733096475968125, -7.793598425374912, 0.0 ], [ 109.733061845820899, -7.793605956178765, 0.0 ], [ 109.733054970366808, -7.793606627450687, 0.0 ], [ 109.732502163602703, -7.793925319693757, 0.0 ] ] ] } },
{ "type": "Feature", "properties": { "Id": 108, "Contour": 10.0, "Skor": 1.0, "Shape_Leng": 10.0029092909 }, "geometry": { "type": "LineString", "coordinates": [ [ 109.738172885619917, -7.786310517912974, 0.0 ], [ 109.738173267744884, -7.786310910980729, 0.0 ], [ 109.738173660715617, -7.786310913526628, 0.0 ], [ 109.738174109853631, -7.786310969667215, 0.0 ], [ 109.738175259597625, -7.786310524978391, 0.0 ], [ 109.738176462922254, -7.78630774328037, 0.0 ], [ 109.738173792788672, -7.786266773101369, 0.0 ], [ 109.738172885619917, -7.786310517912974, 0.0 ] ] } },
{ "type": "Feature", "properties": { "Id": 41, "Contour": 18.0, "Skor": 2.0, "Shape_Leng": 972.79697119100001 }, "geometry": { "type": "LineString", "coordinates": [ [ 109.738925868007328, -7.790278759778931, 0.0 ], [ 109.738907558519671, -7.790296367310962, 0.0 ], [ 109.738889798333574, -7.790313345835288, 0.0 ], [ 109.738864787005909, -7.790309481208689, 0.0 ], [ 109.738860672327064, -7.790307630916763, 0.0 ], [ 109.738833812584929, -7.790305584189672, 0.0 ], [ 109.738777859562163, -7.790286886674073, 0.0 ], [ 109.738771415546282, -7.790284733323791, 0.0 ], [ 109.738749883053032, -7.79027753791219, 0.0 ], [ 109.738721906545408, -7.790268189151853, 0.0 ], [ 109.738706971649961, -7.790263198464158, 0.0 ], [ 109.738687385850682, -7.790256653643628, 0.0 ], [ 109.738645371017356, -7.790242613786638, 0.0 ], [ 109.738623241896661, -7.7902352190818, 0.0 ], [ 109.73861000052932, -7.79023079430463, 0.0 ], [ 109.738582024029213, -7.790221445532827, 0.0 ], [ 109.738561341342091, -7.790214534087325, 0.0 ], [ 109.738554047530627, -7.79021209676262, 0.0 ], [ 109.738498094537988, -7.790193399213935, 0.0 ], [ 109.738480100106401, -7.790183689950229, 0.0 ], [ 109.738458218346963, -7.790165649520575, 0.0 ], [ 109.738450221457896, -7.790157618405781, 0.0 ], [ 109.738442217089784, -7.790149463126807, 0.0 ], [ 109.738422587987756, -7.790129321021741, 0.0 ], [ 109.738403395592286, -7.790109627151224, 0.0 ], [ 109.738386379642876, -7.790092166539802, 0.0 ], [ 109.738348800796388, -7.790053605455581, 0.0 ], [ 109.73833977422656, -7.790044342974658, 0.0 ], [ 109.738312169573987, -7.790016017027511, 0.0 ], [ 109.738294205793636, -7.789997583754488, 0.0 ], [ 109.738274704795302, -7.789977573030014, 0.0 ], [ 109.738256960470537, -7.789959364942263, 0.0 ], [ 109.738229355832132, -7.789931038991416, 0.0 ], [ 109.738218867393726, -7.789920276424572, 0.0 ], [ 109.738185016146261, -7.789885540338572, 0.0 ], [ 109.738174146769637, -7.789874386876083, 0.0 ], [ 109.738146542142303, -7.789846060921498, 0.0 ], [ 109.738130421186838, -7.78982951862288, 0.0 ], [ 109.738107192636861, -7.789805682884322, 0.0 ], [ 109.738091333086317, -7.789789408818105, 0.0 ], [ 109.738075826382158, -7.789773496902712, 0.0 ], [ 109.738058236737288, -7.789766527301198, 0.0 ], [ 109.738051355280604, -7.789748386266887, 0.0 ], [ 109.738036123935714, -7.789732756816284, 0.0 ], [ 109.738021231457878, -7.789717475177341, 0.0 ], [ 109.738000421516986, -7.789712458933088, 0.0 ], [ 109.737995455736737, -7.789711866407334, 0.0 ], [ 109.737985790584389, -7.789707717937596, 0.0 ], [ 109.737957017462548, -7.789699796362389, 0.0 ], [ 109.737939521925668, -7.789686795337607, 0.0 ], [ 109.737924475999122, -7.789676364746176, 0.0 ], [ 109.737914317353287, -7.789661297640913, 0.0 ], [ 109.737896223436906, -7.789648681163899, 0.0 ], [ 109.737883637368355, -7.789645276580718, 0.0 ], [ 109.737861961229527, -7.78963950629051, 0.0 ], [ 109.737851511428232, -7.789637315288704, 0.0 ], [ 109.73782767447608, -7.789629923659446, 0.0 ], [ 109.737811963697425, -7.789620829603384, 0.0 ], [ 109.737803062503346, -7.789605107153808, 0.0 ], [ 109.737789262658183, -7.789587642314429, 0.0 ], [ 109.737771813086368, -7.789580674476924, 0.0 ], [ 109.73774828297914, -7.789581479187588, 0.0 ], [ 109.737737249489044, -7.789583514719969, 0.0 ], [ 109.737715792719854, -7.789584519860987, 0.0 ], [ 109.737700158869103, -7.789589222646025, 0.0 ], [ 109.737672376981237, -7.789604717913506, 0.0 ], [ 109.737665914318498, -7.789610891490307, 0.0 ], [ 109.737659697537552, -7.789613348690184, 0.0 ], [ 109.737637302382694, -7.789626908237144, 0.0 ], [ 109.737630393108134, -7.789631279455715, 0.0 ], [ 109.737603592802543, -7.789645365037635, 0.0 ], [ 109.737593003229875, -7.789649792587158, 0.0 ], [ 109.737578324735338, -7.7896602969035, 0.0 ], [ 109.737561081845101, -7.78967379226738, 0.0 ], [ 109.737547484645347, -7.789678521459892, 0.0 ], [ 109.737522433833618, -7.789691043107648, 0.0 ], [ 109.737504971992948, -7.78970240605886, 0.0 ], [ 109.737491379315642, -7.789710731141291, 0.0 ], [ 109.73748791520714, -7.789712436966198, 0.0 ], [ 109.737484040745414, -7.789715875178167, 0.0 ], [ 109.737455464622528, -7.789735905704085, 0.0 ], [ 109.737435269848802, -7.789744319463561, 0.0 ], [ 109.737416040889968, -7.789752378253455, 0.0 ], [ 109.737390220178725, -7.789771454808448, 0.0 ], [ 109.73738493559641, -7.789777196723218, 0.0 ], [ 109.7373791550108, -7.789779698217731, 0.0 ], [ 109.737363002291914, -7.789787460067689, 0.0 ], [ 109.737346957029189, -7.789795119213095, 0.0 ], [ 109.737323065124414, -7.789806744354747, 0.0 ], [ 109.737309404922627, -7.789813469573769, 0.0 ], [ 109.737293618586634, -7.789827026127685, 0.0 ], [ 109.737279001121053, -7.789838991851745, 0.0 ], [ 109.737266946670005, -7.789843324911359, 0.0 ], [ 109.737239303366934, -7.789855189475066, 0.0 ], [ 109.737236430229558, -7.789857248981265, 0.0 ], [ 109.737210846467605, -7.789873809873034, 0.0 ], [ 109.737204922225004, -7.789876721270927, 0.0 ], [ 109.737195878834569, -7.789882594029177, 0.0 ], [ 109.737168875606599, -7.789896582090029, 0.0 ], [ 109.737154754851787, -7.789901426330088, 0.0 ], [ 109.737130004184181, -7.7899136087684, 0.0 ], [ 109.737100362608331, -7.789938168530212, 0.0 ], [ 109.737099574360116, -7.789939104941984, 0.0 ], [ 109.737098631738846, -7.789939553400775, 0.0 ], [ 109.737096166687991, -7.789940611324566, 0.0 ], [ 109.737059516638382, -7.789954941402396, 0.0 ], [ 109.737042551743698, -7.78996328659673, 0.0 ], [ 109.737022036719964, -7.7899733641814, 0.0 ], [ 109.736988524991347, -7.789993694362269, 0.0 ], [ 109.736987280839685, -7.78999452000159, 0.0 ], [ 109.73698644839088, -7.789994813318241, 0.0 ], [ 109.736984204781535, -7.789995915801293, 0.0 ], [ 109.736948534955744, -7.790011672627307, 0.0 ], [ 109.736930356298444, -7.790022579687836, 0.0 ], [ 109.73691161817186, -7.790012184234654, 0.0 ], [ 109.736912237147564, -7.789993466989899, 0.0 ], [ 109.736909600734691, -7.789972609729434, 0.0 ], [ 109.736905447039319, -7.789962609499891, 0.0 ], [ 109.736903895620074, -7.789937582997575, 0.0 ], [ 109.736908316660987, -7.789915294844278, 0.0 ], [ 109.736915019559561, -7.789897426773654, 0.0 ], [ 109.736919183094159, -7.789881769431879, 0.0 ], [ 109.736922636947966, -7.789873635899951, 0.0 ], [ 109.736930824287128, -7.789866400423064, 0.0 ], [ 109.736946241757011, -7.789841292163373, 0.0 ], [ 109.736947671971237, -7.78982599521049, 0.0 ], [ 109.736952210826587, -7.789804863271862, 0.0 ], [ 109.736954523416401, -7.789793574639237, 0.0 ], [ 109.73695967592117, -7.789770171855321, 0.0 ], [ 109.736964992329206, -7.789748051593393, 0.0 ], [ 109.736977631201611, -7.789723969221507, 0.0 ], [ 109.736982945248641, -7.789710037300237, 0.0 ], [ 109.736987315213128, -7.78970551708428, 0.0 ], [ 109.737000374497129, -7.789671497600834, 0.0 ], [ 109.737003794416282, -7.789658585076233, 0.0 ], [ 109.737010321994362, -7.789635867374334, 0.0 ], [ 109.737012326746324, -7.789627462805816, 0.0 ], [ 109.737020442474872, -7.789602775557265, 0.0 ], [ 109.737024716032678, -7.789583866493143, 0.0 ], [ 109.737041601343208, -7.789549164790543, 0.0 ], [ 109.737042727859475, -7.789545911306832, 0.0 ], [ 109.737043806087385, -7.789544633726561, 0.0 ], [ 109.737062574237839, -7.789491182845265, 0.0 ], [ 109.737071002377817, -7.789464324323724, 0.0 ], [ 109.737071469959886, -7.789462695326056, 0.0 ], [ 109.737080724441284, -7.789435377797639, 0.0 ], [ 109.737084137260382, -7.789419377957179, 0.0 ], [ 109.73710029690983, -7.789383750346755, 0.0 ], [ 109.737101760766862, -7.789379581348612, 0.0 ], [ 109.737102556354486, -7.789377349439912, 0.0 ], [ 109.737115992485087, -7.789339285396597, 0.0 ], [ 109.737121577923403, -7.789323781264609, 0.0 ], [ 109.737130920587873, -7.789298236311692, 0.0 ], [ 109.737134211587943, -7.789290274147881, 0.0 ], [ 109.737142946650309, -7.789267985802012, 0.0 ], [ 109.737145364645173, -7.789256701580756, 0.0 ], [ 109.737156749094808, -7.789235747435085, 0.0 ], [ 109.737188869494787, -7.789156404361592, 0.0 ], [ 109.737194915959336, -7.789138337103031, 0.0 ], [ 109.737209931646362, -7.789103820803471, 0.0 ], [ 109.737211178580424, -7.789100611694283, 0.0 ], [ 109.737211556191042, -7.789099005816121, 0.0 ], [ 109.737213175412165, -7.789096364414065, 0.0 ], [ 109.737241388554537, -7.789026672903029, 0.0 ], [ 109.737256627961187, -7.788989028829272, 0.0 ], [ 109.73725953735314, -7.788979066023112, 0.0 ], [ 109.737269601686052, -7.788956981375392, 0.0 ], [ 109.737279214097484, -7.788933236980584, 0.0 ], [ 109.737301800248673, -7.788877445129591, 0.0 ], [ 109.737308725864509, -7.78886033759356, 0.0 ], [ 109.737324386395983, -7.788821653276332, 0.0 ], [ 109.737324711531841, -7.788820349593888, 0.0 ], [ 109.737326027916041, -7.788817598422795, 0.0 ], [ 109.737340985380968, -7.788780650732913, 0.0 ], [ 109.737346972517614, -7.788765861420715, 0.0 ], [ 109.7373824541028, -7.788678215358612, 0.0 ], [ 109.737390738460462, -7.788662488774478, 0.0 ], [ 109.737392611566165, -7.788654279093184, 0.0 ], [ 109.737399258320011, -7.788637660684273, 0.0 ], [ 109.737405887697335, -7.788621661591517, 0.0 ], [ 109.737414730834402, -7.788598485839981, 0.0 ], [ 109.737437316925025, -7.7885426939751, 0.0 ], [ 109.737437732668738, -7.7885415588471, 0.0 ], [ 109.737438880246017, -7.788538832280034, 0.0 ], [ 109.737457843505723, -7.788505709665664, 0.0 ], [ 109.737462425092374, -7.788486909620478, 0.0 ], [ 109.737471617364122, -7.788463502572298, 0.0 ], [ 109.737475689425722, -7.788450502050854, 0.0 ], [ 109.737482489091533, -7.788431110238511, 0.0 ], [ 109.73749530634575, -7.788399449183818, 0.0 ], [ 109.737509761983787, -7.788389720310601, 0.0 ], [ 109.737516544797799, -7.788375352529377, 0.0 ], [ 109.737527710190648, -7.788351701369014, 0.0 ], [ 109.737528120117702, -7.788342829937838, 0.0 ], [ 109.737534210035349, -7.788319545998052, 0.0 ], [ 109.7375390229586, -7.788307025058151, 0.0 ], [ 109.737549561169473, -7.788265880645791, 0.0 ], [ 109.737550247317046, -7.788263734616392, 0.0 ], [ 109.737551732401627, -7.788260066173692, 0.0 ], [ 109.737559504384919, -7.788256023025965, 0.0 ], [ 109.737595913823668, -7.788252051014248, 0.0 ], [ 109.737600939002903, -7.788214945099241, 0.0 ], [ 109.737605829060769, -7.788205972561442, 0.0 ], [ 109.737608033018731, -7.788162562885248, 0.0 ], [ 109.737614968353668, -7.788208068227034, 0.0 ], [ 109.737616241048414, -7.788216418960198, 0.0 ], [ 109.737621411151451, -7.788250342019321, 0.0 ], [ 109.737626321136702, -7.788282558816543, 0.0 ], [ 109.737628784855687, -7.788298724630877, 0.0 ], [ 109.737632002528585, -7.788319837256936, 0.0 ], [ 109.737657554121768, -7.788487490803089, 0.0 ], [ 109.737658280152843, -7.788492254609181, 0.0 ], [ 109.737665653811192, -7.788540637269309, 0.0 ], [ 109.737670329705409, -7.788571317575652, 0.0 ], [ 109.737691622712902, -7.788711028864598, 0.0 ], [ 109.737695149124761, -7.788734167248355, 0.0 ], [ 109.737696882074161, -7.7887455380727, 0.0 ], [ 109.737700139770709, -7.788766913379849, 0.0 ], [ 109.737708656944889, -7.78882279789546, 0.0 ], [ 109.737709896672371, -7.788830932349466, 0.0 ], [ 109.737717892131357, -7.788883393585178, 0.0 ], [ 109.737725691321501, -7.788934566926931, 0.0 ], [ 109.737727122541926, -7.788943957799408, 0.0 ], [ 109.737732018167151, -7.788976079839967, 0.0 ], [ 109.737737202643942, -7.789010097650002, 0.0 ], [ 109.737739391883693, -7.789024462448781, 0.0 ], [ 109.737742725524853, -7.789046335958022, 0.0 ], [ 109.737747829707416, -7.789071790120028, 0.0 ], [ 109.737749599200086, -7.789078561609162, 0.0 ], [ 109.737754857224417, -7.789102231238759, 0.0 ], [ 109.737758844025393, -7.789116563475579, 0.0 ], [ 109.737773104616494, -7.7891493392261, 0.0 ], [ 109.737842945479869, -7.789102493576006, 0.0 ], [ 109.737868231698286, -7.789085532971666, 0.0 ], [ 109.737885347609321, -7.789074052402371, 0.0 ], [ 109.737925856176446, -7.789046881323666, 0.0 ], [ 109.737935166832131, -7.789040636245347, 0.0 ], [ 109.737941469091666, -7.78903640897684, 0.0 ], [ 109.738091677511349, -7.788935656759451, 0.0 ], [ 109.738102504698588, -7.788928394465467, 0.0 ], [ 109.73810983348254, -7.788923478645645, 0.0 ], [ 109.738165954927425, -7.788885835183699, 0.0 ], [ 109.738169987200408, -7.788884046915419, 0.0 ], [ 109.738174970629956, -7.78888004558621, 0.0 ], [ 109.738203386927125, -7.788861530485868, 0.0 ], [ 109.738222074246963, -7.788848898690292, 0.0 ], [ 109.738240170844435, -7.788842409422397, 0.0 ], [ 109.738266628390022, -7.788824459293904, 0.0 ], [ 109.73827394568228, -7.788820269342422, 0.0 ], [ 109.738278177549589, -7.788817310849999, 0.0 ], [ 109.738289190728949, -7.788813553909389, 0.0 ], [ 109.738316888171767, -7.788807327174823, 0.0 ], [ 109.738334241659103, -7.788798816693871, 0.0 ], [ 109.738357806109789, -7.788792353771387, 0.0 ], [ 109.738370172260232, -7.788788962303031, 0.0 ], [ 109.738390296426431, -7.788783443029284, 0.0 ], [ 109.738442505424771, -7.788769123662758, 0.0 ], [ 109.738445514112641, -7.788768298461081, 0.0 ], [ 109.738446351192181, -7.78876806888377, 0.0 ], [ 109.738502405954989, -7.788752694726993, 0.0 ], [ 109.738525494852766, -7.788746362338346, 0.0 ], [ 109.738533222086417, -7.788744243108233, 0.0 ], [ 109.738577076075231, -7.788732215429262, 0.0 ], [ 109.738603155423036, -7.788725063041481, 0.0 ], [ 109.738614515468498, -7.78872194741893, 0.0 ], [ 109.738726624973168, -7.788691199052021, 0.0 ], [ 109.738782679717943, -7.788675825881405, 0.0 ], [ 109.73889478920465, -7.788645077465959, 0.0 ], [ 109.738913799800542, -7.7886398635743, 0.0 ], [ 109.73892790833014, -7.788635994228659, 0.0 ], [ 109.738971762302512, -7.788623966508394, 0.0 ], [ 109.738991460342163, -7.78861856420311, 0.0 ], [ 109.739006898676365, -7.788614330044813, 0.0 ], [ 109.739119008139184, -7.788583581564719, 0.0 ], [ 109.739175062863083, -7.788568208337536, 0.0 ], [ 109.739202815443889, -7.788575649966679, 0.0 ], [ 109.739203994596664, -7.788574937445131, 0.0 ], [ 109.739203519794302, -7.788576356636635, 0.0 ], [ 109.739218947210176, -7.788603856467259, 0.0 ], [ 109.739223078284567, -7.788611710987818, 0.0 ], [ 109.739219154796174, -7.788648069465442, 0.0 ], [ 109.739221676105302, -7.78865972376612, 0.0 ], [ 109.739222411558558, -7.788668065051448, 0.0 ], [ 109.739219955705579, -7.788704899296127, 0.0 ], [ 109.7392206559785, -7.78871557991301, 0.0 ], [ 109.739220036980882, -7.788726112275378, 0.0 ], [ 109.739218100266143, -7.788759064027902, 0.0 ], [ 109.739217373549707, -7.788771429330218, 0.0 ], [ 109.73921080854258, -7.788883128163222, 0.0 ], [ 109.739209609562394, -7.788903529197454, 0.0 ], [ 109.739208771859779, -7.788917783736263, 0.0 ], [ 109.739207526275919, -7.788938977580008, 0.0 ], [ 109.739191113602743, -7.789218224655298, 0.0 ], [ 109.73919011460255, -7.789235222752492, 0.0 ], [ 109.73918875471, -7.789258362987041, 0.0 ], [ 109.739187831354911, -7.789274074070294, 0.0 ], [ 109.739181266310766, -7.78938577289779, 0.0 ], [ 109.739180786177457, -7.789393942482594, 0.0 ], [ 109.739178327191766, -7.789435779935279, 0.0 ], [ 109.739177983826139, -7.789441622311178, 0.0 ], [ 109.739171375419076, -7.789554057979789, 0.0 ], [ 109.73916834789928, -7.789605568435881, 0.0 ], [ 109.739168136200917, -7.789609170549025, 0.0 ], [ 109.739161571132115, -7.789720869372842, 0.0 ], [ 109.739160947828736, -7.789731474961611, 0.0 ], [ 109.739159019466513, -7.789764288192685, 0.0 ], [ 109.739158288900029, -7.789776718785159, 0.0 ], [ 109.739141876072665, -7.790055965837356, 0.0 ], [ 109.739131195883672, -7.790072530836937, 0.0 ], [ 109.739114491047346, -7.790093779072497, 0.0 ], [ 109.739106547821066, -7.790103827893012, 0.0 ], [ 109.739099085016818, -7.790111697694193, 0.0 ], [ 109.739041345871954, -7.790167385065764, 0.0 ], [ 109.738983607182533, -7.790223072428248, 0.0 ], [ 109.738925868007328, -7.790278759778931, 0.0 ] ] } },
{ "type": "Feature", "properties": { "Id": 5, "Contour": 21.0, "Skor": 3.0, "Shape_Leng": 111.96970666199999 }, "geometry": { "type": "LineString", "coordinates": [ [ 109.743480704904172, -7.790928244722929, 0.0 ], [ 109.743424630251923, -7.790950214672655, 0.0 ], [ 109.743413506211951, -7.790951310921716, 0.0 ], [ 109.74339367439525, -7.790962343117883, 0.0 ], [ 109.743368555594813, -7.790972184614087, 0.0 ], [ 109.743364107288869, -7.790966708120167, 0.0 ], [ 109.743362060219681, -7.79096224936159, 0.0 ], [ 109.743359694973435, -7.79095334942997, 0.0 ], [ 109.743351683742361, -7.790923331300727, 0.0 ], [ 109.743347183643564, -7.790906345980706, 0.0 ], [ 109.743339459267702, -7.790877021629319, 0.0 ], [ 109.743332458176596, -7.790850443047905, 0.0 ], [ 109.74333400207027, -7.790829473793417, 0.0 ], [ 109.743334299628302, -7.790815819237588, 0.0 ], [ 109.743336038925349, -7.790794594405841, 0.0 ], [ 109.743369376120199, -7.790696983634486, 0.0 ], [ 109.743374227284093, -7.790687800011077, 0.0 ], [ 109.743376255429951, -7.790682995147938, 0.0 ], [ 109.743381190640122, -7.790671303236117, 0.0 ], [ 109.74339143423758, -7.790649037431089, 0.0 ], [ 109.743406582492341, -7.790608209419884, 0.0 ], [ 109.743413895727159, -7.790583185379109, 0.0 ], [ 109.743419776585171, -7.790565420850133, 0.0 ], [ 109.743425846421857, -7.790542293112724, 0.0 ], [ 109.743470010110045, -7.79068327317092, 0.0 ], [ 109.743472725630838, -7.790691941747748, 0.0 ], [ 109.743481327526283, -7.79071940080183, 0.0 ], [ 109.743505039914027, -7.790795095574554, 0.0 ], [ 109.743512662584536, -7.79081942882107, 0.0 ], [ 109.743515979012685, -7.790830015664076, 0.0 ], [ 109.743522554698259, -7.790851006775776, 0.0 ], [ 109.743521519668874, -7.790866341485189, 0.0 ], [ 109.743535411436056, -7.79090553751738, 0.0 ], [ 109.743535174906867, -7.790906903463306, 0.0 ], [ 109.743496164287762, -7.790922187790116, 0.0 ], [ 109.743480704904172, -7.790928244722929, 0.0 ] ] } },
{ "type": "Feature", "properties": { "Id": 7, "Contour": 21.0, "Skor": 3.0, "Shape_Leng": 192.39013907 }, "geometry": { "type": "LineString", "coordinates": [ [ 109.737194994852914, -7.789586628446934, 0.0 ], [ 109.737161227038882, -7.789603195091922, 0.0 ], [ 109.737155640104163, -7.789605936072059, 0.0 ], [ 109.737099548816715, -7.789633454951208, 0.0 ], [ 109.737091564083471, -7.789611017933851, 0.0 ], [ 109.737092337682512, -7.789602989809119, 0.0 ], [ 109.737094091470993, -7.789597444677862, 0.0 ], [ 109.737099749726553, -7.78956639444406, 0.0 ], [ 109.737112586297201, -7.789559974093371, 0.0 ], [ 109.737111815668456, -7.789547188717336, 0.0 ], [ 109.737116802477061, -7.789530304237426, 0.0 ], [ 109.737125577232533, -7.789516981423181, 0.0 ], [ 109.73712808284661, -7.789491378055937, 0.0 ], [ 109.737134734646659, -7.78947014256846, 0.0 ], [ 109.737137439240485, -7.789454152514877, 0.0 ], [ 109.737142122424274, -7.78943556075535, 0.0 ], [ 109.737156271225729, -7.789395265613638, 0.0 ], [ 109.737162536538875, -7.789385983282551, 0.0 ], [ 109.737163154790295, -7.789379764290194, 0.0 ], [ 109.737166621050392, -7.789369529345843, 0.0 ], [ 109.737176916219383, -7.789344383962751, 0.0 ], [ 109.737182519539317, -7.789323962854027, 0.0 ], [ 109.737193812633279, -7.789296066934583, 0.0 ], [ 109.737207281479698, -7.789262796531843, 0.0 ], [ 109.737212717082983, -7.789249369630516, 0.0 ], [ 109.737227952078825, -7.789227508926747, 0.0 ], [ 109.73723223664696, -7.789212392713956, 0.0 ], [ 109.737242196879905, -7.789185774287987, 0.0 ], [ 109.73724280186876, -7.789182619206628, 0.0 ], [ 109.737250278061296, -7.789156587328773, 0.0 ], [ 109.737269143385632, -7.789109986599439, 0.0 ], [ 109.737275917369232, -7.789107553192734, 0.0 ], [ 109.737280302492934, -7.789100817643677, 0.0 ], [ 109.737297981108341, -7.789073663343053, 0.0 ], [ 109.737298067750302, -7.789072136551343, 0.0 ], [ 109.737306413832954, -7.7890450362969, 0.0 ], [ 109.737311450743633, -7.789031150988494, 0.0 ], [ 109.737315481847261, -7.788999179658774, 0.0 ], [ 109.737318036501819, -7.788989211782723, 0.0 ], [ 109.73732556964471, -7.788970603550792, 0.0 ], [ 109.737349224927314, -7.788965727171707, 0.0 ], [ 109.737365915529452, -7.788973742761454, 0.0 ], [ 109.737378226695796, -7.788936975164871, 0.0 ], [ 109.737381289825521, -7.788933141371636, 0.0 ], [ 109.737381710284652, -7.788926571333169, 0.0 ], [ 109.737391290317191, -7.788989430014971, 0.0 ], [ 109.737393048328912, -7.789000965225166, 0.0 ], [ 109.737397377954892, -7.78902937440331, 0.0 ], [ 109.737399807302722, -7.789045314529977, 0.0 ], [ 109.73742535879876, -7.789212968076797, 0.0 ], [ 109.737426873137181, -7.789222904382459, 0.0 ], [ 109.73743336857143, -7.789265524671719, 0.0 ], [ 109.737434246780083, -7.789271287033069, 0.0 ], [ 109.737438134333871, -7.789296794849677, 0.0 ], [ 109.737450910089606, -7.789380621623399, 0.0 ], [ 109.737453528846373, -7.789397804541617, 0.0 ], [ 109.737456368173184, -7.789416434523511, 0.0 ], [ 109.737459427170023, -7.789436506138959, 0.0 ], [ 109.73745006623956, -7.789450356989677, 0.0 ], [ 109.737436114301232, -7.789462379748332, 0.0 ], [ 109.737418871341035, -7.789475085536925, 0.0 ], [ 109.737387566922038, -7.789492151199276, 0.0 ], [ 109.737380005187973, -7.789495861058711, 0.0 ], [ 109.737323913926787, -7.789523379778043, 0.0 ], [ 109.737270001383763, -7.789549829774923, 0.0 ], [ 109.737261361880982, -7.789554068364206, 0.0 ], [ 109.737232498090265, -7.789568229083637, 0.0 ], [ 109.737194994852914, -7.789586628446934, 0.0 ] ] } },
{ "type": "Feature", "properties": { "Id": 101, "Contour": 12.0, "Skor": 1.0, "Shape_Leng": 531.51183541299997 }, "geometry": { "type": "LineString", "coordinates": [ [ 109.737834822691809, -7.78724221821066, 0.0 ], [ 109.737837256741699, -7.787205583592732, 0.0 ], [ 109.73783776872483, -7.787203266925976, 0.0 ], [ 109.737839039504692, -7.787199193583942, 0.0 ], [ 109.737838949077215, -7.787151255113267, 0.0 ], [ 109.737842103333776, -7.787147420675009, 0.0 ], [ 109.737862298210089, -7.787120442093342, 0.0 ], [ 109.737862237745006, -7.787118594349648, 0.0 ], [ 109.737863380062805, -7.787119369548256, 0.0 ], [ 109.737891212552668, -7.787114820504226, 0.0 ], [ 109.737900310327575, -7.787100766372334, 0.0 ], [ 109.737902748454431, -7.787091742070785, 0.0 ], [ 109.737904287634095, -7.787078813927069, 0.0 ], [ 109.737904276948541, -7.787048719700945, 0.0 ], [ 109.73790626741426, -7.787035893389046, 0.0 ], [ 109.737914470627715, -7.787013025624844, 0.0 ], [ 109.737914439868007, -7.787002889812464, 0.0 ], [ 109.737943128016425, -7.786980143966002, 0.0 ], [ 109.737945228117653, -7.786977753430169, 0.0 ], [ 109.737947631764499, -7.786977602900338, 0.0 ], [ 109.737967819601764, -7.786944393190484, 0.0 ], [ 109.737973110443392, -7.786924374062458, 0.0 ], [ 109.73797576752014, -7.786896563136726, 0.0 ], [ 109.737975767278755, -7.786896340743628, 0.0 ], [ 109.737979035440034, -7.786868532540475, 0.0 ], [ 109.737986431014249, -7.786851013339589, 0.0 ], [ 109.738004055107851, -7.786838990501577, 0.0 ], [ 109.738025531767079, -7.786834216940526, 0.0 ], [ 109.738042195396332, -7.786812861392728, 0.0 ], [ 109.738047377562594, -7.786800108558209, 0.0 ], [ 109.738050015878017, -7.786767260528041, 0.0 ], [ 109.738052618945929, -7.786757033258437, 0.0 ], [ 109.738053030284476, -7.786749753582493, 0.0 ], [ 109.73805873748006, -7.78670292100646, 0.0 ], [ 109.738058847338337, -7.786701192636023, 0.0 ], [ 109.738059399157464, -7.786700117126403, 0.0 ], [ 109.738060480714609, -7.786699607278804, 0.0 ], [ 109.738062199692848, -7.786699488571053, 0.0 ], [ 109.738064532321687, -7.786701209557961, 0.0 ], [ 109.738065836534275, -7.786706575777351, 0.0 ], [ 109.738076022372638, -7.786741477731772, 0.0 ], [ 109.738079355698844, -7.786757112843424, 0.0 ], [ 109.738088140381834, -7.786814752134115, 0.0 ], [ 109.738092131539673, -7.786840939615501, 0.0 ], [ 109.738092863964582, -7.786845745284285, 0.0 ], [ 109.738098969616814, -7.786885806707208, 0.0 ], [ 109.738102944128201, -7.786911885136939, 0.0 ], [ 109.738104907320661, -7.786924766387482, 0.0 ], [ 109.73810647047668, -7.786934063310721, 0.0 ], [ 109.738115067434805, -7.786980074877246, 0.0 ], [ 109.738115168380745, -7.786980656093003, 0.0 ], [ 109.738115266823044, -7.786981035576487, 0.0 ], [ 109.73811564422131, -7.786981973058217, 0.0 ], [ 109.738117596853726, -7.786980663321543, 0.0 ], [ 109.738146347435929, -7.786955431865223, 0.0 ], [ 109.738171765379363, -7.786944329550659, 0.0 ], [ 109.738340128797361, -7.786831398973426, 0.0 ], [ 109.738350704068608, -7.786824305526137, 0.0 ], [ 109.738368189358809, -7.786812577204198, 0.0 ], [ 109.738508492131032, -7.786718468314284, 0.0 ], [ 109.738518040879057, -7.786712063408936, 0.0 ], [ 109.738532147691231, -7.786702601202346, 0.0 ], [ 109.738564613223517, -7.786680824743028, 0.0 ], [ 109.73858497555814, -7.786667166519889, 0.0 ], [ 109.738615057798668, -7.786646988718931, 0.0 ], [ 109.73867685538039, -7.786605537573229, 0.0 ], [ 109.73868537760309, -7.786599821210801, 0.0 ], [ 109.73869796788253, -7.786591376215611, 0.0 ], [ 109.73873297644478, -7.786567893974672, 0.0 ], [ 109.738752312252004, -7.786554924289375, 0.0 ], [ 109.73878087794904, -7.786535763692473, 0.0 ], [ 109.738789097499804, -7.786530250367012, 0.0 ], [ 109.738806317020732, -7.786518700197532, 0.0 ], [ 109.738819246878222, -7.7865100273518, 0.0 ], [ 109.738845218545649, -7.786492606682248, 0.0 ], [ 109.738863787991988, -7.786480151149461, 0.0 ], [ 109.738901339581716, -7.786454963124358, 0.0 ], [ 109.738919648859437, -7.786442681981232, 0.0 ], [ 109.738946698017628, -7.786424538586563, 0.0 ], [ 109.73895746060866, -7.786417319489416, 0.0 ], [ 109.738985521118821, -7.786398497585956, 0.0 ], [ 109.738988152898102, -7.786396732297284, 0.0 ], [ 109.739020050779558, -7.786375336552288, 0.0 ], [ 109.739029607891936, -7.78636892600348, 0.0 ], [ 109.739052034118259, -7.786351399207589, 0.0 ], [ 109.739069734508178, -7.786331372072409, 0.0 ], [ 109.739078028811988, -7.786321453451832, 0.0 ], [ 109.739082204601061, -7.786313223248723, 0.0 ], [ 109.739080004600979, -7.786303058414886, 0.0 ], [ 109.739070080406378, -7.786257204201239, 0.0 ], [ 109.739058009544109, -7.786201432922577, 0.0 ], [ 109.739033814785344, -7.786089642597358, 0.0 ], [ 109.739020169983675, -7.786083913214448, 0.0 ], [ 109.739003219047362, -7.786078317946387, 0.0 ], [ 109.738978766948861, -7.786069267288827, 0.0 ], [ 109.738958519120629, -7.786063329584978, 0.0 ], [ 109.738935414440604, -7.786056554080297, 0.0 ], [ 109.738922878884907, -7.786053738769519, 0.0 ], [ 109.738902555427629, -7.786048375930979, 0.0 ], [ 109.738890654987358, -7.786045235722059, 0.0 ], [ 109.738850409396946, -7.786037056240077, 0.0 ], [ 109.738844225737921, -7.786035572808463, 0.0 ], [ 109.738831343131281, -7.786033181201962, 0.0 ], [ 109.738793753252665, -7.78602991836957, 0.0 ], [ 109.738790594139971, -7.786029809996334, 0.0 ], [ 109.738734599593386, -7.786025177532434, 0.0 ], [ 109.738678605049273, -7.78602054503538, 0.0 ], [ 109.73862261050752, -7.786015912553883, 0.0 ], [ 109.738586213916818, -7.786012901410967, 0.0 ], [ 109.738566615968239, -7.786011280048893, 0.0 ], [ 109.738510621431402, -7.786006647527048, 0.0 ], [ 109.73837881705694, -7.785995743141497, 0.0 ], [ 109.738361031166804, -7.785994271676822, 0.0 ], [ 109.738314640571261, -7.785990433698861, 0.0 ], [ 109.738300170900985, -7.785989236601619, 0.0 ], [ 109.738275118628479, -7.785987163977769, 0.0 ], [ 109.738230648783116, -7.785983484884169, 0.0 ], [ 109.738174654260661, -7.785978852348243, 0.0 ], [ 109.73817149124848, -7.785978514360972, 0.0 ], [ 109.738130969189427, -7.785975238169048, 0.0 ], [ 109.738119573617695, -7.785974292594804, 0.0 ], [ 109.738118659740692, -7.785974219775957, 0.0 ], [ 109.738117589604713, -7.785974130798647, 0.0 ], [ 109.738067758991974, -7.785969968704054, 0.0 ], [ 109.738062665347812, -7.78596954552805, 0.0 ], [ 109.738056518454925, -7.785968884091208, 0.0 ], [ 109.738017738154397, -7.785963866444152, 0.0 ], [ 109.738006677360843, -7.785962731356507, 0.0 ], [ 109.737993138080384, -7.785961320516622, 0.0 ], [ 109.737967347882474, -7.785958130442626, 0.0 ], [ 109.737950687733971, -7.785956466163851, 0.0 ], [ 109.737932706269319, -7.785956715241807, 0.0 ], [ 109.73790836555429, -7.785960912603193, 0.0 ], [ 109.737894665230002, -7.785961187901438, 0.0 ], [ 109.737881978240267, -7.785961845830349, 0.0 ], [ 109.737845485210457, -7.785974388424355, 0.0 ], [ 109.737845345631939, -7.785981118454312, 0.0 ], [ 109.737844450452386, -7.786024278031763, 0.0 ], [ 109.737844207284468, -7.786036002726577, 0.0 ], [ 109.737843271209428, -7.786081140060177, 0.0 ], [ 109.737843069050513, -7.786090887115534, 0.0 ], [ 109.737842009826892, -7.78614195555644, 0.0 ], [ 109.737841930687679, -7.786145771380935, 0.0 ], [ 109.737840912434379, -7.786194864390795, 0.0 ], [ 109.737840792326523, -7.786200655642891, 0.0 ], [ 109.737839692948981, -7.786253666977017, 0.0 ], [ 109.737837374405515, -7.786365450747992, 0.0 ], [ 109.737836217539851, -7.786421234106125, 0.0 ], [ 109.737833900487985, -7.786532945524277, 0.0 ], [ 109.737833836368935, -7.786536037096904, 0.0 ], [ 109.737832824143283, -7.786584845883695, 0.0 ], [ 109.737832657118247, -7.78659289911381, 0.0 ], [ 109.737831685773642, -7.786639730150618, 0.0 ], [ 109.737831477719084, -7.786649761279, 0.0 ], [ 109.737830425059485, -7.786700512650493, 0.0 ], [ 109.73783029832147, -7.786706623440764, 0.0 ], [ 109.737829409141924, -7.786749498794324, 0.0 ], [ 109.737829119056769, -7.786763485466736, 0.0 ], [ 109.737828270774202, -7.786804383067217, 0.0 ], [ 109.737828108151618, -7.786812224067163, 0.0 ], [ 109.737826949614387, -7.786868079774911, 0.0 ], [ 109.737826760256965, -7.786877209782772, 0.0 ], [ 109.737825994127562, -7.786914151706572, 0.0 ], [ 109.737825580978196, -7.786934071817845, 0.0 ], [ 109.737824855764828, -7.786969035985329, 0.0 ], [ 109.737824632697539, -7.78697979119044, 0.0 ], [ 109.73782347415893, -7.787035646897608, 0.0 ], [ 109.737823222181561, -7.787047796126219, 0.0 ], [ 109.737822579100211, -7.787078804613802, 0.0 ], [ 109.73782204288878, -7.787104658167141, 0.0 ], [ 109.737821440739339, -7.78713368890173, 0.0 ], [ 109.737821157233071, -7.787147358311928, 0.0 ], [ 109.737819998686859, -7.787203214018537, 0.0 ], [ 109.737822265563764, -7.787215823203164, 0.0 ], [ 109.737834822691809, -7.78724221821066, 0.0 ] ] } },
{ "type": "Feature", "properties": { "Id": 42, "Contour": 18.0, "Skor": 2.0, "Shape_Leng": 1422.75901239 }, "geometry": { "type": "LineString", "coordinates": [ [ 109.735095864586228, -7.796244266765912, 0.0 ], [ 109.73500748332745, -7.796208338281321, 0.0 ], [ 109.734985847687867, -7.796209652566763, 0.0 ], [ 109.7349574384221, -7.796187994167679, 0.0 ], [ 109.734839659238901, -7.796140114986795, 0.0 ], [ 109.734830732934498, -7.796140657230025, 0.0 ], [ 109.734819011973741, -7.796131721528906, 0.0 ], [ 109.734727776548525, -7.796094632702016, 0.0 ], [ 109.734707374866673, -7.79609587201602, 0.0 ], [ 109.734680585898843, -7.796075448851742, 0.0 ], [ 109.734665900513875, -7.796069478998294, 0.0 ], [ 109.734634512964519, -7.796056719477848, 0.0 ], [ 109.734615893885973, -7.796049150504847, 0.0 ], [ 109.734559952565448, -7.796026409330183, 0.0 ], [ 109.734552260198654, -7.796026876603795, 0.0 ], [ 109.734542159536701, -7.79601917613408, 0.0 ], [ 109.734504011251943, -7.796003668149106, 0.0 ], [ 109.734476040597798, -7.79599229758689, 0.0 ], [ 109.734448069945302, -7.79598092704902, 0.0 ], [ 109.734403733217647, -7.795962903376892, 0.0 ], [ 109.734280246068039, -7.795912703489773, 0.0 ], [ 109.734273787653535, -7.79591309580505, 0.0 ], [ 109.734265307268956, -7.795906630581292, 0.0 ], [ 109.734168363518194, -7.795867221150609, 0.0 ], [ 109.734156424358318, -7.795862367671438, 0.0 ], [ 109.734126881039174, -7.795850357745182, 0.0 ], [ 109.734000539746518, -7.79579899749141, 0.0 ], [ 109.733995315277213, -7.795799314856388, 0.0 ], [ 109.733988455104935, -7.795794084870403, 0.0 ], [ 109.733957220909218, -7.795781387627944, 0.0 ], [ 109.733944598503015, -7.795776256378585, 0.0 ], [ 109.733832716037924, -7.795730773868154, 0.0 ], [ 109.733820974349854, -7.795726000642767, 0.0 ], [ 109.733797858263586, -7.795716603485883, 0.0 ], [ 109.733776774815709, -7.795708032671256, 0.0 ], [ 109.733711602929404, -7.795681539001026, 0.0 ], [ 109.733573177196149, -7.795625266008066, 0.0 ], [ 109.733497068810848, -7.795594326386047, 0.0 ], [ 109.733479133040561, -7.795587035144854, 0.0 ], [ 109.733441127630869, -7.795571585140749, 0.0 ], [ 109.733329245292467, -7.795526102514242, 0.0 ], [ 109.733319770572479, -7.795522250842641, 0.0 ], [ 109.73327992988861, -7.795506054833155, 0.0 ], [ 109.733273304133391, -7.795503361324114, 0.0 ], [ 109.733157899603469, -7.795456446790293, 0.0 ], [ 109.733120567491994, -7.795441270459054, 0.0 ], [ 109.733105480699493, -7.795435137365294, 0.0 ], [ 109.733019473715302, -7.7954001736384, 0.0 ], [ 109.732881048197498, -7.795343900448124, 0.0 ], [ 109.732825775116865, -7.795321430693364, 0.0 ], [ 109.732801842757496, -7.795311701673425, 0.0 ], [ 109.73276983402134, -7.795298689390129, 0.0 ], [ 109.732742622398632, -7.795287627217343, 0.0 ], [ 109.732723010495278, -7.795278467903079, 0.0 ], [ 109.732713892933035, -7.795275948002745, 0.0 ], [ 109.73265795185182, -7.795253206608932, 0.0 ], [ 109.732642480519701, -7.79524691715854, 0.0 ], [ 109.732604196652204, -7.795231353947113, 0.0 ], [ 109.732603378021324, -7.795229989353969, 0.0 ], [ 109.732594994370132, -7.795224310378829, 0.0 ], [ 109.732571256480355, -7.795206141009991, 0.0 ], [ 109.732530941391431, -7.795190415304892, 0.0 ], [ 109.732500983855118, -7.79518601516962, 0.0 ], [ 109.732490134501688, -7.795183037801348, 0.0 ], [ 109.732484494855086, -7.795180767984295, 0.0 ], [ 109.73246929681514, -7.795175091190299, 0.0 ], [ 109.732473456703346, -7.795158396696221, 0.0 ], [ 109.732490265526863, -7.795139494262059, 0.0 ], [ 109.732729034080123, -7.795008291406884, 0.0 ], [ 109.732755880028506, -7.794993539679166, 0.0 ], [ 109.732791961297977, -7.794973713487718, 0.0 ], [ 109.732822814366301, -7.794956759858717, 0.0 ], [ 109.732826878857963, -7.79495452644576, 0.0 ], [ 109.733219594077468, -7.794738729532809, 0.0 ], [ 109.733224933161068, -7.794735795733526, 0.0 ], [ 109.733261014449866, -7.794715969553335, 0.0 ], [ 109.733275696220275, -7.794707901990826, 0.0 ], [ 109.733387900487557, -7.794646245633656, 0.0 ], [ 109.733402009242411, -7.794661035123152, 0.0 ], [ 109.733433252941694, -7.79466467066342, 0.0 ], [ 109.733443842001805, -7.794668836126176, 0.0 ], [ 109.733446925084863, -7.794672199774782, 0.0 ], [ 109.733449760421379, -7.794675293145652, 0.0 ], [ 109.73346883099488, -7.794700366614284, 0.0 ], [ 109.733471265037934, -7.794703762373842, 0.0 ], [ 109.733480812549345, -7.794712387871273, 0.0 ], [ 109.733499668325763, -7.79472974287415, 0.0 ], [ 109.733527581493831, -7.794760196187962, 0.0 ], [ 109.733552441217299, -7.794787318292927, 0.0 ], [ 109.733553781619179, -7.794789035586638, 0.0 ], [ 109.733555494665609, -7.794790649613939, 0.0 ], [ 109.733580648806168, -7.79481809281627, 0.0 ], [ 109.733603781636958, -7.794843330860338, 0.0 ], [ 109.733611321021385, -7.794851556352018, 0.0 ], [ 109.73365512223846, -7.794899343423991, 0.0 ], [ 109.733660883137773, -7.794905628570651, 0.0 ], [ 109.733687627867056, -7.794934807207058, 0.0 ], [ 109.73370646266639, -7.794955355983025, 0.0 ], [ 109.73372297378134, -7.794973369580185, 0.0 ], [ 109.73374111747097, -7.794993164347248, 0.0 ], [ 109.733767862214322, -7.795022342980161, 0.0 ], [ 109.733778800184865, -7.795034276303449, 0.0 ], [ 109.733809143777677, -7.795067381089055, 0.0 ], [ 109.733821351852683, -7.795080700097436, 0.0 ], [ 109.733848096606991, -7.795109878726998, 0.0 ], [ 109.733862539820279, -7.795125636262501, 0.0 ], [ 109.733890453040289, -7.795156089501995, 0.0 ], [ 109.733911824861764, -7.795179406178195, 0.0 ], [ 109.73392833103253, -7.79519741446353, 0.0 ], [ 109.733955075857793, -7.795226593030494, 0.0 ], [ 109.7339631653726, -7.795235418716306, 0.0 ], [ 109.734002105958695, -7.795277902910646, 0.0 ], [ 109.734014505946718, -7.795291431250435, 0.0 ], [ 109.734035310308414, -7.795314128772836, 0.0 ], [ 109.73406205509194, -7.795343307393295, 0.0 ], [ 109.734065846468894, -7.795347443780172, 0.0 ], [ 109.734113758941504, -7.795399716069721, 0.0 ], [ 109.734117187207062, -7.795403456306272, 0.0 ], [ 109.73414285743938, -7.795431462567413, 0.0 ], [ 109.734169585456399, -7.795460622758354, 0.0 ], [ 109.734219868356107, -7.795515481344968, 0.0 ], [ 109.734223558864642, -7.795517353032437, 0.0 ], [ 109.734231616971144, -7.795521705297969, 0.0 ], [ 109.73426011681569, -7.795536803357753, 0.0 ], [ 109.734281339643218, -7.795548788730647, 0.0 ], [ 109.734295906552916, -7.795557015256368, 0.0 ], [ 109.734320226357823, -7.795571640361534, 0.0 ], [ 109.734337254539852, -7.795580296998444, 0.0 ], [ 109.734368668385997, -7.795596266919913, 0.0 ], [ 109.734393178694233, -7.795608727247477, 0.0 ], [ 109.734430754687168, -7.795627829752569, 0.0 ], [ 109.734449102857226, -7.795637157425538, 0.0 ], [ 109.734467894604322, -7.795646710612813, 0.0 ], [ 109.73448007322996, -7.795652901886927, 0.0 ], [ 109.734505027028419, -7.79566558766216, 0.0 ], [ 109.734541283052607, -7.795684019119292, 0.0 ], [ 109.734554343169506, -7.795690658489899, 0.0 ], [ 109.734581094851706, -7.795704258272957, 0.0 ], [ 109.73459147810739, -7.795709536826052, 0.0 ], [ 109.734616875396412, -7.795722448048706, 0.0 ], [ 109.734651811450988, -7.795740208461831, 0.0 ], [ 109.734665748069247, -7.795747293415837, 0.0 ], [ 109.734672799593113, -7.795750878205099, 0.0 ], [ 109.734728723798199, -7.795779308384541, 0.0 ], [ 109.734740018011649, -7.795785050030138, 0.0 ], [ 109.734777153002483, -7.795803928313854, 0.0 ], [ 109.734784648011697, -7.79580773855765, 0.0 ], [ 109.734840572233665, -7.795836168721377, 0.0 ], [ 109.734851422967139, -7.795841684911729, 0.0 ], [ 109.734872868343416, -7.795852587073978, 0.0 ], [ 109.734896496464089, -7.795864598862688, 0.0 ], [ 109.734928132628426, -7.795880681711993, 0.0 ], [ 109.734962827956139, -7.795898319771877, 0.0 ], [ 109.734983396837535, -7.795908776343672, 0.0 ], [ 109.735008344950117, -7.795921459162254, 0.0 ], [ 109.735038661145254, -7.795936870969573, 0.0 ], [ 109.735064269205722, -7.795949889326948, 0.0 ], [ 109.735093925367664, -7.795964965589036, 0.0 ], [ 109.735120193469925, -7.7959783194402, 0.0 ], [ 109.735149189691853, -7.795993060202782, 0.0 ], [ 109.735176117742384, -7.796006749592501, 0.0 ], [ 109.735204453930763, -7.796021154810213, 0.0 ], [ 109.735287966312981, -7.796063609758741, 0.0 ], [ 109.735297043180225, -7.796068224146214, 0.0 ], [ 109.73533417818615, -7.796087102433998, 0.0 ], [ 109.73534389061065, -7.796092039918324, 0.0 ], [ 109.735399814917074, -7.796120469974543, 0.0 ], [ 109.735408448303048, -7.796124858907721, 0.0 ], [ 109.735445583320157, -7.796143737187234, 0.0 ], [ 109.735455739231625, -7.796148900121677, 0.0 ], [ 109.735511663554931, -7.796177330162236, 0.0 ], [ 109.735519853462506, -7.796181493641339, 0.0 ], [ 109.735556988487659, -7.796200371915892, 0.0 ], [ 109.735567587886322, -7.796205760296954, 0.0 ], [ 109.735646568705832, -7.796245911452545, 0.0 ], [ 109.735679436574998, -7.796262620379387, 0.0 ], [ 109.735707398752297, -7.796276835438211, 0.0 ], [ 109.735713099023741, -7.796279733260141, 0.0 ], [ 109.735735360931784, -7.796291050466341, 0.0 ], [ 109.735757097430493, -7.796302100552281, 0.0 ], [ 109.735791285297182, -7.796319480508166, 0.0 ], [ 109.735816934039875, -7.796332519483489, 0.0 ], [ 109.735847209670865, -7.796347910582652, 0.0 ], [ 109.735875171860954, -7.796362125586857, 0.0 ], [ 109.735891204247167, -7.79637027589561, 0.0 ], [ 109.735928339318903, -7.796389154129866, 0.0 ], [ 109.73596547442871, -7.796408032332356, 0.0 ], [ 109.735987020642213, -7.796418985668891, 0.0 ], [ 109.736002609548521, -7.796426910525592, 0.0 ], [ 109.736014982842747, -7.796433200691218, 0.0 ], [ 109.736070907250252, -7.796461630721401, 0.0 ], [ 109.736076879755544, -7.796464666942655, 0.0 ], [ 109.73611401488337, -7.796483545127675, 0.0 ], [ 109.736126831666155, -7.796490060745425, 0.0 ], [ 109.736182756090486, -7.796518490763179, 0.0 ], [ 109.736188285112675, -7.796521301528224, 0.0 ], [ 109.736225420257881, -7.796540179701823, 0.0 ], [ 109.736238680523357, -7.796546920739123, 0.0 ], [ 109.736262555397488, -7.796559057879124, 0.0 ], [ 109.736279102435063, -7.796567469831252, 0.0 ], [ 109.736299690506371, -7.796577936089207, 0.0 ], [ 109.736309741560575, -7.796583045686847, 0.0 ], [ 109.73635052941421, -7.796603780743633, 0.0 ], [ 109.736373960810383, -7.796615692426848, 0.0 ], [ 109.736406453872178, -7.796632210772187, 0.0 ], [ 109.736420270482881, -7.796639234640936, 0.0 ], [ 109.736448151224366, -7.796653527969827, 0.0 ], [ 109.736462378338786, -7.796660640720017, 0.0 ], [ 109.736485366256758, -7.796672326949977, 0.0 ], [ 109.736518302813622, -7.796689070739368, 0.0 ], [ 109.736522755898179, -7.79669095283005, 0.0 ], [ 109.736530799441283, -7.796695423570741, 0.0 ], [ 109.7365588685158, -7.796710844704895, 0.0 ], [ 109.736574227297098, -7.7967175006748, 0.0 ], [ 109.7366301517891, -7.796745930590994, 0.0 ], [ 109.736634400691145, -7.796747350084573, 0.0 ], [ 109.736641328588505, -7.796751612476692, 0.0 ], [ 109.736669475219387, -7.79676827108514, 0.0 ], [ 109.736686076289189, -7.796774360601433, 0.0 ], [ 109.736742000797975, -7.796802790508443, 0.0 ], [ 109.736746016054553, -7.796803776524469, 0.0 ], [ 109.736751857615886, -7.796807801357973, 0.0 ], [ 109.736779954307593, -7.796825823983801, 0.0 ], [ 109.73679792531496, -7.796831220506434, 0.0 ], [ 109.736820541404953, -7.79684128004015, 0.0 ], [ 109.736843817670675, -7.796853912477417, 0.0 ], [ 109.73685385172503, -7.796859022133277, 0.0 ], [ 109.736857814246903, -7.796860021725172, 0.0 ], [ 109.73686238667625, -7.796863990214918, 0.0 ], [ 109.73689028506405, -7.796883523945288, 0.0 ], [ 109.736909774374467, -7.7968880803834, 0.0 ], [ 109.736933383459444, -7.796896490400937, 0.0 ], [ 109.736955022768697, -7.796909457152007, 0.0 ], [ 109.736965703701884, -7.796914914832014, 0.0 ], [ 109.736969702446558, -7.796916177698164, 0.0 ], [ 109.736972915797566, -7.796920179047613, 0.0 ], [ 109.737000442111679, -7.796941396121387, 0.0 ], [ 109.737021623467882, -7.796944940183633, 0.0 ], [ 109.737046364356104, -7.796951563122205, 0.0 ], [ 109.737065775890642, -7.796964548305109, 0.0 ], [ 109.737077556327193, -7.796970602385895, 0.0 ], [ 109.73708185095731, -7.796972075620762, 0.0 ], [ 109.737084600695468, -7.796976371303432, 0.0 ], [ 109.7371121738977, -7.796997707173455, 0.0 ], [ 109.737133480581534, -7.796999136687539, 0.0 ], [ 109.737160414334156, -7.79700557601031, 0.0 ], [ 109.737170925852496, -7.797014017798622, 0.0 ], [ 109.737189410558827, -7.797025765269081, 0.0 ], [ 109.737194809159604, -7.797027170851472, 0.0 ], [ 109.737198820022499, -7.797032571093122, 0.0 ], [ 109.737225094308357, -7.79705283987658, 0.0 ], [ 109.73724534274055, -7.797051661345484, 0.0 ], [ 109.737270590545847, -7.797057983914669, 0.0 ], [ 109.737277292084414, -7.797056785554251, 0.0 ], [ 109.737301271493592, -7.797078703525373, 0.0 ], [ 109.737311367608157, -7.797078696943222, 0.0 ], [ 109.737325247705499, -7.797088807264824, 0.0 ], [ 109.737348088870078, -7.797097985451281, 0.0 ], [ 109.737357228265736, -7.797096403278018, 0.0 ], [ 109.737366833835154, -7.797098517325149, 0.0 ], [ 109.737388707525866, -7.797088996510865, 0.0 ], [ 109.737409195450297, -7.797033198483935, 0.0 ], [ 109.737410331378868, -7.797030104724243, 0.0 ], [ 109.737425364113776, -7.796989160290059, 0.0 ], [ 109.737429681937741, -7.79697740045082, 0.0 ], [ 109.737450169849268, -7.796921602419868, 0.0 ], [ 109.737455431142422, -7.796907272990667, 0.0 ], [ 109.737470463866941, -7.796866328553318, 0.0 ], [ 109.737471067932233, -7.796864683344189, 0.0 ], [ 109.737485497346114, -7.796825384874914, 0.0 ], [ 109.737491143686299, -7.796810006346274, 0.0 ], [ 109.737526404243596, -7.796713973039227, 0.0 ], [ 109.737530597268787, -7.796702553336245, 0.0 ], [ 109.737532118426316, -7.796698410267346, 0.0 ], [ 109.737573093140455, -7.796586814180391, 0.0 ], [ 109.73757569716021, -7.796579721787955, 0.0 ], [ 109.737582875063097, -7.7965601727568, 0.0 ], [ 109.73760539301442, -7.796553488756175, 0.0 ], [ 109.737623356526939, -7.796531104906365, 0.0 ], [ 109.737630300301817, -7.796522451399468, 0.0 ], [ 109.737636353275093, -7.796478054759561, 0.0 ], [ 109.73763737994831, -7.796475287585294, 0.0 ], [ 109.737637855808217, -7.796474005160045, 0.0 ], [ 109.73763919339217, -7.796457231529058, 0.0 ], [ 109.737639878704613, -7.796475295034698, 0.0 ], [ 109.737639907869593, -7.796476063975257, 0.0 ], [ 109.737641887221372, -7.796528261240998, 0.0 ], [ 109.737642116518472, -7.79653430650062, 0.0 ], [ 109.737643923524615, -7.796581935164527, 0.0 ], [ 109.737644116614177, -7.796587025926781, 0.0 ], [ 109.737646236094804, -7.796642891374314, 0.0 ], [ 109.737648354521269, -7.796698756818628, 0.0 ], [ 109.737650474003729, -7.796754622265992, 0.0 ], [ 109.737652592425846, -7.796810487710195, 0.0 ], [ 109.737654711907055, -7.796866353157448, 0.0 ], [ 109.737655372352918, -7.796883765620358, 0.0 ], [ 109.737656138934298, -7.79690398109347, 0.0 ], [ 109.737657581323219, -7.796942008473319, 0.0 ], [ 109.7376581749553, -7.796957655297469, 0.0 ], [ 109.737658949807866, -7.796978084048618, 0.0 ], [ 109.737661069284044, -7.797033949495636, 0.0 ], [ 109.737663187706147, -7.797089814939533, 0.0 ], [ 109.737665307181103, -7.797145680386457, 0.0 ], [ 109.737667808927668, -7.797170875070004, 0.0 ], [ 109.737668946998397, -7.797177518005375, 0.0 ], [ 109.73767167724381, -7.797201558506168, 0.0 ], [ 109.737159645872794, -7.797109382905648, 0.0 ], [ 109.735095864586228, -7.796244266765912, 0.0 ] ] } },
{ "type": "Feature", "properties": { "Id": 55, "Contour": 17.0, "Skor": 2.0, "Shape_Leng": 2424.40006111 }, "geometry": { "type": "MultiLineString", "coordinates": [ [ [ 109.732252846049803, -7.794944392493624, 0.0 ], [ 109.732544185448319, -7.794784302138673, 0.0 ], [ 109.732546220000899, -7.794783184162863, 0.0 ], [ 109.732551292650498, -7.794780396807057, 0.0 ], [ 109.732582301307446, -7.794763358036525, 0.0 ], [ 109.732603451142239, -7.794751736348988, 0.0 ], [ 109.733049706036468, -7.794506519493233, 0.0 ], [ 109.733051353950103, -7.794505613970523, 0.0 ], [ 109.733055462610835, -7.794503356307724, 0.0 ], [ 109.733087435217016, -7.794485787793222, 0.0 ], [ 109.733108370481276, -7.794474283969953, 0.0 ], [ 109.733251914777156, -7.794395406237057, 0.0 ], [ 109.733268875906575, -7.794387694695259, 0.0 ], [ 109.733276664727398, -7.794385812938295, 0.0 ], [ 109.733280361903709, -7.794391786151178, 0.0 ], [ 109.733284956095929, -7.794395505056753, 0.0 ], [ 109.733310015453128, -7.794418081082761, 0.0 ], [ 109.733332556328648, -7.794424990143802, 0.0 ], [ 109.733345252069611, -7.794438841234266, 0.0 ], [ 109.733356927617749, -7.794451579344361, 0.0 ], [ 109.73337011827968, -7.794469882107461, 0.0 ], [ 109.733388382607501, -7.794485896896092, 0.0 ], [ 109.73340826804872, -7.794507591925839, 0.0 ], [ 109.733425486260515, -7.794526377041273, 0.0 ], [ 109.733452230951244, -7.794555555686487, 0.0 ], [ 109.733459608399627, -7.794563604502811, 0.0 ], [ 109.733500035213581, -7.794607710159192, 0.0 ], [ 109.733510948935432, -7.794619617076081, 0.0 ], [ 109.733532465207887, -7.794643091460505, 0.0 ], [ 109.733559209972597, -7.794672270043067, 0.0 ], [ 109.733562289331942, -7.794675629644804, 0.0 ], [ 109.733611687882672, -7.794729523635703, 0.0 ], [ 109.733639601060034, -7.794759976943479, 0.0 ], [ 109.73366618895551, -7.794788984475192, 0.0 ], [ 109.733667514241063, -7.794790430366554, 0.0 ], [ 109.733716310786193, -7.794843667326337, 0.0 ], [ 109.733719678572015, -7.794847341582667, 0.0 ], [ 109.733746423302975, -7.794876520215531, 0.0 ], [ 109.73376765121786, -7.794899679878196, 0.0 ], [ 109.733779167006333, -7.794912243577013, 0.0 ], [ 109.733818991725329, -7.794955692426179, 0.0 ], [ 109.733826657652003, -7.794964055981147, 0.0 ], [ 109.733853402456901, -7.794993234551255, 0.0 ], [ 109.733870332202599, -7.795011704969787, 0.0 ], [ 109.733890819834528, -7.795034057004099, 0.0 ], [ 109.733921672811846, -7.795067717509556, 0.0 ], [ 109.733933636865402, -7.795080770283929, 0.0 ], [ 109.733960381625508, -7.795109948907637, 0.0 ], [ 109.733974559497781, -7.795125416944889, 0.0 ], [ 109.734002472727099, -7.795155870178331, 0.0 ], [ 109.734024353927211, -7.795179742576213, 0.0 ], [ 109.734040616077834, -7.795197484626686, 0.0 ], [ 109.734067360911979, -7.795226663187722, 0.0 ], [ 109.734075694458326, -7.795235755103094, 0.0 ], [ 109.734114125682666, -7.795277683562662, 0.0 ], [ 109.734127035049696, -7.795291767625986, 0.0 ], [ 109.734147595392571, -7.795314198909324, 0.0 ], [ 109.734174340181895, -7.795343377527215, 0.0 ], [ 109.734178375589025, -7.795347780144483, 0.0 ], [ 109.734225778702523, -7.7953994966973, 0.0 ], [ 109.734229716344416, -7.795403792659346, 0.0 ], [ 109.734255386582277, -7.795431798914859, 0.0 ], [ 109.734281605236021, -7.79546040337386, 0.0 ], [ 109.734332397524724, -7.795515817675554, 0.0 ], [ 109.734335646347773, -7.795517619086411, 0.0 ], [ 109.734344379154791, -7.795522786611336, 0.0 ], [ 109.734370995612139, -7.795538267645802, 0.0 ], [ 109.73440552665862, -7.795559727349115, 0.0 ], [ 109.734423952721201, -7.795571950360692, 0.0 ], [ 109.734449260121835, -7.795584815881248, 0.0 ], [ 109.734479216936109, -7.795600045046972, 0.0 ], [ 109.734515027320185, -7.795618250019243, 0.0 ], [ 109.734534481068863, -7.795628139726881, 0.0 ], [ 109.734561108460156, -7.795641676278091, 0.0 ], [ 109.734589745306494, -7.795656234400975, 0.0 ], [ 109.73462643219537, -7.79567488495176, 0.0 ], [ 109.734645009452592, -7.795684329068755, 0.0 ], [ 109.734728881031117, -7.795726966779806, 0.0 ], [ 109.734737837157184, -7.795731519804732, 0.0 ], [ 109.734774972102898, -7.795750398133015, 0.0 ], [ 109.734784805238093, -7.795755397003745, 0.0 ], [ 109.734840729453836, -7.795783827117812, 0.0 ], [ 109.734849242099344, -7.795788154687898, 0.0 ], [ 109.734886377056213, -7.795807033008014, 0.0 ], [ 109.734896653677708, -7.795812257326006, 0.0 ], [ 109.734952577910249, -7.795840687430946, 0.0 ], [ 109.734960647078026, -7.795844789543218, 0.0 ], [ 109.734997782042967, -7.795863667858387, 0.0 ], [ 109.73500850215099, -7.795869117626745, 0.0 ], [ 109.735092388528315, -7.795911762763082, 0.0 ], [ 109.735120350658249, -7.795925977831323, 0.0 ], [ 109.735146322108633, -7.795939180920334, 0.0 ], [ 109.735176274924356, -7.795954407979344, 0.0 ], [ 109.735197652058574, -7.795965275414843, 0.0 ], [ 109.73523219919899, -7.795982838082284, 0.0 ], [ 109.735260161339411, -7.795997053162149, 0.0 ], [ 109.735267581511053, -7.796000825334229, 0.0 ], [ 109.735288123481993, -7.796011268214622, 0.0 ], [ 109.735331997260275, -7.796033572203249, 0.0 ], [ 109.735344047773495, -7.796039698308352, 0.0 ], [ 109.735427934226536, -7.79608234345681, 0.0 ], [ 109.735443402380923, -7.796090206954911, 0.0 ], [ 109.735455896381737, -7.796096558509626, 0.0 ], [ 109.73552923789839, -7.796133842930843, 0.0 ], [ 109.735554807534996, -7.796146841678646, 0.0 ], [ 109.735567745023673, -7.796153418686011, 0.0 ], [ 109.735639766575503, -7.796190032054347, 0.0 ], [ 109.735679593699516, -7.79621027879871, 0.0 ], [ 109.735703347808183, -7.796222354592442, 0.0 ], [ 109.735720383564086, -7.796231015026041, 0.0 ], [ 109.735740482856812, -7.79624123284635, 0.0 ], [ 109.735763480228371, -7.796252923920289, 0.0 ], [ 109.735791442408967, -7.796267138925336, 0.0 ], [ 109.735814753040358, -7.796278989261929, 0.0 ], [ 109.735833584183936, -7.796288562402386, 0.0 ], [ 109.735847366776227, -7.796295569014998, 0.0 ], [ 109.735852016502562, -7.796297740209639, 0.0 ], [ 109.735860824034731, -7.796302410228385, 0.0 ], [ 109.735903291152169, -7.796323999027209, 0.0 ], [ 109.735926158305986, -7.796335623906719, 0.0 ], [ 109.735959215536298, -7.796352429104404, 0.0 ], [ 109.73596368041288, -7.796354118448722, 0.0 ], [ 109.735971352810637, -7.796358599279024, 0.0 ], [ 109.736071064330346, -7.796409289078238, 0.0 ], [ 109.736075318704238, -7.796410522092262, 0.0 ], [ 109.736081881781544, -7.796414788305848, 0.0 ], [ 109.736111833826229, -7.796430014921198, 0.0 ], [ 109.736126988739741, -7.796437719152974, 0.0 ], [ 109.736149254927227, -7.796448609603655, 0.0 ], [ 109.736172792171345, -7.79646080900554, 0.0 ], [ 109.73618291373478, -7.796465956864216, 0.0 ], [ 109.736186991281201, -7.79646689175466, 0.0 ], [ 109.736192410629599, -7.796470977307862, 0.0 ], [ 109.736223239181157, -7.796486649500195, 0.0 ], [ 109.736238837584111, -7.796494579176969, 0.0 ], [ 109.736262043284398, -7.796503873131945, 0.0 ], [ 109.736284051116343, -7.796516408063102, 0.0 ], [ 109.736294765429804, -7.79652187243402, 0.0 ], [ 109.73629889635059, -7.796523030943666, 0.0 ], [ 109.73630293954173, -7.796527166285786, 0.0 ], [ 109.736350686462401, -7.796551439121039, 0.0 ], [ 109.73637495855786, -7.79655901085098, 0.0 ], [ 109.736394957563419, -7.796571653412178, 0.0 ], [ 109.736406617643979, -7.796577626056052, 0.0 ], [ 109.736410824729973, -7.796579147028961, 0.0 ], [ 109.736413468449385, -7.796583355239255, 0.0 ], [ 109.736462535374216, -7.796608299098507, 0.0 ], [ 109.736488028332019, -7.796613995407077, 0.0 ], [ 109.736505063198962, -7.796626095242373, 0.0 ], [ 109.736518470977799, -7.796633017493907, 0.0 ], [ 109.736523457803557, -7.796634564517204, 0.0 ], [ 109.736526838923183, -7.796639552647449, 0.0 ], [ 109.736561665042686, -7.796652379862999, 0.0 ], [ 109.736574403182985, -7.796658871211791, 0.0 ], [ 109.736600476526462, -7.796665796297201, 0.0 ], [ 109.736604867606744, -7.796665243041192, 0.0 ], [ 109.736630327716924, -7.796687284763245, 0.0 ], [ 109.736637535124856, -7.796688550246382, 0.0 ], [ 109.736643884696917, -7.796695760995779, 0.0 ], [ 109.736679500238324, -7.79670264018048, 0.0 ], [ 109.736686281024419, -7.796706108968786, 0.0 ], [ 109.736701670482717, -7.796711296987429, 0.0 ], [ 109.736732893724152, -7.796705400479008, 0.0 ], [ 109.736742211614157, -7.796732508832389, 0.0 ], [ 109.736765170091147, -7.79671897909725, 0.0 ], [ 109.736781759597818, -7.79669617234759, 0.0 ], [ 109.736798466863661, -7.79665067093051, 0.0 ], [ 109.736802247473875, -7.796640374358595, 0.0 ], [ 109.73680439986515, -7.79663451207472, 0.0 ], [ 109.736816273871455, -7.796602171121664, 0.0 ], [ 109.736831307160784, -7.796561227240786, 0.0 ], [ 109.736836550167894, -7.796546946978136, 0.0 ], [ 109.736843220931405, -7.796528778367818, 0.0 ], [ 109.736854937933003, -7.796496866851265, 0.0 ], [ 109.736863708588587, -7.79647298037218, 0.0 ], [ 109.736868702127225, -7.79645938021705, 0.0 ], [ 109.736876407138539, -7.796438395708673, 0.0 ], [ 109.736884195793678, -7.796417182373308, 0.0 ], [ 109.736911408941495, -7.796343066688311, 0.0 ], [ 109.736921507168873, -7.796315564254623, 0.0 ], [ 109.736925170630116, -7.796305586370733, 0.0 ], [ 109.73694565804017, -7.796249788366474, 0.0 ], [ 109.736951573664314, -7.796233676440987, 0.0 ], [ 109.736965157865882, -7.796196679959116, 0.0 ], [ 109.736966145397034, -7.796193990360082, 0.0 ], [ 109.736967879900874, -7.796189266510051, 0.0 ], [ 109.736986632837827, -7.796138192351872, 0.0 ], [ 109.736996673642466, -7.79611084497072, 0.0 ], [ 109.736997309370764, -7.796109113568986, 0.0 ], [ 109.737007119789098, -7.796082394340321, 0.0 ], [ 109.737024350811197, -7.79603546631978, 0.0 ], [ 109.737027607609633, -7.796026596329343, 0.0 ], [ 109.737029461781916, -7.796021546260156, 0.0 ], [ 109.737041773387332, -7.795988013289281, 0.0 ], [ 109.737048094155242, -7.795970798312527, 0.0 ], [ 109.737068582043946, -7.795915000297816, 0.0 ], [ 109.737071840386463, -7.795906126013876, 0.0 ], [ 109.73708687309464, -7.795865181588511, 0.0 ], [ 109.737093763786845, -7.795846414368953, 0.0 ], [ 109.737101906454996, -7.795824237818163, 0.0 ], [ 109.737109555645148, -7.795803404255871, 0.0 ], [ 109.737137292496357, -7.795727861955783, 0.0 ], [ 109.737147006328811, -7.795701406318744, 0.0 ], [ 109.737150530339477, -7.795691808209192, 0.0 ], [ 109.737191505007914, -7.795580212154586, 0.0 ], [ 109.737192106171264, -7.79557857480633, 0.0 ], [ 109.737193763259384, -7.795574061716624, 0.0 ], [ 109.73721199233087, -7.795524414124229, 0.0 ], [ 109.737222172541507, -7.795496686950671, 0.0 ], [ 109.737232479198568, -7.79546861609058, 0.0 ], [ 109.737250233973384, -7.79542026146224, 0.0 ], [ 109.737252966960554, -7.795412818057549, 0.0 ], [ 109.737254522915961, -7.795408580203847, 0.0 ], [ 109.737267272123617, -7.795373855214211, 0.0 ], [ 109.737273453422645, -7.795357020018757, 0.0 ], [ 109.737293941240281, -7.795301221981957, 0.0 ], [ 109.737297339015299, -7.795291967906413, 0.0 ], [ 109.737312371671294, -7.795251023464849, 0.0 ], [ 109.737318824666914, -7.795233448275803, 0.0 ], [ 109.737327404985706, -7.795210079688087, 0.0 ], [ 109.737334939964128, -7.795189557122336, 0.0 ], [ 109.73736317526587, -7.795112656976438, 0.0 ], [ 109.737372504706101, -7.795087248136877, 0.0 ], [ 109.73737588926403, -7.795078029805224, 0.0 ], [ 109.737416863790344, -7.794966433706539, 0.0 ], [ 109.737417604392036, -7.794964416575919, 0.0 ], [ 109.737419645832617, -7.794958856679624, 0.0 ], [ 109.737437351045344, -7.794910635654117, 0.0 ], [ 109.737447431035079, -7.794883181331977, 0.0 ], [ 109.737447670651719, -7.794882528684626, 0.0 ], [ 109.737457837829552, -7.794854837598428, 0.0 ], [ 109.737476116350294, -7.79480505636437, 0.0 ], [ 109.737478325532948, -7.794799039543412, 0.0 ], [ 109.737479583270428, -7.794795613905691, 0.0 ], [ 109.737492770074212, -7.794759696896381, 0.0 ], [ 109.737498811911507, -7.794743241482445, 0.0 ], [ 109.737519299658047, -7.794687443423672, 0.0 ], [ 109.73752283686467, -7.794677809556244, 0.0 ], [ 109.737537869468497, -7.794636865098485, 0.0 ], [ 109.737539785967584, -7.794631645358529, 0.0 ], [ 109.737560273701291, -7.794575847295737, 0.0 ], [ 109.737567936234939, -7.794554977751869, 0.0 ], [ 109.737576036504805, -7.794532914948552, 0.0 ], [ 109.737580760206697, -7.794520049227259, 0.0 ], [ 109.737589057250176, -7.79449745175678, 0.0 ], [ 109.737598002297702, -7.794473089712252, 0.0 ], [ 109.737601247410055, -7.79446425115883, 0.0 ], [ 109.737642221794289, -7.794352655016053, 0.0 ], [ 109.737643101827118, -7.794350258102787, 0.0 ], [ 109.7376455276206, -7.794343651395864, 0.0 ], [ 109.737683196152673, -7.794241058865264, 0.0 ], [ 109.73768820132841, -7.794227426483657, 0.0 ], [ 109.737701997941969, -7.794189851022931, 0.0 ], [ 109.737703683320603, -7.794185260786811, 0.0 ], [ 109.737704642845358, -7.79418264736577, 0.0 ], [ 109.737718267245356, -7.794145538335886, 0.0 ], [ 109.737724169615646, -7.794129462703853, 0.0 ], [ 109.737744657291216, -7.794073664622978, 0.0 ], [ 109.737748333928394, -7.794063650963349, 0.0 ], [ 109.737763366480053, -7.794022706489395, 0.0 ], [ 109.7377651435297, -7.794017866535819, 0.0 ], [ 109.737785631192295, -7.793962068450954, 0.0 ], [ 109.737793433145313, -7.793940819110431, 0.0 ], [ 109.737801095745695, -7.793919948305029, 0.0 ], [ 109.737806117639167, -7.793906270360498, 0.0 ], [ 109.737814938449233, -7.793882246293618, 0.0 ], [ 109.737826605067553, -7.793850472270901, 0.0 ], [ 109.737833247412127, -7.793832381215043, 0.0 ], [ 109.7378385324117, -7.793817987335421, 0.0 ], [ 109.737847091894196, -7.793794674177646, 0.0 ], [ 109.73786757901361, -7.793738876083193, 0.0 ], [ 109.737868598482876, -7.793736099387012, 0.0 ], [ 109.73787140862342, -7.793728445871812, 0.0 ], [ 109.7379085532299, -7.793627279888337, 0.0 ], [ 109.737913697824553, -7.793613267719322, 0.0 ], [ 109.737927878748522, -7.793574645434787, 0.0 ], [ 109.737949527420412, -7.793515683685452, 0.0 ], [ 109.73795879713488, -7.793490436041892, 0.0 ], [ 109.737961852743524, -7.793482113974884, 0.0 ], [ 109.737973830212795, -7.793449492127763, 0.0 ], [ 109.737984348832768, -7.793420842233205, 0.0 ], [ 109.73798951413896, -7.793409201207782, 0.0 ], [ 109.737990623903002, -7.793404087838924, 0.0 ], [ 109.737994154813379, -7.793394397674049, 0.0 ], [ 109.73800403791509, -7.793367746321422, 0.0 ], [ 109.738010987901845, -7.793348289363846, 0.0 ], [ 109.738018929270098, -7.793326660226337, 0.0 ], [ 109.738026154210289, -7.793306981419759, 0.0 ], [ 109.73803147429328, -7.793292491251372, 0.0 ], [ 109.73804081886324, -7.793267040583702, 0.0 ], [ 109.738050317032744, -7.793283026935784, 0.0 ], [ 109.738057460294158, -7.793309291677219, 0.0 ], [ 109.73806379000257, -7.793325362918878, 0.0 ], [ 109.738068247046385, -7.793348459946432, 0.0 ], [ 109.738072625178447, -7.793372296712441, 0.0 ], [ 109.738072993252018, -7.793380902303118, 0.0 ], [ 109.738076371670445, -7.793404343295924, 0.0 ], [ 109.738078491263749, -7.793460208756119, 0.0 ], [ 109.738080609799852, -7.793516074213032, 0.0 ], [ 109.738082729388779, -7.793571939673005, 0.0 ], [ 109.738083208688295, -7.793584575600754, 0.0 ], [ 109.738084418864091, -7.79361647155792, 0.0 ], [ 109.738085244956721, -7.793638249674924, 0.0 ], [ 109.738086627785009, -7.793674714258431, 0.0 ], [ 109.738086967511293, -7.793683670589637, 0.0 ], [ 109.738089087098345, -7.793739536049485, 0.0 ], [ 109.738091205631292, -7.793795401506116, 0.0 ], [ 109.738093325217108, -7.793851266965732, 0.0 ], [ 109.738094950044839, -7.79389411347563, 0.0 ], [ 109.738095443758183, -7.793907132422294, 0.0 ], [ 109.738097460842084, -7.793960295813886, 0.0 ], [ 109.738097563336467, -7.793962997881801, 0.0 ], [ 109.738099682920335, -7.794018863341281, 0.0 ], [ 109.738101801450199, -7.794074728797589, 0.0 ], [ 109.738103921032803, -7.794130594256953, 0.0 ], [ 109.738106039561401, -7.794186459713067, 0.0 ], [ 109.738108159142769, -7.794242325172339, 0.0 ], [ 109.738108721303746, -7.794257145625207, 0.0 ], [ 109.73810967680339, -7.794282341857102, 0.0 ], [ 109.738110930332155, -7.79431538843868, 0.0 ], [ 109.738111712967353, -7.794336016027391, 0.0 ], [ 109.738112397250205, -7.794354056087449, 0.0 ], [ 109.738114516829739, -7.794409921546497, 0.0 ], [ 109.738116635355169, -7.794465787002306, 0.0 ], [ 109.738118754936522, -7.794521652461265, 0.0 ], [ 109.738120873457603, -7.794577517916954, 0.0 ], [ 109.738122993037706, -7.794633383375702, 0.0 ], [ 109.738123929123176, -7.794658061848611, 0.0 ], [ 109.738124186576158, -7.794664847425799, 0.0 ], [ 109.738125965161203, -7.794711736137875, 0.0 ], [ 109.738126395739599, -7.794723090381675, 0.0 ], [ 109.738127231136332, -7.794745114289919, 0.0 ], [ 109.738129350711461, -7.79480097974855, 0.0 ], [ 109.738131469232485, -7.794856845203959, 0.0 ], [ 109.738133588806349, -7.794912710662363, 0.0 ], [ 109.73813570732608, -7.794968576117679, 0.0 ], [ 109.738139946473808, -7.795080307034256, 0.0 ], [ 109.738142064991678, -7.795136172489348, 0.0 ], [ 109.738144184562415, -7.795192037947496, 0.0 ], [ 109.738146303079048, -7.79524790340241, 0.0 ], [ 109.738150542217326, -7.795359634318401, 0.0 ], [ 109.738152660732084, -7.795415499773088, 0.0 ], [ 109.738154780299624, -7.79547136523095, 0.0 ], [ 109.738156898813159, -7.795527230685541, 0.0 ], [ 109.738159018379463, -7.795583096143258, 0.0 ], [ 109.738161136891705, -7.795638961597755, 0.0 ], [ 109.738165376024327, -7.79575069251283, 0.0 ], [ 109.738167494534693, -7.795806557967135, 0.0 ], [ 109.73816961409787, -7.795862423424478, 0.0 ], [ 109.738171732606986, -7.795918288878673, 0.0 ], [ 109.738173852168885, -7.795974154335873, 0.0 ], [ 109.738174829468079, -7.795999919496751, 0.0 ], [ 109.738175000950164, -7.796004439173838, 0.0 ], [ 109.738176865472809, -7.796053593803935, 0.0 ], [ 109.73817721011963, -7.796062682154102, 0.0 ], [ 109.738178090237383, -7.796085885247062, 0.0 ], [ 109.738180209800561, -7.796141750704079, 0.0 ], [ 109.738182328303381, -7.796197616157978, 0.0 ], [ 109.738184447865279, -7.796253481614884, 0.0 ], [ 109.738186566366878, -7.796309347068584, 0.0 ], [ 109.738188685927526, -7.796365212525415, 0.0 ], [ 109.738189081439245, -7.796375639691264, 0.0 ], [ 109.738190466337159, -7.796412141219648, 0.0 ], [ 109.738191117718159, -7.796429313723639, 0.0 ], [ 109.738192675175569, -7.79647038386812, 0.0 ], [ 109.738192923987242, -7.79647694343562, 0.0 ], [ 109.738195043542888, -7.796532808892265, 0.0 ], [ 109.738197162044472, -7.796588674345641, 0.0 ], [ 109.738199303361597, -7.796645113489109, 0.0 ], [ 109.738201297006498, -7.796697685954251, 0.0 ], [ 109.738201512079243, -7.796703356020366, 0.0 ], [ 109.738203333381961, -7.796751359886136, 0.0 ], [ 109.738203519652288, -7.796756270711737, 0.0 ], [ 109.738205639207877, -7.796812136168071, 0.0 ], [ 109.73820775770632, -7.79686800162114, 0.0 ], [ 109.738209877257574, -7.796923867077233, 0.0 ], [ 109.738211995754767, -7.796979732530243, 0.0 ], [ 109.738214115304743, -7.797035597986227, 0.0 ], [ 109.738214768366689, -7.797052815201472, 0.0 ], [ 109.738215549203076, -7.797073405868916, 0.0 ], [ 109.738216234155942, -7.797091463440149, 0.0 ], [ 109.738226349098809, -7.797118391935559, 0.0 ], [ 109.738228651115335, -7.797122770137405, 0.0 ], [ 109.738240177601853, -7.797147393933443, 0.0 ], [ 109.738249019026213, -7.797151610449483, 0.0 ], [ 109.738264987612965, -7.797159226068898, 0.0 ], [ 109.738286949595988, -7.797169700080055, 0.0 ], [ 109.738324880347662, -7.797187789526864, 0.0 ], [ 109.738362810890465, -7.797205879180651, 0.0 ], [ 109.738371426133554, -7.797209987851382, 0.0 ], [ 109.738400741708887, -7.797223968566853, 0.0 ], [ 109.738438672337125, -7.797242058140585, 0.0 ], [ 109.738476934378099, -7.797260305454892, 0.0 ], [ 109.738514533739206, -7.797278237143867, 0.0 ], [ 109.738552464512935, -7.797296326576584, 0.0 ], [ 109.738584302484966, -7.797311510568516, 0.0 ], [ 109.738590395090327, -7.797314416200085, 0.0 ], [ 109.738628325949563, -7.797332505549575, 0.0 ], [ 109.738644724365031, -7.797340326143899, 0.0 ], [ 109.738700654377311, -7.797366999487079, 0.0 ], [ 109.738704187460343, -7.797368684452851, 0.0 ], [ 109.738711632973832, -7.797372235240501, 0.0 ], [ 109.738756584397606, -7.79739367282065, 0.0 ], [ 109.738780048988957, -7.797404863341281, 0.0 ], [ 109.738797177961004, -7.797413032194105, 0.0 ], [ 109.738817979822798, -7.797422952718256, 0.0 ], [ 109.738855910413449, -7.79744104233772, 0.0 ], [ 109.738893841220346, -7.797459131741163, 0.0 ], [ 109.738903616437, -7.797463793674278, 0.0 ], [ 109.738931771877702, -7.7974772212999, 0.0 ], [ 109.73896970276698, -7.797495310623326, 0.0 ], [ 109.7390076334474, -7.797513400153653, 0.0 ], [ 109.739010054637504, -7.797514554823156, 0.0 ], [ 109.739045564275258, -7.797531489542338, 0.0 ], [ 109.739065224854954, -7.797540865927429, 0.0 ], [ 109.739079140926378, -7.797553895527556, 0.0 ], [ 109.739092164684052, -7.79755371380769, 0.0 ], [ 109.739116493019196, -7.797565316105164, 0.0 ], [ 109.739121425729422, -7.797567668520814, 0.0 ], [ 109.739159356424551, -7.797585758039562, 0.0 ], [ 109.739183088917585, -7.797597076100629, 0.0 ], [ 109.737124860503016, -7.79722159962795, 0.0 ], [ 109.732294131217841, -7.795174566888563, 0.0 ] ], [ [ 109.732294131217841, -7.795174566888563, 0.0 ], [ 109.732275961182694, -7.795164729330093, 0.0 ], [ 109.732266160356019, -7.795161841457221, 0.0 ], [ 109.732245315124985, -7.795153606807981, 0.0 ], [ 109.732235328227162, -7.795149318736661, 0.0 ], [ 109.732210215250589, -7.79514045299277, 0.0 ], [ 109.732208391714636, -7.795140563754773, 0.0 ] ] ] } },
{ "type": "Feature", "properties": { "Id": 64, "Contour": 16.0, "Skor": 2.0, "Shape_Leng": 625.90223905200003 }, "geometry": { "type": "MultiLineString", "coordinates": [ [ [ 109.743520109495137, -7.791450443989498, 0.0 ], [ 109.743479100101652, -7.791466511312798, 0.0 ], [ 109.743423025373076, -7.791488481292451, 0.0 ], [ 109.743394988007054, -7.791499466246758, 0.0 ], [ 109.743359469757081, -7.79151338215322, 0.0 ], [ 109.743338913271458, -7.791521436139372, 0.0 ], [ 109.743319309844338, -7.791529116710189, 0.0 ], [ 109.74331087590177, -7.791532421097116, 0.0 ], [ 109.743291369757614, -7.791540063492176, 0.0 ], [ 109.743279149842081, -7.791544851178444, 0.0 ], [ 109.743254801159239, -7.791554390867013, 0.0 ], [ 109.743238989874641, -7.791560585674842, 0.0 ], [ 109.743198726411606, -7.791576360706274, 0.0 ], [ 109.743198628466857, -7.791576314297269, 0.0 ], [ 109.743196515584074, -7.791573998273965, 0.0 ], [ 109.743171620758517, -7.791547396327831, 0.0 ], [ 109.743157661334706, -7.791520235698774, 0.0 ], [ 109.743153785736553, -7.7915093844969, 0.0 ], [ 109.743143031983109, -7.791470805931832, 0.0 ], [ 109.743140707589944, -7.791461981734805, 0.0 ], [ 109.743130051474765, -7.791421527611131, 0.0 ], [ 109.743126600107701, -7.791408425047459, 0.0 ], [ 109.743115340897688, -7.791365681050489, 0.0 ], [ 109.743111874692445, -7.791352522110249, 0.0 ], [ 109.743097149167767, -7.791296619172654, 0.0 ], [ 109.743095153917821, -7.791289044512872, 0.0 ], [ 109.743083521457578, -7.791244883420854, 0.0 ], [ 109.743080530948461, -7.791233530419954, 0.0 ], [ 109.743071888920923, -7.791200722409569, 0.0 ], [ 109.74306769828263, -7.791184813297898, 0.0 ], [ 109.743052972781939, -7.791128910360253, 0.0 ], [ 109.743048623880981, -7.791112400361089, 0.0 ], [ 109.743038247358854, -7.791073007422865, 0.0 ], [ 109.743030884603172, -7.791045055953995, 0.0 ], [ 109.743023521857538, -7.791017104485134, 0.0 ], [ 109.74301615916869, -7.790989153016428, 0.0 ], [ 109.743013726379516, -7.790979917243004, 0.0 ], [ 109.743008796471216, -7.790961201547755, 0.0 ], [ 109.743001433737021, -7.790933250078896, 0.0 ], [ 109.742994071012873, -7.790905298610092, 0.0 ], [ 109.742979345526209, -7.790849395672281, 0.0 ], [ 109.742964620110868, -7.790793492734695, 0.0 ], [ 109.742963293952485, -7.790779754132648, 0.0 ], [ 109.74296203998999, -7.790752691599825, 0.0 ], [ 109.742960408735499, -7.790737620987517, 0.0 ], [ 109.74296467898904, -7.790725117803275, 0.0 ], [ 109.742980550395089, -7.790678646619934, 0.0 ], [ 109.743017584130996, -7.790570212830891, 0.0 ], [ 109.743021684655261, -7.790558206581196, 0.0 ], [ 109.743036642527883, -7.790514410108202, 0.0 ], [ 109.743090343892973, -7.790357173755218, 0.0 ], [ 109.743146846272978, -7.790191735709048, 0.0 ], [ 109.743149947197168, -7.790182656261877, 0.0 ], [ 109.743153103835752, -7.790173413652855, 0.0 ], [ 109.743189109941667, -7.790067988263394, 0.0 ], [ 109.743192701311244, -7.790057472801714, 0.0 ], [ 109.743208168414569, -7.79001218552493, 0.0 ], [ 109.743246285226846, -7.78990058004214, 0.0 ], [ 109.743263958151701, -7.789848833729017, 0.0 ], [ 109.743316353090279, -7.789695421918913, 0.0 ], [ 109.74332251869717, -7.789677369054689, 0.0 ], [ 109.743332047846067, -7.789649467679138, 0.0 ], [ 109.743335214875898, -7.789640194598567, 0.0 ], [ 109.743341577002738, -7.789621566303151, 0.0 ], [ 109.743372855256069, -7.789529983805976, 0.0 ], [ 109.743429357368242, -7.789364545680461, 0.0 ], [ 109.743455927073001, -7.78928674975726, 0.0 ], [ 109.743463476792698, -7.789264644134588, 0.0 ], [ 109.743469450576271, -7.789247152765892, 0.0 ], [ 109.743474985307884, -7.789230946993037, 0.0 ], [ 109.743477728050024, -7.789222916252176, 0.0 ], [ 109.743485859426485, -7.789199107665366, 0.0 ], [ 109.74350299075563, -7.789213900492449, 0.0 ], [ 109.743517625629039, -7.789231073409599, 0.0 ], [ 109.743528717171884, -7.789244088617941, 0.0 ], [ 109.743541672203293, -7.789264916445445, 0.0 ], [ 109.743548597796277, -7.789287024500516, 0.0 ], [ 109.743597153278131, -7.789442023612001, 0.0 ], [ 109.743636172281896, -7.789566580472449, 0.0 ], [ 109.743640122241459, -7.789579189607624, 0.0 ], [ 109.743653687075039, -7.789622491666067, 0.0 ], [ 109.743671201999547, -7.789678402860006, 0.0 ], [ 109.743680374956156, -7.78970768487764, 0.0 ], [ 109.743688716862181, -7.789734314053606, 0.0 ], [ 109.743706683763847, -7.789791668116748, 0.0 ], [ 109.74371999613642, -7.789834163753117, 0.0 ], [ 109.743723746738439, -7.789846136440826, 0.0 ], [ 109.743763596715382, -7.789973345978464, 0.0 ], [ 109.743775145201866, -7.79001021110784, 0.0 ] ], [ [ 109.744041259798962, -7.790859678750873, 0.0 ], [ 109.744053065775859, -7.790896297295541, 0.0 ], [ 109.744056530464206, -7.790908449091645, 0.0 ], [ 109.744066117166554, -7.790939051723075, 0.0 ], [ 109.744074045411736, -7.790964360282462, 0.0 ], [ 109.744091560390913, -7.79102027147321, 0.0 ], [ 109.744096484559776, -7.791035990275368, 0.0 ], [ 109.744110397051202, -7.791062233332908, 0.0 ], [ 109.744115669461394, -7.791076202208415, 0.0 ], [ 109.744125693946486, -7.791102761549023, 0.0 ], [ 109.744126642671674, -7.791106521742276, 0.0 ], [ 109.744134687107447, -7.791132117852515, 0.0 ], [ 109.744137243875116, -7.791147004562962, 0.0 ], [ 109.744145787236107, -7.791181754664255, 0.0 ], [ 109.744147009207097, -7.791188013651537, 0.0 ], [ 109.744140063108418, -7.791199903298725, 0.0 ], [ 109.744140095042411, -7.791232069642956, 0.0 ], [ 109.744114772786844, -7.791224976446071, 0.0 ], [ 109.744095901273113, -7.791231728025266, 0.0 ], [ 109.744087158195867, -7.791234985540481, 0.0 ], [ 109.744053501957467, -7.791243595769686, 0.0 ], [ 109.744046772016631, -7.79125049312178, 0.0 ], [ 109.744039834596165, -7.791251013852269, 0.0 ], [ 109.744029686787442, -7.791253638020236, 0.0 ], [ 109.744006623233048, -7.791266238879944, 0.0 ], [ 109.743983772438511, -7.791268781912253, 0.0 ], [ 109.743927697753634, -7.79129075192524, 0.0 ], [ 109.743921708772064, -7.791293098391533, 0.0 ], [ 109.743906596015336, -7.791299019565149, 0.0 ], [ 109.74388321356696, -7.791310503129239, 0.0 ], [ 109.743871623063939, -7.791312721929799, 0.0 ], [ 109.743841388929695, -7.791324567540323, 0.0 ], [ 109.74381554836981, -7.791334691786745, 0.0 ], [ 109.743801228993917, -7.791340302093648, 0.0 ], [ 109.743765094897157, -7.791354459328156, 0.0 ], [ 109.743761219554486, -7.791356187640353, 0.0 ], [ 109.743759473670593, -7.79135666170983, 0.0 ], [ 109.743720909158441, -7.791371771239394, 0.0 ], [ 109.743703398966375, -7.791378631686025, 0.0 ], [ 109.74364732425731, -7.791400601657106, 0.0 ], [ 109.743640589325395, -7.79140324037767, 0.0 ], [ 109.743619286900952, -7.791411586637873, 0.0 ], [ 109.743591249543371, -7.791422571616528, 0.0 ], [ 109.743560269448324, -7.791434709463051, 0.0 ], [ 109.74353517482507, -7.791444541431618, 0.0 ], [ 109.743520109495137, -7.791450443989498, 0.0 ] ] ] } },
{ "type": "Feature", "properties": { "Id": 1, "Contour": 22.0, "Skor": 3.0, "Shape_Leng": 94.623530638600002 }, "geometry": { "type": "LineString", "coordinates": [ [ 109.737311314948741, -7.789423200301324, 0.0 ], [ 109.737294006439924, -7.789436013311024, 0.0 ], [ 109.737276704317154, -7.789444501821625, 0.0 ], [ 109.737237421477474, -7.78946377428512, 0.0 ], [ 109.737212037509181, -7.789476227809461, 0.0 ], [ 109.737186877201736, -7.789466430915893, 0.0 ], [ 109.73718083651471, -7.789491535250498, 0.0 ], [ 109.737155946243021, -7.789503746644466, 0.0 ], [ 109.737152666122469, -7.789494749547346, 0.0 ], [ 109.737152988801398, -7.789491452271135, 0.0 ], [ 109.737153702673183, -7.789489173281531, 0.0 ], [ 109.737156031142305, -7.789475406943217, 0.0 ], [ 109.737182577837714, -7.789462117345119, 0.0 ], [ 109.737180206419822, -7.789435674236054, 0.0 ], [ 109.737187775280873, -7.789411305438356, 0.0 ], [ 109.737185851400952, -7.789406157389455, 0.0 ], [ 109.737188467738278, -7.789379839714997, 0.0 ], [ 109.737194500553102, -7.789362026409244, 0.0 ], [ 109.737199426868671, -7.789337006113252, 0.0 ], [ 109.737202989054865, -7.789324023845642, 0.0 ], [ 109.737212564304699, -7.789300371311878, 0.0 ], [ 109.737233860927958, -7.78928946382061, 0.0 ], [ 109.737245494728484, -7.789268291355016, 0.0 ], [ 109.737253705858706, -7.789253347816664, 0.0 ], [ 109.737255095328962, -7.789226124393172, 0.0 ], [ 109.737258964888937, -7.789212472349826, 0.0 ], [ 109.737261651298908, -7.789205293001523, 0.0 ], [ 109.737268972269703, -7.789167113464239, 0.0 ], [ 109.737296307400328, -7.789185267281885, 0.0 ], [ 109.737311052542992, -7.789212627538338, 0.0 ], [ 109.737324578893848, -7.789301379438754, 0.0 ], [ 109.737327615932543, -7.78932130671688, 0.0 ], [ 109.737328086835618, -7.789324396569467, 0.0 ], [ 109.737336603958667, -7.789380281085061, 0.0 ], [ 109.737333795610823, -7.789389728729244, 0.0 ], [ 109.737324271785596, -7.789403908840742, 0.0 ], [ 109.737311314948741, -7.789423200301324, 0.0 ] ] } },
{ "type": "Feature", "properties": { "Id": 14, "Contour": 20.0, "Skor": 3.0, "Shape_Leng": 296.50479156300003 }, "geometry": { "type": "LineString", "coordinates": [ [ 109.737099242659028, -7.789735644375947, 0.0 ], [ 109.737043151350463, -7.789763163244057, 0.0 ], [ 109.737030625242738, -7.78972712448217, 0.0 ], [ 109.73703182076008, -7.78971452773279, 0.0 ], [ 109.737034596375551, -7.789705832588131, 0.0 ], [ 109.73704345920379, -7.789660412785907, 0.0 ], [ 109.737044599943346, -7.789659842670265, 0.0 ], [ 109.737044561723735, -7.789658706569099, 0.0 ], [ 109.73704498790147, -7.789657192849389, 0.0 ], [ 109.737065699295542, -7.789624985211471, 0.0 ], [ 109.737067825840185, -7.789602916763789, 0.0 ], [ 109.737075466582652, -7.789578758234609, 0.0 ], [ 109.737077128916539, -7.789569636014269, 0.0 ], [ 109.737082950951873, -7.789547102702213, 0.0 ], [ 109.737099952585453, -7.789498682766767, 0.0 ], [ 109.737102891443882, -7.789494220659701, 0.0 ], [ 109.737103176892049, -7.789491303839279, 0.0 ], [ 109.73710462352949, -7.789486685536235, 0.0 ], [ 109.737117713228301, -7.789453064893812, 0.0 ], [ 109.737122137445994, -7.789435501203783, 0.0 ], [ 109.737141730721092, -7.78937970045188, 0.0 ], [ 109.737145561912598, -7.789368952556901, 0.0 ], [ 109.737156439648373, -7.789339044589465, 0.0 ], [ 109.737160852294636, -7.789328266946066, 0.0 ], [ 109.737162050023898, -7.789323901861422, 0.0 ], [ 109.73717657716233, -7.789288017260906, 0.0 ], [ 109.737184656697593, -7.789268059403241, 0.0 ], [ 109.737212869860414, -7.789198367890728, 0.0 ], [ 109.737226058787869, -7.789169582860986, 0.0 ], [ 109.737229808537933, -7.789156526340698, 0.0 ], [ 109.737269296153471, -7.789058984858221, 0.0 ], [ 109.737275464393903, -7.789051072214653, 0.0 ], [ 109.737277349946922, -7.78904494970705, 0.0 ], [ 109.737281862747423, -7.789032509221549, 0.0 ], [ 109.737291844323124, -7.789011479768197, 0.0 ], [ 109.737297566986044, -7.78898915079922, 0.0 ], [ 109.737325722402929, -7.788919601811362, 0.0 ], [ 109.737345504063171, -7.788897237342783, 0.0 ], [ 109.737352127476555, -7.788877595061868, 0.0 ], [ 109.737359816751137, -7.78885557083701, 0.0 ], [ 109.737360506009551, -7.788843157674676, 0.0 ], [ 109.737365325383834, -7.78882177523707, 0.0 ], [ 109.737376618450782, -7.788793879308038, 0.0 ], [ 109.737382148608674, -7.788780218821332, 0.0 ], [ 109.737395682976867, -7.788779502608164, 0.0 ], [ 109.737410197143475, -7.788765471752484, 0.0 ], [ 109.73742412272594, -7.788752009856837, 0.0 ], [ 109.737426311986042, -7.788722225567275, 0.0 ], [ 109.737432833861476, -7.788704723295068, 0.0 ], [ 109.737434658859442, -7.788658257763733, 0.0 ], [ 109.737435537448903, -7.788654406963356, 0.0 ], [ 109.737436393050743, -7.788652267763766, 0.0 ], [ 109.737438558215402, -7.788646363939632, 0.0 ], [ 109.73744628229764, -7.788646734408315, 0.0 ], [ 109.737454493501104, -7.788654463429387, 0.0 ], [ 109.737471527846452, -7.788766232460147, 0.0 ], [ 109.73747451376056, -7.788785824447794, 0.0 ], [ 109.737477526021991, -7.788805589630432, 0.0 ], [ 109.737480044858714, -7.788822116975108, 0.0 ], [ 109.737488562002952, -7.788878001490506, 0.0 ], [ 109.737489261243681, -7.788882589561468, 0.0 ], [ 109.737493770901779, -7.78891217925093, 0.0 ], [ 109.737505596335254, -7.788989770521559, 0.0 ], [ 109.737507766405528, -7.789004009375935, 0.0 ], [ 109.737511382657345, -7.789027737051392, 0.0 ], [ 109.737514113436035, -7.789045655036992, 0.0 ], [ 109.737522630581495, -7.7891015395526, 0.0 ], [ 109.737526130176761, -7.789124502139575, 0.0 ], [ 109.737527926593231, -7.789136289131884, 0.0 ], [ 109.737531147659539, -7.789157424067987, 0.0 ], [ 109.737548700331828, -7.789272593901218, 0.0 ], [ 109.737556699180686, -7.789325077615397, 0.0 ], [ 109.73755816703077, -7.789334708914081, 0.0 ], [ 109.737562999086578, -7.789366414760551, 0.0 ], [ 109.737565216178922, -7.789380962130788, 0.0 ], [ 109.737573733365281, -7.789436846646749, 0.0 ], [ 109.737575809613119, -7.789464462732642, 0.0 ], [ 109.737575808332991, -7.789465101440061, 0.0 ], [ 109.737578278061562, -7.789492719329579, 0.0 ], [ 109.737562090933523, -7.789506725226241, 0.0 ], [ 109.737547972893395, -7.78951549410463, 0.0 ], [ 109.737491881636203, -7.789543013041822, 0.0 ], [ 109.737481127540235, -7.789548289071071, 0.0 ], [ 109.737450814564625, -7.789563160782837, 0.0 ], [ 109.73741331133418, -7.789581560170292, 0.0 ], [ 109.73739123762121, -7.789592389649113, 0.0 ], [ 109.737375808048057, -7.789599959495453, 0.0 ], [ 109.737367957461984, -7.789603811058923, 0.0 ], [ 109.737323607827264, -7.789625569406493, 0.0 ], [ 109.737267516544989, -7.78965308811484, 0.0 ], [ 109.73725478767858, -7.789659333012647, 0.0 ], [ 109.737225795107889, -7.789673557004351, 0.0 ], [ 109.737188291819848, -7.789691956323167, 0.0 ], [ 109.737168812868205, -7.789701512849906, 0.0 ], [ 109.737150788578631, -7.789710355690169, 0.0 ], [ 109.737141617769353, -7.78971485493091, 0.0 ], [ 109.737099242659028, -7.789735644375947, 0.0 ] ] } },
{ "type": "Feature", "properties": { "Id": 25, "Contour": 19.0, "Skor": 2.0, "Shape_Leng": 403.269178673 }, "geometry": { "type": "LineString", "coordinates": [ [ 109.738909830718868, -7.790055275368442, 0.0 ], [ 109.73885209156208, -7.790110962711617, 0.0 ], [ 109.738843095484114, -7.790119639141035, 0.0 ], [ 109.738834343690257, -7.790128080031369, 0.0 ], [ 109.738814171023478, -7.790146645705751, 0.0 ], [ 109.738790337332546, -7.790166638094826, 0.0 ], [ 109.738782623990488, -7.79017102105909, 0.0 ], [ 109.738778204121161, -7.790171734678697, 0.0 ], [ 109.738762706309615, -7.790166555859173, 0.0 ], [ 109.738734534405992, -7.790154218047999, 0.0 ], [ 109.738722251118872, -7.790153037158865, 0.0 ], [ 109.738610345132329, -7.790115642099448, 0.0 ], [ 109.738606284314386, -7.790114285123011, 0.0 ], [ 109.738594043555835, -7.790110194680079, 0.0 ], [ 109.738565265606752, -7.790099257733782, 0.0 ], [ 109.738554404771349, -7.790092726525285, 0.0 ], [ 109.738533958698184, -7.790074602158566, 0.0 ], [ 109.738512967169115, -7.790054094175783, 0.0 ], [ 109.738498555712724, -7.790039306040584, 0.0 ], [ 109.738478237956457, -7.790018457287949, 0.0 ], [ 109.738450633297646, -7.789990131348614, 0.0 ], [ 109.738423028720661, -7.789961805327284, 0.0 ], [ 109.738403777224093, -7.789942050804275, 0.0 ], [ 109.738386880840636, -7.789924712878072, 0.0 ], [ 109.738349182446242, -7.789886029111749, 0.0 ], [ 109.738336680907622, -7.789880330931122, 0.0 ], [ 109.73833101123823, -7.78987817058324, 0.0 ], [ 109.738303140956134, -7.789858036165509, 0.0 ], [ 109.738303049062282, -7.789857980294639, 0.0 ], [ 109.738302998303041, -7.789857893042813, 0.0 ], [ 109.738283428685634, -7.789829974191434, 0.0 ], [ 109.738280209592773, -7.789824930206368, 0.0 ], [ 109.738275168695168, -7.789822592395597, 0.0 ], [ 109.73826588647897, -7.789820658791114, 0.0 ], [ 109.738237626451991, -7.789811453795481, 0.0 ], [ 109.73821920171072, -7.789808591544149, 0.0 ], [ 109.738198097853498, -7.789794949140276, 0.0 ], [ 109.738184761591583, -7.789773821266701, 0.0 ], [ 109.738178639886698, -7.78975854667565, 0.0 ], [ 109.738163368988907, -7.78974974077747, 0.0 ], [ 109.738136100423944, -7.789745026962142, 0.0 ], [ 109.738134622728296, -7.789744988374157, 0.0 ], [ 109.738107385334644, -7.78974131350431, 0.0 ], [ 109.738092858723235, -7.789732203442417, 0.0 ], [ 109.738083938765044, -7.789717661903954, 0.0 ], [ 109.738074460552554, -7.789694750314565, 0.0 ], [ 109.73805155464602, -7.789681792048315, 0.0 ], [ 109.738033976390128, -7.78967919300375, 0.0 ], [ 109.738012712441247, -7.789678702208509, 0.0 ], [ 109.737995561152673, -7.789676655688339, 0.0 ], [ 109.737984952243167, -7.789672102137639, 0.0 ], [ 109.737971872988638, -7.789661469040808, 0.0 ], [ 109.737962996350888, -7.789638176103383, 0.0 ], [ 109.737939708906509, -7.789624343001222, 0.0 ], [ 109.737927468523537, -7.789617705139887, 0.0 ], [ 109.737895283406957, -7.789616912016156, 0.0 ], [ 109.737883731650641, -7.789613787217407, 0.0 ], [ 109.737877040545357, -7.789612006014824, 0.0 ], [ 109.73785850484515, -7.789605272273881, 0.0 ], [ 109.737851451629311, -7.789581681730075, 0.0 ], [ 109.737827866737391, -7.789565712840946, 0.0 ], [ 109.737821776730314, -7.789555408242014, 0.0 ], [ 109.737776946461267, -7.789554210850288, 0.0 ], [ 109.737771898363377, -7.789552195077578, 0.0 ], [ 109.737768731966611, -7.789552303366909, 0.0 ], [ 109.737737904350269, -7.789549053940298, 0.0 ], [ 109.737744818655173, -7.789521976959612, 0.0 ], [ 109.737758383779905, -7.789506869607168, 0.0 ], [ 109.737769012602953, -7.789493287443774, 0.0 ], [ 109.737771203277248, -7.7894924222394, 0.0 ], [ 109.737772079346584, -7.789491752962925, 0.0 ], [ 109.737774280495103, -7.789491109787035, 0.0 ], [ 109.737815064826506, -7.789480402148977, 0.0 ], [ 109.7378281346286, -7.789476242481536, 0.0 ], [ 109.737884189499155, -7.789460868425738, 0.0 ], [ 109.737902322725546, -7.789455895225622, 0.0 ], [ 109.737929738859592, -7.789448375784715, 0.0 ], [ 109.737946176656237, -7.789443867487383, 0.0 ], [ 109.737990031131986, -7.7894318402867, 0.0 ], [ 109.738007399414926, -7.78942707678791, 0.0 ], [ 109.738033885065263, -7.789419812541835, 0.0 ], [ 109.738052354089689, -7.789414747239622, 0.0 ], [ 109.738108408948278, -7.789399373154698, 0.0 ], [ 109.738164463800814, -7.78938400008504, 0.0 ], [ 109.738168984531853, -7.789382760190088, 0.0 ], [ 109.738209301628345, -7.789371702360691, 0.0 ], [ 109.738220518653407, -7.789368625983983, 0.0 ], [ 109.738276573503015, -7.789353251871545, 0.0 ], [ 109.738297009698485, -7.789347647040668, 0.0 ], [ 109.738318044439197, -7.789341877804241, 0.0 ], [ 109.738340863646897, -7.789335619287173, 0.0 ], [ 109.738384718106218, -7.789323592045167, 0.0 ], [ 109.738395704965853, -7.789320578729887, 0.0 ], [ 109.738428571991946, -7.789311564223301, 0.0 ], [ 109.738444738030879, -7.789307130515724, 0.0 ], [ 109.738500792868564, -7.789291756374241, 0.0 ], [ 109.738516280040699, -7.789287508850583, 0.0 ], [ 109.738551028149516, -7.789277978403637, 0.0 ], [ 109.738560133911633, -7.789275481004148, 0.0 ], [ 109.738571946236604, -7.789272241423734, 0.0 ], [ 109.738612902531855, -7.78926100909035, 0.0 ], [ 109.738725012186293, -7.789230260744347, 0.0 ], [ 109.738773430584089, -7.789216981894531, 0.0 ], [ 109.738779404932359, -7.789215343399711, 0.0 ], [ 109.738784010376548, -7.789214080280834, 0.0 ], [ 109.738823258767439, -7.789203315500833, 0.0 ], [ 109.738837121825711, -7.789199513395803, 0.0 ], [ 109.738893176642449, -7.789184139197747, 0.0 ], [ 109.738910966786406, -7.789179260039108, 0.0 ], [ 109.738939333502913, -7.789171479799461, 0.0 ], [ 109.738949231455862, -7.789168765117883, 0.0 ], [ 109.738970213280538, -7.789196558761722, 0.0 ], [ 109.738974911893365, -7.789217581426993, 0.0 ], [ 109.738977828454665, -7.789244702141912, 0.0 ], [ 109.738977724714957, -7.789246238052018, 0.0 ], [ 109.738979834090429, -7.789273455247359, 0.0 ], [ 109.738963421219111, -7.789552702283352, 0.0 ], [ 109.738962569687715, -7.789567191023694, 0.0 ], [ 109.738960897464167, -7.789595645531991, 0.0 ], [ 109.738960138950347, -7.789608551690507, 0.0 ], [ 109.738953573826947, -7.789720250502289, 0.0 ], [ 109.738953241165788, -7.789725910747733, 0.0 ], [ 109.7389504697978, -7.789773062477817, 0.0 ], [ 109.738950291283984, -7.789776099907737, 0.0 ], [ 109.738943726104623, -7.789887798717525, 0.0 ], [ 109.738943517944108, -7.789891340502394, 0.0 ], [ 109.738940802737801, -7.789937536674485, 0.0 ], [ 109.738940443558576, -7.78994364812208, 0.0 ], [ 109.738937160985586, -7.789999497526284, 0.0 ], [ 109.738928931839453, -7.790017187057489, 0.0 ], [ 109.738922889855871, -7.790031617439012, 0.0 ], [ 109.738909830718868, -7.790055275368442, 0.0 ] ] } },
{ "type": "Feature", "properties": { "Id": 96, "Contour": 14.0, "Skor": 1.0, "Shape_Leng": 2616.2794502299998 }, "geometry": { "type": "MultiLineString", "coordinates": [ [ [ 109.743415277297558, -7.787440629096213, 0.0 ], [ 109.743400375207997, -7.787464535802038, 0.0 ], [ 109.74337882466746, -7.787499108224128, 0.0 ], [ 109.743357402881102, -7.787533474177881, 0.0 ], [ 109.743335916697959, -7.787567943351886, 0.0 ], [ 109.743322631184455, -7.787589256657676, 0.0 ], [ 109.743309366106743, -7.787610537195405, 0.0 ], [ 109.743296737598456, -7.787636184763366, 0.0 ], [ 109.743295234034591, -7.78763917891231, 0.0 ], [ 109.743282367207129, -7.7876663164231, 0.0 ], [ 109.743278048426376, -7.787677962763786, 0.0 ], [ 109.74325133003498, -7.787750013309187, 0.0 ], [ 109.743247763741863, -7.787759630408746, 0.0 ], [ 109.743232621426998, -7.787800464263694, 0.0 ], [ 109.743220292891792, -7.787833710190826, 0.0 ], [ 109.743217479083782, -7.78784129809158, 0.0 ], [ 109.743202336780641, -7.787882131957439, 0.0 ], [ 109.743193701813126, -7.787905417573604, 0.0 ], [ 109.743187194430448, -7.787922965786366, 0.0 ], [ 109.74317205210167, -7.78796379963374, 0.0 ], [ 109.743156909741472, -7.788004633454054, 0.0 ], [ 109.743141767421264, -7.788045467318709, 0.0 ], [ 109.743137527167519, -7.788056901853124, 0.0 ], [ 109.743116835651648, -7.78811269976338, 0.0 ], [ 109.743096875515349, -7.788166525614917, 0.0 ], [ 109.743096338976187, -7.788167967428427, 0.0 ], [ 109.743096144219621, -7.788168497671943, 0.0 ], [ 109.743081197959583, -7.788208802610709, 0.0 ], [ 109.743065106997108, -7.788252194530725, 0.0 ], [ 109.743050913231173, -7.788290470272931, 0.0 ], [ 109.743040412801946, -7.788318786429192, 0.0 ], [ 109.743035553607839, -7.788331086138371, 0.0 ], [ 109.743029962935253, -7.788346219604943, 0.0 ], [ 109.743020238948219, -7.78837174711139, 0.0 ], [ 109.743013131038012, -7.78839168855218, 0.0 ], [ 109.743005324769953, -7.788412809887583, 0.0 ], [ 109.742997642245641, -7.788433956525595, 0.0 ], [ 109.742992686784461, -7.788447487183687, 0.0 ], [ 109.742990343732529, -7.788453805587595, 0.0 ], [ 109.742983950040127, -7.78847104723161, 0.0 ], [ 109.742974260667495, -7.788493695643353, 0.0 ], [ 109.742961606530102, -7.788525376560375, 0.0 ], [ 109.74295821499652, -7.788533623222443, 0.0 ], [ 109.742942676508832, -7.78857405965342, 0.0 ], [ 109.742928352161726, -7.788614039104742, 0.0 ], [ 109.742927899958588, -7.78861526051747, 0.0 ], [ 109.742927507840889, -7.788616395616386, 0.0 ], [ 109.742905396323494, -7.788670665337713, 0.0 ], [ 109.742895295379697, -7.788694600773247, 0.0 ], [ 109.742890019442697, -7.788707736377606, 0.0 ], [ 109.742882340797408, -7.788726456213978, 0.0 ], [ 109.742879056618804, -7.788734334640339, 0.0 ], [ 109.742871086078608, -7.788754875017572, 0.0 ], [ 109.742859932827315, -7.788782249008632, 0.0 ], [ 109.742769005968981, -7.789005416323221, 0.0 ], [ 109.742746274123107, -7.789061208145759, 0.0 ], [ 109.742655347124682, -7.78928437541393, 0.0 ], [ 109.742632615246904, -7.789340167224829, 0.0 ], [ 109.74254168810829, -7.789563334446577, 0.0 ], [ 109.742532554598327, -7.789585751169522, 0.0 ], [ 109.742520505848574, -7.789607178046251, 0.0 ], [ 109.742499561448696, -7.789642190897328, 0.0 ], [ 109.742483076344257, -7.789668120719764, 0.0 ], [ 109.742477859400964, -7.789676443624919, 0.0 ], [ 109.742476267974524, -7.789678829790554, 0.0 ], [ 109.742471573028524, -7.789679525221265, 0.0 ], [ 109.74243106828807, -7.789685525008734, 0.0 ], [ 109.74240552949648, -7.789689307885157, 0.0 ], [ 109.74238240936991, -7.789692732457842, 0.0 ], [ 109.742364200524833, -7.789695429611413, 0.0 ], [ 109.742140065614464, -7.789728628651464, 0.0 ], [ 109.742139114664809, -7.789728769511606, 0.0 ], [ 109.742084031884232, -7.789736928392881, 0.0 ], [ 109.742075312999248, -7.789738219857792, 0.0 ], [ 109.742041796899073, -7.789743184414866, 0.0 ], [ 109.742027998152452, -7.789745228311112, 0.0 ], [ 109.741971964420287, -7.789753527994912, 0.0 ], [ 109.741943947553594, -7.789757677903495, 0.0 ], [ 109.741915930686602, -7.789761827826325, 0.0 ], [ 109.741635762004236, -7.789803326297159, 0.0 ], [ 109.741613009593337, -7.789806696417534, 0.0 ], [ 109.741603866454298, -7.789808050730162, 0.0 ], [ 109.741555207560069, -7.789815258118663, 0.0 ], [ 109.741546966114342, -7.789816478866872, 0.0 ], [ 109.741523694523252, -7.789819925884973, 0.0 ], [ 109.741187492057421, -7.789869723701101, 0.0 ], [ 109.741165935970656, -7.789872916597003, 0.0 ], [ 109.741150706163268, -7.789875172400169, 0.0 ], [ 109.741117277044438, -7.789880123906823, 0.0 ], [ 109.741084662624118, -7.789884954822432, 0.0 ], [ 109.741075424559725, -7.789886323164697, 0.0 ], [ 109.740795255799085, -7.789927821056218, 0.0 ], [ 109.740776664427216, -7.789930574797907, 0.0 ], [ 109.74075444598185, -7.789933865719327, 0.0 ], [ 109.740739222043615, -7.78993612066951, 0.0 ], [ 109.74071594172672, -7.789916345603664, 0.0 ], [ 109.740715325014236, -7.789893066777432, 0.0 ], [ 109.740721016526734, -7.789874743978089, 0.0 ], [ 109.740723121333147, -7.789853534459583, 0.0 ], [ 109.74072679000497, -7.789837241636085, 0.0 ], [ 109.740739622587967, -7.789802043468335, 0.0 ], [ 109.74074660958216, -7.789788368893514, 0.0 ], [ 109.740747133171439, -7.78978144287459, 0.0 ], [ 109.740787819485163, -7.78966984534573, 0.0 ], [ 109.74078969361814, -7.789663516166154, 0.0 ], [ 109.740796094237709, -7.789647148710206, 0.0 ], [ 109.740828505773209, -7.789558247808944, 0.0 ], [ 109.740848848804731, -7.789502449037243, 0.0 ], [ 109.740849260804893, -7.789499174678268, 0.0 ], [ 109.740852565838793, -7.78949225365514, 0.0 ], [ 109.740889535054251, -7.789390851488581, 0.0 ], [ 109.740892748583192, -7.789374727071125, 0.0 ], [ 109.740909037389628, -7.789337358866506, 0.0 ], [ 109.740930221275008, -7.789279253931947, 0.0 ], [ 109.740937719496159, -7.789251767498324, 0.0 ], [ 109.740938278108402, -7.789250374392496, 0.0 ], [ 109.740947250395664, -7.789223445305747, 0.0 ], [ 109.740949575880109, -7.789207636754996, 0.0 ], [ 109.74096550889098, -7.789182464065863, 0.0 ], [ 109.740970907473184, -7.789167656367406, 0.0 ], [ 109.740973715555242, -7.789159548232114, 0.0 ], [ 109.740983660681394, -7.789129781407135, 0.0 ], [ 109.740990101651917, -7.789111854169274, 0.0 ], [ 109.740993567255586, -7.789084173832131, 0.0 ], [ 109.740993468056487, -7.789083594927384, 0.0 ], [ 109.741000345283652, -7.789056025381362, 0.0 ], [ 109.741004646187193, -7.789038783711711, 0.0 ], [ 109.741021980343746, -7.789027568961732, 0.0 ], [ 109.741031936619507, -7.789000260005452, 0.0 ], [ 109.741034030009047, -7.788988365512775, 0.0 ], [ 109.741033509602573, -7.788955689832835, 0.0 ], [ 109.741036668124138, -7.788944414841741, 0.0 ], [ 109.741040064910464, -7.788926689135221, 0.0 ], [ 109.741030150253636, -7.788896293355222, 0.0 ], [ 109.741036752900357, -7.788888555874969, 0.0 ], [ 109.741037096559182, -7.788873938631202, 0.0 ], [ 109.741022442948505, -7.788872664507514, 0.0 ], [ 109.7410142222883, -7.788880313027547, 0.0 ], [ 109.741005462603141, -7.788888462929218, 0.0 ], [ 109.74094561458439, -7.788944144364917, 0.0 ], [ 109.74088576742264, -7.788999825792019, 0.0 ], [ 109.740825865791052, -7.789055557057341, 0.0 ], [ 109.740766072182737, -7.789111188610408, 0.0 ], [ 109.74070622410143, -7.789166870001554, 0.0 ], [ 109.740646376880264, -7.789222551384242, 0.0 ], [ 109.740586528767636, -7.789278232753172, 0.0 ], [ 109.740526681512065, -7.789333914113571, 0.0 ], [ 109.740516958485998, -7.789342960198113, 0.0 ], [ 109.740502377990367, -7.789375255797979, 0.0 ], [ 109.740495570976492, -7.789389680865423, 0.0 ], [ 109.740484434845527, -7.789413279791239, 0.0 ], [ 109.740476174280502, -7.789430038955448, 0.0 ], [ 109.740468687911275, -7.789445460177354, 0.0 ], [ 109.740466060926423, -7.789450871594489, 0.0 ], [ 109.74046059498589, -7.789461646689285, 0.0 ], [ 109.740448369438283, -7.78948914807544, 0.0 ], [ 109.740431145284774, -7.789527893430527, 0.0 ], [ 109.740429173612668, -7.789532328711942, 0.0 ], [ 109.740413921205302, -7.789566638865594, 0.0 ], [ 109.740404207074917, -7.789588490497311, 0.0 ], [ 109.740393394100749, -7.7896128140126, 0.0 ], [ 109.74036859509593, -7.789668599507551, 0.0 ], [ 109.740347819124437, -7.78971533451513, 0.0 ], [ 109.740345024714514, -7.789721620446812, 0.0 ], [ 109.74034063713917, -7.789731490248578, 0.0 ], [ 109.740327800648018, -7.789760365901485, 0.0 ], [ 109.740310576469099, -7.789799111250896, 0.0 ], [ 109.740296369019646, -7.789831070852469, 0.0 ], [ 109.740294197360029, -7.789835955974458, 0.0 ], [ 109.740291431135049, -7.789842178519332, 0.0 ], [ 109.740276128165675, -7.789876602007641, 0.0 ], [ 109.740258904050478, -7.789915347424718, 0.0 ], [ 109.740252100451073, -7.789930651870947, 0.0 ], [ 109.740241679838405, -7.789954092749553, 0.0 ], [ 109.740235043108228, -7.789969022033779, 0.0 ], [ 109.740219799553358, -7.790003312417561, 0.0 ], [ 109.740195000156163, -7.790059097892925, 0.0 ], [ 109.740190007429092, -7.790070328960037, 0.0 ], [ 109.740178655042016, -7.790095865712641, 0.0 ], [ 109.740170200754591, -7.790114883365722, 0.0 ], [ 109.740145401682113, -7.790170668836861, 0.0 ], [ 109.740138769210262, -7.790187000810538, 0.0 ], [ 109.740124010050309, -7.7902247199921, 0.0 ], [ 109.740123317097598, -7.790226462375659, 0.0 ], [ 109.740056491154917, -7.790673137248344, 0.0 ], [ 109.740054508716796, -7.790683475496523, 0.0 ], [ 109.740049749387239, -7.790713976593111, 0.0 ], [ 109.740046615224244, -7.790728967076936, 0.0 ], [ 109.740035652395818, -7.790755859464321, 0.0 ], [ 109.740023751314737, -7.790769661384671, 0.0 ], [ 109.74001181045098, -7.79078472277902, 0.0 ], [ 109.740010240541253, -7.790786390263085, 0.0 ], [ 109.740008561248416, -7.79078727760858, 0.0 ], [ 109.740005016370219, -7.790788235114647, 0.0 ], [ 109.739966583889228, -7.790798616254651, 0.0 ], [ 109.739952506923657, -7.790802418547086, 0.0 ], [ 109.739896452595943, -7.790817559503374, 0.0 ], [ 109.739878589144766, -7.790822384549755, 0.0 ], [ 109.739850588339849, -7.79082994794017, 0.0 ], [ 109.7398403982655, -7.790832700377186, 0.0 ], [ 109.739728289594495, -7.790862982560325, 0.0 ], [ 109.739702600094233, -7.790869921531733, 0.0 ], [ 109.73969615995594, -7.790871661033774, 0.0 ], [ 109.739672235255753, -7.790878123251224, 0.0 ], [ 109.739616180913401, -7.790893264167185, 0.0 ], [ 109.739614605312624, -7.790893689747673, 0.0 ], [ 109.739608855805358, -7.79089524276135, 0.0 ], [ 109.739574525870424, -7.790909504693574, 0.0 ], [ 109.739539914536792, -7.790930805739952, 0.0 ], [ 109.739517188287621, -7.790950829267104, 0.0 ], [ 109.739529982530669, -7.791006726508653, 0.0 ], [ 109.739542778069406, -7.791062623754113, 0.0 ], [ 109.739555572316988, -7.791118520995673, 0.0 ], [ 109.739568367860258, -7.79117441824116, 0.0 ], [ 109.739581162112358, -7.791230315482793, 0.0 ], [ 109.739593957660148, -7.791286212728252, 0.0 ], [ 109.739606751916796, -7.791342109969928, 0.0 ], [ 109.739614734321734, -7.791376981032893, 0.0 ], [ 109.739618642911367, -7.791394055470476, 0.0 ], [ 109.739619547469104, -7.791398007215446, 0.0 ], [ 109.739632343020617, -7.791453904460938, 0.0 ], [ 109.739645137284029, -7.791509801702649, 0.0 ], [ 109.739651323995332, -7.791528734950444, 0.0 ], [ 109.739667460140211, -7.791563007602522, 0.0 ], [ 109.739668567855574, -7.79156573058342, 0.0 ], [ 109.73966924450518, -7.791566661794822, 0.0 ], [ 109.739670174018087, -7.791567390446651, 0.0 ], [ 109.739726093748686, -7.791597293948491, 0.0 ], [ 109.73974207773999, -7.791605841744564, 0.0 ], [ 109.739778569419443, -7.791625357304405, 0.0 ], [ 109.739782013483136, -7.791627199092514, 0.0 ], [ 109.739837933231286, -7.791657102582046, 0.0 ], [ 109.739851554411942, -7.791664386805013, 0.0 ], [ 109.739888046102578, -7.791683902356953, 0.0 ], [ 109.7398938529833, -7.791687007713775, 0.0 ], [ 109.739949772749029, -7.791716911187744, 0.0 ], [ 109.739961031120643, -7.791722931845078, 0.0 ], [ 109.73999752282252, -7.791742447389155, 0.0 ], [ 109.740005692518622, -7.791746816307131, 0.0 ], [ 109.740061612301915, -7.791776719772037, 0.0 ], [ 109.740070507859912, -7.79178147685831, 0.0 ], [ 109.74010699957303, -7.791800992394523, 0.0 ], [ 109.74011753208903, -7.791806624879098, 0.0 ], [ 109.740173451889916, -7.791836528331695, 0.0 ], [ 109.740179984635958, -7.791840021851224, 0.0 ], [ 109.740216476360288, -7.791859537379575, 0.0 ], [ 109.740229371694625, -7.791866433423261, 0.0 ], [ 109.740285291513047, -7.791896336863529, 0.0 ], [ 109.74028923007927, -7.79189879619046, 0.0 ], [ 109.740324058436002, -7.791919960776112, 0.0 ], [ 109.740341199816584, -7.791930095455954, 0.0 ], [ 109.740358580143962, -7.791941429368299, 0.0 ], [ 109.740392466493631, -7.79196352785085, 0.0 ], [ 109.740397100073068, -7.791966549462165, 0.0 ], [ 109.740453000344786, -7.792003001846489, 0.0 ], [ 109.740460240679838, -7.792007723350142, 0.0 ], [ 109.740494127040932, -7.79202982182945, 0.0 ], [ 109.740508900622004, -7.792039455840863, 0.0 ], [ 109.740557437428691, -7.7920711065146, 0.0 ], [ 109.740561901199968, -7.792074017364144, 0.0 ], [ 109.740578453693658, -7.792084811734503, 0.0 ], [ 109.74059578762558, -7.792096115785281, 0.0 ], [ 109.740620701212308, -7.792112362199267, 0.0 ], [ 109.740643488219391, -7.792127221512513, 0.0 ], [ 109.740676601523546, -7.792148815181786, 0.0 ], [ 109.740697909442446, -7.7921619524955, 0.0 ], [ 109.740728028659561, -7.79217885168082, 0.0 ], [ 109.740732513303882, -7.792181433660542, 0.0 ], [ 109.740736483965051, -7.792179403167465, 0.0 ], [ 109.740765724526895, -7.792160645138464, 0.0 ], [ 109.740788604672474, -7.792153956124405, 0.0 ], [ 109.740840450978723, -7.79212780694434, 0.0 ], [ 109.740843249098077, -7.792126371883404, 0.0 ], [ 109.740844698466674, -7.79212566465004, 0.0 ], [ 109.740849110029245, -7.792123439567141, 0.0 ], [ 109.740880425855721, -7.792107644517422, 0.0 ], [ 109.740900792256639, -7.792097372367091, 0.0 ], [ 109.741012979816787, -7.792040787710493, 0.0 ], [ 109.741060653636055, -7.792016742921316, 0.0 ], [ 109.741066231731594, -7.792013929527928, 0.0 ], [ 109.741077818782202, -7.792008085297706, 0.0 ], [ 109.741103392704716, -7.791995186324375, 0.0 ], [ 109.741125167347818, -7.791984203880593, 0.0 ], [ 109.741237354854817, -7.791927619154608, 0.0 ], [ 109.741250300966826, -7.791948473641522, 0.0 ], [ 109.741255229517634, -7.791961461844109, 0.0 ], [ 109.741265657373205, -7.791988942650326, 0.0 ], [ 109.741265898786537, -7.791990147289029, 0.0 ], [ 109.741273846052721, -7.792017376369675, 0.0 ], [ 109.741277310837063, -7.792033082747627, 0.0 ], [ 109.741282326661093, -7.792062655179997, 0.0 ], [ 109.74128447813564, -7.792073267173319, 0.0 ], [ 109.741293459021406, -7.792128460105895, 0.0 ], [ 109.741293729337357, -7.792130121380894, 0.0 ], [ 109.741302665475274, -7.792185039639528, 0.0 ], [ 109.741304624323959, -7.792197078229679, 0.0 ], [ 109.741309065715228, -7.792224374296091, 0.0 ], [ 109.741311758907017, -7.792240925872024, 0.0 ], [ 109.741339040016925, -7.792408584572112, 0.0 ], [ 109.741340279529666, -7.792416202266909, 0.0 ], [ 109.741348133394425, -7.7924644708046, 0.0 ], [ 109.741357227100465, -7.792520357038075, 0.0 ], [ 109.741364813180411, -7.792537595095558, 0.0 ], [ 109.741368760572058, -7.792555046202224, 0.0 ], [ 109.741389800211721, -7.792576313028061, 0.0 ], [ 109.741398061008226, -7.792581691188415, 0.0 ], [ 109.741403421732187, -7.792584128199629, 0.0 ], [ 109.741415100081767, -7.792588046913985, 0.0 ], [ 109.741439550939347, -7.792596251556175, 0.0 ], [ 109.741459374982611, -7.79260290354074, 0.0 ], [ 109.741515328238933, -7.792621678933537, 0.0 ], [ 109.74152349281367, -7.792624418564881, 0.0 ], [ 109.741565463677773, -7.792638502141101, 0.0 ], [ 109.74157128150128, -7.792640454319722, 0.0 ], [ 109.741627234769652, -7.792659229699279, 0.0 ], [ 109.741649405569376, -7.792666669127524, 0.0 ], [ 109.741666818170401, -7.792672512027814, 0.0 ], [ 109.741683188044348, -7.792678004991282, 0.0 ], [ 109.741715955501391, -7.792689000335175, 0.0 ], [ 109.741739141324572, -7.792696780438566, 0.0 ], [ 109.741750724305803, -7.792700667111772, 0.0 ], [ 109.741775318402546, -7.792708919614724, 0.0 ], [ 109.741795094611717, -7.79271555557807, 0.0 ], [ 109.741851047903879, -7.792734331070449, 0.0 ], [ 109.741859260174948, -7.792737086718912, 0.0 ], [ 109.741901231300659, -7.792751170032927, 0.0 ], [ 109.741907001203288, -7.792753106138461, 0.0 ], [ 109.741962954507486, -7.792771881617561, 0.0 ], [ 109.741985173090328, -7.792779337114783, 0.0 ], [ 109.74200244224356, -7.792785131732098, 0.0 ], [ 109.742027144179403, -7.792793420462808, 0.0 ], [ 109.742051867204481, -7.79280171638908, 0.0 ], [ 109.742074861135251, -7.792809432138269, 0.0 ], [ 109.742086348380482, -7.792813286704665, 0.0 ], [ 109.742111085992562, -7.792821587522343, 0.0 ], [ 109.742153057060534, -7.792835670891542, 0.0 ], [ 109.742170254400492, -7.792841441535656, 0.0 ], [ 109.742186767787217, -7.79284698263251, 0.0 ], [ 109.74219508061401, -7.792849702222282, 0.0 ], [ 109.742219822512752, -7.79285807432485, 0.0 ], [ 109.742236998891002, -7.792863837928709, 0.0 ], [ 109.742242721121784, -7.792865758020275, 0.0 ], [ 109.742246802821242, -7.792862214641037, 0.0 ], [ 109.742250648201164, -7.792858165847632, 0.0 ], [ 109.742273939291124, -7.792833413959595, 0.0 ] ], [ [ 109.744132270529221, -7.788310073797234, 0.0 ], [ 109.744125112899965, -7.788283266160747, 0.0 ], [ 109.74411018679757, -7.788227362652195, 0.0 ], [ 109.744095260585837, -7.788171459143268, 0.0 ], [ 109.744089484661544, -7.788149826266236, 0.0 ] ], [ [ 109.742273939291124, -7.792833413959595, 0.0 ], [ 109.742296348445009, -7.792804998840576, 0.0 ], [ 109.74229840050296, -7.79280244838681, 0.0 ], [ 109.74235516043791, -7.792724857168963, 0.0 ], [ 109.742379948113523, -7.792690972009715, 0.0 ], [ 109.742393166764245, -7.792672901814792, 0.0 ], [ 109.742411399254124, -7.792647977776992, 0.0 ], [ 109.742467638047231, -7.792571098879165, 0.0 ], [ 109.742487714052373, -7.79254365471554, 0.0 ], [ 109.742511350732016, -7.792511342800262, 0.0 ], [ 109.742523876820215, -7.792494219465185, 0.0 ], [ 109.742624590585635, -7.792356542739165, 0.0 ], [ 109.742629534794091, -7.792349783925502, 0.0 ], [ 109.742653171432238, -7.792317471982294, 0.0 ], [ 109.742665364017554, -7.792300804506363, 0.0 ], [ 109.742747718596135, -7.792188224833219, 0.0 ], [ 109.742771355215226, -7.792155912880298, 0.0 ], [ 109.742787684986993, -7.792133589775353, 0.0 ], [ 109.742869232487379, -7.792022113259792, 0.0 ], [ 109.742889619264218, -7.79199424412699, 0.0 ], [ 109.742913175623485, -7.79196204188847, 0.0 ], [ 109.74291754762119, -7.791956065285983, 0.0 ], [ 109.743030024797363, -7.791802307284398, 0.0 ], [ 109.743031434085665, -7.791800557819532, 0.0 ], [ 109.743032353875094, -7.791799160237899, 0.0 ], [ 109.743033293753925, -7.791795921820116, 0.0 ], [ 109.74305085393766, -7.791764015319396, 0.0 ], [ 109.743053689267114, -7.791743364281166, 0.0 ], [ 109.74305077352011, -7.791722898693304, 0.0 ], [ 109.743053896823824, -7.791711042254616, 0.0 ], [ 109.743052330689196, -7.791687500997309, 0.0 ], [ 109.743048587279858, -7.791669372561579, 0.0 ], [ 109.743046982602522, -7.791648079490027, 0.0 ], [ 109.743044256727487, -7.791631617790982, 0.0 ], [ 109.743030687558544, -7.791580104442081, 0.0 ], [ 109.743029368058629, -7.791577039452612, 0.0 ], [ 109.743029282091186, -7.791575714112557, 0.0 ], [ 109.743028896652831, -7.791573908428036, 0.0 ], [ 109.743017192779149, -7.791533416520732, 0.0 ], [ 109.743014805791717, -7.791519811912603, 0.0 ], [ 109.743000080362307, -7.791463908973437, 0.0 ], [ 109.742994876617047, -7.791444153748293, 0.0 ], [ 109.742988994698621, -7.791421824024771, 0.0 ], [ 109.74298324408791, -7.791399992738786, 0.0 ], [ 109.742959979103674, -7.791311670642227, 0.0 ], [ 109.742947614410411, -7.791264730030091, 0.0 ], [ 109.742941178538729, -7.791240297216159, 0.0 ], [ 109.742919090415114, -7.791156442807154, 0.0 ], [ 109.742911727698285, -7.791128491337446, 0.0 ], [ 109.742908759294025, -7.791117222244671, 0.0 ], [ 109.742901816611138, -7.791090865471578, 0.0 ], [ 109.742897002232382, -7.79107258839795, 0.0 ], [ 109.742882276822286, -7.791016685458512, 0.0 ], [ 109.742878551648218, -7.791002543381212, 0.0 ], [ 109.742868641551439, -7.790964921287718, 0.0 ], [ 109.742864541351807, -7.790949355474525, 0.0 ], [ 109.74285282594812, -7.790904879579425, 0.0 ], [ 109.742843654181044, -7.790870060281004, 0.0 ], [ 109.742830737796751, -7.790821025170006, 0.0 ], [ 109.742823375088278, -7.790793073700198, 0.0 ], [ 109.742820428066253, -7.790781699693844, 0.0 ], [ 109.742809159362636, -7.790739105648244, 0.0 ], [ 109.742808649692208, -7.790737170760617, 0.0 ], [ 109.742808719175343, -7.790736724876179, 0.0 ], [ 109.742809172607849, -7.790734665180542, 0.0 ], [ 109.742818857262847, -7.790690870254901, 0.0 ], [ 109.742821591767154, -7.79068134990711, 0.0 ], [ 109.742840650270779, -7.790625547198769, 0.0 ], [ 109.742846975068574, -7.790607028340087, 0.0 ], [ 109.742859708699712, -7.790569744488351, 0.0 ], [ 109.742869237935281, -7.790541843132524, 0.0 ], [ 109.74293594261637, -7.790346533629518, 0.0 ], [ 109.742946735001823, -7.790314933742538, 0.0 ], [ 109.742955001036648, -7.790290730910157, 0.0 ], [ 109.74297873112431, -7.790221249681934, 0.0 ], [ 109.743035233518313, -7.790055811877128, 0.0 ], [ 109.74306935162987, -7.789955914556686, 0.0 ], [ 109.743074997513602, -7.789939383456772, 0.0 ], [ 109.743091735859437, -7.789890373829775, 0.0 ], [ 109.743148238146276, -7.789724935993221, 0.0 ], [ 109.743164643634671, -7.789676900879207, 0.0 ], [ 109.743172993754769, -7.789652451752007, 0.0 ], [ 109.743174757071372, -7.789647288755932, 0.0 ], [ 109.743183701972441, -7.789621098138134, 0.0 ], [ 109.743240877114474, -7.789453689904682, 0.0 ], [ 109.743246013812097, -7.789438649666144, 0.0 ], [ 109.74326026510775, -7.789396921802282, 0.0 ], [ 109.74331774468682, -7.789228621938206, 0.0 ], [ 109.743331521758677, -7.78918828269842, 0.0 ], [ 109.743336168795182, -7.789174676145789, 0.0 ], [ 109.743374305090242, -7.789063013021143, 0.0 ], [ 109.743431822565682, -7.788894601844881, 0.0 ], [ 109.743469576931489, -7.788784056807708, 0.0 ], [ 109.743474034724159, -7.788771004327387, 0.0 ], [ 109.743487250745304, -7.788732307740426, 0.0 ], [ 109.743488940932011, -7.788729933559433, 0.0 ], [ 109.743493074980961, -7.788722487709774, 0.0 ], [ 109.743509596646291, -7.788694631134318, 0.0 ], [ 109.743520000554597, -7.788672487750225, 0.0 ], [ 109.743527486855143, -7.78865655415352, 0.0 ], [ 109.743541104451594, -7.788619176701661, 0.0 ], [ 109.743542546256734, -7.788615637085232, 0.0 ], [ 109.74354361732459, -7.788612279389742, 0.0 ], [ 109.743562517805017, -7.788672613788597, 0.0 ], [ 109.743571357836444, -7.788700833140548, 0.0 ], [ 109.743584607319164, -7.788743128366788, 0.0 ], [ 109.743597547434717, -7.788784436171797, 0.0 ], [ 109.743611231873743, -7.788828119778811, 0.0 ], [ 109.743615062303206, -7.788840347363345, 0.0 ], [ 109.743821022848365, -7.789497816417335, 0.0 ], [ 109.743824351557194, -7.789507929149197, 0.0 ], [ 109.743825241010398, -7.789511281652119, 0.0 ], [ 109.743871806725494, -7.789659928908955, 0.0 ] ] ] } },
{ "type": "Feature", "properties": { "Id": 67, "Contour": 16.0, "Skor": 2.0, "Shape_Leng": 5155.3645963400004 }, "geometry": { "type": "LineString", "coordinates": [ [ 109.734096065989903, -7.787450517964062, 0.0 ], [ 109.73413355675784, -7.787415658440607, 0.0 ], [ 109.734137752459873, -7.787411757282987, 0.0 ], [ 109.734164704280929, -7.787386697265422, 0.0 ], [ 109.734193439829426, -7.787359978175699, 0.0 ], [ 109.734193917721996, -7.787359533830843, 0.0 ], [ 109.734253325204165, -7.787304297906603, 0.0 ], [ 109.734313208235108, -7.787248617619413, 0.0 ], [ 109.734362413416108, -7.787202866660243, 0.0 ], [ 109.734367581778855, -7.787198061066, 0.0 ], [ 109.734373092197885, -7.787192937323868, 0.0 ], [ 109.734396564122719, -7.787171112886951, 0.0 ], [ 109.734418578620748, -7.787150643991405, 0.0 ], [ 109.734432976587627, -7.787137257018486, 0.0 ], [ 109.734454529343282, -7.787117217063437, 0.0 ], [ 109.734474743812342, -7.787098421073068, 0.0 ], [ 109.734492859574786, -7.787081576697885, 0.0 ], [ 109.734530908989598, -7.787046198316591, 0.0 ], [ 109.734541476542276, -7.787036372699555, 0.0 ], [ 109.734552744163778, -7.787025896370934, 0.0 ], [ 109.734570459330271, -7.787009424972554, 0.0 ], [ 109.734587074150795, -7.786993976346961, 0.0 ], [ 109.7346126278334, -7.78697021603021, 0.0 ], [ 109.734643239300993, -7.786941753434838, 0.0 ], [ 109.734657406507054, -7.786928580603338, 0.0 ], [ 109.734686388593673, -7.78690163217408, 0.0 ], [ 109.734699404439311, -7.786889529884691, 0.0 ], [ 109.734713402239279, -7.786872708767746, 0.0 ], [ 109.734723491895309, -7.786858828743214, 0.0 ], [ 109.734736952975155, -7.786840310955744, 0.0 ], [ 109.734755649147317, -7.786810782299625, 0.0 ], [ 109.734758364945193, -7.786805767279416, 0.0 ], [ 109.734759821213899, -7.786803078074916, 0.0 ], [ 109.734811969611044, -7.786706777536926, 0.0 ], [ 109.734850420288794, -7.786635771166353, 0.0 ], [ 109.734856657713152, -7.786624252727553, 0.0 ], [ 109.734868290046165, -7.786602772062223, 0.0 ], [ 109.734876316591667, -7.786587950149737, 0.0 ], [ 109.734880620590289, -7.78658000219157, 0.0 ], [ 109.734924610447408, -7.786498767617831, 0.0 ], [ 109.73497121945941, -7.786412695239813, 0.0 ], [ 109.734974609203803, -7.786406435507035, 0.0 ], [ 109.734980930822076, -7.786394761771766, 0.0 ], [ 109.734994268100294, -7.786370132962362, 0.0 ], [ 109.735001419825281, -7.786356926251015, 0.0 ], [ 109.735037251160819, -7.786290757652231, 0.0 ], [ 109.735092018488757, -7.786189619256064, 0.0 ], [ 109.73509357147509, -7.786186751434802, 0.0 ], [ 109.735112219477287, -7.786152315723624, 0.0 ], [ 109.735122218919003, -7.786133850253225, 0.0 ], [ 109.735149891751405, -7.786082747636899, 0.0 ], [ 109.73518261801388, -7.786022312231657, 0.0 ], [ 109.735190853475544, -7.786007104022174, 0.0 ], [ 109.735206212001401, -7.785978742330411, 0.0 ], [ 109.735210512259428, -7.785970801389379, 0.0 ], [ 109.735212818149634, -7.785966543217319, 0.0 ], [ 109.735262532219025, -7.785874737571789, 0.0 ], [ 109.735303416795858, -7.785799236147698, 0.0 ], [ 109.735308804584477, -7.785789286650228, 0.0 ], [ 109.735318852408668, -7.78577073189394, 0.0 ], [ 109.735328463389408, -7.785752984050593, 0.0 ], [ 109.735333616995987, -7.785743467119402, 0.0 ], [ 109.73537517256382, -7.785666727453678, 0.0 ], [ 109.735424215436524, -7.785576160006545, 0.0 ], [ 109.735426755558635, -7.785571469220485, 0.0 ], [ 109.735431492693053, -7.785562721404387, 0.0 ], [ 109.735446414381471, -7.785535166653957, 0.0 ], [ 109.735454415701028, -7.785520390964169, 0.0 ], [ 109.735478010978213, -7.785510841487575, 0.0 ], [ 109.735487661701427, -7.785509109486114, 0.0 ], [ 109.735501053242658, -7.785507179940266, 0.0 ], [ 109.735524605082986, -7.785501563609325, 0.0 ], [ 109.735543699152728, -7.785499373949385, 0.0 ], [ 109.735599709928266, -7.785498536047279, 0.0 ], [ 109.735622468197235, -7.785498195471348, 0.0 ], [ 109.735632776911871, -7.785498041186808, 0.0 ], [ 109.735655720705765, -7.78549769783652, 0.0 ], [ 109.735679505320107, -7.785497341982007, 0.0 ], [ 109.735687797686168, -7.785497217928284, 0.0 ], [ 109.735711731483505, -7.785496859838548, 0.0 ], [ 109.73576774226197, -7.785496021914065, 0.0 ], [ 109.735795747652048, -7.785495602803384, 0.0 ], [ 109.735797839349473, -7.785495571496725, 0.0 ], [ 109.735823753042339, -7.785495183690778, 0.0 ], [ 109.735851758432545, -7.78549476467671, 0.0 ], [ 109.735852860107926, -7.785494748197089, 0.0 ], [ 109.735879763823036, -7.785494345660728, 0.0 ], [ 109.735935774604457, -7.785493507714034, 0.0 ], [ 109.735963779995927, -7.785493088595349, 0.0 ], [ 109.735964690383639, -7.78549307497472, 0.0 ], [ 109.735991785387682, -7.785492669478058, 0.0 ], [ 109.736017922544278, -7.785492278407866, 0.0 ], [ 109.73602172747816, -7.785492221468057, 0.0 ], [ 109.73604779617132, -7.785491831416094, 0.0 ], [ 109.736103806955654, -7.785490993446991, 0.0 ], [ 109.736127964237483, -7.785490631909673, 0.0 ], [ 109.736135801482618, -7.785490514628723, 0.0 ], [ 109.736159817741751, -7.785490155201706, 0.0 ], [ 109.736182984992269, -7.785489808554047, 0.0 ], [ 109.736192838580138, -7.785489661102226, 0.0 ], [ 109.736215828528344, -7.785489317104427, 0.0 ], [ 109.736240538182059, -7.785498064703262, 0.0 ], [ 109.736247335066864, -7.785498345446851, 0.0 ], [ 109.736271793494211, -7.785503771683785, 0.0 ], [ 109.736285042288799, -7.78550963630062, 0.0 ], [ 109.736315135125352, -7.785522957026339, 0.0 ], [ 109.736323371546931, -7.785527329603757, 0.0 ], [ 109.736327727589654, -7.785528531129532, 0.0 ], [ 109.736383661693026, -7.785553290449077, 0.0 ], [ 109.736401550446303, -7.785561208916053, 0.0 ], [ 109.73644218251377, -7.785579194776012, 0.0 ], [ 109.736950371626733, -7.785804145444295, 0.0 ], [ 109.736954593524828, -7.785815761968913, 0.0 ], [ 109.736963291106008, -7.785839693227169, 0.0 ], [ 109.736970695012019, -7.785860065126653, 0.0 ], [ 109.736963018550696, -7.785880241384118, 0.0 ], [ 109.736953601497532, -7.785904992261844, 0.0 ], [ 109.736949466237576, -7.785915861029524, 0.0 ], [ 109.736942604787416, -7.78593389519391, 0.0 ], [ 109.736932163820342, -7.785961337444625, 0.0 ], [ 109.736928237525063, -7.785971656930589, 0.0 ], [ 109.736919578677771, -7.785994415131409, 0.0 ], [ 109.736916736415679, -7.786001885439101, 0.0 ], [ 109.736907008843303, -7.786027452829606, 0.0 ], [ 109.736901309122572, -7.786042433546173, 0.0 ], [ 109.736885555797272, -7.786083838034283, 0.0 ], [ 109.736864551082775, -7.786139044620233, 0.0 ], [ 109.736855026874053, -7.786164077516402, 0.0 ], [ 109.736851532915324, -7.786173260918847, 0.0 ], [ 109.73684332261486, -7.786194840513661, 0.0 ], [ 109.736839599638301, -7.786204625693724, 0.0 ], [ 109.736829699253789, -7.786230646868214, 0.0 ], [ 109.736824172156787, -7.786245173623104, 0.0 ], [ 109.736822093732087, -7.786250636403732, 0.0 ], [ 109.736800864780278, -7.786306432291479, 0.0 ], [ 109.736793317242132, -7.786326269543459, 0.0 ], [ 109.736783486662631, -7.786352107104348, 0.0 ], [ 109.736779635849885, -7.786362228177266, 0.0 ], [ 109.73677788975931, -7.786366817479214, 0.0 ], [ 109.736773246419162, -7.786379021803816, 0.0 ], [ 109.736758407389672, -7.786418024062336, 0.0 ], [ 109.736737178417968, -7.786473819943824, 0.0 ], [ 109.736716180305891, -7.786529009730789, 0.0 ], [ 109.736700752911204, -7.78656955777143, 0.0 ], [ 109.736694720987586, -7.786585411702005, 0.0 ], [ 109.736673491995944, -7.786641207577143, 0.0 ], [ 109.73666034060318, -7.786675773631537, 0.0 ], [ 109.736654470616074, -7.786691201789237, 0.0 ], [ 109.736652263225167, -7.78669700345083, 0.0 ], [ 109.73664739520926, -7.786709798164141, 0.0 ], [ 109.736639043210531, -7.786731749825385, 0.0 ], [ 109.736631034525686, -7.786752799322696, 0.0 ], [ 109.736609805514149, -7.786808595191561, 0.0 ], [ 109.736603887625478, -7.786824149273712, 0.0 ], [ 109.736592760873307, -7.786853393826557, 0.0 ], [ 109.736588576689186, -7.786864391058806, 0.0 ], [ 109.736579349205257, -7.786888643835912, 0.0 ], [ 109.736577333453738, -7.786893941858285, 0.0 ], [ 109.736567348004101, -7.786920186924454, 0.0 ], [ 109.736546118972626, -7.786975982786979, 0.0 ], [ 109.736531051071324, -7.787015585849359, 0.0 ], [ 109.736524890093477, -7.787031778647784, 0.0 ], [ 109.736515623584921, -7.78705613382143, 0.0 ], [ 109.736511303114241, -7.78706748950542, 0.0 ], [ 109.736503661363514, -7.787087574507015, 0.0 ], [ 109.736500196234786, -7.787096681935295, 0.0 ], [ 109.736490981528405, -7.787120900801493, 0.0 ], [ 109.736482432371375, -7.787143370363347, 0.0 ], [ 109.736477279960312, -7.787156912411135, 0.0 ], [ 109.736469341216392, -7.787177777851081, 0.0 ], [ 109.736461203437969, -7.78719916621783, 0.0 ], [ 109.7364539137035, -7.78721832580896, 0.0 ], [ 109.73644325710508, -7.787246335004744, 0.0 ], [ 109.736439974756706, -7.787254962070961, 0.0 ], [ 109.73643848638595, -7.787258873963823, 0.0 ], [ 109.736434528409163, -7.78726927664506, 0.0 ], [ 109.736422874066491, -7.787299236506503, 0.0 ], [ 109.736418522548718, -7.787310757255702, 0.0 ], [ 109.73640894713462, -7.787336042213937, 0.0 ], [ 109.73640749476273, -7.787339832844268, 0.0 ], [ 109.736397516722789, -7.78736655376889, 0.0 ], [ 109.736392203744231, -7.787380517755959, 0.0 ], [ 109.73637807524527, -7.787417651699775, 0.0 ], [ 109.736376581088535, -7.7874208699371, 0.0 ], [ 109.736375915622105, -7.787422348505634, 0.0 ], [ 109.736374181721573, -7.787426200921182, 0.0 ], [ 109.736359087231037, -7.787459344720841, 0.0 ], [ 109.736341942640877, -7.78749816993145, 0.0 ], [ 109.736330281141065, -7.787525416100585, 0.0 ], [ 109.73632512190936, -7.78753732007487, 0.0 ], [ 109.736321683541433, -7.787545503865156, 0.0 ], [ 109.736307919046297, -7.787576086824118, 0.0 ], [ 109.736290547336083, -7.787614684172045, 0.0 ], [ 109.736285820425579, -7.787625186558962, 0.0 ], [ 109.736276682660844, -7.787645489187168, 0.0 ], [ 109.736273175560228, -7.787653281450445, 0.0 ], [ 109.736255804082077, -7.787691879032922, 0.0 ], [ 109.736240559431096, -7.787725750371628, 0.0 ], [ 109.736238432361006, -7.78773047637371, 0.0 ], [ 109.736226468890536, -7.787757057731501, 0.0 ], [ 109.736221060760627, -7.787769073843113, 0.0 ], [ 109.736208915450575, -7.787796058783981, 0.0 ], [ 109.736203688979458, -7.787807671129366, 0.0 ], [ 109.736201361727495, -7.787812841998794, 0.0 ], [ 109.73619529813999, -7.78782631444675, 0.0 ], [ 109.736186317356271, -7.787846268573503, 0.0 ], [ 109.736176254697085, -7.787868626263844, 0.0 ], [ 109.736151573772688, -7.787923463132993, 0.0 ], [ 109.736134202141699, -7.78796206058297, 0.0 ], [ 109.736116830398288, -7.788000657918002, 0.0 ], [ 109.736104774874207, -7.788027443171181, 0.0 ], [ 109.736100933055496, -7.788035979041326, 0.0 ], [ 109.736099458564254, -7.788039255164038, 0.0 ], [ 109.736096147209594, -7.788046612599143, 0.0 ], [ 109.736082087040387, -7.788077852727047, 0.0 ], [ 109.736064715295441, -7.788116450064667, 0.0 ], [ 109.736059514021662, -7.788128006709933, 0.0 ], [ 109.736050719256696, -7.788147547548109, 0.0 ], [ 109.736047343695958, -7.788155047556934, 0.0 ], [ 109.736038165640196, -7.788175439672627, 0.0 ], [ 109.736029971869115, -7.788193644820534, 0.0 ], [ 109.736025612040507, -7.788203331796495, 0.0 ], [ 109.736013058516846, -7.788231223919971, 0.0 ], [ 109.73599522842828, -7.78827083956795, 0.0 ], [ 109.735977856767619, -7.788309437006337, 0.0 ], [ 109.735975397872053, -7.788314900286217, 0.0 ], [ 109.73595029048343, -7.78837068452612, 0.0 ], [ 109.735925183423845, -7.788426468764326, 0.0 ], [ 109.735923729559218, -7.788429699016903, 0.0 ], [ 109.735908369675499, -7.788463826327887, 0.0 ], [ 109.735900076194568, -7.788482252999388, 0.0 ], [ 109.735890997856828, -7.78850242361688, 0.0 ], [ 109.735878468292242, -7.7885302628337, 0.0 ], [ 109.735874969250688, -7.788538037232542, 0.0 ], [ 109.73587362626759, -7.788541021138442, 0.0 ], [ 109.735870610261486, -7.788547722190649, 0.0 ], [ 109.735856254395088, -7.788579618382563, 0.0 ], [ 109.735849861981308, -7.788593821462119, 0.0 ], [ 109.73583888269296, -7.788618215794413, 0.0 ], [ 109.735833206650483, -7.788630826987275, 0.0 ], [ 109.735824754766654, -7.788649605689203, 0.0 ], [ 109.735814225929772, -7.788672999195068, 0.0 ], [ 109.735804139175201, -7.788695410519942, 0.0 ], [ 109.735799647665942, -7.788705389913921, 0.0 ], [ 109.735774540227297, -7.788761174134988, 0.0 ], [ 109.735757841560101, -7.788798276053184, 0.0 ], [ 109.735752023723649, -7.788811202444252, 0.0 ], [ 109.735742683342835, -7.78883195522283, 0.0 ], [ 109.735734651918918, -7.788849799770344, 0.0 ], [ 109.73572432579158, -7.788872742570352, 0.0 ], [ 109.735721677839919, -7.788892809389973, 0.0 ], [ 109.735720971492185, -7.788909172472582, 0.0 ], [ 109.735718774083921, -7.788928585117836, 0.0 ], [ 109.735719606886462, -7.788946758260684, 0.0 ], [ 109.735720459931514, -7.788965372158182, 0.0 ], [ 109.735721334272213, -7.78898445186256, 0.0 ], [ 109.735722298022452, -7.789005484994241, 0.0 ], [ 109.73572290097853, -7.789018644684461, 0.0 ], [ 109.735723894095358, -7.789040318606147, 0.0 ], [ 109.735724989014983, -7.789064211578378, 0.0 ], [ 109.735725342143823, -7.78907191709126, 0.0 ], [ 109.735726454254589, -7.789096185350721, 0.0 ], [ 109.735727734175057, -7.789124118722526, 0.0 ], [ 109.735729014104777, -7.789152052094294, 0.0 ], [ 109.735730294174573, -7.7891799854665, 0.0 ], [ 109.735730371128781, -7.789181664889311, 0.0 ], [ 109.735731574234919, -7.789207918838685, 0.0 ], [ 109.735732665480569, -7.78923173447282, 0.0 ], [ 109.735733062175484, -7.789240391531697, 0.0 ], [ 109.735734134112064, -7.78926378558224, 0.0 ], [ 109.73573879339628, -7.789281351911788, 0.0 ], [ 109.735756308245882, -7.789309564560573, 0.0 ], [ 109.735760351382595, -7.789315672297376, 0.0 ], [ 109.735766925971603, -7.789319742508672, 0.0 ], [ 109.735798995471328, -7.789333053868275, 0.0 ], [ 109.735812230104571, -7.789338547195952, 0.0 ], [ 109.73583859333074, -7.789349489892858, 0.0 ], [ 109.735844063478879, -7.789351760426745, 0.0 ], [ 109.735868169255781, -7.789361766158112, 0.0 ], [ 109.735902476268123, -7.78937600594355, 0.0 ], [ 109.735924108415261, -7.789384984741394, 0.0 ], [ 109.735939308100782, -7.789391293733092, 0.0 ], [ 109.735957387058434, -7.789398797815029, 0.0 ], [ 109.735980047580895, -7.78940820364543, 0.0 ], [ 109.735996984913371, -7.789415233842856, 0.0 ], [ 109.736036582928151, -7.789431669712554, 0.0 ], [ 109.736076180824639, -7.789448105701689, 0.0 ], [ 109.736091925934574, -7.789454641110313, 0.0 ], [ 109.736115778712204, -7.789464541700538, 0.0 ], [ 109.736129797605614, -7.789470360488234, 0.0 ], [ 109.73614786512239, -7.789477859752198, 0.0 ], [ 109.736175834718779, -7.789489469122524, 0.0 ], [ 109.736194974626216, -7.789497413559426, 0.0 ], [ 109.736203804316872, -7.789501078546289, 0.0 ], [ 109.736225042395333, -7.789509893845938, 0.0 ], [ 109.736234572537001, -7.78951384953572, 0.0 ], [ 109.736259743518815, -7.789524297220606, 0.0 ], [ 109.736309129828015, -7.789544796029015, 0.0 ], [ 109.736313768450671, -7.78954672139789, 0.0 ], [ 109.736320287128066, -7.789549427107107, 0.0 ], [ 109.736353366378424, -7.789563157358065, 0.0 ], [ 109.73637162194386, -7.789570734663413, 0.0 ], [ 109.736392964322363, -7.789579593298869, 0.0 ], [ 109.736415532220292, -7.789588960684205, 0.0 ], [ 109.736427561166451, -7.789593953593726, 0.0 ], [ 109.736432562157262, -7.789596029352655, 0.0 ], [ 109.736444680597884, -7.789601059313861, 0.0 ], [ 109.736483500397483, -7.789617172077206, 0.0 ], [ 109.736507720680478, -7.789625427488164, 0.0 ], [ 109.736513565201605, -7.789627109659891, 0.0 ], [ 109.736539448422363, -7.789637459023741, 0.0 ], [ 109.736567430358136, -7.789629401343528, 0.0 ], [ 109.736567512481486, -7.789629390448113, 0.0 ], [ 109.736595519383556, -7.789616730493432, 0.0 ], [ 109.736604314185001, -7.78961028726499, 0.0 ], [ 109.736616211895083, -7.789601570699837, 0.0 ], [ 109.736651651463802, -7.789575607096707, 0.0 ], [ 109.73670778353187, -7.789534484273539, 0.0 ], [ 109.736733413655571, -7.789515707321826, 0.0 ], [ 109.73675209354866, -7.789502022060054, 0.0 ], [ 109.736765688401235, -7.789492062213929, 0.0 ], [ 109.736768086681508, -7.789490305169679, 0.0 ], [ 109.73682004763954, -7.789452237683088, 0.0 ], [ 109.736919961881028, -7.789379039573102, 0.0 ], [ 109.736932311703086, -7.789369991897486, 0.0 ], [ 109.736959337408777, -7.789350192106069, 0.0 ], [ 109.73696731505359, -7.789344347516838, 0.0 ], [ 109.736988443721657, -7.789328868182769, 0.0 ], [ 109.736995898489212, -7.789323406746442, 0.0 ], [ 109.737021774649037, -7.789300782662776, 0.0 ], [ 109.737044611766748, -7.789275715945583, 0.0 ], [ 109.737045882054744, -7.789268943221968, 0.0 ], [ 109.737056433410558, -7.789267728007236, 0.0 ], [ 109.737061255582191, -7.789251216239477, 0.0 ], [ 109.737068793544594, -7.789235903912518, 0.0 ], [ 109.73707276525289, -7.789211917539446, 0.0 ], [ 109.737080467802016, -7.789191590225706, 0.0 ], [ 109.737089313937474, -7.789167706841228, 0.0 ], [ 109.737093650679469, -7.789156120638984, 0.0 ], [ 109.737101037005033, -7.789136707230598, 0.0 ], [ 109.737112165634286, -7.789111339776436, 0.0 ], [ 109.737132675466071, -7.789124718808688, 0.0 ], [ 109.737157090881311, -7.789121653117546, 0.0 ], [ 109.737161793446063, -7.789105105109462, 0.0 ], [ 109.737163594502675, -7.789100469914589, 0.0 ], [ 109.737165558050933, -7.7890921194521, 0.0 ], [ 109.737165546221604, -7.789052843766779, 0.0 ], [ 109.737178320449488, -7.789023774224529, 0.0 ], [ 109.737178242671845, -7.7890095556656, 0.0 ], [ 109.737198188880257, -7.78900407691436, 0.0 ], [ 109.737213480959667, -7.788994360978928, 0.0 ], [ 109.73721568894635, -7.788988906855398, 0.0 ], [ 109.737216584677583, -7.788985839556307, 0.0 ], [ 109.737224947011129, -7.788944361351097, 0.0 ], [ 109.737229183664383, -7.788933087922837, 0.0 ], [ 109.737234605365117, -7.788912281306236, 0.0 ], [ 109.737234594120167, -7.788898013834462, 0.0 ], [ 109.737245768996132, -7.788877278197146, 0.0 ], [ 109.737254191572845, -7.788861649557438, 0.0 ], [ 109.737269907214255, -7.788854977973049, 0.0 ], [ 109.737283447368256, -7.788821531311522, 0.0 ], [ 109.737287875129837, -7.78880377752566, 0.0 ], [ 109.737289907837379, -7.788785430864158, 0.0 ], [ 109.737297004916257, -7.788765712561313, 0.0 ], [ 109.737303601229428, -7.788743143017642, 0.0 ], [ 109.737326333425301, -7.788715594939815, 0.0 ], [ 109.737351205736758, -7.788654155746896, 0.0 ], [ 109.737356571137909, -7.788628208523919, 0.0 ], [ 109.737360515463948, -7.788620377146803, 0.0 ], [ 109.737367996739039, -7.788598346624111, 0.0 ], [ 109.737371665012461, -7.788587325793981, 0.0 ], [ 109.737382759592833, -7.788576211888944, 0.0 ], [ 109.737392485067176, -7.788552188177822, 0.0 ], [ 109.737396377950674, -7.7885425720256, 0.0 ], [ 109.737404107491386, -7.788521467672904, 0.0 ], [ 109.737407571803175, -7.788511298293257, 0.0 ], [ 109.737417295054556, -7.788486775190001, 0.0 ], [ 109.737421204555474, -7.788468949622337, 0.0 ], [ 109.737439185716823, -7.788436828833373, 0.0 ], [ 109.737440941164579, -7.788432724984099, 0.0 ], [ 109.737441550127286, -7.788430988295128, 0.0 ], [ 109.737464136195811, -7.788375196426401, 0.0 ], [ 109.737471770965541, -7.788351603733235, 0.0 ], [ 109.737478490399724, -7.788336339565539, 0.0 ], [ 109.737485020825602, -7.78831939948754, 0.0 ], [ 109.737487065783327, -7.78831092262882, 0.0 ], [ 109.737495611797186, -7.788297445789324, 0.0 ], [ 109.737506016236111, -7.788273909247242, 0.0 ], [ 109.737509308355556, -7.788263612682121, 0.0 ], [ 109.737531894409358, -7.788207820806444, 0.0 ], [ 109.737536278255149, -7.78819221835427, 0.0 ], [ 109.737552037834149, -7.788158062679111, 0.0 ], [ 109.737554514770395, -7.788154488682355, 0.0 ], [ 109.737555208442373, -7.788152031096753, 0.0 ], [ 109.737557077534987, -7.788147043323466, 0.0 ], [ 109.737571501523647, -7.788115505118935, 0.0 ], [ 109.737577066499142, -7.78809623704829, 0.0 ], [ 109.737599652535181, -7.788040445165808, 0.0 ], [ 109.737601335380361, -7.788033384669755, 0.0 ], [ 109.737608463827556, -7.788018679570699, 0.0 ], [ 109.737623358130065, -7.787999453755465, 0.0 ], [ 109.737627890371442, -7.787984670112654, 0.0 ], [ 109.737637662584262, -7.787957779037716, 0.0 ], [ 109.737637962047216, -7.78795546936839, 0.0 ], [ 109.737644824586297, -7.787928861393768, 0.0 ], [ 109.737650489678984, -7.787914622080296, 0.0 ], [ 109.737664889777378, -7.787879296457607, 0.0 ], [ 109.737670025778115, -7.787878196302919, 0.0 ], [ 109.737694708302982, -7.787846933960793, 0.0 ], [ 109.737694939995251, -7.787843288977671, 0.0 ], [ 109.737703653741619, -7.787817318281861, 0.0 ], [ 109.737708169370507, -7.787804413078325, 0.0 ], [ 109.737710057580955, -7.787772608640215, 0.0 ], [ 109.737712582635552, -7.787761485718598, 0.0 ], [ 109.737714853382826, -7.787755092747073, 0.0 ], [ 109.737721315683615, -7.787739913356043, 0.0 ], [ 109.737744460495819, -7.787738501807149, 0.0 ], [ 109.737775233441653, -7.787761672276925, 0.0 ], [ 109.737775608004583, -7.787763315228407, 0.0 ], [ 109.737777224158251, -7.787773361894962, 0.0 ], [ 109.737783055600175, -7.787811624602581, 0.0 ], [ 109.737785195856958, -7.787825667689425, 0.0 ], [ 109.737790429436401, -7.787860007101009, 0.0 ], [ 109.737792476988361, -7.787873441929868, 0.0 ], [ 109.737809511396122, -7.787985210960272, 0.0 ], [ 109.737812550899918, -7.788005154651404, 0.0 ], [ 109.737815436352392, -7.788024087394789, 0.0 ], [ 109.737818028461447, -7.788041095475144, 0.0 ], [ 109.737832153843343, -7.788133777096124, 0.0 ], [ 109.737835062903841, -7.788152864505879, 0.0 ], [ 109.73783932150188, -7.788180806763545, 0.0 ], [ 109.737842046225325, -7.788198684687872, 0.0 ], [ 109.737843580090825, -7.78820874902116, 0.0 ], [ 109.737845676895802, -7.788222507133308, 0.0 ], [ 109.737849419949313, -7.788247067306028, 0.0 ], [ 109.737852097141783, -7.788264633536185, 0.0 ], [ 109.737860614371499, -7.788320518051767, 0.0 ], [ 109.737864256255335, -7.788343744449896, 0.0 ], [ 109.737866084325418, -7.788355034836496, 0.0 ], [ 109.737869465119331, -7.788376403560471, 0.0 ], [ 109.737873084422233, -7.788390685147546, 0.0 ], [ 109.73788728507084, -7.788426883881939, 0.0 ], [ 109.737943406456964, -7.788389240648397, 0.0 ], [ 109.737950965778055, -7.788384170237228, 0.0 ], [ 109.73798443322876, -7.788361721801966, 0.0 ], [ 109.73801790076628, -7.788339273457693, 0.0 ], [ 109.738051368207195, -7.788316825019214, 0.0 ], [ 109.738055649202906, -7.788313953542085, 0.0 ], [ 109.738111770560934, -7.78827631028135, 0.0 ], [ 109.73811830335876, -7.78827192840537, 0.0 ], [ 109.738151770789685, -7.788249479957162, 0.0 ], [ 109.738185238310493, -7.788227031596668, 0.0 ], [ 109.738218705734795, -7.788204583138736, 0.0 ], [ 109.738224013250715, -7.788201023120367, 0.0 ], [ 109.738280134580592, -7.788163379832307, 0.0 ], [ 109.738285640853036, -7.788159686492484, 0.0 ], [ 109.738319108267305, -7.788137238028141, 0.0 ], [ 109.738352575771472, -7.788114789651446, 0.0 ], [ 109.738386043182189, -7.788092341177352, 0.0 ], [ 109.738392377214154, -7.788088092616757, 0.0 ], [ 109.738448498515965, -7.788050449301389, 0.0 ], [ 109.738452978264007, -7.788047444502023, 0.0 ], [ 109.738486445664719, -7.788024996018201, 0.0 ], [ 109.738519913152246, -7.788002547625339, 0.0 ], [ 109.738553380543209, -7.787980099138283, 0.0 ], [ 109.738560741093281, -7.787975162027974, 0.0 ], [ 109.738616862366953, -7.787937518688484, 0.0 ], [ 109.738620315594801, -7.787935202427377, 0.0 ], [ 109.738653782975788, -7.787912753927326, 0.0 ], [ 109.738687250446617, -7.78789030551831, 0.0 ], [ 109.738720717820911, -7.787867857015023, 0.0 ], [ 109.738729104888094, -7.787862231360451, 0.0 ], [ 109.738785226133672, -7.787824587993705, 0.0 ], [ 109.738787652839164, -7.787822960271713, 0.0 ], [ 109.738821120203511, -7.787800511755528, 0.0 ], [ 109.738854587657698, -7.787778063330312, 0.0 ], [ 109.738888055018435, -7.787755614810917, 0.0 ], [ 109.738897468598537, -7.787749300611063, 0.0 ], [ 109.738953589816049, -7.787711657217026, 0.0 ], [ 109.738957058545864, -7.787709330541747, 0.0 ], [ 109.738988457350985, -7.787688269506104, 0.0 ], [ 109.73902192478856, -7.78766582106469, 0.0 ], [ 109.739055392129515, -7.787643372525832, 0.0 ], [ 109.739088859560425, -7.787620924077904, 0.0 ], [ 109.739122326897842, -7.787598475535836, 0.0 ], [ 109.739178074594975, -7.787561082616972, 0.0 ], [ 109.739189305277037, -7.78755362230048, 0.0 ], [ 109.739205789134274, -7.787542492857725, 0.0 ], [ 109.739222729157333, -7.78753113015981, 0.0 ], [ 109.739234195766528, -7.787523438866545, 0.0 ], [ 109.739257031376965, -7.787509519255501, 0.0 ], [ 109.739288699135798, -7.787486880256222, 0.0 ], [ 109.739290316928702, -7.787485795106964, 0.0 ], [ 109.739292806061897, -7.787484414095554, 0.0 ], [ 109.739326834372307, -7.787467499951025, 0.0 ], [ 109.739346422648055, -7.787453313406568, 0.0 ], [ 109.739363161290413, -7.787447920421668, 0.0 ], [ 109.739397494171996, -7.787431344610668, 0.0 ], [ 109.739401065437917, -7.787429923317941, 0.0 ], [ 109.739402504460031, -7.787428825819542, 0.0 ], [ 109.739406122451726, -7.787427765089696, 0.0 ], [ 109.739444689527602, -7.78741766502121, 0.0 ], [ 109.739458559731631, -7.787413214236723, 0.0 ], [ 109.739484018446277, -7.787406231916757, 0.0 ], [ 109.739488037479489, -7.787405129670324, 0.0 ], [ 109.739514614288723, -7.787397840629185, 0.0 ], [ 109.739531891432648, -7.787393101985273, 0.0 ], [ 109.739561678844822, -7.78738493229557, 0.0 ], [ 109.739570668844095, -7.787382466608867, 0.0 ], [ 109.739593991840707, -7.787376069702407, 0.0 ], [ 109.739619599004158, -7.787369046272419, 0.0 ], [ 109.739639339987818, -7.787363631913009, 0.0 ], [ 109.739663452787156, -7.787357018410149, 0.0 ], [ 109.739682777946996, -7.787351718142338, 0.0 ], [ 109.739695407267533, -7.787363739755757, 0.0 ], [ 109.739698931131556, -7.787376381698994, 0.0 ], [ 109.739704543318254, -7.787398244388071, 0.0 ], [ 109.73970832157319, -7.787406629633867, 0.0 ], [ 109.739712145115462, -7.787432280178688, 0.0 ], [ 109.73970558029437, -7.787543979050433, 0.0 ], [ 109.739704282502217, -7.787566061331909, 0.0 ], [ 109.739703555301176, -7.787578434460812, 0.0 ], [ 109.739702297950828, -7.787599828486103, 0.0 ], [ 109.739692450667931, -7.787767376790486, 0.0 ], [ 109.739691844720184, -7.787777687404624, 0.0 ], [ 109.739689652592617, -7.787814990323151, 0.0 ], [ 109.73968916857487, -7.787823226225645, 0.0 ], [ 109.739688735553557, -7.787830594206364, 0.0 ], [ 109.739686176879999, -7.787874129314476, 0.0 ], [ 109.739685886180553, -7.787879075659641, 0.0 ], [ 109.739680950628369, -7.78796305249683, 0.0 ], [ 109.739672756439376, -7.788102473392062, 0.0 ], [ 109.739672273815884, -7.788110685479885, 0.0 ], [ 109.739670078778374, -7.788148033266641, 0.0 ], [ 109.739669474069061, -7.788158322824653, 0.0 ], [ 109.73966879810736, -7.788169824456594, 0.0 ], [ 109.739666969471472, -7.788200939939752, 0.0 ], [ 109.739666191793319, -7.788214172257121, 0.0 ], [ 109.73965306203084, -7.788437569982307, 0.0 ], [ 109.739651419402136, -7.788465519464169, 0.0 ], [ 109.739649779676242, -7.788493419413121, 0.0 ], [ 109.739643214758274, -7.788605118273113, 0.0 ], [ 109.739642093787722, -7.788624192138787, 0.0 ], [ 109.739640992262693, -7.788642936354774, 0.0 ], [ 109.739639932568934, -7.788660967703511, 0.0 ], [ 109.739638984520212, -7.78867709886141, 0.0 ], [ 109.739637516577176, -7.788702075286412, 0.0 ], [ 109.739636650174916, -7.788716817132967, 0.0 ], [ 109.73962032758341, -7.788994537911422, 0.0 ], [ 109.739617218262524, -7.789047444593079, 0.0 ], [ 109.739616955605783, -7.789051913702776, 0.0 ], [ 109.739603825716813, -7.78927531140947, 0.0 ], [ 109.739602758773501, -7.78929346538775, 0.0 ], [ 109.73960167082879, -7.789311977201499, 0.0 ], [ 109.739600543365682, -7.789331160835715, 0.0 ], [ 109.739593978382956, -7.789442859686501, 0.0 ], [ 109.739592331480978, -7.789470882315527, 0.0 ], [ 109.73959069610045, -7.789498709112114, 0.0 ], [ 109.739589233014513, -7.789523603448964, 0.0 ], [ 109.739588855819477, -7.789530021187419, 0.0 ], [ 109.739587413706815, -7.789554558537076, 0.0 ], [ 109.739574283746947, -7.789777956232633, 0.0 ], [ 109.739573685457373, -7.789788136002791, 0.0 ], [ 109.739571476708491, -7.789825716294126, 0.0 ], [ 109.739571001277582, -7.789833805655864, 0.0 ], [ 109.739564436257837, -7.789945504501108, 0.0 ], [ 109.739562795102913, -7.789973429212539, 0.0 ], [ 109.739561153950575, -7.790001353923913, 0.0 ], [ 109.739554588940351, -7.790113052767344, 0.0 ], [ 109.739550408468602, -7.79012506871847, 0.0 ], [ 109.739543216255925, -7.79014975036677, 0.0 ], [ 109.739535332786161, -7.790168854676668, 0.0 ], [ 109.739520588879543, -7.790183074770782, 0.0 ], [ 109.739506245311162, -7.790196908693829, 0.0 ], [ 109.739477593801894, -7.790224542115864, 0.0 ], [ 109.739448724363314, -7.79025238583174, 0.0 ], [ 109.739435172610229, -7.790265456118693, 0.0 ], [ 109.73941985504247, -7.790280229545353, 0.0 ], [ 109.739406700591744, -7.790292916640823, 0.0 ], [ 109.739393903322849, -7.790305259196673, 0.0 ], [ 109.739362116015371, -7.790335916963624, 0.0 ], [ 109.73933773230749, -7.790359434302101, 0.0 ], [ 109.739321284274979, -7.790375297954957, 0.0 ], [ 109.739304377238028, -7.790391604372182, 0.0 ], [ 109.739292812248038, -7.790402758470244, 0.0 ], [ 109.739281561277039, -7.790413609659911, 0.0 ], [ 109.739246638168126, -7.790447291769543, 0.0 ], [ 109.739225390233017, -7.79046778473267, 0.0 ], [ 109.739207395883881, -7.790485139750633, 0.0 ], [ 109.739188899372891, -7.790502979157211, 0.0 ], [ 109.739178923842104, -7.790512600258966, 0.0 ], [ 109.73916921917376, -7.790521960083629, 0.0 ], [ 109.739131160260172, -7.79055866653363, 0.0 ], [ 109.739113048101018, -7.790576135123614, 0.0 ], [ 109.73909118311623, -7.790592649535293, 0.0 ], [ 109.739068431386599, -7.790602897380969, 0.0 ], [ 109.739056940779292, -7.790608996074593, 0.0 ], [ 109.739049813713663, -7.790607170204912, 0.0 ], [ 109.739019908098626, -7.790595309928888, 0.0 ], [ 109.739000982670959, -7.790591980769444, 0.0 ], [ 109.738945029601368, -7.790573283233294, 0.0 ], [ 109.738933618946703, -7.790569470207172, 0.0 ], [ 109.738884039562194, -7.790552902628922, 0.0 ], [ 109.738849589187637, -7.790541390542287, 0.0 ], [ 109.738833123479594, -7.790535888332247, 0.0 ], [ 109.738807574275683, -7.79052735074136, 0.0 ], [ 109.738800309622036, -7.7905249231539, 0.0 ], [ 109.738777170427753, -7.790517190879858, 0.0 ], [ 109.738497405259778, -7.790423703175662, 0.0 ], [ 109.738469428751145, -7.790414354420764, 0.0 ], [ 109.738429440761621, -7.790400991826204, 0.0 ], [ 109.738385499234397, -7.790386308152598, 0.0 ], [ 109.738381109754997, -7.79038447338891, 0.0 ], [ 109.738346481516786, -7.790371850859651, 0.0 ], [ 109.738329558954419, -7.790363359954033, 0.0 ], [ 109.738312195333563, -7.790350148882529, 0.0 ], [ 109.738293442421607, -7.790332736432009, 0.0 ], [ 109.738273702292659, -7.79031248033361, 0.0 ], [ 109.738238847615349, -7.790276714720491, 0.0 ], [ 109.738228474261561, -7.790266070299545, 0.0 ], [ 109.738217864854505, -7.790255183627921, 0.0 ], [ 109.738184252608477, -7.790220693003457, 0.0 ], [ 109.738173265050037, -7.790209418290989, 0.0 ], [ 109.738162027431116, -7.790197887017499, 0.0 ], [ 109.738145660448225, -7.790181092291296, 0.0 ], [ 109.738129657709536, -7.790164671281882, 0.0 ], [ 109.738106190023544, -7.79014059017215, 0.0 ], [ 109.738090451358829, -7.790124440178462, 0.0 ], [ 109.738075062868703, -7.790108649555543, 0.0 ], [ 109.738062846733769, -7.790096114204034, 0.0 ], [ 109.738020467992442, -7.790052627824219, 0.0 ], [ 109.738007637604056, -7.790039462145097, 0.0 ], [ 109.737993170516106, -7.790024616956607, 0.0 ], [ 109.737965873046491, -7.789996606087856, 0.0 ], [ 109.737952428457845, -7.789982810113431, 0.0 ], [ 109.737938677889758, -7.789968700204589, 0.0 ], [ 109.737921475404619, -7.789957803744049, 0.0 ], [ 109.73790690257718, -7.789940571315455, 0.0 ], [ 109.737894546788681, -7.789928807598103, 0.0 ], [ 109.737882827447038, -7.789915776980473, 0.0 ], [ 109.737861858090625, -7.789919535092633, 0.0 ], [ 109.737833712302375, -7.789933425308651, 0.0 ], [ 109.737826759211416, -7.789935593347542, 0.0 ], [ 109.737737240977708, -7.789995925146739, 0.0 ], [ 109.737723714572468, -7.790005041437827, 0.0 ], [ 109.73771451487346, -7.790011241736333, 0.0 ], [ 109.737690311211352, -7.790027554282312, 0.0 ], [ 109.737666192706286, -7.790043809206347, 0.0 ], [ 109.737656907682208, -7.790050066954712, 0.0 ], [ 109.737630331594218, -7.790067978331818, 0.0 ], [ 109.737602270496367, -7.790086890554912, 0.0 ], [ 109.737546148294484, -7.79012471467372, 0.0 ], [ 109.737523293715554, -7.790140117806806, 0.0 ], [ 109.737489690690111, -7.790162765147457, 0.0 ], [ 109.737456486828734, -7.790185143330436, 0.0 ], [ 109.737423083248274, -7.790207655954195, 0.0 ], [ 109.737405842747194, -7.790219275414896, 0.0 ], [ 109.737377781630457, -7.790238187619776, 0.0 ], [ 109.737324656588399, -7.790273991714703, 0.0 ], [ 109.737323159846412, -7.790275482114703, 0.0 ], [ 109.737321648325619, -7.790279705438371, 0.0 ], [ 109.737308405854165, -7.790316705922216, 0.0 ], [ 109.737308050081921, -7.790329801369918, 0.0 ], [ 109.737321433329626, -7.790351473620339, 0.0 ], [ 109.737342608229028, -7.790385763480669, 0.0 ], [ 109.737355836253485, -7.790407184682017, 0.0 ], [ 109.737377171888554, -7.790441734984848, 0.0 ], [ 109.737398500455754, -7.790476273594795, 0.0 ], [ 109.737419832530477, -7.790510818079387, 0.0 ], [ 109.737432910469892, -7.790531996196538, 0.0 ], [ 109.737446282122519, -7.790553649802326, 0.0 ], [ 109.737488649074592, -7.790622256921806, 0.0 ], [ 109.737515398564256, -7.790665574010668, 0.0 ], [ 109.737526493136698, -7.790683540316227, 0.0 ], [ 109.73754782521506, -7.790718084816831, 0.0 ], [ 109.737559042551339, -7.790736249714871, 0.0 ], [ 109.737569157377962, -7.790752629229633, 0.0 ], [ 109.737590489478393, -7.790787173709674, 0.0 ], [ 109.737600126346706, -7.790802779413169, 0.0 ], [ 109.73761907260922, -7.790833460309975, 0.0 ], [ 109.737636351764834, -7.790861441359015, 0.0 ], [ 109.737655865017047, -7.790893040191524, 0.0 ], [ 109.737688189107303, -7.790945384503354, 0.0 ], [ 109.737697150222544, -7.790959895917266, 0.0 ], [ 109.737718482326599, -7.790994440410085, 0.0 ], [ 109.737740026203824, -7.791029327643563, 0.0 ], [ 109.737761146635123, -7.791063529306742, 0.0 ], [ 109.737767342421051, -7.791073562594861, 0.0 ], [ 109.737791863303755, -7.791113270780301, 0.0 ], [ 109.73782308115706, -7.791163823423036, 0.0 ], [ 109.737825143186015, -7.79116716257802, 0.0 ], [ 109.737826421646886, -7.791169232870462, 0.0 ], [ 109.737860979864436, -7.791225194958697, 0.0 ], [ 109.737867807517304, -7.79123625147871, 0.0 ], [ 109.737878819914116, -7.791254084564772, 0.0 ], [ 109.737888458393513, -7.791271471351317, 0.0 ], [ 109.737893451558435, -7.791281150830241, 0.0 ], [ 109.737907157347422, -7.791308626330031, 0.0 ], [ 109.737908103981439, -7.791310568852775, 0.0 ], [ 109.737921132540848, -7.79133709243064, 0.0 ], [ 109.737925503567325, -7.791346131001679, 0.0 ], [ 109.737934658735568, -7.79136506229439, 0.0 ], [ 109.737943708517093, -7.791383775731899, 0.0 ], [ 109.737948184882072, -7.791393032157795, 0.0 ], [ 109.737990162056349, -7.791479834762892, 0.0 ], [ 109.738002289103349, -7.791504911608474, 0.0 ], [ 109.738015815363582, -7.791532881471275, 0.0 ], [ 109.738016527975731, -7.791534355017465, 0.0 ], [ 109.738029341575569, -7.791560851333712, 0.0 ], [ 109.738045826489497, -7.791594939682275, 0.0 ], [ 109.738052937731439, -7.791609644645335, 0.0 ], [ 109.738056393720584, -7.791616791057305, 0.0 ], [ 109.738083445931082, -7.791672730780368, 0.0 ], [ 109.738089347511035, -7.791684934265482, 0.0 ], [ 109.738101490948793, -7.791710044744341, 0.0 ], [ 109.738107552492622, -7.791722578986279, 0.0 ], [ 109.738119014594702, -7.791746280796636, 0.0 ], [ 109.738125757367627, -7.79176022381647, 0.0 ], [ 109.738137550585904, -7.791784610224938, 0.0 ], [ 109.738143962267358, -7.79179786862054, 0.0 ], [ 109.738157155433257, -7.79182515025354, 0.0 ], [ 109.738165687586914, -7.791832023349778, 0.0 ], [ 109.738175240814201, -7.791840581628577, 0.0 ], [ 109.738195198024442, -7.791858460045713, 0.0 ], [ 109.738213011748428, -7.791876197301788, 0.0 ], [ 109.738235519489962, -7.791874178874939, 0.0 ], [ 109.738245592208742, -7.791873275620031, 0.0 ], [ 109.738297283353958, -7.791868640063387, 0.0 ], [ 109.738325060167753, -7.791866149071837, 0.0 ], [ 109.738348113234991, -7.791864081600775, 0.0 ], [ 109.738359047370906, -7.791863101090794, 0.0 ], [ 109.738381084377707, -7.79186112477857, 0.0 ], [ 109.738399373796042, -7.791859484630319, 0.0 ], [ 109.738420811447128, -7.79185756205408, 0.0 ], [ 109.738437108587291, -7.791856100555499, 0.0 ], [ 109.738461359115647, -7.791865647745603, 0.0 ], [ 109.73847045251938, -7.79186404156419, 0.0 ], [ 109.738471357753966, -7.791875679325852, 0.0 ], [ 109.738484076839441, -7.79189736046512, 0.0 ], [ 109.738485279894604, -7.791905034824398, 0.0 ], [ 109.738482758267935, -7.791943143828311, 0.0 ], [ 109.73848381972185, -7.791953218857524, 0.0 ], [ 109.738483288651196, -7.791962701791658, 0.0 ], [ 109.738481326857553, -7.791997734128562, 0.0 ], [ 109.738480692088785, -7.792009068702535, 0.0 ], [ 109.738479986554609, -7.792021668318503, 0.0 ], [ 109.738478356302423, -7.792050780217374, 0.0 ], [ 109.738477564612651, -7.792064918547681, 0.0 ], [ 109.738476684455776, -7.792080634848146, 0.0 ], [ 109.738475385745417, -7.792103826305843, 0.0 ], [ 109.738474436935007, -7.792120768391985, 0.0 ], [ 109.738473382354698, -7.792139601374341, 0.0 ], [ 109.738472415186607, -7.792156872394113, 0.0 ], [ 109.738471309495381, -7.792176618236638, 0.0 ], [ 109.738470248839477, -7.792198400764978, 0.0 ], [ 109.738469666549221, -7.792210141136952, 0.0 ], [ 109.738468581254992, -7.792232469269767, 0.0 ], [ 109.738470980932306, -7.792253367856053, 0.0 ], [ 109.738472813092386, -7.792269324479781, 0.0 ], [ 109.738474997399933, -7.792288347532027, 0.0 ], [ 109.73847672217137, -7.792303368964081, 0.0 ], [ 109.738480083975162, -7.792332645747348, 0.0 ], [ 109.73848141362329, -7.792344225794497, 0.0 ], [ 109.738482463598459, -7.79235336988474, 0.0 ], [ 109.738487354669005, -7.792395966823301, 0.0 ], [ 109.738487829725685, -7.79240010405669, 0.0 ], [ 109.73849139622881, -7.792431163516131, 0.0 ], [ 109.738493946360066, -7.792453371819896, 0.0 ], [ 109.738494246109084, -7.792455982319767, 0.0 ], [ 109.738494625686698, -7.792459288224188, 0.0 ], [ 109.738499687291338, -7.792503373234709, 0.0 ], [ 109.738500661794831, -7.792511860580762, 0.0 ], [ 109.738507078201081, -7.792567738843968, 0.0 ], [ 109.73850916704049, -7.792585930343829, 0.0 ], [ 109.738511170177389, -7.792603375050579, 0.0 ], [ 109.738513494458246, -7.792623617106743, 0.0 ], [ 109.738519910818809, -7.792679495369788, 0.0 ], [ 109.738522652858848, -7.79270337706988, 0.0 ], [ 109.738523708723292, -7.792712572791736, 0.0 ], [ 109.73852632668121, -7.792735373631497, 0.0 ], [ 109.738528394057923, -7.792753378223286, 0.0 ], [ 109.738530979324864, -7.792775893767321, 0.0 ], [ 109.73853274280907, -7.792791251893927, 0.0 ], [ 109.738539159174294, -7.792847130157162, 0.0 ], [ 109.738539876788806, -7.792853380197616, 0.0 ], [ 109.738545617989189, -7.792903381347845, 0.0 ], [ 109.738551359486891, -7.79295338220752, 0.0 ], [ 109.738551991535488, -7.792958886682547, 0.0 ], [ 109.738558407899163, -7.793014764945871, 0.0 ], [ 109.738560062869027, -7.793029178829427, 0.0 ], [ 109.738562842024194, -7.793053384375734, 0.0 ], [ 109.738564823655651, -7.793070643207395, 0.0 ], [ 109.738571240067159, -7.79312652147085, 0.0 ], [ 109.738574324822579, -7.793153386289022, 0.0 ], [ 109.738574604390351, -7.793155821102475, 0.0 ], [ 109.738577656264113, -7.793182399733777, 0.0 ], [ 109.738580066022408, -7.793203387439393, 0.0 ], [ 109.738581874993557, -7.793219142081535, 0.0 ], [ 109.73858407214999, -7.793238277995726, 0.0 ], [ 109.738590488563062, -7.793294156259344, 0.0 ], [ 109.738591548760809, -7.793303389417395, 0.0 ], [ 109.738596416618364, -7.793345784455616, 0.0 ], [ 109.738596904630754, -7.793350034521944, 0.0 ], [ 109.738597289964972, -7.793353390567839, 0.0 ], [ 109.738600568403712, -7.793381943068981, 0.0 ], [ 109.738603320649034, -7.793405912784375, 0.0 ], [ 109.738609737063697, -7.793461791048124, 0.0 ], [ 109.738610958326689, -7.793472426910975, 0.0 ], [ 109.738614514155159, -7.793503393454381, 0.0 ], [ 109.738616153372945, -7.793517669311514, 0.0 ], [ 109.738618229138325, -7.793535748094859, 0.0 ], [ 109.738620255232817, -7.793553394730862, 0.0 ], [ 109.738622569152838, -7.793573547573343, 0.0 ], [ 109.738624852782849, -7.793598419980678, 0.0 ], [ 109.738625255287872, -7.793604130646096, 0.0 ], [ 109.738627692789478, -7.793629421987452, 0.0 ], [ 109.738629615665047, -7.793655500722068, 0.0 ], [ 109.738630155433697, -7.793659766525817, 0.0 ], [ 109.738632239266124, -7.793685294682786, 0.0 ], [ 109.738633998896645, -7.793706848142029, 0.0 ], [ 109.738636094125042, -7.793721751202241, 0.0 ], [ 109.738637868033194, -7.793741170601137, 0.0 ], [ 109.738639226569319, -7.79375735840159, 0.0 ], [ 109.7386431026342, -7.793784809221462, 0.0 ], [ 109.738644247916483, -7.793797048756223, 0.0 ], [ 109.738644650999575, -7.793807673600848, 0.0 ], [ 109.73864601996415, -7.793843762594943, 0.0 ], [ 109.738646687105145, -7.793861347909365, 0.0 ], [ 109.738648229360166, -7.793902005710524, 0.0 ], [ 109.738648486346733, -7.793908779690793, 0.0 ], [ 109.738648723144507, -7.793915022288911, 0.0 ], [ 109.73865043915329, -7.793960249219133, 0.0 ], [ 109.738650605905306, -7.793964645158983, 0.0 ], [ 109.738650759595927, -7.793968696255106, 0.0 ], [ 109.738652648504413, -7.794018492289064, 0.0 ], [ 109.738652725076776, -7.794020510625975, 0.0 ], [ 109.738654831143435, -7.794076045530529, 0.0 ], [ 109.73865485728939, -7.794076734787328, 0.0 ], [ 109.738656867652551, -7.79412971943841, 0.0 ], [ 109.738657067164311, -7.79413497838337, 0.0 ], [ 109.73865890412354, -7.794183393384999, 0.0 ], [ 109.73865908294583, -7.794188107027654, 0.0 ], [ 109.738659276967141, -7.794193221904642, 0.0 ], [ 109.738660939759285, -7.794237068158078, 0.0 ], [ 109.738661201662879, -7.794243972493095, 0.0 ], [ 109.738661485892933, -7.794251464552082, 0.0 ], [ 109.738662976179114, -7.794290742153029, 0.0 ], [ 109.738663321248879, -7.794299837961027, 0.0 ], [ 109.738663695598035, -7.794309707975814, 0.0 ], [ 109.738665011879334, -7.794344416861433, 0.0 ], [ 109.738665439961537, -7.794355703426262, 0.0 ], [ 109.738665904593987, -7.794367950691316, 0.0 ], [ 109.738667048185462, -7.79439809096598, 0.0 ], [ 109.738667559502602, -7.794411568893937, 0.0 ], [ 109.738668114204458, -7.794426194023939, 0.0 ], [ 109.738669083965831, -7.794451765593517, 0.0 ], [ 109.738669678257679, -7.794467434359175, 0.0 ], [ 109.738670323292268, -7.794484436833574, 0.0 ], [ 109.738671120192635, -7.794505439778718, 0.0 ], [ 109.738672532997782, -7.794542680263388, 0.0 ], [ 109.738673156518871, -7.794559113860476, 0.0 ], [ 109.738673917212026, -7.794579165293849, 0.0 ], [ 109.738674742550302, -7.794600923537351, 0.0 ], [ 109.738675192497553, -7.794612788290944, 0.0 ], [ 109.738676036223865, -7.794635030759645, 0.0 ], [ 109.738676951881544, -7.794659166593592, 0.0 ], [ 109.738677228703878, -7.794666462492068, 0.0 ], [ 109.738678155655862, -7.794690896226718, 0.0 ], [ 109.738679161255575, -7.794717409692025, 0.0 ], [ 109.738679264681409, -7.794720136922348, 0.0 ], [ 109.738680274513698, -7.794746761691917, 0.0 ], [ 109.738681334212018, -7.794774694425398, 0.0 ], [ 109.738681370563697, -7.794775652725357, 0.0 ], [ 109.738682393900802, -7.794802627158732, 0.0 ], [ 109.73868333673164, -7.794827485682746, 0.0 ], [ 109.73868357988357, -7.794833895771625, 0.0 ], [ 109.738684512801072, -7.794858492624014, 0.0 ], [ 109.738685372751178, -7.794881160067652, 0.0 ], [ 109.738685789205846, -7.794892138817834, 0.0 ], [ 109.738687408954604, -7.794934834268462, 0.0 ], [ 109.738687998720124, -7.794950382058834, 0.0 ], [ 109.738688751444329, -7.794970223556858, 0.0 ], [ 109.738689445035519, -7.794988508591983, 0.0 ], [ 109.738690208305158, -7.795008625374518, 0.0 ], [ 109.738690870754098, -7.795026089023144, 0.0 ], [ 109.738691481309672, -7.795042182721635, 0.0 ], [ 109.738692417709288, -7.795066868508207, 0.0 ], [ 109.738692990032121, -7.795081954489252, 0.0 ], [ 109.738693517326894, -7.795095857106367, 0.0 ], [ 109.738694627028877, -7.795125111554155, 0.0 ], [ 109.738695109035206, -7.795137819954533, 0.0 ], [ 109.738695553343561, -7.795149531491012, 0.0 ], [ 109.738696836344616, -7.79518335460004, 0.0 ], [ 109.738697228268279, -7.795193685420418, 0.0 ], [ 109.738697589356505, -7.795203205878804, 0.0 ], [ 109.738699045659686, -7.795241597645803, 0.0 ], [ 109.738699347313741, -7.795249550885649, 0.0 ], [ 109.738699625372021, -7.795256880263296, 0.0 ], [ 109.738701254977272, -7.79529984069154, 0.0 ], [ 109.73870166143071, -7.795310554602545, 0.0 ], [ 109.738703464322043, -7.795358083769652, 0.0 ], [ 109.738703585645908, -7.795361281816723, 0.0 ], [ 109.738703697438808, -7.795364228993433, 0.0 ], [ 109.738705674150921, -7.795416327328475, 0.0 ], [ 109.738706764817223, -7.795445080016097, 0.0 ], [ 109.738707824374487, -7.795473012748682, 0.0 ], [ 109.738707883450815, -7.795474570364186, 0.0 ], [ 109.738709805469, -7.795525252155936, 0.0 ], [ 109.738709942996024, -7.795528878212339, 0.0 ], [ 109.73871009227156, -7.795532812912734, 0.0 ], [ 109.738711841899942, -7.795578926123583, 0.0 ], [ 109.738712302092154, -7.795591056471258, 0.0 ], [ 109.738713878327147, -7.79563260009768, 0.0 ], [ 109.73871418216342, -7.795640609145285, 0.0 ], [ 109.738714511825066, -7.795649299938781, 0.0 ], [ 109.738715914022279, -7.79568627479488, 0.0 ], [ 109.738716300929639, -7.79569647460917, 0.0 ], [ 109.738716720823959, -7.795707542672254, 0.0 ], [ 109.738717950379581, -7.795739948833406, 0.0 ], [ 109.738718420468103, -7.795752340075373, 0.0 ], [ 109.738718930440541, -7.795765786026016, 0.0 ], [ 109.738719986123542, -7.79579362347889, 0.0 ], [ 109.73872053919564, -7.795808205539069, 0.0 ], [ 109.738721139490934, -7.795824028808005, 0.0 ], [ 109.738722022354665, -7.795847297643177, 0.0 ], [ 109.738722658689227, -7.795864071004948, 0.0 ], [ 109.738723349012901, -7.795882272070654, 0.0 ], [ 109.738724058178789, -7.795900972207792, 0.0 ], [ 109.738724777456028, -7.795919936468655, 0.0 ], [ 109.738725558151984, -7.795940514946649, 0.0 ], [ 109.738726094330531, -7.795954646452706, 0.0 ], [ 109.738726896907849, -7.795975801934268, 0.0 ], [ 109.738729016542948, -7.796031667400452, 0.0 ], [ 109.738729977413215, -7.796057001686, 0.0 ], [ 109.738730166766757, -7.796061994800322, 0.0 ], [ 109.738731135376412, -7.796087532864134, 0.0 ], [ 109.738732391954329, -7.796120655267026, 0.0 ], [ 109.73873325475779, -7.796143398329351, 0.0 ], [ 109.738734238797406, -7.796169343548033, 0.0 ], [ 109.738734395997369, -7.796173487749453, 0.0 ], [ 109.738735373633617, -7.796199263793105, 0.0 ], [ 109.738736274802505, -7.796223017931493, 0.0 ], [ 109.738736605303984, -7.796231730794008, 0.0 ], [ 109.738738311003928, -7.796276692121138, 0.0 ], [ 109.738738814814994, -7.796289974046482, 0.0 ], [ 109.738739612268603, -7.796310994722895, 0.0 ], [ 109.738740346985978, -7.796330366523857, 0.0 ], [ 109.738741024092278, -7.796348217068208, 0.0 ], [ 109.738741731183097, -7.796366860186544, 0.0 ], [ 109.738743850813805, -7.796422725652244, 0.0 ], [ 109.738744419320312, -7.796437714964259, 0.0 ], [ 109.738745443064289, -7.796464703523935, 0.0 ], [ 109.738745969792461, -7.79647859111587, 0.0 ], [ 109.738746455322499, -7.796491389347385, 0.0 ], [ 109.738747652364381, -7.796522946568182, 0.0 ], [ 109.738748089019865, -7.796534456580279, 0.0 ], [ 109.738748491324074, -7.796545063733738, 0.0 ], [ 109.738749861666875, -7.796581189612435, 0.0 ], [ 109.738750208040898, -7.796590322043945, 0.0 ], [ 109.73875052732204, -7.796598738116775, 0.0 ], [ 109.738752070965617, -7.796639432656491, 0.0 ], [ 109.738752563378725, -7.79665241244486, 0.0 ], [ 109.738754280307106, -7.796697675742771, 0.0 ], [ 109.738754446364766, -7.796702052972006, 0.0 ], [ 109.738754599356682, -7.796706086847146, 0.0 ], [ 109.738756489582741, -7.796755918764019, 0.0 ], [ 109.738756565424467, -7.796757918435598, 0.0 ], [ 109.738758685053909, -7.796813783900891, 0.0 ], [ 109.738760707337221, -7.796867110011689, 0.0 ], [ 109.738760803647935, -7.796869649362988, 0.0 ], [ 109.738760908184773, -7.796872404861543, 0.0 ], [ 109.738762743775553, -7.796920783958515, 0.0 ], [ 109.738763118002097, -7.796930648428259, 0.0 ], [ 109.738764780197656, -7.796974457918176, 0.0 ], [ 109.738765042807032, -7.796981380292884, 0.0 ], [ 109.738765327700676, -7.796988891874664, 0.0 ], [ 109.738766815809541, -7.797028132681691, 0.0 ], [ 109.738767161445978, -7.797037245754895, 0.0 ], [ 109.738786080971096, -7.797064726600085, 0.0 ], [ 109.73879316616167, -7.79707284826237, 0.0 ], [ 109.738810640513307, -7.797093234419532, 0.0 ], [ 109.738812572993098, -7.797094156031522, 0.0 ], [ 109.738813490010259, -7.797094593369393, 0.0 ], [ 109.738841455007361, -7.797107930067843, 0.0 ], [ 109.738850503734284, -7.797112245469335, 0.0 ], [ 109.738869572740143, -7.797121339533755, 0.0 ], [ 109.738888434547889, -7.797130334836472, 0.0 ], [ 109.738922501446098, -7.797146581803286, 0.0 ], [ 109.738925350010149, -7.797147940315802, 0.0 ], [ 109.738928504358753, -7.797149444639139, 0.0 ], [ 109.738964295989177, -7.797166513755855, 0.0 ], [ 109.738981280022557, -7.797174613620861, 0.0 ], [ 109.73900222668567, -7.797184603243424, 0.0 ], [ 109.739028939152917, -7.797197342513405, 0.0 ], [ 109.739037210042895, -7.797201286942315, 0.0 ], [ 109.73904636881943, -7.797205654832501, 0.0 ], [ 109.739078088205346, -7.797220782090549, 0.0 ], [ 109.739093140070807, -7.797227960396735, 0.0 ], [ 109.739116018922232, -7.797238871556575, 0.0 ], [ 109.739135377737071, -7.797248104051793, 0.0 ], [ 109.739149070105967, -7.797254634116889, 0.0 ], [ 109.739153949520912, -7.797256961142377, 0.0 ], [ 109.739164232218542, -7.79726186499476, 0.0 ], [ 109.739191880395211, -7.79727505045407, 0.0 ], [ 109.739205000150392, -7.797281307396804, 0.0 ], [ 109.7392298111169, -7.797293139917884, 0.0 ], [ 109.73924181574742, -7.797298864959934, 0.0 ], [ 109.739260930202661, -7.797307980725472, 0.0 ], [ 109.739282096613167, -7.797318075131855, 0.0 ], [ 109.739305672708852, -7.797329318704397, 0.0 ], [ 109.739316860262605, -7.797334654154728, 0.0 ], [ 109.739344825295859, -7.797347990786027, 0.0 ], [ 109.739348253755637, -7.797349625816153, 0.0 ], [ 109.739372790331288, -7.797361327337995, 0.0 ], [ 109.739381534365577, -7.797365497427656, 0.0 ], [ 109.73940075536801, -7.797374664131374, 0.0 ], [ 109.739419465002513, -7.797383586980321, 0.0 ], [ 109.739428720406764, -7.797388000919883, 0.0 ], [ 109.739454692162568, -7.797400387019827, 0.0 ], [ 109.739457395783802, -7.797401676391258, 0.0 ], [ 109.739484650490482, -7.797414674407952, 0.0 ], [ 109.739533257460593, -7.797437855101094, 0.0 ], [ 109.73954058058321, -7.797441347559475, 0.0 ], [ 109.739561130188378, -7.797451147788179, 0.0 ], [ 109.73957118821852, -7.797455944535639, 0.0 ], [ 109.739596510683342, -7.797468020898979, 0.0 ], [ 109.739635689224926, -7.797486705373275, 0.0 ], [ 109.739647049823589, -7.797492123321743, 0.0 ], [ 109.739652440791318, -7.79749469429047, 0.0 ], [ 109.739667568556982, -7.797501908852036, 0.0 ], [ 109.739684980576968, -7.797510212763732, 0.0 ], [ 109.739708370906726, -7.79752136786999, 0.0 ], [ 109.739722911283977, -7.797528302254475, 0.0 ], [ 109.739753553153918, -7.797542915396806, 0.0 ], [ 109.739760842197867, -7.797546391538923, 0.0 ], [ 109.739764301031201, -7.797548041086958, 0.0 ], [ 109.739774006957688, -7.797552669893166, 0.0 ], [ 109.739798772968541, -7.797564480965764, 0.0 ], [ 109.73982023116325, -7.797574714430451, 0.0 ], [ 109.739874634617792, -7.79760065971716, 0.0 ], [ 109.739880445340773, -7.797603430862809, 0.0 ], [ 109.739912565468231, -7.797618749067539, 0.0 ], [ 109.73993209145172, -7.797628060998163, 0.0 ], [ 109.739950496353671, -7.797636838385906, 0.0 ], [ 109.739988021607232, -7.79765473451385, 0.0 ], [ 109.740026357919803, -7.797673017223914, 0.0 ], [ 109.740043951771199, -7.797681407861286, 0.0 ], [ 109.740064288747533, -7.797691106598234, 0.0 ], [ 109.740093321876941, -7.797704952421818, 0.0 ], [ 109.740102219747669, -7.797709195808228, 0.0 ], [ 109.740107146319957, -7.797711545303317, 0.0 ], [ 109.740140150554595, -7.797727285205767, 0.0 ], [ 109.740155812124144, -7.797734754226419, 0.0 ], [ 109.740178081377692, -7.797745374587544, 0.0 ], [ 109.740199760716763, -7.797755713699819, 0.0 ], [ 109.740211742311317, -7.797761427833553, 0.0 ], [ 109.740216012073162, -7.797763464098773, 0.0 ], [ 109.740225010017113, -7.797767755213981, 0.0 ], [ 109.740253943053673, -7.797781553329502, 0.0 ], [ 109.740267672507798, -7.797788100993889, 0.0 ], [ 109.740291873878434, -7.797799642712256, 0.0 ], [ 109.740306198979624, -7.797806474344442, 0.0 ], [ 109.740323602712138, -7.797814774196564, 0.0 ], [ 109.740342874750326, -7.797823965099663, 0.0 ], [ 109.740367735635871, -7.797835821375458, 0.0 ], [ 109.740379532924109, -7.797841447506275, 0.0 ], [ 109.740405666468561, -7.797853910752803, 0.0 ], [ 109.740412637718919, -7.797857235414466, 0.0 ], [ 109.740435463143442, -7.79786812105578, 0.0 ], [ 109.740443597214238, -7.797872000217648, 0.0 ], [ 109.740460738661966, -7.7978801749549, 0.0 ], [ 109.740476573955547, -7.79789500096074, 0.0 ], [ 109.740491393372409, -7.797894794029083, 0.0 ], [ 109.740519671330802, -7.797908279874131, 0.0 ], [ 109.740547323608169, -7.797921467400873, 0.0 ], [ 109.740578603326, -7.79793638478431, 0.0 ], [ 109.737191556700552, -7.797439031905616, 0.0 ], [ 109.732159472557512, -7.795356437402941, 0.0 ] ] } },
{ "type": "Feature", "properties": { "Id": 15, "Contour": 20.0, "Skor": 3.0, "Shape_Leng": 435.14868083 }, "geometry": { "type": "LineString", "coordinates": [ [ 109.734995985084041, -7.79602053209868, 0.0 ], [ 109.734976340272055, -7.796044783247758, 0.0 ], [ 109.734951957519144, -7.796047242139023, 0.0 ], [ 109.73488544060308, -7.796020201852679, 0.0 ], [ 109.734864631617697, -7.795995667170985, 0.0 ], [ 109.734840082309361, -7.79599927156097, 0.0 ], [ 109.734814837850394, -7.795989338195444, 0.0 ], [ 109.734807014848897, -7.795986952070879, 0.0 ], [ 109.734784133503055, -7.79597901885312, 0.0 ], [ 109.734747014219721, -7.795963929200386, 0.0 ], [ 109.734741521686843, -7.795950636014488, 0.0 ], [ 109.734728201754862, -7.795953089915868, 0.0 ], [ 109.734711223312033, -7.795946870827008, 0.0 ], [ 109.734696311098546, -7.79593976348576, 0.0 ], [ 109.734672250861124, -7.795933536541756, 0.0 ], [ 109.734653927948727, -7.795926087966796, 0.0 ], [ 109.734616309550333, -7.795910795502708, 0.0 ], [ 109.734608587882548, -7.795907656508608, 0.0 ], [ 109.73457705926316, -7.795890907595182, 0.0 ], [ 109.734560368246946, -7.795888054337401, 0.0 ], [ 109.734470161912625, -7.795851383778305, 0.0 ], [ 109.734456601994907, -7.795843246715576, 0.0 ], [ 109.734448485661275, -7.795842571993879, 0.0 ], [ 109.734331735658529, -7.795795111007603, 0.0 ], [ 109.734193309777893, -7.795738838198377, 0.0 ], [ 109.734168779319901, -7.795728866109765, 0.0 ], [ 109.734140808695273, -7.795717495565248, 0.0 ], [ 109.734135998745302, -7.795715540240473, 0.0 ], [ 109.734112838072505, -7.795706124993244, 0.0 ], [ 109.734054883609957, -7.795682565348674, 0.0 ], [ 109.734016476731142, -7.795666952199287, 0.0 ], [ 109.734000955599299, -7.795660642578953, 0.0 ], [ 109.733916457485122, -7.795626292459553, 0.0 ], [ 109.733776620376418, -7.795569445787329, 0.0 ], [ 109.733665308348492, -7.795524195213875, 0.0 ], [ 109.733657910812639, -7.795521187973576, 0.0 ], [ 109.733637337755667, -7.795512824598272, 0.0 ], [ 109.733553425987964, -7.795478712670556, 0.0 ], [ 109.733538388942577, -7.795472599805048, 0.0 ], [ 109.733501179721344, -7.795457473556334, 0.0 ], [ 109.733499121791709, -7.795455835235515, 0.0 ], [ 109.73349748720446, -7.795455177783009, 0.0 ], [ 109.733493674828907, -7.795453644382957, 0.0 ], [ 109.733461640900202, -7.795437299861885, 0.0 ], [ 109.733441548355586, -7.795431667024731, 0.0 ], [ 109.733419890199855, -7.795422997356619, 0.0 ], [ 109.733400345223558, -7.79541603267816, 0.0 ], [ 109.733385602499695, -7.795410488897919, 0.0 ], [ 109.733362754074307, -7.795401200510213, 0.0 ], [ 109.733353577059873, -7.795377352783404, 0.0 ], [ 109.733323713747367, -7.795351265735979, 0.0 ], [ 109.73330094114614, -7.795345156585466, 0.0 ], [ 109.733610348226335, -7.795175137297506, 0.0 ], [ 109.733613535659174, -7.795175334854629, 0.0 ], [ 109.733650508704784, -7.795162781374004, 0.0 ], [ 109.733666393474508, -7.795163249396876, 0.0 ], [ 109.733673383131304, -7.795171697064772, 0.0 ], [ 109.733680344609738, -7.795178714089664, 0.0 ], [ 109.733698221309396, -7.795202765782276, 0.0 ], [ 109.733722240094778, -7.795217434789897, 0.0 ], [ 109.733738107222308, -7.795234745853103, 0.0 ], [ 109.733756615898884, -7.795256260390062, 0.0 ], [ 109.733778066524806, -7.795278341517751, 0.0 ], [ 109.733783995330057, -7.795284809838501, 0.0 ], [ 109.733789447712198, -7.795290758409561, 0.0 ], [ 109.733833892970793, -7.795339248240669, 0.0 ], [ 109.733840788243583, -7.795346770961905, 0.0 ], [ 109.733864229742792, -7.795372345615571, 0.0 ], [ 109.733890974515774, -7.795401524245485, 0.0 ], [ 109.733943469477609, -7.795458796054421, 0.0 ], [ 109.733944594660414, -7.795459752038189, 0.0 ], [ 109.733945547216678, -7.795460627082925, 0.0 ], [ 109.733967162458796, -7.795480483568475, 0.0 ], [ 109.733973764391621, -7.795486526687498, 0.0 ], [ 109.734001835691316, -7.795514390273301, 0.0 ], [ 109.734002244984879, -7.795514830820833, 0.0 ], [ 109.734057319272097, -7.795542828998903, 0.0 ], [ 109.734076054559878, -7.795552197501132, 0.0 ], [ 109.734112773247844, -7.795571020285877, 0.0 ], [ 109.734113034299881, -7.79557122968847, 0.0 ], [ 109.734113243397005, -7.795571259297336, 0.0 ], [ 109.734223301737046, -7.795627209727182, 0.0 ], [ 109.734224223494991, -7.795628078451892, 0.0 ], [ 109.734225091512954, -7.795628172819999, 0.0 ], [ 109.734227033793758, -7.795629160902902, 0.0 ], [ 109.734261259631339, -7.795647054733347, 0.0 ], [ 109.734281015822859, -7.795656549957779, 0.0 ], [ 109.734333830065907, -7.795683399143616, 0.0 ], [ 109.734335210536855, -7.795685127624402, 0.0 ], [ 109.7343369388838, -7.795685345528266, 0.0 ], [ 109.734340875516438, -7.795687352267343, 0.0 ], [ 109.734371698900134, -7.795704646949829, 0.0 ], [ 109.734392864148845, -7.795713410398295, 0.0 ], [ 109.734444358427709, -7.795739588535836, 0.0 ], [ 109.734445902269186, -7.795742469562762, 0.0 ], [ 109.734448785133253, -7.79574290270916, 0.0 ], [ 109.734455513134463, -7.795746342094929, 0.0 ], [ 109.734481998571198, -7.795762377562431, 0.0 ], [ 109.734504712508638, -7.795770270771899, 0.0 ], [ 109.734521569898519, -7.795778840585671, 0.0 ], [ 109.734554886819339, -7.795795777903757, 0.0 ], [ 109.734556115833641, -7.795800285545019, 0.0 ], [ 109.734560629414972, -7.795801126147967, 0.0 ], [ 109.734571542963181, -7.795806728677695, 0.0 ], [ 109.734592136737206, -7.795820268290692, 0.0 ], [ 109.734616560902111, -7.795827131165958, 0.0 ], [ 109.734632974813877, -7.795835475519771, 0.0 ], [ 109.734665415247036, -7.795851967247383, 0.0 ], [ 109.734665478214353, -7.795858945359804, 0.0 ], [ 109.73467246978872, -7.79586066187468, 0.0 ], [ 109.734690355185123, -7.795869906784985, 0.0 ], [ 109.73470208683608, -7.795878345474407, 0.0 ], [ 109.734728409329264, -7.795883991535197, 0.0 ], [ 109.734744379762716, -7.795892110432447, 0.0 ], [ 109.734775943707675, -7.795908156566788, 0.0 ], [ 109.734773092066035, -7.795919338595662, 0.0 ], [ 109.734784300607942, -7.795923389947193, 0.0 ], [ 109.734811049471062, -7.795937401592328, 0.0 ], [ 109.734812867614309, -7.795936797265541, 0.0 ], [ 109.734840257790168, -7.795940851879547, 0.0 ], [ 109.734886472198127, -7.795964345861893, 0.0 ], [ 109.734876115361956, -7.795984282709235, 0.0 ], [ 109.734909242692552, -7.796007134023948, 0.0 ], [ 109.73492835601057, -7.795996640425577, 0.0 ], [ 109.734952101851547, -7.795999188218977, 0.0 ], [ 109.734966201572519, -7.796006359826767, 0.0 ], [ 109.734995985084041, -7.79602053209868, 0.0 ] ] } },
{ "type": "Feature", "properties": { "Id": 84, "Contour": 15.0, "Skor": 1.0, "Shape_Leng": 1429.066925 }, "geometry": { "type": "LineString", "coordinates": [ [ 109.735547379572225, -7.795966319844139, 0.0 ], [ 109.735567866672241, -7.795910521930906, 0.0 ], [ 109.735568479230153, -7.795908853654297, 0.0 ], [ 109.735583063294058, -7.795869134161573, 0.0 ], [ 109.735598096571607, -7.795828190247173, 0.0 ], [ 109.735599669903181, -7.795823905299698, 0.0 ], [ 109.735608841569729, -7.795798926100582, 0.0 ], [ 109.735624950567484, -7.795755053721393, 0.0 ], [ 109.735628163644591, -7.795746302944695, 0.0 ], [ 109.73563182230339, -7.795736338390779, 0.0 ], [ 109.735643196818501, -7.795705358936106, 0.0 ], [ 109.735658230225084, -7.795664415160354, 0.0 ], [ 109.735663973618557, -7.795648772532746, 0.0 ], [ 109.73567326343867, -7.795623471195102, 0.0 ], [ 109.735681421861599, -7.795601251807503, 0.0 ], [ 109.735690791290324, -7.795575734415882, 0.0 ], [ 109.735711278345121, -7.795519936488581, 0.0 ], [ 109.735731766110305, -7.795464138561485, 0.0 ], [ 109.735733397196597, -7.795459696258894, 0.0 ], [ 109.735737893102467, -7.795447451258009, 0.0 ], [ 109.735752253152157, -7.795408340630207, 0.0 ], [ 109.73577274090438, -7.7953525426991, 0.0 ], [ 109.735793227933357, -7.795296744763816, 0.0 ], [ 109.735813715672677, -7.795240946828648, 0.0 ], [ 109.735834202688707, -7.795185148889387, 0.0 ], [ 109.735850835437617, -7.79513984990597, 0.0 ], [ 109.735853664141459, -7.795132145935002, 0.0 ], [ 109.735856885126779, -7.795123373377379, 0.0 ], [ 109.735868697263172, -7.795091201906984, 0.0 ], [ 109.735875177418222, -7.795073553006906, 0.0 ], [ 109.735895665131693, -7.795017755063769, 0.0 ], [ 109.735907306532809, -7.794986048782887, 0.0 ], [ 109.735913797309777, -7.794968370524664, 0.0 ], [ 109.735921188359342, -7.79494824075745, 0.0 ], [ 109.735928830712794, -7.794927426787963, 0.0 ], [ 109.735943863913448, -7.794886482852001, 0.0 ], [ 109.735953340175257, -7.794860674218908, 0.0 ], [ 109.735958897325062, -7.794845539129338, 0.0 ], [ 109.735963777580054, -7.794832247272144, 0.0 ], [ 109.735977613770487, -7.794794563264649, 0.0 ], [ 109.735998101451685, -7.794738765311491, 0.0 ], [ 109.736003997309027, -7.79472270772758, 0.0 ], [ 109.736017643243613, -7.79468554163716, 0.0 ], [ 109.736019030380419, -7.794681763675803, 0.0 ], [ 109.736020248577731, -7.79467844590488, 0.0 ], [ 109.73603907607783, -7.79462716939694, 0.0 ], [ 109.736059563022792, -7.794571371435629, 0.0 ], [ 109.736080050678098, -7.794515573474438, 0.0 ], [ 109.736100537610156, -7.794459775509051, 0.0 ], [ 109.736121025252572, -7.794403977543867, 0.0 ], [ 109.736133190421342, -7.794370844614306, 0.0 ], [ 109.736139296812098, -7.794354213200875, 0.0 ], [ 109.736146250164651, -7.794335275452357, 0.0 ], [ 109.736154330169143, -7.794313269454452, 0.0 ], [ 109.736169363314502, -7.794272325502322, 0.0 ], [ 109.736178401866056, -7.794247708879253, 0.0 ], [ 109.736182486707378, -7.794236583631949, 0.0 ], [ 109.736168576575494, -7.794215509431998, 0.0 ], [ 109.736189661270203, -7.794217043729188, 0.0 ], [ 109.736199430123122, -7.794190438114516, 0.0 ], [ 109.736202974155617, -7.794180785658196, 0.0 ], [ 109.736197550308617, -7.794173033282207, 0.0 ], [ 109.736189792512775, -7.7941732947303, 0.0 ], [ 109.736185731192663, -7.794176693959565, 0.0 ], [ 109.736177203870838, -7.794180708764537, 0.0 ], [ 109.736160324095252, -7.794207229706744, 0.0 ], [ 109.736133680317309, -7.794207549731122, 0.0 ], [ 109.736118071562444, -7.794220864398974, 0.0 ], [ 109.736083264723433, -7.794236287556831, 0.0 ], [ 109.736081035157596, -7.794239732443017, 0.0 ], [ 109.736077574453518, -7.794239691509617, 0.0 ], [ 109.736049507787328, -7.794264127710366, 0.0 ], [ 109.736049468608044, -7.794264143944219, 0.0 ], [ 109.736021447271213, -7.794278936079011, 0.0 ], [ 109.73601387943431, -7.794284408452333, 0.0 ], [ 109.736003507340158, -7.794291908647, 0.0 ], [ 109.735983658957664, -7.794310114932268, 0.0 ], [ 109.735965316044712, -7.79431952520378, 0.0 ], [ 109.735926576300713, -7.794347538153873, 0.0 ], [ 109.735917620511671, -7.794355911907789, 0.0 ], [ 109.735909184808577, -7.794360114108802, 0.0 ], [ 109.735884068593876, -7.794378275944507, 0.0 ], [ 109.735862251040317, -7.794394052383448, 0.0 ], [ 109.735851615844879, -7.794401742777342, 0.0 ], [ 109.735849645363558, -7.794403167643764, 0.0 ], [ 109.735796922304772, -7.794441292166323, 0.0 ], [ 109.735786710405023, -7.794448676508426, 0.0 ], [ 109.73575425764264, -7.794472143331957, 0.0 ], [ 109.735740791037472, -7.794481881182861, 0.0 ], [ 109.7356957834252, -7.794514426571397, 0.0 ], [ 109.735684659760082, -7.794522470148026, 0.0 ], [ 109.735656594117586, -7.7945427646174, 0.0 ], [ 109.735628528472176, -7.794563059184893, 0.0 ], [ 109.735623646586902, -7.794565207976984, 0.0 ], [ 109.735618852427152, -7.794570056009132, 0.0 ], [ 109.735572397174607, -7.794603648008466, 0.0 ], [ 109.735555321709654, -7.794608710974002, 0.0 ], [ 109.735541921241534, -7.794625685428967, 0.0 ], [ 109.735527088412098, -7.794636411205181, 0.0 ], [ 109.735516265866138, -7.794644237059256, 0.0 ], [ 109.735494119651335, -7.794647619340005, 0.0 ], [ 109.735471554082409, -7.794625475341409, 0.0 ], [ 109.735472439126809, -7.794613420211184, 0.0 ], [ 109.735480598203395, -7.794589767385173, 0.0 ], [ 109.735481436829346, -7.794569645759307, 0.0 ], [ 109.735489035675101, -7.794541274667916, 0.0 ], [ 109.735500666844416, -7.794497848717222, 0.0 ], [ 109.735509344705946, -7.794465448697721, 0.0 ], [ 109.735512494492568, -7.794453688635494, 0.0 ], [ 109.735524322333276, -7.794409528754259, 0.0 ], [ 109.735526284607346, -7.794402202386121, 0.0 ], [ 109.735541233621746, -7.794346387925072, 0.0 ], [ 109.735547977588823, -7.794321208567172, 0.0 ], [ 109.735549962792675, -7.794313796698409, 0.0 ], [ 109.735559805354754, -7.794277048612103, 0.0 ], [ 109.735570271761034, -7.794237970759722, 0.0 ], [ 109.735571632968401, -7.794232888510011, 0.0 ], [ 109.735573531263398, -7.79422580092316, 0.0 ], [ 109.735586081064639, -7.794178944535393, 0.0 ], [ 109.735590580663796, -7.794162144870239, 0.0 ], [ 109.735595288344598, -7.794144568462511, 0.0 ], [ 109.73560711602326, -7.794100408435927, 0.0 ], [ 109.73561088982602, -7.794086318710423, 0.0 ], [ 109.735618943785795, -7.794056248489745, 0.0 ], [ 109.735630928664463, -7.794011501134563, 0.0 ], [ 109.735645877736872, -7.793955686664686, 0.0 ], [ 109.735651507641009, -7.793934666864587, 0.0 ], [ 109.735654426712458, -7.793923768314906, 0.0 ], [ 109.735666254378359, -7.793879608284244, 0.0 ], [ 109.735671816775138, -7.793858840697507, 0.0 ], [ 109.735675776218699, -7.79384405772198, 0.0 ], [ 109.73568681947151, -7.793802826133057, 0.0 ], [ 109.735689909713116, -7.793791288233407, 0.0 ], [ 109.735690725275873, -7.793788243248201, 0.0 ], [ 109.735705674324919, -7.793732428773039, 0.0 ], [ 109.735712434533994, -7.793707188840444, 0.0 ], [ 109.735713565004104, -7.793702968146868, 0.0 ], [ 109.73572539265416, -7.793658808112118, 0.0 ], [ 109.735732743640114, -7.793631362666114, 0.0 ], [ 109.735735572769244, -7.793620799819946, 0.0 ], [ 109.735743463466363, -7.793591338709926, 0.0 ], [ 109.735750521759456, -7.793564985340734, 0.0 ], [ 109.735753052414836, -7.793555536812287, 0.0 ], [ 109.735760875526225, -7.79352632794444, 0.0 ], [ 109.735772945434675, -7.793481263620109, 0.0 ], [ 109.735773361330288, -7.79347971080429, 0.0 ], [ 109.735784530847496, -7.79343800791955, 0.0 ], [ 109.735793670420833, -7.793403884609796, 0.0 ], [ 109.735795369235646, -7.793397541896936, 0.0 ], [ 109.735800107388485, -7.793379851268028, 0.0 ], [ 109.735810318186822, -7.793341727412499, 0.0 ], [ 109.73581397913, -7.793328058784254, 0.0 ], [ 109.735820013684389, -7.793305527752613, 0.0 ], [ 109.735831841364927, -7.79326136776573, 0.0 ], [ 109.735834288017386, -7.793252232772257, 0.0 ], [ 109.735840216370136, -7.793230098440502, 0.0 ], [ 109.735855496436798, -7.79317304751987, 0.0 ], [ 109.735867324188632, -7.793128887614968, 0.0 ], [ 109.735874905764106, -7.79310058073782, 0.0 ], [ 109.735879151766341, -7.793084727540361, 0.0 ], [ 109.735890979431034, -7.793040567549355, 0.0 ], [ 109.735895214620285, -7.793024754715317, 0.0 ], [ 109.735900012678982, -7.793006840480948, 0.0 ], [ 109.735913395018358, -7.792956874984014, 0.0 ], [ 109.735914961572902, -7.792951025987251, 0.0 ], [ 109.735915523245197, -7.792948928916436, 0.0 ], [ 109.735926462194683, -7.792908087373305, 0.0 ], [ 109.735935832310872, -7.792873102669616, 0.0 ], [ 109.73593828976901, -7.792863927304332, 0.0 ], [ 109.735944859875332, -7.79283939699761, 0.0 ], [ 109.735959808838174, -7.79278358250023, 0.0 ], [ 109.73596194492049, -7.792775607180202, 0.0 ], [ 109.735970038722144, -7.792745387485874, 0.0 ], [ 109.73597475779907, -7.792727768001639, 0.0 ], [ 109.735976449773347, -7.792721450795079, 0.0 ], [ 109.735985600118354, -7.792687287111248, 0.0 ], [ 109.735997181500522, -7.792644046251999, 0.0 ], [ 109.736004656057844, -7.792616139001506, 0.0 ], [ 109.736019605003548, -7.792560324498947, 0.0 ], [ 109.736021082808961, -7.79255480691566, 0.0 ], [ 109.736027079472919, -7.792532417247172, 0.0 ], [ 109.736034553944179, -7.792504509995064, 0.0 ], [ 109.736037376220409, -7.792493972655254, 0.0 ], [ 109.736044737965756, -7.792466486828768, 0.0 ], [ 109.736056565526965, -7.792422326771145, 0.0 ], [ 109.736057685176817, -7.792418146442379, 0.0 ], [ 109.736064452162395, -7.792392880984501, 0.0 ], [ 109.736079401087821, -7.792337066476705, 0.0 ], [ 109.736080220621233, -7.792334006633906, 0.0 ], [ 109.73609204808902, -7.792289846492591, 0.0 ], [ 109.736098302580203, -7.79226649449048, 0.0 ], [ 109.736103875733875, -7.792245686525852, 0.0 ], [ 109.736115703276113, -7.792201526464135, 0.0 ], [ 109.736118611508559, -7.792190668270408, 0.0 ], [ 109.736124248185845, -7.792169622946589, 0.0 ], [ 109.73613919708788, -7.792113808433627, 0.0 ], [ 109.736139358354194, -7.79211320633172, 0.0 ], [ 109.736151185806136, -7.792069046183069, 0.0 ], [ 109.736159228855797, -7.792039016307267, 0.0 ], [ 109.736163013422669, -7.7920248862025, 0.0 ], [ 109.736169095054379, -7.792002179404228, 0.0 ], [ 109.736184043850841, -7.791946364887028, 0.0 ], [ 109.736186668335549, -7.791936565927142, 0.0 ], [ 109.736198495995382, -7.791892405999347, 0.0 ], [ 109.736199846378156, -7.791887364118197, 0.0 ], [ 109.736210323443913, -7.791848245856378, 0.0 ], [ 109.736213941889801, -7.791834735850104, 0.0 ], [ 109.73622889076141, -7.791778921329271, 0.0 ], [ 109.736233978446336, -7.791759925691377, 0.0 ], [ 109.73624046354432, -7.791735712235861, 0.0 ], [ 109.736245805910187, -7.791715765575178, 0.0 ], [ 109.736257633557301, -7.791671605643301, 0.0 ], [ 109.736258788816713, -7.79166729228465, 0.0 ], [ 109.736258478813653, -7.791662159810476, 0.0 ], [ 109.736258548405317, -7.791616496843147, 0.0 ], [ 109.73625827772662, -7.79161143164791, 0.0 ], [ 109.736253574171343, -7.791581898243074, 0.0 ], [ 109.736249550957396, -7.791559625558763, 0.0 ], [ 109.736248079155729, -7.791555542116345, 0.0 ], [ 109.736239461943441, -7.791541320616406, 0.0 ], [ 109.736232379688175, -7.791520956171044, 0.0 ], [ 109.736212394671, -7.791514163864043, 0.0 ], [ 109.736197794553362, -7.791505379485379, 0.0 ], [ 109.736141695495434, -7.791535384195829, 0.0 ], [ 109.736128757900758, -7.791542303943746, 0.0 ], [ 109.736104805751481, -7.791555114751368, 0.0 ], [ 109.736094113915357, -7.791563572100001, 0.0 ], [ 109.736077575581675, -7.791603005776647, 0.0 ], [ 109.736077305893929, -7.791610891826203, 0.0 ], [ 109.736080717356458, -7.79161561777115, 0.0 ], [ 109.736085426223127, -7.791622141073242, 0.0 ], [ 109.736101177587059, -7.791651026562856, 0.0 ], [ 109.736104997651225, -7.791666833542195, 0.0 ], [ 109.736099268882597, -7.791680797490157, 0.0 ], [ 109.736085133070375, -7.791719885924827, 0.0 ], [ 109.736084285457366, -7.791721791218975, 0.0 ], [ 109.736084175503919, -7.79172263053616, 0.0 ], [ 109.736060859076858, -7.791778420087198, 0.0 ], [ 109.736037542839028, -7.791834209636357, 0.0 ], [ 109.736035252805138, -7.79184067654683, 0.0 ], [ 109.7360287177397, -7.791855325562503, 0.0 ], [ 109.736014226394545, -7.791889999182484, 0.0 ], [ 109.735990910142377, -7.79194578872684, 0.0 ], [ 109.735967593683597, -7.79200157826817, 0.0 ], [ 109.73594409671901, -7.792057800167846, 0.0 ], [ 109.735920960947126, -7.792113157344168, 0.0 ], [ 109.735915889691782, -7.79212529148109, 0.0 ], [ 109.735902980241093, -7.79215618034496, 0.0 ], [ 109.735897644663197, -7.792168946878786, 0.0 ], [ 109.735874328178895, -7.792224736410474, 0.0 ], [ 109.735859475604542, -7.792260274566478, 0.0 ], [ 109.735853487015504, -7.792274603651926, 0.0 ], [ 109.735851011883767, -7.792280525940317, 0.0 ], [ 109.735827695382028, -7.792336315467114, 0.0 ], [ 109.73580437907259, -7.792392104992137, 0.0 ], [ 109.735781062556512, -7.792447894514134, 0.0 ], [ 109.735757746232736, -7.792503684034275, 0.0 ], [ 109.735734429705488, -7.792559473551464, 0.0 ], [ 109.73571111336426, -7.792615263066798, 0.0 ], [ 109.735687796822702, -7.792671052579101, 0.0 ], [ 109.735664480470263, -7.792726842089626, 0.0 ], [ 109.735641163911254, -7.792782631597071, 0.0 ], [ 109.735617847544532, -7.79283842110278, 0.0 ], [ 109.735594530971184, -7.79289421060542, 0.0 ], [ 109.735571214590109, -7.792950000106227, 0.0 ], [ 109.735547898005592, -7.793005789604082, 0.0 ], [ 109.735524581607095, -7.793061579100079, 0.0 ], [ 109.73550126500821, -7.793117368593046, 0.0 ], [ 109.735477948598529, -7.793173158084234, 0.0 ], [ 109.735454631982194, -7.793228947572341, 0.0 ], [ 109.735431315558188, -7.793284737058696, 0.0 ], [ 109.735407884472977, -7.793340800400705, 0.0 ], [ 109.735384682489226, -7.79339631602349, 0.0 ], [ 109.735361365847396, -7.793452105502021, 0.0 ], [ 109.735338049391615, -7.793507894978663, 0.0 ], [ 109.735314732735432, -7.793563684452292, 0.0 ], [ 109.735291416268481, -7.793619473924142, 0.0 ], [ 109.735268099594862, -7.793675263392965, 0.0 ], [ 109.735244783113572, -7.793731052859926, 0.0 ], [ 109.735221466425628, -7.79378684232393, 0.0 ], [ 109.735198149930014, -7.793842631786042, 0.0 ], [ 109.735174833230872, -7.793898421245235, 0.0 ], [ 109.735151516717821, -7.793954210702539, 0.0 ], [ 109.73512820000434, -7.794010000156829, 0.0 ], [ 109.735104883480105, -7.794065789609339, 0.0 ], [ 109.735081566749173, -7.794121579058818, 0.0 ], [ 109.735058250210599, -7.794177368506444, 0.0 ], [ 109.735034933465343, -7.794233157951106, 0.0 ], [ 109.735011616912473, -7.794288947393927, 0.0 ], [ 109.734988300156004, -7.79434473683371, 0.0 ], [ 109.73496498358567, -7.794400526271691, 0.0 ], [ 109.734941666814905, -7.794456315706639, 0.0 ], [ 109.734918350233329, -7.794512105139823, 0.0 ], [ 109.734895033445127, -7.794567894569946, 0.0 ], [ 109.734871716849241, -7.794623683998226, 0.0 ], [ 109.734848400046729, -7.794679473423543, 0.0 ], [ 109.734825083436505, -7.794735262847027, 0.0 ], [ 109.734801766622795, -7.794791052267469, 0.0 ], [ 109.734778449995119, -7.794846841686119, 0.0 ], [ 109.734755133167056, -7.794902631101706, 0.0 ], [ 109.73473181652821, -7.794958420515548, 0.0 ], [ 109.734708499682682, -7.795014209926324, 0.0 ], [ 109.734685183029498, -7.795069999335264, 0.0 ], [ 109.734681752124104, -7.795076898387182, 0.0 ], [ 109.734674790804576, -7.795088019629484, 0.0 ], [ 109.734661516647677, -7.795083181618601, 0.0 ], [ 109.734623399666944, -7.795069814740759, 0.0 ], [ 109.734620151855836, -7.795068496637347, 0.0 ], [ 109.734618840726881, -7.795068231929876, 0.0 ], [ 109.734562892933795, -7.795047685818487, 0.0 ], [ 109.734538007106082, -7.795038546891658, 0.0 ], [ 109.734528283535766, -7.795034976022487, 0.0 ], [ 109.734506945146919, -7.795027139784728, 0.0 ], [ 109.734469794784161, -7.795013496699158, 0.0 ], [ 109.734450997367091, -7.795006593582507, 0.0 ], [ 109.734440200628555, -7.795002628646796, 0.0 ], [ 109.734415029379747, -7.794993384939767, 0.0 ], [ 109.734395049592962, -7.794986047626369, 0.0 ], [ 109.734339101826208, -7.794965501365729, 0.0 ], [ 109.734333044358863, -7.79496327684021, 0.0 ], [ 109.7342920516692, -7.794948222969213, 0.0 ], [ 109.734264035350236, -7.794937934334071, 0.0 ], [ 109.734251059126805, -7.794933168955846, 0.0 ], [ 109.734227206310536, -7.794924409362435, 0.0 ], [ 109.734171258562895, -7.794903863208521, 0.0 ], [ 109.734169074002466, -7.794903060960615, 0.0 ], [ 109.734128081508018, -7.794888006894736, 0.0 ], [ 109.734115310821736, -7.7948833170448, 0.0 ], [ 109.734087336953579, -7.794873043963741, 0.0 ], [ 109.734059363087027, -7.794862770877762, 0.0 ], [ 109.734043467856239, -7.79486050470118, 0.0 ], [ 109.734009732290417, -7.79484454452606, 0.0 ], [ 109.734005103920623, -7.794842844805261, 0.0 ], [ 109.73400341535887, -7.794842224704237, 0.0 ], [ 109.733999969500402, -7.794841075293002, 0.0 ], [ 109.733962452450484, -7.794829435371695, 0.0 ], [ 109.733947460431395, -7.794824076079371, 0.0 ], [ 109.733939258119236, -7.794836189884284, 0.0 ], [ 109.733941368638369, -7.794844340167326, 0.0 ], [ 109.733947379817721, -7.794850898361302, 0.0 ], [ 109.733960276536862, -7.794857277894734, 0.0 ], [ 109.734000759538546, -7.794847151624417, 0.0 ], [ 109.733986511644247, -7.794883599868204, 0.0 ], [ 109.733992709219734, -7.794900352697069, 0.0 ], [ 109.734003206245362, -7.794911804964014, 0.0 ], [ 109.734029094144134, -7.794926323348493, 0.0 ], [ 109.734032996174037, -7.794926577981329, 0.0 ], [ 109.734032642063667, -7.794929883012305, 0.0 ], [ 109.734044049708658, -7.794956365222403, 0.0 ], [ 109.734059032688691, -7.794972711633037, 0.0 ], [ 109.734083402758856, -7.794987991500288, 0.0 ], [ 109.734095390316938, -7.795012377743824, 0.0 ], [ 109.734114859148107, -7.795033618245293, 0.0 ], [ 109.734135382775605, -7.795047845202197, 0.0 ], [ 109.734146730895105, -7.795068390260922, 0.0 ], [ 109.734158206911587, -7.795080910557887, 0.0 ], [ 109.734170685623539, -7.795094524820244, 0.0 ], [ 109.734187653476027, -7.795107410743042, 0.0 ], [ 109.734198071468001, -7.795124402773849, 0.0 ], [ 109.734226512114518, -7.795155431506807, 0.0 ], [ 109.734240183177704, -7.795166719531319, 0.0 ], [ 109.734249412054382, -7.79518041528255, 0.0 ], [ 109.734265186217371, -7.795197624831354, 0.0 ], [ 109.734282338621796, -7.795216338071847, 0.0 ], [ 109.73429294475909, -7.795225798458609, 0.0 ], [ 109.734300752675992, -7.795236427787119, 0.0 ], [ 109.734318675884367, -7.795255981970922, 0.0 ], [ 109.734338165144862, -7.79527724466434, 0.0 ], [ 109.734345914665482, -7.795284670868377, 0.0 ], [ 109.734352093351632, -7.795292440287682, 0.0 ], [ 109.734393991683703, -7.79533815130367, 0.0 ], [ 109.734399072393117, -7.795343357091475, 0.0 ], [ 109.73440343393473, -7.795348452783732, 0.0 ], [ 109.734449818238659, -7.795399057866858, 0.0 ], [ 109.734452400195465, -7.795401874720969, 0.0 ], [ 109.7344547746373, -7.795404465275887, 0.0 ], [ 109.734506115247314, -7.795460477763578, 0.0 ], [ 109.734557455979896, -7.795516490247384, 0.0 ], [ 109.734559849932197, -7.795518122741281, 0.0 ], [ 109.734571860872109, -7.795526912949092, 0.0 ], [ 109.734592267161517, -7.795541677981495, 0.0 ], [ 109.734617359820447, -7.795561198995959, 0.0 ], [ 109.734623743926036, -7.795566165561776, 0.0 ], [ 109.734631405735087, -7.795572570283679, 0.0 ], [ 109.734673271307358, -7.795593853510494, 0.0 ], [ 109.734729195493415, -7.795622283660763, 0.0 ], [ 109.734733881592206, -7.795624056723196, 0.0 ], [ 109.734741934122439, -7.795628759600159, 0.0 ], [ 109.734770610339638, -7.795643337729411, 0.0 ], [ 109.734813081788204, -7.795664928908523, 0.0 ], [ 109.73484104389064, -7.795679143991257, 0.0 ], [ 109.734845534712633, -7.795680445544583, 0.0 ], [ 109.734852462564504, -7.795684948892419, 0.0 ], [ 109.734896968101992, -7.795707574126119, 0.0 ], [ 109.734919438867763, -7.795718564758577, 0.0 ], [ 109.734942130640789, -7.795730326078675, 0.0 ], [ 109.734952892935596, -7.795735799876629, 0.0 ], [ 109.734957228598901, -7.795736793956673, 0.0 ], [ 109.73496299101464, -7.795741138160383, 0.0 ], [ 109.735008816549836, -7.795764434419297, 0.0 ], [ 109.735032239859962, -7.795773815644452, 0.0 ], [ 109.7350532423918, -7.795785778119891, 0.0 ], [ 109.735064744451009, -7.795791644312815, 0.0 ], [ 109.735069179076476, -7.795792888010219, 0.0 ], [ 109.735073519500816, -7.795797327404062, 0.0 ], [ 109.735120665031403, -7.795821294690865, 0.0 ], [ 109.735145169512904, -7.795828938990847, 0.0 ], [ 109.735163914167586, -7.795840788675584, 0.0 ], [ 109.735176596611311, -7.795847285051867, 0.0 ], [ 109.73518117259249, -7.795848939400632, 0.0 ], [ 109.735184048104045, -7.795853516623691, 0.0 ], [ 109.735216230271533, -7.795869877039414, 0.0 ], [ 109.735232513546677, -7.795878154937563, 0.0 ], [ 109.73525825582972, -7.795883907030905, 0.0 ], [ 109.735273586555252, -7.795894796489027, 0.0 ], [ 109.735288450172007, -7.795902470412461, 0.0 ], [ 109.735293978501531, -7.795904185429641, 0.0 ], [ 109.735297726753274, -7.795909715226823, 0.0 ], [ 109.735331886693714, -7.79592229719759, 0.0 ], [ 109.735344381164339, -7.795928664423506, 0.0 ], [ 109.735369955783156, -7.795935457146228, 0.0 ], [ 109.735375493689205, -7.795934759418456, 0.0 ], [ 109.735400308009858, -7.79595624217698, 0.0 ], [ 109.735408542986107, -7.795957688086427, 0.0 ], [ 109.735415797831763, -7.795965926921189, 0.0 ], [ 109.735449787672408, -7.795972492202221, 0.0 ], [ 109.735456258934136, -7.795975802666152, 0.0 ], [ 109.735470945921733, -7.795980753937055, 0.0 ], [ 109.735503911402901, -7.795974528582208, 0.0 ], [ 109.735512200019173, -7.795998642555145, 0.0 ], [ 109.735532622541626, -7.795986607364763, 0.0 ], [ 109.735547379572225, -7.795966319844139, 0.0 ] ] } },
{ "type": "Feature", "properties": { "Id": 99, "Contour": 13.0, "Skor": 1.0, "Shape_Leng": 739.34020954899995 }, "geometry": { "type": "LineString", "coordinates": [ [ 109.737707938283108, -7.787580075488817, 0.0 ], [ 109.73772179157659, -7.787580949475566, 0.0 ], [ 109.737730334775563, -7.787546519578227, 0.0 ], [ 109.737733326441301, -7.787538110877415, 0.0 ], [ 109.737737049764817, -7.787523077271303, 0.0 ], [ 109.737737035835778, -7.787497216359007, 0.0 ], [ 109.737744291517288, -7.78748228437426, 0.0 ], [ 109.737755337480323, -7.787459552069358, 0.0 ], [ 109.737778199572276, -7.787447524975033, 0.0 ], [ 109.737785836216972, -7.787434125189389, 0.0 ], [ 109.737787674618417, -7.787426554396851, 0.0 ], [ 109.73779066208553, -7.78741423341583, 0.0 ], [ 109.737795102172541, -7.787387395350643, 0.0 ], [ 109.737800037825551, -7.787370732053315, 0.0 ], [ 109.737807477481837, -7.787343785147091, 0.0 ], [ 109.737813434265604, -7.787335964297554, 0.0 ], [ 109.737829426241646, -7.787309780036596, 0.0 ], [ 109.73783462536268, -7.787308141833905, 0.0 ], [ 109.737853492870542, -7.787277899797912, 0.0 ], [ 109.737858368242556, -7.78725918741349, 0.0 ], [ 109.737863124317698, -7.787231536668542, 0.0 ], [ 109.737863372199399, -7.787230763147667, 0.0 ], [ 109.737869428054253, -7.787203361184704, 0.0 ], [ 109.737874542782663, -7.787186966469615, 0.0 ], [ 109.737891051109713, -7.787168758633047, 0.0 ], [ 109.737904929440148, -7.787161427151241, 0.0 ], [ 109.737912388238882, -7.787147629927561, 0.0 ], [ 109.737923887158857, -7.787124421127457, 0.0 ], [ 109.737924399594945, -7.78711456790452, 0.0 ], [ 109.737930544165607, -7.787091824821145, 0.0 ], [ 109.737932325687311, -7.787076861148038, 0.0 ], [ 109.73794184642162, -7.787041578261596, 0.0 ], [ 109.737942711795696, -7.78703600188585, 0.0 ], [ 109.737943963905707, -7.787032511433376, 0.0 ], [ 109.737947476813048, -7.787029375466341, 0.0 ], [ 109.737958223907597, -7.787025341668994, 0.0 ], [ 109.737999322258403, -7.78703202635433, 0.0 ], [ 109.738003545254017, -7.78700935283241, 0.0 ], [ 109.738007087056971, -7.787032591804965, 0.0 ], [ 109.738008386967252, -7.787041121020698, 0.0 ], [ 109.738014460854643, -7.787080974370983, 0.0 ], [ 109.73801846710154, -7.787107260853891, 0.0 ], [ 109.738021834709429, -7.787129356878872, 0.0 ], [ 109.738024670590136, -7.787147964190931, 0.0 ], [ 109.738033187825863, -7.787203848705871, 0.0 ], [ 109.73803658241205, -7.787226121904498, 0.0 ], [ 109.738038627542466, -7.78723954069589, 0.0 ], [ 109.738043956263041, -7.787274504418991, 0.0 ], [ 109.73804870769375, -7.787305680542307, 0.0 ], [ 109.738050222191475, -7.787315617735599, 0.0 ], [ 109.738051841033666, -7.787322380410255, 0.0 ], [ 109.738058560724824, -7.787341172108947, 0.0 ], [ 109.738073742258763, -7.787330797826436, 0.0 ], [ 109.738097793464803, -7.787315759345911, 0.0 ], [ 109.738106939604734, -7.787308078467864, 0.0 ], [ 109.738114675868388, -7.787305557386156, 0.0 ], [ 109.738170797074247, -7.787267913886211, 0.0 ], [ 109.738175468195237, -7.787264780704207, 0.0 ], [ 109.738182369061605, -7.78726015193437, 0.0 ], [ 109.738339160635633, -7.787154983331726, 0.0 ], [ 109.738342805231824, -7.787152538693912, 0.0 ], [ 109.738348189566139, -7.787148927137228, 0.0 ], [ 109.738395281804017, -7.787117339795389, 0.0 ], [ 109.738409740005721, -7.787107641847657, 0.0 ], [ 109.738431099786155, -7.787093314708874, 0.0 ], [ 109.738507524112691, -7.787042052695398, 0.0 ], [ 109.738510142185092, -7.78704029660266, 0.0 ], [ 109.738514009988876, -7.787037702260628, 0.0 ], [ 109.738563645252967, -7.787004409131738, 0.0 ], [ 109.738577076925694, -7.786995399724072, 0.0 ], [ 109.738596920168021, -7.786982089792578, 0.0 ], [ 109.738619766383877, -7.78696676555898, 0.0 ], [ 109.738644011652966, -7.786950502835741, 0.0 ], [ 109.738667627640268, -7.786934662310443, 0.0 ], [ 109.738677479055113, -7.786928054427325, 0.0 ], [ 109.738679830329829, -7.786926477304602, 0.0 ], [ 109.738732008617617, -7.786891478386174, 0.0 ], [ 109.738744413762376, -7.786883157522808, 0.0 ], [ 109.738762740468061, -7.786870864796754, 0.0 ], [ 109.738788129720433, -7.786853834786111, 0.0 ], [ 109.738811348456323, -7.786838260598858, 0.0 ], [ 109.73884481584183, -7.786815812177546, 0.0 ], [ 109.738878283115213, -7.786793363642508, 0.0 ], [ 109.738900371898239, -7.786778547455056, 0.0 ], [ 109.738928560689473, -7.786759639721557, 0.0 ], [ 109.738956492972662, -7.786740903931333, 0.0 ], [ 109.738978685176406, -7.786726018281112, 0.0 ], [ 109.739012614037975, -7.786703260294869, 0.0 ], [ 109.739045619808195, -7.786681121298821, 0.0 ], [ 109.739079087154821, -7.78665867283537, 0.0 ], [ 109.739112554404898, -7.786636224280929, 0.0 ], [ 109.739146021744858, -7.786613775814202, 0.0 ], [ 109.739179488988242, -7.786591327250037, 0.0 ], [ 109.739237098205933, -7.786552685573813, 0.0 ], [ 109.739246423744746, -7.786546430394632, 0.0 ], [ 109.739279890978182, -7.786523981820759, 0.0 ], [ 109.739313358301473, -7.786501533337836, 0.0 ], [ 109.739346825531314, -7.786479084760751, 0.0 ], [ 109.739349340234142, -7.786477397999988, 0.0 ], [ 109.739364208405007, -7.78646684234882, 0.0 ], [ 109.739379689371219, -7.786456030801782, 0.0 ], [ 109.739405471992896, -7.786436155079021, 0.0 ], [ 109.739410787986387, -7.786431205796591, 0.0 ], [ 109.73941449357865, -7.786425929745194, 0.0 ], [ 109.739405625043773, -7.786384954422434, 0.0 ], [ 109.739402623228557, -7.78637306452363, 0.0 ], [ 109.7394023958703, -7.786370034583953, 0.0 ], [ 109.739401490498039, -7.786365851415967, 0.0 ], [ 109.739393051715794, -7.786326860619456, 0.0 ], [ 109.739390298425789, -7.786314139423451, 0.0 ], [ 109.739378002327754, -7.786257326323049, 0.0 ], [ 109.739373203135315, -7.786235152318547, 0.0 ], [ 109.739370512041077, -7.786222718303373, 0.0 ], [ 109.739363278851869, -7.786189298161653, 0.0 ], [ 109.739355022566016, -7.786151151495373, 0.0 ], [ 109.739353354444788, -7.786143444127458, 0.0 ], [ 109.73934190844102, -7.786090558781106, 0.0 ], [ 109.739321294927848, -7.786063841836482, 0.0 ], [ 109.739294639609867, -7.786039909143804, 0.0 ], [ 109.739291816188725, -7.786037374104972, 0.0 ], [ 109.739287223387635, -7.786034536990179, 0.0 ], [ 109.73925297607606, -7.78602018729404, 0.0 ], [ 109.739238700155695, -7.786016842117705, 0.0 ], [ 109.739218212105598, -7.786013889515643, 0.0 ], [ 109.739206643687453, -7.786010428377041, 0.0 ], [ 109.739182718136547, -7.786008015125415, 0.0 ], [ 109.739155655360349, -7.786005285384763, 0.0 ], [ 109.739153873622925, -7.786005364890967, 0.0 ], [ 109.739126723977606, -7.786003249767074, 0.0 ], [ 109.739103368042308, -7.786001430212131, 0.0 ], [ 109.739094418919734, -7.78600174015838, 0.0 ], [ 109.73904974830414, -7.785998896004926, 0.0 ], [ 109.739036123978764, -7.785999279007267, 0.0 ], [ 109.738995403190387, -7.785997080934968, 0.0 ], [ 109.738978487729852, -7.785997478707404, 0.0 ], [ 109.738958718800276, -7.7859965504157, 0.0 ], [ 109.738940619643287, -7.78599570052399, 0.0 ], [ 109.738921261419875, -7.785996089697725, 0.0 ], [ 109.738902714087175, -7.785995317479332, 0.0 ], [ 109.738885550852544, -7.785994602898458, 0.0 ], [ 109.738864307585743, -7.785994974049838, 0.0 ], [ 109.73884670868712, -7.785994314776003, 0.0 ], [ 109.738830289474052, -7.785993696200562, 0.0 ], [ 109.73880753182911, -7.785994037063393, 0.0 ], [ 109.73879070284687, -7.785993459742738, 0.0 ], [ 109.738747556800249, -7.78598989022278, 0.0 ], [ 109.738671912943047, -7.785983632144378, 0.0 ], [ 109.738620063736136, -7.78597934258668, 0.0 ], [ 109.738586848979153, -7.78597659469934, 0.0 ], [ 109.738571427439808, -7.785971867734867, 0.0 ], [ 109.738560998484118, -7.785970794500728, 0.0 ], [ 109.738524576993584, -7.78596262238383, 0.0 ], [ 109.738510756389047, -7.785961529199787, 0.0 ], [ 109.738494652302904, -7.785960255411668, 0.0 ], [ 109.738474407471756, -7.785956667571928, 0.0 ], [ 109.738432545385507, -7.785953969583919, 0.0 ], [ 109.738422446487164, -7.785952488817251, 0.0 ], [ 109.738398770524327, -7.785951197783984, 0.0 ], [ 109.738372513879909, -7.785949766009862, 0.0 ], [ 109.738369408942447, -7.785949377360084, 0.0 ], [ 109.738338789780229, -7.785947927042404, 0.0 ], [ 109.738315794481778, -7.785946837857058, 0.0 ], [ 109.738313794077271, -7.785946878469713, 0.0 ], [ 109.738286770074851, -7.785945744809834, 0.0 ], [ 109.738261778526706, -7.785944696388992, 0.0 ], [ 109.738255881030355, -7.785944800338126, 0.0 ], [ 109.738230767355077, -7.785943853222437, 0.0 ], [ 109.738207344028183, -7.785942969861273, 0.0 ], [ 109.738198353737189, -7.785943109224599, 0.0 ], [ 109.738174763624784, -7.785942299936565, 0.0 ], [ 109.738153558205255, -7.785940600227514, 0.0 ], [ 109.738138887404375, -7.785939472654646, 0.0 ], [ 109.738118768504705, -7.785937869531697, 0.0 ], [ 109.738101578263908, -7.785936440241784, 0.0 ], [ 109.738078086923878, -7.785934497511671, 0.0 ], [ 109.738062774026687, -7.785933225330387, 0.0 ], [ 109.738050028426443, -7.785931853843986, 0.0 ], [ 109.738016948755771, -7.785929183558104, 0.0 ], [ 109.738006780870805, -7.785928140100819, 0.0 ], [ 109.737998471710895, -7.785927274259176, 0.0 ], [ 109.737955787120853, -7.785923846047579, 0.0 ], [ 109.737950786844607, -7.785923346540004, 0.0 ], [ 109.737946193288636, -7.785923410171374, 0.0 ], [ 109.737912666660606, -7.785918729246621, 0.0 ], [ 109.73789934158772, -7.785914166026353, 0.0 ], [ 109.73789480765916, -7.785913594692049, 0.0 ], [ 109.737889029099151, -7.785912893626143, 0.0 ], [ 109.737853337074029, -7.785904081977121, 0.0 ], [ 109.737838831745108, -7.7859027509728, 0.0 ], [ 109.737822416307225, -7.785902086902801, 0.0 ], [ 109.737802818622598, -7.785898473043575, 0.0 ], [ 109.737782838019342, -7.785897859956988, 0.0 ], [ 109.737764537314362, -7.785900042852322, 0.0 ], [ 109.737741797697765, -7.7859032762608, 0.0 ], [ 109.737726807865272, -7.785905140842057, 0.0 ], [ 109.737714864300486, -7.785906231916665, 0.0 ], [ 109.737679468298097, -7.785918035029544, 0.0 ], [ 109.737679291329016, -7.785926567668936, 0.0 ], [ 109.7376784722574, -7.78596605706162, 0.0 ], [ 109.737678152964364, -7.785981451943899, 0.0 ], [ 109.7376772929873, -7.786022919089364, 0.0 ], [ 109.737677151388027, -7.78602974644368, 0.0 ], [ 109.737675992849717, -7.786085602150196, 0.0 ], [ 109.737675876323962, -7.786091220584315, 0.0 ], [ 109.737674934176724, -7.786136643409023, 0.0 ], [ 109.737674737945667, -7.786146104849001, 0.0 ], [ 109.737673754914468, -7.786193505426475, 0.0 ], [ 109.737672517390976, -7.786253169269096, 0.0 ], [ 109.737671396085219, -7.786307229754613, 0.0 ], [ 109.73767132291394, -7.786310757755618, 0.0 ], [ 109.737670200462958, -7.786364880680883, 0.0 ], [ 109.73766788336998, -7.786476592091386, 0.0 ], [ 109.737666724972385, -7.786532447796793, 0.0 ], [ 109.737665631224516, -7.786585179320255, 0.0 ], [ 109.737665566429925, -7.786588303501574, 0.0 ], [ 109.737664407876679, -7.78664415920617, 0.0 ], [ 109.737664319869609, -7.786648402427408, 0.0 ], [ 109.737663354558535, -7.78669494796297, 0.0 ], [ 109.737663140590271, -7.786705264446246, 0.0 ], [ 109.737662216167408, -7.786749832228855, 0.0 ], [ 109.737662090927628, -7.786755870615186, 0.0 ], [ 109.737660932372947, -7.786811726319204, 0.0 ], [ 109.737660781745561, -7.786818988757835, 0.0 ], [ 109.737659939483393, -7.786859600863936, 0.0 ], [ 109.737659602452169, -7.786875850785754, 0.0 ], [ 109.737658801097254, -7.786914485135736, 0.0 ], [ 109.737658615414986, -7.786923437727046, 0.0 ], [ 109.737657456852673, -7.786979293430469, 0.0 ], [ 109.737657243604374, -7.78698957508966, 0.0 ], [ 109.737656524395234, -7.787024253759959, 0.0 ], [ 109.737656064296928, -7.787046437123426, 0.0 ], [ 109.737655386010985, -7.787079138040893, 0.0 ], [ 109.737655139885703, -7.787091004837138, 0.0 ], [ 109.73765398132204, -7.787146860539946, 0.0 ], [ 109.737653705452345, -7.787160161416438, 0.0 ], [ 109.737653109294072, -7.787188906654245, 0.0 ], [ 109.737652526130901, -7.787217023459308, 0.0 ], [ 109.737651970914825, -7.787243790944409, 0.0 ], [ 109.737651664346046, -7.78725857194548, 0.0 ], [ 109.737649347205121, -7.78737028334972, 0.0 ], [ 109.737648188789819, -7.78742613905205, 0.0 ], [ 109.737645871639884, -7.787537850455115, 0.0 ], [ 109.737644713223176, -7.787593706156834, 0.0 ], [ 109.73764239606426, -7.787705417558763, 0.0 ], [ 109.737655023479519, -7.787715783370825, 0.0 ], [ 109.737665382242042, -7.787714807372762, 0.0 ], [ 109.737667653944627, -7.787707737304799, 0.0 ], [ 109.737668536896692, -7.787705495404489, 0.0 ], [ 109.737669435268899, -7.78770149561643, 0.0 ], [ 109.737669429964143, -7.787653492757885, 0.0 ], [ 109.737674600879345, -7.78764068160013, 0.0 ], [ 109.737674436308268, -7.78760248921157, 0.0 ], [ 109.737692475390631, -7.787593848386047, 0.0 ], [ 109.737707938283108, -7.787580075488817, 0.0 ] ] } },
{ "type": "Feature", "properties": { "Id": 39, "Contour": 18.0, "Skor": 2.0, "Shape_Leng": 428.03297469500001 }, "geometry": { "type": "LineString", "coordinates": [ [ 109.737145699724636, -7.792618631312219, 0.0 ], [ 109.737137389419885, -7.792572993145465, 0.0 ], [ 109.737137965663621, -7.79256365977363, 0.0 ], [ 109.737146877285682, -7.792530386891745, 0.0 ], [ 109.737153797932947, -7.79251470306478, 0.0 ], [ 109.737152914724433, -7.792507845207338, 0.0 ], [ 109.737167863777003, -7.792452030639783, 0.0 ], [ 109.737175388079578, -7.792423936844381, 0.0 ], [ 109.737187136486156, -7.792380071870421, 0.0 ], [ 109.737195696331241, -7.792348111047024, 0.0 ], [ 109.737197761159536, -7.792340401498568, 0.0 ], [ 109.737203520305727, -7.792318898834308, 0.0 ], [ 109.737210791306239, -7.792291751589283, 0.0 ], [ 109.737212710200041, -7.792284586927106, 0.0 ], [ 109.737227659235529, -7.792228772354307, 0.0 ], [ 109.737234446231724, -7.792203431421777, 0.0 ], [ 109.737236313853742, -7.792196458398921, 0.0 ], [ 109.737246273692833, -7.792159271341719, 0.0 ], [ 109.737256622002334, -7.792120632665415, 0.0 ], [ 109.737257556577518, -7.792117143202696, 0.0 ], [ 109.737260163253055, -7.792107410754865, 0.0 ], [ 109.737269928456314, -7.792070951026427, 0.0 ], [ 109.737272505594646, -7.792061328625957, 0.0 ], [ 109.737287454609813, -7.792005514047969, 0.0 ], [ 109.737293583346982, -7.791982630850745, 0.0 ], [ 109.737297239543707, -7.791968979931883, 0.0 ], [ 109.737302403436061, -7.791949699468097, 0.0 ], [ 109.737301622301302, -7.791934669771514, 0.0 ], [ 109.737299133258148, -7.791911409841494, 0.0 ], [ 109.73729832561078, -7.791893828181437, 0.0 ], [ 109.737280525020097, -7.791782056863077, 0.0 ], [ 109.737277873481503, -7.791765408219037, 0.0 ], [ 109.737273581193861, -7.791738456441993, 0.0 ], [ 109.737270213299155, -7.79171730966195, 0.0 ], [ 109.737262960956684, -7.791671774590541, 0.0 ], [ 109.737262723804605, -7.791670285542994, 0.0 ], [ 109.737182621230389, -7.791167314613414, 0.0 ], [ 109.73717372031733, -7.791111428952903, 0.0 ], [ 109.737164820038146, -7.791055543294392, 0.0 ], [ 109.73716894261301, -7.791038009522031, 0.0 ], [ 109.737161449583638, -7.791009662494199, 0.0 ], [ 109.73717233052011, -7.790999706545242, 0.0 ], [ 109.737193525309081, -7.790985817580838, 0.0 ], [ 109.737207500714788, -7.790990545016459, 0.0 ], [ 109.73721103942168, -7.790996275548641, 0.0 ], [ 109.737213233426431, -7.790999828446397, 0.0 ], [ 109.737220228561071, -7.791012609007419, 0.0 ], [ 109.737230519216553, -7.791032656360908, 0.0 ], [ 109.737245253871279, -7.791055783007198, 0.0 ], [ 109.737249254468367, -7.791069775302919, 0.0 ], [ 109.737263239311361, -7.791080805752047, 0.0 ], [ 109.737275035938268, -7.791099908760614, 0.0 ], [ 109.737296367922028, -7.791134453357159, 0.0 ], [ 109.737313530111678, -7.791162245152302, 0.0 ], [ 109.737316907767649, -7.791167714812082, 0.0 ], [ 109.737317403927392, -7.791169291382382, 0.0 ], [ 109.737318977927899, -7.791171067134668, 0.0 ], [ 109.737351466060332, -7.791223676931483, 0.0 ], [ 109.737360364417796, -7.791238086623696, 0.0 ], [ 109.737381696380055, -7.791272631253488, 0.0 ], [ 109.737386023875246, -7.791279639047904, 0.0 ], [ 109.737430455229145, -7.791351589111004, 0.0 ], [ 109.737445692955021, -7.791376264471205, 0.0 ], [ 109.737467024964502, -7.791410809063199, 0.0 ], [ 109.737486193911565, -7.79144185048195, 0.0 ], [ 109.737524256677901, -7.791503487503139, 0.0 ], [ 109.737531021556222, -7.791514442296712, 0.0 ], [ 109.737552353544189, -7.791548986921969, 0.0 ], [ 109.737558814534978, -7.791559449612062, 0.0 ], [ 109.73759767134456, -7.791622372431777, 0.0 ], [ 109.737616350174463, -7.791652620145371, 0.0 ], [ 109.737637682212778, -7.791687164729617, 0.0 ], [ 109.737653410092804, -7.791712633791073, 0.0 ], [ 109.73766248912932, -7.791727335932968, 0.0 ], [ 109.737676911334788, -7.791750931619752, 0.0 ], [ 109.737680241237484, -7.791756358054923, 0.0 ], [ 109.737696500531058, -7.79178329640783, 0.0 ], [ 109.737701163310945, -7.791791309078627, 0.0 ], [ 109.737709139238618, -7.791806108246905, 0.0 ], [ 109.737719921947388, -7.791828404892933, 0.0 ], [ 109.737725162229097, -7.791839240942783, 0.0 ], [ 109.737764803616784, -7.791921213545852, 0.0 ], [ 109.737779266487124, -7.791951120419517, 0.0 ], [ 109.737792941100324, -7.791979397082511, 0.0 ], [ 109.737806318884211, -7.792007060157585, 0.0 ], [ 109.737833370975935, -7.792062999893965, 0.0 ], [ 109.737836192909597, -7.792078818017383, 0.0 ], [ 109.737834949046373, -7.792104218680138, 0.0 ], [ 109.737839599570378, -7.792118877593915, 0.0 ], [ 109.737820178677552, -7.792132921196152, 0.0 ], [ 109.737795918768768, -7.792150464090585, 0.0 ], [ 109.73776346649943, -7.792173931327996, 0.0 ], [ 109.737608808277486, -7.792285767387019, 0.0 ], [ 109.737595655528352, -7.792295278453554, 0.0 ], [ 109.737568751602723, -7.792314733453429, 0.0 ], [ 109.737560159764513, -7.792320946386753, 0.0 ], [ 109.737539524714563, -7.792335868035417, 0.0 ], [ 109.73745494756443, -7.792397027162975, 0.0 ], [ 109.737438941551289, -7.792408601424326, 0.0 ], [ 109.737427263058308, -7.792417046468688, 0.0 ], [ 109.737378017549943, -7.792452657026014, 0.0 ], [ 109.737315001360628, -7.792498225017178, 0.0 ], [ 109.737308554579116, -7.792501890578153, 0.0 ], [ 109.737301086777521, -7.792508286869449, 0.0 ], [ 109.737258870496959, -7.792538814105938, 0.0 ], [ 109.737241170645561, -7.792546337481736, 0.0 ], [ 109.737224156440902, -7.792563916696921, 0.0 ], [ 109.737211774208447, -7.792572870636854, 0.0 ], [ 109.737202739621367, -7.792579403723034, 0.0 ], [ 109.737180902134511, -7.792585548357994, 0.0 ], [ 109.73716359257206, -7.792580556609465, 0.0 ], [ 109.737149201771857, -7.792616975330131, 0.0 ], [ 109.737147225910476, -7.792619546506483, 0.0 ], [ 109.737146608737177, -7.792619992793247, 0.0 ], [ 109.737146085429828, -7.792620064797311, 0.0 ], [ 109.737145606240475, -7.792619541678293, 0.0 ], [ 109.737145699724636, -7.792618631312219, 0.0 ] ] } },
{ "type": "Feature", "properties": { "Id": 102, "Contour": 12.0, "Skor": 1.0, "Shape_Leng": 1421.8310232900001 }, "geometry": { "type": "MultiLineString", "coordinates": [ [ [ 109.743349453356998, -7.788004286605386, 0.0 ], [ 109.743349398129837, -7.788004435534973, 0.0 ], [ 109.743329730777319, -7.788057471718205, 0.0 ], [ 109.743327434070665, -7.788063665171684, 0.0 ], [ 109.743312291762948, -7.788104499044636, 0.0 ], [ 109.743297149414474, -7.788145332877543, 0.0 ], [ 109.743282007084289, -7.78818616672887, 0.0 ], [ 109.74326686471953, -7.788227000553097, 0.0 ], [ 109.743251722401041, -7.788267834418481, 0.0 ], [ 109.743236472888611, -7.788308957205452, 0.0 ], [ 109.743221437697628, -7.788349502100476, 0.0 ], [ 109.743191152933647, -7.78843116972943, 0.0 ], [ 109.743176010579077, -7.788472003576428, 0.0 ], [ 109.743164199114446, -7.78850385505267, 0.0 ], [ 109.743160868199297, -7.788512837396297, 0.0 ], [ 109.743145725853282, -7.788553671257325, 0.0 ], [ 109.743138723291509, -7.78857255477124, 0.0 ], [ 109.743130583463412, -7.788594505071814, 0.0 ], [ 109.743115441094929, -7.788635338914418, 0.0 ], [ 109.743102124646867, -7.788671248769675, 0.0 ], [ 109.743100298698067, -7.788676172726737, 0.0 ], [ 109.74308515633814, -7.788717006583386, 0.0 ], [ 109.743081433173728, -7.788727046671353, 0.0 ], [ 109.743060741603742, -7.788782844570784, 0.0 ], [ 109.743054871508406, -7.788798674189572, 0.0 ], [ 109.743039729138076, -7.78883950803973, 0.0 ], [ 109.743024586714469, -7.788880341843344, 0.0 ], [ 109.743009012810788, -7.788922339310921, 0.0 ], [ 109.742994301909732, -7.788962009489611, 0.0 ], [ 109.742979159525419, -7.789002843338679, 0.0 ], [ 109.742975421807728, -7.789012922657304, 0.0 ], [ 109.742964017091055, -7.78904367713794, 0.0 ], [ 109.742948874687372, -7.789084510968628, 0.0 ], [ 109.742942761431735, -7.78910099624779, 0.0 ], [ 109.74293373225224, -7.789125344772189, 0.0 ], [ 109.742915900889884, -7.789173429811218, 0.0 ], [ 109.742895209264745, -7.789229227694425, 0.0 ], [ 109.74288830494767, -7.78924784619923, 0.0 ], [ 109.742874517720395, -7.789285025575829, 0.0 ], [ 109.742864171917716, -7.789312924515662, 0.0 ], [ 109.742858020077136, -7.789329513822662, 0.0 ], [ 109.74284478027225, -7.789365216927532, 0.0 ], [ 109.742842877645941, -7.789370347648974, 0.0 ], [ 109.74282773519576, -7.789411181451497, 0.0 ], [ 109.742813001509106, -7.789450913070507, 0.0 ], [ 109.742812570906324, -7.789451993348149, 0.0 ], [ 109.742812068550322, -7.789453341341265, 0.0 ], [ 109.742797045411777, -7.789492442857276, 0.0 ], [ 109.742791375644231, -7.789508215966299, 0.0 ], [ 109.742782077705385, -7.789533451985396, 0.0 ], [ 109.742779148580382, -7.789541672190968, 0.0 ], [ 109.742771059763911, -7.789564014952097, 0.0 ], [ 109.74275653845325, -7.789603173619353, 0.0 ], [ 109.742751503471055, -7.789614829336199, 0.0 ], [ 109.74274949504364, -7.789619810231035, 0.0 ], [ 109.742744823265042, -7.789631396294677, 0.0 ], [ 109.742735223770239, -7.789654522178614, 0.0 ], [ 109.742727049016992, -7.789675602893336, 0.0 ], [ 109.742719582960916, -7.789694856003359, 0.0 ], [ 109.742709859351208, -7.789721753489915, 0.0 ], [ 109.742704596002227, -7.789735845832698, 0.0 ], [ 109.742700095247116, -7.78974876299946, 0.0 ], [ 109.742684436537061, -7.789787194974234, 0.0 ], [ 109.742673453356744, -7.789813540358691, 0.0 ], [ 109.742672529944841, -7.789815726490558, 0.0 ], [ 109.742661374297768, -7.789842985801673, 0.0 ], [ 109.742656172565958, -7.789855341410013, 0.0 ], [ 109.742643673203972, -7.789887242246069, 0.0 ], [ 109.742638972815215, -7.789898778587188, 0.0 ], [ 109.742548045511768, -7.790121945785848, 0.0 ], [ 109.742530828987569, -7.79016420087455, 0.0 ], [ 109.742523985462071, -7.790170928429854, 0.0 ], [ 109.742516504659704, -7.790177711440107, 0.0 ], [ 109.742494652559557, -7.790197525312448, 0.0 ], [ 109.742474670698201, -7.790214231008284, 0.0 ], [ 109.742457932069939, -7.790216710388377, 0.0 ], [ 109.742431346164153, -7.790220648305872, 0.0 ], [ 109.742409273082728, -7.790223917824181, 0.0 ], [ 109.74236530253286, -7.79023043095925, 0.0 ], [ 109.742360614237697, -7.790231125400277, 0.0 ], [ 109.742311955217872, -7.79023833279188, 0.0 ], [ 109.74230656930385, -7.790239130566309, 0.0 ], [ 109.742082434097711, -7.790272329531408, 0.0 ], [ 109.742068660187599, -7.790274369753078, 0.0 ], [ 109.74203508563626, -7.79027934279859, 0.0 ], [ 109.742026400293497, -7.790280629285665, 0.0 ], [ 109.741977779421219, -7.790287830963244, 0.0 ], [ 109.74196904227756, -7.7902891251096, 0.0 ], [ 109.741922683282425, -7.790295991980334, 0.0 ], [ 109.741902998629854, -7.790298907693883, 0.0 ], [ 109.741874024283476, -7.790303199348448, 0.0 ], [ 109.741858298874178, -7.790305528624837, 0.0 ], [ 109.741634163634629, -7.790338727338186, 0.0 ], [ 109.741630729217789, -7.79033923604604, 0.0 ], [ 109.741606146728543, -7.790342877168993, 0.0 ], [ 109.741578129822145, -7.790347026997899, 0.0 ], [ 109.741572781669944, -7.790347819171774, 0.0 ], [ 109.74153341132147, -7.790353650819844, 0.0 ], [ 109.74152209600804, -7.790355326844142, 0.0 ], [ 109.741466062193552, -7.79036362644946, 0.0 ], [ 109.741440694671383, -7.790367383886918, 0.0 ], [ 109.741436093285287, -7.790368065433821, 0.0 ], [ 109.741410028377658, -7.790371926183047, 0.0 ], [ 109.741241926924531, -7.790396825042436, 0.0 ], [ 109.741241480418836, -7.790396917876708, 0.0 ], [ 109.741239934702961, -7.790397358323028, 0.0 ], [ 109.741241350952905, -7.790397933659277, 0.0 ], [ 109.741241922366711, -7.790398351222746, 0.0 ], [ 109.741244510165671, -7.790399957576308, 0.0 ], [ 109.741280233988746, -7.790415078284808, 0.0 ], [ 109.74129777919805, -7.790449318041419, 0.0 ], [ 109.741299158515631, -7.790452009817487, 0.0 ], [ 109.741299121758246, -7.790453393353012, 0.0 ], [ 109.741332059806524, -7.790475084761864, 0.0 ], [ 109.741365814395422, -7.790497313744412, 0.0 ], [ 109.741384327624559, -7.790509505658286, 0.0 ], [ 109.741409567924094, -7.790526127741747, 0.0 ], [ 109.741433323381514, -7.790541771906422, 0.0 ], [ 109.741457710845197, -7.790557832161645, 0.0 ], [ 109.741467077997484, -7.790564000866368, 0.0 ], [ 109.741500832507853, -7.790586229937228, 0.0 ], [ 109.741534587118934, -7.790608458905767, 0.0 ], [ 109.741554739429859, -7.790621730228044, 0.0 ], [ 109.741577265358572, -7.790636564738301, 0.0 ], [ 109.741633164524558, -7.790673376950826, 0.0 ], [ 109.741639945368902, -7.790677842492353, 0.0 ], [ 109.74166960530745, -7.790697375055738, 0.0 ], [ 109.741703359937546, -7.790719604016824, 0.0 ], [ 109.74173711447142, -7.790741833069402, 0.0 ], [ 109.741770869109146, -7.790764062026206, 0.0 ], [ 109.741782750911213, -7.79077188678601, 0.0 ], [ 109.741800862084261, -7.790783813876824, 0.0 ], [ 109.741810357316581, -7.790790066980104, 0.0 ], [ 109.74181560188498, -7.790804845529393, 0.0 ], [ 109.741823534831397, -7.790823235889158, 0.0 ], [ 109.741829878111773, -7.790845984172567, 0.0 ], [ 109.741831078332737, -7.790871450655868, 0.0 ], [ 109.741831323129929, -7.790876644379361, 0.0 ], [ 109.741833586003608, -7.790924657959564, 0.0 ], [ 109.741834094639529, -7.790935451011532, 0.0 ], [ 109.741835144086849, -7.79095771826894, 0.0 ], [ 109.741843042467636, -7.791125319411329, 0.0 ], [ 109.741843615963731, -7.79113748789706, 0.0 ], [ 109.741845180274609, -7.791170677146703, 0.0 ], [ 109.74184612371684, -7.791190695113341, 0.0 ], [ 109.741847951675837, -7.791229483674697, 0.0 ], [ 109.741848308437781, -7.791237053507219, 0.0 ], [ 109.741850941230496, -7.79129292055448, 0.0 ], [ 109.741851353450429, -7.791296897174173, 0.0 ], [ 109.741853589069251, -7.791347191631806, 0.0 ], [ 109.741853737302876, -7.791348788086584, 0.0 ], [ 109.741853917429012, -7.791350048649027, 0.0 ], [ 109.74185514743715, -7.791361237470806, 0.0 ], [ 109.74185983985349, -7.791399870556636, 0.0 ], [ 109.741860224409919, -7.791404666578758, 0.0 ], [ 109.741861015355312, -7.79141066830902, 0.0 ], [ 109.741867377769537, -7.79144809086755, 0.0 ], [ 109.741868878130646, -7.791460551504456, 0.0 ], [ 109.74189615946419, -7.791628210201986, 0.0 ], [ 109.741898137884434, -7.791640368888869, 0.0 ], [ 109.741904292053221, -7.79167819106343, 0.0 ], [ 109.74190525294847, -7.79168409643373, 0.0 ], [ 109.741910103791227, -7.791713907675989, 0.0 ], [ 109.741932534269068, -7.791851755131714, 0.0 ], [ 109.741942812038332, -7.791874545954506, 0.0 ], [ 109.741965568008666, -7.791896473341803, 0.0 ], [ 109.741973743421241, -7.791899573979475, 0.0 ], [ 109.741997673983079, -7.791907807782581, 0.0 ], [ 109.742021519536024, -7.791915809250025, 0.0 ], [ 109.742033432100413, -7.791919806512171, 0.0 ], [ 109.742057531691088, -7.791927893070485, 0.0 ], [ 109.742077472743574, -7.791934584341625, 0.0 ] ], [ [ 109.742077472743574, -7.791934584341625, 0.0 ], [ 109.742133425956141, -7.79195335977959, 0.0 ], [ 109.742155882557611, -7.791930606227968, 0.0 ], [ 109.742174257031891, -7.791908332065097, 0.0 ], [ 109.742180817620081, -7.79189959698826, 0.0 ], [ 109.742189631367125, -7.791887642256468, 0.0 ], [ 109.742204493948805, -7.791867324891882, 0.0 ], [ 109.742228130601404, -7.791835012992072, 0.0 ], [ 109.742245870073717, -7.791810762870512, 0.0 ], [ 109.742296816763798, -7.791741118194471, 0.0 ], [ 109.742299121481338, -7.79173815848198, 0.0 ], [ 109.742302107254631, -7.791734387462671, 0.0 ], [ 109.742323843165863, -7.791706935174458, 0.0 ], [ 109.742341187384127, -7.791685390666936, 0.0 ], [ 109.742358321610169, -7.791665653420994, 0.0 ], [ 109.742389554855407, -7.791629674996265, 0.0 ], [ 109.742401103989835, -7.791616371177188, 0.0 ], [ 109.742414524031432, -7.791600912314456, 0.0 ], [ 109.74243792219518, -7.791573959317522, 0.0 ], [ 109.742453095327335, -7.791556480895988, 0.0 ], [ 109.742470726434988, -7.791536171194243, 0.0 ], [ 109.742486289524976, -7.791518243631178, 0.0 ], [ 109.742505086649714, -7.791496590602682, 0.0 ], [ 109.742526928820823, -7.791471430066861, 0.0 ], [ 109.74253465684167, -7.791462527937049, 0.0 ], [ 109.742557077956974, -7.791436700303672, 0.0 ], [ 109.742583131189065, -7.791406688925841, 0.0 ], [ 109.742609069242874, -7.791376809986086, 0.0 ], [ 109.742635064925224, -7.791346864872636, 0.0 ], [ 109.742661060504346, -7.791316919653034, 0.0 ], [ 109.742687056179165, -7.791286974531935, 0.0 ], [ 109.742713051750698, -7.791257029311115, 0.0 ], [ 109.742739047417942, -7.791227084185528, 0.0 ], [ 109.742751738188304, -7.791212465233104, 0.0 ], [ 109.742760908798601, -7.791192991233764, 0.0 ], [ 109.742760983105413, -7.791183903329904, 0.0 ], [ 109.742760058939268, -7.791175711454975, 0.0 ], [ 109.742767364489296, -7.791143442138, 0.0 ], [ 109.742766457781826, -7.791128060325315, 0.0 ], [ 109.74276368501306, -7.791116422991019, 0.0 ], [ 109.742756743854372, -7.791076760782828, 0.0 ], [ 109.742755757123106, -7.79107216932601, 0.0 ], [ 109.742755009354866, -7.791069330543213, 0.0 ], [ 109.742752197027542, -7.791058653927398, 0.0 ], [ 109.742740750471782, -7.791027773345567, 0.0 ], [ 109.74274008721747, -7.791016263582121, 0.0 ], [ 109.742736136768812, -7.791000060261344, 0.0 ], [ 109.742731092033736, -7.790981655233205, 0.0 ], [ 109.742726306313557, -7.790960363443221, 0.0 ], [ 109.742718943598931, -7.790932411972442, 0.0 ], [ 109.742716928935181, -7.790924763570462, 0.0 ], [ 109.742711580894337, -7.790904460501716, 0.0 ], [ 109.742696815091136, -7.790848404094147, 0.0 ], [ 109.742682130120315, -7.790792654618786, 0.0 ], [ 109.742676811352837, -7.790772462685887, 0.0 ], [ 109.742673582083839, -7.790760203261109, 0.0 ], [ 109.742667404696988, -7.790736751677145, 0.0 ], [ 109.74266603145027, -7.790711995468216, 0.0 ], [ 109.742665207417005, -7.790704794791929, 0.0 ], [ 109.742663716371609, -7.790680881485113, 0.0 ], [ 109.742682774895002, -7.790625078787205, 0.0 ], [ 109.742686516917786, -7.790614122248935, 0.0 ], [ 109.742701833334323, -7.790569276087192, 0.0 ], [ 109.742759008846406, -7.790401867977072, 0.0 ], [ 109.742772025522996, -7.790363755492231, 0.0 ], [ 109.742782364710891, -7.790333482577253, 0.0 ], [ 109.742810615962455, -7.790250763584377, 0.0 ], [ 109.74286711842467, -7.790085325813359, 0.0 ], [ 109.742911476475342, -7.789955446270261, 0.0 ], [ 109.742914539596441, -7.789946477486856, 0.0 ], [ 109.742940064122067, -7.789871742187404, 0.0 ], [ 109.742980123189099, -7.789754449997016, 0.0 ], [ 109.742987710187165, -7.789732235373673, 0.0 ], [ 109.743000047886881, -7.78969611064301, 0.0 ], [ 109.743006768538322, -7.78967643264482, 0.0 ], [ 109.743064876621958, -7.789506293033219, 0.0 ], [ 109.743073472932892, -7.789481123080241, 0.0 ], [ 109.743077848302107, -7.789468311992241, 0.0 ], [ 109.743085556045301, -7.789445743753059, 0.0 ], [ 109.743093127739911, -7.789423573893793, 0.0 ], [ 109.743159235595741, -7.78923001075044, 0.0 ], [ 109.743164124724998, -7.789215695384759, 0.0 ], [ 109.743171064121412, -7.789195376869005, 0.0 ], [ 109.743178293920082, -7.789174208005403, 0.0 ], [ 109.743206881417009, -7.789090503884574, 0.0 ], [ 109.743262634163059, -7.788927260068447, 0.0 ], [ 109.743311702194504, -7.788783588740332, 0.0 ], [ 109.743313577240656, -7.788778098581008, 0.0 ], [ 109.743375638177554, -7.788596384029963, 0.0 ], [ 109.743387935391326, -7.788560377692057, 0.0 ], [ 109.743399084961666, -7.788527731570783, 0.0 ], [ 109.743406993623864, -7.788504574925371, 0.0 ], [ 109.743464168459425, -7.788337166614873, 0.0 ], [ 109.743470341319252, -7.788319092387919, 0.0 ], [ 109.743483226658256, -7.788281363840874, 0.0 ], [ 109.743488641978473, -7.788265507707864, 0.0 ], [ 109.743545143797931, -7.788100069743237, 0.0 ], [ 109.743555115243296, -7.788104042486327, 0.0 ], [ 109.743589458589298, -7.788125687554903, 0.0 ], [ 109.743601043268455, -7.788136750152873, 0.0 ], [ 109.743608978760307, -7.788162028615529, 0.0 ], [ 109.743611467151041, -7.788170025429788, 0.0 ], [ 109.743656524296441, -7.788313857488955, 0.0 ], [ 109.743664345341926, -7.788329912104271, 0.0 ], [ 109.743667091705063, -7.788337768124751, 0.0 ], [ 109.743672821616059, -7.788354158688698, 0.0 ], [ 109.743679473371856, -7.788370607637473, 0.0 ], [ 109.743692174318753, -7.788413709427982, 0.0 ], [ 109.74369616948519, -7.788433608814605, 0.0 ], [ 109.743700236376412, -7.788449584914039, 0.0 ], [ 109.743703027470133, -7.788458643160071, 0.0 ], [ 109.743712009419184, -7.788489602692965, 0.0 ], [ 109.743720648268393, -7.788496867317408, 0.0 ], [ 109.743727591696683, -7.788505525268433, 0.0 ], [ 109.743746088540888, -7.788527339100347, 0.0 ], [ 109.743759052026604, -7.788552723085637, 0.0 ], [ 109.743765521319787, -7.78856376682831, 0.0 ], [ 109.743767779250234, -7.78856981198202, 0.0 ], [ 109.743879453453786, -7.7886850951599, 0.0 ], [ 109.743901287379245, -7.788707634577186, 0.0 ], [ 109.743928807856705, -7.78873604401765, 0.0 ], [ 109.743935290579898, -7.788742736206926, 0.0 ], [ 109.743991127719667, -7.788800377779923, 0.0 ], [ 109.743999270407258, -7.788793727996104, 0.0 ], [ 109.743998677142358, -7.788785625056476, 0.0 ], [ 109.743998167709577, -7.788778666869359, 0.0 ], [ 109.744008461010381, -7.788746922935243, 0.0 ], [ 109.74400790919637, -7.788729793133698, 0.0 ], [ 109.744004744062565, -7.78871645314557, 0.0 ], [ 109.743999073700792, -7.788681479145046, 0.0 ], [ 109.743997483713898, -7.78867390295895, 0.0 ], [ 109.743991570502303, -7.7886517558834, 0.0 ], [ 109.743977762637485, -7.788631815475483, 0.0 ], [ 109.743977115100279, -7.788617983319276, 0.0 ], [ 109.74397495530512, -7.788601256044007, 0.0 ], [ 109.743969410217616, -7.788584402438306, 0.0 ], [ 109.743967631533096, -7.788562095935745, 0.0 ], [ 109.743952705339467, -7.788506192423828, 0.0 ], [ 109.743936179727385, -7.788444298107939, 0.0 ], [ 109.743924980518642, -7.788405675772872, 0.0 ], [ 109.743922853147723, -7.788394385400328, 0.0 ], [ 109.743917937377574, -7.788375974176163, 0.0 ], [ 109.743913924182735, -7.788360943457362, 0.0 ], [ 109.743907926987575, -7.788338481888335, 0.0 ], [ 109.743893000914468, -7.788282578376516, 0.0 ], [ 109.743878074731981, -7.788226674864364, 0.0 ], [ 109.743848222596839, -7.788114867840564, 0.0 ], [ 109.743842870270782, -7.788094821590951, 0.0 ] ] ] } },
{ "type": "Feature", "properties": { "Id": 54, "Contour": 17.0, "Skor": 2.0, "Shape_Leng": 646.12686404800002 }, "geometry": { "type": "LineString", "coordinates": [ [ 109.742171807684642, -7.788921180306679, 0.0 ], [ 109.742168675087484, -7.788921644326003, 0.0 ], [ 109.742123148869624, -7.788928387749415, 0.0 ], [ 109.742102631999529, -7.788931426637961, 0.0 ], [ 109.742074489913961, -7.788935595049839, 0.0 ], [ 109.742036588656973, -7.788941209190966, 0.0 ], [ 109.742025831212331, -7.788942802601019, 0.0 ], [ 109.741977172161896, -7.788950009795542, 0.0 ], [ 109.741970545744294, -7.788950991310222, 0.0 ], [ 109.741928513474235, -7.788957217347963, 0.0 ], [ 109.741918327482253, -7.78895872609545, 0.0 ], [ 109.74186229385657, -7.788967026037213, 0.0 ], [ 109.741806260231328, -7.788975325462753, 0.0 ], [ 109.741750226603529, -7.788983625392222, 0.0 ], [ 109.741733878134596, -7.788986046917802, 0.0 ], [ 109.741706372556848, -7.788990121171095, 0.0 ], [ 109.741685219393304, -7.788993254392261, 0.0 ], [ 109.741640329611926, -7.788999903259029, 0.0 ], [ 109.741636560349761, -7.789000461558799, 0.0 ], [ 109.741587901675246, -7.789007669089751, 0.0 ], [ 109.741574286193568, -7.789009685804324, 0.0 ], [ 109.741539242664317, -7.789014876277002, 0.0 ], [ 109.741508243183247, -7.789019467928749, 0.0 ], [ 109.741490583885678, -7.789022083695547, 0.0 ], [ 109.74147005845191, -7.789025123896432, 0.0 ], [ 109.741414024817871, -7.789033423779303, 0.0 ], [ 109.741386568624677, -7.789028710151828, 0.0 ], [ 109.741382749938126, -7.789025947571811, 0.0 ], [ 109.741358073183903, -7.789014258297298, 0.0 ], [ 109.741355990199182, -7.789003332419614, 0.0 ], [ 109.74135622474175, -7.78900122316293, 0.0 ], [ 109.741358127685388, -7.788996003589159, 0.0 ], [ 109.741377699377765, -7.788964854366759, 0.0 ], [ 109.741377326518645, -7.788945426602571, 0.0 ], [ 109.74138707988574, -7.788918239651236, 0.0 ], [ 109.741387781343406, -7.788916121061829, 0.0 ], [ 109.741396910795032, -7.788889625533788, 0.0 ], [ 109.74141459896542, -7.78884110868928, 0.0 ], [ 109.741416824448635, -7.788836029859494, 0.0 ], [ 109.74141725381206, -7.788833826716246, 0.0 ], [ 109.741518968800932, -7.788554832598768, 0.0 ], [ 109.74152914018967, -7.78852693318403, 0.0 ], [ 109.741536194462455, -7.788507583831957, 0.0 ], [ 109.74154593916019, -7.788480855023804, 0.0 ], [ 109.741551149925272, -7.788466562413636, 0.0 ], [ 109.741559654542741, -7.788443234937328, 0.0 ], [ 109.741803769707658, -7.787773648806004, 0.0 ], [ 109.741809896543543, -7.787756843234611, 0.0 ], [ 109.741820347595336, -7.787728176626044, 0.0 ], [ 109.741832117080179, -7.787695893851188, 0.0 ], [ 109.741835302989216, -7.787687155180866, 0.0 ], [ 109.741844455272954, -7.787662051089109, 0.0 ], [ 109.741905483878227, -7.787494654499847, 0.0 ], [ 109.74191118832637, -7.787483160015327, 0.0 ], [ 109.74192278886072, -7.787463610785339, 0.0 ], [ 109.741932027533323, -7.787448041733016, 0.0 ], [ 109.741938468466373, -7.787438893150282, 0.0 ], [ 109.741960488935021, -7.787420570690784, 0.0 ], [ 109.741978971813381, -7.787405191792031, 0.0 ], [ 109.742007045830007, -7.787381832519045, 0.0 ], [ 109.742021541113317, -7.787369771544964, 0.0 ], [ 109.742052067134992, -7.787344371907711, 0.0 ], [ 109.74207225819238, -7.787327571693097, 0.0 ], [ 109.742091267862364, -7.787311754491462, 0.0 ], [ 109.742113119285634, -7.787293572738513, 0.0 ], [ 109.742143645290369, -7.787268173086294, 0.0 ], [ 109.742174171347443, -7.787242773486557, 0.0 ], [ 109.742190586159225, -7.787229115271362, 0.0 ], [ 109.742204697348114, -7.787217373828733, 0.0 ], [ 109.742259711845534, -7.787171598372072, 0.0 ], [ 109.742265749491011, -7.787166574663853, 0.0 ], [ 109.742296275480996, -7.7871411749976, 0.0 ], [ 109.742315859815974, -7.78712487957855, 0.0 ], [ 109.742339837541508, -7.787104928616819, 0.0 ], [ 109.742357327577608, -7.787090375789809, 0.0 ], [ 109.74238785355999, -7.787064976118367, 0.0 ], [ 109.742406732277487, -7.787049267813747, 0.0 ], [ 109.742418080387537, -7.787039276315999, 0.0 ], [ 109.742428155720177, -7.787031442098919, 0.0 ], [ 109.742448905566803, -7.787014176825497, 0.0 ], [ 109.742473626996286, -7.786993606997221, 0.0 ], [ 109.742478518867827, -7.786987861479383, 0.0 ], [ 109.742484303654166, -7.786984723341587, 0.0 ], [ 109.742509957615283, -7.786963377576579, 0.0 ], [ 109.742540451576204, -7.786938004513146, 0.0 ], [ 109.742540490366338, -7.786937984702178, 0.0 ], [ 109.742540529174818, -7.786937946189285, 0.0 ], [ 109.742570199811496, -7.786911765817633, 0.0 ], [ 109.742596597110065, -7.786892082552184, 0.0 ], [ 109.742622221316878, -7.786912571675113, 0.0 ], [ 109.742640580090551, -7.786938242940814, 0.0 ], [ 109.742644705288058, -7.786945974264273, 0.0 ], [ 109.742652402004026, -7.786960399136325, 0.0 ], [ 109.742665619032252, -7.786980933611782, 0.0 ], [ 109.742670432240189, -7.786994190735265, 0.0 ], [ 109.742700284191216, -7.78705013852805, 0.0 ], [ 109.742703011260787, -7.787055249512229, 0.0 ], [ 109.742708099368215, -7.787064785437731, 0.0 ], [ 109.742722514315233, -7.787091607449609, 0.0 ], [ 109.742730136354993, -7.787106086320537, 0.0 ], [ 109.742759988320159, -7.787162034111395, 0.0 ], [ 109.742789840501175, -7.787217981901891, 0.0 ], [ 109.742819921533069, -7.787274358976462, 0.0 ], [ 109.742849544672524, -7.787329877479343, 0.0 ], [ 109.742875191608675, -7.787377944263125, 0.0 ], [ 109.742877929337638, -7.787383075230365, 0.0 ], [ 109.742884253697767, -7.787394928084241, 0.0 ], [ 109.742897364755251, -7.787419500251436, 0.0 ], [ 109.742916800113363, -7.787455925326952, 0.0 ], [ 109.742930889072326, -7.787482330223834, 0.0 ], [ 109.742939101085412, -7.787497720838405, 0.0 ], [ 109.742968953103158, -7.787553668622429, 0.0 ], [ 109.742972799627026, -7.787567487349568, 0.0 ], [ 109.742986710828006, -7.787609389196206, 0.0 ], [ 109.742986785593516, -7.787609580763852, 0.0 ], [ 109.7429299564715, -7.787749060395967, 0.0 ], [ 109.74292189449946, -7.787768847474804, 0.0 ], [ 109.742918590639363, -7.787776956320646, 0.0 ], [ 109.742873127302573, -7.787888540013581, 0.0 ], [ 109.742827664115424, -7.788000123697718, 0.0 ], [ 109.742824673797202, -7.788007463016914, 0.0 ], [ 109.742808470227203, -7.788047232159409, 0.0 ], [ 109.742804932286944, -7.788055915535669, 0.0 ], [ 109.742759859881048, -7.788166539972744, 0.0 ], [ 109.742714005613578, -7.788279082866231, 0.0 ], [ 109.74271124937232, -7.788285847645485, 0.0 ], [ 109.742695045886123, -7.788325616893391, 0.0 ], [ 109.742691273887189, -7.788334874692981, 0.0 ], [ 109.74264798644181, -7.788441117571958, 0.0 ], [ 109.742600347086096, -7.788558041977129, 0.0 ], [ 109.742597824891064, -7.788564232339648, 0.0 ], [ 109.742581621268073, -7.788604001465565, 0.0 ], [ 109.742577615190683, -7.788613833791865, 0.0 ], [ 109.742535142766911, -7.788718076547718, 0.0 ], [ 109.74248668823077, -7.788837001029542, 0.0 ], [ 109.742484400111024, -7.788842616849299, 0.0 ], [ 109.742478720865591, -7.788856555737247, 0.0 ], [ 109.742454791098822, -7.788868936625942, 0.0 ], [ 109.742439436790306, -7.788875982185576, 0.0 ], [ 109.742422630062109, -7.788884027779329, 0.0 ], [ 109.742366442995902, -7.788892350522787, 0.0 ], [ 109.74231778394784, -7.788899557758331, 0.0 ], [ 109.7423007618154, -7.788902079114352, 0.0 ], [ 109.742269125231545, -7.78890676531603, 0.0 ], [ 109.742254529211536, -7.788908927289009, 0.0 ], [ 109.742198495592106, -7.788917227280588, 0.0 ], [ 109.742171807684642, -7.788921180306679, 0.0 ] ] } },
{ "type": "Feature", "properties": { "Id": 93, "Contour": 14.0, "Skor": 1.0, "Shape_Leng": 255.59032780699999 }, "geometry": { "type": "LineString", "coordinates": [ [ 109.734928876031304, -7.795604973871841, 0.0 ], [ 109.734933003236449, -7.795593733139993, 0.0 ], [ 109.734943909324102, -7.795564029956408, 0.0 ], [ 109.734953487172731, -7.795537944906624, 0.0 ], [ 109.734960922285524, -7.795517695679531, 0.0 ], [ 109.734981409427306, -7.795461897802523, 0.0 ], [ 109.735001897279432, -7.795406099925617, 0.0 ], [ 109.735003078966059, -7.795399287609825, 0.0 ], [ 109.735009958652199, -7.795384144310394, 0.0 ], [ 109.735022384408268, -7.795350302044595, 0.0 ], [ 109.735024272847085, -7.795336175619227, 0.0 ], [ 109.735020115520967, -7.795304326712197, 0.0 ], [ 109.735022560304813, -7.795294443492709, 0.0 ], [ 109.735013620101995, -7.795291044018607, 0.0 ], [ 109.735010235603468, -7.795291923927469, 0.0 ], [ 109.735007709564613, -7.795291879749123, 0.0 ], [ 109.735005977710486, -7.795294393960432, 0.0 ], [ 109.734992182433317, -7.795312296404807, 0.0 ], [ 109.73498854828452, -7.795328682016123, 0.0 ], [ 109.734980093620209, -7.795324280732161, 0.0 ], [ 109.734954113031733, -7.79532955564143, 0.0 ], [ 109.734926256353674, -7.795321960409798, 0.0 ], [ 109.734914307657704, -7.7952941201299, 0.0 ], [ 109.734929256890808, -7.795238305711082, 0.0 ], [ 109.734934563777827, -7.795218492170612, 0.0 ], [ 109.734940453793712, -7.795196501147997, 0.0 ], [ 109.73494420618745, -7.795182491291214, 0.0 ], [ 109.73494608182196, -7.795174021406519, 0.0 ], [ 109.734954672051586, -7.795143416633753, 0.0 ], [ 109.734958219463806, -7.795130172287227, 0.0 ], [ 109.734959155675355, -7.795126676870609, 0.0 ], [ 109.734974104799747, -7.795070862447573, 0.0 ], [ 109.734981579447336, -7.795042955235878, 0.0 ], [ 109.734981874891602, -7.795041852156966, 0.0 ], [ 109.734989054137273, -7.795015048023954, 0.0 ], [ 109.734991206159506, -7.794995187392177, 0.0 ], [ 109.734998669152802, -7.794971712082218, 0.0 ], [ 109.735000635428733, -7.794959223538984, 0.0 ], [ 109.734994875780075, -7.794942842265423, 0.0 ], [ 109.735011316688031, -7.794931929124429, 0.0 ], [ 109.735017358376155, -7.794909372314357, 0.0 ], [ 109.73501895285942, -7.794903419172895, 0.0 ], [ 109.735033901966688, -7.794847604744729, 0.0 ], [ 109.735033798962135, -7.794825501279664, 0.0 ], [ 109.735026594082527, -7.794806584812372, 0.0 ], [ 109.735026389455797, -7.79479172322772, 0.0 ], [ 109.735021351238885, -7.794782149148594, 0.0 ], [ 109.735011764690469, -7.794782741923022, 0.0 ], [ 109.735008033965187, -7.794791668403369, 0.0 ], [ 109.735006550073351, -7.794796822415969, 0.0 ], [ 109.734999551991748, -7.794835480190402, 0.0 ], [ 109.734994898683993, -7.794847488248291, 0.0 ], [ 109.734991170520814, -7.794867761352429, 0.0 ], [ 109.73499819969733, -7.794890150297561, 0.0 ], [ 109.734974377419974, -7.79492227613896, 0.0 ], [ 109.734955349840007, -7.794917724644894, 0.0 ], [ 109.73493808374748, -7.794959036698059, 0.0 ], [ 109.734933139203434, -7.794980983446011, 0.0 ], [ 109.73493267919504, -7.794992493815111, 0.0 ], [ 109.734924545498885, -7.795014855334368, 0.0 ], [ 109.734919940255608, -7.795035739643469, 0.0 ], [ 109.734898934947822, -7.795052707278129, 0.0 ], [ 109.734891450302797, -7.795070615549255, 0.0 ], [ 109.734868133664762, -7.795126404971571, 0.0 ], [ 109.734864575479548, -7.795148272492455, 0.0 ], [ 109.734849413298704, -7.795175370258883, 0.0 ], [ 109.734847173225972, -7.795182201430251, 0.0 ], [ 109.734846171562623, -7.795185834617361, 0.0 ], [ 109.734842520013572, -7.795187689942518, 0.0 ], [ 109.734821500177091, -7.795237983808259, 0.0 ], [ 109.734811811631104, -7.795263414881737, 0.0 ], [ 109.734808063498505, -7.795272054904184, 0.0 ], [ 109.734799135569276, -7.795293776067566, 0.0 ], [ 109.734797469912294, -7.795305052650139, 0.0 ], [ 109.73478610503696, -7.795322672745029, 0.0 ], [ 109.734774866657688, -7.79534956263533, 0.0 ], [ 109.734751549787504, -7.795405352044899, 0.0 ], [ 109.73474631195721, -7.7954218062762, 0.0 ], [ 109.734729690018398, -7.795457655533348, 0.0 ], [ 109.73472521390984, -7.795456665384321, 0.0 ], [ 109.734690440559788, -7.795444353311765, 0.0 ], [ 109.734673728325319, -7.795441717817026, 0.0 ], [ 109.734654748638278, -7.795441994033673, 0.0 ], [ 109.734625389930827, -7.795460834171312, 0.0 ], [ 109.734663580385785, -7.795470981283525, 0.0 ], [ 109.734666716177458, -7.795510028069283, 0.0 ], [ 109.734669985163549, -7.795516826488323, 0.0 ], [ 109.734671970213, -7.795518356206257, 0.0 ], [ 109.734673494302157, -7.795519621648708, 0.0 ], [ 109.734679417147703, -7.795522771033873, 0.0 ], [ 109.734713460094142, -7.795532917227273, 0.0 ], [ 109.734729388346352, -7.795558083047759, 0.0 ], [ 109.73473768239748, -7.795564596547472, 0.0 ], [ 109.73474125145826, -7.79557289848981, 0.0 ], [ 109.734775603930856, -7.795582695074, 0.0 ], [ 109.734785309120468, -7.795587649276433, 0.0 ], [ 109.734806071656237, -7.795593817371446, 0.0 ], [ 109.734823171619396, -7.795591230833694, 0.0 ], [ 109.734841235598068, -7.795615319543906, 0.0 ], [ 109.734855059672412, -7.795615310680431, 0.0 ], [ 109.734874064635278, -7.795629154355431, 0.0 ], [ 109.734895326624553, -7.795631084062578, 0.0 ], [ 109.734897194964404, -7.79563204253961, 0.0 ], [ 109.734901560372862, -7.795633594824714, 0.0 ], [ 109.734919947265794, -7.795629291425479, 0.0 ], [ 109.734928876031304, -7.795604973871841, 0.0 ] ] } },
{ "type": "Feature", "properties": { "Id": 38, "Contour": 18.0, "Skor": 2.0, "Shape_Leng": 417.25347250599998 }, "geometry": { "type": "MultiLineString", "coordinates": [ [ [ 109.743406115656299, -7.791280051338094, 0.0 ], [ 109.743367592635494, -7.791295144587385, 0.0 ], [ 109.743339555282503, -7.791306129471936, 0.0 ], [ 109.743325795781331, -7.791311520367116, 0.0 ], [ 109.743311517928191, -7.791317114386792, 0.0 ], [ 109.743284779757587, -7.791323822364656, 0.0 ], [ 109.743282505646505, -7.791324114442608, 0.0 ], [ 109.74325545954477, -7.791333608453622, 0.0 ], [ 109.743242971904479, -7.791309577398614, 0.0 ], [ 109.743238394383297, -7.79129703814284, 0.0 ], [ 109.743231031665246, -7.791269086675189, 0.0 ], [ 109.743230328783568, -7.791266418273397, 0.0 ], [ 109.743223668932288, -7.791241135207453, 0.0 ], [ 109.74320894339364, -7.791185232271729, 0.0 ], [ 109.743207063682618, -7.791178096250644, 0.0 ], [ 109.743195431217572, -7.791133935160109, 0.0 ], [ 109.743179492455738, -7.791073426400611, 0.0 ], [ 109.743172066947778, -7.791045236618263, 0.0 ], [ 109.743160533636058, -7.791001452075652, 0.0 ], [ 109.743152008066019, -7.790969086182346, 0.0 ], [ 109.743148901093619, -7.790957291062527, 0.0 ], [ 109.743137268546661, -7.790913130059097, 0.0 ], [ 109.74313194913978, -7.790892935697644, 0.0 ], [ 109.743125636076499, -7.790868968981348, 0.0 ], [ 109.743120590613529, -7.790849814657919, 0.0 ], [ 109.743105865094535, -7.790793911722004, 0.0 ], [ 109.743110584425665, -7.790772504101395, 0.0 ], [ 109.743112544186317, -7.790761415435008, 0.0 ], [ 109.743118284157873, -7.790738089302343, 0.0 ], [ 109.743137342653, -7.790682286574947, 0.0 ], [ 109.743139388624186, -7.790676296001798, 0.0 ], [ 109.743153639954059, -7.790634568116515, 0.0 ], [ 109.743156400989363, -7.790626483845363, 0.0 ], [ 109.743201956731326, -7.79049309780974, 0.0 ], [ 109.743314961408473, -7.790162221665616, 0.0 ], [ 109.743324656581848, -7.790133834340169, 0.0 ], [ 109.743327926776956, -7.790124259200527, 0.0 ], [ 109.743371463666705, -7.789996783569712, 0.0 ], [ 109.743427965870055, -7.789831345901669, 0.0 ], [ 109.743446831572541, -7.789808202655137, 0.0 ], [ 109.743468401903087, -7.789773817785452, 0.0 ], [ 109.743484245836513, -7.78974044542989, 0.0 ], [ 109.74353467778424, -7.789901435188723, 0.0 ], [ 109.743535889283393, -7.789905302569726, 0.0 ], [ 109.743539726915131, -7.78991755310494, 0.0 ], [ 109.743552192682216, -7.789957346386118, 0.0 ], [ 109.743557943459393, -7.789975704145388, 0.0 ], [ 109.743562513897899, -7.789990293951669, 0.0 ], [ 109.743569707493435, -7.790013257583147, 0.0 ], [ 109.743595979785539, -7.790097124378586, 0.0 ], [ 109.743650689181848, -7.790271767826258, 0.0 ], [ 109.743678483497447, -7.79036049316987, 0.0 ] ], [ [ 109.743813450582749, -7.790791335657466, 0.0 ], [ 109.743817132850097, -7.790803090214377, 0.0 ], [ 109.743872614145829, -7.790980197260088, 0.0 ], [ 109.743884976093454, -7.791019659111639, 0.0 ], [ 109.743888746650427, -7.791035925264974, 0.0 ], [ 109.743892028519596, -7.791055951703068, 0.0 ], [ 109.743897466661693, -7.791075555411938, 0.0 ], [ 109.743885736573745, -7.791088931153549, 0.0 ], [ 109.743872264785594, -7.791097415177234, 0.0 ], [ 109.743847874637282, -7.791106971205449, 0.0 ], [ 109.743835792209438, -7.791111705055247, 0.0 ], [ 109.743816190121763, -7.79111938509737, 0.0 ], [ 109.743786327601683, -7.791131085200602, 0.0 ], [ 109.743767554844908, -7.791138440358245, 0.0 ], [ 109.743760115452829, -7.791141355090044, 0.0 ], [ 109.743704040779079, -7.791163325074382, 0.0 ], [ 109.743687235048824, -7.791169909503629, 0.0 ], [ 109.743647966100497, -7.79118529504382, 0.0 ], [ 109.743606915211743, -7.791201378596033, 0.0 ], [ 109.743566755311193, -7.79121711316022, 0.0 ], [ 109.74355714406407, -7.791220878799894, 0.0 ], [ 109.743535816729377, -7.791229234769827, 0.0 ], [ 109.743503325906261, -7.791241964608079, 0.0 ], [ 109.743486435484058, -7.79124858225288, 0.0 ], [ 109.743479742036257, -7.791251204720621, 0.0 ], [ 109.743423667338291, -7.791273174659834, 0.0 ], [ 109.743406115656299, -7.791280051338094, 0.0 ] ] ] } },
{ "type": "Feature", "properties": { "Id": 6, "Contour": 21.0, "Skor": 3.0, "Shape_Leng": 120.92755298 }, "geometry": { "type": "LineString", "coordinates": [ [ 109.742457674475034, -7.787751311184035, 0.0 ], [ 109.742445489163359, -7.787775553054124, 0.0 ], [ 109.742438953700159, -7.787788554861053, 0.0 ], [ 109.742425824080669, -7.787813225582401, 0.0 ], [ 109.74236979061159, -7.787821525109155, 0.0 ], [ 109.742313757139996, -7.787829825139839, 0.0 ], [ 109.742312634637287, -7.787829898861373, 0.0 ], [ 109.742305839255238, -7.787830997985243, 0.0 ], [ 109.742257723667308, -7.78783812516276, 0.0 ], [ 109.742252126901107, -7.787836425501976, 0.0 ], [ 109.742248078650249, -7.787830826605095, 0.0 ], [ 109.742248475964601, -7.787821555464589, 0.0 ], [ 109.742235821285263, -7.787796897577126, 0.0 ], [ 109.742236152750806, -7.787774931972804, 0.0 ], [ 109.742256495585721, -7.787719133085788, 0.0 ], [ 109.742258091680341, -7.787714755068921, 0.0 ], [ 109.742273140876065, -7.787678223584863, 0.0 ], [ 109.74227683827705, -7.787663334196352, 0.0 ], [ 109.742287009671728, -7.787635434751038, 0.0 ], [ 109.742297181030551, -7.787607535305173, 0.0 ], [ 109.742317523846211, -7.787551736412221, 0.0 ], [ 109.742327852020154, -7.787538576207792, 0.0 ], [ 109.742340698516216, -7.787521899381831, 0.0 ], [ 109.742363822361497, -7.787496014522072, 0.0 ], [ 109.742367604354797, -7.787492867650617, 0.0 ], [ 109.742426926780169, -7.787443507733117, 0.0 ], [ 109.742431132283727, -7.787444552348735, 0.0 ], [ 109.742478503349759, -7.787444911579834, 0.0 ], [ 109.74248292493408, -7.787447032402986, 0.0 ], [ 109.742500090384866, -7.787479203427004, 0.0 ], [ 109.74250929056997, -7.787496446064538, 0.0 ], [ 109.742519326876547, -7.787515825644917, 0.0 ], [ 109.742538622297829, -7.787551418676105, 0.0 ], [ 109.742539142631713, -7.787552393870041, 0.0 ], [ 109.742539026499742, -7.787552800758207, 0.0 ], [ 109.742538614555059, -7.787554014958212, 0.0 ], [ 109.74252467671144, -7.787594429758988, 0.0 ], [ 109.742519436359387, -7.787608194666483, 0.0 ], [ 109.742482171512108, -7.787699656068782, 0.0 ], [ 109.742475839268565, -7.787713509701059, 0.0 ], [ 109.74247280615505, -7.787719774842125, 0.0 ], [ 109.742464192092299, -7.787737567962678, 0.0 ], [ 109.742457674475034, -7.787751311184035, 0.0 ] ] } },
{ "type": "Feature", "properties": { "Id": 92, "Contour": 14.0, "Skor": 1.0, "Shape_Leng": 239.074769119 }, "geometry": { "type": "LineString", "coordinates": [ [ 109.738873791271146, -7.790781337326721, 0.0 ], [ 109.738840756796648, -7.790772918759941, 0.0 ], [ 109.738832422141158, -7.79077027366545, 0.0 ], [ 109.738818815476918, -7.790767595453631, 0.0 ], [ 109.73879083539326, -7.790766717341962, 0.0 ], [ 109.738776436563455, -7.790762435790444, 0.0 ], [ 109.738749993209282, -7.790754572794531, 0.0 ], [ 109.738747060353916, -7.790754422487388, 0.0 ], [ 109.738712377926817, -7.79073311331326, 0.0 ], [ 109.738709128483677, -7.790724988058676, 0.0 ], [ 109.738675673618445, -7.790713808614121, 0.0 ], [ 109.73866457512959, -7.790710099899698, 0.0 ], [ 109.738644006349489, -7.790704263044069, 0.0 ], [ 109.738632080384249, -7.790701333514791, 0.0 ], [ 109.738608614488498, -7.79069393464177, 0.0 ], [ 109.738587587373701, -7.790689750445124, 0.0 ], [ 109.738562481830613, -7.790678496220183, 0.0 ], [ 109.738547371232158, -7.790673927337924, 0.0 ], [ 109.738540465525858, -7.79066862682505, 0.0 ], [ 109.738496715960196, -7.790654007244915, 0.0 ], [ 109.738474997207021, -7.790646749612824, 0.0 ], [ 109.738465599344835, -7.790643609190079, 0.0 ], [ 109.73844076291563, -7.790635309722215, 0.0 ], [ 109.738422835359813, -7.790630311981917, 0.0 ], [ 109.738391850273231, -7.790619354969767, 0.0 ], [ 109.738384808269018, -7.790617149423427, 0.0 ], [ 109.738380757615715, -7.790616334444392, 0.0 ], [ 109.738371802292377, -7.790612265530426, 0.0 ], [ 109.738339554793896, -7.790601489514884, 0.0 ], [ 109.738328856844646, -7.790597914637483, 0.0 ], [ 109.738216950797948, -7.790560519461589, 0.0 ], [ 109.738213392586488, -7.790559486485829, 0.0 ], [ 109.738204393613884, -7.790555907911187, 0.0 ], [ 109.738174106925314, -7.790542740909567, 0.0 ], [ 109.738161024810267, -7.790532794306269, 0.0 ], [ 109.738143810277094, -7.790517083743507, 0.0 ], [ 109.738128894184982, -7.790499823935503, 0.0 ], [ 109.738117174159143, -7.790487797580629, 0.0 ], [ 109.738105187365605, -7.790475497522555, 0.0 ], [ 109.738078563659371, -7.790470382662721, 0.0 ], [ 109.738071932140855, -7.790466461055707, 0.0 ], [ 109.7380492315108, -7.790457754640157, 0.0 ], [ 109.737993109283849, -7.790495579136641, 0.0 ], [ 109.737987436054013, -7.79049940266935, 0.0 ], [ 109.737973060634857, -7.790519284087494, 0.0 ], [ 109.737965860893112, -7.790528119235069, 0.0 ], [ 109.737955795300579, -7.790555167586351, 0.0 ], [ 109.737969939152634, -7.79057807152014, 0.0 ], [ 109.737986440452218, -7.790604793148734, 0.0 ], [ 109.737991271270133, -7.790612615997051, 0.0 ], [ 109.738012603478396, -7.7906471603862, 0.0 ], [ 109.738033935617963, -7.790681704845818, 0.0 ], [ 109.738048490417896, -7.790705274206252, 0.0 ], [ 109.738055153793539, -7.790716362290888, 0.0 ], [ 109.738058894562684, -7.790723052090207, 0.0 ], [ 109.738072180611667, -7.790746842590078, 0.0 ], [ 109.73807521492617, -7.790752166817827, 0.0 ], [ 109.738089436540449, -7.790779002199113, 0.0 ], [ 109.738094539417006, -7.790788701640207, 0.0 ], [ 109.738104191128954, -7.790808245330117, 0.0 ], [ 109.738116128122073, -7.790822991754769, 0.0 ], [ 109.73813994062894, -7.79085507722976, 0.0 ], [ 109.738159971702544, -7.79088454983161, 0.0 ], [ 109.738167026900456, -7.790883917139444, 0.0 ], [ 109.73820537690132, -7.790880478153596, 0.0 ], [ 109.738215995777551, -7.790879525869771, 0.0 ], [ 109.738328043929599, -7.790869477081184, 0.0 ], [ 109.738352318532506, -7.790867300165532, 0.0 ], [ 109.738359157803046, -7.790866686801763, 0.0 ], [ 109.738410418293952, -7.790862089862278, 0.0 ], [ 109.738414082301091, -7.790861761264419, 0.0 ], [ 109.738440092079614, -7.790859428734896, 0.0 ], [ 109.738552140230439, -7.790849379882078, 0.0 ], [ 109.738564199203452, -7.790848298443595, 0.0 ], [ 109.738599373946528, -7.790845144159897, 0.0 ], [ 109.738615459818149, -7.790843701602, 0.0 ], [ 109.738661137895676, -7.790839605040905, 0.0 ], [ 109.738664188379232, -7.790839331478061, 0.0 ], [ 109.738693962228723, -7.790836661245262, 0.0 ], [ 109.738717980360391, -7.790834507217557, 0.0 ], [ 109.738722901900928, -7.790834065857747, 0.0 ], [ 109.738769241015092, -7.790829910395793, 0.0 ], [ 109.738776236527414, -7.790829283040281, 0.0 ], [ 109.738832260601981, -7.790824258570302, 0.0 ], [ 109.73885983801209, -7.790808753142773, 0.0 ], [ 109.738873791271146, -7.790781337326721, 0.0 ] ] } },
{ "type": "Feature", "properties": { "Id": 4, "Contour": 21.0, "Skor": 3.0, "Shape_Leng": 60.029471166999997 }, "geometry": { "type": "LineString", "coordinates": [ [ 109.733874886084749, -7.795499955758952, 0.0 ], [ 109.733889400052632, -7.79550640768915, 0.0 ], [ 109.733893766401565, -7.795510140705844, 0.0 ], [ 109.733898518649411, -7.795514520720645, 0.0 ], [ 109.733898370084816, -7.795523517495741, 0.0 ], [ 109.733889342143968, -7.795525672836468, 0.0 ], [ 109.733880885316964, -7.795522910382385, 0.0 ], [ 109.733844194167773, -7.795525189250153, 0.0 ], [ 109.73383333989149, -7.795523241479599, 0.0 ], [ 109.733811245791216, -7.795514259790084, 0.0 ], [ 109.733803453053142, -7.795488288754087, 0.0 ], [ 109.733777452532038, -7.795482591213068, 0.0 ], [ 109.733762285918218, -7.795473407742244, 0.0 ], [ 109.733730102202713, -7.795466746568241, 0.0 ], [ 109.733721500057769, -7.795463604535635, 0.0 ], [ 109.733717489723375, -7.795462124403751, 0.0 ], [ 109.733689493238913, -7.795458036692229, 0.0 ], [ 109.73370968930503, -7.795446266081441, 0.0 ], [ 109.733721572271264, -7.795439583422034, 0.0 ], [ 109.733777674491577, -7.795408755201825, 0.0 ], [ 109.733794961726645, -7.795441014548513, 0.0 ], [ 109.733826155416921, -7.795458445316668, 0.0 ], [ 109.733816553387314, -7.795475301725252, 0.0 ], [ 109.733833509124054, -7.795466943246927, 0.0 ], [ 109.733850557194174, -7.795497284108024, 0.0 ], [ 109.733874886084749, -7.795499955758952, 0.0 ] ] } },
{ "type": "Feature", "properties": { "Id": 13, "Contour": 20.0, "Skor": 3.0, "Shape_Leng": 253.01278133 }, "geometry": { "type": "LineString", "coordinates": [ [ 109.74239913505582, -7.788084760984833, 0.0 ], [ 109.742394123082747, -7.788085503347355, 0.0 ], [ 109.74236899211256, -7.788089225787203, 0.0 ], [ 109.742312958604543, -7.788097525808748, 0.0 ], [ 109.742301817687363, -7.788099176017434, 0.0 ], [ 109.742262036585231, -7.788105068659436, 0.0 ], [ 109.742253159090509, -7.788106383617467, 0.0 ], [ 109.742204500138598, -7.788113590854422, 0.0 ], [ 109.742195993806334, -7.788114850832724, 0.0 ], [ 109.742155841540196, -7.788120798442826, 0.0 ], [ 109.742129950578956, -7.788124633437594, 0.0 ], [ 109.742107182673763, -7.788128005752506, 0.0 ], [ 109.742063907634574, -7.788134415750702, 0.0 ], [ 109.742058523958761, -7.788135213212225, 0.0 ], [ 109.74203279105167, -7.788139024789619, 0.0 ], [ 109.742017018261649, -7.788125208958156, 0.0 ], [ 109.742016607110713, -7.788109435938746, 0.0 ], [ 109.742020488488365, -7.788097052836096, 0.0 ], [ 109.742024351019111, -7.788062245653626, 0.0 ], [ 109.742026342645175, -7.788053605590533, 0.0 ], [ 109.742033101224749, -7.788035067357847, 0.0 ], [ 109.742045676687582, -7.788010271841832, 0.0 ], [ 109.742046685525622, -7.787997806720853, 0.0 ], [ 109.74214839983145, -7.787718812342878, 0.0 ], [ 109.742168742467726, -7.787663013460709, 0.0 ], [ 109.742209428132341, -7.787551415691721, 0.0 ], [ 109.742217352277564, -7.787536740262452, 0.0 ], [ 109.742226302322607, -7.787519179378295, 0.0 ], [ 109.742240760158552, -7.787495649409748, 0.0 ], [ 109.742258790006872, -7.787480647476805, 0.0 ], [ 109.742281088557505, -7.787462093683453, 0.0 ], [ 109.742311614567896, -7.787436694019749, 0.0 ], [ 109.742314938024052, -7.787433928693871, 0.0 ], [ 109.742372666739499, -7.787385894842948, 0.0 ], [ 109.742403192739133, -7.787360495170763, 0.0 ], [ 109.742427234021562, -7.787340491290482, 0.0 ], [ 109.74243441424656, -7.787335793290526, 0.0 ], [ 109.742441444735206, -7.787328667046463, 0.0 ], [ 109.742464244783704, -7.787309695873157, 0.0 ], [ 109.742483382002462, -7.787293772479005, 0.0 ], [ 109.742505396215819, -7.787306862325778, 0.0 ], [ 109.742525350017218, -7.787328915943347, 0.0 ], [ 109.742531031129275, -7.787337141028963, 0.0 ], [ 109.742539218584383, -7.787351470646428, 0.0 ], [ 109.742557039097704, -7.787384869195644, 0.0 ], [ 109.742586891054842, -7.787440816997508, 0.0 ], [ 109.742616743221646, -7.787496764798921, 0.0 ], [ 109.742646595189811, -7.787552712598812, 0.0 ], [ 109.742645562950614, -7.787557753866139, 0.0 ], [ 109.742638855562618, -7.787596931596315, 0.0 ], [ 109.742636273659883, -7.787608541239098, 0.0 ], [ 109.742594152335016, -7.787711922272658, 0.0 ], [ 109.742590810291034, -7.787720124893618, 0.0 ], [ 109.742588555301339, -7.787725659444858, 0.0 ], [ 109.742575566606249, -7.787757538469812, 0.0 ], [ 109.742568078575843, -7.787775916717317, 0.0 ], [ 109.742537730639469, -7.787850401501029, 0.0 ], [ 109.742481308899173, -7.787988881268845, 0.0 ], [ 109.742477643061918, -7.78799544892873, 0.0 ], [ 109.7424754879478, -7.787999079053287, 0.0 ], [ 109.7424671792335, -7.788013074392997, 0.0 ], [ 109.742456904031684, -7.78803066774068, 0.0 ], [ 109.742441873228572, -7.788054838578145, 0.0 ], [ 109.74243544945513, -7.788065168660419, 0.0 ], [ 109.742425025618886, -7.788080925994329, 0.0 ], [ 109.74239913505582, -7.788084760984833, 0.0 ] ] } },
{ "type": "Feature", "properties": { "Id": 40, "Contour": 18.0, "Skor": 2.0, "Shape_Leng": 515.02364754799999 }, "geometry": { "type": "LineString", "coordinates": [ [ 109.742455441632742, -7.788589459682308, 0.0 ], [ 109.742427051880597, -7.788613387095283, 0.0 ], [ 109.74242509338039, -7.788615037773973, 0.0 ], [ 109.742423428609484, -7.788616327134863, 0.0 ], [ 109.742419939849526, -7.788616843899763, 0.0 ], [ 109.742377340385474, -7.788623154010553, 0.0 ], [ 109.74236739502966, -7.788624627129755, 0.0 ], [ 109.74231136144877, -7.788632927139515, 0.0 ], [ 109.742287853165806, -7.788636409212363, 0.0 ], [ 109.742280022877381, -7.788637569011335, 0.0 ], [ 109.742231364086422, -7.788644776462347, 0.0 ], [ 109.742221810104652, -7.788646191569997, 0.0 ], [ 109.742182705201444, -7.788651983819768, 0.0 ], [ 109.742155766873282, -7.78865597408146, 0.0 ], [ 109.742134046495906, -7.788659191350001, 0.0 ], [ 109.742089723978054, -7.788665756252856, 0.0 ], [ 109.742085387494384, -7.788666398575586, 0.0 ], [ 109.742036728861834, -7.788673606168819, 0.0 ], [ 109.742023680612476, -7.788675538878373, 0.0 ], [ 109.74198806988673, -7.788680813411885, 0.0 ], [ 109.741957637658061, -7.788685321083046, 0.0 ], [ 109.741939411146973, -7.788688020889442, 0.0 ], [ 109.741919126357644, -7.788691025474889, 0.0 ], [ 109.741863092768384, -7.788699325425744, 0.0 ], [ 109.741842093655748, -7.788702435810832, 0.0 ], [ 109.741825551004027, -7.788704886193002, 0.0 ], [ 109.741793434910534, -7.788709643267597, 0.0 ], [ 109.741759508035884, -7.788714668374982, 0.0 ], [ 109.741744775937676, -7.788716850487869, 0.0 ], [ 109.741696117296499, -7.788724058040113, 0.0 ], [ 109.741693464659946, -7.788724450946602, 0.0 ], [ 109.74164745828169, -7.788731265206477, 0.0 ], [ 109.741627421763923, -7.78873423302951, 0.0 ], [ 109.741598799573694, -7.788738472678798, 0.0 ], [ 109.741582924809407, -7.788740824037109, 0.0 ], [ 109.741574297314443, -7.788731207644146, 0.0 ], [ 109.741574101264334, -7.788722573982167, 0.0 ], [ 109.741576330836779, -7.788715930130662, 0.0 ], [ 109.741583095049833, -7.788683791400855, 0.0 ], [ 109.74159074825269, -7.788674368890651, 0.0 ], [ 109.741589236631938, -7.78866675968924, 0.0 ], [ 109.741591148965128, -7.788658807337659, 0.0 ], [ 109.7416040472162, -7.788631685522785, 0.0 ], [ 109.741606721771703, -7.78861095237133, 0.0 ], [ 109.741639590366816, -7.788520796929705, 0.0 ], [ 109.741645346501258, -7.788505042445419, 0.0 ], [ 109.741647407708271, -7.788499354699526, 0.0 ], [ 109.74166782592016, -7.788443348879569, 0.0 ], [ 109.74193220833682, -7.787718170774419, 0.0 ], [ 109.74195255099994, -7.78766237190719, 0.0 ], [ 109.742013579564869, -7.787494975295517, 0.0 ], [ 109.742022564755231, -7.787482850440008, 0.0 ], [ 109.742048335844942, -7.787452680243052, 0.0 ], [ 109.742061530672686, -7.787439258347805, 0.0 ], [ 109.742077530851105, -7.787425945209999, 0.0 ], [ 109.742108056874628, -7.787400545568927, 0.0 ], [ 109.742128425498493, -7.787383597603852, 0.0 ], [ 109.742147108562321, -7.787368052158381, 0.0 ], [ 109.742169109025923, -7.78734974639195, 0.0 ], [ 109.742199635035647, -7.787324346735971, 0.0 ], [ 109.74223133057292, -7.787297974043725, 0.0 ], [ 109.74226221509862, -7.78727227607545, 0.0 ], [ 109.742315552556008, -7.787227896014521, 0.0 ], [ 109.742321739243877, -7.787222748298052, 0.0 ], [ 109.742352265232611, -7.787197348627948, 0.0 ], [ 109.742371700529901, -7.787181177217163, 0.0 ], [ 109.742396004867047, -7.787160954493626, 0.0 ], [ 109.74241331733613, -7.787146549412438, 0.0 ], [ 109.742443843317275, -7.787121149737182, 0.0 ], [ 109.742474369350759, -7.787095750114241, 0.0 ], [ 109.742483996441109, -7.787087739726628, 0.0 ], [ 109.742529794329982, -7.787049632857021, 0.0 ], [ 109.742540144378552, -7.787041020958995, 0.0 ], [ 109.742549089155361, -7.787040769911695, 0.0 ], [ 109.742581134841245, -7.787049785139621, 0.0 ], [ 109.74259284787999, -7.78705308031724, 0.0 ], [ 109.742596108443394, -7.787055960918827, 0.0 ], [ 109.742622683701541, -7.787105767630488, 0.0 ], [ 109.742653379091863, -7.787163295788954, 0.0 ], [ 109.742671716415742, -7.787197663088809, 0.0 ], [ 109.74269115179554, -7.787234088125104, 0.0 ], [ 109.742707503184107, -7.787264733428056, 0.0 ], [ 109.742712239983092, -7.787273611017246, 0.0 ], [ 109.742742092159702, -7.787329558811058, 0.0 ], [ 109.742771944140742, -7.78738550660329, 0.0 ], [ 109.742801796331449, -7.787441454395173, 0.0 ], [ 109.742831648323545, -7.787497402185394, 0.0 ], [ 109.742861500528363, -7.78755334997531, 0.0 ], [ 109.742862878240857, -7.787565078140663, 0.0 ], [ 109.742869279390263, -7.787604008053894, 0.0 ], [ 109.74286994828006, -7.787609234287792, 0.0 ], [ 109.742824484953346, -7.787720817977189, 0.0 ], [ 109.742822655306583, -7.787725308578216, 0.0 ], [ 109.742806451860247, -7.787765077836505, 0.0 ], [ 109.74280175327948, -7.787776609818386, 0.0 ], [ 109.742761692383226, -7.787874933860667, 0.0 ], [ 109.742710826716532, -7.78799977716059, 0.0 ], [ 109.742709231110567, -7.788003693351676, 0.0 ], [ 109.742693027527437, -7.78804346248799, 0.0 ], [ 109.742688094873614, -7.788055568989812, 0.0 ], [ 109.742648848989475, -7.788151892909998, 0.0 ], [ 109.742597168123766, -7.788278736285394, 0.0 ], [ 109.742595806603347, -7.788282077927614, 0.0 ], [ 109.742579603110286, -7.788321847169396, 0.0 ], [ 109.742574436379854, -7.788334528103399, 0.0 ], [ 109.742536005424668, -7.788428851351588, 0.0 ], [ 109.742483509542865, -7.788557695352688, 0.0 ], [ 109.742482382061525, -7.788560462588672, 0.0 ], [ 109.742479583576213, -7.788567331005924, 0.0 ], [ 109.742455441632742, -7.788589459682308, 0.0 ] ] } },
{ "type": "Feature", "properties": { "Id": 65, "Contour": 16.0, "Skor": 2.0, "Shape_Leng": 1592.6535676599999 }, "geometry": { "type": "MultiLineString", "coordinates": [ [ [ 109.742475672073112, -7.786636983183459, 0.0 ], [ 109.742485342860633, -7.786636240447178, 0.0 ], [ 109.742509593368595, -7.786634377832201, 0.0 ], [ 109.74251655662998, -7.786633842987992, 0.0 ], [ 109.742541364250798, -7.786631937589035, 0.0 ], [ 109.74256842820175, -7.786629859031294, 0.0 ], [ 109.74257048634378, -7.786629700956841, 0.0 ], [ 109.742597385640153, -7.786627635030941, 0.0 ], [ 109.742620299758016, -7.78662587505184, 0.0 ], [ 109.742631379297109, -7.786625024091942, 0.0 ], [ 109.742653407030289, -7.786623332202984, 0.0 ], [ 109.742672171317452, -7.786621891069137, 0.0 ], [ 109.742692272250551, -7.786620347218005, 0.0 ], [ 109.742709428419815, -7.786619029581165, 0.0 ], [ 109.742724042873803, -7.786617907076635, 0.0 ], [ 109.742753165203993, -7.786615670335189, 0.0 ], [ 109.742765449809909, -7.786614726786564, 0.0 ], [ 109.742775914430183, -7.786613923080948, 0.0 ], [ 109.742814058157478, -7.786610993443356, 0.0 ], [ 109.742821471199662, -7.786610424101006, 0.0 ], [ 109.742827785986577, -7.786609939075485, 0.0 ], [ 109.742874951110977, -7.786606316542558, 0.0 ], [ 109.742877492589642, -7.786606121339821, 0.0 ], [ 109.742879657543028, -7.786605955063503, 0.0 ], [ 109.742933513979608, -7.78660181860341, 0.0 ], [ 109.742935844052056, -7.786601639648931, 0.0 ], [ 109.742983400898382, -7.786597987266871, 0.0 ], [ 109.742989535368793, -7.786597516118531, 0.0 ], [ 109.742996736739983, -7.786596962991758, 0.0 ], [ 109.743035272262233, -7.786594003043746, 0.0 ], [ 109.743045556759583, -7.786593213111103, 0.0 ], [ 109.74305762990619, -7.786592285857433, 0.0 ], [ 109.743087143971081, -7.786590019158415, 0.0 ], [ 109.743101578149009, -7.786588910562472, 0.0 ], [ 109.743118522703611, -7.786587609072521, 0.0 ], [ 109.743139015415807, -7.78658603500347, 0.0 ], [ 109.7431575995397, -7.786584607585231, 0.0 ], [ 109.743179415757368, -7.786582932030067, 0.0 ], [ 109.743190887043923, -7.786582051023921, 0.0 ], [ 109.743213620929353, -7.786580304979291, 0.0 ], [ 109.74324163162467, -7.786578153501837, 0.0 ], [ 109.743242758569494, -7.786578066937178, 0.0 ], [ 109.743269642320001, -7.786576002032222, 0.0 ], [ 109.743294630132397, -7.786574082879654, 0.0 ], [ 109.743301201630615, -7.786573578147416, 0.0 ], [ 109.743325663709825, -7.786571699362558, 0.0 ], [ 109.743340246572629, -7.786570579263454, 0.0 ] ], [ [ 109.741722980237284, -7.789255243289948, 0.0 ], [ 109.741693393926312, -7.789259625551249, 0.0 ], [ 109.741674321327409, -7.789262450621645, 0.0 ], [ 109.741653237368169, -7.789265573564942, 0.0 ], [ 109.741637360260427, -7.789267925300561, 0.0 ], [ 109.741625662441649, -7.789269657970235, 0.0 ], [ 109.741587193925881, -7.7892753560862, 0.0 ], [ 109.741577003704236, -7.789276865462371, 0.0 ], [ 109.741548480320205, -7.789281090200958, 0.0 ], [ 109.741528344608696, -7.789284072591368, 0.0 ], [ 109.741525292926141, -7.789284524597876, 0.0 ], [ 109.741469259256547, -7.789292824521482, 0.0 ], [ 109.741455107424613, -7.789294920712053, 0.0 ], [ 109.741431027142355, -7.789298487562565, 0.0 ], [ 109.741413225586228, -7.789301124340125, 0.0 ], [ 109.741389064137422, -7.789304703039471, 0.0 ], [ 109.741382368178066, -7.789305694807197, 0.0 ], [ 109.74135719191581, -7.789309423830431, 0.0 ], [ 109.741333709272013, -7.789312902107597, 0.0 ], [ 109.741323020964401, -7.789314485246329, 0.0 ], [ 109.741301158243616, -7.789317723559141, 0.0 ], [ 109.741285050355856, -7.789320109392476, 0.0 ], [ 109.741256977768131, -7.789324267458486, 0.0 ], [ 109.741245124570895, -7.789326023111603, 0.0 ], [ 109.741236391442044, -7.789327316671459, 0.0 ], [ 109.741190934573481, -7.789334049659949, 0.0 ], [ 109.741189090896825, -7.789334322747038, 0.0 ], [ 109.741183851934238, -7.789330630604304, 0.0 ], [ 109.741178770238236, -7.789335851467232, 0.0 ], [ 109.741139073804689, -7.789341731406767, 0.0 ], [ 109.74113305722112, -7.789342622585184, 0.0 ], [ 109.741130120665417, -7.789338647512611, 0.0 ], [ 109.741130061718238, -7.789335706789033, 0.0 ], [ 109.741130848437422, -7.789333479010952, 0.0 ], [ 109.741133107000252, -7.78932595327331, 0.0 ], [ 109.741156372474038, -7.789303060845879, 0.0 ], [ 109.741154261064096, -7.789279919448671, 0.0 ], [ 109.741161931818482, -7.789252612379673, 0.0 ], [ 109.741161916178925, -7.789251431932334, 0.0 ], [ 109.741166756502636, -7.789224097342831, 0.0 ], [ 109.74118776365053, -7.789166476947955, 0.0 ], [ 109.74120271922871, -7.789125455604283, 0.0 ], [ 109.74120744266223, -7.789112499744552, 0.0 ], [ 109.741217842893235, -7.78908397291347, 0.0 ], [ 109.7412277856467, -7.789056700942155, 0.0 ], [ 109.741349843848766, -7.788721908087608, 0.0 ], [ 109.741360015303769, -7.788694008679673, 0.0 ], [ 109.74136722974778, -7.788674220110178, 0.0 ], [ 109.741370186775882, -7.788666109271364, 0.0 ], [ 109.741412096263204, -7.78855115594321, 0.0 ], [ 109.741415492386793, -7.788541840672386, 0.0 ], [ 109.741427051680574, -7.788510134476319, 0.0 ], [ 109.741431215721178, -7.788498712811292, 0.0 ], [ 109.741471963560798, -7.78838694524339, 0.0 ], [ 109.741486873529979, -7.788346048792866, 0.0 ], [ 109.741492244652406, -7.78833131633351, 0.0 ], [ 109.741502416091166, -7.788303416918682, 0.0 ], [ 109.741503664415006, -7.788299992886657, 0.0 ], [ 109.741512587550162, -7.788275517503404, 0.0 ], [ 109.741634645213338, -7.787940724482555, 0.0 ], [ 109.741644816626518, -7.787912825060819, 0.0 ], [ 109.741651383333632, -7.787894813084834, 0.0 ], [ 109.741654988056837, -7.787884925638631, 0.0 ], [ 109.741696249651426, -7.787771748860147, 0.0 ], [ 109.741711204999831, -7.78773072736643, 0.0 ], [ 109.741716016723373, -7.787717529095365, 0.0 ], [ 109.741736359581722, -7.787661730243575, 0.0 ], [ 109.741741115760888, -7.787648684447204, 0.0 ], [ 109.741756702536478, -7.787605931390146, 0.0 ], [ 109.741777045382037, -7.787550132534432, 0.0 ], [ 109.741785981954095, -7.787525620141538, 0.0 ], [ 109.741789842216633, -7.787515031748497, 0.0 ], [ 109.741797388196204, -7.787494333676631, 0.0 ], [ 109.74181078955948, -7.787457574819991, 0.0 ], [ 109.741816026400542, -7.787443711371901, 0.0 ], [ 109.741818250918826, -7.787438536360034, 0.0 ], [ 109.741843755549979, -7.787415505671279, 0.0 ], [ 109.741866983096145, -7.787395612757458, 0.0 ], [ 109.741873973151286, -7.787389796598789, 0.0 ], [ 109.741882301096126, -7.787382867217056, 0.0 ], [ 109.741923131135323, -7.787348894105849, 0.0 ], [ 109.741949196080498, -7.787327206504076, 0.0 ], [ 109.741964480386827, -7.787312523352433, 0.0 ], [ 109.741979279162337, -7.787302175477156, 0.0 ], [ 109.741996077410221, -7.787288198241358, 0.0 ], [ 109.742016090898147, -7.787271545777132, 0.0 ], [ 109.742024390446332, -7.787260578350931, 0.0 ], [ 109.742035427177413, -7.787255456790322, 0.0 ], [ 109.742057129535382, -7.787237399057132, 0.0 ], [ 109.742082985717332, -7.787215885036689, 0.0 ], [ 109.742084698208714, -7.787209032363011, 0.0 ], [ 109.742091587896127, -7.787204475606025, 0.0 ], [ 109.742113479289927, -7.787181882062646, 0.0 ], [ 109.742142508026575, -7.787165393605076, 0.0 ], [ 109.742147723171271, -7.787162019401016, 0.0 ], [ 109.742149880597267, -7.787160224282987, 0.0 ], [ 109.742154572996697, -7.7871534321942, 0.0 ], [ 109.742166054361334, -7.78712257798783, 0.0 ], [ 109.742185566075349, -7.787122705146871, 0.0 ], [ 109.742203871778514, -7.787115090011377, 0.0 ], [ 109.742209640286532, -7.787110281165473, 0.0 ], [ 109.742216535019296, -7.78710456280239, 0.0 ], [ 109.742218369796845, -7.787090182988734, 0.0 ], [ 109.742204002970524, -7.787071108106838, 0.0 ], [ 109.742181353704993, -7.787071187801836, 0.0 ], [ 109.742170712272213, -7.787071225274929, 0.0 ], [ 109.742147993772221, -7.787071305209648, 0.0 ], [ 109.742124977990926, -7.787071386064834, 0.0 ], [ 109.742115064742279, -7.78707142086217, 0.0 ], [ 109.742091984576106, -7.787071501939056, 0.0 ], [ 109.742068602456186, -7.7870715841427, 0.0 ], [ 109.742059417256939, -7.787071616484291, 0.0 ], [ 109.742035975380489, -7.787071698894207, 0.0 ], [ 109.742012226822581, -7.787071782313177, 0.0 ], [ 109.74200376967022, -7.787071811998442, 0.0 ], [ 109.741979966186662, -7.787071895608816, 0.0 ], [ 109.741955851221334, -7.787071980450314, 0.0 ], [ 109.741948122243059, -7.787072007661144, 0.0 ], [ 109.74192395699292, -7.787072092675478, 0.0 ], [ 109.741899475530644, -7.787072178663878, 0.0 ], [ 109.741892474733149, -7.787072203232144, 0.0 ], [ 109.74184310005991, -7.787072376650374, 0.0 ], [ 109.741836827090737, -7.787072398665862, 0.0 ], [ 109.741811938610923, -7.787072486080543, 0.0 ], [ 109.741786724446513, -7.787072574777877, 0.0 ], [ 109.741781179657622, -7.787072594296884, 0.0 ], [ 109.74175592942062, -7.787072683118508, 0.0 ], [ 109.741730348771739, -7.787072772959252, 0.0 ], [ 109.741725532163471, -7.787072789862165, 0.0 ], [ 109.741699920232435, -7.787072879808965, 0.0 ], [ 109.741673973151251, -7.787072971078198, 0.0 ], [ 109.741669884723308, -7.78707298547205, 0.0 ], [ 109.741643911044363, -7.787073076832107, 0.0 ], [ 109.741617597485089, -7.787073169238061, 0.0 ], [ 109.741614237240739, -7.787073181029192, 0.0 ], [ 109.74158790185848, -7.787073273510996, 0.0 ], [ 109.74156122186065, -7.787073367348506, 0.0 ], [ 109.741558589793499, -7.787073376614716, 0.0 ], [ 109.741531892672711, -7.787073470512814, 0.0 ], [ 109.741503888080743, -7.78707356884745, 0.0 ], [ 109.741502942322512, -7.787073572163695, 0.0 ], [ 109.741475883489045, -7.787073667180183, 0.0 ], [ 109.741419874305578, -7.787073864163945, 0.0 ], [ 109.741363865124185, -7.787074060822929, 0.0 ], [ 109.741307855942992, -7.787074257785386, 0.0 ], [ 109.741279851353298, -7.787074356108383, 0.0 ], [ 109.741279343652678, -7.78707435789444, 0.0 ], [ 109.741251846763888, -7.787074454432815, 0.0 ], [ 109.741223842174279, -7.787074552907534, 0.0 ], [ 109.741222968019542, -7.787074555975947, 0.0 ], [ 109.741195837584954, -7.787074651377202, 0.0 ], [ 109.741170516632152, -7.787076209242211, 0.0 ], [ 109.741164331776886, -7.787076995247579, 0.0 ], [ 109.74113981687357, -7.78707871168714, 0.0 ], [ 109.741120968310867, -7.787082523951952, 0.0 ], [ 109.741083902235999, -7.787101040636389, 0.0 ], [ 109.741083741458937, -7.787101094865721, 0.0 ], [ 109.741083672141627, -7.787101131118082, 0.0 ], [ 109.741083583472388, -7.78710119987869, 0.0 ], [ 109.741027576978198, -7.787153307550525, 0.0 ], [ 109.741025717348151, -7.787155037738389, 0.0 ], [ 109.740996743814605, -7.787181994926024, 0.0 ], [ 109.74097141235562, -7.787205563137567, 0.0 ], [ 109.740967770038125, -7.787208951870703, 0.0 ], [ 109.740963888777088, -7.787212562856736, 0.0 ], [ 109.740938796034229, -7.787235908588648, 0.0 ], [ 109.740915247722157, -7.78725781774331, 0.0 ], [ 109.740844194256084, -7.787323925791037, 0.0 ], [ 109.740802918410125, -7.787362328201286, 0.0 ], [ 109.740793927283605, -7.787370693471028, 0.0 ], [ 109.740784346761785, -7.787379607240867, 0.0 ], [ 109.740746753732424, -7.787414583749202, 0.0 ], [ 109.740735979859011, -7.787424607506426, 0.0 ], [ 109.740724499205086, -7.787435288679472, 0.0 ], [ 109.740707005772975, -7.787451564151549, 0.0 ], [ 109.740690589044476, -7.787466838111712, 0.0 ], [ 109.740664651738712, -7.787490970107201, 0.0 ], [ 109.740634424340669, -7.787519093173709, 0.0 ], [ 109.740622490608189, -7.787534849107521, 0.0 ], [ 109.740597636522494, -7.787565939316905, 0.0 ], [ 109.740578206977858, -7.787588973537033, 0.0 ], [ 109.740574057174356, -7.787598308465419, 0.0 ], [ 109.740572232106331, -7.787602413965732, 0.0 ], [ 109.740567541341733, -7.787612965735769, 0.0 ], [ 109.740556833090181, -7.787637053797703, 0.0 ], [ 109.740547432760962, -7.787658199497395, 0.0 ], [ 109.740539608961981, -7.787675799086538, 0.0 ], [ 109.740521819442463, -7.787715816892702, 0.0 ], [ 109.740497834795633, -7.787769770555053, 0.0 ], [ 109.740487937055889, -7.787792035451997, 0.0 ], [ 109.740479005290396, -7.787812127581054, 0.0 ], [ 109.740470713096514, -7.787830780920843, 0.0 ], [ 109.740453488990568, -7.7878695262455, 0.0 ], [ 109.740448236566507, -7.78788134160144, 0.0 ], [ 109.740423437707136, -7.787937127121412, 0.0 ], [ 109.740409044250626, -7.787969505033264, 0.0 ], [ 109.740401817011445, -7.787985762572355, 0.0 ], [ 109.740390469333875, -7.788011289205359, 0.0 ], [ 109.740384592993536, -7.788024507995842, 0.0 ], [ 109.740367369062128, -7.788063253505766, 0.0 ], [ 109.740352656596414, -7.78809634909606, 0.0 ], [ 109.740350144996597, -7.788101998884471, 0.0 ], [ 109.740349040407622, -7.788104483663583, 0.0 ], [ 109.740346201399419, -7.788110869924123, 0.0 ], [ 109.74033292086834, -7.788140744203443, 0.0 ], [ 109.740324241007059, -7.788160269171526, 0.0 ], [ 109.740299441960502, -7.788216054677869, 0.0 ], [ 109.740298472725328, -7.788218234961002, 0.0 ], [ 109.740296268905325, -7.788223192471549, 0.0 ], [ 109.740279067624613, -7.788254792136756, 0.0 ], [ 109.740274642906428, -7.788271840181567, 0.0 ], [ 109.740264024648596, -7.788295725797922, 0.0 ], [ 109.740257665064732, -7.788310031730362, 0.0 ], [ 109.740246800635859, -7.788334471243687, 0.0 ], [ 109.740239881173636, -7.788350036406581, 0.0 ], [ 109.740222022007373, -7.788345368389461, 0.0 ], [ 109.740214890159834, -7.788327521797282, 0.0 ], [ 109.740206081465359, -7.788305478665663, 0.0 ], [ 109.740207927825054, -7.788295470454866, 0.0 ], [ 109.74020403559274, -7.788271630333155, 0.0 ], [ 109.74020463924127, -7.788251215260848, 0.0 ], [ 109.740206245814491, -7.788237756741229, 0.0 ], [ 109.740206797257599, -7.788215779338189, 0.0 ], [ 109.740209550186208, -7.788190653297209, 0.0 ], [ 109.740210103730774, -7.788185601197472, 0.0 ], [ 109.740212915463374, -7.788159938318835, 0.0 ], [ 109.740215634366663, -7.788135123878404, 0.0 ], [ 109.740216395978877, -7.788128173114094, 0.0 ], [ 109.740219033965587, -7.788104097299847, 0.0 ], [ 109.740221165071674, -7.788084646633707, 0.0 ], [ 109.740223241661781, -7.788065693036931, 0.0 ], [ 109.740226695544507, -7.78803416915469, 0.0 ], [ 109.740230087116132, -7.788003213181915, 0.0 ], [ 109.740231270173027, -7.787992415258129, 0.0 ], [ 109.740232225983959, -7.787983691649321, 0.0 ], [ 109.740236933067123, -7.787940732829026, 0.0 ], [ 109.740241221075991, -7.787901596925565, 0.0 ], [ 109.740243287471287, -7.787882737244735, 0.0 ], [ 109.740243507051886, -7.787880733216472, 0.0 ], [ 109.740243778833332, -7.78787825265317, 0.0 ], [ 109.740248818108995, -7.787832259942769, 0.0 ], [ 109.740249625346834, -7.787824892194458, 0.0 ], [ 109.740250624586622, -7.787815772492826, 0.0 ], [ 109.740254348744401, -7.787781782637165, 0.0 ], [ 109.740255743726294, -7.787769051172245, 0.0 ], [ 109.74025747033329, -7.787753292328622, 0.0 ], [ 109.740259879377547, -7.787731305331177, 0.0 ], [ 109.740261861953357, -7.787713210149098, 0.0 ], [ 109.740264316079603, -7.787690812163801, 0.0 ], [ 109.740265410008391, -7.78768082802477, 0.0 ], [ 109.740267980389518, -7.787657369126054, 0.0 ], [ 109.740271161816153, -7.787628332004845, 0.0 ], [ 109.740274098548639, -7.787601528101741, 0.0 ], [ 109.740276471232121, -7.787579873384774, 0.0 ], [ 109.740278007605468, -7.787565851787126, 0.0 ], [ 109.740280217041573, -7.787545687077937, 0.0 ], [ 109.740286335067339, -7.787489846052226, 0.0 ], [ 109.740287532322455, -7.78747891861325, 0.0 ], [ 109.740291698567177, -7.787440891953668, 0.0 ], [ 109.740292453124567, -7.787434005026197, 0.0 ], [ 109.740293062755455, -7.787428441119697, 0.0 ], [ 109.74029859361184, -7.787377964051218, 0.0 ], [ 109.740304124226682, -7.787327486742006, 0.0 ], [ 109.74030469001606, -7.787322322974899, 0.0 ], [ 109.740305390312017, -7.787315931326695, 0.0 ], [ 109.740309654839251, -7.787277009435645, 0.0 ], [ 109.740310808264368, -7.787266481947959, 0.0 ], [ 109.740312236030718, -7.787253451160796, 0.0 ], [ 109.740315185449546, -7.78722653212563, 0.0 ], [ 109.740316926634549, -7.787210640920861, 0.0 ], [ 109.740319081748993, -7.787190970991091, 0.0 ], [ 109.740320716057553, -7.787176054815215, 0.0 ], [ 109.740323044814929, -7.787154799892748, 0.0 ], [ 109.740326104022543, -7.787126879378857, 0.0 ], [ 109.740326246663244, -7.78712557750765, 0.0 ], [ 109.740329163241896, -7.787098958864892, 0.0 ], [ 109.740331777285348, -7.787075100215914, 0.0 ], [ 109.740332773140722, -7.787066010678867, 0.0 ], [ 109.740335281354348, -7.787043117835582, 0.0 ], [ 109.740341399323754, -7.786987276805433, 0.0 ], [ 109.740342838127958, -7.786974145234963, 0.0 ], [ 109.74034646435905, -7.786941050528807, 0.0 ], [ 109.740347517835787, -7.786931435776346, 0.0 ], [ 109.740348368892342, -7.786923668091491, 0.0 ], [ 109.740353309800398, -7.786878570611066, 0.0 ], [ 109.740353635846361, -7.786875594745285, 0.0 ], [ 109.740353899266012, -7.786873190561004, 0.0 ], [ 109.740359430106622, -7.786822713497891, 0.0 ], [ 109.740359754396479, -7.786819753715416, 0.0 ], [ 109.740360155810308, -7.78681609012448, 0.0 ], [ 109.740364960702564, -7.786772236190775, 0.0 ], [ 109.740365872700664, -7.786763912684263, 0.0 ], [ 109.740365475380869, -7.786755122963019, 0.0 ], [ 109.740366273700673, -7.786717527392393, 0.0 ], [ 109.74036589974861, -7.786708053554555, 0.0 ], [ 109.740364873523802, -7.786700026356847, 0.0 ], [ 109.740356891234455, -7.786678832771677, 0.0 ], [ 109.740350509104971, -7.786658574085442, 0.0 ], [ 109.740348663013407, -7.786652143131104, 0.0 ], [ 109.740349954515835, -7.786645128332359, 0.0 ], [ 109.740357007724853, -7.786639834642376, 0.0 ], [ 109.740379212941136, -7.786630116826291, 0.0 ], [ 109.740386374575607, -7.786625642252394, 0.0 ], [ 109.740413075808888, -7.786619891660867, 0.0 ], [ 109.740437361683973, -7.786620771206135, 0.0 ], [ 109.740444552733848, -7.786621031615028, 0.0 ], [ 109.740469078265392, -7.786621919843526, 0.0 ], [ 109.740495295036311, -7.786622869275234, 0.0 ], [ 109.740498748834739, -7.786622994360877, 0.0 ], [ 109.740553228359403, -7.786624967307339, 0.0 ], [ 109.740581083183912, -7.786625976050916, 0.0 ], [ 109.740607141113259, -7.786626919764136, 0.0 ], [ 109.740611161740262, -7.786627065386798, 0.0 ], [ 109.740637085645474, -7.786628004250494, 0.0 ], [ 109.740661337203363, -7.786628882505592, 0.0 ], [ 109.740669095101239, -7.78662916343894, 0.0 ], [ 109.740693088109069, -7.786630032322958, 0.0 ], [ 109.740749090574681, -7.786632060303866, 0.0 ], [ 109.740769729632248, -7.786632807725713, 0.0 ], [ 109.740784961623618, -7.786633359308612, 0.0 ], [ 109.740805093041828, -7.786634088342249, 0.0 ], [ 109.740823925795993, -7.786634770378772, 0.0 ], [ 109.740842895080206, -7.786635457424952, 0.0 ], [ 109.740861095510112, -7.786636116564419, 0.0 ], [ 109.740878121833148, -7.786636733150921, 0.0 ], [ 109.740900828408201, -7.786637555400374, 0.0 ], [ 109.740917097980713, -7.786638144581685, 0.0 ], [ 109.740973100453232, -7.786640172533389, 0.0 ], [ 109.740986514299991, -7.786640658293624, 0.0 ], [ 109.741016694917363, -7.786641751181454, 0.0 ], [ 109.741029102927314, -7.786642200516606, 0.0 ], [ 109.741040710485819, -7.786642620903162, 0.0 ], [ 109.741074628468411, -7.786643849354182, 0.0 ], [ 109.741085105402277, -7.786644228793708, 0.0 ], [ 109.741141107879969, -7.786646256723452, 0.0 ], [ 109.741149102724776, -7.786646546240479, 0.0 ], [ 109.741190495004204, -7.78664804510452, 0.0 ], [ 109.741197110359295, -7.786648284665291, 0.0 ], [ 109.741203298962333, -7.786648508780988, 0.0 ], [ 109.741248428594957, -7.786650143286279, 0.0 ], [ 109.741257494904559, -7.78665047161177, 0.0 ], [ 109.741309115322224, -7.786652340847625, 0.0 ], [ 109.741365887434654, -7.786654396616619, 0.0 ], [ 109.741421120292571, -7.786656396829139, 0.0 ], [ 109.741421799348799, -7.786656421418236, 0.0 ] ], [ [ 109.743364075008245, -7.786813150167813, 0.0 ], [ 109.743352782321594, -7.786828636110654, 0.0 ], [ 109.743341036090754, -7.786844744205399, 0.0 ], [ 109.74332478360013, -7.786867032378296, 0.0 ], [ 109.74331744284251, -7.786877099363505, 0.0 ], [ 109.743312137357933, -7.786884374901202, 0.0 ], [ 109.743293849229985, -7.786909454159169, 0.0 ], [ 109.743279174120943, -7.78692957915054, 0.0 ], [ 109.743271492329953, -7.786940113685904, 0.0 ], [ 109.74327025590263, -7.786941809238766, 0.0 ], [ 109.743268545146876, -7.786944155297991, 0.0 ], [ 109.743246662291796, -7.7869741640403, 0.0 ], [ 109.743230847069412, -7.786995852464199, 0.0 ], [ 109.74322306883559, -7.787006518999023, 0.0 ], [ 109.7432123066732, -7.787021277785739, 0.0 ], [ 109.743199475307264, -7.787038873884371, 0.0 ], [ 109.743190201800687, -7.787051591236675, 0.0 ], [ 109.743152287797884, -7.787103583210763, 0.0 ], [ 109.743149555647975, -7.78710733000088, 0.0 ], [ 109.743132580405657, -7.787130609059325, 0.0 ], [ 109.743128694369958, -7.787135938203953, 0.0 ], [ 109.74310891023822, -7.787163068761532, 0.0 ], [ 109.74309982966497, -7.787175521367996, 0.0 ], [ 109.743081507257244, -7.787200647937688, 0.0 ], [ 109.743068264935573, -7.787218807516781, 0.0 ], [ 109.743043591126366, -7.787252643822653, 0.0 ], [ 109.743034320132423, -7.787265357663746, 0.0 ], [ 109.743027619618488, -7.787274546266298, 0.0 ], [ 109.742987352566132, -7.787329766263009, 0.0 ], [ 109.742987241331591, -7.787330176083808, 0.0 ], [ 109.742987265460954, -7.78733028587341, 0.0 ], [ 109.742987296653368, -7.787330340025031, 0.0 ], [ 109.742986729591522, -7.78738568850244, 0.0 ], [ 109.742986849301658, -7.787386143902352, 0.0 ], [ 109.742987182635929, -7.787386768628855, 0.0 ], [ 109.742993136981937, -7.787392116911357, 0.0 ], [ 109.743018172473285, -7.787411116484711, 0.0 ], [ 109.743017327181803, -7.787416386465291, 0.0 ], [ 109.743024809301176, -7.787442115724649, 0.0 ], [ 109.743031206344284, -7.787453888132923, 0.0 ], [ 109.743042893807214, -7.787486566649847, 0.0 ], [ 109.743048797412825, -7.78749214168536, 0.0 ], [ 109.74305023432639, -7.787498050377295, 0.0 ], [ 109.743060031213815, -7.787515256410056, 0.0 ], [ 109.743068977567773, -7.787527828371102, 0.0 ], [ 109.743076405741732, -7.787553987242506, 0.0 ], [ 109.74308318802322, -7.78756943353673, 0.0 ], [ 109.743098563693948, -7.787600222168892, 0.0 ], [ 109.743102953107709, -7.7876055317356, 0.0 ], [ 109.743103487122468, -7.787609926805104, 0.0 ], [ 109.743102015384721, -7.787613404111416, 0.0 ], [ 109.743098497262935, -7.787622507409977, 0.0 ], [ 109.743085947414215, -7.787653309276609, 0.0 ], [ 109.74308089121277, -7.787665719070824, 0.0 ], [ 109.743042075738828, -7.78776098679918, 0.0 ], [ 109.743035428032627, -7.787777302790807, 0.0 ], [ 109.743030942605984, -7.787788311672911, 0.0 ], [ 109.743021133715828, -7.787812386351317, 0.0 ], [ 109.743012696352551, -7.78783309464706, 0.0 ], [ 109.742985654171747, -7.787899466109304, 0.0 ], [ 109.742944501519702, -7.788000470202661, 0.0 ], [ 109.742940116500336, -7.78801123265761, 0.0 ], [ 109.742929232560428, -7.788037945771059, 0.0 ], [ 109.742923912999316, -7.788051001864654, 0.0 ], [ 109.74292176980228, -7.788056262049631, 0.0 ], [ 109.74287630651159, -7.788167845737028, 0.0 ], [ 109.742864940622965, -7.788195741657233, 0.0 ], [ 109.742859099093238, -7.788210078830421, 0.0 ], [ 109.742853574745084, -7.788223637576912, 0.0 ], [ 109.742810488672205, -7.788329386586256, 0.0 ], [ 109.742808111396769, -7.788335221250366, 0.0 ], [ 109.742759967470136, -7.788453383763747, 0.0 ], [ 109.742717184634728, -7.788558388569385, 0.0 ], [ 109.742713267730792, -7.788568002062745, 0.0 ], [ 109.742703545686041, -7.788591863387711, 0.0 ], [ 109.74269706417995, -7.788607771256553, 0.0 ], [ 109.742694452847246, -7.788614180393131, 0.0 ], [ 109.742648453655164, -7.788727078980217, 0.0 ], [ 109.742632250074536, -7.788766848153004, 0.0 ], [ 109.742626257576688, -7.788781555850766, 0.0 ], [ 109.742583639500793, -7.788886155859267, 0.0 ], [ 109.742580794085114, -7.788893139477722, 0.0 ], [ 109.742534280077791, -7.789007301186038, 0.0 ], [ 109.742512598774923, -7.78906051490071, 0.0 ], [ 109.742502611161783, -7.789084991326731, 0.0 ], [ 109.742497916341037, -7.789096472646801, 0.0 ], [ 109.742489813308225, -7.789116306544469, 0.0 ], [ 109.742486280813793, -7.789124633338026, 0.0 ], [ 109.742477865137701, -7.789143428558981, 0.0 ], [ 109.742421831485885, -7.789151728611378, 0.0 ], [ 109.742404204373571, -7.789154339527828, 0.0 ], [ 109.742379713014898, -7.789157967234264, 0.0 ], [ 109.742365797833912, -7.789160028348352, 0.0 ], [ 109.742355545502718, -7.789161546970722, 0.0 ], [ 109.742313669788629, -7.789167749673963, 0.0 ], [ 109.742306886646602, -7.789168754417545, 0.0 ], [ 109.742281747353658, -7.789172478076866, 0.0 ], [ 109.742253730526414, -7.789176627964151, 0.0 ], [ 109.742247626560925, -7.789177532102891, 0.0 ], [ 109.742209569019025, -7.789183169391054, 0.0 ], [ 109.742197696870619, -7.789184927923911, 0.0 ], [ 109.742181583203603, -7.789187314650191, 0.0 ], [ 109.742160910020715, -7.78919037668062, 0.0 ], [ 109.742141663214909, -7.789193227490604, 0.0 ], [ 109.742115540104294, -7.789197096928357, 0.0 ], [ 109.74211225115836, -7.789197584104007, 0.0 ], [ 109.742085629557224, -7.789201527360331, 0.0 ], [ 109.742063592248584, -7.789204791476033, 0.0 ], [ 109.742049496915996, -7.78920687928299, 0.0 ], [ 109.742029595899211, -7.789209826989191, 0.0 ], [ 109.741973562239025, -7.789218126982691, 0.0 ], [ 109.741966274662829, -7.789219206436443, 0.0 ], [ 109.741917410253734, -7.789226444237449, 0.0 ], [ 109.741868956688634, -7.789233620990108, 0.0 ], [ 109.741861494917742, -7.789234726214476, 0.0 ], [ 109.741851367267387, -7.789236226356268, 0.0 ], [ 109.741820297942752, -7.789240828501817, 0.0 ], [ 109.741785323782565, -7.789246008955081, 0.0 ], [ 109.741771639168064, -7.789248035978382, 0.0 ], [ 109.741749427590534, -7.789251325991637, 0.0 ], [ 109.741722980237284, -7.789255243289948, 0.0 ] ] ] } },
{ "type": "Feature", "properties": { "Id": 12, "Contour": 20.0, "Skor": 3.0, "Shape_Leng": 206.39118693500001 }, "geometry": { "type": "MultiLineString", "coordinates": [ [ [ 109.743637152593237, -7.790974476437392, 0.0 ], [ 109.743613401030856, -7.790983782285807, 0.0 ], [ 109.743592533272988, -7.790991958206479, 0.0 ], [ 109.74353645861521, -7.791013928170522, 0.0 ], [ 109.743533081262356, -7.791015251405004, 0.0 ], [ 109.743524558757187, -7.791018590513795, 0.0 ], [ 109.743480383952573, -7.791035898123003, 0.0 ], [ 109.743452346619577, -7.791046883047465, 0.0 ], [ 109.743412601592553, -7.791062455054854, 0.0 ], [ 109.74337244163037, -7.791078189526957, 0.0 ], [ 109.743368234613285, -7.791079837824655, 0.0 ], [ 109.743362592335956, -7.791079597354504, 0.0 ], [ 109.743324766957485, -7.791061404156549, 0.0 ], [ 109.743312338391405, -7.79104195909215, 0.0 ], [ 109.743307340912466, -7.79102298685982, 0.0 ], [ 109.743306012144728, -7.791017942397789, 0.0 ], [ 109.743291286594712, -7.790962039463884, 0.0 ], [ 109.743283661842597, -7.790933093303241, 0.0 ], [ 109.743272443300967, -7.790890503779775, 0.0 ], [ 109.743263602938825, -7.790856942866578, 0.0 ], [ 109.743261835640126, -7.790850233596299, 0.0 ], [ 109.743261683410893, -7.790845477602494, 0.0 ], [ 109.743257102366556, -7.790794395143638, 0.0 ], [ 109.743257101108483, -7.790794360294388, 0.0 ], [ 109.743314276531635, -7.790626952080984, 0.0 ], [ 109.743328349546744, -7.79058574623711, 0.0 ], [ 109.743333334845246, -7.790571149339106, 0.0 ], [ 109.743370071990086, -7.790463583763419, 0.0 ], [ 109.743371111010532, -7.790460570119443, 0.0 ], [ 109.743371451747194, -7.790459543850867, 0.0 ], [ 109.743426574287227, -7.79029814566548, 0.0 ], [ 109.743447982828911, -7.790326616335082, 0.0 ], [ 109.743468535793667, -7.790361933545836, 0.0 ], [ 109.743482300337746, -7.790393082555831, 0.0 ], [ 109.743538498998646, -7.790572480153731, 0.0 ], [ 109.743581821598625, -7.790710775144466, 0.0 ] ], [ [ 109.743585649585043, -7.79072299489118, 0.0 ], [ 109.743593262614922, -7.790747297299937, 0.0 ], [ 109.743643361904617, -7.79090722425088, 0.0 ], [ 109.743642771270984, -7.790913212328745, 0.0 ], [ 109.743648719854008, -7.790932440226471, 0.0 ], [ 109.743654320688407, -7.790957455796208, 0.0 ], [ 109.743655978380943, -7.790963120926349, 0.0 ], [ 109.743652757268379, -7.79096724144808, 0.0 ], [ 109.743648607925905, -7.790969988259916, 0.0 ], [ 109.743637152593237, -7.790974476437392, 0.0 ] ] ] } },
{ "type": "Feature", "properties": { "Id": 36, "Contour": 18.0, "Skor": 2.0, "Shape_Leng": 10.8650409826 }, "geometry": { "type": "LineString", "coordinates": [ [ 109.737151546660257, -7.790972198529651, 0.0 ], [ 109.737147019486486, -7.790943771977433, 0.0 ], [ 109.73714725038748, -7.790939389847489, 0.0 ], [ 109.737151684602409, -7.790926161811705, 0.0 ], [ 109.73715521706545, -7.79094023135438, 0.0 ], [ 109.737157732819981, -7.790943803906714, 0.0 ], [ 109.737162248707435, -7.790954437698815, 0.0 ], [ 109.737151546660257, -7.790972198529651, 0.0 ] ] } },
{ "type": "Feature", "properties": { "Id": 106, "Contour": 11.0, "Skor": 1.0, "Shape_Leng": 303.01477646900003 }, "geometry": { "type": "LineString", "coordinates": [ [ 109.73799644229598, -7.786756866036751, 0.0 ], [ 109.737999887171682, -7.78676126510597, 0.0 ], [ 109.738004286054675, -7.786761820769455, 0.0 ], [ 109.738006030181978, -7.786758624515393, 0.0 ], [ 109.738006470153522, -7.786756895887336, 0.0 ], [ 109.738006599278222, -7.78675461073672, 0.0 ], [ 109.738006485369127, -7.786703054822413, 0.0 ], [ 109.738006613615354, -7.78670103715339, 0.0 ], [ 109.738008841576814, -7.78669669478723, 0.0 ], [ 109.738008440642105, -7.786648990177263, 0.0 ], [ 109.738054369841095, -7.78665155813416, 0.0 ], [ 109.738060633338918, -7.786648605516145, 0.0 ], [ 109.738063688749776, -7.786648394520931, 0.0 ], [ 109.738066736306493, -7.786645356955941, 0.0 ], [ 109.738069623357859, -7.78663643581756, 0.0 ], [ 109.738081128595084, -7.786609865632826, 0.0 ], [ 109.738085904244556, -7.786589554847263, 0.0 ], [ 109.738087112233785, -7.78656340441561, 0.0 ], [ 109.738087095384941, -7.786559825775627, 0.0 ], [ 109.738088428540223, -7.786533703197718, 0.0 ], [ 109.738099941803611, -7.786516688285752, 0.0 ], [ 109.738117048551757, -7.786512678058187, 0.0 ], [ 109.738137491212711, -7.786513458727611, 0.0 ], [ 109.73815959229438, -7.786533915009064, 0.0 ], [ 109.738161356637434, -7.786545491514826, 0.0 ], [ 109.738167260646065, -7.786584229615479, 0.0 ], [ 109.738168109539785, -7.786589799523716, 0.0 ], [ 109.738168878142361, -7.786593727660907, 0.0 ], [ 109.738172767896657, -7.786609297720024, 0.0 ], [ 109.73818390500206, -7.786600928979031, 0.0 ], [ 109.738209791214928, -7.786589923579276, 0.0 ], [ 109.738222480322335, -7.786583605415839, 0.0 ], [ 109.738228854743909, -7.786583101685842, 0.0 ], [ 109.738284975835441, -7.786545458152491, 0.0 ], [ 109.738291668184644, -7.786540969202218, 0.0 ], [ 109.738301555107853, -7.786534337510612, 0.0 ], [ 109.738453339053834, -7.786432527497858, 0.0 ], [ 109.738459004879317, -7.786428727091304, 0.0 ], [ 109.738467375272137, -7.78642311261238, 0.0 ], [ 109.73850946010792, -7.786394883928123, 0.0 ], [ 109.73852593951645, -7.786383830208093, 0.0 ], [ 109.738550285325147, -7.786367500133525, 0.0 ], [ 109.738621702187928, -7.786319596761316, 0.0 ], [ 109.738626341490701, -7.786316484902795, 0.0 ], [ 109.738633195354595, -7.786311887634731, 0.0 ], [ 109.738677823213891, -7.786281953164262, 0.0 ], [ 109.738693276094551, -7.786271587983948, 0.0 ], [ 109.738716105366706, -7.786256275116116, 0.0 ], [ 109.738725189275058, -7.786247580270349, 0.0 ], [ 109.73873397835338, -7.786232900132736, 0.0 ], [ 109.73874614483465, -7.786212578748096, 0.0 ], [ 109.738749915841282, -7.7862005165196, 0.0 ], [ 109.738737818503111, -7.786144621354705, 0.0 ], [ 109.738737184838044, -7.786141693577282, 0.0 ], [ 109.738734291115691, -7.786128323227915, 0.0 ], [ 109.738725721167057, -7.78608872618987, 0.0 ], [ 109.738687288965039, -7.786079774410974, 0.0 ], [ 109.738665526743517, -7.78607566808157, 0.0 ], [ 109.738640689618933, -7.786070280108995, 0.0 ], [ 109.738622457505841, -7.786067067427571, 0.0 ], [ 109.738596565076719, -7.786062504903192, 0.0 ], [ 109.738593071656112, -7.78606179566724, 0.0 ], [ 109.738544923664406, -7.786053836694105, 0.0 ], [ 109.738530174022003, -7.786051920812194, 0.0 ], [ 109.738510495173713, -7.786048857083578, 0.0 ], [ 109.738496040394182, -7.786046606680512, 0.0 ], [ 109.73846527663963, -7.786042835316837, 0.0 ], [ 109.738446461107173, -7.7860400666941, 0.0 ], [ 109.738401469719591, -7.78603484387193, 0.0 ], [ 109.738396283091973, -7.78603412028245, 0.0 ], [ 109.738375463215476, -7.786031824924651, 0.0 ], [ 109.73833966723096, -7.786028863466772, 0.0 ], [ 109.738293118014155, -7.786025012345163, 0.0 ], [ 109.738230540028042, -7.786019835152596, 0.0 ], [ 109.738174545500883, -7.786015202593217, 0.0 ], [ 109.73815661656171, -7.786013286777348, 0.0 ], [ 109.738138726339713, -7.786010997533256, 0.0 ], [ 109.738118555856829, -7.786008938852615, 0.0 ], [ 109.738097721984062, -7.78601022385308, 0.0 ], [ 109.73807880645856, -7.786014709197802, 0.0 ], [ 109.738062525954064, -7.786016130303648, 0.0 ], [ 109.738048540704995, -7.78601690633238, 0.0 ], [ 109.738011502179589, -7.786030741761144, 0.0 ], [ 109.738010343847449, -7.78608659747615, 0.0 ], [ 109.738008026857713, -7.78619830890465, 0.0 ], [ 109.738006846908846, -7.786255206531107, 0.0 ], [ 109.738003393019213, -7.786421731759718, 0.0 ], [ 109.738002234673473, -7.78647758747338, 0.0 ], [ 109.737999917662776, -7.78658929889911, 0.0 ], [ 109.737998759315687, -7.786645154612193, 0.0 ], [ 109.73799644229598, -7.786756866036751, 0.0 ] ] } },
{ "type": "Feature", "properties": { "Id": 23, "Contour": 19.0, "Skor": 2.0, "Shape_Leng": 384.501066595 }, "geometry": { "type": "LineString", "coordinates": [ [ 109.737239164775758, -7.789769037090183, 0.0 ], [ 109.737219092058908, -7.789778884858954, 0.0 ], [ 109.737183073468984, -7.789796555835093, 0.0 ], [ 109.737181588804063, -7.789797284224282, 0.0 ], [ 109.737144085499722, -7.789815683533797, 0.0 ], [ 109.737122008322729, -7.789826514766236, 0.0 ], [ 109.737098936496594, -7.789837833997683, 0.0 ], [ 109.737042845173946, -7.789865352665939, 0.0 ], [ 109.737008838449881, -7.789882036638878, 0.0 ], [ 109.736994072452561, -7.789889280944339, 0.0 ], [ 109.736986753844377, -7.789892871484205, 0.0 ], [ 109.73697957096023, -7.789889124289641, 0.0 ], [ 109.736979662421504, -7.789881949685318, 0.0 ], [ 109.736981120742414, -7.789876286427259, 0.0 ], [ 109.736969841335437, -7.789843077377208, 0.0 ], [ 109.736971431841269, -7.789826066023679, 0.0 ], [ 109.736974175580187, -7.789813291756804, 0.0 ], [ 109.736983175715281, -7.789774165184384, 0.0 ], [ 109.736984038926266, -7.789770244464859, 0.0 ], [ 109.736984635999363, -7.789767760190554, 0.0 ], [ 109.73698714302914, -7.789762983244008, 0.0 ], [ 109.737005922236179, -7.789733090228256, 0.0 ], [ 109.737007690772472, -7.789714455820948, 0.0 ], [ 109.737016302426014, -7.789687478172937, 0.0 ], [ 109.737016749274602, -7.789685188183731, 0.0 ], [ 109.737023779404211, -7.789658644635071, 0.0 ], [ 109.737028171288429, -7.789643359716725, 0.0 ], [ 109.737043191107333, -7.789603281444824, 0.0 ], [ 109.7370433349857, -7.789602843779586, 0.0 ], [ 109.737043389663697, -7.78960260184447, 0.0 ], [ 109.737043633914737, -7.78960209987831, 0.0 ], [ 109.73705903192554, -7.789562269260594, 0.0 ], [ 109.737062965965649, -7.789547043147002, 0.0 ], [ 109.737082559218294, -7.78949124240006, 0.0 ], [ 109.737086716942329, -7.789477992702047, 0.0 ], [ 109.737100124748437, -7.789441216506635, 0.0 ], [ 109.737101748088648, -7.789437046989574, 0.0 ], [ 109.737102152464743, -7.789435441651269, 0.0 ], [ 109.737121745745455, -7.789379640900722, 0.0 ], [ 109.737130825873479, -7.789354167813296, 0.0 ], [ 109.737133581366464, -7.789346591680275, 0.0 ], [ 109.737141777245199, -7.789323841454059, 0.0 ], [ 109.737145713695071, -7.789313078312023, 0.0 ], [ 109.737156596309845, -7.789286749173673, 0.0 ], [ 109.737209339014726, -7.789156465351636, 0.0 ], [ 109.737210255371679, -7.789153727215758, 0.0 ], [ 109.737213022636809, -7.789147366150832, 0.0 ], [ 109.737269448920259, -7.789007983116876, 0.0 ], [ 109.737275549229139, -7.788995130822048, 0.0 ], [ 109.737277097470411, -7.788989089814732, 0.0 ], [ 109.737299683610416, -7.788933297964538, 0.0 ], [ 109.737310976682508, -7.788905402038566, 0.0 ], [ 109.737323300373006, -7.788874960270373, 0.0 ], [ 109.73732587516011, -7.788868600084737, 0.0 ], [ 109.737341391545883, -7.78883708473932, 0.0 ], [ 109.737344855891394, -7.788821714257198, 0.0 ], [ 109.737357524336389, -7.788790420885641, 0.0 ], [ 109.737371689645443, -7.788755429983807, 0.0 ], [ 109.73738230135622, -7.78872921710298, 0.0 ], [ 109.737391974270096, -7.788719755154938, 0.0 ], [ 109.737403308595347, -7.788689338084871, 0.0 ], [ 109.737408215328429, -7.788680023399655, 0.0 ], [ 109.737414074505907, -7.788654343028809, 0.0 ], [ 109.737421058190193, -7.788636882223999, 0.0 ], [ 109.737433063717774, -7.788604146370377, 0.0 ], [ 109.737435200329045, -7.788598546814774, 0.0 ], [ 109.737438727509044, -7.788589834022599, 0.0 ], [ 109.737464576407319, -7.788568491299309, 0.0 ], [ 109.737475272917749, -7.788542807035308, 0.0 ], [ 109.737481033061044, -7.788528975863483, 0.0 ], [ 109.737482277018657, -7.788499663989117, 0.0 ], [ 109.737485368613008, -7.788486977961331, 0.0 ], [ 109.737488095245965, -7.78848003491136, 0.0 ], [ 109.7374951323049, -7.788457568306447, 0.0 ], [ 109.737520570143232, -7.788461700557805, 0.0 ], [ 109.737543248083554, -7.788487150358842, 0.0 ], [ 109.737544275549197, -7.788493892062744, 0.0 ], [ 109.737551923646876, -7.788544074245498, 0.0 ], [ 109.737560282425349, -7.788598919389476, 0.0 ], [ 109.737562003808279, -7.788610214183203, 0.0 ], [ 109.737566396983382, -7.788639039552159, 0.0 ], [ 109.737568799540242, -7.788654803904715, 0.0 ], [ 109.737577316696729, -7.78871068842008, 0.0 ], [ 109.737581144516568, -7.788735804636731, 0.0 ], [ 109.737582164011371, -7.788742493938646, 0.0 ], [ 109.737585833770169, -7.788766572935297, 0.0 ], [ 109.737602868154056, -7.788878341966497, 0.0 ], [ 109.737603265956793, -7.788880952136394, 0.0 ], [ 109.737610639611404, -7.788929334793502, 0.0 ], [ 109.737611385127892, -7.788934226481548, 0.0 ], [ 109.737636936713699, -7.789101880028874, 0.0 ], [ 109.737640134897561, -7.7891228647732, 0.0 ], [ 109.73764264474444, -7.78913933328464, 0.0 ], [ 109.737645453754254, -7.789157764544232, 0.0 ], [ 109.737653970917478, -7.789213649060066, 0.0 ], [ 109.737654882422078, -7.789219629884329, 0.0 ], [ 109.737662805021756, -7.789271613089886, 0.0 ], [ 109.737671005290807, -7.789325418091939, 0.0 ], [ 109.737672885200013, -7.789337753028336, 0.0 ], [ 109.737677003896309, -7.78936477737209, 0.0 ], [ 109.737679522416784, -7.789381302607794, 0.0 ], [ 109.737683528101087, -7.789404457545904, 0.0 ], [ 109.737684815236463, -7.789412726121268, 0.0 ], [ 109.737689231947172, -7.78943719067524, 0.0 ], [ 109.737694817121678, -7.789458503191668, 0.0 ], [ 109.737703976205424, -7.78948099964394, 0.0 ], [ 109.737707978907252, -7.789493105660614, 0.0 ], [ 109.737705001546573, -7.789504099298547, 0.0 ], [ 109.737703209126877, -7.789536256504523, 0.0 ], [ 109.737696967427013, -7.789548932010607, 0.0 ], [ 109.737665188219992, -7.789554136518033, 0.0 ], [ 109.737659867676498, -7.789556533694955, 0.0 ], [ 109.737644703199948, -7.789563878348257, 0.0 ], [ 109.737625646368755, -7.789570490562649, 0.0 ], [ 109.737603761680745, -7.789588973794264, 0.0 ], [ 109.737593329325605, -7.789594093274267, 0.0 ], [ 109.737573170276747, -7.789604422404388, 0.0 ], [ 109.737553584781722, -7.789610243952793, 0.0 ], [ 109.737547677771076, -7.789614036673756, 0.0 ], [ 109.737528339364658, -7.789623547166184, 0.0 ], [ 109.73751605367049, -7.789628615380209, 0.0 ], [ 109.737491575577209, -7.789645202482514, 0.0 ], [ 109.737461518174058, -7.789659948938537, 0.0 ], [ 109.737442439426047, -7.789666810980935, 0.0 ], [ 109.737435484299013, -7.789672721363371, 0.0 ], [ 109.737409900789814, -7.78968527279087, 0.0 ], [ 109.737406608367834, -7.789686888068585, 0.0 ], [ 109.73736910512423, -7.789705287446718, 0.0 ], [ 109.737348348164545, -7.789715470916004, 0.0 ], [ 109.737330832694283, -7.789722915095846, 0.0 ], [ 109.737323301724189, -7.789727758843366, 0.0 ], [ 109.737267210426637, -7.789755277740432, 0.0 ], [ 109.737239164775758, -7.789769037090183, 0.0 ] ] } },
{ "type": "Feature", "properties": { "Id": 43, "Contour": 18.0, "Skor": 2.0, "Shape_Leng": 1728.3907290100001 }, "geometry": { "type": "MultiLineString", "coordinates": [ [ [ 109.733478404373727, -7.789771950519166, 0.0 ], [ 109.733514505781415, -7.789792997282004, 0.0 ], [ 109.733528914059434, -7.789801397238065, 0.0 ], [ 109.73356428831589, -7.78982202052563, 0.0 ], [ 109.733570416641669, -7.789825593309406, 0.0 ], [ 109.733650040494211, -7.78987201319248, 0.0 ], [ 109.733670411920528, -7.789883889579726, 0.0 ], [ 109.733705786238943, -7.789904512812482, 0.0 ], [ 109.733726801933258, -7.789916764797412, 0.0 ], [ 109.733738149282388, -7.789923380234916, 0.0 ], [ 109.733842656602988, -7.789984306856165, 0.0 ], [ 109.733847284438184, -7.789987004844277, 0.0 ], [ 109.733860094805863, -7.789994473284705, 0.0 ], [ 109.733882658744207, -7.790007628097213, 0.0 ], [ 109.733905882007974, -7.790021167109298, 0.0 ], [ 109.734017703873363, -7.790086357959544, 0.0 ], [ 109.734024157009557, -7.790090120093623, 0.0 ], [ 109.734059531318877, -7.790110743347348, 0.0 ], [ 109.734073614818513, -7.790118953929321, 0.0 ], [ 109.734089905520307, -7.790112992934564, 0.0 ], [ 109.734119433798, -7.790107050134578, 0.0 ], [ 109.734129668221655, -7.790104117687942, 0.0 ], [ 109.734382148437447, -7.789957443591135, 0.0 ], [ 109.734915161701764, -7.789647797685952, 0.0 ], [ 109.734930952554848, -7.78963668712757, 0.0 ], [ 109.734945656388163, -7.789626938062457, 0.0 ], [ 109.734971305047296, -7.789602964911811, 0.0 ], [ 109.734974560566855, -7.789599911280298, 0.0 ], [ 109.734976998010765, -7.789596680876165, 0.0 ], [ 109.73498785754316, -7.78954085420042, 0.0 ], [ 109.734998717595118, -7.789485027525288, 0.0 ], [ 109.735009577119456, -7.789429200847743, 0.0 ], [ 109.735012549782695, -7.789413919338696, 0.0 ], [ 109.735018624002578, -7.789382694603313, 0.0 ], [ 109.73502166889854, -7.789367041914516, 0.0 ], [ 109.735028121344428, -7.78933387128766, 0.0 ], [ 109.735030950509767, -7.789320327530539, 0.0 ], [ 109.735031296682791, -7.789317547491544, 0.0 ], [ 109.735042156715508, -7.789261720812902, 0.0 ], [ 109.735053016226885, -7.789205894131834, 0.0 ], [ 109.735063876254699, -7.789150067451402, 0.0 ], [ 109.735074735754878, -7.78909424076859, 0.0 ], [ 109.735076382340807, -7.789085776177297, 0.0 ], [ 109.735085007574128, -7.789041437771268, 0.0 ], [ 109.73510764501863, -7.789071671543983, 0.0 ], [ 109.735115762380332, -7.789094363212415, 0.0 ], [ 109.735122351523884, -7.789112784288743, 0.0 ], [ 109.735124690977088, -7.789134244965778, 0.0 ], [ 109.735128637062715, -7.789150260731009, 0.0 ], [ 109.735131010328061, -7.789159892587673, 0.0 ], [ 109.735134163179055, -7.789199775316591, 0.0 ], [ 109.735136169389847, -7.789210470453064, 0.0 ], [ 109.735139286112442, -7.789260941984384, 0.0 ], [ 109.735139566352572, -7.789262795217345, 0.0 ], [ 109.735140308029756, -7.789277494039257, 0.0 ], [ 109.73514215831527, -7.789317878369189, 0.0 ], [ 109.735144718520345, -7.789373745104847, 0.0 ], [ 109.735147278160795, -7.789429611838738, 0.0 ], [ 109.735149838364848, -7.789485478574258, 0.0 ], [ 109.735152398001134, -7.789541345308072, 0.0 ], [ 109.735157570437323, -7.789559420681202, 0.0 ], [ 109.735158706630088, -7.789577974612819, 0.0 ], [ 109.735169358739938, -7.789597255022245, 0.0 ], [ 109.735186982348964, -7.789605635182208, 0.0 ], [ 109.735195321234272, -7.789609300162108, 0.0 ], [ 109.735215727141892, -7.789617770116292, 0.0 ], [ 109.735226435409331, -7.789622214805733, 0.0 ], [ 109.735266033197433, -7.789638650945744, 0.0 ], [ 109.735301830751169, -7.789653509462918, 0.0 ], [ 109.7353054134731, -7.789655302727632, 0.0 ], [ 109.73530719945235, -7.78965575966498, 0.0 ], [ 109.735311003367784, -7.789657335297445, 0.0 ], [ 109.735345166830299, -7.789671584642218, 0.0 ], [ 109.735363138670294, -7.789678956690907, 0.0 ], [ 109.735384826948959, -7.789687958991341, 0.0 ], [ 109.735406216541591, -7.789696837177552, 0.0 ], [ 109.735424424898312, -7.789704394976409, 0.0 ], [ 109.735437381650797, -7.789709773054723, 0.0 ], [ 109.735460114625226, -7.789724705483991, 0.0 ], [ 109.735475004813452, -7.789729455632791, 0.0 ], [ 109.735501154652468, -7.789739711825016, 0.0 ], [ 109.735505881876847, -7.789740805927539, 0.0 ], [ 109.735530956170521, -7.789748613207224, 0.0 ], [ 109.735543218649042, -7.789753703028589, 0.0 ], [ 109.735572932474, -7.78976603660843, 0.0 ], [ 109.735575827274118, -7.789777068070058, 0.0 ], [ 109.735586848951911, -7.789787300591558, 0.0 ], [ 109.735604837309978, -7.789804000673962, 0.0 ], [ 109.73562991705073, -7.789809225177544, 0.0 ], [ 109.735642775662029, -7.789814680116249, 0.0 ], [ 109.735648004443092, -7.789816898254545, 0.0 ], [ 109.735692457617844, -7.789822252314305, 0.0 ], [ 109.735659885004253, -7.789839292365668, 0.0 ], [ 109.735642674830132, -7.789848296396269, 0.0 ], [ 109.735586577947089, -7.789877646688894, 0.0 ], [ 109.735549776258864, -7.789896899125266, 0.0 ], [ 109.735513073339845, -7.789916101372117, 0.0 ], [ 109.735476369442168, -7.789935302640743, 0.0 ], [ 109.735467950103924, -7.789939707468878, 0.0 ], [ 109.735439666747183, -7.789954505110764, 0.0 ], [ 109.735418287279415, -7.789965689820038, 0.0 ], [ 109.735373963030867, -7.789988879305525, 0.0 ], [ 109.735366260512322, -7.789992909204718, 0.0 ], [ 109.735362190373323, -7.78999503850393, 0.0 ], [ 109.735193899613364, -7.790083084500022, 0.0 ], [ 109.735182745359566, -7.79008891985992, 0.0 ], [ 109.735161636522918, -7.790099963820108, 0.0 ], [ 109.735137802679517, -7.790112433145758, 0.0 ], [ 109.735111099512338, -7.790126402928857, 0.0 ], [ 109.735109339067606, -7.790127323885423, 0.0 ], [ 109.73507263610982, -7.790146526087429, 0.0 ], [ 109.735035932176416, -7.790165727308052, 0.0 ], [ 109.735025608797343, -7.790171128277064, 0.0 ], [ 109.73501653964793, -7.790202297297035, 0.0 ], [ 109.735012875228577, -7.79021123796385, 0.0 ], [ 109.735004216280075, -7.790232364137026, 0.0 ], [ 109.735000699262415, -7.790242431207196, 0.0 ], [ 109.734982002777556, -7.790279699551236, 0.0 ], [ 109.734969218697884, -7.790298150875884, 0.0 ], [ 109.734962677634314, -7.790322806293021, 0.0 ], [ 109.734960362744516, -7.790331531730416, 0.0 ], [ 109.734952293880852, -7.790361945790831, 0.0 ], [ 109.73494046578989, -7.790406528616079, 0.0 ], [ 109.734933061839257, -7.79043443605646, 0.0 ], [ 109.734929103903937, -7.790450732557423, 0.0 ], [ 109.734920504175861, -7.790482431173777, 0.0 ], [ 109.734918517012545, -7.790490251721584, 0.0 ], [ 109.734917429699905, -7.790495046468602, 0.0 ], [ 109.734912568910374, -7.790511680567079, 0.0 ], [ 109.734859023494579, -7.790713510446134, 0.0 ], [ 109.734858380171573, -7.790715935297756, 0.0 ], [ 109.734846640638438, -7.790760183673946, 0.0 ], [ 109.734844215318105, -7.790769325318737, 0.0 ], [ 109.734770176822451, -7.791048399669722, 0.0 ], [ 109.734764466144966, -7.791069924635856, 0.0 ], [ 109.734759880891531, -7.791087207227426, 0.0 ], [ 109.734755368728003, -7.791104214534871, 0.0 ], [ 109.73475311174515, -7.79111455944355, 0.0 ], [ 109.734746271866413, -7.791156391130831, 0.0 ], [ 109.734745542351931, -7.791160044274715, 0.0 ], [ 109.734746937854496, -7.791164391925303, 0.0 ], [ 109.734758459810465, -7.791200000711711, 0.0 ], [ 109.734763542062424, -7.791215957105392, 0.0 ], [ 109.734772017586621, -7.791242252290157, 0.0 ], [ 109.734773603626721, -7.791247172884368, 0.0 ], [ 109.734781564123253, -7.791271870002617, 0.0 ], [ 109.734798114910106, -7.791323217517632, 0.0 ], [ 109.734799295313323, -7.791326594677118, 0.0 ], [ 109.734801335131223, -7.791331023090946, 0.0 ], [ 109.734815753133958, -7.791365971246691, 0.0 ], [ 109.734825543475964, -7.791383719491272, 0.0 ], [ 109.73483616859086, -7.791401424343167, 0.0 ], [ 109.734853811720413, -7.791427219871183, 0.0 ], [ 109.734859031558486, -7.791434451057611, 0.0 ], [ 109.734882464432744, -7.791466912784973, 0.0 ], [ 109.734886483075925, -7.791472479923061, 0.0 ], [ 109.734903222608281, -7.791495669602167, 0.0 ], [ 109.734909588805834, -7.7915044889259, 0.0 ], [ 109.734929329785047, -7.791531836641026, 0.0 ], [ 109.734952762669494, -7.791564298369345, 0.0 ], [ 109.734965365910583, -7.791581757976333, 0.0 ], [ 109.73502114303183, -7.79165902797769, 0.0 ], [ 109.735023060533763, -7.791661684343904, 0.0 ], [ 109.735033144895169, -7.791675654268319, 0.0 ], [ 109.735046493450653, -7.791694146049796, 0.0 ], [ 109.735064859203831, -7.791719588543302, 0.0 ], [ 109.735076920175288, -7.791736297019449, 0.0 ], [ 109.735093358832032, -7.791759069911265, 0.0 ], [ 109.735116791740396, -7.791791531634209, 0.0 ], [ 109.73513269733813, -7.79181356606007, 0.0 ], [ 109.735186086411275, -7.79188752772425, 0.0 ], [ 109.735187089685809, -7.791888917583037, 0.0 ], [ 109.735210522639107, -7.791921379270633, 0.0 ], [ 109.735226495962038, -7.791943507448081, 0.0 ], [ 109.735244251718981, -7.791968105077165, 0.0 ], [ 109.735257388046463, -7.79198630314721, 0.0 ], [ 109.735280820978758, -7.79201876486158, 0.0 ], [ 109.735300028939875, -7.792045374101555, 0.0 ], [ 109.735304141274824, -7.792051338242938, 0.0 ], [ 109.735306688275543, -7.792055465017725, 0.0 ], [ 109.735304902972715, -7.79206036553747, 0.0 ], [ 109.735302840334228, -7.792108320350182, 0.0 ], [ 109.735302162880885, -7.792111310600178, 0.0 ], [ 109.73530147603033, -7.79211295404031, 0.0 ], [ 109.735299814185993, -7.792116930414259, 0.0 ], [ 109.735278846720107, -7.792167100088202, 0.0 ], [ 109.735208897013649, -7.792334468534384, 0.0 ], [ 109.735202489257887, -7.792349800466965, 0.0 ], [ 109.735186985603107, -7.792386896745508, 0.0 ], [ 109.735185580821096, -7.792390258012799, 0.0 ], [ 109.735115631028705, -7.792557626429971, 0.0 ], [ 109.73510510614102, -7.792582809455899, 0.0 ], [ 109.735103502350213, -7.792586646846754, 0.0 ], [ 109.735087004649202, -7.792626121368, 0.0 ], [ 109.735074156854779, -7.792656862275296, 0.0 ], [ 109.735017742419288, -7.792791844517026, 0.0 ], [ 109.735004515251333, -7.792823493118017, 0.0 ], [ 109.734988017528778, -7.792862967631985, 0.0 ], [ 109.734985879237101, -7.79286808391701, 0.0 ], [ 109.734975732035934, -7.792892363201376, 0.0 ], [ 109.734905782050177, -7.793059731553279, 0.0 ], [ 109.73490491341947, -7.793061809945703, 0.0 ], [ 109.734889030341492, -7.793099813914138, 0.0 ], [ 109.734882465764557, -7.793115521000216, 0.0 ], [ 109.734835832392662, -7.793227099884545, 0.0 ], [ 109.734826909291513, -7.79324845020808, 0.0 ], [ 109.734823038707987, -7.79325771131176, 0.0 ], [ 109.734806540945996, -7.793297185812398, 0.0 ], [ 109.734792084249364, -7.793331776192194, 0.0 ], [ 109.734735669604234, -7.79346675836316, 0.0 ], [ 109.734724051243376, -7.793494557459589, 0.0 ], [ 109.734707462263785, -7.793534250157365, 0.0 ], [ 109.734695932881166, -7.793561836481889, 0.0 ], [ 109.734625982637596, -7.793729204746755, 0.0 ], [ 109.734622840184912, -7.793736723740992, 0.0 ], [ 109.734608565913078, -7.793770878121425, 0.0 ], [ 109.734602666269126, -7.793784994164739, 0.0 ], [ 109.734566425411543, -7.793871706692042, 0.0 ], [ 109.734558898750208, -7.793889127273437, 0.0 ], [ 109.73455530710504, -7.793896570823216, 0.0 ], [ 109.734542626176761, -7.793920123275122, 0.0 ], [ 109.734539760683134, -7.793925952766589, 0.0 ] ], [ [ 109.734539760683134, -7.793925952766589, 0.0 ], [ 109.734522420508569, -7.793952331641401, 0.0 ], [ 109.734517568047579, -7.793959713585539, 0.0 ], [ 109.734510125850719, -7.793968320134234, 0.0 ], [ 109.734466130283039, -7.793952163461367, 0.0 ], [ 109.734457373037472, -7.793948947520552, 0.0 ], [ 109.734454178202114, -7.793947774248676, 0.0 ], [ 109.734398230559961, -7.793927228353347, 0.0 ], [ 109.734342282926335, -7.793906681781132, 0.0 ], [ 109.73431277698252, -7.793895846179109, 0.0 ], [ 109.734293403255265, -7.793888731517598, 0.0 ], [ 109.734286335297142, -7.793886135875963, 0.0 ], [ 109.734230387674444, -7.793865589964278, 0.0 ], [ 109.734211418261552, -7.793858623619346, 0.0 ], [ 109.734183065917946, -7.793848211709641, 0.0 ], [ 109.734170425679309, -7.793843569750508, 0.0 ], [ 109.734129433431875, -7.793828515555329, 0.0 ], [ 109.734094983108349, -7.793815864129101, 0.0 ], [ 109.734088440919095, -7.79381346162138, 0.0 ], [ 109.734062544847347, -7.793803951513141, 0.0 ], [ 109.734006455960255, -7.793783353684805, 0.0 ], [ 109.733965463726761, -7.79376829947559, 0.0 ], [ 109.733924471246681, -7.793753245508208, 0.0 ], [ 109.733918817991054, -7.793751169374092, 0.0 ], [ 109.733894702078672, -7.793742313003198, 0.0 ], [ 109.733852715522175, -7.793726894032129, 0.0 ], [ 109.733842486331341, -7.793723137527426, 0.0 ], [ 109.733838754501463, -7.793721767042497, 0.0 ], [ 109.733782806930677, -7.793701221078526, 0.0 ], [ 109.733726859368446, -7.793680674434422, 0.0 ], [ 109.733698885588709, -7.793670401448336, 0.0 ], [ 109.733678516758133, -7.793662921317185, 0.0 ], [ 109.733670911810648, -7.793660128457367, 0.0 ], [ 109.733614964259345, -7.79363958247054, 0.0 ], [ 109.733597187480498, -7.793632163367072, 0.0 ], [ 109.733560887274152, -7.793614303508072, 0.0 ], [ 109.733559696435464, -7.793613638231793, 0.0 ], [ 109.733559034808295, -7.793613017110017, 0.0 ], [ 109.733534328745918, -7.793583094546199, 0.0 ], [ 109.733509043102842, -7.793552469519417, 0.0 ], [ 109.73350322868562, -7.793545427427438, 0.0 ], [ 109.733467624977209, -7.793502306562949, 0.0 ], [ 109.733375155836342, -7.793390311976163, 0.0 ], [ 109.733328920453204, -7.793334314675503, 0.0 ], [ 109.733236451386901, -7.79322232006942, 0.0 ], [ 109.733224198329495, -7.793207479948068, 0.0 ], [ 109.733205613622133, -7.793184971170237, 0.0 ], [ 109.733180328028453, -7.793154346130953, 0.0 ], [ 109.733168392310887, -7.793139890240597, 0.0 ], [ 109.733143981532962, -7.793110325448022, 0.0 ], [ 109.733097747041512, -7.793054328133763, 0.0 ], [ 109.733079184951606, -7.793031846690716, 0.0 ], [ 109.733056780325427, -7.793004710918439, 0.0 ], [ 109.733052874607935, -7.793002237553419, 0.0 ], [ 109.733048276717994, -7.792998321138541, 0.0 ], [ 109.733022658648366, -7.79297650027145, 0.0 ], [ 109.733000930314972, -7.792951768396593, 0.0 ], [ 109.732740058352064, -7.793102161121835, 0.0 ] ] ] } },
{ "type": "Feature", "properties": { "Id": 98, "Contour": 13.0, "Skor": 1.0, "Shape_Leng": 868.74297249100005 }, "geometry": { "type": "MultiLineString", "coordinates": [ [ [ 109.734832683103264, -7.784756924569754, 0.0 ], [ 109.73433111074867, -7.784790871280668, 0.0 ] ], [ [ 109.73433111074867, -7.784790871280668, 0.0 ], [ 109.734365145750274, -7.78479545329378, 0.0 ], [ 109.734369636322313, -7.784796057853996, 0.0 ], [ 109.734593578461698, -7.784826207565635, 0.0 ], [ 109.734612443678301, -7.784828747367273, 0.0 ], [ 109.734633473454267, -7.784831578517669, 0.0 ], [ 109.734661903445186, -7.784835405992411, 0.0 ], [ 109.734697968745891, -7.784840261492945, 0.0 ], [ 109.734705549551293, -7.784841282087547, 0.0 ], [ 109.734907102459445, -7.784868417342162, 0.0 ] ], [ [ 109.735925081267908, -7.784979299647135, 0.0 ], [ 109.735937299481378, -7.784984708089657, 0.0 ], [ 109.735961870824227, -7.784994636336833, 0.0 ], [ 109.735974409339491, -7.785000408209261, 0.0 ], [ 109.735993235942829, -7.785008647795527, 0.0 ], [ 109.736001287125873, -7.785011251911491, 0.0 ], [ 109.736015518098114, -7.785019331868235, 0.0 ], [ 109.736049167498805, -7.785034226903058, 0.0 ], [ 109.736073173309762, -7.785043473266984, 0.0 ], [ 109.736079070868314, -7.785045522898072, 0.0 ], [ 109.736105107931664, -7.785056846221885, 0.0 ], [ 109.736119020498919, -7.785061609731901, 0.0 ], [ 109.736142565263094, -7.785075569678154, 0.0 ], [ 109.736155389527411, -7.785081246359023, 0.0 ], [ 109.736161035546672, -7.785083745590712, 0.0 ], [ 109.736173821778607, -7.78508842903043, 0.0 ], [ 109.736196989500542, -7.785095697056857, 0.0 ], [ 109.736216982086759, -7.785104331473051, 0.0 ], [ 109.736237419062505, -7.785111308090766, 0.0 ], [ 109.736271063611838, -7.785129966811254, 0.0 ], [ 109.736272910904404, -7.785130834543697, 0.0 ], [ 109.736273679178382, -7.785131052693675, 0.0 ], [ 109.736275021871023, -7.785131823576645, 0.0 ], [ 109.736315714147182, -7.785145072137552, 0.0 ], [ 109.736328858706159, -7.785151003881031, 0.0 ], [ 109.736356454226538, -7.7851603753259, 0.0 ], [ 109.736358006262449, -7.785161171220984, 0.0 ], [ 109.736384801164036, -7.785172959069984, 0.0 ], [ 109.736396606171581, -7.785176261594758, 0.0 ], [ 109.736417620627066, -7.785188107661949, 0.0 ], [ 109.736434906027171, -7.785193984010251, 0.0 ], [ 109.736440738146968, -7.785196744068679, 0.0 ], [ 109.736453647376408, -7.785201102901348, 0.0 ], [ 109.736477385632185, -7.78520756264231, 0.0 ], [ 109.736496690211766, -7.785215496932, 0.0 ], [ 109.736519277515455, -7.785221723938169, 0.0 ], [ 109.736543295428319, -7.785235021615446, 0.0 ], [ 109.736552627998336, -7.785239018302648, 0.0 ], [ 109.73655669516431, -7.785240320975278, 0.0 ], [ 109.736563578741297, -7.785244401714718, 0.0 ], [ 109.736598498218285, -7.785254570334106, 0.0 ], [ 109.736608578101652, -7.785258430214841, 0.0 ], [ 109.736627627337413, -7.785263606528052, 0.0 ], [ 109.736643692744295, -7.785265457405876, 0.0 ], [ 109.73666453916195, -7.785274186137388, 0.0 ], [ 109.736684525295203, -7.785280668919038, 0.0 ], [ 109.73671728373354, -7.785300718803194, 0.0 ], [ 109.736719728937516, -7.785301460912406, 0.0 ], [ 109.736720464885067, -7.785301741858831, 0.0 ], [ 109.736721847244809, -7.785302112184673, 0.0 ], [ 109.736769772558432, -7.785307540605769, 0.0 ], [ 109.736776447590756, -7.785310274705512, 0.0 ], [ 109.73679038388677, -7.785314849437415, 0.0 ], [ 109.736814353758348, -7.785319035716427, 0.0 ], [ 109.736832401465293, -7.785328435404786, 0.0 ], [ 109.736888371950272, -7.785341051604961, 0.0 ], [ 109.736901511451165, -7.785344013404088, 0.0 ], [ 109.736939718598322, -7.785352625935364, 0.0 ], [ 109.736947280823514, -7.785354330563686, 0.0 ], [ 109.736960464923001, -7.7853573023744, 0.0 ], [ 109.736992690476342, -7.785364566264641, 0.0 ] ], [ [ 109.7376058326427, -7.785502774963025, 0.0 ], [ 109.737615988655079, -7.78550506423171, 0.0 ], [ 109.737671959202785, -7.785517680335817, 0.0 ], [ 109.737679934659994, -7.785519063975057, 0.0 ], [ 109.73771385083424, -7.785527123290302, 0.0 ], [ 109.737725363739926, -7.785529718468586, 0.0 ], [ 109.737727929753689, -7.785530296873413, 0.0 ], [ 109.737783900310362, -7.785542912963817, 0.0 ], [ 109.73780399005939, -7.78554744138935, 0.0 ], [ 109.737816903139262, -7.785550352082044, 0.0 ], [ 109.737839870870829, -7.785555529267548, 0.0 ], [ 109.737863527041625, -7.785559822024328, 0.0 ], [ 109.737874825196911, -7.785562484475841, 0.0 ], [ 109.737895845877532, -7.785566661284174, 0.0 ], [ 109.737913754179857, -7.785565719715685, 0.0 ], [ 109.737944754610865, -7.785576618824896, 0.0 ], [ 109.737951827279744, -7.785575657370437, 0.0 ], [ 109.737961190007411, -7.785574384712138, 0.0 ], [ 109.737964980501459, -7.785583729988564, 0.0 ], [ 109.737999981508125, -7.785591619705826, 0.0 ], [ 109.738007782579189, -7.785593378140886, 0.0 ], [ 109.73801951575895, -7.785595600868293, 0.0 ], [ 109.738047629830845, -7.785600074031476, 0.0 ], [ 109.738063761029437, -7.785603363546766, 0.0 ], [ 109.738082148491742, -7.785602414371858, 0.0 ], [ 109.738119271868072, -7.785584189195598, 0.0 ], [ 109.73808218691687, -7.785565814063944, 0.0 ], [ 109.738063900491085, -7.78555675353015, 0.0 ], [ 109.73803858727527, -7.785553345872252, 0.0 ], [ 109.738015142220974, -7.785535186507023, 0.0 ], [ 109.738007966953717, -7.785531760215558, 0.0 ], [ 109.738005018332942, -7.785530933228654, 0.0 ], [ 109.738005854158928, -7.78552799247962, 0.0 ], [ 109.737952049681496, -7.785501333813689, 0.0 ], [ 109.737932361975751, -7.785491578966604, 0.0 ], [ 109.737899712857953, -7.785475401714907, 0.0 ], [ 109.737896124289975, -7.785473623633574, 0.0 ], [ 109.737894532642784, -7.785473390085023, 0.0 ], [ 109.73789243513724, -7.78547179573402, 0.0 ], [ 109.737857449666478, -7.785454461262441, 0.0 ], [ 109.737840198905744, -7.785445913764613, 0.0 ], [ 109.737808055718844, -7.785429987476686, 0.0 ] ] ] } },
{ "type": "Feature", "properties": { "Id": 24, "Contour": 19.0, "Skor": 2.0, "Shape_Leng": 385.27386943300002 }, "geometry": { "type": "LineString", "coordinates": [ [ 109.741950308799957, -7.788418824447866, 0.0 ], [ 109.741944729598757, -7.788419650819347, 0.0 ], [ 109.741919925204726, -7.788423324854088, 0.0 ], [ 109.741863891651917, -7.788431624807622, 0.0 ], [ 109.741850684986218, -7.788430925423327, 0.0 ], [ 109.74181413880622, -7.788437733010009, 0.0 ], [ 109.741807866263002, -7.788437188799874, 0.0 ], [ 109.74179539747287, -7.788400619895936, 0.0 ], [ 109.741796189316844, -7.788388077906799, 0.0 ], [ 109.741808110407419, -7.788355379422677, 0.0 ], [ 109.74181805705642, -7.788342164343037, 0.0 ], [ 109.741817843109516, -7.788332282947585, 0.0 ], [ 109.741822827283272, -7.788317732207698, 0.0 ], [ 109.741830354681795, -7.788298476375902, 0.0 ], [ 109.741836875175139, -7.78827648020418, 0.0 ], [ 109.742040304081854, -7.787718491572424, 0.0 ], [ 109.742060646731545, -7.787662692697722, 0.0 ], [ 109.742121675256087, -7.78749529606364, 0.0 ], [ 109.742134098596409, -7.787482698764628, 0.0 ], [ 109.742146800528914, -7.787471310783297, 0.0 ], [ 109.742164082224292, -7.78745675493709, 0.0 ], [ 109.742184592822611, -7.787439623509441, 0.0 ], [ 109.742202949277171, -7.787424349820146, 0.0 ], [ 109.742225098784289, -7.78740592004029, 0.0 ], [ 109.742255624792776, -7.787380520380392, 0.0 ], [ 109.742286150878485, -7.787355120795691, 0.0 ], [ 109.742316676963725, -7.787329721211367, 0.0 ], [ 109.742347202961497, -7.787304321543034, 0.0 ], [ 109.74237772900851, -7.787278921927099, 0.0 ], [ 109.742408255002232, -7.787253522253146, 0.0 ], [ 109.742427541258749, -7.78723747485064, 0.0 ], [ 109.742455615242619, -7.78721411553877, 0.0 ], [ 109.742469307106404, -7.787202723029913, 0.0 ], [ 109.742483689223775, -7.7871907561403, 0.0 ], [ 109.742505217935786, -7.787182725873894, 0.0 ], [ 109.742531568412502, -7.787161356627577, 0.0 ], [ 109.742536422783502, -7.787158007287941, 0.0 ], [ 109.74253980486445, -7.787154872855349, 0.0 ], [ 109.742542959851519, -7.78715823384715, 0.0 ], [ 109.742545083395072, -7.787161396715872, 0.0 ], [ 109.74257493533942, -7.787217344516339, 0.0 ], [ 109.742604787493434, -7.787273292316459, 0.0 ], [ 109.742634639448809, -7.787329240114952, 0.0 ], [ 109.74265120958303, -7.787360295231474, 0.0 ], [ 109.742659856914315, -7.787376501703337, 0.0 ], [ 109.742664491616949, -7.787385187913076, 0.0 ], [ 109.742694343586464, -7.787441135709638, 0.0 ], [ 109.742709269681399, -7.787469109607847, 0.0 ], [ 109.742718162932917, -7.787485776957179, 0.0 ], [ 109.742737598276364, -7.787522202042021, 0.0 ], [ 109.74274416487728, -7.787534508879821, 0.0 ], [ 109.742754047926937, -7.787553031300879, 0.0 ], [ 109.742753658347254, -7.787561973438855, 0.0 ], [ 109.742753532824224, -7.787599933437751, 0.0 ], [ 109.742753110965737, -7.787608887779531, 0.0 ], [ 109.74270613316915, -7.78772418844471, 0.0 ], [ 109.742691009231251, -7.787761308170349, 0.0 ], [ 109.742684915924968, -7.787776263283945, 0.0 ], [ 109.742649711505749, -7.787862667696751, 0.0 ], [ 109.742593788427882, -7.787999923655273, 0.0 ], [ 109.742577584837875, -7.788039692785492, 0.0 ], [ 109.742571257465656, -7.788055222411768, 0.0 ], [ 109.74253686804775, -7.788139626705219, 0.0 ], [ 109.742480446254888, -7.788278105911105, 0.0 ], [ 109.742480327413475, -7.788278271631714, 0.0 ], [ 109.742479570595151, -7.788279257315025, 0.0 ], [ 109.742456155262829, -7.788310046071665, 0.0 ], [ 109.742436518237255, -7.78833411893828, 0.0 ], [ 109.742431022233433, -7.788340856479614, 0.0 ], [ 109.742424227128325, -7.788348626564683, 0.0 ], [ 109.742407031454235, -7.78835117363857, 0.0 ], [ 109.742388237733635, -7.788353957492474, 0.0 ], [ 109.742368193585264, -7.788356926458596, 0.0 ], [ 109.742312160040811, -7.7883652264775, 0.0 ], [ 109.742290920317089, -7.788368372531916, 0.0 ], [ 109.742274944905802, -7.78837073891221, 0.0 ], [ 109.742242261607629, -7.788375580044459, 0.0 ], [ 109.74220890198734, -7.788380521174453, 0.0 ], [ 109.742193602676764, -7.78838278732377, 0.0 ], [ 109.742144944077651, -7.788389994935063, 0.0 ], [ 109.742142858664181, -7.788390303826239, 0.0 ], [ 109.742096285098597, -7.788397202160463, 0.0 ], [ 109.742076815824078, -7.788400085989405, 0.0 ], [ 109.742047626429496, -7.788404409691808, 0.0 ], [ 109.742010772619921, -7.788409868500166, 0.0 ], [ 109.741998967566957, -7.788411617025665, 0.0 ], [ 109.741950308799957, -7.788418824447866, 0.0 ] ] } },
{ "type": "Feature", "properties": { "Id": 53, "Contour": 17.0, "Skor": 2.0, "Shape_Leng": 525.46373035700003 }, "geometry": { "type": "MultiLineString", "coordinates": [ [ [ 109.743228415726435, -7.791437925151024, 0.0 ], [ 109.743225978944238, -7.791437811598939, 0.0 ], [ 109.743199204173564, -7.791416156692635, 0.0 ], [ 109.74319650511238, -7.791405910095242, 0.0 ], [ 109.743186006387319, -7.791366053479559, 0.0 ], [ 109.743176446203748, -7.791329759645324, 0.0 ], [ 109.743174373894419, -7.791321892410927, 0.0 ], [ 109.743167771821305, -7.791296828663766, 0.0 ], [ 109.743153046286551, -7.791240925727143, 0.0 ], [ 109.743151108807581, -7.791233570386698, 0.0 ], [ 109.743139476344936, -7.791189409295439, 0.0 ], [ 109.743138320891717, -7.791185022790857, 0.0 ], [ 109.743123595362533, -7.791129119854117, 0.0 ], [ 109.743116130906941, -7.791100782192702, 0.0 ], [ 109.743104578779921, -7.791056926208783, 0.0 ], [ 109.743096210608897, -7.791025157825413, 0.0 ], [ 109.743094144452897, -7.791017313981022, 0.0 ], [ 109.743086781693734, -7.790989362512602, 0.0 ], [ 109.743081313704693, -7.790968604190735, 0.0 ], [ 109.743076151688996, -7.790949007339435, 0.0 ], [ 109.743069681240044, -7.79092444311227, 0.0 ], [ 109.74306469355129, -7.790905508107788, 0.0 ], [ 109.743049968036175, -7.790849605170886, 0.0 ], [ 109.743046416181571, -7.790836121087602, 0.0 ], [ 109.743035242654685, -7.790793702234388, 0.0 ], [ 109.743035527080622, -7.790791223039096, 0.0 ], [ 109.743038649512656, -7.790743304675845, 0.0 ], [ 109.743039346429853, -7.790737855152232, 0.0 ], [ 109.743146150304071, -7.790425135563008, 0.0 ], [ 109.743202652675464, -7.79025969795151, 0.0 ], [ 109.743210872444052, -7.790235630586913, 0.0 ], [ 109.743215056156032, -7.790223380684546, 0.0 ], [ 109.743223050521834, -7.790199973132278, 0.0 ], [ 109.743229930763292, -7.790179827848149, 0.0 ], [ 109.74325915499459, -7.790094259880473, 0.0 ], [ 109.743372868641458, -7.789761307251709, 0.0 ], [ 109.743382397839881, -7.789733405875054, 0.0 ], [ 109.743387609006888, -7.789718147585233, 0.0 ], [ 109.743394066787658, -7.789699239253967, 0.0 ], [ 109.743401456157287, -7.789677603120169, 0.0 ], [ 109.74342866163056, -7.789597945568949, 0.0 ], [ 109.743438225447747, -7.789575465031743, 0.0 ], [ 109.743448116472564, -7.789546772228803, 0.0 ], [ 109.743452907702192, -7.78953416954047, 0.0 ], [ 109.743460337839807, -7.789510199905106, 0.0 ], [ 109.743466466751471, -7.789491747166725, 0.0 ], [ 109.743474326874889, -7.789465093141925, 0.0 ], [ 109.743477689602813, -7.789454392083312, 0.0 ], [ 109.743485163734078, -7.789432507878091, 0.0 ], [ 109.74349244277407, -7.789447132762088, 0.0 ], [ 109.743495352872515, -7.789454444451811, 0.0 ], [ 109.743501143371503, -7.789470511523493, 0.0 ], [ 109.743507660436265, -7.789487739440704, 0.0 ], [ 109.743515365538514, -7.789510363053563, 0.0 ], [ 109.743541637803915, -7.789594229847636, 0.0 ], [ 109.74359618067578, -7.789768341887063, 0.0 ], [ 109.743651661805629, -7.789945449555292, 0.0 ], [ 109.743690514445433, -7.790069475009505, 0.0 ], [ 109.743694504334371, -7.790082211604907, 0.0 ], [ 109.743708029187815, -7.790125386203928, 0.0 ], [ 109.743726814356648, -7.790185352212522, 0.0 ] ], [ [ 109.743927351115872, -7.790825505998988, 0.0 ], [ 109.743929067996547, -7.790830986630795, 0.0 ], [ 109.743984549343509, -7.791008093669617, 0.0 ], [ 109.744005783231799, -7.791075876497828, 0.0 ], [ 109.744011705343084, -7.791103260221795, 0.0 ], [ 109.744011836769516, -7.791104253521079, 0.0 ], [ 109.744019238024137, -7.791131775655265, 0.0 ], [ 109.744002365655163, -7.791149915792006, 0.0 ], [ 109.743984093270939, -7.791161128599379, 0.0 ], [ 109.743965111509993, -7.791168565635909, 0.0 ], [ 109.743935112120553, -7.791180319286594, 0.0 ], [ 109.743924951558583, -7.791184300171709, 0.0 ], [ 109.743917212084284, -7.791187332491507, 0.0 ], [ 109.743884791694768, -7.791200034794157, 0.0 ], [ 109.743871943927161, -7.791205068514953, 0.0 ], [ 109.743815869247854, -7.791227038510353, 0.0 ], [ 109.743804471891423, -7.791231503961185, 0.0 ], [ 109.743775711502352, -7.791242772265998, 0.0 ], [ 109.743759794563687, -7.791249008500611, 0.0 ], [ 109.743749346507627, -7.791253102016173, 0.0 ], [ 109.743724152059428, -7.791262973091533, 0.0 ], [ 109.743683992155297, -7.791278707663236, 0.0 ], [ 109.743656463939118, -7.791289493089824, 0.0 ], [ 109.743647645181483, -7.791292948248756, 0.0 ], [ 109.743634210369152, -7.791298211985567, 0.0 ], [ 109.743603672308438, -7.791310176764586, 0.0 ], [ 109.743591570482778, -7.791314918213881, 0.0 ], [ 109.743535495779312, -7.791336888170598, 0.0 ], [ 109.743523352470291, -7.791341645871425, 0.0 ], [ 109.743492709725572, -7.79135365165338, 0.0 ], [ 109.74347942107093, -7.791358858118998, 0.0 ], [ 109.743470698249581, -7.791362275681558, 0.0 ], [ 109.743443032603537, -7.791373114938414, 0.0 ], [ 109.743402872682026, -7.791388849480057, 0.0 ], [ 109.743377815641225, -7.79139866668949, 0.0 ], [ 109.743367271640281, -7.791402797783335, 0.0 ], [ 109.743351208530669, -7.791409091266291, 0.0 ], [ 109.743322552800379, -7.791420318524443, 0.0 ], [ 109.743311196917375, -7.791424767706605, 0.0 ], [ 109.743255122189652, -7.791446737621483, 0.0 ], [ 109.743228415726435, -7.791437925151024, 0.0 ] ] ] } },
{ "type": "Feature", "properties": { "Id": 16, "Contour": 20.0, "Skor": 3.0, "Shape_Leng": 902.05477525000003 }, "geometry": { "type": "MultiLineString", "coordinates": [ [ [ 109.733305156782919, -7.790629938494217, 0.0 ], [ 109.733314682717321, -7.790623816086841, 0.0 ], [ 109.733322072760259, -7.790619066321509, 0.0 ], [ 109.733348720083328, -7.790601939512898, 0.0 ], [ 109.733382757778557, -7.790580063270113, 0.0 ], [ 109.733416795153545, -7.790558186705756, 0.0 ], [ 109.733442444824377, -7.790541701489481, 0.0 ], [ 109.733456273982185, -7.790532813478033, 0.0 ], [ 109.733512391248084, -7.790496745818217, 0.0 ], [ 109.733528953885141, -7.790486100992799, 0.0 ], [ 109.733552945568576, -7.790470681366704, 0.0 ], [ 109.733568508503353, -7.790460678716114, 0.0 ], [ 109.733589757311933, -7.790451588380056, 0.0 ], [ 109.733606266503784, -7.790448710915666, 0.0 ], [ 109.733624569723844, -7.790443258789035, 0.0 ], [ 109.733651450370232, -7.790459609345542, 0.0 ], [ 109.733654959166145, -7.790460979760312, 0.0 ], [ 109.73368048980511, -7.790472815288608, 0.0 ], [ 109.73373640076511, -7.790505410752637, 0.0 ], [ 109.733759939357498, -7.790519133601573, 0.0 ], [ 109.733780999864294, -7.790531411905119, 0.0 ], [ 109.733795313701677, -7.790539756864568, 0.0 ], [ 109.73380048467628, -7.790542771497527, 0.0 ], [ 109.733904133700065, -7.790603197662283, 0.0 ], [ 109.733914292953742, -7.790609120435191, 0.0 ], [ 109.733936812116482, -7.790622248901127, 0.0 ], [ 109.733960044696744, -7.790635793464823, 0.0 ], [ 109.733983640349493, -7.790631517163641, 0.0 ], [ 109.73399053769721, -7.790629591256832, 0.0 ], [ 109.734016083102048, -7.790625974816829, 0.0 ], [ 109.734061809126217, -7.790599411348167, 0.0 ], [ 109.734072189912197, -7.790593380824977, 0.0 ], [ 109.734086914465621, -7.790584826811511, 0.0 ], [ 109.734103717151896, -7.790575065511296, 0.0 ], [ 109.734139082120805, -7.790554520908895, 0.0 ], [ 109.734174446946753, -7.790533976163245, 0.0 ], [ 109.734184403511051, -7.790528192086048, 0.0 ], [ 109.734240510297383, -7.790495598116117, 0.0 ], [ 109.734245180889786, -7.790492890974891, 0.0 ], [ 109.734253133689279, -7.790488264740412, 0.0 ], [ 109.734280541822159, -7.790472342324242, 0.0 ], [ 109.734296617077163, -7.790463003700229, 0.0 ], [ 109.734317514630419, -7.790453410890768, 0.0 ], [ 109.734348795495393, -7.790432691396617, 0.0 ], [ 109.734351271585652, -7.790431252940921, 0.0 ], [ 109.734352723849057, -7.790430409275385, 0.0 ], [ 109.734356226178008, -7.790429224179124, 0.0 ], [ 109.734399592837192, -7.790423707583495, 0.0 ], [ 109.73440877113164, -7.790417624484519, 0.0 ], [ 109.734416363623225, -7.790425298039128, 0.0 ], [ 109.734417541484788, -7.790432896718724, 0.0 ], [ 109.734415693608256, -7.790439861751274, 0.0 ], [ 109.734408624351417, -7.790466507836868, 0.0 ], [ 109.734400330823021, -7.790480474877012, 0.0 ], [ 109.7344027336827, -7.790488711569981, 0.0 ], [ 109.73434350273574, -7.790711970963321, 0.0 ], [ 109.734340504655108, -7.79072327144064, 0.0 ], [ 109.734333518930583, -7.790749602612826, 0.0 ], [ 109.734321779458128, -7.79079385107905, 0.0 ], [ 109.734320456086721, -7.790798839235525, 0.0 ], [ 109.734313886739614, -7.790823600650736, 0.0 ], [ 109.734254655671833, -7.791046860013088, 0.0 ], [ 109.734256024938489, -7.791064039794252, 0.0 ], [ 109.73425840019506, -7.791083128504271, 0.0 ], [ 109.73425981241023, -7.791102734489264, 0.0 ], [ 109.734331901491231, -7.791326386121611, 0.0 ], [ 109.734336305483581, -7.791340049377526, 0.0 ], [ 109.734349950956684, -7.791382384753803, 0.0 ], [ 109.734440034779908, -7.791661863564496, 0.0 ], [ 109.734445137640179, -7.791677695019111, 0.0 ], [ 109.734456713182439, -7.791713608347122, 0.0 ], [ 109.734458056658625, -7.791717776470057, 0.0 ], [ 109.734460849932191, -7.791726442471633, 0.0 ], [ 109.734530145881024, -7.791941428096066, 0.0 ], [ 109.73453736516403, -7.791962608190777, 0.0 ], [ 109.734540710538752, -7.791972793277676, 0.0 ], [ 109.734549403157089, -7.791997344690882, 0.0 ], [ 109.734555941646335, -7.792013385969375, 0.0 ], [ 109.734571913874134, -7.792044207551098, 0.0 ], [ 109.734618879207559, -7.792109270355181, 0.0 ], [ 109.734622581142816, -7.792114398741505, 0.0 ], [ 109.734646014060473, -7.792146860451797, 0.0 ], [ 109.734659288690722, -7.792165250123811, 0.0 ], [ 109.734683468072873, -7.792198746691049, 0.0 ], [ 109.7346928793621, -7.792211784406085, 0.0 ], [ 109.734716312255571, -7.792244246149588, 0.0 ], [ 109.734739245202746, -7.792276015776843, 0.0 ], [ 109.734740106998728, -7.792277209652301, 0.0 ], [ 109.734763177646457, -7.792309170031421, 0.0 ], [ 109.734780516331583, -7.792333189413578, 0.0 ], [ 109.7347797632913, -7.792348419905877, 0.0 ], [ 109.734773670786339, -7.792367777094893, 0.0 ], [ 109.734773048475674, -7.792389026190645, 0.0 ], [ 109.734726415188192, -7.792500605074903, 0.0 ], [ 109.734703098923319, -7.792556394514604, 0.0 ], [ 109.734633148913815, -7.792723762815628, 0.0 ], [ 109.73460983262342, -7.792779552245596, 0.0 ], [ 109.734539882527969, -7.792946920517609, 0.0 ], [ 109.734516566205812, -7.793002709937966, 0.0 ], [ 109.734456585871342, -7.79314622356103, 0.0 ], [ 109.734448366625315, -7.793161933262506, 0.0 ], [ 109.734442634552281, -7.793170066286093, 0.0 ] ], [ [ 109.734442634552281, -7.793170066286093, 0.0 ], [ 109.734425235860286, -7.793194752805499, 0.0 ], [ 109.734400350957841, -7.79322134858775, 0.0 ], [ 109.734393333164363, -7.793218771367318, 0.0 ], [ 109.734362624692594, -7.793207493846655, 0.0 ], [ 109.734321632243464, -7.793192439923815, 0.0 ], [ 109.734305250377716, -7.793186423766894, 0.0 ], [ 109.734288455871152, -7.793180256136406, 0.0 ], [ 109.73425921611333, -7.793169518272746, 0.0 ], [ 109.734239647421262, -7.793162332006351, 0.0 ], [ 109.734232508336504, -7.793159710239367, 0.0 ], [ 109.734176560808379, -7.793139164335776, 0.0 ], [ 109.734120613288781, -7.793118617748829, 0.0 ], [ 109.734105863117534, -7.793113200963655, 0.0 ], [ 109.734075677971873, -7.793102115971024, 0.0 ], [ 109.734064665773602, -7.793098071832167, 0.0 ], [ 109.734008718264946, -7.793077525908986, 0.0 ], [ 109.733994970662806, -7.793070741575296, 0.0 ], [ 109.733975526169132, -7.793056952392242, 0.0 ], [ 109.733962932904774, -7.793046810335539, 0.0 ], [ 109.73395283367654, -7.79303604195434, 0.0 ], [ 109.733923850525557, -7.793000938890089, 0.0 ], [ 109.733877615094158, -7.792944941643435, 0.0 ], [ 109.733841221426673, -7.792900863275071, 0.0 ], [ 109.73383583944613, -7.792894344811643, 0.0 ], [ 109.7338313805068, -7.792888944396098, 0.0 ], [ 109.733785145931392, -7.792832947145528, 0.0 ], [ 109.73373891053572, -7.792776949889202, 0.0 ], [ 109.733729609246154, -7.792765684580331, 0.0 ], [ 109.733709410508155, -7.792741220572933, 0.0 ], [ 109.733692675980976, -7.792720952632219, 0.0 ], [ 109.73364644144128, -7.79266495537196, 0.0 ], [ 109.733633553277514, -7.792649345926472, 0.0 ], [ 109.733617997138026, -7.792630504862865, 0.0 ], [ 109.733600206913465, -7.792608958108536, 0.0 ], [ 109.733553971565399, -7.79255296083937, 0.0 ], [ 109.733507737058332, -7.792496963569449, 0.0 ], [ 109.733507124481989, -7.792496221649262, 0.0 ], [ 109.733506385096291, -7.792495326127391, 0.0 ], [ 109.7334615025662, -7.792440966296371, 0.0 ], [ 109.733415267253889, -7.792384969017555, 0.0 ], [ 109.733394773123933, -7.792360147376386, 0.0 ], [ 109.733380695775466, -7.792343097348001, 0.0 ], [ 109.733369032785617, -7.792328971737994, 0.0 ], [ 109.73332279832924, -7.792272974455265, 0.0 ], [ 109.733304838686848, -7.792251222663981, 0.0 ], [ 109.733283161223937, -7.79222496760269, 0.0 ], [ 109.733276563881674, -7.792216977169277, 0.0 ], [ 109.733230328616969, -7.792160979877574, 0.0 ], [ 109.733184094196261, -7.792104982585212, 0.0 ], [ 109.733178410122761, -7.792098098321016, 0.0 ], [ 109.73317154939032, -7.792089788814191, 0.0 ], [ 109.733137859787533, -7.792048985289568, 0.0 ], [ 109.733091624555428, -7.791992987988258, 0.0 ], [ 109.733059937626095, -7.791954610003712, 0.0 ], [ 109.733051981647691, -7.791944973957214, 0.0 ], [ 109.733045390170489, -7.791936990686198, 0.0 ], [ 109.733036055318408, -7.791925684671611, 0.0 ] ] ] } },
{ "type": "Feature", "properties": { "Id": 100, "Contour": 13.0, "Skor": 1.0, "Shape_Leng": 1870.8721739099999 }, "geometry": { "type": "MultiLineString", "coordinates": [ [ [ 109.743271444635027, -7.787955210557522, 0.0 ], [ 109.743257314235777, -7.787993315479812, 0.0 ], [ 109.743247863055601, -7.788018802193526, 0.0 ], [ 109.743242171915981, -7.788034149336744, 0.0 ], [ 109.743227029567834, -7.788074983173098, 0.0 ], [ 109.743215202927942, -7.788106875749659, 0.0 ], [ 109.743209021185848, -7.788123545829601, 0.0 ], [ 109.743196744879768, -7.788156650849047, 0.0 ], [ 109.743180789858457, -7.78819967622888, 0.0 ], [ 109.743171554623174, -7.788224580542038, 0.0 ], [ 109.743150863099757, -7.788280378452963, 0.0 ], [ 109.743136175449422, -7.788319986184633, 0.0 ], [ 109.743121033076932, -7.788360820010148, 0.0 ], [ 109.743117222232058, -7.788371096597671, 0.0 ], [ 109.743105890725815, -7.788401653857278, 0.0 ], [ 109.743090748330786, -7.788442487667604, 0.0 ], [ 109.743084561967692, -7.788459170201407, 0.0 ], [ 109.743075605975832, -7.788483321515839, 0.0 ], [ 109.743060463592514, -7.788524155336973, 0.0 ], [ 109.743047405737244, -7.78855936797826, 0.0 ], [ 109.743045321230554, -7.788564989186321, 0.0 ], [ 109.743026714187252, -7.788615165877093, 0.0 ], [ 109.743006022708684, -7.788670963774115, 0.0 ], [ 109.742984751614344, -7.788728324429764, 0.0 ], [ 109.742969609241186, -7.788769158280118, 0.0 ], [ 109.742953920820185, -7.788811464501307, 0.0 ], [ 109.742939324437842, -7.788850825925651, 0.0 ], [ 109.742926707367019, -7.78888484971424, 0.0 ], [ 109.742924055374758, -7.788891532677209, 0.0 ], [ 109.742920982972649, -7.788899813200175, 0.0 ], [ 109.742908635857077, -7.78893208848184, 0.0 ], [ 109.742902241667309, -7.788949952269118, 0.0 ], [ 109.742893691843122, -7.788973121350035, 0.0 ], [ 109.742888410159239, -7.788987799980988, 0.0 ], [ 109.742881873504416, -7.789005751112999, 0.0 ], [ 109.742878754789373, -7.789014161206921, 0.0 ], [ 109.742870244457706, -7.789037110543716, 0.0 ], [ 109.74286287442402, -7.789054254657141, 0.0 ], [ 109.742859948551001, -7.789061545337299, 0.0 ], [ 109.742853173317556, -7.789078427891417, 0.0 ], [ 109.742846712325502, -7.789094065459102, 0.0 ], [ 109.742837728426238, -7.789117338683873, 0.0 ], [ 109.742831122858831, -7.789134450768885, 0.0 ], [ 109.742819075020265, -7.789167927011469, 0.0 ], [ 109.742816241634245, -7.789175546646664, 0.0 ], [ 109.742813801755332, -7.789182579353285, 0.0 ], [ 109.742794916633628, -7.789228930200885, 0.0 ], [ 109.7427839129533, -7.789255163763459, 0.0 ], [ 109.742781689913343, -7.789260684694488, 0.0 ], [ 109.742771841824691, -7.789284721005486, 0.0 ], [ 109.742767606917653, -7.789294830164946, 0.0 ], [ 109.742757379852605, -7.789321058678845, 0.0 ], [ 109.742749453023023, -7.789340513842796, 0.0 ], [ 109.742658525942161, -7.789563681099473, 0.0 ], [ 109.742635794043792, -7.789619472907458, 0.0 ], [ 109.742544866822769, -7.789842640117683, 0.0 ], [ 109.742531691809447, -7.789874976025659, 0.0 ], [ 109.742521813522401, -7.789888619675507, 0.0 ], [ 109.742497379342524, -7.789920131325245, 0.0 ], [ 109.74247546935041, -7.789946530436793, 0.0 ], [ 109.74242502020968, -7.789954002982734, 0.0 ], [ 109.74241843798093, -7.789954977952333, 0.0 ], [ 109.742371511793465, -7.789961928901131, 0.0 ], [ 109.742352394386032, -7.789964760616864, 0.0 ], [ 109.742322852833396, -7.789969136325057, 0.0 ], [ 109.742307368065468, -7.789971429976786, 0.0 ], [ 109.742083233005133, -7.790004628962246, 0.0 ], [ 109.742079557962199, -7.790005173321125, 0.0 ], [ 109.742055216121429, -7.790008778827104, 0.0 ], [ 109.742027199237455, -7.790012928690017, 0.0 ], [ 109.742022177687048, -7.790013672492655, 0.0 ], [ 109.741982240143685, -7.790019588209767, 0.0 ], [ 109.741956134105322, -7.790023455076359, 0.0 ], [ 109.741933581186629, -7.790026795599835, 0.0 ], [ 109.741915131698164, -7.790029528378018, 0.0 ], [ 109.741578929057553, -7.790079326485011, 0.0 ], [ 109.741559873972463, -7.790082148943967, 0.0 ], [ 109.741544309405583, -7.790084454415345, 0.0 ], [ 109.741494878390952, -7.790091776156691, 0.0 ], [ 109.741466861501536, -7.790095926045557, 0.0 ], [ 109.741186692595221, -7.790137424176184, 0.0 ], [ 109.741163613565391, -7.790140842645949, 0.0 ], [ 109.74115503764871, -7.790142112927462, 0.0 ], [ 109.741130658810476, -7.790145723905971, 0.0 ], [ 109.741074625025135, -7.790154023462807, 0.0 ], [ 109.741057719672867, -7.790156527470072, 0.0 ], [ 109.741031526650389, -7.790160407228119, 0.0 ], [ 109.741018591238145, -7.790162323215935, 0.0 ], [ 109.740738422290065, -7.790203821035908, 0.0 ], [ 109.740717106814969, -7.7902069782661, 0.0 ], [ 109.740701309765726, -7.790209318066921, 0.0 ], [ 109.740668447849927, -7.790214185513618, 0.0 ], [ 109.740635266176866, -7.790219100408932, 0.0 ], [ 109.740626354702783, -7.790220420366639, 0.0 ], [ 109.740576468217625, -7.790227809374523, 0.0 ], [ 109.740571615869797, -7.790229087546098, 0.0 ], [ 109.740570316394965, -7.790230230275435, 0.0 ], [ 109.740562064465081, -7.790235979297943, 0.0 ], [ 109.740536880298876, -7.790250263950173, 0.0 ], [ 109.740523417473952, -7.790274293883928, 0.0 ], [ 109.740517017493687, -7.790283491888362, 0.0 ], [ 109.740524920701702, -7.790294291204857, 0.0 ], [ 109.74053751984259, -7.790316006046996, 0.0 ], [ 109.740551928108914, -7.790321387392344, 0.0 ], [ 109.740570012580164, -7.790331909359078, 0.0 ], [ 109.740574245758992, -7.790335289251248, 0.0 ], [ 109.740591870080777, -7.790339573560127, 0.0 ], [ 109.740609799028931, -7.790355735018934, 0.0 ], [ 109.740625917463831, -7.790366759382902, 0.0 ], [ 109.740636533728235, -7.790384923511131, 0.0 ], [ 109.740676703839966, -7.790395684883846, 0.0 ], [ 109.740681828760543, -7.790399466286273, 0.0 ], [ 109.740702428156382, -7.790430982333575, 0.0 ], [ 109.740727221292232, -7.790441230567465, 0.0 ], [ 109.740737694430507, -7.790447448182977, 0.0 ], [ 109.740739998112218, -7.790449428763356, 0.0 ], [ 109.740752718237857, -7.79045176998607, 0.0 ], [ 109.740793600431246, -7.790481934727358, 0.0 ], [ 109.740801726662212, -7.790499617648834, 0.0 ], [ 109.740828731750028, -7.790507855074961, 0.0 ], [ 109.740840692776871, -7.790516679934962, 0.0 ], [ 109.740849486286479, -7.790523168040645, 0.0 ], [ 109.740866877695368, -7.790546413494329, 0.0 ], [ 109.740904747075518, -7.790563940158727, 0.0 ], [ 109.740905372153179, -7.790564401348242, 0.0 ], [ 109.740961258026005, -7.790605636447488, 0.0 ], [ 109.740966063482858, -7.790615160584532, 0.0 ], [ 109.74098075997253, -7.790620025224643, 0.0 ], [ 109.741017143915641, -7.790646869743663, 0.0 ], [ 109.741030744693191, -7.790662422228798, 0.0 ], [ 109.741056773604484, -7.790676110282062, 0.0 ], [ 109.741066142030732, -7.790683022610152, 0.0 ], [ 109.74109834950427, -7.790706785423524, 0.0 ], [ 109.741118163608192, -7.790721404905852, 0.0 ], [ 109.741128915724033, -7.790729338116266, 0.0 ], [ 109.741129936514696, -7.79073116336417, 0.0 ], [ 109.741132788279913, -7.79073219533203, 0.0 ], [ 109.741184801648103, -7.790770571395394, 0.0 ], [ 109.741193856893432, -7.790779179313025, 0.0 ], [ 109.741208802636876, -7.79078828037042, 0.0 ], [ 109.741240687578326, -7.790811806462817, 0.0 ], [ 109.741284816672234, -7.790844365397204, 0.0 ], [ 109.741291641808814, -7.790849315285617, 0.0 ], [ 109.741296574131496, -7.790852836763812, 0.0 ], [ 109.741324299370106, -7.790872631894439, 0.0 ], [ 109.74132576572508, -7.790873662543921, 0.0 ], [ 109.7413524648383, -7.790892480019844, 0.0 ], [ 109.7413570825709, -7.790895823945586, 0.0 ], [ 109.741363891580818, -7.790900459505366, 0.0 ], [ 109.741391911536397, -7.790916987826219, 0.0 ], [ 109.741408378567044, -7.790924417645663, 0.0 ], [ 109.741419644251494, -7.790945186937009, 0.0 ], [ 109.741424366915979, -7.79095649835691, 0.0 ], [ 109.741438544466035, -7.790982142603319, 0.0 ], [ 109.741440329040273, -7.790988601892152, 0.0 ], [ 109.741449509307429, -7.791012432257308, 0.0 ], [ 109.741453560637865, -7.791022948909172, 0.0 ], [ 109.741462474482546, -7.791066846088557, 0.0 ], [ 109.741462913035321, -7.791068331291141, 0.0 ], [ 109.741463106937559, -7.791069178058844, 0.0 ], [ 109.741463940801466, -7.791074066926695, 0.0 ], [ 109.741490288722545, -7.79123599026873, 0.0 ], [ 109.741494353848637, -7.791260973286398, 0.0 ], [ 109.741495507950034, -7.79126806618604, 0.0 ], [ 109.741499382235602, -7.791291876500449, 0.0 ], [ 109.741517569583422, -7.79140364896506, 0.0 ], [ 109.741517764102696, -7.791404844429207, 0.0 ], [ 109.741526663305947, -7.791459535197534, 0.0 ], [ 109.741528193093828, -7.791468936801, 0.0 ], [ 109.74153337104859, -7.791500758421285, 0.0 ], [ 109.741535756936273, -7.791515421429823, 0.0 ], [ 109.741553944290985, -7.791627193894747, 0.0 ], [ 109.741556781332065, -7.791644629551676, 0.0 ], [ 109.741560878222728, -7.791669807387358, 0.0 ], [ 109.741563037906346, -7.791683080127123, 0.0 ], [ 109.741573940455268, -7.791750082549371, 0.0 ], [ 109.741581225337185, -7.791794852592544, 0.0 ], [ 109.741582668387039, -7.791803721181217, 0.0 ], [ 109.741587995033441, -7.791836457746484, 0.0 ], [ 109.741590318791125, -7.791850738824534, 0.0 ], [ 109.741617600011296, -7.792018397523337, 0.0 ], [ 109.741619208977795, -7.792028285712565, 0.0 ], [ 109.741626248358216, -7.792071548386447, 0.0 ], [ 109.741626693442214, -7.792074283755414, 0.0 ], [ 109.74162894034508, -7.792088092332192, 0.0 ], [ 109.741644880918642, -7.792186056221549, 0.0 ], [ 109.741657103442307, -7.792213490645225, 0.0 ], [ 109.741684494565419, -7.792240482397823, 0.0 ], [ 109.741685611916594, -7.792240920760582, 0.0 ], [ 109.741688859344407, -7.792242046067297, 0.0 ], [ 109.741727556128637, -7.792255030707675, 0.0 ], [ 109.741740447496298, -7.792259356448616, 0.0 ], [ 109.74179640072748, -7.792278131938495, 0.0 ], [ 109.741811497807618, -7.792283197806933, 0.0 ], [ 109.741850125099134, -7.792296159114935, 0.0 ], [ 109.741853468885097, -7.792297281124982, 0.0 ], [ 109.741856815526162, -7.792298404108529, 0.0 ], [ 109.741908307209258, -7.792315682480773, 0.0 ], [ 109.741934031284259, -7.792324314263524, 0.0 ], [ 109.741937410584455, -7.792325448201915, 0.0 ], [ 109.741979381597091, -7.792339531579815, 0.0 ], [ 109.74201793719709, -7.792352469104897, 0.0 ], [ 109.742021352456845, -7.792353615109031, 0.0 ], [ 109.74206332331687, -7.792367698637713, 0.0 ], [ 109.742101843151445, -7.792380623957423, 0.0 ], [ 109.742105294345961, -7.792381781997985, 0.0 ], [ 109.742132120245273, -7.792390783485908, 0.0 ], [ 109.742188073518776, -7.792409558926317, 0.0 ], [ 109.742214861071787, -7.792381960103507, 0.0 ], [ 109.74223644532043, -7.792355390570701, 0.0 ], [ 109.742239737851804, -7.792350892360842, 0.0 ], [ 109.742244276464277, -7.792344689147825, 0.0 ], [ 109.742277221951653, -7.792299652392797, 0.0 ], [ 109.742287011960343, -7.792286269308345, 0.0 ] ], [ [ 109.744081717553229, -7.788555061324516, 0.0 ], [ 109.744075936347556, -7.788533408750836, 0.0 ], [ 109.744064405550304, -7.788490222094671, 0.0 ], [ 109.744055898880205, -7.788458361639353, 0.0 ], [ 109.744053835294451, -7.788450632815213, 0.0 ], [ 109.744038909199531, -7.788394729305142, 0.0 ], [ 109.744023982995287, -7.788338825794696, 0.0 ], [ 109.743993858969773, -7.788226000611982, 0.0 ], [ 109.74398210115109, -7.788181963757845, 0.0 ], [ 109.743979204620956, -7.78817111526376, 0.0 ], [ 109.74396617747675, -7.788122323950026, 0.0 ] ], [ [ 109.742287011960343, -7.792286269308345, 0.0 ], [ 109.742310648617334, -7.792253957387764, 0.0 ], [ 109.742317995417451, -7.792243914199709, 0.0 ], [ 109.742412992713099, -7.79211405197803, 0.0 ], [ 109.742441112069514, -7.792075612266309, 0.0 ], [ 109.742452469299721, -7.79206008663892, 0.0 ], [ 109.742469231420557, -7.792037172561536, 0.0 ], [ 109.742525470104866, -7.791960293642422, 0.0 ], [ 109.742547016407201, -7.791930839494696, 0.0 ], [ 109.742570653037816, -7.791898527569018, 0.0 ], [ 109.742583024332944, -7.791881615808532, 0.0 ], [ 109.742644184954543, -7.791798008453268, 0.0 ], [ 109.742662954311768, -7.791773223349891, 0.0 ], [ 109.742665616997584, -7.791769698681226, 0.0 ], [ 109.742686690273416, -7.791742275347733, 0.0 ], [ 109.742694174101175, -7.79173365457101, 0.0 ], [ 109.742735057647607, -7.791686559631382, 0.0 ], [ 109.742742143156292, -7.791678397593328, 0.0 ], [ 109.742750376488715, -7.791668913410057, 0.0 ], [ 109.742783424958859, -7.791630843907111, 0.0 ], [ 109.742794134464219, -7.791618507260732, 0.0 ], [ 109.742807608608004, -7.79160298604207, 0.0 ], [ 109.742831792253895, -7.791575128175102, 0.0 ], [ 109.7428461257539, -7.791558616922423, 0.0 ], [ 109.742862781210704, -7.791539431060186, 0.0 ], [ 109.742880159538984, -7.791519412435504, 0.0 ], [ 109.742898117028446, -7.79149872657525, 0.0 ], [ 109.742918983545209, -7.79147468987127, 0.0 ], [ 109.742921173379202, -7.791465832491921, 0.0 ], [ 109.742921036815019, -7.791463674466072, 0.0 ], [ 109.742920673843145, -7.791462025293479, 0.0 ], [ 109.742919062575112, -7.791448195202076, 0.0 ], [ 109.742908587916787, -7.791418313789024, 0.0 ], [ 109.742909148054693, -7.791407779941967, 0.0 ], [ 109.742907738284231, -7.791396327485678, 0.0 ], [ 109.742898251083389, -7.791372868222953, 0.0 ], [ 109.742896954879953, -7.791351884514672, 0.0 ], [ 109.742890774068201, -7.791324587417393, 0.0 ], [ 109.742890567712536, -7.791323074772166, 0.0 ], [ 109.742885281393399, -7.791295990629254, 0.0 ], [ 109.742863751200062, -7.791214254282605, 0.0 ], [ 109.742857187867472, -7.791190804300285, 0.0 ], [ 109.742855830569994, -7.791184184748743, 0.0 ], [ 109.742845861715793, -7.791146339562988, 0.0 ], [ 109.742841105107956, -7.791128281808245, 0.0 ], [ 109.742826379707907, -7.791072378867955, 0.0 ], [ 109.742822596760789, -7.791058017471093, 0.0 ], [ 109.742810964251518, -7.791013856463893, 0.0 ], [ 109.74279692884771, -7.790960572986993, 0.0 ], [ 109.742792785258871, -7.790944842454795, 0.0 ], [ 109.742787699313268, -7.790925534368749, 0.0 ], [ 109.742776066818635, -7.790881373345292, 0.0 ], [ 109.742767477998697, -7.790848767105868, 0.0 ], [ 109.74274538991601, -7.790764912695111, 0.0 ], [ 109.742738027210777, -7.790736961224813, 0.0 ], [ 109.742738749788998, -7.790722552187319, 0.0 ], [ 109.742742028561651, -7.790692344893444, 0.0 ], [ 109.742742654043212, -7.790681115703387, 0.0 ], [ 109.742753417239328, -7.790649601382401, 0.0 ], [ 109.742809919801388, -7.790484163630903, 0.0 ], [ 109.742838171062672, -7.790401444637459, 0.0 ], [ 109.742845128833295, -7.790381072410781, 0.0 ], [ 109.742859380250593, -7.790339344609342, 0.0 ], [ 109.742916385919997, -7.790172433439004, 0.0 ], [ 109.742930637279883, -7.790130705593556, 0.0 ], [ 109.742933238729222, -7.790123088589963, 0.0 ], [ 109.742990414065403, -7.789955680420863, 0.0 ], [ 109.743001894261212, -7.789922066591501, 0.0 ], [ 109.743009472459136, -7.789899877694111, 0.0 ], [ 109.743038060063199, -7.789816173600668, 0.0 ], [ 109.743095235295698, -7.789648765401769, 0.0 ], [ 109.743101653863988, -7.789629971911797, 0.0 ], [ 109.743111041626079, -7.789602484614067, 0.0 ], [ 109.743148934051348, -7.789491535907919, 0.0 ], [ 109.743205436238455, -7.789326098045344, 0.0 ], [ 109.743238173029468, -7.789230244833159, 0.0 ], [ 109.743244167264152, -7.789212693689868, 0.0 ], [ 109.743258418586066, -7.789170965863471, 0.0 ], [ 109.743315423876851, -7.789004054580053, 0.0 ], [ 109.743329675141283, -7.788962326706357, 0.0 ], [ 109.743333464631377, -7.788951231064254, 0.0 ], [ 109.743390639583609, -7.78878382278143, 0.0 ], [ 109.743400931642441, -7.788753687559751, 0.0 ], [ 109.74340969784312, -7.788728020016723, 0.0 ], [ 109.743431444453051, -7.788664345775843, 0.0 ], [ 109.743487946372298, -7.788498907837196, 0.0 ], [ 109.743501127711525, -7.788462031250594, 0.0 ], [ 109.743504989223794, -7.788449006166757, 0.0 ], [ 109.743544448238666, -7.788333469655991, 0.0 ], [ 109.74354599750518, -7.788335856960368, 0.0 ], [ 109.743549235037648, -7.788342218806294, 0.0 ], [ 109.743565595136388, -7.788372121233558, 0.0 ], [ 109.743582514069061, -7.788411041221769, 0.0 ], [ 109.743593019386864, -7.788442172390519, 0.0 ], [ 109.74359571348289, -7.788449275100779, 0.0 ], [ 109.743596776199738, -7.788452595218089, 0.0 ], [ 109.743600070834106, -7.78846306844518, 0.0 ], [ 109.743700839160951, -7.788784742348341, 0.0 ], [ 109.743703285089026, -7.788792550288022, 0.0 ], [ 109.743711032967042, -7.788817283124588, 0.0 ], [ 109.743716706519038, -7.788834937786367, 0.0 ], [ 109.743718354043864, -7.788840653537801, 0.0 ], [ 109.743727111452344, -7.78886860913236, 0.0 ], [ 109.743729909673348, -7.788877541690299, 0.0 ], [ 109.743743221974881, -7.788920037384854, 0.0 ], [ 109.74375338372063, -7.788952475916081, 0.0 ], [ 109.743766514086346, -7.788994390773336, 0.0 ], [ 109.743771325467449, -7.789003562585095, 0.0 ], [ 109.743777116887443, -7.789019053309732, 0.0 ], [ 109.7437875047587, -7.789043215901041, 0.0 ], [ 109.743800769398376, -7.78908575885812, 0.0 ], [ 109.743804275005544, -7.789102326118219, 0.0 ], [ 109.743809057344194, -7.789120218756953, 0.0 ], [ 109.743812057613582, -7.789130261277372, 0.0 ], [ 109.743821999374887, -7.789170111325111, 0.0 ], [ 109.743825156701291, -7.789172968369328, 0.0 ], [ 109.743827873008684, -7.789176133800901, 0.0 ], [ 109.743852955875482, -7.789201101534679, 0.0 ], [ 109.743861602440731, -7.789215866999349, 0.0 ], [ 109.743872280041131, -7.789232124694004, 0.0 ], [ 109.743874472657694, -7.789235463179791, 0.0 ], [ 109.74387778959408, -7.78924350939066, 0.0 ], [ 109.743941294715455, -7.789309066707983, 0.0 ] ] ] } },
{ "type": "Feature", "properties": { "Id": 27, "Contour": 19.0, "Skor": 2.0, "Shape_Leng": 1218.6031154699999 }, "geometry": { "type": "MultiLineString", "coordinates": [ [ [ 109.733424598999108, -7.790038415743446, 0.0 ], [ 109.733425765704666, -7.790038920127595, 0.0 ], [ 109.73344695421288, -7.790049726034201, 0.0 ], [ 109.733457720512277, -7.79005141716014, 0.0 ], [ 109.733513631398708, -7.790084012966323, 0.0 ], [ 109.733520615712209, -7.790088084823972, 0.0 ], [ 109.733532646384646, -7.790095098617397, 0.0 ], [ 109.733625453201427, -7.790149204019695, 0.0 ], [ 109.733626739397522, -7.790149953865646, 0.0 ], [ 109.733662113689689, -7.790170577153494, 0.0 ], [ 109.733681364115469, -7.790181800037661, 0.0 ], [ 109.733793185975117, -7.790246990947923, 0.0 ], [ 109.733803611946442, -7.79025306922478, 0.0 ], [ 109.733838986254355, -7.790273692497243, 0.0 ], [ 109.733849096917467, -7.790279586947789, 0.0 ], [ 109.733960918833731, -7.790344777821837, 0.0 ], [ 109.733980484586638, -7.790356184520202, 0.0 ], [ 109.734015858916507, -7.790376807783825, 0.0 ], [ 109.734016829804361, -7.790377373803572, 0.0 ], [ 109.73401791766041, -7.790376927557598, 0.0 ], [ 109.734062971119172, -7.790366103611331, 0.0 ], [ 109.734072875709785, -7.790365046150006, 0.0 ], [ 109.734690049741531, -7.790006509309316, 0.0 ], [ 109.734706082868854, -7.790002865056809, 0.0 ], [ 109.734723738365929, -7.789986938423959, 0.0 ], [ 109.734746156424393, -7.789973914998453, 0.0 ], [ 109.734760905160869, -7.789972344789921, 0.0 ], [ 109.734781885593222, -7.789987112030554, 0.0 ], [ 109.734783286233395, -7.790005849170107, 0.0 ], [ 109.734778265722596, -7.790019260412667, 0.0 ], [ 109.734778956049865, -7.790042962369621, 0.0 ], [ 109.734745571435084, -7.790168799812726, 0.0 ], [ 109.734736820442976, -7.790201784979689, 0.0 ], [ 109.734730626392661, -7.790225131754994, 0.0 ], [ 109.734725080979615, -7.790246033415432, 0.0 ], [ 109.734719724902064, -7.790266221860707, 0.0 ], [ 109.734645686469634, -7.790545296197318, 0.0 ], [ 109.734642906561874, -7.790555774362907, 0.0 ], [ 109.7346311670142, -7.790600022730453, 0.0 ], [ 109.734630385178008, -7.790602969696904, 0.0 ], [ 109.734556839692218, -7.79088018535723, 0.0 ], [ 109.73455019274482, -7.790905239309213, 0.0 ], [ 109.734548992428643, -7.790909763642279, 0.0 ], [ 109.734537252970625, -7.790954012120261, 0.0 ], [ 109.734530144198487, -7.790980807114757, 0.0 ], [ 109.73452722373122, -7.790991815065872, 0.0 ], [ 109.734497608242492, -7.791103444770824, 0.0 ], [ 109.734502342433359, -7.791119753502909, 0.0 ], [ 109.734509215409659, -7.791149989045064, 0.0 ], [ 109.734511677106838, -7.791159345866606, 0.0 ], [ 109.734513349327813, -7.79116453392079, 0.0 ], [ 109.73451849833144, -7.791180508397788, 0.0 ], [ 109.734583766280338, -7.791382997478349, 0.0 ], [ 109.734588468221631, -7.791397585087641, 0.0 ], [ 109.734594973707274, -7.791417767953637, 0.0 ], [ 109.734601788372615, -7.791438910380271, 0.0 ], [ 109.734619810546519, -7.79149482328233, 0.0 ], [ 109.734622181623536, -7.791502179522185, 0.0 ], [ 109.734629482504204, -7.791524830043713, 0.0 ], [ 109.734673877451996, -7.791662561988672, 0.0 ], [ 109.734676764576236, -7.791670837006935, 0.0 ], [ 109.734684989157287, -7.791692156892978, 0.0 ], [ 109.734694310858828, -7.791709134515811, 0.0 ], [ 109.734700437514533, -7.791718500387764, 0.0 ], [ 109.734740846288759, -7.791774480143359, 0.0 ], [ 109.734764239358327, -7.791806886657714, 0.0 ], [ 109.734781255765057, -7.791830459898694, 0.0 ], [ 109.734796528553161, -7.791851617841274, 0.0 ], [ 109.734811104688433, -7.791871810557995, 0.0 ], [ 109.734834537577427, -7.791904272293937, 0.0 ], [ 109.734852305670444, -7.791928886909374, 0.0 ], [ 109.734902482871092, -7.791998399146943, 0.0 ], [ 109.73490483547711, -7.792001658268739, 0.0 ], [ 109.734928268414166, -7.792034119966065, 0.0 ], [ 109.734942892388062, -7.792054378893154, 0.0 ], [ 109.734963859960288, -7.792083425991135, 0.0 ], [ 109.734975133767065, -7.792099043884727, 0.0 ], [ 109.734998566679977, -7.792131505612046, 0.0 ], [ 109.735019637135665, -7.792160695046258, 0.0 ], [ 109.73502371076053, -7.792166338376719, 0.0 ], [ 109.735026562383226, -7.792173291296621, 0.0 ], [ 109.735041452486811, -7.792200374735555, 0.0 ], [ 109.735046959065571, -7.792222266876821, 0.0 ], [ 109.735038962057388, -7.792241758839105, 0.0 ], [ 109.735029940686303, -7.792267479507488, 0.0 ], [ 109.735025947458325, -7.792278063225332, 0.0 ], [ 109.735019236605226, -7.792294120238473, 0.0 ], [ 109.735007487088581, -7.792322233320544, 0.0 ], [ 109.734990932996666, -7.792361842770837, 0.0 ], [ 109.734979314639972, -7.792389642151902, 0.0 ], [ 109.734909364771255, -7.792557010521881, 0.0 ], [ 109.734906407790845, -7.792564085776248, 0.0 ], [ 109.73489200237411, -7.792598554155941, 0.0 ], [ 109.734886048527727, -7.792612799974887, 0.0 ], [ 109.734816098573091, -7.792780168315807, 0.0 ], [ 109.734792782297831, -7.792835957759165, 0.0 ], [ 109.734722832257248, -7.793003326071108, 0.0 ], [ 109.734699515956478, -7.793059115504772, 0.0 ], [ 109.73462956582992, -7.793226483787666, 0.0 ], [ 109.734606249497375, -7.793282273211669, 0.0 ], [ 109.734536299284898, -7.793449641465616, 0.0 ], [ 109.734512982926844, -7.793505430879921, 0.0 ], [ 109.73451150561732, -7.793508965599944, 0.0 ], [ 109.734493873187162, -7.79354375193167, 0.0 ], [ 109.734482006110113, -7.793561197405394, 0.0 ], [ 109.734471221218726, -7.793577051873175, 0.0 ], [ 109.734455238381983, -7.793594834290307, 0.0 ] ], [ [ 109.734455238381983, -7.793594834290307, 0.0 ], [ 109.734430495077675, -7.793585747656318, 0.0 ], [ 109.734420322949603, -7.793582012000143, 0.0 ], [ 109.734399290784665, -7.793574288136759, 0.0 ], [ 109.734362673130889, -7.793560840867766, 0.0 ], [ 109.734348510153524, -7.793555639763004, 0.0 ], [ 109.734343343193018, -7.793553742245432, 0.0 ], [ 109.734287395607893, -7.793533196344391, 0.0 ], [ 109.734231448031252, -7.793512649766407, 0.0 ], [ 109.73420931998119, -7.793504523572119, 0.0 ], [ 109.734184540537726, -7.793495423743894, 0.0 ], [ 109.734175500459102, -7.793492103855475, 0.0 ], [ 109.734119552893418, -7.793471557938043, 0.0 ], [ 109.734102555627246, -7.793465315837592, 0.0 ], [ 109.734067993627662, -7.793452623522042, 0.0 ], [ 109.734061563070938, -7.79345026198412, 0.0 ], [ 109.734020570865113, -7.793435207784865, 0.0 ], [ 109.733979288970446, -7.793420047532417, 0.0 ], [ 109.733951710237363, -7.793409919469664, 0.0 ], [ 109.733895762697628, -7.79338937352284, 0.0 ], [ 109.733891828659253, -7.793387928779763, 0.0 ], [ 109.733856601326409, -7.793374991685713, 0.0 ], [ 109.733815608887909, -7.793359937714287, 0.0 ], [ 109.733803745891549, -7.793355581075784, 0.0 ], [ 109.733783867639701, -7.793348280942504, 0.0 ], [ 109.733775984737093, -7.793343527282027, 0.0 ], [ 109.733767371227088, -7.793335625526802, 0.0 ], [ 109.733748626227708, -7.793314957216405, 0.0 ], [ 109.733728031318662, -7.79329073515924, 0.0 ], [ 109.733723012908996, -7.793284657043221, 0.0 ], [ 109.733718855187234, -7.793279621443958, 0.0 ], [ 109.733672441439694, -7.793223407195842, 0.0 ], [ 109.733647155574388, -7.793192782407905, 0.0 ], [ 109.733621869940862, -7.793162157389758, 0.0 ], [ 109.733616419098524, -7.793155555639387, 0.0 ], [ 109.733580150611857, -7.793111629632778, 0.0 ], [ 109.733533916051485, -7.793055632356796, 0.0 ], [ 109.733520726667038, -7.793039658089012, 0.0 ], [ 109.733504806946101, -7.793020376670715, 0.0 ], [ 109.733487681506119, -7.792999635077574, 0.0 ], [ 109.733441446140517, -7.792943637792627, 0.0 ], [ 109.733348977106218, -7.792831643218134, 0.0 ], [ 109.733302741776313, -7.792775645923522, 0.0 ], [ 109.733281582848065, -7.792750019107837, 0.0 ], [ 109.733267869069437, -7.792733409420959, 0.0 ], [ 109.73325650729052, -7.792719648628261, 0.0 ], [ 109.733210272816592, -7.792663651329718, 0.0 ], [ 109.733192011949001, -7.792641534711034, 0.0 ], [ 109.733169970906133, -7.792614839296022, 0.0 ], [ 109.733164038354559, -7.792607654028006, 0.0 ], [ 109.733117803069192, -7.792551656720549, 0.0 ], [ 109.733071568630976, -7.792495659412352, 0.0 ], [ 109.733065583337108, -7.792488410328117, 0.0 ], [ 109.733058359030593, -7.792479660466102, 0.0 ], [ 109.733025334204669, -7.792439662100993, 0.0 ], [ 109.732979098958126, -7.792383664783893, 0.0 ], [ 109.732946747224389, -7.792344481620671, 0.0 ], [ 109.732935244956906, -7.792342624029697, 0.0 ] ] ] } },
{ "type": "Feature", "properties": { "Id": 26, "Contour": 19.0, "Skor": 2.0, "Shape_Leng": 807.05156617600005 }, "geometry": { "type": "LineString", "coordinates": [ [ 109.736053076462767, -7.796508778798856, 0.0 ], [ 109.736070750169233, -7.79651397229645, 0.0 ], [ 109.736079060817005, -7.796518197138851, 0.0 ], [ 109.736095485910795, -7.79652654710618, 0.0 ], [ 109.736097070413194, -7.796552917851376, 0.0 ], [ 109.736070612350531, -7.796559895111437, 0.0 ], [ 109.736044976811698, -7.796551986595746, 0.0 ], [ 109.736040845197806, -7.796552533981782, 0.0 ], [ 109.736014636807241, -7.796548499384077, 0.0 ], [ 109.735959638010669, -7.796526141590632, 0.0 ], [ 109.73596075016107, -7.796524100559873, 0.0 ], [ 109.735958697763749, -7.796524943951956, 0.0 ], [ 109.735957203242521, -7.796524642919038, 0.0 ], [ 109.735924395413278, -7.796504448730206, 0.0 ], [ 109.735902753838374, -7.796503017408614, 0.0 ], [ 109.735846812364429, -7.796480276438774, 0.0 ], [ 109.735839444059067, -7.796477281129405, 0.0 ], [ 109.735821211271684, -7.796469869241227, 0.0 ], [ 109.735803458521218, -7.796457263282431, 0.0 ], [ 109.735790870897617, -7.79645753543006, 0.0 ], [ 109.735682784903062, -7.796413596853347, 0.0 ], [ 109.73568071990303, -7.796411863993741, 0.0 ], [ 109.73567898798521, -7.796412053351209, 0.0 ], [ 109.735640239896142, -7.796396301771965, 0.0 ], [ 109.735623046539175, -7.79638931243003, 0.0 ], [ 109.73554435825335, -7.796357324424982, 0.0 ], [ 109.735521208355465, -7.79634722744664, 0.0 ], [ 109.735511163669017, -7.796343830309238, 0.0 ], [ 109.735488651070639, -7.796334678610427, 0.0 ], [ 109.735480876662535, -7.796331518196126, 0.0 ], [ 109.735455222244241, -7.79632108932337, 0.0 ], [ 109.735405931643626, -7.796301051957109, 0.0 ], [ 109.735401435844921, -7.796298887691212, 0.0 ], [ 109.735399280826599, -7.796298348292209, 0.0 ], [ 109.735267505404238, -7.796244779450782, 0.0 ], [ 109.7351755152267, -7.796207384009104, 0.0 ], [ 109.735162150285376, -7.796201950968207, 0.0 ], [ 109.735119573844287, -7.796184642945705, 0.0 ], [ 109.735007691100748, -7.796139160708852, 0.0 ], [ 109.735002787241868, -7.796137167212817, 0.0 ], [ 109.73496294641329, -7.796120971342458, 0.0 ], [ 109.734951749739153, -7.796116419713546, 0.0 ], [ 109.73483986703782, -7.796070937438011, 0.0 ], [ 109.734803583434896, -7.796056187531295, 0.0 ], [ 109.734783013092226, -7.796047825365217, 0.0 ], [ 109.73471379989887, -7.796019689027651, 0.0 ], [ 109.734575373878045, -7.795963416323921, 0.0 ], [ 109.73450421910222, -7.795934490654234, 0.0 ], [ 109.734484857540053, -7.795926619858595, 0.0 ], [ 109.7344450168235, -7.795910423884452, 0.0 ], [ 109.734336395229562, -7.795866267141312, 0.0 ], [ 109.734325494732929, -7.795861835893803, 0.0 ], [ 109.734285653965074, -7.795845639967854, 0.0 ], [ 109.73428045395238, -7.795843526068628, 0.0 ], [ 109.734160095413316, -7.795794597973879, 0.0 ], [ 109.734126291235611, -7.795780855924666, 0.0 ], [ 109.734112630164176, -7.795775302458932, 0.0 ], [ 109.734021669234423, -7.795738325111249, 0.0 ], [ 109.733883243425936, -7.795682052210104, 0.0 ], [ 109.733832923991102, -7.795661596371013, 0.0 ], [ 109.733804953383341, -7.795650225796737, 0.0 ], [ 109.7337769827774, -7.795638855191728, 0.0 ], [ 109.733665100371667, -7.795593372645429, 0.0 ], [ 109.7336482032524, -7.795586503629761, 0.0 ], [ 109.733608362545212, -7.79557030764499, 0.0 ], [ 109.733467965607517, -7.79551323326798, 0.0 ], [ 109.733329394777655, -7.795456901314822, 0.0 ], [ 109.733191114054165, -7.795400687109578, 0.0 ], [ 109.733170521035717, -7.795391749113441, 0.0 ], [ 109.733161629893289, -7.795388701159514, 0.0 ], [ 109.733141633787739, -7.795380572330802, 0.0 ], [ 109.733130275140724, -7.795375954817443, 0.0 ], [ 109.733105688764027, -7.795365959922322, 0.0 ], [ 109.73305268817694, -7.7953444139707, 0.0 ], [ 109.733051272964701, -7.795342889500277, 0.0 ], [ 109.733045158765691, -7.795339804659718, 0.0 ], [ 109.733016131521026, -7.795322034918588, 0.0 ], [ 109.732993823726119, -7.795314759340303, 0.0 ], [ 109.732974692562195, -7.795307423363636, 0.0 ], [ 109.732951636310418, -7.795301999295622, 0.0 ], [ 109.732937865418975, -7.795297735971299, 0.0 ], [ 109.732914262342817, -7.795288140792323, 0.0 ], [ 109.732912877818009, -7.795263112311574, 0.0 ], [ 109.732917847891528, -7.795252392266203, 0.0 ], [ 109.732913882902309, -7.795232280623644, 0.0 ], [ 109.732929459179175, -7.795223721528872, 0.0 ], [ 109.73296554046432, -7.795203895324715, 0.0 ], [ 109.732968294827145, -7.795202381813102, 0.0 ], [ 109.732994204570645, -7.795188144578276, 0.0 ], [ 109.733419403903298, -7.794954497589706, 0.0 ], [ 109.733434593521807, -7.794946150929172, 0.0 ], [ 109.733471073217316, -7.794926105727649, 0.0 ], [ 109.733472465121523, -7.794925340875774, 0.0 ], [ 109.733499124297211, -7.794910691781478, 0.0 ], [ 109.733510333966009, -7.794910088225189, 0.0 ], [ 109.73353626500176, -7.794917784842415, 0.0 ], [ 109.733555113889125, -7.794917304416198, 0.0 ], [ 109.73357153861393, -7.794938508353681, 0.0 ], [ 109.733588752159108, -7.794955004016209, 0.0 ], [ 109.73359876813808, -7.794967206389832, 0.0 ], [ 109.733610954154841, -7.79497358883767, 0.0 ], [ 109.733645274176865, -7.795011032076437, 0.0 ], [ 109.733654981055352, -7.795022863765457, 0.0 ], [ 109.733666780539806, -7.795034495573112, 0.0 ], [ 109.733682322018652, -7.795051451331753, 0.0 ], [ 109.733696614633217, -7.795067044638326, 0.0 ], [ 109.733722606940674, -7.795095402300356, 0.0 ], [ 109.73375052014741, -7.795125855553658, 0.0 ], [ 109.733762556392406, -7.79513898709591, 0.0 ], [ 109.733789301141954, -7.79516816573229, 0.0 ], [ 109.73379929566417, -7.795179069749887, 0.0 ], [ 109.733834259790839, -7.79521721551337, 0.0 ], [ 109.733842790805255, -7.795226522843381, 0.0 ], [ 109.7338695355689, -7.795255701473136, 0.0 ], [ 109.733890086239398, -7.795278122229054, 0.0 ], [ 109.733901976848756, -7.795291094845004, 0.0 ], [ 109.733923025232215, -7.795314058603329, 0.0 ], [ 109.733949770003704, -7.795343237229623, 0.0 ], [ 109.733953317353723, -7.795347107385981, 0.0 ], [ 109.734003259723295, -7.795401594317478, 0.0 ], [ 109.734030328298445, -7.795431126190079, 0.0 ], [ 109.734055998622154, -7.795459132456021, 0.0 ], [ 109.734056786766971, -7.795459914412924, 0.0 ], [ 109.734057565941484, -7.795460755580248, 0.0 ], [ 109.734083914491748, -7.795488713411434, 0.0 ], [ 109.734107623791672, -7.795515145835233, 0.0 ], [ 109.734111493828337, -7.795517064706478, 0.0 ], [ 109.734113403353021, -7.795518035651278, 0.0 ], [ 109.734119091739004, -7.795520861686098, 0.0 ], [ 109.734149111869741, -7.795535464113539, 0.0 ], [ 109.734169329097881, -7.7955459275406, 0.0 ], [ 109.734186020898292, -7.795554566395983, 0.0 ], [ 109.73421649979916, -7.795571330336405, 0.0 ], [ 109.734225248964847, -7.795575778154414, 0.0 ], [ 109.734259444396415, -7.795593162120902, 0.0 ], [ 109.734281173108812, -7.795604208391025, 0.0 ], [ 109.734327028113356, -7.79562751975228, 0.0 ], [ 109.734370849220326, -7.795649797110916, 0.0 ], [ 109.734393021422036, -7.795661068832697, 0.0 ], [ 109.73443755645738, -7.795683709143859, 0.0 ], [ 109.73450486976914, -7.795717929191196, 0.0 ], [ 109.734519389065682, -7.795725310369996, 0.0 ], [ 109.734556523994883, -7.795744188715862, 0.0 ], [ 109.734560793955154, -7.795746359438823, 0.0 ], [ 109.73461671814988, -7.79577478957989, 0.0 ], [ 109.734630793967654, -7.795781945305743, 0.0 ], [ 109.73466792890801, -7.795800823643392, 0.0 ], [ 109.734728566564314, -7.795831649946981, 0.0 ], [ 109.734742198903064, -7.795838580213577, 0.0 ], [ 109.734784490784037, -7.795860080169768, 0.0 ], [ 109.734879670368642, -7.795908466468219, 0.0 ], [ 109.734896339249346, -7.795916940412117, 0.0 ], [ 109.734924301370782, -7.795931155521412, 0.0 ], [ 109.734952263494421, -7.795945370603331, 0.0 ], [ 109.73499019888051, -7.795964655738483, 0.0 ], [ 109.735002056800226, -7.795970814571163, 0.0 ], [ 109.735008187748136, -7.795973800717052, 0.0 ], [ 109.735026611507934, -7.795983166795471, 0.0 ], [ 109.735039278897659, -7.795989606520363, 0.0 ], [ 109.735064112010051, -7.796002230892583, 0.0 ], [ 109.735100727422221, -7.796020844984451, 0.0 ], [ 109.735113145153406, -7.796027763358095, 0.0 ], [ 109.735120036280648, -7.796030660997163, 0.0 ], [ 109.735150683955794, -7.79604624133778, 0.0 ], [ 109.735175960559431, -7.796059091160267, 0.0 ], [ 109.735211255999971, -7.796077034206151, 0.0 ], [ 109.735224158446158, -7.796084786561297, 0.0 ], [ 109.735231884846868, -7.796087521252383, 0.0 ], [ 109.735287809142619, -7.796115951370663, 0.0 ], [ 109.735299224101055, -7.796121754379642, 0.0 ], [ 109.735321784610647, -7.796133223403557, 0.0 ], [ 109.735335085024531, -7.796141895739555, 0.0 ], [ 109.735343733446854, -7.796144381482779, 0.0 ], [ 109.735399657759487, -7.796172811588595, 0.0 ], [ 109.735410629237307, -7.796178389139502, 0.0 ], [ 109.735432313251181, -7.796189412576753, 0.0 ], [ 109.73544591065567, -7.796199105002328, 0.0 ], [ 109.735455582080576, -7.796201241688248, 0.0 ], [ 109.735511506410077, -7.796229671781668, 0.0 ], [ 109.735522034407026, -7.796235023877917, 0.0 ], [ 109.735542841927767, -7.796245601725624, 0.0 ], [ 109.735556617843102, -7.796256431691018, 0.0 ], [ 109.735567430748048, -7.796258101846218, 0.0 ], [ 109.735598106322058, -7.796273696291096, 0.0 ], [ 109.735623355094376, -7.796286531949931, 0.0 ], [ 109.735653370637294, -7.796301790850203, 0.0 ], [ 109.735667016329302, -7.796314064423007, 0.0 ], [ 109.735679278245343, -7.796315363044551, 0.0 ], [ 109.735706636170164, -7.796329275900531, 0.0 ], [ 109.735707434565697, -7.796329687873409, 0.0 ], [ 109.735735203812411, -7.7963433920933, 0.0 ], [ 109.735763899376636, -7.79635797995055, 0.0 ], [ 109.735776403575528, -7.796372699667401, 0.0 ], [ 109.735791120148349, -7.796374499230984, 0.0 ], [ 109.735817306985666, -7.796387842136126, 0.0 ], [ 109.735822976693882, -7.796389973528862, 0.0 ], [ 109.735847052564438, -7.796400252137305, 0.0 ], [ 109.735856250173228, -7.796404927887176, 0.0 ], [ 109.735874428251776, -7.796414169026903, 0.0 ], [ 109.73588497509445, -7.796432143596473, 0.0 ], [ 109.735902958744944, -7.796434748593475, 0.0 ], [ 109.735926429897333, -7.79644673944073, 0.0 ], [ 109.735938358252312, -7.796449708966146, 0.0 ], [ 109.735958901349974, -7.796457112227682, 0.0 ], [ 109.735967655476827, -7.796461562526933, 0.0 ], [ 109.735984957063252, -7.796470358078659, 0.0 ], [ 109.735992245129481, -7.796492877771553, 0.0 ], [ 109.736014791698011, -7.796496890150096, 0.0 ], [ 109.736034289144101, -7.796506889499522, 0.0 ], [ 109.736053076462767, -7.796508778798856, 0.0 ] ] } },
{ "type": "Feature", "properties": { "Id": 86, "Contour": 15.0, "Skor": 1.0, "Shape_Leng": 4619.7301759800002 }, "geometry": { "type": "MultiLineString", "coordinates": [ [ [ 109.743410679123514, -7.787287574880217, 0.0 ], [ 109.743403307681447, -7.787299400520344, 0.0 ], [ 109.74338967668757, -7.787321268093719, 0.0 ], [ 109.743381821544617, -7.787333869725569, 0.0 ], [ 109.743360335369914, -7.78736833889333, 0.0 ], [ 109.743338849222425, -7.787402808091854, 0.0 ], [ 109.743323111624747, -7.787428055103592, 0.0 ], [ 109.743316937466517, -7.787436850286562, 0.0 ], [ 109.743313812903665, -7.787442972570259, 0.0 ], [ 109.743279057648962, -7.787498728806061, 0.0 ], [ 109.743266833854079, -7.787518338811362, 0.0 ], [ 109.743252763907222, -7.787540543719315, 0.0 ], [ 109.743244302287692, -7.787554485037148, 0.0 ], [ 109.743231418394018, -7.787575154023251, 0.0 ], [ 109.743210556057846, -7.787608622351992, 0.0 ], [ 109.743209847789615, -7.787609538499702, 0.0 ], [ 109.74320954691656, -7.787610241263815, 0.0 ], [ 109.743208843879614, -7.787611936936976, 0.0 ], [ 109.743193143272322, -7.787648805023447, 0.0 ], [ 109.743186265425834, -7.787666031504734, 0.0 ], [ 109.743177643964799, -7.787689280712912, 0.0 ], [ 109.743172200716103, -7.787703959388256, 0.0 ], [ 109.743162501653401, -7.787730114568114, 0.0 ], [ 109.743154117814726, -7.78775272295623, 0.0 ], [ 109.743147065350698, -7.787770653471757, 0.0 ], [ 109.743144500616694, -7.787777626206104, 0.0 ], [ 109.743139006862364, -7.787792562105126, 0.0 ], [ 109.743131854604314, -7.787811418674359, 0.0 ], [ 109.743124043562958, -7.787833424814901, 0.0 ], [ 109.743116976243513, -7.787852517354396, 0.0 ], [ 109.743106844720927, -7.787880141944274, 0.0 ], [ 109.743103499722451, -7.787889223164424, 0.0 ], [ 109.743097655199975, -7.787904983864469, 0.0 ], [ 109.743085662002684, -7.787933152093392, 0.0 ], [ 109.743080945670471, -7.787945015551225, 0.0 ], [ 109.743070120892355, -7.787972244300118, 0.0 ], [ 109.743069731590623, -7.787973195280196, 0.0 ], [ 109.74305916789487, -7.788000810237671, 0.0 ], [ 109.743054243777323, -7.788013682520553, 0.0 ], [ 109.743041213503886, -7.788050211782325, 0.0 ], [ 109.7430158756098, -7.788112400384692, 0.0 ], [ 109.743006685626426, -7.788134045948521, 0.0 ], [ 109.742998392929806, -7.78815474400098, 0.0 ], [ 109.742992870695218, -7.788168191425594, 0.0 ], [ 109.742990521501653, -7.788173854667185, 0.0 ], [ 109.742984791882051, -7.788188691259143, 0.0 ], [ 109.742970412221794, -7.788223984084575, 0.0 ], [ 109.74287948558603, -7.788447151457217, 0.0 ], [ 109.742856753798961, -7.78850294329426, 0.0 ], [ 109.742765827023021, -7.788726110620368, 0.0 ], [ 109.742743095200865, -7.788781902445796, 0.0 ], [ 109.742652168284849, -7.78900506972546, 0.0 ], [ 109.742629436424536, -7.789060861539231, 0.0 ], [ 109.742538509368345, -7.789284028772505, 0.0 ], [ 109.74253341735421, -7.789296526312535, 0.0 ], [ 109.74251973645714, -7.78932627649055, 0.0 ], [ 109.742513142670973, -7.789339812756987, 0.0 ], [ 109.742501404355849, -7.789363910194558, 0.0 ], [ 109.742493423134093, -7.789379395052637, 0.0 ], [ 109.742482505793276, -7.789400975581699, 0.0 ], [ 109.74247706656972, -7.789411129361087, 0.0 ], [ 109.742421032882348, -7.789419429112877, 0.0 ], [ 109.742392621295338, -7.789423637523043, 0.0 ], [ 109.742364999193455, -7.789427729009127, 0.0 ], [ 109.742084830735052, -7.789469227820042, 0.0 ], [ 109.742062404942573, -7.789472549593483, 0.0 ], [ 109.742052694582156, -7.789473987935385, 0.0 ], [ 109.742004035726779, -7.789481195382943, 0.0 ], [ 109.741996361516385, -7.789482332123034, 0.0 ], [ 109.741972763343668, -7.78948582754717, 0.0 ], [ 109.741692594848715, -7.78952732608628, 0.0 ], [ 109.741666145116952, -7.78953124386661, 0.0 ], [ 109.741663423394058, -7.789531647020568, 0.0 ], [ 109.741636561146237, -7.789535625884803, 0.0 ], [ 109.741580527443205, -7.789543925523349, 0.0 ], [ 109.741566105564331, -7.789546061702493, 0.0 ], [ 109.741534058395771, -7.789550808640261, 0.0 ], [ 109.741524493738481, -7.789552225371073, 0.0 ], [ 109.741244325201805, -7.789593723599506, 0.0 ], [ 109.741225493216177, -7.789596513006908, 0.0 ], [ 109.741203842014357, -7.789599719941574, 0.0 ], [ 109.741176834313308, -7.789603720319158, 0.0 ], [ 109.741137798500546, -7.789609502398718, 0.0 ], [ 109.741132257779043, -7.789610323093625, 0.0 ], [ 109.7411012407767, -7.789614917272496, 0.0 ], [ 109.741076224066546, -7.789618622681726, 0.0 ], [ 109.741071755229115, -7.789619284602855, 0.0 ], [ 109.741030857637142, -7.789625342256593, 0.0 ], [ 109.741020190352856, -7.789626922297673, 0.0 ], [ 109.740964156638242, -7.789635221889613, 0.0 ], [ 109.740948047316706, -7.789630542385036, 0.0 ], [ 109.740935677607723, -7.789614425432358, 0.0 ], [ 109.740936403392652, -7.78958660369975, 0.0 ], [ 109.740936329795218, -7.789586465854344, 0.0 ], [ 109.740936601943943, -7.78955856896372, 0.0 ], [ 109.740944020755961, -7.789538219989317, 0.0 ], [ 109.740952626232868, -7.789514616201582, 0.0 ], [ 109.74095897633201, -7.789497198615409, 0.0 ], [ 109.740964615075498, -7.789481732138317, 0.0 ], [ 109.740974831823195, -7.78945708011925, 0.0 ], [ 109.740977288076479, -7.789446971403679, 0.0 ], [ 109.741099346625731, -7.789112178677171, 0.0 ], [ 109.741119689592495, -7.789056379882156, 0.0 ], [ 109.741221404844254, -7.788777385879067, 0.0 ], [ 109.741228175914912, -7.788758813496798, 0.0 ], [ 109.741241747865956, -7.78872158707245, 0.0 ], [ 109.741246972132629, -7.78870725740568, 0.0 ], [ 109.741262090797193, -7.788665788263634, 0.0 ], [ 109.741363805824349, -7.788386794191211, 0.0 ], [ 109.741377730735962, -7.78834859937271, 0.0 ], [ 109.741392686199006, -7.788307577957974, 0.0 ], [ 109.741404491684364, -7.788275196548048, 0.0 ], [ 109.741465520585194, -7.78810780006893, 0.0 ], [ 109.741466747498833, -7.788101752531436, 0.0 ], [ 109.741472856888535, -7.788087677274961, 0.0 ], [ 109.741506206486974, -7.787996202406334, 0.0 ], [ 109.741511170068193, -7.787978243049403, 0.0 ], [ 109.741524297562336, -7.787945376360581, 0.0 ], [ 109.741525962364349, -7.787940401829097, 0.0 ], [ 109.741526387819334, -7.787937484804094, 0.0 ], [ 109.741529327954453, -7.787932782042216, 0.0 ], [ 109.741542240647945, -7.787897363722676, 0.0 ], [ 109.741546892260288, -7.787884604735466, 0.0 ], [ 109.74155617334371, -7.787858080913297, 0.0 ], [ 109.741556874530048, -7.787856019694296, 0.0 ], [ 109.741566681738149, -7.787828804254156, 0.0 ], [ 109.741568778369455, -7.787811936653868, 0.0 ], [ 109.741585798970021, -7.787777887082464, 0.0 ], [ 109.7416079210264, -7.787717208214819, 0.0 ], [ 109.741612687582005, -7.787690665123307, 0.0 ], [ 109.741612667984327, -7.787687892512705, 0.0 ], [ 109.741620160889013, -7.787661385316279, 0.0 ], [ 109.741623663991547, -7.787642898666265, 0.0 ], [ 109.74164226993615, -7.787622992104189, 0.0 ], [ 109.741648606838396, -7.787605610524462, 0.0 ], [ 109.741650718147085, -7.787597267689153, 0.0 ], [ 109.741656102923827, -7.7875633922269, 0.0 ], [ 109.741660517954244, -7.787549786647253, 0.0 ], [ 109.741663785875645, -7.787528618704243, 0.0 ], [ 109.74165969480967, -7.787510969929134, 0.0 ], [ 109.741666609704723, -7.787493945494994, 0.0 ], [ 109.741673545349116, -7.787468840006044, 0.0 ], [ 109.741698761418476, -7.787461205634339, 0.0 ], [ 109.74170408446858, -7.787443453514043, 0.0 ], [ 109.741705938371382, -7.787438203, 0.0 ], [ 109.741708463094568, -7.787428631646, 0.0 ], [ 109.741698917814219, -7.787408797607081, 0.0 ], [ 109.741676386501979, -7.787415664509836, 0.0 ], [ 109.741642997163922, -7.787438016168316, 0.0 ], [ 109.74164336188116, -7.787438557333543, 0.0 ], [ 109.741642821484064, -7.787438179618196, 0.0 ], [ 109.741583149451671, -7.787493697744046, 0.0 ], [ 109.74152330259642, -7.78754937931128, 0.0 ], [ 109.741463454852919, -7.787605060864841, 0.0 ], [ 109.741403607969531, -7.787660742409846, 0.0 ], [ 109.741305833669031, -7.787751710234966, 0.0 ], [ 109.741295221049654, -7.787761584138495, 0.0 ], [ 109.741266247482486, -7.787788541339896, 0.0 ], [ 109.741249668983372, -7.787803965850222, 0.0 ], [ 109.741164217649114, -7.787883468470894, 0.0 ], [ 109.741137339574507, -7.787908475778651, 0.0 ], [ 109.741121378413808, -7.787923326128791, 0.0 ], [ 109.741104370687538, -7.7879391499603, 0.0 ], [ 109.741044522834542, -7.787994831436019, 0.0 ], [ 109.740984675841702, -7.788050512903213, 0.0 ], [ 109.740924827957471, -7.788106194356605, 0.0 ], [ 109.740864980933338, -7.788161875801578, 0.0 ], [ 109.740805133014703, -7.788217557232717, 0.0 ], [ 109.740745285959278, -7.788273238655448, 0.0 ], [ 109.740685438012449, -7.788328920064439, 0.0 ], [ 109.740625590925788, -7.788384601464875, 0.0 ], [ 109.74057569169824, -7.788431026730964, 0.0 ], [ 109.740572367977748, -7.788437005502587, 0.0 ], [ 109.740570449112127, -7.788440296835182, 0.0 ], [ 109.740563285398494, -7.78845258449488, 0.0 ], [ 109.740551853296267, -7.788472449450237, 0.0 ], [ 109.740530784490588, -7.788507337453931, 0.0 ], [ 109.740519401279315, -7.788525310044899, 0.0 ], [ 109.74051121352214, -7.788543728223931, 0.0 ], [ 109.740498357715609, -7.788572647367849, 0.0 ], [ 109.740493989513624, -7.788582473678055, 0.0 ], [ 109.740476765414456, -7.788621219043234, 0.0 ], [ 109.740463013555171, -7.788652153957091, 0.0 ], [ 109.740458014424732, -7.788663399569463, 0.0 ], [ 109.740433215167343, -7.788719185079889, 0.0 ], [ 109.740425093256775, -7.788737455296756, 0.0 ], [ 109.740409821278149, -7.788771809233157, 0.0 ], [ 109.740407869102725, -7.788776200617868, 0.0 ], [ 109.740383616963456, -7.788830756093834, 0.0 ], [ 109.740358817680359, -7.788886541596318, 0.0 ], [ 109.740350237990341, -7.788905841701572, 0.0 ], [ 109.740338972969127, -7.788931182409124, 0.0 ], [ 109.740321618995651, -7.788970219845869, 0.0 ], [ 109.740304524776434, -7.7890086731932, 0.0 ], [ 109.740287300593877, -7.789047418498913, 0.0 ], [ 109.740277016964342, -7.789070551449671, 0.0 ], [ 109.740270076541293, -7.789086163942934, 0.0 ], [ 109.740252852398086, -7.789124909291547, 0.0 ], [ 109.740237462270059, -7.789159529391354, 0.0 ], [ 109.74023482183469, -7.789165469071149, 0.0 ], [ 109.740210022506517, -7.789221254557805, 0.0 ], [ 109.740185223510494, -7.789277040042795, 0.0 ], [ 109.740181074350829, -7.789286373474835, 0.0 ], [ 109.740166731910421, -7.789318636323936, 0.0 ], [ 109.740160424167271, -7.789332825524111, 0.0 ], [ 109.740135624816531, -7.789388611002856, 0.0 ], [ 109.740124686394296, -7.789413217026541, 0.0 ], [ 109.740115059575587, -7.789434872524803, 0.0 ], [ 109.740099944092719, -7.789468874406682, 0.0 ], [ 109.740097835390358, -7.789473617858692, 0.0 ], [ 109.740080611282366, -7.789512363266017, 0.0 ], [ 109.740068298398555, -7.78954006065842, 0.0 ], [ 109.740061227061986, -7.789555967424115, 0.0 ], [ 109.740055675617214, -7.789568455321, 0.0 ], [ 109.740046162959189, -7.789589853992298, 0.0 ], [ 109.740028938765732, -7.789628599324301, 0.0 ], [ 109.740011407455341, -7.789668035891125, 0.0 ], [ 109.739986829236656, -7.789723323821558, 0.0 ], [ 109.739962030176073, -7.78977910928274, 0.0 ], [ 109.739955522288497, -7.789793748561302, 0.0 ], [ 109.739942818039196, -7.789822326264031, 0.0 ], [ 109.739925593895421, -7.7898610716631, 0.0 ], [ 109.739922870715873, -7.789867197348269, 0.0 ], [ 109.739908369670331, -7.789899816982959, 0.0 ], [ 109.739891145569032, -7.78993856242494, 0.0 ], [ 109.739878602310185, -7.789966778064226, 0.0 ], [ 109.739873921330528, -7.789977307732525, 0.0 ], [ 109.739856697172243, -7.790016053126476, 0.0 ], [ 109.73984274602519, -7.790047435638812, 0.0 ], [ 109.739838033386064, -7.790058036545021, 0.0 ], [ 109.739813234280419, -7.790113821990373, 0.0 ], [ 109.739788434824348, -7.79016960743208, 0.0 ], [ 109.739787986302687, -7.79017122109218, 0.0 ], [ 109.739786348464676, -7.790177413340503, 0.0 ], [ 109.739774873285214, -7.790214091168258, 0.0 ], [ 109.739769483609592, -7.790225410263167, 0.0 ], [ 109.739756362987038, -7.790251546199994, 0.0 ], [ 109.739730049373975, -7.790274444315632, 0.0 ], [ 109.739726245114696, -7.790277355458763, 0.0 ], [ 109.739705486456174, -7.790281079125721, 0.0 ], [ 109.739673995116036, -7.790289585320889, 0.0 ], [ 109.73965239215191, -7.790315311938205, 0.0 ], [ 109.739634531473286, -7.790320135084518, 0.0 ], [ 109.739617870657213, -7.790328201935583, 0.0 ], [ 109.73960910965063, -7.790336651670058, 0.0 ], [ 109.73958854112584, -7.790363303275171, 0.0 ], [ 109.739561699662005, -7.790382377201019, 0.0 ], [ 109.739551370760125, -7.790392339117063, 0.0 ], [ 109.739529610303592, -7.79041623101585, 0.0 ], [ 109.739505528652401, -7.790436552453378, 0.0 ], [ 109.739204937107843, -7.790726463579902, 0.0 ], [ 109.739185057755023, -7.790742859674409, 0.0 ], [ 109.739168528959055, -7.790752689879608, 0.0 ], [ 109.739147222105601, -7.790747557005913, 0.0 ], [ 109.739134252522263, -7.790747913456753, 0.0 ], [ 109.73911254434023, -7.790744527803817, 0.0 ], [ 109.739057170531566, -7.790726023888809, 0.0 ], [ 109.739056739866854, -7.790725874251683, 0.0 ], [ 109.739056591244051, -7.790725830310877, 0.0 ], [ 109.739000638153868, -7.790707132814611, 0.0 ], [ 109.738972573583411, -7.790697754677155, 0.0 ], [ 109.738930690903871, -7.790683759004235, 0.0 ], [ 109.738888507174138, -7.790669662785265, 0.0 ], [ 109.738846661136066, -7.790655679322388, 0.0 ], [ 109.738832778919075, -7.790651040396132, 0.0 ], [ 109.738664919738838, -7.790594947804782, 0.0 ], [ 109.738635512648912, -7.790585121018585, 0.0 ], [ 109.738594572001446, -7.790571440103413, 0.0 ], [ 109.738551180953834, -7.790556940398981, 0.0 ], [ 109.738510542291053, -7.790543360358673, 0.0 ], [ 109.73849706061246, -7.79053885526405, 0.0 ], [ 109.738329201540552, -7.79048276255691, 0.0 ], [ 109.738273248528301, -7.79046406508155, 0.0 ], [ 109.738259894509781, -7.790457692183901, 0.0 ], [ 109.73824139008434, -7.79044429976117, 0.0 ], [ 109.738228373222739, -7.790433249112954, 0.0 ], [ 109.738217363567799, -7.790422637373258, 0.0 ], [ 109.738200428800766, -7.790405259986691, 0.0 ], [ 109.738183870871339, -7.79038826933404, 0.0 ], [ 109.738161526126248, -7.790365340662593, 0.0 ], [ 109.73814521958775, -7.790348607966118, 0.0 ], [ 109.738117615036742, -7.790320281908741, 0.0 ], [ 109.738105688700031, -7.790308043881997, 0.0 ], [ 109.738074681023718, -7.790276225879792, 0.0 ], [ 109.738062405839599, -7.790263629883835, 0.0 ], [ 109.738049851288636, -7.790250747187061, 0.0 ], [ 109.738032978299131, -7.790237111118514, 0.0 ], [ 109.738020086201104, -7.790220204145576, 0.0 ], [ 109.737994013892447, -7.790193450470808, 0.0 ], [ 109.737967761280615, -7.790193867158252, 0.0 ], [ 109.737962268465907, -7.790195826242377, 0.0 ], [ 109.737937995302872, -7.790196673999018, 0.0 ], [ 109.737924070591959, -7.790206058750849, 0.0 ], [ 109.737903597125595, -7.7902198572236, 0.0 ], [ 109.737881873106843, -7.790234498485099, 0.0 ], [ 109.737825750902303, -7.790272322641535, 0.0 ], [ 109.737823860115853, -7.790273596961613, 0.0 ], [ 109.73782108010019, -7.790275470604484, 0.0 ], [ 109.737769628687417, -7.790310147109493, 0.0 ], [ 109.737713506464075, -7.790347971247661, 0.0 ], [ 109.737656842688324, -7.790386160677003, 0.0 ], [ 109.73765604644943, -7.790386697308439, 0.0 ], [ 109.737655215507303, -7.790388848638062, 0.0 ], [ 109.737636129245288, -7.790421405351844, 0.0 ], [ 109.737631922588719, -7.790442484588378, 0.0 ], [ 109.737641555508048, -7.790458083746511, 0.0 ], [ 109.737657092378498, -7.790483243662991, 0.0 ], [ 109.737663214250759, -7.790492304390736, 0.0 ], [ 109.737666480640328, -7.790498446680322, 0.0 ], [ 109.737684219746868, -7.790527172654807, 0.0 ], [ 109.737705551849203, -7.790561717129112, 0.0 ], [ 109.737726884032952, -7.790596261528592, 0.0 ], [ 109.737748216141753, -7.790630806001724, 0.0 ], [ 109.737770155082544, -7.790666332948105, 0.0 ], [ 109.73779088043149, -7.790699894884933, 0.0 ], [ 109.737812212609313, -7.790734439298268, 0.0 ], [ 109.737833544715301, -7.790768983788549, 0.0 ], [ 109.737854876899547, -7.790803528200746, 0.0 ], [ 109.737863684644836, -7.790817791162782, 0.0 ], [ 109.737876209021408, -7.790838072676915, 0.0 ], [ 109.73789754122771, -7.790872617071847, 0.0 ], [ 109.737918873365359, -7.790907161540435, 0.0 ], [ 109.737940205578099, -7.790941705934218, 0.0 ], [ 109.737942945811724, -7.790946143363999, 0.0 ], [ 109.737954174994258, -7.790964606500669, 0.0 ], [ 109.737961388915721, -7.790976397925339, 0.0 ], [ 109.737976735141288, -7.791002103152759, 0.0 ], [ 109.737982166353206, -7.791011492318335, 0.0 ], [ 109.737991512266106, -7.791028934838788, 0.0 ], [ 109.738005591476792, -7.79105804824793, 0.0 ], [ 109.738032643659182, -7.791113987968776, 0.0 ], [ 109.738037396640081, -7.791123816359167, 0.0 ], [ 109.738047176659293, -7.791144039958122, 0.0 ], [ 109.73805969584474, -7.791169927688992, 0.0 ], [ 109.738071532537248, -7.791194404027723, 0.0 ], [ 109.738073806388684, -7.791199105971915, 0.0 ], [ 109.738092011254736, -7.7912367507907, 0.0 ], [ 109.73810284107914, -7.79125914504213, 0.0 ], [ 109.738110377899858, -7.791274235225469, 0.0 ], [ 109.738113894607849, -7.791281807408224, 0.0 ], [ 109.738124339893346, -7.791303411967388, 0.0 ], [ 109.738128494843735, -7.791311967212784, 0.0 ], [ 109.738140852657182, -7.791337746845813, 0.0 ], [ 109.738158505525263, -7.791374250203952, 0.0 ], [ 109.738177192149209, -7.791375075161832, 0.0 ], [ 109.738197734497106, -7.791377048550167, 0.0 ], [ 109.738214503812443, -7.7913778615043, 0.0 ], [ 109.738232155127847, -7.791376278567516, 0.0 ], [ 109.738251114660471, -7.791374578240174, 0.0 ], [ 109.738293919014652, -7.791370739654234, 0.0 ], [ 109.738302375241119, -7.791369981353141, 0.0 ], [ 109.738326552097476, -7.791367813210402, 0.0 ], [ 109.738438600383361, -7.791357764413121, 0.0 ], [ 109.738456156351432, -7.791356190017249, 0.0 ], [ 109.738479210902213, -7.791354122619907, 0.0 ], [ 109.738507416984376, -7.791351593156685, 0.0 ], [ 109.738540974863284, -7.791348583595338, 0.0 ], [ 109.738550648667172, -7.7913477160582, 0.0 ], [ 109.738645068553623, -7.791339248173539, 0.0 ], [ 109.738661197984399, -7.791337801637006, 0.0 ], [ 109.738664503053727, -7.791337505243885, 0.0 ], [ 109.738712458703802, -7.791333204838557, 0.0 ], [ 109.738718721092454, -7.791332643232177, 0.0 ], [ 109.738830769376136, -7.791322594328192, 0.0 ], [ 109.738849794856634, -7.791320888129944, 0.0 ], [ 109.738866239752028, -7.791319413294254, 0.0 ], [ 109.738886793517182, -7.791317570052557, 0.0 ], [ 109.738899734838455, -7.791327071196108, 0.0 ], [ 109.738904470098703, -7.791340020320726, 0.0 ], [ 109.73890367380379, -7.791356970631083, 0.0 ], [ 109.738902843582068, -7.791379682184664, 0.0 ], [ 109.738902097034966, -7.79139587242574, 0.0 ], [ 109.7388989695352, -7.791451722284965, 0.0 ], [ 109.738898302440376, -7.791463634319276, 0.0 ], [ 109.738896408973218, -7.791497447296313, 0.0 ], [ 109.738895841964847, -7.791507572143723, 0.0 ], [ 109.738885682014413, -7.79168900584919, 0.0 ], [ 109.738877076964783, -7.791842671291217, 0.0 ], [ 109.738876596729256, -7.791851246599315, 0.0 ], [ 109.738874538192064, -7.791888002841925, 0.0 ], [ 109.738873949149706, -7.791898521147124, 0.0 ], [ 109.738855184114854, -7.792233620282244, 0.0 ], [ 109.738858009076068, -7.792259524704551, 0.0 ], [ 109.738858503187743, -7.792264099755523, 0.0 ], [ 109.738861267530382, -7.792289497556224, 0.0 ], [ 109.738863586003376, -7.792309688759032, 0.0 ], [ 109.73886560225985, -7.792327248592549, 0.0 ], [ 109.738869327330193, -7.79235968982711, 0.0 ], [ 109.738872873252035, -7.792390569911589, 0.0 ], [ 109.738874100072664, -7.792401254085912, 0.0 ], [ 109.738880516159114, -7.792457132350291, 0.0 ], [ 109.73888081006028, -7.792459691892399, 0.0 ], [ 109.738883724204143, -7.792485071482507, 0.0 ], [ 109.738886932246146, -7.792513010614671, 0.0 ], [ 109.738893348704565, -7.792568888880219, 0.0 ], [ 109.738899764792635, -7.79262476714468, 0.0 ], [ 109.738901956512819, -7.792643854476614, 0.0 ], [ 109.738903775572282, -7.792659695971583, 0.0 ], [ 109.738909389207777, -7.792708584542236, 0.0 ], [ 109.738909516942712, -7.792709697004368, 0.0 ], [ 109.738912597341226, -7.792736523674781, 0.0 ], [ 109.738919013430831, -7.792792401939282, 0.0 ], [ 109.738925429891921, -7.79284828020499, 0.0 ], [ 109.738931845982577, -7.792904158469604, 0.0 ], [ 109.738932482422541, -7.792909701125999, 0.0 ], [ 109.73893831070805, -7.792960460286967, 0.0 ], [ 109.738943965211831, -7.793009703143426, 0.0 ], [ 109.738945581781579, -7.793023781681084, 0.0 ], [ 109.738949706497735, -7.793059704260284, 0.0 ], [ 109.738952852557432, -7.793087102776421, 0.0 ], [ 109.738955447968479, -7.793109705193176, 0.0 ], [ 109.738960123523555, -7.793150424063388, 0.0 ], [ 109.738961189323945, -7.793159706239102, 0.0 ], [ 109.73896392718575, -7.793183549795337, 0.0 ], [ 109.738970343279576, -7.793239428060091, 0.0 ], [ 109.73897267198933, -7.793259708385905, 0.0 ], [ 109.738974665056944, -7.793277066234757, 0.0 ], [ 109.738978413324205, -7.793309709454463, 0.0 ], [ 109.738981936059261, -7.793340387551154, 0.0 ], [ 109.738983175839749, -7.793351184590921, 0.0 ], [ 109.738989591935166, -7.79340706285577, 0.0 ], [ 109.738992800165434, -7.793435001988807, 0.0 ], [ 109.738995637634574, -7.793459712363378, 0.0 ], [ 109.738996477885706, -7.793467030015046, 0.0 ], [ 109.739001378905542, -7.793509713499897, 0.0 ], [ 109.739002424498494, -7.793518819386803, 0.0 ], [ 109.739008840595517, -7.793574697651763, 0.0 ], [ 109.739011019360575, -7.793593672118611, 0.0 ], [ 109.739012861617397, -7.793609715601827, 0.0 ], [ 109.739018290301004, -7.793656993376699, 0.0 ], [ 109.739018602992758, -7.793659716631844, 0.0 ], [ 109.739024344412286, -7.793709717623143, 0.0 ], [ 109.739025561179943, -7.793720314566637, 0.0 ], [ 109.739030085769684, -7.793759718675846, 0.0 ], [ 109.739032832155942, -7.793783635857281, 0.0 ], [ 109.739034505730586, -7.793798210714271, 0.0 ], [ 109.739040921830238, -7.793854088979353, 0.0 ], [ 109.739041568504589, -7.793859720758631, 0.0 ], [ 109.739047373606525, -7.793910277931998, 0.0 ], [ 109.739053051309938, -7.793959722773767, 0.0 ], [ 109.739054644690171, -7.793973599329909, 0.0 ], [ 109.739058792603814, -7.794009723894354, 0.0 ], [ 109.739061915476157, -7.794036920425869, 0.0 ], [ 109.739064534085685, -7.794059724824487, 0.0 ], [ 109.73906918645244, -7.794100241710223, 0.0 ], [ 109.739070275446053, -7.794109725874166, 0.0 ], [ 109.739073003078104, -7.794133480307816, 0.0 ], [ 109.739079419180925, -7.794189358573108, 0.0 ], [ 109.739081758127412, -7.794209728018695, 0.0 ], [ 109.739083728006079, -7.794226883886076, 0.0 ], [ 109.739087499470344, -7.794259729087766, 0.0 ], [ 109.739090999015446, -7.79429020520302, 0.0 ], [ 109.739093240976189, -7.794309730001834, 0.0 ], [ 109.739098269773805, -7.79435352626665, 0.0 ], [ 109.73909898225115, -7.794359731138788, 0.0 ], [ 109.739104723804729, -7.794409732001316, 0.0 ], [ 109.739105540865282, -7.794416847664917, 0.0 ], [ 109.739110465083655, -7.794459733135047, 0.0 ], [ 109.739111500444551, -7.794468749902462, 0.0 ], [ 109.739117916550512, -7.794524628168027, 0.0 ], [ 109.739124333027931, -7.794580506434679, 0.0 ], [ 109.739130749134972, -7.79463638470022, 0.0 ], [ 109.739133430622502, -7.794659737263479, 0.0 ], [ 109.739134624200176, -7.794670132222152, 0.0 ], [ 109.739139171987901, -7.794709738316626, 0.0 ], [ 109.739141895186293, -7.794733453513403, 0.0 ], [ 109.739143581721436, -7.794748141232572, 0.0 ], [ 109.739149997830026, -7.794804019498293, 0.0 ], [ 109.739156437070406, -7.794860096005101, 0.0 ], [ 109.739162137597702, -7.794909742380963, 0.0 ], [ 109.739162830419687, -7.794915776030815, 0.0 ], [ 109.739169246529869, -7.794971654296648, 0.0 ], [ 109.739170978547122, -7.794986738081183, 0.0 ], [ 109.739173620351963, -7.795009744468154, 0.0 ], [ 109.739178249533495, -7.795050059369424, 0.0 ], [ 109.739179361723501, -7.795059745518272, 0.0 ], [ 109.739182079122671, -7.795083410829363, 0.0 ], [ 109.73918849523443, -7.795139289095254, 0.0 ], [ 109.739194911717604, -7.795195167362268, 0.0 ], [ 109.739201327830415, -7.795251045628173, 0.0 ], [ 109.739202327282555, -7.795259749644716, 0.0 ], [ 109.739207332895418, -7.795303343928292, 0.0 ], [ 109.739208068565517, -7.795309750785346, 0.0 ], [ 109.73921381012714, -7.795359751645085, 0.0 ], [ 109.739214603997027, -7.795366665327135, 0.0 ], [ 109.739219551414052, -7.795409752782561, 0.0 ], [ 109.739221874766884, -7.795429986394699, 0.0 ], [ 109.739225292926491, -7.795459753697268, 0.0 ], [ 109.739229145785998, -7.7954933077092, 0.0 ], [ 109.739231034283065, -7.795509754763692, 0.0 ], [ 109.739233409144134, -7.795530436960498, 0.0 ], [ 109.739239825260128, -7.795586315226643, 0.0 ], [ 109.739242516984959, -7.795609756912889, 0.0 ], [ 109.739243687372536, -7.795619949886773, 0.0 ], [ 109.739246241507516, -7.795642193493192, 0.0 ], [ 109.739248075076688, -7.795659939666514, 0.0 ], [ 109.739250763406616, -7.795683075573758, 0.0 ], [ 109.739252350210279, -7.795698070844118, 0.0 ], [ 109.739253244826273, -7.795710507413863, 0.0 ], [ 109.739257620365493, -7.795745981467443, 0.0 ], [ 109.739258253225657, -7.795753947582789, 0.0 ], [ 109.739258789933203, -7.795760703040479, 0.0 ], [ 109.739265416870794, -7.79580918734553, 0.0 ], [ 109.739265500273234, -7.795809913668318, 0.0 ], [ 109.739271224000248, -7.795859762032763, 0.0 ], [ 109.73927190658965, -7.795865706559909, 0.0 ], [ 109.739272454411591, -7.795872917059296, 0.0 ], [ 109.739273995732248, -7.795912707116468, 0.0 ], [ 109.739274728243629, -7.79592157412491, 0.0 ], [ 109.739275526413451, -7.795932025563421, 0.0 ], [ 109.739276527913617, -7.795965889686031, 0.0 ], [ 109.739278676376799, -7.795991212287447, 0.0 ], [ 109.739279585153952, -7.796018551723088, 0.0 ], [ 109.739280992407032, -7.796033311103148, 0.0 ], [ 109.739282147596782, -7.796050721320058, 0.0 ], [ 109.739282889271792, -7.796070969009467, 0.0 ], [ 109.739284180657734, -7.796089179759437, 0.0 ], [ 109.739288419018905, -7.79620091070619, 0.0 ], [ 109.739289372743315, -7.796226049441422, 0.0 ], [ 109.739289576403422, -7.796231418279159, 0.0 ], [ 109.73929159818401, -7.79628470891725, 0.0 ], [ 109.739292657907441, -7.796312641654213, 0.0 ], [ 109.739303253793196, -7.79659196901928, 0.0 ], [ 109.739303829303111, -7.796607138637578, 0.0 ], [ 109.739304839077761, -7.79663375150572, 0.0 ], [ 109.739305865743248, -7.796660812664319, 0.0 ], [ 109.739307048592636, -7.796691994698794, 0.0 ], [ 109.739307492669795, -7.796703699966463, 0.0 ], [ 109.739315969365236, -7.796927161856811, 0.0 ], [ 109.739316046103497, -7.796929184608429, 0.0 ], [ 109.73931808906346, -7.796983027330876, 0.0 ], [ 109.739345978307568, -7.797010896440022, 0.0 ], [ 109.739373771056151, -7.79703370997772, 0.0 ], [ 109.739376710227432, -7.797036122569927, 0.0 ], [ 109.739381103989501, -7.797039074114879, 0.0 ], [ 109.739429695512229, -7.797062247467203, 0.0 ], [ 109.739933066197054, -7.797302307880907, 0.0 ], [ 109.73994508876433, -7.797308041471822, 0.0 ], [ 109.739970424390734, -7.797320124189893, 0.0 ], [ 109.739988996313159, -7.797328981231268, 0.0 ], [ 109.740044926438188, -7.797355654261235, 0.0 ], [ 109.740059675671489, -7.797361521931888, 0.0 ], [ 109.74008828911866, -7.797376334122673, 0.0 ], [ 109.740156786710415, -7.797409000924015, 0.0 ], [ 109.740175898582052, -7.797413380503743, 0.0 ], [ 109.740206153227561, -7.797432544025596, 0.0 ], [ 109.740212716858537, -7.797435674249209, 0.0 ], [ 109.740217669971173, -7.79743752359156, 0.0 ], [ 109.740253139828994, -7.797448191508925, 0.0 ], [ 109.74026866751872, -7.797455493414866, 0.0 ], [ 109.740296223883206, -7.797461172076733, 0.0 ], [ 109.740324017372075, -7.797488753900561, 0.0 ], [ 109.740324577178754, -7.797489020874204, 0.0 ], [ 109.740324910408773, -7.797489089092209, 0.0 ], [ 109.740328367553587, -7.797488766843537, 0.0 ], [ 109.740361938972043, -7.797470212652799, 0.0 ], [ 109.740380716097334, -7.797445907876332, 0.0 ], [ 109.740387966051216, -7.797433084977146, 0.0 ], [ 109.740419493255246, -7.797377319588251, 0.0 ], [ 109.740425785788958, -7.797366189693772, 0.0 ], [ 109.740437023950278, -7.79734631124157, 0.0 ], [ 109.740451020447054, -7.797321554195554, 0.0 ], [ 109.740482549680479, -7.79726578880515, 0.0 ], [ 109.740493331765506, -7.797246717412039, 0.0 ], [ 109.740506630531868, -7.797223194064682, 0.0 ], [ 109.740514076853927, -7.797210023404735, 0.0 ], [ 109.740545604021364, -7.797154258000605, 0.0 ], [ 109.740549639561053, -7.797147120380404, 0.0 ], [ 109.740567264130306, -7.797115947406811, 0.0 ], [ 109.740587474987706, -7.797080198183139, 0.0 ], [ 109.740605947320233, -7.797047525742824, 0.0 ], [ 109.740608660373269, -7.797042727186839, 0.0 ], [ 109.740640187510095, -7.796986961771224, 0.0 ], [ 109.740648108522322, -7.796972951486896, 0.0 ], [ 109.740662255057785, -7.796947928531398, 0.0 ], [ 109.740671714640868, -7.796931196351699, 0.0 ], [ 109.740703243810145, -7.796875430934556, 0.0 ], [ 109.740766298019636, -7.796763900076446, 0.0 ], [ 109.740797827164599, -7.796708134647804, 0.0 ], [ 109.740860881319108, -7.79659660376675, 0.0 ], [ 109.740887485688603, -7.796549548712257, 0.0 ], [ 109.740890642654506, -7.796543964894992, 0.0 ], [ 109.740898675484559, -7.796529756267748, 0.0 ], [ 109.74091085333977, -7.796508215535727, 0.0 ], [ 109.740923937490962, -7.79648507287652, 0.0 ], [ 109.740986991572214, -7.796373541964959, 0.0 ], [ 109.741018520653014, -7.7963177765095, 0.0 ], [ 109.741081574679328, -7.796206245574979, 0.0 ], [ 109.741112715859586, -7.796151166136417, 0.0 ], [ 109.741113103717083, -7.796150480107966, 0.0 ], [ 109.741113597164215, -7.796149607286873, 0.0 ], [ 109.741133175079341, -7.796114976910724, 0.0 ], [ 109.7411446307229, -7.796094714631217, 0.0 ], [ 109.741176157703947, -7.796038949150565, 0.0 ], [ 109.74118523507974, -7.796022893447515, 0.0 ], [ 109.741193808159863, -7.796007729937787, 0.0 ], [ 109.741214018900521, -7.795971980665365, 0.0 ], [ 109.741225330775251, -7.795951972948807, 0.0 ], [ 109.741239213692637, -7.795927418183881, 0.0 ], [ 109.741270740646229, -7.795871652691726, 0.0 ], [ 109.741274652252912, -7.795864733991907, 0.0 ], [ 109.74128163818753, -7.79585237690184, 0.0 ], [ 109.741302267590655, -7.795815887195798, 0.0 ], [ 109.74133379657988, -7.795760121702116, 0.0 ], [ 109.74133794556451, -7.795752782886097, 0.0 ], [ 109.741355496360256, -7.795721738095598, 0.0 ], [ 109.741365323506045, -7.795704356198476, 0.0 ], [ 109.741396850422987, -7.795648590691092, 0.0 ], [ 109.74140015533537, -7.795642745075609, 0.0 ], [ 109.741416129388071, -7.795614491142259, 0.0 ], [ 109.741436340087347, -7.795578741849323, 0.0 ], [ 109.741450560244957, -7.795553590083459, 0.0 ], [ 109.741459906280269, -7.795537059670837, 0.0 ], [ 109.741491433172897, -7.795481294151979, 0.0 ], [ 109.741496973244011, -7.79547149505573, 0.0 ], [ 109.741506867542029, -7.795453993459804, 0.0 ], [ 109.741522960053246, -7.795425528629221, 0.0 ], [ 109.741554488975197, -7.795369763108837, 0.0 ], [ 109.741563174802138, -7.795354399398564, 0.0 ], [ 109.741577817188897, -7.795328499090348, 0.0 ], [ 109.741586015837271, -7.795313997578469, 0.0 ], [ 109.74161754269322, -7.79525823204427, 0.0 ], [ 109.741619482043291, -7.795254801892399, 0.0 ], [ 109.741638450157723, -7.795221252153346, 0.0 ], [ 109.741658660815602, -7.795185502846395, 0.0 ], [ 109.741675789247353, -7.795155207019753, 0.0 ], [ 109.741680598422306, -7.795146700970541, 0.0 ], [ 109.741712125247673, -7.795090935424865, 0.0 ], [ 109.741719293782836, -7.795078255929563, 0.0 ], [ 109.741732096429104, -7.795055609822791, 0.0 ], [ 109.741743652067044, -7.795035169875426, 0.0 ], [ 109.741775180924932, -7.794979404328228, 0.0 ], [ 109.741788403572372, -7.794956015712713, 0.0 ], [ 109.741800137562095, -7.794935259898227, 0.0 ], [ 109.741806707722816, -7.794923638771048, 0.0 ], [ 109.741838234511619, -7.794867873210167, 0.0 ], [ 109.741844710695148, -7.794856418682369, 0.0 ], [ 109.741860770472016, -7.794828012974395, 0.0 ], [ 109.741880981091597, -7.794792263650138, 0.0 ], [ 109.74190119235999, -7.79475651498371, 0.0 ], [ 109.741901290115564, -7.794756342082849, 0.0 ], [ 109.741932816876854, -7.7947005765105, 0.0 ], [ 109.741941613863119, -7.794685016613201, 0.0 ], [ 109.741957324848826, -7.794657225990576, 0.0 ], [ 109.741963487561151, -7.794650935823205, 0.0 ], [ 109.741982414159452, -7.794619953673451, 0.0 ], [ 109.741984847190082, -7.794616339280735, 0.0 ], [ 109.741997018394272, -7.79458904876413, 0.0 ], [ 109.742002991495255, -7.794578516891934, 0.0 ], [ 109.742013627893542, -7.794558965191334, 0.0 ], [ 109.742036051482032, -7.794566778047892, 0.0 ], [ 109.742066885121702, -7.794589256279891, 0.0 ], [ 109.74212202442564, -7.794645279271421, 0.0 ], [ 109.742125379194377, -7.794648687383674, 0.0 ], [ 109.742151437632486, -7.794675158557663, 0.0 ], [ 109.742179182276544, -7.794703346099264, 0.0 ], [ 109.742181219429838, -7.794705415517812, 0.0 ], [ 109.742232316728661, -7.794757325280133, 0.0 ], [ 109.742287456076511, -7.794813348256791, 0.0 ], [ 109.742342602264586, -7.794869371248711, 0.0 ], [ 109.742397741641682, -7.794925394215293, 0.0 ], [ 109.742404580480581, -7.794932341782726, 0.0 ], [ 109.742428885971634, -7.794957032202467, 0.0 ], [ 109.742456630652711, -7.794985219731473, 0.0 ], [ 109.742460420791048, -7.79498906989131, 0.0 ], [ 109.742508034091003, -7.795037440174198, 0.0 ], [ 109.742563173512011, -7.795093463125855, 0.0 ], [ 109.742618319776355, -7.795149486092848, 0.0 ], [ 109.742627941788257, -7.795159262279165, 0.0 ], [ 109.742650844946454, -7.795182530994497, 0.0 ], [ 109.742678591367138, -7.795210716815044, 0.0 ], [ 109.742681368050924, -7.795213537816498, 0.0 ] ], [ [ 109.742137695873652, -7.797356714004775, 0.0 ], [ 109.742135372968832, -7.797364365411141, 0.0 ], [ 109.742129896301918, -7.79738240460228, 0.0 ], [ 109.742117088876427, -7.797424591282909, 0.0 ], [ 109.742113906490928, -7.797435073725552, 0.0 ], [ 109.742112953247798, -7.797438213484278, 0.0 ], [ 109.742096009963717, -7.797494022364056, 0.0 ], [ 109.742087830231696, -7.797520964503637, 0.0 ], [ 109.7420869960917, -7.797523712069941, 0.0 ], [ 109.742079066353014, -7.797549831241311, 0.0 ], [ 109.742062123353875, -7.797605640118893, 0.0 ], [ 109.742061754322876, -7.797606855638612, 0.0 ], [ 109.742048715791753, -7.797649800631446, 0.0 ], [ 109.742045179364268, -7.797661448992027, 0.0 ], [ 109.74202823635396, -7.797717257866517, 0.0 ], [ 109.742022639847619, -7.797735691751176, 0.0 ], [ 109.742014429899967, -7.797762732822489, 0.0 ], [ 109.742009601381142, -7.797778636816022, 0.0 ], [ 109.74200395566929, -7.797797233155443, 0.0 ], [ 109.741994349331804, -7.797828875607942, 0.0 ], [ 109.74199024150407, -7.797842406047367, 0.0 ], [ 109.741983525448319, -7.797864527959541, 0.0 ], [ 109.741977405843528, -7.797884684476482, 0.0 ], [ 109.741960462514911, -7.79794049334396, 0.0 ], [ 109.741957449126261, -7.797950418719389, 0.0 ], [ 109.741944411146733, -7.79799336428634, 0.0 ], [ 109.741943519180666, -7.797996302209831, 0.0 ], [ 109.74193944979136, -7.798009706180351, 0.0 ] ] ] } },
{ "type": "Feature", "properties": { "Id": 8, "Contour": 21.0, "Skor": 3.0, "Shape_Leng": 557.37843889199996 }, "geometry": { "type": "LineString", "coordinates": [ [ 109.734380644473447, -7.792813852296517, 0.0 ], [ 109.73435309784837, -7.792842241330228, 0.0 ], [ 109.734345463579984, -7.792847862479211, 0.0 ], [ 109.734289516082896, -7.792827316596031, 0.0 ], [ 109.734278260663174, -7.792823183140075, 0.0 ], [ 109.734253761965348, -7.792814186115731, 0.0 ], [ 109.734233568593311, -7.792806770363035, 0.0 ], [ 109.734213545903557, -7.792798362550207, 0.0 ], [ 109.734181995281148, -7.792782625736819, 0.0 ], [ 109.734177638060672, -7.792780581738971, 0.0 ], [ 109.734176335811355, -7.792779558982591, 0.0 ], [ 109.734175079404579, -7.792778253406193, 0.0 ], [ 109.734162731562478, -7.792763298184463, 0.0 ], [ 109.734150952034469, -7.7927490312672, 0.0 ], [ 109.734128844749804, -7.7927222561874, 0.0 ], [ 109.734082610144313, -7.792666258965428, 0.0 ], [ 109.734075094696735, -7.792657156684148, 0.0 ], [ 109.734066023479656, -7.792646169961128, 0.0 ], [ 109.734036375547618, -7.792610261740282, 0.0 ], [ 109.733990140133784, -7.792554264509406, 0.0 ], [ 109.733954411271753, -7.792510991320025, 0.0 ], [ 109.733948665717534, -7.792504032512664, 0.0 ], [ 109.733943905564018, -7.792498267277781, 0.0 ], [ 109.733897671006119, -7.79244227004299, 0.0 ], [ 109.733851435624899, -7.792386272802451, 0.0 ], [ 109.733842799133228, -7.792375812663453, 0.0 ], [ 109.733822236827351, -7.792350908313862, 0.0 ], [ 109.733805201090817, -7.792330275561177, 0.0 ], [ 109.733758966568672, -7.792274278316728, 0.0 ], [ 109.73373118706526, -7.79224063358655, 0.0 ], [ 109.733721093678639, -7.792228409039554, 0.0 ], [ 109.733695808088726, -7.792197784032908, 0.0 ], [ 109.733675381057566, -7.792173043947141, 0.0 ], [ 109.733666496724823, -7.792162283815606, 0.0 ], [ 109.733574027763851, -7.792050289304163, 0.0 ], [ 109.733527792469076, -7.791994292041144, 0.0 ], [ 109.733519249018713, -7.791982972793442, 0.0 ], [ 109.733507963136859, -7.791970275574016, 0.0 ], [ 109.73349352222202, -7.791952785201197, 0.0 ], [ 109.73348155801834, -7.791938294777359, 0.0 ], [ 109.733469617469723, -7.791920791308101, 0.0 ], [ 109.733452157199167, -7.791902685708588, 0.0 ], [ 109.733435323576373, -7.791882297510336, 0.0 ], [ 109.733420545927672, -7.791858054666441, 0.0 ], [ 109.733396351276312, -7.791835096683735, 0.0 ], [ 109.733392379208453, -7.791830285925264, 0.0 ], [ 109.733389088426421, -7.791826300237995, 0.0 ], [ 109.73338060218974, -7.791810494213219, 0.0 ], [ 109.733374314257887, -7.791792502693896, 0.0 ], [ 109.733346031505135, -7.791770312464109, 0.0 ], [ 109.733345466379063, -7.791765409236164, 0.0 ], [ 109.733340603295233, -7.791748236189405, 0.0 ], [ 109.733336023651532, -7.791719078277042, 0.0 ], [ 109.733329315261443, -7.791714403437546, 0.0 ], [ 109.733329537540641, -7.791703233078199, 0.0 ], [ 109.733330215036503, -7.791669144605613, 0.0 ], [ 109.733330425892603, -7.791658547706946, 0.0 ], [ 109.733339306553162, -7.791211701841875, 0.0 ], [ 109.733339957851953, -7.791209445014179, 0.0 ], [ 109.733340808530698, -7.791157413608874, 0.0 ], [ 109.733341104320203, -7.791155848163652, 0.0 ], [ 109.733341897188239, -7.791155363802687, 0.0 ], [ 109.733342386181874, -7.791155046014664, 0.0 ], [ 109.733344168250326, -7.791154082908881, 0.0 ], [ 109.733379772267696, -7.791137337641283, 0.0 ], [ 109.733398489984907, -7.791123490923902, 0.0 ], [ 109.733411914588032, -7.791113559688226, 0.0 ], [ 109.733423707085123, -7.791100236034564, 0.0 ], [ 109.733442462158479, -7.791088181694029, 0.0 ], [ 109.733476499825031, -7.79106630538156, 0.0 ], [ 109.733510745907509, -7.791044294591554, 0.0 ], [ 109.733544574899824, -7.791022552493299, 0.0 ], [ 109.733578612304854, -7.79100067592073, 0.0 ], [ 109.733596724554104, -7.79098903506532, 0.0 ], [ 109.733622980570601, -7.790972160313351, 0.0 ], [ 109.733679097890388, -7.790936092639281, 0.0 ], [ 109.733683233700958, -7.790933434549827, 0.0 ], [ 109.733714762855612, -7.790913170549011, 0.0 ], [ 109.733748800244257, -7.790891293959835, 0.0 ], [ 109.733782837949747, -7.790869417682417, 0.0 ], [ 109.733791332500829, -7.79086395804453, 0.0 ], [ 109.7338036287004, -7.790865666858922, 0.0 ], [ 109.733829571978205, -7.790860279862658, 0.0 ], [ 109.733847348472437, -7.790861617480812, 0.0 ], [ 109.733875707845428, -7.790878150654003, 0.0 ], [ 109.733892129831389, -7.790889314281612, 0.0 ], [ 109.733903259495122, -7.790894213091287, 0.0 ], [ 109.733916302270785, -7.790891271009684, 0.0 ], [ 109.733948888345381, -7.790888738035402, 0.0 ], [ 109.73395929039917, -7.790886903442095, 0.0 ], [ 109.733968278908975, -7.790887393172132, 0.0 ], [ 109.733974420281214, -7.790878445599417, 0.0 ], [ 109.73400050590665, -7.790863700174876, 0.0 ], [ 109.734015395111072, -7.790855021719431, 0.0 ], [ 109.734033687493721, -7.790860363237742, 0.0 ], [ 109.734041318786907, -7.790878645474102, 0.0 ], [ 109.734026510989835, -7.790934460300845, 0.0 ], [ 109.734015026470175, -7.790977747295244, 0.0 ], [ 109.734012107989059, -7.790987394566121, 0.0 ], [ 109.734011702695284, -7.790990275124797, 0.0 ], [ 109.734011606757292, -7.790993637794899, 0.0 ], [ 109.73400812312812, -7.79103942340002, 0.0 ], [ 109.734007947857194, -7.791046122973104, 0.0 ], [ 109.734070249467067, -7.791239410031246, 0.0 ], [ 109.734080036714829, -7.79126977462558, 0.0 ], [ 109.734084744071581, -7.79128437921017, 0.0 ], [ 109.734091241148818, -7.791304536578124, 0.0 ], [ 109.734098058591002, -7.791325687537334, 0.0 ], [ 109.734181233262262, -7.791583731737343, 0.0 ], [ 109.734188169810238, -7.791605252099179, 0.0 ], [ 109.734191506068711, -7.791615602837597, 0.0 ], [ 109.734200073094271, -7.791642182250309, 0.0 ], [ 109.734206191683725, -7.79166116501001, 0.0 ], [ 109.734292217198146, -7.791928053434803, 0.0 ], [ 109.734296303036089, -7.791940729567646, 0.0 ], [ 109.734298268192944, -7.791946826460065, 0.0 ], [ 109.734308905178139, -7.791979827920476, 0.0 ], [ 109.734314324910017, -7.791996642477537, 0.0 ], [ 109.734403201274716, -7.792272375126871, 0.0 ], [ 109.734404141122482, -7.792275260177151, 0.0 ], [ 109.734404463061892, -7.792276207110627, 0.0 ], [ 109.734405317156359, -7.792278337734947, 0.0 ], [ 109.734418822792762, -7.792316397556272, 0.0 ], [ 109.734436632466199, -7.792354433945083, 0.0 ], [ 109.734453896824405, -7.792383105239506, 0.0 ], [ 109.734456696077004, -7.792388081289844, 0.0 ], [ 109.734457524931841, -7.792389414173676, 0.0 ], [ 109.734458853141177, -7.792391336299833, 0.0 ], [ 109.73448092305766, -7.79242191038199, 0.0 ], [ 109.734496912368996, -7.792444060497032, 0.0 ], [ 109.734503617425446, -7.792455104271157, 0.0 ], [ 109.734514596086143, -7.792479979487832, 0.0 ], [ 109.734519832407983, -7.792494721593778, 0.0 ], [ 109.734520149382504, -7.792499988982992, 0.0 ], [ 109.734514495365062, -7.79251351725352, 0.0 ], [ 109.734500507532289, -7.792541924118617, 0.0 ], [ 109.734496832699492, -7.792555778405784, 0.0 ], [ 109.734450199318175, -7.792667357244069, 0.0 ], [ 109.734426883006364, -7.792723146660784, 0.0 ], [ 109.734401666167827, -7.792783482476173, 0.0 ], [ 109.734380644473447, -7.792813852296517, 0.0 ] ] } },
{ "type": "Feature", "properties": { "Id": 83, "Contour": 15.0, "Skor": 1.0, "Shape_Leng": 1061.65601782 }, "geometry": { "type": "MultiLineString", "coordinates": [ [ [ 109.743402093728534, -7.791607600830925, 0.0 ], [ 109.743398768694888, -7.791608835540743, 0.0 ], [ 109.743387784919435, -7.791611557622796, 0.0 ], [ 109.74336662963529, -7.791618104468245, 0.0 ], [ 109.743329975626779, -7.791632465330328, 0.0 ], [ 109.743317494469579, -7.79163934715122, 0.0 ], [ 109.743310554776841, -7.791640109613986, 0.0 ], [ 109.743297758201692, -7.791645117186077, 0.0 ], [ 109.743275941911193, -7.791653684514761, 0.0 ], [ 109.743254480124008, -7.79166204419301, 0.0 ], [ 109.74323574684675, -7.791669383810173, 0.0 ], [ 109.743204923954991, -7.791681460125008, 0.0 ], [ 109.743198405360985, -7.79168401408488, 0.0 ], [ 109.743194865573969, -7.791684394651164, 0.0 ], [ 109.743188474702976, -7.79168790487098, 0.0 ], [ 109.743155426916402, -7.791700852828185, 0.0 ], [ 109.743142330593258, -7.791705983916609, 0.0 ], [ 109.743134091953877, -7.791695989853781, 0.0 ], [ 109.743130255234107, -7.791687732167227, 0.0 ], [ 109.743125648408991, -7.791670976865542, 0.0 ], [ 109.743120754228684, -7.791653519364422, 0.0 ], [ 109.74311487935158, -7.791631827299605, 0.0 ], [ 109.743085428461725, -7.791520021423348, 0.0 ], [ 109.743074096550643, -7.791477001729663, 0.0 ], [ 109.743070702957112, -7.791464118484945, 0.0 ], [ 109.74305597752074, -7.791408215546757, 0.0 ], [ 109.743050831541751, -7.791388679644369, 0.0 ], [ 109.743041252031063, -7.791352312608332, 0.0 ], [ 109.743039199007129, -7.791344518632396, 0.0 ], [ 109.743024733361878, -7.79128960196464, 0.0 ], [ 109.743015934011851, -7.791256196540536, 0.0 ], [ 109.743011801134955, -7.791240506731632, 0.0 ], [ 109.742997075691079, -7.791184603793218, 0.0 ], [ 109.742989712962412, -7.791156652323964, 0.0 ], [ 109.742981036503906, -7.791123713430053, 0.0 ], [ 109.742969404017259, -7.791079552382442, 0.0 ], [ 109.742964556786319, -7.791061150632473, 0.0 ], [ 109.742957771491731, -7.791035391370285, 0.0 ], [ 109.742952899338917, -7.791016894977704, 0.0 ], [ 109.742938173924983, -7.790960992039255, 0.0 ], [ 109.742934506517813, -7.790947069281383, 0.0 ], [ 109.742922873994416, -7.790902908275638, 0.0 ], [ 109.742908723036891, -7.790849186161972, 0.0 ], [ 109.742904380204649, -7.790832699247789, 0.0 ], [ 109.74289960903721, -7.790814586183369, 0.0 ], [ 109.742893997600177, -7.790793283223333, 0.0 ], [ 109.742889144951477, -7.79076926678248, 0.0 ], [ 109.742886240544095, -7.790758474259371, 0.0 ], [ 109.742881470984315, -7.790737386807931, 0.0 ], [ 109.742921532565177, -7.79062008752598, 0.0 ], [ 109.742978035058997, -7.790454649743941, 0.0 ], [ 109.743014880246122, -7.790346767787138, 0.0 ], [ 109.743019838316002, -7.79033225063077, 0.0 ], [ 109.743033633886327, -7.790291857489446, 0.0 ], [ 109.743034537499923, -7.79028921172254, 0.0 ], [ 109.743091151733822, -7.790123446414126, 0.0 ], [ 109.743105346656108, -7.79008188376604, 0.0 ], [ 109.74311017236505, -7.790067754146567, 0.0 ], [ 109.743167347623739, -7.78990034594079, 0.0 ], [ 109.743177428261887, -7.789870829918881, 0.0 ], [ 109.743186405979159, -7.789844543201767, 0.0 ], [ 109.743206187043455, -7.789786624443428, 0.0 ], [ 109.743262111664833, -7.789622877794246, 0.0 ], [ 109.743319116988161, -7.789455966468127, 0.0 ], [ 109.743373551018507, -7.789296583921795, 0.0 ], [ 109.743396047929167, -7.789230712954586, 0.0 ], [ 109.743405577067975, -7.789202811574452, 0.0 ], [ 109.743407498494847, -7.789197185641918, 0.0 ], [ 109.743415106217682, -7.789174910193885, 0.0 ], [ 109.743486555096169, -7.788965707864479, 0.0 ], [ 109.743497562869123, -7.788962686971431, 0.0 ], [ 109.74352001488856, -7.788951784144594, 0.0 ], [ 109.74353519232946, -7.788944413877909, 0.0 ], [ 109.743542644784753, -7.78893859798167, 0.0 ], [ 109.743792309809123, -7.789735581050518, 0.0 ], [ 109.74379873719478, -7.78975609863903, 0.0 ], [ 109.743804667470556, -7.789775029279192, 0.0 ], [ 109.743812049526483, -7.789798594328775, 0.0 ], [ 109.743823475976683, -7.789835070060238, 0.0 ] ], [ [ 109.744488000370367, -7.790993701164495, 0.0 ], [ 109.744488672740687, -7.790994395255707, 0.0 ], [ 109.74463297982912, -7.79114336478781, 0.0 ] ] ] } },
{ "type": "Feature", "properties": { "Id": 109, "Contour": 10.0, "Skor": 1.0, "Shape_Leng": 80.623679986499994 }, "geometry": { "type": "LineString", "coordinates": [ [ 109.738259105553723, -7.786228167232135, 0.0 ], [ 109.738285943962026, -7.7862218737917, 0.0 ], [ 109.738398186021413, -7.7861465866825, 0.0 ], [ 109.738399968932711, -7.786145390777761, 0.0 ], [ 109.738402602910654, -7.786143624022714, 0.0 ], [ 109.738403577083588, -7.786138275020799, 0.0 ], [ 109.738415592284426, -7.786105039429494, 0.0 ], [ 109.738417627293174, -7.786087809557776, 0.0 ], [ 109.73840113783838, -7.786085000284816, 0.0 ], [ 109.738394727825124, -7.786084106023435, 0.0 ], [ 109.738352717193877, -7.786077311602963, 0.0 ], [ 109.738342388957989, -7.786075941640846, 0.0 ], [ 109.738329044291916, -7.786074231754706, 0.0 ], [ 109.738303415995389, -7.786070495904365, 0.0 ], [ 109.738286403122046, -7.786068400369866, 0.0 ], [ 109.738267150624623, -7.786068159863172, 0.0 ], [ 109.738247917664452, -7.786069824048625, 0.0 ], [ 109.738230391233458, -7.786069567928338, 0.0 ], [ 109.73821435833618, -7.786071219423132, 0.0 ], [ 109.738177519211689, -7.786087095039864, 0.0 ], [ 109.738177454404109, -7.786090219856614, 0.0 ], [ 109.738176360890819, -7.786142950758649, 0.0 ], [ 109.73817768245577, -7.786146475012838, 0.0 ], [ 109.738176056532069, -7.786196760235192, 0.0 ], [ 109.738179745590628, -7.786198819997955, 0.0 ], [ 109.738185420866969, -7.786210265354448, 0.0 ], [ 109.738176914199329, -7.786251602914846, 0.0 ], [ 109.738214390734768, -7.78623933097796, 0.0 ], [ 109.738229865325835, -7.786245343519885, 0.0 ], [ 109.738250635345722, -7.78623420869126, 0.0 ], [ 109.738259105553723, -7.786228167232135, 0.0 ] ] } },
{ "type": "Feature", "properties": { "Id": 22, "Contour": 19.0, "Skor": 2.0, "Shape_Leng": 305.866086634 }, "geometry": { "type": "MultiLineString", "coordinates": [ [ [ 109.743569998247381, -7.791108315018916, 0.0 ], [ 109.743550706857405, -7.791115873365531, 0.0 ], [ 109.743529838371003, -7.791124049593781, 0.0 ], [ 109.743489678402, -7.791139784076706, 0.0 ], [ 109.743457824257717, -7.791152264452817, 0.0 ], [ 109.743449518511326, -7.791155518633268, 0.0 ], [ 109.743423988314262, -7.791165521263312, 0.0 ], [ 109.743311838934247, -7.791209461127968, 0.0 ], [ 109.74329837319263, -7.791198958453275, 0.0 ], [ 109.743289576838862, -7.79118547143273, 0.0 ], [ 109.743277145516629, -7.791164310129595, 0.0 ], [ 109.743271006913133, -7.791144500441521, 0.0 ], [ 109.743264840482908, -7.791129538806416, 0.0 ], [ 109.743263018546031, -7.791122622104681, 0.0 ], [ 109.743251386072373, -7.791078461014925, 0.0 ], [ 109.743250115074161, -7.791073635872038, 0.0 ], [ 109.743235389534163, -7.791017732937165, 0.0 ], [ 109.743227864402613, -7.790989164967282, 0.0 ], [ 109.743216488474303, -7.790945977932616, 0.0 ], [ 109.743207805511403, -7.790913014529416, 0.0 ], [ 109.743204855929463, -7.790901816920266, 0.0 ], [ 109.743198575827364, -7.790877975600302, 0.0 ], [ 109.743193223377034, -7.790857655917551, 0.0 ], [ 109.743191213083776, -7.790850024132867, 0.0 ], [ 109.743188369062779, -7.790837488571332, 0.0 ], [ 109.743183293149443, -7.790811807213339, 0.0 ], [ 109.743178962596147, -7.79079412853901, 0.0 ], [ 109.743184216938019, -7.790777296972482, 0.0 ], [ 109.743195327104019, -7.790744183008565, 0.0 ], [ 109.743197221882028, -7.79073832343774, 0.0 ], [ 109.743314265535318, -7.790395621535037, 0.0 ], [ 109.743370767838485, -7.790230183889689, 0.0 ], [ 109.743387806099136, -7.790180296029584, 0.0 ], [ 109.743397759922829, -7.790151151193282, 0.0 ], [ 109.743406864417523, -7.790124493278626, 0.0 ], [ 109.743427270089384, -7.790064745784905, 0.0 ], [ 109.74343166338663, -7.790064327242253, 0.0 ], [ 109.743481424953742, -7.790067012623926, 0.0 ], [ 109.743483273107188, -7.790066764307915, 0.0 ], [ 109.743538754208245, -7.790243871362243, 0.0 ], [ 109.743594235343267, -7.790420979040309, 0.0 ], [ 109.743630152586377, -7.790535634117242, 0.0 ] ], [ [ 109.743699550072293, -7.79075716528814, 0.0 ], [ 109.743705197722889, -7.790775193770773, 0.0 ], [ 109.743760678967405, -7.790952300823207, 0.0 ], [ 109.743764168988534, -7.790963441696029, 0.0 ], [ 109.743765328403924, -7.790968129178491, 0.0 ], [ 109.743772882981801, -7.791006992863957, 0.0 ], [ 109.743776404594612, -7.791019337241323, 0.0 ], [ 109.743769201358432, -7.791028040619321, 0.0 ], [ 109.743760436337212, -7.791033701730753, 0.0 ], [ 109.743736472357625, -7.791043090782945, 0.0 ], [ 109.74373063781195, -7.791045376754306, 0.0 ], [ 109.74370436167888, -7.791055671662478, 0.0 ], [ 109.743650318033076, -7.791076845895241, 0.0 ], [ 109.743643589628221, -7.791079482071171, 0.0 ], [ 109.743592212347295, -7.791099611610822, 0.0 ], [ 109.743569998247381, -7.791108315018916, 0.0 ] ] ] } },
{ "type": "Feature", "properties": { "Id": 63, "Contour": 16.0, "Skor": 2.0, "Shape_Leng": 334.26859537399997 }, "geometry": { "type": "MultiLineString", "coordinates": [ [ [ 109.734233200824548, -7.789584441279032, 0.0 ], [ 109.734243252960965, -7.78958226031224, 0.0 ], [ 109.73429935960668, -7.789549666182663, 0.0 ], [ 109.734306240009431, -7.789545669123932, 0.0 ], [ 109.734341604798999, -7.789525124413478, 0.0 ], [ 109.73435546624512, -7.789517071827233, 0.0 ], [ 109.734412334576973, -7.789484035183356, 0.0 ], [ 109.734413633274301, -7.789483280720609, 0.0 ], [ 109.734441588375688, -7.789457359205603, 0.0 ], [ 109.734450773813535, -7.789444415412367, 0.0 ], [ 109.734463484002262, -7.789427570504173, 0.0 ], [ 109.734464178966462, -7.789423997913378, 0.0 ], [ 109.734468913818191, -7.789399657177922, 0.0 ], [ 109.734474343614409, -7.789371743851409, 0.0 ], [ 109.734475882999888, -7.789363830505864, 0.0 ], [ 109.73448241680471, -7.789330242600945, 0.0 ], [ 109.734485203543514, -7.789315917198687, 0.0 ], [ 109.734489305224997, -7.789294831730227, 0.0 ], [ 109.73449153582213, -7.789283365044551, 0.0 ], [ 109.73449606330658, -7.789260090544629, 0.0 ], [ 109.734498238581111, -7.78923406321895, 0.0 ], [ 109.7344992920507, -7.789229238714525, 0.0 ], [ 109.7345019524642, -7.789204249047812, 0.0 ], [ 109.734487773146625, -7.789184965916253, 0.0 ], [ 109.734468510359235, -7.7891751215014, 0.0 ], [ 109.733964661706437, -7.78909858260004, 0.0 ], [ 109.733957984894246, -7.789097568314464, 0.0 ], [ 109.733908678540772, -7.789090077952108, 0.0 ], [ 109.733860559807425, -7.789082768270498, 0.0 ], [ 109.733852695377578, -7.789081573637128, 0.0 ], [ 109.733666555619223, -7.789053297361208, 0.0 ] ], [ [ 109.733606302057709, -7.789263463905217, 0.0 ], [ 109.733616258913329, -7.789269268746928, 0.0 ], [ 109.733628076035743, -7.789276158078614, 0.0 ], [ 109.733683986846302, -7.789308753683851, 0.0 ], [ 109.733687007785065, -7.789310514876668, 0.0 ], [ 109.733692211447263, -7.789313548567236, 0.0 ], [ 109.733740365644294, -7.789341621976721, 0.0 ], [ 109.733788519440026, -7.789369695380487, 0.0 ], [ 109.733793131164759, -7.789372384009587, 0.0 ], [ 109.733795808495643, -7.789373944879526, 0.0 ], [ 109.733851719334496, -7.789406540469888, 0.0 ], [ 109.733863880074239, -7.789413630115156, 0.0 ], [ 109.733884827336041, -7.789425842175419, 0.0 ], [ 109.733907630182912, -7.78943913598626, 0.0 ], [ 109.73393558561024, -7.789455433907311, 0.0 ], [ 109.73393919024565, -7.789457535412668, 0.0 ], [ 109.7339635410396, -7.789471731907791, 0.0 ], [ 109.733981134845564, -7.789481988951198, 0.0 ], [ 109.734076126980895, -7.789537368289901, 0.0 ], [ 109.734111501395162, -7.789557991393972, 0.0 ], [ 109.734131273669291, -7.789569518603274, 0.0 ], [ 109.734173750905342, -7.789594282451866, 0.0 ], [ 109.734187184564846, -7.789602114115345, 0.0 ], [ 109.734192214420503, -7.789599345719464, 0.0 ], [ 109.734233200824548, -7.789584441279032, 0.0 ] ] ] } },
{ "type": "Feature", "properties": { "Id": 66, "Contour": 16.0, "Skor": 2.0, "Shape_Leng": 1978.9687799599999 }, "geometry": { "type": "LineString", "coordinates": [ [ 109.736154325223907, -7.796359145437873, 0.0 ], [ 109.736174812992573, -7.79630334748857, 0.0 ], [ 109.736183472459061, -7.796279762806128, 0.0 ], [ 109.73619215138271, -7.796256124983827, 0.0 ], [ 109.736202034076015, -7.796229209215553, 0.0 ], [ 109.73620718472074, -7.796215181138715, 0.0 ], [ 109.736215787488206, -7.796191751580984, 0.0 ], [ 109.736222218157863, -7.796174237396476, 0.0 ], [ 109.736234185021118, -7.796141643616419, 0.0 ], [ 109.736236274159111, -7.796135953622433, 0.0 ], [ 109.736237251019702, -7.796133293078218, 0.0 ], [ 109.736239943665794, -7.796125959666579, 0.0 ], [ 109.736256762067129, -7.796080155665654, 0.0 ], [ 109.736266337560224, -7.79605407641411, 0.0 ], [ 109.736267318134438, -7.796051405841717, 0.0 ], [ 109.736277249117819, -7.796024357704317, 0.0 ], [ 109.736282351231353, -7.796010461767073, 0.0 ], [ 109.736296414814163, -7.795972159611022, 0.0 ], [ 109.736297384719421, -7.795969518087645, 0.0 ], [ 109.736297736585911, -7.795968559742237, 0.0 ], [ 109.736318224050649, -7.795912761778149, 0.0 ], [ 109.736327451411668, -7.795887630446269, 0.0 ], [ 109.736330641015186, -7.795878943557415, 0.0 ], [ 109.736338711325047, -7.79585696381149, 0.0 ], [ 109.736352885913419, -7.795818359540219, 0.0 ], [ 109.736359198957643, -7.795801165843966, 0.0 ], [ 109.736362793218973, -7.795791376627673, 0.0 ], [ 109.736372551482987, -7.795764799037778, 0.0 ], [ 109.736379686025884, -7.795745367872737, 0.0 ], [ 109.736400173720355, -7.795689569901376, 0.0 ], [ 109.736409356966263, -7.795664558573313, 0.0 ], [ 109.736417651495046, -7.795641967593554, 0.0 ], [ 109.736427096478408, -7.795616243841422, 0.0 ], [ 109.736432684780908, -7.79560102373225, 0.0 ], [ 109.736441148067641, -7.795577973949675, 0.0 ], [ 109.736447718162736, -7.795560079970564, 0.0 ], [ 109.736459247337137, -7.795528678181904, 0.0 ], [ 109.736461634679955, -7.795522175969113, 0.0 ], [ 109.736465827976517, -7.795510755421465, 0.0 ], [ 109.736482122504427, -7.795466377990249, 0.0 ], [ 109.736491399730497, -7.79544111098053, 0.0 ], [ 109.736492817985877, -7.79543724837375, 0.0 ], [ 109.736502609496497, -7.795410580006887, 0.0 ], [ 109.736507851036819, -7.795396304286173, 0.0 ], [ 109.73652229892852, -7.795356955308215, 0.0 ], [ 109.736523096915306, -7.795354782022844, 0.0 ], [ 109.736523551245114, -7.795353544629928, 0.0 ], [ 109.736537917967269, -7.795314416955614, 0.0 ], [ 109.736543584287176, -7.795298984036644, 0.0 ], [ 109.736552951060602, -7.795273472916808, 0.0 ], [ 109.736555702975181, -7.795265978045098, 0.0 ], [ 109.736564071487393, -7.795243186047928, 0.0 ], [ 109.736578769831453, -7.795203155176469, 0.0 ], [ 109.736584559052048, -7.795187388058364, 0.0 ], [ 109.736587855083172, -7.795178411064611, 0.0 ], [ 109.736598050969178, -7.795150641456488, 0.0 ], [ 109.736605046042968, -7.795131590065091, 0.0 ], [ 109.736625533669496, -7.795075792071676, 0.0 ], [ 109.736635777118806, -7.795047893073189, 0.0 ], [ 109.73664315082469, -7.795027809963701, 0.0 ], [ 109.736646020572721, -7.795019994074187, 0.0 ], [ 109.736666508186332, -7.794964196076815, 0.0 ], [ 109.736673217468791, -7.794945922386353, 0.0 ], [ 109.736684308948526, -7.794915712434489, 0.0 ], [ 109.736686994419017, -7.794908398073289, 0.0 ], [ 109.736691711501862, -7.7948955509359, 0.0 ], [ 109.736707482159943, -7.794852600072361, 0.0 ], [ 109.736716461124203, -7.794828145301898, 0.0 ], [ 109.736718317057736, -7.79482309066298, 0.0 ], [ 109.736727969093423, -7.794796802066976, 0.0 ], [ 109.736748182257529, -7.79474175075848, 0.0 ], [ 109.736748456428728, -7.79474100406085, 0.0 ], [ 109.736763416882567, -7.794700259196301, 0.0 ], [ 109.736768943742007, -7.794685206052642, 0.0 ], [ 109.736778449923762, -7.794659315144545, 0.0 ], [ 109.736780764152385, -7.794653012290903, 0.0 ], [ 109.736789430864917, -7.794629408041866, 0.0 ], [ 109.736808516676149, -7.794577427719897, 0.0 ], [ 109.736809918364742, -7.794573610030278, 0.0 ], [ 109.736812916164681, -7.794565445259725, 0.0 ], [ 109.736823549672678, -7.794536483629172, 0.0 ], [ 109.736830405278383, -7.794517812014942, 0.0 ], [ 109.736850892833857, -7.794462013999487, 0.0 ], [ 109.736861136250752, -7.794434114989985, 0.0 ], [ 109.736868649371687, -7.794413652087835, 0.0 ], [ 109.736871379666013, -7.794406215979955, 0.0 ], [ 109.736891867208541, -7.794350417960522, 0.0 ], [ 109.736898716082322, -7.794331764650239, 0.0 ], [ 109.736909371474596, -7.7943027447631, 0.0 ], [ 109.736913749530359, -7.794290821027237, 0.0 ], [ 109.736917594231599, -7.794280349636196, 0.0 ], [ 109.736928782518092, -7.794249876948481, 0.0 ], [ 109.736932841557433, -7.794238821913546, 0.0 ], [ 109.736941522147831, -7.794215178974643, 0.0 ], [ 109.736943815468138, -7.794208932829615, 0.0 ], [ 109.736953327911849, -7.794183023884602, 0.0 ], [ 109.736974064801231, -7.794126545968452, 0.0 ], [ 109.736988915015289, -7.794086101194244, 0.0 ], [ 109.73699430241831, -7.794071427826188, 0.0 ], [ 109.737003948007384, -7.794045157126275, 0.0 ], [ 109.737005824553179, -7.794040046291644, 0.0 ], [ 109.737014789460829, -7.794015629793344, 0.0 ], [ 109.737034014652352, -7.793963269669256, 0.0 ], [ 109.737035276898936, -7.79395983175974, 0.0 ], [ 109.737037976469736, -7.793952479209818, 0.0 ], [ 109.737049047596742, -7.793922325562364, 0.0 ], [ 109.737055763732187, -7.79390403372234, 0.0 ], [ 109.737076251216564, -7.793848235684843, 0.0 ], [ 109.737087005775862, -7.793818944416365, 0.0 ], [ 109.737094147139203, -7.793799493972479, 0.0 ], [ 109.737096737977708, -7.793792437643289, 0.0 ], [ 109.737117225449197, -7.793736639601799, 0.0 ], [ 109.737124213745531, -7.79371760650252, 0.0 ], [ 109.737134431411206, -7.793689778641788, 0.0 ], [ 109.737139247135175, -7.793676662856899, 0.0 ], [ 109.737143476186574, -7.793665144611665, 0.0 ], [ 109.73715428007381, -7.793635718765116, 0.0 ], [ 109.737158199655966, -7.793625043510747, 0.0 ], [ 109.737166582007447, -7.793602212789766, 0.0 ], [ 109.737169312974814, -7.793594774633378, 0.0 ], [ 109.737178685945565, -7.79356924545978, 0.0 ], [ 109.737199173132524, -7.793513447409559, 0.0 ], [ 109.73719994655977, -7.793511340931588, 0.0 ], [ 109.737214412365503, -7.793471942949414, 0.0 ], [ 109.73721966030989, -7.793457649357308, 0.0 ], [ 109.737240147483988, -7.793401851303011, 0.0 ], [ 109.737244478571284, -7.79339005511462, 0.0 ], [ 109.737256416873791, -7.793357540620415, 0.0 ], [ 109.737259511846048, -7.793349111375901, 0.0 ], [ 109.73726063464845, -7.793346053246772, 0.0 ], [ 109.737263035995284, -7.793339512921338, 0.0 ], [ 109.737274544735143, -7.793308167252803, 0.0 ], [ 109.737281121407534, -7.793290255187302, 0.0 ], [ 109.737301608817788, -7.793234457127776, 0.0 ], [ 109.737304611257997, -7.793226279756958, 0.0 ], [ 109.737319644121143, -7.793185335611124, 0.0 ], [ 109.737322095510976, -7.793178659064194, 0.0 ], [ 109.73734258291141, -7.793122861000671, 0.0 ], [ 109.737342959294409, -7.79309667451481, 0.0 ], [ 109.737347418241399, -7.793088780487861, 0.0 ], [ 109.737348316835138, -7.793067018960366, 0.0 ], [ 109.737318993771936, -7.793061267120178, 0.0 ], [ 109.737313308914338, -7.793062999137696, 0.0 ], [ 109.737311034140717, -7.793064644073093, 0.0 ], [ 109.737307916464616, -7.793066898538661, 0.0 ], [ 109.737289499224104, -7.793090507275846, 0.0 ], [ 109.737286880621198, -7.793096437473131, 0.0 ], [ 109.737284203889857, -7.7930957569352, 0.0 ], [ 109.737257177965645, -7.793103588501297, 0.0 ], [ 109.73723098589322, -7.793122528349343, 0.0 ], [ 109.737218105341398, -7.793139488529032, 0.0 ], [ 109.737201047007517, -7.793144177567439, 0.0 ], [ 109.737154054969125, -7.793178158141706, 0.0 ], [ 109.737150184562466, -7.793183396903997, 0.0 ], [ 109.737144916039114, -7.793184766653457, 0.0 ], [ 109.737088785059925, -7.793225355898639, 0.0 ], [ 109.737083866118553, -7.793228912900567, 0.0 ], [ 109.737051413607517, -7.793252379939177, 0.0 ], [ 109.737032654070148, -7.79326594524469, 0.0 ], [ 109.737000193798664, -7.793289417676444, 0.0 ], [ 109.73697652307078, -7.793306534358028, 0.0 ], [ 109.736954055836279, -7.793322780822141, 0.0 ], [ 109.736923263536738, -7.79334504741882, 0.0 ], [ 109.736920392060085, -7.793347123831336, 0.0 ], [ 109.736846332551224, -7.793400677141691, 0.0 ], [ 109.736824245433894, -7.793416648632514, 0.0 ], [ 109.736807867227313, -7.793428491997168, 0.0 ], [ 109.736791792836399, -7.793440115591181, 0.0 ], [ 109.736759340114233, -7.79346358242331, 0.0 ], [ 109.736751998970348, -7.793468890893846, 0.0 ], [ 109.736726887606238, -7.793487049470043, 0.0 ], [ 109.736705034501881, -7.793502851831378, 0.0 ], [ 109.736695867918598, -7.793509480352782, 0.0 ], [ 109.736615540167833, -7.793567566208202, 0.0 ], [ 109.736583605786791, -7.793590658404209, 0.0 ], [ 109.736564624464663, -7.79360438410492, 0.0 ], [ 109.736538609756636, -7.793623195863571, 0.0 ], [ 109.736527474704431, -7.793631247783621, 0.0 ], [ 109.736461678730919, -7.793678825499773, 0.0 ], [ 109.736434813897858, -7.793698251763655, 0.0 ], [ 109.736402361305849, -7.793721718730708, 0.0 ], [ 109.736384748181521, -7.793734455120046, 0.0 ], [ 109.736369908725933, -7.793745185710923, 0.0 ], [ 109.736337455996548, -7.793768652538614, 0.0 ], [ 109.736307817182748, -7.793790084721713, 0.0 ], [ 109.736305003347667, -7.793792119447605, 0.0 ], [ 109.73626935163874, -7.793817899515927, 0.0 ], [ 109.736230886055637, -7.793845714305611, 0.0 ], [ 109.736190688000562, -7.793874781993906, 0.0 ], [ 109.736174812906356, -7.793885605991231, 0.0 ], [ 109.736153955492057, -7.793901343873956, 0.0 ], [ 109.736142740033102, -7.793909453936744, 0.0 ], [ 109.736134556846494, -7.793915371282593, 0.0 ], [ 109.736107379124391, -7.793930002980811, 0.0 ], [ 109.736090541326007, -7.793944963527247, 0.0 ], [ 109.736078427490554, -7.79395535779678, 0.0 ], [ 109.736074826965918, -7.793953370054401, 0.0 ], [ 109.736063645982981, -7.793956933502022, 0.0 ], [ 109.736026255583639, -7.793960665000769, 0.0 ], [ 109.736022388638574, -7.7939651750887, 0.0 ], [ 109.736018969688004, -7.793960224773664, 0.0 ], [ 109.736018665870688, -7.793956799277805, 0.0 ], [ 109.736019457321831, -7.793953844286668, 0.0 ], [ 109.736022456225427, -7.793942647650995, 0.0 ], [ 109.7360378927971, -7.793916313907986, 0.0 ], [ 109.736033615152607, -7.793900984786315, 0.0 ], [ 109.736037616034167, -7.793886046951265, 0.0 ], [ 109.736043112679383, -7.793865524292936, 0.0 ], [ 109.736048564236228, -7.793845170292894, 0.0 ], [ 109.73605494024153, -7.793821364182785, 0.0 ], [ 109.736057924622855, -7.79381022122861, 0.0 ], [ 109.736063512987556, -7.793789355797274, 0.0 ], [ 109.73607846225427, -7.793733541301832, 0.0 ], [ 109.736090422967962, -7.793688883902602, 0.0 ], [ 109.73609341124785, -7.793677726804336, 0.0 ], [ 109.736108360597953, -7.793621912306578, 0.0 ], [ 109.736114078334055, -7.793600563944494, 0.0 ], [ 109.736118851201965, -7.793582743177599, 0.0 ], [ 109.73612330930716, -7.793566097805602, 0.0 ], [ 109.736135743881718, -7.79351967208417, 0.0 ], [ 109.736137733476141, -7.793512243775313, 0.0 ], [ 109.736139160153357, -7.793506917044953, 0.0 ], [ 109.736149560997347, -7.793468083642372, 0.0 ], [ 109.736153207548767, -7.793454468802318, 0.0 ], [ 109.736168156875465, -7.793398654299296, 0.0 ], [ 109.73617321634724, -7.793379763689122, 0.0 ], [ 109.736179777699945, -7.793355265101706, 0.0 ], [ 109.736183105548804, -7.793342839793101, 0.0 ], [ 109.736185043703557, -7.79333560339782, 0.0 ], [ 109.736192387600738, -7.793308184270994, 0.0 ], [ 109.736196871438949, -7.793291443492203, 0.0 ], [ 109.736198054771876, -7.793287025287222, 0.0 ], [ 109.736200086660816, -7.793279438929551, 0.0 ], [ 109.73620869895052, -7.793247283358464, 0.0 ], [ 109.736213003765428, -7.793231210779348, 0.0 ], [ 109.736227953074987, -7.793175396271197, 0.0 ], [ 109.736232354277988, -7.793158963413257, 0.0 ], [ 109.736240704113754, -7.793127787007379, 0.0 ], [ 109.736242901706234, -7.793119581759663, 0.0 ], [ 109.736244181596732, -7.793114803091898, 0.0 ], [ 109.736249031246942, -7.793096696442292, 0.0 ], [ 109.73625600932246, -7.793070643188694, 0.0 ], [ 109.736257850909013, -7.793063767248595, 0.0 ], [ 109.736261013080949, -7.793051960789232, 0.0 ], [ 109.736267836824382, -7.793026483057354, 0.0 ], [ 109.736272799904128, -7.793007952735582, 0.0 ], [ 109.736287749193394, -7.792952138222139, 0.0 ], [ 109.736291492132551, -7.792938163113696, 0.0 ], [ 109.736301630440238, -7.792900308891353, 0.0 ], [ 109.736302697782577, -7.792896323705369, 0.0 ], [ 109.736303319407426, -7.792894002765529, 0.0 ], [ 109.736305674820386, -7.792885208591654, 0.0 ], [ 109.736315147126646, -7.792849842861538, 0.0 ], [ 109.736317646968175, -7.792840509189068, 0.0 ], [ 109.736321939416882, -7.792824482630444, 0.0 ], [ 109.736326974615778, -7.79280568273577, 0.0 ], [ 109.736332595958629, -7.792784694670847, 0.0 ], [ 109.736347545227616, -7.792728880152249, 0.0 ], [ 109.736362557170196, -7.79267283027259, 0.0 ], [ 109.736374284879446, -7.792629042549586, 0.0 ], [ 109.736377442943166, -7.792617251108644, 0.0 ], [ 109.736382865671729, -7.792597004450013, 0.0 ], [ 109.736386112331004, -7.792584882393808, 0.0 ], [ 109.736392391935169, -7.7925614365853, 0.0 ], [ 109.736407341183877, -7.79250562206141, 0.0 ], [ 109.736409767600577, -7.79249656245979, 0.0 ], [ 109.736418961747191, -7.792462233436395, 0.0 ], [ 109.736422289695085, -7.792449807534083, 0.0 ], [ 109.73643723883707, -7.792393993007316, 0.0 ], [ 109.736443791839349, -7.792369526244601, 0.0 ], [ 109.73644524996692, -7.792364082031405, 0.0 ], [ 109.736457077539285, -7.792319922013653, 0.0 ], [ 109.736464100831753, -7.792293699889414, 0.0 ], [ 109.736467137002904, -7.792282363949568, 0.0 ], [ 109.73646890520169, -7.792275762082752, 0.0 ], [ 109.736475605100665, -7.792250746096229, 0.0 ], [ 109.736482085528152, -7.792226549417086, 0.0 ], [ 109.73649703465297, -7.792170734885089, 0.0 ], [ 109.736504509124643, -7.79214282761841, 0.0 ], [ 109.736511983641805, -7.792114920351459, 0.0 ], [ 109.736516214999227, -7.792099121545518, 0.0 ], [ 109.736525026177517, -7.792066222358956, 0.0 ], [ 109.73652693217366, -7.792059105815112, 0.0 ], [ 109.736532248386553, -7.792039257008013, 0.0 ], [ 109.736539869885178, -7.792010801275238, 0.0 ], [ 109.736541881280161, -7.792003291279237, 0.0 ], [ 109.736556830384657, -7.791947476742031, 0.0 ], [ 109.736563524982174, -7.791922481229043, 0.0 ], [ 109.736565643968831, -7.791914569730084, 0.0 ], [ 109.736571779375069, -7.79189166220318, 0.0 ], [ 109.736575352473082, -7.791878321151118, 0.0 ], [ 109.736585952114268, -7.791838744141735, 0.0 ], [ 109.736586727864832, -7.791835847661596, 0.0 ], [ 109.736588891596213, -7.79182776906362, 0.0 ], [ 109.736599007308669, -7.791790000853209, 0.0 ], [ 109.736601676954137, -7.79178003312049, 0.0 ], [ 109.736602940703349, -7.79176620947008, 0.0 ], [ 109.73660651241579, -7.791741504119535, 0.0 ], [ 109.73660792689158, -7.791724192638068, 0.0 ], [ 109.736605365967961, -7.791708112516818, 0.0 ], [ 109.736600857425273, -7.791679803810944, 0.0 ], [ 109.736599026427712, -7.791668306978409, 0.0 ], [ 109.736590045627139, -7.791611915532208, 0.0 ], [ 109.736582385787884, -7.791563816710591, 0.0 ], [ 109.736581226242222, -7.791556535661286, 0.0 ], [ 109.736579618615878, -7.791546441563685, 0.0 ], [ 109.736574725389929, -7.791515718447622, 0.0 ], [ 109.736572325557546, -7.79150065000112, 0.0 ], [ 109.736554525266996, -7.791388878684017, 0.0 ], [ 109.736551745229875, -7.791371422628877, 0.0 ], [ 109.736547759657938, -7.791346397430024, 0.0 ], [ 109.736545624872676, -7.79133299302478, 0.0 ], [ 109.736510024105073, -7.791109450390694, 0.0 ], [ 109.736505573929463, -7.791081507561279, 0.0 ], [ 109.736505281673004, -7.79107967252467, 0.0 ], [ 109.736501123726072, -7.791053564731776, 0.0 ], [ 109.736492223485371, -7.790997679073247, 0.0 ], [ 109.736490464437736, -7.790986634189449, 0.0 ], [ 109.736484042508962, -7.79094630988893, 0.0 ], [ 109.736483323205348, -7.790941793414697, 0.0 ], [ 109.736482258635817, -7.790939076636036, 0.0 ], [ 109.736479547741524, -7.790935744162145, 0.0 ], [ 109.736475634020508, -7.790937873607498, 0.0 ], [ 109.736465573791804, -7.790941740487174, 0.0 ], [ 109.736438952783942, -7.790957097749672, 0.0 ], [ 109.736423476834148, -7.790956391589778, 0.0 ], [ 109.736396687877146, -7.790970719760545, 0.0 ], [ 109.736391205531604, -7.79097365204409, 0.0 ], [ 109.736360263507947, -7.790990201620024, 0.0 ], [ 109.736347092542005, -7.790997246281036, 0.0 ], [ 109.736311278891392, -7.791016401464211, 0.0 ], [ 109.736243233243741, -7.79105279564723, 0.0 ], [ 109.736142981926236, -7.791106415376366, 0.0 ], [ 109.73614171666415, -7.791107092121255, 0.0 ], [ 109.736105292308082, -7.79112657398415, 0.0 ], [ 109.73608688292272, -7.791136420288753, 0.0 ], [ 109.736035515119198, -7.791163894291185, 0.0 ], [ 109.73603078391325, -7.791166424787626, 0.0 ], [ 109.736025226504537, -7.791169397244292, 0.0 ], [ 109.735996018982561, -7.791185019323281, 0.0 ], [ 109.73597468489433, -7.7911964300582, 0.0 ], [ 109.735931656779158, -7.791219443570449, 0.0 ], [ 109.735923169966824, -7.791223982743009, 0.0 ], [ 109.735918585870479, -7.791226434571929, 0.0 ], [ 109.735862486838997, -7.791256439248554, 0.0 ], [ 109.735850321060227, -7.791262946268175, 0.0 ], [ 109.735813896676959, -7.791282428104775, 0.0 ], [ 109.73577833827747, -7.79130144655469, 0.0 ], [ 109.73577747215711, -7.791301909798064, 0.0 ], [ 109.735741047730542, -7.791321391588313, 0.0 ], [ 109.735723939623597, -7.791330542037763, 0.0 ], [ 109.735694189699629, -7.791346453922155, 0.0 ], [ 109.735620080097505, -7.79138609122371, 0.0 ], [ 109.735602109629525, -7.791406100709281, 0.0 ], [ 109.735598423946655, -7.791425440534767, 0.0 ], [ 109.73559165619298, -7.791441865501509, 0.0 ], [ 109.735611001208412, -7.791468664243694, 0.0 ], [ 109.735617242481752, -7.791477310374376, 0.0 ], [ 109.735632065711414, -7.791497845189402, 0.0 ], [ 109.735637703033561, -7.791505654746401, 0.0 ], [ 109.735657866708024, -7.791533588017759, 0.0 ], [ 109.735681299511413, -7.791566049856818, 0.0 ], [ 109.735693480286756, -7.791582923952254, 0.0 ], [ 109.735704732377613, -7.791598511633805, 0.0 ], [ 109.735712884205327, -7.791609804556574, 0.0 ], [ 109.735749257557785, -7.791660193652524, 0.0 ], [ 109.735753293143418, -7.791665784235811, 0.0 ], [ 109.7357734980027, -7.791693774075703, 0.0 ], [ 109.735775030671576, -7.791695897282996, 0.0 ], [ 109.735793702739912, -7.791721763914639, 0.0 ], [ 109.735805034850415, -7.791737462619786, 0.0 ], [ 109.735834111857244, -7.791777743589813, 0.0 ], [ 109.735832176060597, -7.791805008420949, 0.0 ], [ 109.735832418292915, -7.791806082236987, 0.0 ], [ 109.735831276964745, -7.791833594234133, 0.0 ], [ 109.735823462309369, -7.791852292575141, 0.0 ], [ 109.735806964555806, -7.791891766985271, 0.0 ], [ 109.735784644114389, -7.791945173292857, 0.0 ], [ 109.735773969019206, -7.791970715785654, 0.0 ], [ 109.735770617665366, -7.791978734578367, 0.0 ], [ 109.7357574712331, -7.792010190169467, 0.0 ], [ 109.735748140579929, -7.792032515835515, 0.0 ], [ 109.735740973536664, -7.792049664646224, 0.0 ], [ 109.735738011375616, -7.792056752342318, 0.0 ], [ 109.735730875680048, -7.792073826095441, 0.0 ], [ 109.735724475858362, -7.792089139144458, 0.0 ], [ 109.73571469503915, -7.792112541863588, 0.0 ], [ 109.735691378533446, -7.79216833138189, 0.0 ], [ 109.735674982553391, -7.79220756238519, 0.0 ], [ 109.735668062139013, -7.792224120898196, 0.0 ], [ 109.735658484776835, -7.792247036794195, 0.0 ], [ 109.735651391459513, -7.7922640092925, 0.0 ], [ 109.735644745865187, -7.79227991041245, 0.0 ], [ 109.735641987117916, -7.792286511325401, 0.0 ], [ 109.735635312296793, -7.792302482220349, 0.0 ], [ 109.735598112841046, -7.79239148943233, 0.0 ], [ 109.735578898093607, -7.792437464967319, 0.0 ], [ 109.735575995961611, -7.792444408944428, 0.0 ], [ 109.735574796483434, -7.792447278939145, 0.0 ], [ 109.73557190702131, -7.792454192593843, 0.0 ], [ 109.735559498138727, -7.792483883323474, 0.0 ], [ 109.735550690975941, -7.792504956468266, 0.0 ], [ 109.735543000417891, -7.792523357805139, 0.0 ], [ 109.735532164813236, -7.792549284191988, 0.0 ], [ 109.735528163593983, -7.792558857945054, 0.0 ], [ 109.735504847030981, -7.792614647444069, 0.0 ], [ 109.735493188796667, -7.792642542192771, 0.0 ], [ 109.735477009104088, -7.792681255323724, 0.0 ], [ 109.735466069561284, -7.792707430506249, 0.0 ], [ 109.735460511340477, -7.792720729776588, 0.0 ], [ 109.735458214114175, -7.792726226435526, 0.0 ], [ 109.735452680206464, -7.792739467496432, 0.0 ], [ 109.73544401360121, -7.792760204254356, 0.0 ], [ 109.735434897697999, -7.792782015927742, 0.0 ], [ 109.73541158110946, -7.792837805417134, 0.0 ], [ 109.735394520119684, -7.792878627433394, 0.0 ], [ 109.735388264635361, -7.792893594904418, 0.0 ], [ 109.735378022285303, -7.792918101828307, 0.0 ], [ 109.735373195682172, -7.79292965060487, 0.0 ], [ 109.735364948260013, -7.792949384389587, 0.0 ], [ 109.735361524556112, -7.792957576325944, 0.0 ], [ 109.735353240859112, -7.792977396700993, 0.0 ], [ 109.735318315070273, -7.793060963351512, 0.0 ], [ 109.735295533162244, -7.793115473872438, 0.0 ], [ 109.735293710996501, -7.793119833765919, 0.0 ], [ 109.735279035275312, -7.793154948224332, 0.0 ], [ 109.735271682098102, -7.793172542304467, 0.0 ], [ 109.735262537487301, -7.793194422682257, 0.0 ], [ 109.735253968633415, -7.793214925324598, 0.0 ], [ 109.735248365565411, -7.793228331777172, 0.0 ], [ 109.735225048919617, -7.793284121247208, 0.0 ], [ 109.735212204748265, -7.793314853468639, 0.0 ], [ 109.735196545939033, -7.793352320128248, 0.0 ], [ 109.735183997494644, -7.793382344823192, 0.0 ], [ 109.735180048111374, -7.7933917945541, 0.0 ], [ 109.735178415818467, -7.793395700180592, 0.0 ], [ 109.735174483713479, -7.793405108553335, 0.0 ], [ 109.735163550311199, -7.793431269014505, 0.0 ], [ 109.735155099328807, -7.793451489643925, 0.0 ], [ 109.735131782651266, -7.793507279104245, 0.0 ], [ 109.735127582955286, -7.793517327738698, 0.0 ], [ 109.735114056649891, -7.793549692135083, 0.0 ], [ 109.735108466100542, -7.793563068562537, 0.0 ], [ 109.735097558757673, -7.793589166512648, 0.0 ], [ 109.735094998885444, -7.793595291576348, 0.0 ], [ 109.735085149623714, -7.793618858018701, 0.0 ], [ 109.73508106095511, -7.79362864097999, 0.0 ], [ 109.735071168373409, -7.793652310831129, 0.0 ], [ 109.735038516271459, -7.793730436922583, 0.0 ], [ 109.735031567159226, -7.793747064004433, 0.0 ], [ 109.735015069186943, -7.793786538311009, 0.0 ], [ 109.734998571350886, -7.793826012756046, 0.0 ], [ 109.734991883118042, -7.793842015817474, 0.0 ], [ 109.734982073523724, -7.793865487212865, 0.0 ], [ 109.734975771434165, -7.793880566113118, 0.0 ], [ 109.734968566508783, -7.793897805261278, 0.0 ], [ 109.734945249773915, -7.793953594702259, 0.0 ], [ 109.734933591459907, -7.793981489422022, 0.0 ], [ 109.734932579700597, -7.793983910254441, 0.0 ], [ 109.734916081737865, -7.794023384583022, 0.0 ], [ 109.734901924379969, -7.794057258786403, 0.0 ], [ 109.734898616494661, -7.794065173577622, 0.0 ], [ 109.73489628619798, -7.79407074926609, 0.0 ], [ 109.73488308598499, -7.794102333421671, 0.0 ], [ 109.734875299925278, -7.794120963011927, 0.0 ], [ 109.734851983164916, -7.794176752443232, 0.0 ], [ 109.734850090043807, -7.794181282083239, 0.0 ], [ 109.734845509630958, -7.79419224163115, 0.0 ], [ 109.734833592143957, -7.794220756486927, 0.0 ], [ 109.734828666534497, -7.794232541872578, 0.0 ], [ 109.734817008205681, -7.79426043658632, 0.0 ], [ 109.734805349956119, -7.794288331299667, 0.0 ], [ 109.734789094839613, -7.794327224607484, 0.0 ], [ 109.734735399641991, -7.794455699564755, 0.0 ], [ 109.734732680008605, -7.794462206805348, 0.0 ], [ 109.734718106415173, -7.794497076960619, 0.0 ], [ 109.734712083106672, -7.79451148898242, 0.0 ], [ 109.734688766374049, -7.794567278397048, 0.0 ], [ 109.734685110520317, -7.794576025714981, 0.0 ], [ 109.734676265133146, -7.79459718982786, 0.0 ], [ 109.734665449600001, -7.794623067809137, 0.0 ], [ 109.734657607015777, -7.794641519602202, 0.0 ], [ 109.734651994641908, -7.794654854096657, 0.0 ], [ 109.734641648046619, -7.794678855770529, 0.0 ], [ 109.734634342541938, -7.794693170514901, 0.0 ], [ 109.734619900922567, -7.794715292142492, 0.0 ], [ 109.734593114235111, -7.794705454993323, 0.0 ], [ 109.734589376029987, -7.794704082159353, 0.0 ], [ 109.734563953174231, -7.794694745801974, 0.0 ], [ 109.734519691398177, -7.794678491388685, 0.0 ], [ 109.734511129132969, -7.794675347054276, 0.0 ], [ 109.73450800543101, -7.794674199908323, 0.0 ], [ 109.7345012933676, -7.794671734991406, 0.0 ], [ 109.734470136632453, -7.794660293032663, 0.0 ], [ 109.734452057694909, -7.794653653817054, 0.0 ], [ 109.734396109964322, -7.794633108033383, 0.0 ], [ 109.734388151326144, -7.794630185295336, 0.0 ], [ 109.734366336972087, -7.794622174081497, 0.0 ], [ 109.734340162242404, -7.794612561511292, 0.0 ], [ 109.734284214525161, -7.794592015591478, 0.0 ], [ 109.73426517389764, -7.794585023159335, 0.0 ], [ 109.734237045588742, -7.794574693507177, 0.0 ], [ 109.734228266814483, -7.794571469629521, 0.0 ], [ 109.734212982728806, -7.794565856725647, 0.0 ], [ 109.734183188798099, -7.794554915215818, 0.0 ], [ 109.734172319110897, -7.794550923482913, 0.0 ], [ 109.734148962785611, -7.794542346066536, 0.0 ], [ 109.734142196334815, -7.794539861159675, 0.0 ], [ 109.734116371414402, -7.794530377116006, 0.0 ], [ 109.734101203931317, -7.794524807041872, 0.0 ], [ 109.734060211293681, -7.794509753156305, 0.0 ], [ 109.734019218840857, -7.794494699086417, 0.0 ], [ 109.734004476038976, -7.794489284997329, 0.0 ], [ 109.733978226385304, -7.794479645022721, 0.0 ], [ 109.73397279729285, -7.794477651208137, 0.0 ], [ 109.733948528362049, -7.794468738581712, 0.0 ], [ 109.733906275597775, -7.794453221870154, 0.0 ], [ 109.733896241387669, -7.794449536975172, 0.0 ], [ 109.733892580690224, -7.794448192612929, 0.0 ], [ 109.73388471475235, -7.794445303939731, 0.0 ], [ 109.733855248942561, -7.79443448290095, 0.0 ], [ 109.73383663302549, -7.794427646456243, 0.0 ], [ 109.73378068536627, -7.794407100600677, 0.0 ], [ 109.73377326373452, -7.794404375061561, 0.0 ], [ 109.733752711540134, -7.794396827332022, 0.0 ], [ 109.733724737715789, -7.794386554003451, 0.0 ], [ 109.733668790069942, -7.794366008008494, 0.0 ], [ 109.733650286469071, -7.794359212761227, 0.0 ], [ 109.733620467323775, -7.794348262125109, 0.0 ], [ 109.733612842430645, -7.794345461981128, 0.0 ], [ 109.733599567284244, -7.79434058681417, 0.0 ], [ 109.733568301470939, -7.794329104715641, 0.0 ], [ 109.73355689479844, -7.794324915762621, 0.0 ], [ 109.73353238462083, -7.794315914561292, 0.0 ], [ 109.733527309059923, -7.7943140506069, 0.0 ], [ 109.733500947173354, -7.794304369317353, 0.0 ], [ 109.733486316711804, -7.794298996433258, 0.0 ], [ 109.733444999553456, -7.794283823299504, 0.0 ], [ 109.733404331722795, -7.794268888375719, 0.0 ], [ 109.733389051940733, -7.794263277061359, 0.0 ], [ 109.733363339316327, -7.794253834259401, 0.0 ], [ 109.733356219340848, -7.794251219463069, 0.0 ], [ 109.733333104335202, -7.794242730567376, 0.0 ], [ 109.733314806308755, -7.794265696193363, 0.0 ], [ 109.733318722084704, -7.79428388795284, 0.0 ], [ 109.733325667193924, -7.794291180618228, 0.0 ], [ 109.733332933617262, -7.794299509518334, 0.0 ], [ 109.733359365268441, -7.794313465991708, 0.0 ], [ 109.733366775674071, -7.794339890705866, 0.0 ], [ 109.73338874951591, -7.794363864188257, 0.0 ], [ 109.733410019412858, -7.794374633978773, 0.0 ], [ 109.733418116104644, -7.794395903284457, 0.0 ], [ 109.733430792143125, -7.794409732933726, 0.0 ], [ 109.73344457579735, -7.794424770936562, 0.0 ], [ 109.733461834263082, -7.794434651305709, 0.0 ], [ 109.733469456511287, -7.794451915858723, 0.0 ], [ 109.733484281629387, -7.794468090113977, 0.0 ], [ 109.733500402094919, -7.794485677631336, 0.0 ], [ 109.733513974514722, -7.794494346054281, 0.0 ], [ 109.733520796875297, -7.794507928428711, 0.0 ], [ 109.733537771077167, -7.79452644733808, 0.0 ], [ 109.73355622840819, -7.7945465843795, 0.0 ], [ 109.733566402264557, -7.794553755803036, 0.0 ], [ 109.733572137283929, -7.794563940994566, 0.0 ], [ 109.733612054737989, -7.794607490915433, 0.0 ], [ 109.733619085373704, -7.794612912409177, 0.0 ], [ 109.7336234778369, -7.794619953556617, 0.0 ], [ 109.733644750088359, -7.794643161704868, 0.0 ], [ 109.73366788108315, -7.794668397644022, 0.0 ], [ 109.73367199603608, -7.794671843442448, 0.0 ], [ 109.733674818263125, -7.794675966114124, 0.0 ], [ 109.733698239626847, -7.794701518870179, 0.0 ], [ 109.733723707444227, -7.794729304361115, 0.0 ], [ 109.733725110593809, -7.794730572352647, 0.0 ], [ 109.733726158680952, -7.794731978667373, 0.0 ], [ 109.73377953382149, -7.794790210972911, 0.0 ], [ 109.733828839663005, -7.794844003761631, 0.0 ], [ 109.733858708245492, -7.794876590422837, 0.0 ], [ 109.733880180205389, -7.794900016302549, 0.0 ], [ 109.733891186623509, -7.794912024275638, 0.0 ], [ 109.733912197867411, -7.794934947547395, 0.0 ], [ 109.733931520730053, -7.794956028839279, 0.0 ], [ 109.733938942630701, -7.794964126161233, 0.0 ], [ 109.733982861293143, -7.795012041371853, 0.0 ], [ 109.733992432255761, -7.795022483295172, 0.0 ], [ 109.734019177042526, -7.795051661889454, 0.0 ], [ 109.734034201788617, -7.795068053899993, 0.0 ], [ 109.734045921845436, -7.79508084047619, 0.0 ], [ 109.73405987204454, -7.795096060162539, 0.0 ], [ 109.734072666645744, -7.795110019064976, 0.0 ], [ 109.734086579180001, -7.795125197597654, 0.0 ], [ 109.734114492418584, -7.795155650825005, 0.0 ], [ 109.734126156341745, -7.795168376152056, 0.0 ], [ 109.73414240566072, -7.795186104180623, 0.0 ], [ 109.734152901131125, -7.79519755476006, 0.0 ], [ 109.734188223580247, -7.795236091460094, 0.0 ], [ 109.734206390811522, -7.795255911879051, 0.0 ], [ 109.734233135621253, -7.795285090470715, 0.0 ], [ 109.734254058669478, -7.79530791748385, 0.0 ], [ 109.73426523443112, -7.795320110225815, 0.0 ], [ 109.734281971931523, -7.795338370839778, 0.0 ], [ 109.7342909047142, -7.795348116478913, 0.0 ], [ 109.734337798468289, -7.795399277295324, 0.0 ], [ 109.734342245493011, -7.795404128982587, 0.0 ], [ 109.734367915761254, -7.795432135232513, 0.0 ], [ 109.734393625020317, -7.795460183959622, 0.0 ], [ 109.734444926798105, -7.795516153976555, 0.0 ], [ 109.734447742779466, -7.795517876238261, 0.0 ], [ 109.734457594802564, -7.795524322852166, 0.0 ], [ 109.734481723153905, -7.795539881851759, 0.0 ], [ 109.734514828447772, -7.795562754979136, 0.0 ], [ 109.734527679247847, -7.795572260334954, 0.0 ], [ 109.734549981432764, -7.795583598121818, 0.0 ], [ 109.73458922779767, -7.795603549799655, 0.0 ], [ 109.734617189886521, -7.795617764879144, 0.0 ], [ 109.734661386305746, -7.795640233044528, 0.0 ], [ 109.734698521277096, -7.795659111339095, 0.0 ], [ 109.734748736056304, -7.795684638993439, 0.0 ], [ 109.734772791240317, -7.795696867910239, 0.0 ], [ 109.734809926204065, -7.795715746219217, 0.0 ], [ 109.734847061187153, -7.795734624506045, 0.0 ], [ 109.734884196183316, -7.795753502783643, 0.0 ], [ 109.734921331155107, -7.795772381084361, 0.0 ], [ 109.734969792956022, -7.795797017554785, 0.0 ], [ 109.734995601156697, -7.795810137632378, 0.0 ], [ 109.735025057186718, -7.795825112179901, 0.0 ], [ 109.735048465306335, -7.795837012138096, 0.0 ], [ 109.735080321456849, -7.79585320679901, 0.0 ], [ 109.735120507845352, -7.795873636261163, 0.0 ], [ 109.735144141188897, -7.795885650705148, 0.0 ], [ 109.735161665661536, -7.795894559618008, 0.0 ], [ 109.735181276177286, -7.795904528999623, 0.0 ], [ 109.73520439423811, -7.795916281474415, 0.0 ], [ 109.735232356373388, -7.795930496506757, 0.0 ], [ 109.735255546240325, -7.795942285496341, 0.0 ], [ 109.735274866097882, -7.795952107121131, 0.0 ], [ 109.735288280649925, -7.795958926660719, 0.0 ], [ 109.73529294799809, -7.795960899326698, 0.0 ], [ 109.735301378554212, -7.795965585214715, 0.0 ], [ 109.73540012922885, -7.796015786781584, 0.0 ], [ 109.735404606713502, -7.796017282656737, 0.0 ], [ 109.735411907328398, -7.796021774386659, 0.0 ], [ 109.735441221422363, -7.796036676738632, 0.0 ], [ 109.735478356465549, -7.796055554982108, 0.0 ], [ 109.735511977841227, -7.796072646968301, 0.0 ], [ 109.735516238040717, -7.796073693147645, 0.0 ], [ 109.735522435964114, -7.79607796353381, 0.0 ], [ 109.735552626563035, -7.796093311460783, 0.0 ], [ 109.735567902159971, -7.796101077071735, 0.0 ], [ 109.735590729160307, -7.79611123051813, 0.0 ], [ 109.73561308768376, -7.796123364986908, 0.0 ], [ 109.73562382850622, -7.796128834603492, 0.0 ], [ 109.735628070131085, -7.796129904616189, 0.0 ], [ 109.735632964629659, -7.796134152656665, 0.0 ], [ 109.73566403173723, -7.796149946161552, 0.0 ], [ 109.735679750822953, -7.796157937221127, 0.0 ], [ 109.735703584687613, -7.796166427403651, 0.0 ], [ 109.735724109476763, -7.796178726416119, 0.0 ], [ 109.735735680355305, -7.796184638888472, 0.0 ], [ 109.735740012269815, -7.796186007000942, 0.0 ], [ 109.735743493331256, -7.796190341755317, 0.0 ], [ 109.735775436944877, -7.796206580837623, 0.0 ], [ 109.735791599519658, -7.796214797345663, 0.0 ], [ 109.735816580976604, -7.796221484748385, 0.0 ], [ 109.735834551376982, -7.796233505981224, 0.0 ], [ 109.735847533035198, -7.796240177422297, 0.0 ], [ 109.735852265583659, -7.796241800903745, 0.0 ], [ 109.735855295690442, -7.796246534631885, 0.0 ], [ 109.73588870941748, -7.796261364392016, 0.0 ], [ 109.735903456618331, -7.796268869318914, 0.0 ], [ 109.735930712569527, -7.796275416607575, 0.0 ], [ 109.735938140113205, -7.796281409710803, 0.0 ], [ 109.735959387788128, -7.796295036231323, 0.0 ], [ 109.735965495648486, -7.796296626504138, 0.0 ], [ 109.735970033407838, -7.796302736245861, 0.0 ], [ 109.736005351007435, -7.796312807950161, 0.0 ], [ 109.736015328875084, -7.796317901298187, 0.0 ], [ 109.736036674734976, -7.796324242611829, 0.0 ], [ 109.736052392806585, -7.796321865062466, 0.0 ], [ 109.736071251222839, -7.796347012991558, 0.0 ], [ 109.736083211294797, -7.796347005292927, 0.0 ], [ 109.736099653704656, -7.796358982255794, 0.0 ], [ 109.736124988467054, -7.796361281534312, 0.0 ], [ 109.736127214694648, -7.796362423602165, 0.0 ], [ 109.73613241631719, -7.7963642732145, 0.0 ], [ 109.736154325223907, -7.796359145437873, 0.0 ] ] } },
{ "type": "Feature", "properties": { "Id": 104, "Contour": 11.0, "Skor": 1.0, "Shape_Leng": 38.023289998700001 }, "geometry": { "type": "LineString", "coordinates": [ [ 109.743463254889107, -7.788024178771322, 0.0 ], [ 109.743463423526791, -7.788027866254797, 0.0 ], [ 109.74348933756248, -7.788032107799378, 0.0 ], [ 109.743490423629893, -7.78802892778093, 0.0 ] ] } },
{ "type": "Feature", "properties": { "Id": 95, "Contour": 14.0, "Skor": 1.0, "Shape_Leng": 2306.2327550099999 }, "geometry": { "type": "MultiLineString", "coordinates": [ [ [ 109.734349484217489, -7.784643393305006, 0.0 ], [ 109.734226974181055, -7.784651999722072, 0.0 ], [ 109.733621984522514, -7.785113800295842, 0.0 ] ], [ [ 109.733853973448575, -7.78518444363278, 0.0 ], [ 109.733860468563179, -7.785180479849887, 0.0 ], [ 109.733862911442273, -7.785178989011913, 0.0 ], [ 109.733870749623691, -7.785174205686587, 0.0 ], [ 109.73389763341828, -7.785157799709093, 0.0 ], [ 109.733932355002636, -7.785136610013101, 0.0 ], [ 109.733967076990837, -7.785115420726179, 0.0 ], [ 109.734001798568798, -7.785094231023316, 0.0 ], [ 109.734016877885892, -7.785085028784455, 0.0 ], [ 109.734032749225378, -7.785075343133496, 0.0 ], [ 109.734036683050093, -7.785073204767121, 0.0 ], [ 109.734045392105742, -7.785069313816808, 0.0 ], [ 109.734084116027049, -7.785064768753403, 0.0 ], [ 109.734088788917191, -7.785064842374885, 0.0 ], [ 109.734092862815601, -7.785065390842098, 0.0 ], [ 109.734123738538216, -7.785069547710461, 0.0 ], [ 109.734139387413975, -7.785074959421538, 0.0 ], [ 109.734144766743441, -7.785074954757452, 0.0 ], [ 109.734150104705222, -7.785074950157731, 0.0 ], [ 109.734187785225615, -7.785082670925939, 0.0 ], [ 109.734200751747167, -7.785082676749655, 0.0 ], [ 109.73421410845765, -7.785083140021568, 0.0 ], [ 109.734239618183153, -7.78508697687003, 0.0 ], [ 109.734256745588766, -7.785087454770668, 0.0 ], [ 109.734368716718976, -7.785102529682045, 0.0 ], [ 109.734389620455332, -7.785105343938058, 0.0 ], [ 109.734405953535386, -7.785107542800824, 0.0 ], [ 109.734424702289488, -7.785110066918238, 0.0 ], [ 109.7344393390444, -7.78511174602491, 0.0 ], [ 109.734468706541421, -7.785114477707949, 0.0 ], [ 109.734480693272104, -7.785115801412005, 0.0 ], [ 109.734490880989341, -7.785116340459383, 0.0 ], [ 109.734525648258497, -7.785115581988912, 0.0 ], [ 109.734536700586759, -7.7851160932747, 0.0 ], [ 109.734546833789778, -7.785116562020367, 0.0 ], [ 109.734581813389411, -7.785115907099237, 0.0 ], [ 109.73460279917353, -7.785116771104729, 0.0 ], [ 109.73463794420762, -7.785116197769199, 0.0 ], [ 109.734648715457084, -7.785116597967752, 0.0 ], [ 109.73465921270838, -7.785116535889561, 0.0 ], [ 109.734693603881411, -7.785116015725356, 0.0 ], [ 109.734704725589566, -7.785115951781977, 0.0 ], [ 109.734816747008296, -7.785114275793986, 0.0 ], [ 109.734830224599833, -7.785114074174029, 0.0 ], [ 109.734858766550019, -7.785113647143017, 0.0 ], [ 109.73488726157376, -7.78511322086387, 0.0 ], [ 109.734913787368129, -7.785112824084266, 0.0 ], [ 109.734928768430336, -7.785112599967319, 0.0 ], [ 109.735040789856797, -7.785110923919922, 0.0 ], [ 109.735096800570915, -7.785110086076064, 0.0 ], [ 109.73520882200323, -7.785108409987231, 0.0 ], [ 109.735264832720262, -7.785107572117859, 0.0 ], [ 109.73529080450524, -7.785107183514717, 0.0 ] ], [ [ 109.735331998603115, -7.785106567144291, 0.0 ], [ 109.735376854158389, -7.785105895984387, 0.0 ], [ 109.735432864878362, -7.785105058092658, 0.0 ], [ 109.735544886322316, -7.785103381914584, 0.0 ], [ 109.735572891683816, -7.785102962908366, 0.0 ], [ 109.735656907769609, -7.785101705894633, 0.0 ], [ 109.735768929221308, -7.785100029653802, 0.0 ], [ 109.735824939948088, -7.785099191713302, 0.0 ], [ 109.735880950676375, -7.785098353574327, 0.0 ], [ 109.735906685923794, -7.785105038967063, 0.0 ], [ 109.735911121141527, -7.785104989777927, 0.0 ], [ 109.735936925970321, -7.785109339213503, 0.0 ], [ 109.735951878710409, -7.785115927786094, 0.0 ], [ 109.73598797866434, -7.785130968023847, 0.0 ], [ 109.735991230227341, -7.785132607595428, 0.0 ], [ 109.735992863373127, -7.785132969924076, 0.0 ], [ 109.736216599528959, -7.785232007510275, 0.0 ], [ 109.736244566557033, -7.785244387143929, 0.0 ], [ 109.736263333782986, -7.785252694479309, 0.0 ], [ 109.736296205629756, -7.785267245294519, 0.0 ], [ 109.736305961152937, -7.785271563605218, 0.0 ], [ 109.736328467652342, -7.785281526145429, 0.0 ], [ 109.736608138091668, -7.785405322923177, 0.0 ], [ 109.736612914771214, -7.785407356086182, 0.0 ], [ 109.736623579053983, -7.785412157894164, 0.0 ], [ 109.736720006320112, -7.785454841589188, 0.0 ], [ 109.736729606597208, -7.785458746549299, 0.0 ], [ 109.736750626258626, -7.785468395552281, 0.0 ], [ 109.736831874578584, -7.785504360229758, 0.0 ], [ 109.736846430558359, -7.785510006024499, 0.0 ], [ 109.736877673505262, -7.785524633177603, 0.0 ], [ 109.736921314665977, -7.785543950981348, 0.0 ] ], [ [ 109.740502157175015, -7.786060799369441, 0.0 ], [ 109.740470800555229, -7.786045263254579, 0.0 ], [ 109.740465966829191, -7.786042868280929, 0.0 ], [ 109.740428510637926, -7.786024309475542, 0.0 ], [ 109.740391054222187, -7.786005750890098, 0.0 ], [ 109.740374711179001, -7.785997653229625, 0.0 ], [ 109.740358949209465, -7.785989843526688, 0.0 ], [ 109.740342745441652, -7.78598181502105, 0.0 ], [ 109.740316141511229, -7.785968633604334, 0.0 ], [ 109.740303023548108, -7.785962133946467, 0.0 ], [ 109.739799692966741, -7.785712747443577, 0.0 ], [ 109.739791752248422, -7.785708812981232, 0.0 ], [ 109.739775648044059, -7.785700833821763, 0.0 ], [ 109.739687841817101, -7.785657328152101, 0.0 ], [ 109.73967938319781, -7.785653137077047, 0.0 ], [ 109.739662228664415, -7.785644637504884, 0.0 ], [ 109.738183133983057, -7.785467760447855, 0.0 ], [ 109.738160816945125, -7.785456914458311, 0.0 ] ], [ [ 109.737463346071351, -7.785770211967181, 0.0 ], [ 109.737470374675397, -7.785772986156042, 0.0 ], [ 109.73747724893218, -7.785775699430572, 0.0 ], [ 109.737517428556046, -7.78579155827459, 0.0 ], [ 109.737553872645918, -7.785805942778419, 0.0 ], [ 109.73752595789415, -7.78582875331629, 0.0 ], [ 109.737522829118362, -7.785841897044887, 0.0 ], [ 109.737513451436257, -7.785861681576664, 0.0 ], [ 109.73751323707836, -7.78587201682524, 0.0 ], [ 109.737512494117425, -7.785907836030383, 0.0 ], [ 109.737512098696556, -7.785926901102965, 0.0 ], [ 109.737511314823308, -7.785964698060765, 0.0 ], [ 109.737511134485089, -7.785973392983149, 0.0 ], [ 109.737509975926201, -7.786029248685858, 0.0 ], [ 109.737509822009443, -7.786036669729379, 0.0 ], [ 109.737508955977262, -7.786078422366185, 0.0 ], [ 109.737508683617136, -7.786091553996767, 0.0 ], [ 109.737507776684694, -7.786135284389525, 0.0 ], [ 109.737507658965981, -7.786140960091202, 0.0 ], [ 109.737505341840887, -7.786252671495292, 0.0 ], [ 109.737504183436599, -7.78630852719747, 0.0 ], [ 109.737501853419161, -7.786420859782593, 0.0 ], [ 109.737500700368727, -7.786476457035047, 0.0 ], [ 109.737498390747476, -7.786587805703742, 0.0 ], [ 109.737497300030526, -7.786640397073277, 0.0 ], [ 109.737497162178784, -7.786647043367991, 0.0 ], [ 109.737496161612981, -7.786695281328941, 0.0 ], [ 109.737495982733194, -7.786703905524801, 0.0 ], [ 109.73749375660222, -7.786811228505355, 0.0 ], [ 109.737492598182968, -7.786867084205578, 0.0 ], [ 109.737490281018864, -7.786978795604616, 0.0 ], [ 109.737489122591995, -7.787034651304226, 0.0 ], [ 109.737486805418911, -7.787146362702021, 0.0 ], [ 109.737485646990592, -7.787202218401155, 0.0 ], [ 109.737483329808569, -7.787313929797811, 0.0 ], [ 109.737483009169964, -7.787329388784855, 0.0 ], [ 109.737482500961463, -7.787353892855776, 0.0 ], [ 109.737481829815138, -7.787386250829472, 0.0 ], [ 109.737481362559265, -7.787408777144715, 0.0 ], [ 109.737481012779469, -7.787425641194161, 0.0 ], [ 109.737479854181629, -7.787481496891751, 0.0 ], [ 109.737479470922622, -7.787499975095726, 0.0 ], [ 109.737479085769138, -7.787518545738152, 0.0 ], [ 109.737478291553771, -7.7875568371495, 0.0 ], [ 109.737477947371929, -7.787573430033, 0.0 ], [ 109.737477537143519, -7.787593208286924, 0.0 ], [ 109.737476378544301, -7.787649063983969, 0.0 ], [ 109.737475932658242, -7.787670561404834, 0.0 ], [ 109.737475670563811, -7.787683198615524, 0.0 ], [ 109.737474753275364, -7.787727423467657, 0.0 ], [ 109.737474532168449, -7.787738082919549, 0.0 ], [ 109.737474061497181, -7.787760775377969, 0.0 ], [ 109.737472902890403, -7.787816631074403, 0.0 ], [ 109.737472394379836, -7.787841147715318, 0.0 ], [ 109.737472255345466, -7.787847851491232, 0.0 ], [ 109.737471214986044, -7.787898009783983, 0.0 ], [ 109.737471116955078, -7.787902735804407, 0.0 ], [ 109.737470585834288, -7.787928342467214, 0.0 ], [ 109.737469427226074, -7.787984198163119, 0.0 ], [ 109.73746711016102, -7.788095909554722, 0.0 ], [ 109.73746595154519, -7.788151765250048, 0.0 ], [ 109.737477401839698, -7.788170340298055, 0.0 ], [ 109.737495976176675, -7.788175761963591, 0.0 ], [ 109.73749961323054, -7.788155432140991, 0.0 ], [ 109.737500938663842, -7.788151869459476, 0.0 ], [ 109.737502714577531, -7.788145245470174, 0.0 ], [ 109.737502674349614, -7.788102476916605, 0.0 ], [ 109.737519737583568, -7.788072676178749, 0.0 ], [ 109.737519631522446, -7.788063463674786, 0.0 ], [ 109.737527072034908, -7.788065404867689, 0.0 ], [ 109.737552343262436, -7.7880560592164, 0.0 ], [ 109.737558713607001, -7.788040323239815, 0.0 ], [ 109.737560675914978, -7.788032090249706, 0.0 ], [ 109.73756379462526, -7.787995719835162, 0.0 ], [ 109.73756778245459, -7.787984491100692, 0.0 ], [ 109.737574301992595, -7.787962888626993, 0.0 ], [ 109.737574281017388, -7.787950214432046, 0.0 ], [ 109.737590517768183, -7.787928699662171, 0.0 ], [ 109.737598186116017, -7.787918172090588, 0.0 ], [ 109.737608770536127, -7.787916242101733, 0.0 ], [ 109.737621038176272, -7.787885073232435, 0.0 ], [ 109.737625930493266, -7.787872945975763, 0.0 ], [ 109.737630301299561, -7.787851678479859, 0.0 ], [ 109.737630304304233, -7.787838343542487, 0.0 ], [ 109.737637632167804, -7.78781712167345, 0.0 ], [ 109.737644672434911, -7.787796732719053, 0.0 ], [ 109.737665195167295, -7.787777292995569, 0.0 ], [ 109.737670459823903, -7.787766578897135, 0.0 ], [ 109.737671643720176, -7.787761363807811, 0.0 ], [ 109.737675133244593, -7.787751539536663, 0.0 ], [ 109.737683953044751, -7.787724090278352, 0.0 ], [ 109.737691249825147, -7.78770556304083, 0.0 ], [ 109.737696781469481, -7.787680934665126, 0.0 ], [ 109.737705624169834, -7.787665618165192, 0.0 ], [ 109.737714770792635, -7.787642957015705, 0.0 ], [ 109.737721621054476, -7.787637909852282, 0.0 ], [ 109.737736779749341, -7.78760901228275, 0.0 ], [ 109.737740195602569, -7.787593990484946, 0.0 ], [ 109.737748171860162, -7.787567743762412, 0.0 ], [ 109.737748833072331, -7.787565079017757, 0.0 ], [ 109.737758401290336, -7.787538185541766, 0.0 ], [ 109.737762276145062, -7.787522540094241, 0.0 ], [ 109.737778046897986, -7.787498526726933, 0.0 ], [ 109.737786860213589, -7.787491178994129, 0.0 ], [ 109.737799132109458, -7.787461529162868, 0.0 ], [ 109.737804231553497, -7.787452581324748, 0.0 ], [ 109.737810535090901, -7.787426622463751, 0.0 ], [ 109.737815165623289, -7.78740752511554, 0.0 ], [ 109.737825347947833, -7.787379846019284, 0.0 ], [ 109.737828022812863, -7.787370815376853, 0.0 ], [ 109.737829410160714, -7.787365790317432, 0.0 ], [ 109.737834472698083, -7.787359143551609, 0.0 ], [ 109.737860773670803, -7.787341231072517, 0.0 ], [ 109.737873028118003, -7.787315090216767, 0.0 ], [ 109.73787863650422, -7.787303126535041, 0.0 ], [ 109.737880168999752, -7.78726980376703, 0.0 ], [ 109.737882915969152, -7.787259260498502, 0.0 ], [ 109.73788406994862, -7.787252551527025, 0.0 ], [ 109.737890863761564, -7.787231351214172, 0.0 ], [ 109.737911994963767, -7.787238251633128, 0.0 ], [ 109.737927399421281, -7.78725939293377, 0.0 ], [ 109.737929952077451, -7.787276141925994, 0.0 ], [ 109.737933990074808, -7.787302636637139, 0.0 ], [ 109.737937325925188, -7.787324524430755, 0.0 ], [ 109.737944070190537, -7.787368776463921, 0.0 ], [ 109.737948692370168, -7.7873991042208, 0.0 ], [ 109.73795207357945, -7.787421289488751, 0.0 ], [ 109.737954150416556, -7.787434916404506, 0.0 ], [ 109.737961468205157, -7.787482930993329, 0.0 ], [ 109.737964230628592, -7.787501056322421, 0.0 ], [ 109.73796682125257, -7.787518054527509, 0.0 ], [ 109.737974310783088, -7.787567196188378, 0.0 ], [ 109.737981568907131, -7.787614819589003, 0.0 ], [ 109.737984390964016, -7.787633336077218, 0.0 ], [ 109.737987019751529, -7.78765058453837, 0.0 ], [ 109.737989562669696, -7.78766258752145, 0.0 ], [ 109.738001466705668, -7.787703838264608, 0.0 ], [ 109.7380112377665, -7.787696791841591, 0.0 ], [ 109.738032007023804, -7.787681109449517, 0.0 ], [ 109.738057586210928, -7.787666785192273, 0.0 ], [ 109.738225949971962, -7.787553854715234, 0.0 ], [ 109.738234504021548, -7.7875481170354, 0.0 ], [ 109.738247141324052, -7.787539640547427, 0.0 ], [ 109.738394313648627, -7.787440924156296, 0.0 ], [ 109.738401841170784, -7.787435875018762, 0.0 ], [ 109.738412961937371, -7.787428415741303, 0.0 ], [ 109.738450434855451, -7.78740328061842, 0.0 ], [ 109.738468775989759, -7.787390978173202, 0.0 ], [ 109.7384958722118, -7.787372803308386, 0.0 ], [ 109.738562677240978, -7.787327993515437, 0.0 ], [ 109.738569178236702, -7.787323632924388, 0.0 ], [ 109.738578782468906, -7.787317190855648, 0.0 ], [ 109.738620237583575, -7.78728938462175, 0.0 ], [ 109.73863611302238, -7.787278736043237, 0.0 ], [ 109.738661692702451, -7.787261578383036, 0.0 ], [ 109.73867491958903, -7.787252706375993, 0.0 ], [ 109.738703147697834, -7.787233772138936, 0.0 ], [ 109.738731040749173, -7.787215062744035, 0.0 ], [ 109.738744602918672, -7.787205965890537, 0.0 ], [ 109.738787161899623, -7.787177419200164, 0.0 ], [ 109.738803449971741, -7.787166493832373, 0.0 ], [ 109.73882751311136, -7.787150353378142, 0.0 ], [ 109.738843283040836, -7.787139775598611, 0.0 ], [ 109.738870384710722, -7.787121596909111, 0.0 ], [ 109.738903852106318, -7.787099148470254, 0.0 ], [ 109.738937319405338, -7.787076699937236, 0.0 ], [ 109.738955525295665, -7.78706448822892, 0.0 ], [ 109.738993333441542, -7.787039128293891, 0.0 ], [ 109.739011646408372, -7.78702684473927, 0.0 ], [ 109.739037721543468, -7.787009354585004, 0.0 ], [ 109.739050010919755, -7.787001111420552, 0.0 ], [ 109.739071188928591, -7.786986906136464, 0.0 ], [ 109.739104656207857, -7.786964457584004, 0.0 ], [ 109.739138123576993, -7.786942009122415, 0.0 ], [ 109.739171590849622, -7.786919560566718, 0.0 ], [ 109.739205058212121, -7.786897112095518, 0.0 ], [ 109.739223702386909, -7.786884606299633, 0.0 ], [ 109.73923613076812, -7.786876269825166, 0.0 ], [ 109.739242063322195, -7.786872290517152, 0.0 ], [ 109.739292251833859, -7.78683862633861, 0.0 ], [ 109.739305460279596, -7.786829766672108, 0.0 ], [ 109.73933892753864, -7.786807318100222, 0.0 ], [ 109.739372394884484, -7.786784869616043, 0.0 ], [ 109.739404493938892, -7.786763338774755, 0.0 ], [ 109.739407883444798, -7.786761065234248, 0.0 ], [ 109.739439329494687, -7.786739972566493, 0.0 ], [ 109.739460614977091, -7.786725695073086, 0.0 ], [ 109.739490793473863, -7.786705452562978, 0.0 ], [ 109.739516736005598, -7.78668805145942, 0.0 ], [ 109.739539731470444, -7.786672627052403, 0.0 ], [ 109.739572857025365, -7.786650407642422, 0.0 ], [ 109.73960666604421, -7.786627729967297, 0.0 ], [ 109.739628978035427, -7.786612763913482, 0.0 ], [ 109.73965703853699, -7.786593942047173, 0.0 ], [ 109.739673600623291, -7.786582832888728, 0.0 ], [ 109.739685099036137, -7.78657512017539, 0.0 ], [ 109.739739523444598, -7.786538614430127, 0.0 ], [ 109.739739712108204, -7.786537109999727, 0.0 ], [ 109.739734093119964, -7.786489988537373, 0.0 ], [ 109.739734684997515, -7.786482740849903, 0.0 ], [ 109.739710490052047, -7.786370950533473, 0.0 ], [ 109.739705346089536, -7.786351408949018, 0.0 ], [ 109.739700951601762, -7.786330143118692, 0.0 ], [ 109.739697322379925, -7.786315052193995, 0.0 ], [ 109.739694674268762, -7.786306295871975, 0.0 ], [ 109.739685994264192, -7.786275570359052, 0.0 ], [ 109.739682217883185, -7.786262952025447, 0.0 ], [ 109.739681298872625, -7.786259145365287, 0.0 ], [ 109.739679750668003, -7.786252846072684, 0.0 ], [ 109.739672210846294, -7.786217179877233, 0.0 ], [ 109.739668455308887, -7.786203247989265, 0.0 ], [ 109.739677365951806, -7.786194427306709, 0.0 ], [ 109.739686244898508, -7.786191704165045, 0.0 ], [ 109.73974224728002, -7.786193732268998, 0.0 ], [ 109.739798249662655, -7.78619576055664, 0.0 ], [ 109.739854252047593, -7.786197788642751, 0.0 ], [ 109.739860300203517, -7.786197786197404, 0.0 ], [ 109.739905781126737, -7.786199491047804, 0.0 ], [ 109.739910255416376, -7.786199488040187, 0.0 ], [ 109.73991479286498, -7.786199454927906, 0.0 ], [ 109.739963560098772, -7.786201434361701, 0.0 ], [ 109.739969018060464, -7.786201388822267, 0.0 ], [ 109.740021700567468, -7.786203740354681, 0.0 ], [ 109.740022832991144, -7.786203729451485, 0.0 ], [ 109.740035083966632, -7.786204337680854, 0.0 ], [ 109.7400782616035, -7.786205901305681, 0.0 ], [ 109.740079697291478, -7.786205902123116, 0.0 ], [ 109.740115988927045, -7.786204578103419, 0.0 ], [ 109.740133280817346, -7.786203636138157, 0.0 ], [ 109.740134277019052, -7.786203570437222, 0.0 ], [ 109.740476323922138, -7.786177301337043, 0.0 ] ] ] } },
{ "type": "Feature", "properties": { "Id": 11, "Contour": 20.0, "Skor": 3.0, "Shape_Leng": 90.018848533400003 }, "geometry": { "type": "LineString", "coordinates": [ [ 109.738720116643591, -7.789998851597564, 0.0 ], [ 109.738684916230326, -7.79001696486, 0.0 ], [ 109.738666642705226, -7.790019187644483, 0.0 ], [ 109.738652226599228, -7.790013045423276, 0.0 ], [ 109.738626849451848, -7.789998573998212, 0.0 ], [ 109.738619206674073, -7.789990088122384, 0.0 ], [ 109.738610731425183, -7.78998655676539, 0.0 ], [ 109.738588989943523, -7.789964351762954, 0.0 ], [ 109.738567826223445, -7.789942539146975, 0.0 ], [ 109.73856609820335, -7.789931353477824, 0.0 ], [ 109.738554917273206, -7.789921473241618, 0.0 ], [ 109.738536323590168, -7.789905178812155, 0.0 ], [ 109.738516012971004, -7.789903531078113, 0.0 ], [ 109.738498980170561, -7.789897478371615, 0.0 ], [ 109.738492975184229, -7.789892461079478, 0.0 ], [ 109.738488137923738, -7.789886442774923, 0.0 ], [ 109.738483995115203, -7.78987140763557, 0.0 ], [ 109.738499179667073, -7.789830818004213, 0.0 ], [ 109.738555234576637, -7.789815443863493, 0.0 ], [ 109.738611289480147, -7.789800070744494, 0.0 ], [ 109.738667344383757, -7.78978469658761, 0.0 ], [ 109.738676028723617, -7.78978394258309, 0.0 ], [ 109.738701388975159, -7.789775359188085, 0.0 ], [ 109.738723399284368, -7.789769322425897, 0.0 ], [ 109.738726098734375, -7.789772730324625, 0.0 ], [ 109.738726723844138, -7.789775434589949, 0.0 ], [ 109.738727215793133, -7.789779272050537, 0.0 ], [ 109.738737720777877, -7.789816901297805, 0.0 ], [ 109.738739011069015, -7.789831330327345, 0.0 ], [ 109.73873813404488, -7.789846252657241, 0.0 ], [ 109.738736515766519, -7.789873788907906, 0.0 ], [ 109.738735728756453, -7.789887179726954, 0.0 ], [ 109.738732446161322, -7.789943029125425, 0.0 ], [ 109.738731325725226, -7.789951474617247, 0.0 ], [ 109.738722738920487, -7.78999001716203, 0.0 ], [ 109.738720934320853, -7.789997075319302, 0.0 ], [ 109.738720116643591, -7.789998851597564, 0.0 ] ] } },
{ "type": "Feature", "properties": { "Id": 107, "Contour": 11.0, "Skor": 1.0, "Shape_Leng": 844.69236352799999 }, "geometry": { "type": "LineString", "coordinates": [ [ 109.742276440673209, -7.791267195403588, 0.0 ], [ 109.742303481367031, -7.791273946475493, 0.0 ], [ 109.742320021622618, -7.791254893199684, 0.0 ], [ 109.742334256073548, -7.791238496179128, 0.0 ], [ 109.742344131015145, -7.791223055622754, 0.0 ], [ 109.742359683733795, -7.791209205296789, 0.0 ], [ 109.742372012904795, -7.791195002905939, 0.0 ], [ 109.742398008588353, -7.791165057807702, 0.0 ], [ 109.742424004168711, -7.79113511260328, 0.0 ], [ 109.742449999844695, -7.791105167500575, 0.0 ], [ 109.742475995417507, -7.791075222291753, 0.0 ], [ 109.742501991085959, -7.791045277184596, 0.0 ], [ 109.742527724970103, -7.791015633414745, 0.0 ], [ 109.742553982321382, -7.790985386866224, 0.0 ], [ 109.74257609221371, -7.79095991770457, 0.0 ], [ 109.74258449302404, -7.790950240549276, 0.0 ], [ 109.742605973547924, -7.790925496548619, 0.0 ], [ 109.742624459441132, -7.790904201986648, 0.0 ], [ 109.742621642414264, -7.790885190808909, 0.0 ], [ 109.74261512043843, -7.790873856094586, 0.0 ], [ 109.742613918869438, -7.790848311462008, 0.0 ], [ 109.742611279624256, -7.790821970368681, 0.0 ], [ 109.742611832508103, -7.790819322814516, 0.0 ], [ 109.742610350155445, -7.790792441625734, 0.0 ], [ 109.742605224897119, -7.790772279529145, 0.0 ], [ 109.742600557934338, -7.790751985352978, 0.0 ], [ 109.742596782235069, -7.790736542117862, 0.0 ], [ 109.742595173436598, -7.790726551080108, 0.0 ], [ 109.742585290942131, -7.790682788270396, 0.0 ], [ 109.742584814180105, -7.790681127781821, 0.0 ], [ 109.742584799596713, -7.790680647314147, 0.0 ], [ 109.742584832039896, -7.790680181983198, 0.0 ], [ 109.742585301900277, -7.790679115165025, 0.0 ], [ 109.74264203040488, -7.790513016091679, 0.0 ], [ 109.742661012705284, -7.790457436470131, 0.0 ], [ 109.742670789348907, -7.790428810682363, 0.0 ], [ 109.74268007116423, -7.790401633769999, 0.0 ], [ 109.742684341197389, -7.790387835682634, 0.0 ], [ 109.742698307107943, -7.790348239493605, 0.0 ], [ 109.742737246651075, -7.790234225659278, 0.0 ], [ 109.742740864957909, -7.790220440980748, 0.0 ], [ 109.742754809631109, -7.790182801744175, 0.0 ], [ 109.742757066319626, -7.790176194213414, 0.0 ], [ 109.742770179305012, -7.790137799563423, 0.0 ], [ 109.742775363535969, -7.790122620242899, 0.0 ], [ 109.742794422008245, -7.790066817532083, 0.0 ], [ 109.742797389782737, -7.790053047389991, 0.0 ], [ 109.742811312101338, -7.790017363758675, 0.0 ], [ 109.742832538931367, -7.789955212105097, 0.0 ], [ 109.742843343049799, -7.789923577820433, 0.0 ], [ 109.742851597332347, -7.789899409388739, 0.0 ], [ 109.742853915892496, -7.789885655124638, 0.0 ], [ 109.742867814517979, -7.789851925757275, 0.0 ], [ 109.742908772632788, -7.789732001229224, 0.0 ], [ 109.742910443479857, -7.789718264379645, 0.0 ], [ 109.742924316880419, -7.789686487960267, 0.0 ], [ 109.742965947844084, -7.789564593053355, 0.0 ], [ 109.74296697265666, -7.78955087526864, 0.0 ], [ 109.742980819189924, -7.789521049927182, 0.0 ], [ 109.743023123037943, -7.789397184861336, 0.0 ], [ 109.743023503736779, -7.789383488106714, 0.0 ], [ 109.743037321445186, -7.78935561210166, 0.0 ], [ 109.7430612397836, -7.789285579390892, 0.0 ], [ 109.743068712447268, -7.789260767367847, 0.0 ], [ 109.74307210429788, -7.789251232105747, 0.0 ], [ 109.743079126718868, -7.789229773178874, 0.0 ], [ 109.743079451334651, -7.789215515584623, 0.0 ], [ 109.743093823647584, -7.789190174033588, 0.0 ], [ 109.743118414861101, -7.789118171171753, 0.0 ], [ 109.74312482369271, -7.789092959060378, 0.0 ], [ 109.743128019512, -7.789084409648657, 0.0 ], [ 109.743134791373436, -7.789062360475399, 0.0 ], [ 109.743135167721533, -7.789047311137253, 0.0 ], [ 109.743150325796151, -7.789024736024122, 0.0 ], [ 109.743156531502208, -7.789006565683095, 0.0 ], [ 109.743175589852569, -7.788950762936242, 0.0 ], [ 109.743180903993249, -7.788925119747556, 0.0 ], [ 109.743183829719015, -7.788917691229593, 0.0 ], [ 109.743190240472018, -7.788894947117242, 0.0 ], [ 109.743190686696892, -7.788878908667661, 0.0 ], [ 109.743206827890972, -7.788859298079745, 0.0 ], [ 109.743232764864018, -7.788783354684705, 0.0 ], [ 109.743236949700758, -7.78875724576891, 0.0 ], [ 109.743239504600723, -7.788751106905192, 0.0 ], [ 109.743245379532979, -7.788727532824373, 0.0 ], [ 109.743245924056339, -7.788710223697947, 0.0 ], [ 109.743263329932674, -7.788693859964098, 0.0 ], [ 109.743289939745807, -7.788615946416704, 0.0 ], [ 109.743292956384209, -7.788589332671415, 0.0 ], [ 109.743295000450487, -7.788584700009051, 0.0 ], [ 109.743300049117238, -7.788560117124248, 0.0 ], [ 109.743300739684116, -7.788541115653509, 0.0 ], [ 109.743319831920104, -7.788528422059211, 0.0 ], [ 109.743325981928805, -7.788510414800535, 0.0 ], [ 109.74332805633955, -7.788504340895813, 0.0 ], [ 109.743347114610145, -7.788448538132571, 0.0 ], [ 109.743348918916283, -7.788421375319929, 0.0 ], [ 109.743350252633689, -7.788418534619506, 0.0 ], [ 109.74335395750208, -7.788392699152288, 0.0 ], [ 109.743354881594897, -7.788371331724047, 0.0 ], [ 109.743376333854698, -7.788362983911848, 0.0 ], [ 109.743385231142383, -7.788336932600775, 0.0 ], [ 109.74338972645144, -7.788323705845615, 0.0 ], [ 109.743397176485203, -7.788301713597701, 0.0 ], [ 109.743404195352397, -7.78828112955332, 0.0 ], [ 109.743404785925492, -7.788253322168264, 0.0 ], [ 109.743405026921607, -7.788252842956826, 0.0 ], [ 109.743406508909416, -7.78822527714264, 0.0 ], [ 109.743407847999492, -7.788200368471986, 0.0 ], [ 109.743432835735035, -7.788197545975267, 0.0 ], [ 109.743442405940272, -7.78816952428964, 0.0 ], [ 109.743446299229177, -7.788156231080357, 0.0 ], [ 109.743452284587676, -7.788132899085426, 0.0 ], [ 109.743458500938445, -7.788113712731383, 0.0 ], [ 109.74345909916083, -7.788087847251717, 0.0 ], [ 109.743454725172043, -7.788079321866562, 0.0 ], [ 109.743456264943418, -7.78805784683218, 0.0 ], [ 109.743458031320714, -7.78803321219709, 0.0 ], [ 109.743433312470714, -7.788037586055119, 0.0 ], [ 109.743427838637118, -7.788052347217045, 0.0 ], [ 109.743425832681154, -7.788057756618363, 0.0 ], [ 109.743405141197996, -7.788113554548761, 0.0 ], [ 109.743404062904702, -7.788140545167639, 0.0 ], [ 109.74340178795714, -7.788144666685633, 0.0 ], [ 109.743399031138779, -7.788169395704898, 0.0 ], [ 109.743400494126391, -7.788192990495463, 0.0 ], [ 109.743376849896677, -7.788189846846637, 0.0 ], [ 109.743367269272099, -7.788215682560939, 0.0 ], [ 109.743356185672937, -7.788245571366643, 0.0 ], [ 109.743352126947769, -7.788256516421745, 0.0 ], [ 109.743343066902753, -7.788280948328508, 0.0 ], [ 109.743343459573822, -7.788303846454859, 0.0 ], [ 109.743328411708603, -7.788328800694797, 0.0 ], [ 109.743329094405567, -7.788336766171327, 0.0 ], [ 109.743330003189044, -7.788346371783874, 0.0 ], [ 109.743320387273712, -7.788342107784921, 0.0 ], [ 109.743306699910434, -7.788379017949135, 0.0 ], [ 109.743301684005758, -7.78839254417155, 0.0 ], [ 109.743293208596612, -7.788419395395866, 0.0 ], [ 109.743292752617208, -7.788421050767274, 0.0 ], [ 109.743283081938657, -7.788448348284919, 0.0 ], [ 109.74328350802719, -7.788467801699365, 0.0 ], [ 109.743263924603156, -7.788494368455545, 0.0 ], [ 109.743260301026638, -7.788504140006312, 0.0 ], [ 109.743246130471292, -7.788542353297226, 0.0 ], [ 109.743239609581849, -7.788559937920764, 0.0 ], [ 109.743233062839181, -7.788585268669389, 0.0 ], [ 109.743229402922907, -7.788594040829031, 0.0 ], [ 109.743222193575818, -7.788615745545415, 0.0 ], [ 109.743222577623968, -7.788630774920271, 0.0 ], [ 109.743207461883415, -7.788646629363646, 0.0 ], [ 109.743200703351519, -7.788664854792005, 0.0 ], [ 109.743192884565659, -7.788685939415704, 0.0 ], [ 109.743185560992004, -7.788705688644165, 0.0 ], [ 109.743177535127487, -7.788727331651858, 0.0 ], [ 109.743173125765125, -7.788749238502307, 0.0 ], [ 109.743163558384254, -7.788770707539318, 0.0 ], [ 109.743159798774869, -7.788783138321228, 0.0 ], [ 109.743160073858235, -7.788792169658342, 0.0 ], [ 109.74315099911523, -7.788798890256702, 0.0 ], [ 109.743136152095261, -7.788838927462369, 0.0 ], [ 109.743115460617702, -7.788894725364712, 0.0 ], [ 109.743112846274187, -7.788912864832255, 0.0 ], [ 109.743095106012106, -7.78894995961445, 0.0 ], [ 109.743094959088594, -7.788950523828385, 0.0 ], [ 109.743094975452863, -7.788950961291821, 0.0 ], [ 109.743094536299424, -7.78895115088531, 0.0 ], [ 109.74307956424741, -7.788991525435988, 0.0 ], [ 109.74306373177852, -7.789034220111358, 0.0 ], [ 109.743053386021401, -7.789062119059238, 0.0 ], [ 109.743052170387443, -7.789076093510995, 0.0 ], [ 109.743038073434448, -7.789103411744854, 0.0 ], [ 109.743032694458634, -7.789117916953329, 0.0 ], [ 109.74302958305347, -7.789126307335269, 0.0 ], [ 109.743018994618026, -7.789154860735219, 0.0 ], [ 109.74300385219189, -7.789195694548386, 0.0 ], [ 109.742996922763041, -7.789214380849161, 0.0 ], [ 109.742991311403969, -7.789229512735632, 0.0 ], [ 109.742991032199754, -7.789238858408398, 0.0 ], [ 109.74298161052107, -7.78925567258939, 0.0 ], [ 109.742970619802989, -7.789285310623553, 0.0 ], [ 109.742958424892549, -7.789318195978043, 0.0 ], [ 109.742949928229791, -7.789341108509547, 0.0 ], [ 109.742943388517546, -7.789359136198967, 0.0 ], [ 109.742931684383493, -7.78939044630622, 0.0 ], [ 109.742929302863871, -7.789396906589949, 0.0 ], [ 109.7429293850128, -7.789401112677911, 0.0 ], [ 109.742925147559887, -7.789407933221259, 0.0 ], [ 109.742912997605373, -7.789440697440206, 0.0 ], [ 109.742896916060772, -7.78948406364974, 0.0 ], [ 109.74288785351483, -7.789508502155531, 0.0 ], [ 109.742883405350995, -7.789523059973619, 0.0 ], [ 109.742868684549791, -7.789560193986955, 0.0 ], [ 109.742867161896925, -7.789564300033391, 0.0 ], [ 109.742852427819642, -7.789604032694888, 0.0 ], [ 109.742846470331727, -7.789620097909339, 0.0 ], [ 109.742825778669669, -7.789675895783056, 0.0 ], [ 109.74282310409518, -7.7896866646507, 0.0 ], [ 109.742812221491434, -7.789712454701976, 0.0 ], [ 109.742805087091497, -7.789731693654995, 0.0 ], [ 109.742800960274124, -7.789742822200873, 0.0 ], [ 109.742791857937831, -7.789767367883445, 0.0 ], [ 109.742776715478087, -7.789808201699838, 0.0 ], [ 109.742763703825204, -7.789843289392507, 0.0 ], [ 109.742762439083435, -7.789849904419713, 0.0 ], [ 109.74275575838459, -7.789864715421357, 0.0 ], [ 109.74274643053883, -7.789889869316284, 0.0 ], [ 109.7427356393503, -7.789918969243248, 0.0 ], [ 109.742731288046883, -7.789930703106649, 0.0 ], [ 109.742716145573212, -7.789971536918667, 0.0 ], [ 109.742701628925317, -7.790010682983719, 0.0 ], [ 109.74270135533007, -7.790012724112613, 0.0 ], [ 109.742699295229286, -7.790016976122373, 0.0 ], [ 109.742685467786245, -7.790052810419495, 0.0 ], [ 109.742680533386448, -7.790066479645027, 0.0 ], [ 109.742670482639525, -7.790093802076293, 0.0 ], [ 109.742669857880827, -7.790095572787377, 0.0 ], [ 109.742660245594024, -7.790122278700939, 0.0 ], [ 109.742655575562935, -7.790134872064906, 0.0 ], [ 109.742642832025638, -7.790169236811523, 0.0 ], [ 109.74264014804794, -7.790175419914364, 0.0 ], [ 109.742636558482985, -7.790184279678151, 0.0 ], [ 109.74262374943325, -7.790214993481673, 0.0 ], [ 109.742614621113248, -7.790238425522659, 0.0 ], [ 109.742608056951823, -7.790255275496598, 0.0 ], [ 109.742600706474008, -7.790275517235797, 0.0 ], [ 109.742592963186809, -7.790296158195773, 0.0 ], [ 109.742586388316312, -7.790314946548406, 0.0 ], [ 109.742573956030725, -7.790345459657804, 0.0 ], [ 109.742565326728624, -7.790366286555039, 0.0 ], [ 109.74256114326235, -7.790376285855889, 0.0 ], [ 109.742550938628014, -7.790401250603757, 0.0 ], [ 109.742544753725312, -7.790415868541129, 0.0 ], [ 109.742529966132651, -7.790453425722624, 0.0 ], [ 109.74252767747528, -7.790454762264443, 0.0 ], [ 109.742523344672406, -7.790457027966651, 0.0 ], [ 109.742490967996815, -7.790473958409017, 0.0 ], [ 109.742473872017598, -7.790481931611988, 0.0 ], [ 109.742445855100897, -7.790486081559674, 0.0 ], [ 109.742444254330593, -7.790486318664806, 0.0 ], [ 109.742417838184025, -7.790490231485981, 0.0 ], [ 109.742361804349812, -7.790498531206446, 0.0 ], [ 109.742349716441609, -7.790500321692258, 0.0 ], [ 109.74231216729072, -7.790505883647903, 0.0 ], [ 109.742305770513909, -7.790506831152329, 0.0 ], [ 109.742269961309219, -7.790512135223421, 0.0 ], [ 109.742252398502202, -7.790514736625836, 0.0 ], [ 109.742246123860781, -7.790515666032828, 0.0 ], [ 109.742025601321444, -7.790548329809856, 0.0 ], [ 109.742011010854839, -7.790552687330161, 0.0 ], [ 109.74198370207516, -7.790567144718019, 0.0 ], [ 109.742009900337408, -7.790582778932809, 0.0 ], [ 109.742025467207228, -7.790593264678169, 0.0 ], [ 109.742045897260937, -7.790602784856244, 0.0 ], [ 109.742067011754401, -7.790623251274179, 0.0 ], [ 109.742075675071874, -7.790628956443459, 0.0 ], [ 109.742109614769646, -7.790651307362015, 0.0 ], [ 109.742143184301156, -7.790673414378246, 0.0 ], [ 109.742152217906238, -7.790679363446761, 0.0 ], [ 109.742176936215955, -7.79069564602719, 0.0 ], [ 109.742193156997274, -7.790706338225214, 0.0 ], [ 109.742209786495195, -7.790718771560198, 0.0 ], [ 109.742227956664991, -7.790735447503993, 0.0 ], [ 109.742230589512815, -7.790791314557738, 0.0 ], [ 109.742231409888944, -7.790808720973072, 0.0 ], [ 109.742232454479449, -7.790830883108661, 0.0 ], [ 109.74223391766165, -7.790861928234108, 0.0 ], [ 109.742235225984018, -7.790889689685564, 0.0 ], [ 109.742235855599674, -7.790903048666232, 0.0 ], [ 109.742243754143544, -7.79107064982689, 0.0 ], [ 109.742243947776004, -7.791074758243202, 0.0 ], [ 109.742246311909781, -7.791124915908006, 0.0 ], [ 109.742246455637144, -7.791127965416862, 0.0 ], [ 109.742249020222431, -7.791182383934873, 0.0 ], [ 109.742249403049271, -7.791184043170074, 0.0 ], [ 109.742252293555566, -7.791233564627364, 0.0 ], [ 109.742254010354515, -7.791238257985606, 0.0 ], [ 109.742271780487712, -7.791262519947669, 0.0 ], [ 109.74227315487235, -7.791268576108933, 0.0 ], [ 109.742276440673209, -7.791267195403588, 0.0 ] ] } },
{ "type": "Feature", "properties": { "Id": 85, "Contour": 15.0, "Skor": 1.0, "Shape_Leng": 4311.0035639199996 }, "geometry": { "type": "MultiLineString", "coordinates": [ [ [ 109.733742387026055, -7.784598613966692, 0.0 ], [ 109.733312102269522, -7.785019437306606, 0.0 ] ], [ [ 109.734382384814154, -7.786041827221385, 0.0 ], [ 109.734405865516365, -7.786019994356637, 0.0 ], [ 109.734478181928253, -7.785952754285221, 0.0 ], [ 109.734499332800368, -7.785929580336561, 0.0 ], [ 109.734524072664072, -7.785898375660816, 0.0 ], [ 109.734534398490723, -7.785883347832999, 0.0 ], [ 109.734822711384155, -7.785350929259486, 0.0 ], [ 109.734852129962064, -7.785331095333145, 0.0 ], [ 109.734896093001126, -7.785319177735977, 0.0 ], [ 109.734904423847283, -7.78531897636826, 0.0 ], [ 109.734928162381408, -7.785314657385038, 0.0 ], [ 109.734944881989307, -7.785312102112264, 0.0 ], [ 109.734967930987011, -7.785311708634276, 0.0 ], [ 109.734984185302238, -7.785309758016489, 0.0 ], [ 109.735096206783354, -7.785308081966019, 0.0 ], [ 109.735152217524842, -7.785307244119084, 0.0 ], [ 109.735264239011755, -7.785305568020727, 0.0 ], [ 109.735273281927178, -7.785305432731585, 0.0 ], [ 109.735311901622879, -7.785304855016725, 0.0 ], [ 109.735328302796887, -7.785304609642437, 0.0 ], [ 109.735368938654005, -7.785304001626411, 0.0 ], [ 109.735376260502036, -7.785303892083675, 0.0 ], [ 109.735488281996766, -7.785302215925894, 0.0 ], [ 109.735544292745033, -7.785301378026881, 0.0 ], [ 109.735656314245574, -7.785299701827676, 0.0 ], [ 109.73571232499674, -7.785298863903092, 0.0 ], [ 109.73582523476415, -7.785297174367961, 0.0 ], [ 109.735880357257201, -7.785296349712397, 0.0 ], [ 109.735992378769424, -7.785294673423936, 0.0 ], [ 109.735995997115936, -7.785294959725377, 0.0 ], [ 109.736043980078776, -7.785294316057141, 0.0 ], [ 109.736048387200782, -7.785294611503619, 0.0 ], [ 109.736051289590677, -7.785295835794463, 0.0 ], [ 109.736065207486334, -7.785298775601919, 0.0 ], [ 109.73609646718603, -7.785306739683233, 0.0 ], [ 109.736104356571943, -7.785307584664158, 0.0 ], [ 109.736119543561117, -7.7853141035985, 0.0 ], [ 109.736136757860109, -7.785322488440426, 0.0 ], [ 109.736160295405014, -7.785330750554653, 0.0 ], [ 109.73621526266983, -7.785355081985583, 0.0 ], [ 109.736215922365901, -7.78535539059485, 0.0 ], [ 109.736216229470429, -7.78535550994258, 0.0 ], [ 109.736272163543376, -7.785380269327348, 0.0 ], [ 109.736293606010662, -7.785389760873097, 0.0 ], [ 109.736316919004977, -7.785400080445183, 0.0 ], [ 109.73633244203829, -7.785406951756293, 0.0 ], [ 109.736356064667092, -7.785417408331134, 0.0 ], [ 109.736384031712205, -7.785429787954909, 0.0 ], [ 109.73687947747311, -7.785649097896683, 0.0 ] ], [ [ 109.737027117840768, -7.785714451019404, 0.0 ], [ 109.737231640953382, -7.785804983221591, 0.0 ], [ 109.737251964512197, -7.785860902896848, 0.0 ], [ 109.737230735638619, -7.785916698819363, 0.0 ], [ 109.737209507029576, -7.785972494740677, 0.0 ], [ 109.737201595490163, -7.785993288791007, 0.0 ], [ 109.737197667092545, -7.786003613912221, 0.0 ], [ 109.737182239672407, -7.786044161884421, 0.0 ], [ 109.737167572581512, -7.786082711813293, 0.0 ], [ 109.737167049520409, -7.786084086576105, 0.0 ], [ 109.737145820891456, -7.786139882491052, 0.0 ], [ 109.737124591987794, -7.786195678403123, 0.0 ], [ 109.737082134693622, -7.786307270222437, 0.0 ], [ 109.737060905770065, -7.786363066128187, 0.0 ], [ 109.737018448435975, -7.786474657934925, 0.0 ], [ 109.736997219492537, -7.786530453834322, 0.0 ], [ 109.736954762118657, -7.786642045628381, 0.0 ], [ 109.73693353315528, -7.78669784152144, 0.0 ], [ 109.736891075741582, -7.786809433302944, 0.0 ], [ 109.736883917672998, -7.786828246773854, 0.0 ], [ 109.736873692053081, -7.786855122582344, 0.0 ], [ 109.736869846758296, -7.786865229189664, 0.0 ], [ 109.73684861803639, -7.786921025075148, 0.0 ], [ 109.736842837270302, -7.786936218680243, 0.0 ], [ 109.736827343413964, -7.78697694087332, 0.0 ], [ 109.736784931559725, -7.787088412718034, 0.0 ], [ 109.736781127560008, -7.787098410768555, 0.0 ], [ 109.736771011761007, -7.787124997896007, 0.0 ], [ 109.736763702540117, -7.787144208594225, 0.0 ], [ 109.736721245023332, -7.787255800342025, 0.0 ], [ 109.736700015983772, -7.787311596211913, 0.0 ], [ 109.736657558427169, -7.787423187947017, 0.0 ], [ 109.736636329367713, -7.787478983810548, 0.0 ], [ 109.73659387177122, -7.787590575533006, 0.0 ], [ 109.736572642695009, -7.787646371390257, 0.0 ], [ 109.736545199370923, -7.787718500877923, 0.0 ], [ 109.736534288127061, -7.787747178904819, 0.0 ], [ 109.736521136037879, -7.787781746235982, 0.0 ], [ 109.736518860549936, -7.787787726822614, 0.0 ], [ 109.736508955959422, -7.78781375895098, 0.0 ], [ 109.736487727121542, -7.787869554800608, 0.0 ], [ 109.736466498012106, -7.787925350647326, 0.0 ], [ 109.736424040306304, -7.788036942336088, 0.0 ], [ 109.736402811176944, -7.788092738176428, 0.0 ], [ 109.736381582308979, -7.788148534015565, 0.0 ], [ 109.736360353431294, -7.788204329852481, 0.0 ], [ 109.736339124282026, -7.7882601256866, 0.0 ], [ 109.736319386230988, -7.788312003155111, 0.0 ], [ 109.736318203256872, -7.788314750833933, 0.0 ], [ 109.736316537915997, -7.788318738051485, 0.0 ], [ 109.736301582128334, -7.78835410128144, 0.0 ], [ 109.736294356228996, -7.788371710462224, 0.0 ], [ 109.736285296492937, -7.788393788335444, 0.0 ], [ 109.736277661087883, -7.788412972594005, 0.0 ], [ 109.736271801447486, -7.788427502337534, 0.0 ], [ 109.736269282656295, -7.788433748090164, 0.0 ], [ 109.736262964240495, -7.788449899291253, 0.0 ], [ 109.7362525660253, -7.788473002722279, 0.0 ], [ 109.736247935825944, -7.788483290302267, 0.0 ], [ 109.736197721747814, -7.788594858821113, 0.0 ], [ 109.736172614366993, -7.788650643075559, 0.0 ], [ 109.736150195789264, -7.788700453916205, 0.0 ], [ 109.736148335619717, -7.78870458695412, 0.0 ], [ 109.7361475073089, -7.788706427328258, 0.0 ], [ 109.736122003651914, -7.788763092742825, 0.0 ], [ 109.736113592160407, -7.788781781725665, 0.0 ], [ 109.736100087966207, -7.788811786157832, 0.0 ], [ 109.736096220475034, -7.788820379156637, 0.0 ], [ 109.73609381150537, -7.788825731475423, 0.0 ], [ 109.736072185758772, -7.788873780069229, 0.0 ], [ 109.736037427184755, -7.788951008486763, 0.0 ], [ 109.73602692454395, -7.788974960357822, 0.0 ], [ 109.736022746196113, -7.788985350860491, 0.0 ], [ 109.736022681110171, -7.788999911117149, 0.0 ], [ 109.736021230575574, -7.789025274185835, 0.0 ], [ 109.73602116170656, -7.789041205249018, 0.0 ], [ 109.736026281795333, -7.789152938746207, 0.0 ], [ 109.736030737488321, -7.789159001906922, 0.0 ], [ 109.736036790291124, -7.789163429673222, 0.0 ], [ 109.736058761747643, -7.789174982907068, 0.0 ], [ 109.736066485260324, -7.789179254809437, 0.0 ], [ 109.736092714709542, -7.78919156100475, 0.0 ], [ 109.736105074174716, -7.789196691059874, 0.0 ], [ 109.736144672179336, -7.789213126913791, 0.0 ], [ 109.736148653864959, -7.789214779595889, 0.0 ], [ 109.736260532195743, -7.78926121725749, 0.0 ], [ 109.736263551016378, -7.78926235038695, 0.0 ], [ 109.736270574432197, -7.789265385472126, 0.0 ], [ 109.736303063789734, -7.789278870739503, 0.0 ], [ 109.736316471372575, -7.789284435829313, 0.0 ], [ 109.736339968579017, -7.789289040569679, 0.0 ], [ 109.736349264524961, -7.789288760765982, 0.0 ], [ 109.736372443089977, -7.789296801104428, 0.0 ], [ 109.736390819070053, -7.789284032702347, 0.0 ], [ 109.736416074439759, -7.789265819297094, 0.0 ], [ 109.736423260411385, -7.78926055477613, 0.0 ], [ 109.736428572185503, -7.789256663273801, 0.0 ], [ 109.736484704224083, -7.789215540136289, 0.0 ], [ 109.736487810038085, -7.789213264759137, 0.0 ], [ 109.736520084914645, -7.789189619811008, 0.0 ], [ 109.736540836252288, -7.789174416989523, 0.0 ], [ 109.736551954527172, -7.78916556826579, 0.0 ], [ 109.736563971026385, -7.789154541967065, 0.0 ], [ 109.736573916354587, -7.789131576155969, 0.0 ], [ 109.736580209804657, -7.789115498129158, 0.0 ], [ 109.736587055593816, -7.789098751657328, 0.0 ], [ 109.737048777265926, -7.787885212592831, 0.0 ], [ 109.737105230302717, -7.787736835607476, 0.0 ], [ 109.737117778572241, -7.787703854940662, 0.0 ], [ 109.737125341294131, -7.787683978037511, 0.0 ], [ 109.737129776958867, -7.787672319983876, 0.0 ], [ 109.737139007628457, -7.787648059045242, 0.0 ], [ 109.737161683288576, -7.787588459941336, 0.0 ], [ 109.737274589119409, -7.787291708564515, 0.0 ], [ 109.737281843509606, -7.78730605180428, 0.0 ], [ 109.737283043726819, -7.787313333259245, 0.0 ], [ 109.73728472671948, -7.787323543911432, 0.0 ], [ 109.737293280624584, -7.787350405942763, 0.0 ], [ 109.737298073010464, -7.787392960823158, 0.0 ], [ 109.737299654542952, -7.787399779694188, 0.0 ], [ 109.737301812053786, -7.787425107452915, 0.0 ], [ 109.737304029277738, -7.78745113542352, 0.0 ], [ 109.73730391593439, -7.787454849545886, 0.0 ], [ 109.737305699868742, -7.787480978177947, 0.0 ], [ 109.737307246946855, -7.787503638260274, 0.0 ], [ 109.737306981848263, -7.787513952079478, 0.0 ], [ 109.737309436298943, -7.787557160563216, 0.0 ], [ 109.737309102702625, -7.787572106424115, 0.0 ], [ 109.737310102280304, -7.787592709580253, 0.0 ], [ 109.737309820294016, -7.78761247268005, 0.0 ], [ 109.737309485635905, -7.78762851710193, 0.0 ], [ 109.737309202556446, -7.787648566044475, 0.0 ], [ 109.737308774525189, -7.787669202254729, 0.0 ], [ 109.737308477281402, -7.787683531890107, 0.0 ], [ 109.737308043989771, -7.78770442173752, 0.0 ], [ 109.737306885362344, -7.78776027743016, 0.0 ], [ 109.737306415581628, -7.787782926501166, 0.0 ], [ 109.737306200420988, -7.787793300460772, 0.0 ], [ 109.737305236170059, -7.787839788559498, 0.0 ], [ 109.737305062007295, -7.787848184763715, 0.0 ], [ 109.737304568268229, -7.787871988815344, 0.0 ], [ 109.737303409636354, -7.787927844507398, 0.0 ], [ 109.737302877226625, -7.787953512794995, 0.0 ], [ 109.737302785128847, -7.787957953326783, 0.0 ], [ 109.737301671810386, -7.788011628045503, 0.0 ], [ 109.737301646717, -7.788012837635611, 0.0 ], [ 109.737301092530146, -7.788039555891466, 0.0 ], [ 109.737299933893738, -7.788095411582879, 0.0 ], [ 109.737299354615487, -7.788123339428685, 0.0 ], [ 109.737298231410534, -7.788177490502652, 0.0 ], [ 109.737298159427354, -7.788180961160209, 0.0 ], [ 109.737297616781618, -7.78820712296572, 0.0 ], [ 109.737295299498356, -7.788318834347364, 0.0 ], [ 109.737294141016562, -7.788374690038336, 0.0 ], [ 109.737291823727418, -7.788486401418768, 0.0 ], [ 109.73729066524109, -7.788542257109099, 0.0 ], [ 109.737289506591196, -7.788598112798824, 0.0 ], [ 109.737289745440307, -7.788617188432258, 0.0 ], [ 109.737289360270992, -7.788635226840177, 0.0 ], [ 109.737289615654873, -7.788653972265084, 0.0 ], [ 109.737313015627393, -7.788667467965849, 0.0 ], [ 109.737326486178389, -7.788664593196486, 0.0 ], [ 109.737330736236956, -7.788654094767603, 0.0 ], [ 109.737331827320318, -7.788648818259257, 0.0 ], [ 109.737332296523149, -7.78860385367097, 0.0 ], [ 109.737334200835804, -7.788598245946545, 0.0 ], [ 109.737337913526744, -7.788587091677145, 0.0 ], [ 109.737337833374781, -7.788553382332049, 0.0 ], [ 109.737348653766816, -7.788542429859273, 0.0 ], [ 109.737363813732884, -7.788523422073629, 0.0 ], [ 109.737382924645971, -7.788521099881788, 0.0 ], [ 109.737391691390215, -7.788495365388875, 0.0 ], [ 109.737395123534725, -7.788486709145131, 0.0 ], [ 109.737398494369685, -7.788471339662144, 0.0 ], [ 109.737398494005134, -7.788446164006381, 0.0 ], [ 109.737404404907181, -7.78843087764861, 0.0 ], [ 109.737414102708186, -7.788405797819634, 0.0 ], [ 109.737439338450699, -7.788385827093614, 0.0 ], [ 109.737443666718022, -7.788375135454754, 0.0 ], [ 109.737445702201512, -7.788368845476369, 0.0 ], [ 109.73745474616976, -7.788334522665821, 0.0 ], [ 109.737460604218228, -7.788319326760331, 0.0 ], [ 109.737467246176564, -7.788291794166744, 0.0 ], [ 109.737467245862774, -7.788291037200245, 0.0 ], [ 109.737484919007841, -7.788252742288264, 0.0 ], [ 109.737495764521498, -7.78824644404168, 0.0 ], [ 109.737511424929792, -7.788207759839345, 0.0 ], [ 109.737517444709923, -7.78818633496739, 0.0 ], [ 109.7375194183969, -7.788175302772457, 0.0 ], [ 109.737528106243602, -7.788151950376351, 0.0 ], [ 109.737533167821965, -7.78813307118007, 0.0 ], [ 109.737552190548854, -7.788107060930022, 0.0 ], [ 109.737555617272207, -7.788099568366427, 0.0 ], [ 109.737556597024678, -7.78809617608424, 0.0 ], [ 109.737579183072555, -7.788040384203311, 0.0 ], [ 109.737584804493466, -7.78801679914658, 0.0 ], [ 109.737592858544645, -7.788000184644102, 0.0 ], [ 109.737598399644412, -7.787984582285142, 0.0 ], [ 109.737600755438223, -7.787976776358306, 0.0 ], [ 109.737608616532583, -7.787967677852503, 0.0 ], [ 109.737621153222861, -7.78794121510926, 0.0 ], [ 109.73762435512873, -7.787928800434319, 0.0 ], [ 109.73763456066979, -7.787903148618601, 0.0 ], [ 109.737635832719221, -7.787899916676328, 0.0 ], [ 109.737646688167231, -7.787873007793022, 0.0 ], [ 109.737649793618544, -7.787857897272363, 0.0 ], [ 109.737665042472898, -7.787828294712042, 0.0 ], [ 109.737670236305703, -7.787822381082876, 0.0 ], [ 109.737671966645479, -7.787817223920813, 0.0 ], [ 109.73767563777713, -7.787806732207177, 0.0 ], [ 109.737687143237011, -7.787783317452041, 0.0 ], [ 109.737692113179321, -7.787761424763703, 0.0 ], [ 109.737699746048776, -7.787739935481404, 0.0 ], [ 109.737709172735563, -7.787717793006776, 0.0 ], [ 109.737713962753816, -7.787705630675952, 0.0 ], [ 109.737715329785402, -7.787699544289325, 0.0 ], [ 109.737721468369571, -7.787688911602607, 0.0 ], [ 109.737741189116775, -7.787669462652707, 0.0 ], [ 109.737749598829552, -7.787646769103118, 0.0 ], [ 109.737756324035772, -7.78762862116573, 0.0 ], [ 109.737756863994633, -7.787614819304014, 0.0 ], [ 109.73776158584198, -7.787594054178005, 0.0 ], [ 109.73776535402385, -7.787581654571362, 0.0 ], [ 109.737777890151946, -7.787550888313628, 0.0 ], [ 109.737791097433202, -7.787551456639354, 0.0 ], [ 109.737808044513912, -7.78753833335805, 0.0 ], [ 109.737823282861029, -7.78752772201537, 0.0 ], [ 109.737826509359678, -7.787490080379563, 0.0 ], [ 109.737830939286539, -7.787479377329086, 0.0 ], [ 109.737833117313926, -7.787427836394893, 0.0 ], [ 109.737833395563555, -7.787426690529417, 0.0 ], [ 109.737833566255262, -7.787425986563549, 0.0 ], [ 109.737834278408641, -7.787424050677523, 0.0 ], [ 109.737836576127805, -7.787424407346411, 0.0 ], [ 109.737838645309139, -7.787426706160041, 0.0 ], [ 109.737839432674164, -7.78743187237083, 0.0 ], [ 109.737845443182024, -7.78747130947903, 0.0 ], [ 109.737849512861573, -7.787498012285336, 0.0 ], [ 109.737852816975874, -7.787519692032272, 0.0 ], [ 109.737860190798685, -7.787568074553189, 0.0 ], [ 109.737864196821292, -7.787594359704563, 0.0 ], [ 109.737872714034694, -7.787650244219619, 0.0 ], [ 109.737874938462426, -7.78766483957902, 0.0 ], [ 109.737879753383126, -7.787696431986959, 0.0 ], [ 109.737882312306482, -7.787713222080678, 0.0 ], [ 109.737889833483408, -7.787762571810778, 0.0 ], [ 109.737897059940764, -7.787809987142182, 0.0 ], [ 109.737899913703316, -7.78782871175158, 0.0 ], [ 109.737906782790176, -7.787873782280026, 0.0 ], [ 109.737911041365194, -7.78790172453759, 0.0 ], [ 109.737911807606451, -7.787906752178102, 0.0 ], [ 109.737919558537868, -7.787957609052714, 0.0 ], [ 109.737923817116808, -7.787985551310356, 0.0 ], [ 109.737927040171712, -7.788003036485408, 0.0 ], [ 109.737933080499573, -7.78803006736971, 0.0 ], [ 109.737935322705866, -7.788041444723352, 0.0 ], [ 109.737937246557067, -7.788048610833015, 0.0 ], [ 109.737944375077518, -7.78806565642971, 0.0 ], [ 109.737980271951329, -7.788041578552894, 0.0 ], [ 109.737991297867964, -7.788032450642514, 0.0 ], [ 109.738000496407068, -7.788028012972222, 0.0 ], [ 109.738056617727239, -7.787990369505732, 0.0 ], [ 109.738059267608747, -7.787988592083105, 0.0 ], [ 109.738063182406023, -7.787985966234662, 0.0 ], [ 109.738224981631689, -7.787877439051512, 0.0 ], [ 109.738226604990345, -7.787876350173446, 0.0 ], [ 109.738229003250837, -7.787874741538618, 0.0 ], [ 109.738281102914371, -7.787839795548527, 0.0 ], [ 109.738293539897882, -7.78783145337063, 0.0 ], [ 109.738311913644139, -7.7878191291608, 0.0 ], [ 109.738449466706385, -7.787726864985077, 0.0 ], [ 109.738460877162908, -7.787719211347621, 0.0 ], [ 109.738477734366242, -7.787707904345605, 0.0 ], [ 109.738505587951636, -7.787689221445715, 0.0 ], [ 109.738527812023818, -7.78767431449627, 0.0 ], [ 109.738561709187493, -7.787651577897253, 0.0 ], [ 109.738617830414, -7.787613934339689, 0.0 ], [ 109.738628214341503, -7.787606969243703, 0.0 ], [ 109.738643555006604, -7.787596679450897, 0.0 ], [ 109.738673951631156, -7.787576290773038, 0.0 ], [ 109.73869514917223, -7.787562072363256, 0.0 ], [ 109.73872646529459, -7.787541066973724, 0.0 ], [ 109.738730072838933, -7.787538647197291, 0.0 ], [ 109.738737630449592, -7.787533577870394, 0.0 ], [ 109.73876208397408, -7.787517175453565, 0.0 ], [ 109.738786194037601, -7.787501003524945, 0.0 ], [ 109.738809375565168, -7.787485454476731, 0.0 ], [ 109.738842315226364, -7.787463360018448, 0.0 ], [ 109.738862486234197, -7.787449830145977, 0.0 ], [ 109.738892285815339, -7.787429841959903, 0.0 ], [ 109.738898436406004, -7.787425716415375, 0.0 ], [ 109.73891132156912, -7.787417073581554, 0.0 ], [ 109.738929421005835, -7.787404933207248, 0.0 ], [ 109.738962888420815, -7.787382484767053, 0.0 ], [ 109.738996355742387, -7.78736003623273, 0.0 ], [ 109.739029823150759, -7.787337587782912, 0.0 ], [ 109.739063290462525, -7.787315139242089, 0.0 ], [ 109.739066799889628, -7.787312785273039, 0.0 ], [ 109.739122921031182, -7.787275141844088, 0.0 ], [ 109.73913022535578, -7.787270242423649, 0.0 ], [ 109.73916369265757, -7.787247793873131, 0.0 ], [ 109.73919716004923, -7.787225345410333, 0.0 ], [ 109.739230627347482, -7.787202896850121, 0.0 ], [ 109.739265381329659, -7.787179585387046, 0.0 ], [ 109.739291284402285, -7.787162210628164, 0.0 ], [ 109.739306836295029, -7.787151779076153, 0.0 ], [ 109.739348291585742, -7.787123972761327, 0.0 ], [ 109.739364496867552, -7.787113102953614, 0.0 ], [ 109.73939796414605, -7.787090654377177, 0.0 ], [ 109.739431587146271, -7.787068101500732, 0.0 ], [ 109.739459647688335, -7.787049279573241, 0.0 ], [ 109.739472656526473, -7.787040553784205, 0.0 ], [ 109.739498366182076, -7.787023308855935, 0.0 ], [ 109.739515768764932, -7.787011635870059, 0.0 ], [ 109.739555566609923, -7.786984941108487, 0.0 ], [ 109.739571889832021, -7.786973992219312, 0.0 ], [ 109.739598768213, -7.786955963321729, 0.0 ], [ 109.739628010890058, -7.786936348436361, 0.0 ], [ 109.739638476676035, -7.786929328412826, 0.0 ], [ 109.739665702847347, -7.786911066250357, 0.0 ], [ 109.73968413193856, -7.786898704705865, 0.0 ], [ 109.7397213867186, -7.7868737156973, 0.0 ], [ 109.739732637471505, -7.78686616916597, 0.0 ], [ 109.739740252977711, -7.7868610609663, 0.0 ], [ 109.739796374007497, -7.786823417217618, 0.0 ], [ 109.739800066448254, -7.786821768068704, 0.0 ], [ 109.739804607820048, -7.786818103886675, 0.0 ], [ 109.73983345858781, -7.786799244105173, 0.0 ], [ 109.739852493190114, -7.786786388441564, 0.0 ], [ 109.739870163745152, -7.786780044082766, 0.0 ], [ 109.73989589956777, -7.786762516044472, 0.0 ], [ 109.739903931928183, -7.786757897406078, 0.0 ], [ 109.739908596585721, -7.786754639752658, 0.0 ], [ 109.739917387476012, -7.786753814916489, 0.0 ], [ 109.739934634365625, -7.786762631174065, 0.0 ], [ 109.739949378719245, -7.786777791793644, 0.0 ], [ 109.739946096796317, -7.786800201254064, 0.0 ], [ 109.739951006514005, -7.786818539036521, 0.0 ], [ 109.739953476931831, -7.786829422026814, 0.0 ], [ 109.739951170103282, -7.786861317450929, 0.0 ], [ 109.739952964803848, -7.786874404058099, 0.0 ], [ 109.739946400078409, -7.786986102948131, 0.0 ], [ 109.739945313292182, -7.787004595191844, 0.0 ], [ 109.739944263047832, -7.7870224661385, 0.0 ], [ 109.73994311783882, -7.787041952392976, 0.0 ], [ 109.739939835460007, -7.787097801837174, 0.0 ], [ 109.739938362013774, -7.787122873173832, 0.0 ], [ 109.739938044288948, -7.787128279231577, 0.0 ], [ 109.739936553172683, -7.787153651281305, 0.0 ], [ 109.739935123567406, -7.787181375059355, 0.0 ], [ 109.739935098299199, -7.787181802055168, 0.0 ], [ 109.739933650311173, -7.787209501853004, 0.0 ], [ 109.739933782051338, -7.787236055302222, 0.0 ], [ 109.739933596105018, -7.787238984555132, 0.0 ], [ 109.739933922766596, -7.7872922226551, 0.0 ], [ 109.739933754717399, -7.787294520519556, 0.0 ], [ 109.739933960782963, -7.787321221175407, 0.0 ], [ 109.739934171362236, -7.787348498245889, 0.0 ], [ 109.739934048222509, -7.787349922755673, 0.0 ], [ 109.739934318870965, -7.787377081439359, 0.0 ], [ 109.739934596526751, -7.787404950991694, 0.0 ], [ 109.739934582146162, -7.787405086629345, 0.0 ], [ 109.73993531861133, -7.787460049707114, 0.0 ], [ 109.739935655304208, -7.78746203943935, 0.0 ], [ 109.739936666954577, -7.787514406161313, 0.0 ], [ 109.739938186078589, -7.787520604733384, 0.0 ], [ 109.739939671442556, -7.78756712070716, 0.0 ], [ 109.739948351518279, -7.787586829850297, 0.0 ], [ 109.739949414114875, -7.787600563106887, 0.0 ], [ 109.739950319187145, -7.787612257693596, 0.0 ], [ 109.739962025564736, -7.787617878379954, 0.0 ], [ 109.739988391478548, -7.787377242163283, 0.0 ], [ 109.739991526133082, -7.787348632056093, 0.0 ], [ 109.739994509664058, -7.787321401147558, 0.0 ], [ 109.740006746300892, -7.78720971911542, 0.0 ], [ 109.740007056395541, -7.78719751875497, 0.0 ], [ 109.740011301133435, -7.787161947325164, 0.0 ], [ 109.74001154283863, -7.787153874170037, 0.0 ], [ 109.740011674784313, -7.787146126192885, 0.0 ], [ 109.74001862701796, -7.787098991165444, 0.0 ], [ 109.74001866672053, -7.787097115006357, 0.0 ], [ 109.740019604517826, -7.787092363885081, 0.0 ], [ 109.740043456262796, -7.786874673007612, 0.0 ], [ 109.740046515358841, -7.786846752497679, 0.0 ], [ 109.740046695798455, -7.786845105645621, 0.0 ], [ 109.740049574438672, -7.786818831987554, 0.0 ], [ 109.74006792931425, -7.786651308925345, 0.0 ], [ 109.74006629666134, -7.786640666488303, 0.0 ], [ 109.740060377925715, -7.786612053084042, 0.0 ], [ 109.740058135582913, -7.786595420615768, 0.0 ], [ 109.740040898933259, -7.786539510186892, 0.0 ], [ 109.740023662025308, -7.786483599757126, 0.0 ], [ 109.740023833964116, -7.78648120332944, 0.0 ], [ 109.740021444945995, -7.786476408223511, 0.0 ], [ 109.740009986023821, -7.78643923905049, 0.0 ], [ 109.740006425314107, -7.786427689327786, 0.0 ], [ 109.740011819212853, -7.786417931027765, 0.0 ], [ 109.740021632605789, -7.786413599305546, 0.0 ], [ 109.740037240274575, -7.786412218947958, 0.0 ], [ 109.740057937962646, -7.786408175646423, 0.0 ], [ 109.740077661362065, -7.786406812136339, 0.0 ], [ 109.740098122378186, -7.786407553143273, 0.0 ], [ 109.740113722683176, -7.786408118087921, 0.0 ], [ 109.740133663781975, -7.786408840261411, 0.0 ], [ 109.740189666203193, -7.786410868502204, 0.0 ], [ 109.740245668626741, -7.786412896544661, 0.0 ], [ 109.740301671051455, -7.786414924770845, 0.0 ], [ 109.740357673478442, -7.78641695279539, 0.0 ], [ 109.740413675906566, -7.78641898100696, 0.0 ], [ 109.740469678337064, -7.786421009020183, 0.0 ], [ 109.74052568076867, -7.786423037213859, 0.0 ], [ 109.740581683202549, -7.786425065212418, 0.0 ], [ 109.740694279612029, -7.786429142990475, 0.0 ], [ 109.740749690513525, -7.786431149543086, 0.0 ], [ 109.740805692953771, -7.786433177703456, 0.0 ], [ 109.740838896868965, -7.786434380085407, 0.0 ] ] ] } }
]
}
