{
"type": "FeatureCollection",
"name": "slope",
"crs": { "type": "name", "properties": { "name": "urn:ogc:def:crs:OGC:1.3:CRS84" } },
"features": [
{ "type": "Feature", "properties": { "Id": 1, "gridcode": 7, "bobot": 15.0, "total": 1.05 }, "geometry": { "type": "Polygon", "coordinates": [ [ [ 109.733948394857009, -7.78487848785 ], [ 109.733394745854696, -7.784846596807645 ], [ 109.733611400745403, -7.784699876245398 ], [ 109.733903286319205, -7.784805278467165 ], [ 109.733948394857009, -7.78487848785 ] ] ] } },
{ "type": "Feature", "properties": { "Id": 2, "gridcode": 7, "bobot": 15.0, "total": 1.05 }, "geometry": { "type": "Polygon", "coordinates": [ [ [ 109.733948394857009, -7.78487848785 ], [ 109.734039845729086, -7.784904165094706 ], [ 109.733974072244777, -7.784969938757843 ], [ 109.733948394857009, -7.78487848785 ] ] ] } },
{ "type": "Feature", "properties": { "Id": 3, "gridcode": 7, "bobot": 15.0, "total": 1.05 }, "geometry": { "type": "Polygon", "coordinates": [ [ [ 109.73447344736401, -7.785103510353001 ], [ 109.734296874835564, -7.785006724462828 ], [ 109.734605135109021, -7.784851930502386 ], [ 109.734596904839563, -7.785001945504386 ], [ 109.73450000489045, -7.785055060163849 ], [ 109.73447344736401, -7.785103510353001 ] ] ] } },
{ "type": "Feature", "properties": { "Id": 4, "gridcode": 7, "bobot": 15.0, "total": 1.05 }, "geometry": { "type": "Polygon", "coordinates": [ [ [ 109.736273627388002, -7.785478547858001 ], [ 109.736022727205594, -7.785445945029243 ], [ 109.73622280252691, -7.785382054572448 ], [ 109.736273627388002, -7.785478547858001 ] ] ] } },
{ "type": "Feature", "properties": { "Id": 5, "gridcode": 5, "bobot": 15.0, "total": 0.75 }, "geometry": { "type": "Polygon", "coordinates": [ [ [ 109.734548454865006, -7.78562856286 ], [ 109.734548454865006, -7.785553555359001 ], [ 109.734623462366002, -7.785553555359001 ], [ 109.734623462366002, -7.78562856286 ], [ 109.734548454865006, -7.78562856286 ] ] ] } },
{ "type": "Feature", "properties": { "Id": 6, "gridcode": 7, "bobot": 15.0, "total": 1.05 }, "geometry": { "type": "Polygon", "coordinates": [ [ [ 109.739873987436013, -7.785928592864001 ], [ 109.739701493989799, -7.785898190024269 ], [ 109.739833232093858, -7.785833355049344 ], [ 109.739873987436013, -7.785928592864001 ] ] ] } },
{ "type": "Feature", "properties": { "Id": 7, "gridcode": 5, "bobot": 15.0, "total": 0.75 }, "geometry": { "type": "Polygon", "coordinates": [ [ [ 109.735598559879008, -7.786153615367001 ], [ 109.735573362046637, -7.786103805698368 ], [ 109.735348339543634, -7.786038866285661 ], [ 109.735428587818362, -7.785903395031633 ], [ 109.735839496983161, -7.785959393425697 ], [ 109.735919958139291, -7.78612414817534 ], [ 109.735598559879008, -7.786153615367001 ] ] ] } },
{ "type": "Feature", "properties": { "Id": 8, "gridcode": 5, "bobot": 15.0, "total": 0.75 }, "geometry": { "type": "Polygon", "coordinates": [ [ [ 109.737923792410001, -7.786453645371001 ], [ 109.737666094901726, -7.786411313018347 ], [ 109.737066034893729, -7.786337975806528 ], [ 109.737326015154395, -7.786195947719655 ], [ 109.737780059125981, -7.78626743123238 ], [ 109.737923792410001, -7.786453645371001 ] ] ] } },
{ "type": "Feature", "properties": { "Id": 9, "gridcode": 7, "bobot": 15.0, "total": 1.05 }, "geometry": { "type": "Polygon", "coordinates": [ [ [ 109.742799279975003, -7.786903690377001 ], [ 109.742626786528803, -7.786873287537269 ], [ 109.742758524632862, -7.786808452562344 ], [ 109.742799279975003, -7.786903690377001 ] ] ] } },
{ "type": "Feature", "properties": { "Id": 10, "gridcode": 5, "bobot": 15.0, "total": 0.75 }, "geometry": { "type": "Polygon", "coordinates": [ [ [ 109.739198919927006, -7.786978697878 ], [ 109.738926495833098, -7.786944623978706 ], [ 109.738490497565692, -7.786679801381597 ], [ 109.738855333931525, -7.78671898257455 ], [ 109.739165565074686, -7.786937045229321 ], [ 109.739198919927006, -7.786978697878 ] ] ] } },
{ "type": "Feature", "properties": { "Id": 11, "gridcode": 5, "bobot": 15.0, "total": 0.75 }, "geometry": { "type": "Polygon", "coordinates": [ [ [ 109.740099009939001, -7.787203720381001 ], [ 109.739919039319886, -7.787084051850944 ], [ 109.740244371307909, -7.787081932479301 ], [ 109.740128965556124, -7.787158669069384 ], [ 109.740099009939001, -7.787203720381001 ] ] ] } },
{ "type": "Feature", "properties": { "Id": 12, "gridcode": 5, "bobot": 15.0, "total": 0.75 }, "geometry": { "type": "Polygon", "coordinates": [ [ [ 109.741149114953004, -7.787428742884001 ], [ 109.741057664080927, -7.78740306549623 ], [ 109.741123437565236, -7.787337292011924 ], [ 109.741149114953004, -7.787428742884001 ] ] ] } },
{ "type": "Feature", "properties": { "Id": 13, "gridcode": 7, "bobot": 15.0, "total": 1.05 }, "geometry": { "type": "Polygon", "coordinates": [ [ [ 109.741974197464003, -7.787578757886001 ], [ 109.741906682014729, -7.787535535809285 ], [ 109.741984570281716, -7.787258379396278 ], [ 109.741719898046398, -7.787088940683654 ], [ 109.742138564792398, -7.787046332071608 ], [ 109.742227457654153, -7.78736264693016 ], [ 109.742032750148695, -7.787487295568688 ], [ 109.741974197464003, -7.787578757886001 ] ] ] } },
{ "type": "Feature", "properties": { "Id": 14, "gridcode": 5, "bobot": 15.0, "total": 0.75 }, "geometry": { "type": "Polygon", "coordinates": [ [ [ 109.742049204965014, -7.787953795391001 ], [ 109.741957754092937, -7.78792811800323 ], [ 109.742023527577231, -7.787862344518924 ], [ 109.742049204965014, -7.787953795391001 ] ] ] } },
{ "type": "Feature", "properties": { "Id": 15, "gridcode": 9, "bobot": 15.0, "total": 1.35 }, "geometry": { "type": "Polygon", "coordinates": [ [ [ 109.743174317480012, -7.787953795391001 ], [ 109.743025180327635, -7.787908893439718 ], [ 109.742716651091115, -7.787736754223576 ], [ 109.74219424014467, -7.787778730772445 ], [ 109.741820675641591, -7.787676492478969 ], [ 109.741414430410615, -7.7873884499294 ], [ 109.741183829499406, -7.787244013335601 ], [ 109.740881878984752, -7.787007539587494 ], [ 109.740734785951588, -7.78701935879695 ], [ 109.740432545872451, -7.786908367186708 ], [ 109.739875581757431, -7.786953119777656 ], [ 109.739272602069633, -7.78682159841776 ], [ 109.738879682527354, -7.78654300376774 ], [ 109.738158093566128, -7.786379071787525 ], [ 109.737889077863613, -7.786188329770335 ], [ 109.737696150092404, -7.78610224170682 ], [ 109.736698634222691, -7.7862003328189 ], [ 109.736032317741405, -7.785919720802906 ], [ 109.735245324404744, -7.785740930044588 ], [ 109.735057405641228, -7.785522811880421 ], [ 109.734623462366002, -7.785478547858001 ], [ 109.73446011938627, -7.785295733383775 ], [ 109.733247312325759, -7.784921226508546 ], [ 109.73322949495406, -7.784622290347245 ], [ 109.734746803100151, -7.784764685361242 ], [ 109.735140185602248, -7.785204961071149 ], [ 109.736114525440598, -7.78503181345815 ], [ 109.736976267615916, -7.78519265787126 ], [ 109.736784380216704, -7.785727445839372 ], [ 109.737415023040768, -7.785862184884405 ], [ 109.73773788343, -7.785500837813473 ], [ 109.739220360288272, -7.785616884498484 ], [ 109.74044394074977, -7.785879502385407 ], [ 109.740417085647167, -7.786330054129247 ], [ 109.741249992121752, -7.786676484265969 ], [ 109.742107638619231, -7.786984217343234 ], [ 109.742981199717875, -7.786348114569156 ], [ 109.743278488587777, -7.786613739477334 ], [ 109.743332142711296, -7.7875139397928 ], [ 109.743174317480012, -7.787953795391001 ] ], [ [ 109.742799279975003, -7.786903690377001 ], [ 109.742758524632862, -7.786808452562344 ], [ 109.742626786528803, -7.786873287537269 ], [ 109.742799279975003, -7.786903690377001 ] ], [ [ 109.733948394857009, -7.78487848785 ], [ 109.733974072244777, -7.784969938757843 ], [ 109.734039845729086, -7.784904165094706 ], [ 109.733948394857009, -7.78487848785 ], [ 109.733903286319205, -7.784805278467165 ], [ 109.733611400745403, -7.784699876245398 ], [ 109.733394745854696, -7.784846596807645 ], [ 109.733948394857009, -7.78487848785 ] ], [ [ 109.73447344736401, -7.785103510353001 ], [ 109.73450000489045, -7.785055060163849 ], [ 109.734596904839563, -7.785001945504386 ], [ 109.734605135109021, -7.784851930502386 ], [ 109.734296874835564, -7.785006724462828 ], [ 109.73447344736401, -7.785103510353001 ] ], [ [ 109.736273627388002, -7.785478547858001 ], [ 109.73622280252691, -7.785382054572448 ], [ 109.736022727205594, -7.785445945029243 ], [ 109.736273627388002, -7.785478547858001 ] ], [ [ 109.739873987436013, -7.785928592864001 ], [ 109.739833232093858, -7.785833355049344 ], [ 109.739701493989799, -7.785898190024269 ], [ 109.739873987436013, -7.785928592864001 ] ], [ [ 109.741974197464003, -7.787578757886001 ], [ 109.742032750148695, -7.787487295568688 ], [ 109.742227457654153, -7.78736264693016 ], [ 109.742138564792398, -7.787046332071608 ], [ 109.741719898046398, -7.787088940683654 ], [ 109.741984570281716, -7.787258379396278 ], [ 109.741906682014729, -7.787535535809285 ], [ 109.741974197464003, -7.787578757886001 ] ] ] } },
{ "type": "Feature", "properties": { "Id": 16, "gridcode": 5, "bobot": 15.0, "total": 0.75 }, "geometry": { "type": "Polygon", "coordinates": [ [ [ 109.742649264973011, -7.788028802892001 ], [ 109.742424242470008, -7.788028802892001 ], [ 109.742424242470008, -7.78787878789 ], [ 109.742649264973011, -7.78787878789 ], [ 109.742649264973011, -7.788028802892001 ] ] ] } },
{ "type": "Feature", "properties": { "Id": 17, "gridcode": 5, "bobot": 15.0, "total": 0.75 }, "geometry": { "type": "Polygon", "coordinates": [ [ [ 109.743999399991012, -7.788253825395 ], [ 109.743924392490015, -7.788253825395 ], [ 109.743924392490015, -7.788178817894001 ], [ 109.743999399991012, -7.788178817894001 ], [ 109.743999399991012, -7.788253825395 ] ] ] } },
{ "type": "Feature", "properties": { "Id": 18, "gridcode": 7, "bobot": 15.0, "total": 1.05 }, "geometry": { "type": "Polygon", "coordinates": [ [ [ 109.744074407492008, -7.788253825395 ], [ 109.743999399991012, -7.788253825395 ], [ 109.743999399991012, -7.788178817894001 ], [ 109.744074407492008, -7.788178817894001 ], [ 109.744074407492008, -7.788253825395 ] ] ] } },
{ "type": "Feature", "properties": { "Id": 19, "gridcode": 5, "bobot": 15.0, "total": 0.75 }, "geometry": { "type": "Polygon", "coordinates": [ [ [ 109.744074407492008, -7.788328832896001 ], [ 109.743999399991012, -7.788328832896001 ], [ 109.743999399991012, -7.788253825395 ], [ 109.744074407492008, -7.788253825395 ], [ 109.744074407492008, -7.788328832896001 ] ] ] } },
{ "type": "Feature", "properties": { "Id": 20, "gridcode": 5, "bobot": 15.0, "total": 0.75 }, "geometry": { "type": "Polygon", "coordinates": [ [ [ 109.735823582382011, -7.788403840397001 ], [ 109.735651088363539, -7.788373437557269 ], [ 109.735782827039856, -7.788308602582344 ], [ 109.735823582382011, -7.788403840397001 ] ] ] } },
{ "type": "Feature", "properties": { "Id": 21, "gridcode": 7, "bobot": 15.0, "total": 1.05 }, "geometry": { "type": "Polygon", "coordinates": [ [ [ 109.743999399991012, -7.788478847898 ], [ 109.74374951500107, -7.788389186488629 ], [ 109.742367707580485, -7.788131271806988 ], [ 109.741852204978713, -7.788161997116255 ], [ 109.741528371172123, -7.787799561102617 ], [ 109.741047822322187, -7.787651170751918 ], [ 109.740813690555569, -7.787389129490309 ], [ 109.740683130166332, -7.787272475063247 ], [ 109.739723972434007, -7.787329643446597 ], [ 109.739241220376059, -7.787300870408522 ], [ 109.738640582383624, -7.786974478591617 ], [ 109.737747965538702, -7.786564797071486 ], [ 109.736834074288439, -7.786493258764692 ], [ 109.736613270499561, -7.786339024476309 ], [ 109.735648988162666, -7.786210054974926 ], [ 109.735598559879008, -7.786153615367001 ], [ 109.735919958139291, -7.78612414817534 ], [ 109.735839496983161, -7.785959393425697 ], [ 109.735428587818362, -7.785903395031633 ], [ 109.735348339543634, -7.786038866285661 ], [ 109.735573362046637, -7.786103805698368 ], [ 109.735598559879008, -7.786153615367001 ], [ 109.735272718577974, -7.786113792239353 ], [ 109.734965824865725, -7.785886260511346 ], [ 109.734548454865006, -7.785853585363001 ], [ 109.734548454865006, -7.78562856286 ], [ 109.734623462366002, -7.78562856286 ], [ 109.734623462366002, -7.785553555359001 ], [ 109.734623462366002, -7.785478547858001 ], [ 109.735057405641228, -7.785522811880421 ], [ 109.735245324404744, -7.785740930044588 ], [ 109.736032317741405, -7.785919720802906 ], [ 109.736698634222691, -7.7862003328189 ], [ 109.737696150092404, -7.78610224170682 ], [ 109.737889077863613, -7.786188329770335 ], [ 109.738158093566128, -7.786379071787525 ], [ 109.738879682527354, -7.78654300376774 ], [ 109.739272602069633, -7.78682159841776 ], [ 109.739875581757431, -7.786953119777656 ], [ 109.740432545872451, -7.786908367186708 ], [ 109.740734785951588, -7.78701935879695 ], [ 109.740881878984752, -7.787007539587494 ], [ 109.741183829499406, -7.787244013335601 ], [ 109.741414430410615, -7.7873884499294 ], [ 109.741820675641591, -7.787676492478969 ], [ 109.74219424014467, -7.787778730772445 ], [ 109.742716651091115, -7.787736754223576 ], [ 109.743025180327635, -7.787908893439718 ], [ 109.743174317480012, -7.787953795391001 ], [ 109.743262346226416, -7.788067840590304 ], [ 109.743924392490015, -7.788178817894001 ], [ 109.743924392490015, -7.788253825395 ], [ 109.743999399991012, -7.788253825395 ], [ 109.743999399991012, -7.788328832896001 ], [ 109.744074407492008, -7.788328832896001 ], [ 109.743999399991012, -7.788478847898 ] ], [ [ 109.737923792410001, -7.786453645371001 ], [ 109.737780059125981, -7.78626743123238 ], [ 109.737326015154395, -7.786195947719655 ], [ 109.737066034893729, -7.786337975806528 ], [ 109.737666094901726, -7.786411313018347 ], [ 109.737923792410001, -7.786453645371001 ] ], [ [ 109.739198919927006, -7.786978697878 ], [ 109.739165565074686, -7.786937045229321 ], [ 109.738855333931525, -7.78671898257455 ], [ 109.738490497565692, -7.786679801381597 ], [ 109.738926495833098, -7.786944623978706 ], [ 109.739198919927006, -7.786978697878 ] ], [ [ 109.740099009939001, -7.787203720381001 ], [ 109.740128965556124, -7.787158669069384 ], [ 109.740244371307909, -7.787081932479301 ], [ 109.739919039319886, -7.787084051850944 ], [ 109.740099009939001, -7.787203720381001 ] ], [ [ 109.741149114953004, -7.787428742884001 ], [ 109.741123437565236, -7.787337292011924 ], [ 109.741057664080927, -7.78740306549623 ], [ 109.741149114953004, -7.787428742884001 ] ], [ [ 109.742049204965014, -7.787953795391001 ], [ 109.742023527577231, -7.787862344518924 ], [ 109.741957754092937, -7.78792811800323 ], [ 109.742049204965014, -7.787953795391001 ] ], [ [ 109.742649264973011, -7.788028802892001 ], [ 109.742649264973011, -7.78787878789 ], [ 109.742424242470008, -7.78787878789 ], [ 109.742424242470008, -7.788028802892001 ], [ 109.742649264973011, -7.788028802892001 ] ] ] } },
{ "type": "Feature", "properties": { "Id": 22, "gridcode": 7, "bobot": 15.0, "total": 1.05 }, "geometry": { "type": "Polygon", "coordinates": [ [ [ 109.740249024941008, -7.788553855399001 ], [ 109.740157574068931, -7.78852817801123 ], [ 109.74022334755324, -7.788462404526924 ], [ 109.740249024941008, -7.788553855399001 ] ] ] } },
{ "type": "Feature", "properties": { "Id": 23, "gridcode": 7, "bobot": 15.0, "total": 1.05 }, "geometry": { "type": "Polygon", "coordinates": [ [ [ 109.738898889923007, -7.788703870401001 ], [ 109.738647989740599, -7.788671267500709 ], [ 109.738848065061902, -7.788607377043916 ], [ 109.738898889923007, -7.788703870401001 ] ] ] } },
{ "type": "Feature", "properties": { "Id": 24, "gridcode": 7, "bobot": 15.0, "total": 1.05 }, "geometry": { "type": "Polygon", "coordinates": [ [ [ 109.733873387355999, -7.788703870401001 ], [ 109.733873387355999, -7.788478847898 ], [ 109.733948394857009, -7.788478847898 ], [ 109.733979030893423, -7.788523219648709 ], [ 109.734204053396425, -7.788678583581921 ], [ 109.734063315903015, -7.788750520898268 ], [ 109.733873387355999, -7.788703870401001 ] ] ] } },
{ "type": "Feature", "properties": { "Id": 25, "gridcode": 7, "bobot": 15.0, "total": 1.05 }, "geometry": { "type": "Polygon", "coordinates": [ [ [ 109.733948394857009, -7.788328832896001 ], [ 109.734009666357593, -7.788090074678716 ], [ 109.734098409859001, -7.78787878789 ], [ 109.734412550122656, -7.787944512445921 ], [ 109.734554038995824, -7.787791807527246 ], [ 109.735034573539224, -7.787917721436653 ], [ 109.735337463707793, -7.787989869345348 ], [ 109.735889644286274, -7.788282055642741 ], [ 109.7361611161365, -7.788292815595573 ], [ 109.736376915495782, -7.788284262284311 ], [ 109.736608301550206, -7.788406699989305 ], [ 109.736984768565222, -7.788584370402049 ], [ 109.736787379440884, -7.788812615883608 ], [ 109.735937523715791, -7.788589929353349 ], [ 109.735535425093943, -7.788513161002735 ], [ 109.734851771368625, -7.7882735432482 ], [ 109.733948394857009, -7.788328832896001 ] ], [ [ 109.735823582382011, -7.788403840397001 ], [ 109.735782827039856, -7.788308602582344 ], [ 109.735651088363539, -7.788373437557269 ], [ 109.735823582382011, -7.788403840397001 ] ] ] } },
{ "type": "Feature", "properties": { "Id": 26, "gridcode": 5, "bobot": 15.0, "total": 0.75 }, "geometry": { "type": "Polygon", "coordinates": [ [ [ 109.736573657392, -7.789078907906001 ], [ 109.736258650151711, -7.789050026710442 ], [ 109.73618718609589, -7.788903695071633 ], [ 109.736514138157105, -7.788961253165281 ], [ 109.736573657392, -7.789078907906001 ] ] ] } },
{ "type": "Feature", "properties": { "Id": 27, "gridcode": 7, "bobot": 15.0, "total": 1.05 }, "geometry": { "type": "Polygon", "coordinates": [ [ [ 109.736348634889012, -7.78937893791 ], [ 109.736090937380723, -7.789335161597714 ], [ 109.736210746114921, -7.789200295510558 ], [ 109.736348634889012, -7.78937893791 ] ] ] } },
{ "type": "Feature", "properties": { "Id": 28, "gridcode": 7, "bobot": 15.0, "total": 1.05 }, "geometry": { "type": "Polygon", "coordinates": [ [ [ 109.735523552377998, -7.789528952912001 ], [ 109.735348339543634, -7.789493581409034 ], [ 109.735427129122996, -7.789353740077633 ], [ 109.735583806969345, -7.789407735269203 ], [ 109.735523552377998, -7.789528952912001 ] ] ] } },
{ "type": "Feature", "properties": { "Id": 29, "gridcode": 7, "bobot": 15.0, "total": 1.05 }, "geometry": { "type": "Polygon", "coordinates": [ [ [ 109.738748874921001, -7.789528952912001 ], [ 109.738168503580852, -7.789375630808955 ], [ 109.738196148977011, -7.789031573841992 ], [ 109.73732517736309, -7.789101557456493 ], [ 109.737063995352599, -7.789023423403051 ], [ 109.737264375689463, -7.788850786605257 ], [ 109.738355974835628, -7.788684446690376 ], [ 109.738323091527036, -7.78909369972947 ], [ 109.738799200769805, -7.78939190994089 ], [ 109.738748874921001, -7.789528952912001 ] ] ] } },
{ "type": "Feature", "properties": { "Id": 30, "gridcode": 7, "bobot": 15.0, "total": 1.05 }, "geometry": { "type": "Polygon", "coordinates": [ [ [ 109.739573957432, -7.789678967914001 ], [ 109.739089197879608, -7.789629520487098 ], [ 109.739303982618679, -7.789420053777095 ], [ 109.739758686980409, -7.78938351772133 ], [ 109.739689257887605, -7.789569245866601 ], [ 109.739608671978402, -7.7896386749594 ], [ 109.739573957432, -7.789678967914001 ] ] ] } },
{ "type": "Feature", "properties": { "Id": 31, "gridcode": 7, "bobot": 15.0, "total": 1.05 }, "geometry": { "type": "Polygon", "coordinates": [ [ [ 109.733573357352, -7.789753975415 ], [ 109.733573357352, -7.789603960413 ], [ 109.734129528884395, -7.789642511402628 ], [ 109.73434879271673, -7.789824645743683 ], [ 109.733910891106504, -7.789780011038669 ], [ 109.733699885012214, -7.789801518354572 ], [ 109.733573357352, -7.789753975415 ] ] ] } },
{ "type": "Feature", "properties": { "Id": 32, "gridcode": 7, "bobot": 15.0, "total": 1.05 }, "geometry": { "type": "Polygon", "coordinates": [ [ [ 109.736573657392, -7.789828982916001 ], [ 109.736452895841879, -7.789795355094793 ], [ 109.736558131356617, -7.789527661889339 ], [ 109.73653004417433, -7.789337594282702 ], [ 109.736720936982522, -7.789190249740476 ], [ 109.736093508553068, -7.789113567515265 ], [ 109.735865914877721, -7.788937894582396 ], [ 109.736184953702534, -7.78882121039772 ], [ 109.736747022965218, -7.788906426763421 ], [ 109.736928555859109, -7.789207372672461 ], [ 109.736841012390727, -7.78942127040572 ], [ 109.736681339898283, -7.789636635418281 ], [ 109.736573657392, -7.789828982916001 ] ], [ [ 109.736573657392, -7.789078907906001 ], [ 109.736514138157105, -7.788961253165281 ], [ 109.73618718609589, -7.788903695071633 ], [ 109.736258650151711, -7.789050026710442 ], [ 109.736573657392, -7.789078907906001 ] ] ] } },
{ "type": "Feature", "properties": { "Id": 33, "gridcode": 7, "bobot": 15.0, "total": 1.05 }, "geometry": { "type": "Polygon", "coordinates": [ [ [ 109.738598859919009, -7.789828982916001 ], [ 109.738347959736601, -7.78979638001571 ], [ 109.738548035057903, -7.789732489845046 ], [ 109.738598859919009, -7.789828982916001 ] ] ] } },
{ "type": "Feature", "properties": { "Id": 34, "gridcode": 7, "bobot": 15.0, "total": 1.05 }, "geometry": { "type": "Polygon", "coordinates": [ [ [ 109.740549054945006, -7.789828982916001 ], [ 109.73984380062511, -7.789770035942921 ], [ 109.739822234366244, -7.789501634277336 ], [ 109.740131798252122, -7.789476760917419 ], [ 109.740689777559609, -7.789603523204971 ], [ 109.740549054945006, -7.789828982916001 ] ] ] } },
{ "type": "Feature", "properties": { "Id": 35, "gridcode": 7, "bobot": 15.0, "total": 1.05 }, "geometry": { "type": "Polygon", "coordinates": [ [ [ 109.743249324981008, -7.790054005419001 ], [ 109.743138923086562, -7.789955362360397 ], [ 109.74342239641166, -7.789891378338795 ], [ 109.743284719374444, -7.79001439231144 ], [ 109.743249324981008, -7.790054005419001 ] ] ] } },
{ "type": "Feature", "properties": { "Id": 36, "gridcode": 7, "bobot": 15.0, "total": 1.05 }, "geometry": { "type": "Polygon", "coordinates": [ [ [ 109.737698769907013, -7.79012901292 ], [ 109.737214010354606, -7.790079565493099 ], [ 109.737429638035337, -7.789869275870601 ], [ 109.737872781563823, -7.789968708650514 ], [ 109.7377334844534, -7.7900887199654 ], [ 109.737698769907013, -7.79012901292 ] ] ] } },
{ "type": "Feature", "properties": { "Id": 37, "gridcode": 7, "bobot": 15.0, "total": 1.05 }, "geometry": { "type": "Polygon", "coordinates": [ [ [ 109.739873987436013, -7.790354035423 ], [ 109.739782536563936, -7.79032835803523 ], [ 109.739848310048231, -7.790262584550924 ], [ 109.739873987436013, -7.790354035423 ] ] ] } },
{ "type": "Feature", "properties": { "Id": 38, "gridcode": 7, "bobot": 15.0, "total": 1.05 }, "geometry": { "type": "Polygon", "coordinates": [ [ [ 109.741599159959009, -7.790429042924001 ], [ 109.741442998865082, -7.790383217342145 ], [ 109.741565125259655, -7.790169985721641 ], [ 109.741695246151806, -7.789869955717641 ], [ 109.742015170265645, -7.78993802511636 ], [ 109.74237023354415, -7.790037297662964 ], [ 109.742908322175367, -7.78998245094581 ], [ 109.742781111806806, -7.790192745718664 ], [ 109.741694195479113, -7.79031463348005 ], [ 109.741599159959009, -7.790429042924001 ] ] ] } },
{ "type": "Feature", "properties": { "Id": 39, "gridcode": 7, "bobot": 15.0, "total": 1.05 }, "geometry": { "type": "Polygon", "coordinates": [ [ [ 109.733423342350008, -7.790354035423 ], [ 109.733423342350008, -7.790204020421001 ], [ 109.733498349851004, -7.790204020421001 ], [ 109.734056077363292, -7.790347915655119 ], [ 109.733855829218911, -7.790524055553631 ], [ 109.733423342350008, -7.790354035423 ] ] ] } },
{ "type": "Feature", "properties": { "Id": 40, "gridcode": 7, "bobot": 15.0, "total": 1.05 }, "geometry": { "type": "Polygon", "coordinates": [ [ [ 109.742049204965014, -7.790579057926001 ], [ 109.741806488126599, -7.790548451647192 ], [ 109.742021798202018, -7.79044329968267 ], [ 109.742049204965014, -7.790579057926001 ] ] ] } },
{ "type": "Feature", "properties": { "Id": 41, "gridcode": 5, "bobot": 15.0, "total": 0.75 }, "geometry": { "type": "Polygon", "coordinates": [ [ [ 109.734773477368009, -7.790729072928 ], [ 109.734440772358724, -7.790595069239404 ], [ 109.734738343925954, -7.79047137541972 ], [ 109.73481802680601, -7.790615750209243 ], [ 109.734773477368009, -7.790729072928 ] ] ] } },
{ "type": "Feature", "properties": { "Id": 42, "gridcode": 7, "bobot": 15.0, "total": 1.05 }, "geometry": { "type": "Polygon", "coordinates": [ [ [ 109.743549354985007, -7.790729072928 ], [ 109.742993344258181, -7.790688882408266 ], [ 109.742980309278494, -7.790470175386688 ], [ 109.743549354985007, -7.790429042924001 ], [ 109.743549354985007, -7.790729072928 ] ] ] } },
{ "type": "Feature", "properties": { "Id": 43, "gridcode": 7, "bobot": 15.0, "total": 1.05 }, "geometry": { "type": "Polygon", "coordinates": [ [ [ 109.737548754905006, -7.790804080429001 ], [ 109.737376260886535, -7.790773677875399 ], [ 109.737507999562851, -7.790708842328213 ], [ 109.737548754905006, -7.790804080429001 ] ] ] } },
{ "type": "Feature", "properties": { "Id": 44, "gridcode": 7, "bobot": 15.0, "total": 1.05 }, "geometry": { "type": "Polygon", "coordinates": [ [ [ 109.737773777408009, -7.790879087930001 ], [ 109.737682326535932, -7.79085341054223 ], [ 109.737748100020241, -7.790787637057925 ], [ 109.737773777408009, -7.790879087930001 ] ] ] } },
{ "type": "Feature", "properties": { "Id": 45, "gridcode": 7, "bobot": 15.0, "total": 1.05 }, "geometry": { "type": "Polygon", "coordinates": [ [ [ 109.738523852418012, -7.790879087930001 ], [ 109.738319426762359, -7.790846869589651 ], [ 109.738055488738951, -7.790664636819563 ], [ 109.73801408273512, -7.790479935884255 ], [ 109.738114661183189, -7.790457388196367 ], [ 109.73825445787817, -7.790548421889578 ], [ 109.738854517886168, -7.790616661822319 ], [ 109.738744372365019, -7.790763666154895 ], [ 109.738554487882169, -7.790834716465423 ], [ 109.738523852418012, -7.790879087930001 ] ] ] } },
{ "type": "Feature", "properties": { "Id": 46, "gridcode": 7, "bobot": 15.0, "total": 1.05 }, "geometry": { "type": "Polygon", "coordinates": [ [ [ 109.735373537376006, -7.790954095431001 ], [ 109.735035253386258, -7.790917341915744 ], [ 109.734811731353744, -7.790840833944257 ], [ 109.734211671345747, -7.790646112704517 ], [ 109.734389650493739, -7.790209523862904 ], [ 109.734511701349746, -7.790092259404744 ], [ 109.734630830809166, -7.789725144864613 ], [ 109.735470819023746, -7.789940417743021 ], [ 109.735636063629499, -7.789943790081915 ], [ 109.735858171030799, -7.789939257768316 ], [ 109.736235373402266, -7.790092259404744 ], [ 109.736698361253801, -7.79018264300853 ], [ 109.737052546110419, -7.790522938498563 ], [ 109.736536903876754, -7.790390788938257 ], [ 109.73608535840026, -7.790317281907744 ], [ 109.735352932516989, -7.790167266905744 ], [ 109.734587912317352, -7.790258304032526 ], [ 109.734585178050381, -7.790392283113864 ], [ 109.735150014771236, -7.790502550526776 ], [ 109.735297029976778, -7.790655565325226 ], [ 109.73543149776971, -7.790784760297766 ], [ 109.735373537376006, -7.790954095431001 ] ], [ [ 109.734773477368009, -7.790729072928 ], [ 109.73481802680601, -7.790615750209243 ], [ 109.734738343925954, -7.79047137541972 ], [ 109.734440772358724, -7.790595069239404 ], [ 109.734773477368009, -7.790729072928 ] ] ] } },
{ "type": "Feature", "properties": { "Id": 47, "gridcode": 7, "bobot": 15.0, "total": 1.05 }, "geometry": { "type": "Polygon", "coordinates": [ [ [ 109.739573957432, -7.791254125435001 ], [ 109.739098714593638, -7.791225938679158 ], [ 109.739214511772502, -7.791003905099633 ], [ 109.739548759599643, -7.791054300764368 ], [ 109.739573957432, -7.791254125435001 ] ] ] } },
{ "type": "Feature", "properties": { "Id": 48, "gridcode": 7, "bobot": 15.0, "total": 1.05 }, "geometry": { "type": "Polygon", "coordinates": [ [ [ 109.733198319847006, -7.791404140437001 ], [ 109.733198319847006, -7.791329132936001 ], [ 109.733273327348002, -7.791329132936001 ], [ 109.733273327348002, -7.791404140437001 ], [ 109.733198319847006, -7.791404140437001 ] ] ] } },
{ "type": "Feature", "properties": { "Id": 49, "gridcode": 5, "bobot": 15.0, "total": 0.75 }, "geometry": { "type": "Polygon", "coordinates": [ [ [ 109.737098709899001, -7.791404140437001 ], [ 109.736847809716593, -7.791371537536709 ], [ 109.73704788503791, -7.791307647366047 ], [ 109.737098709899001, -7.791404140437001 ] ] ] } },
{ "type": "Feature", "properties": { "Id": 50, "gridcode": 7, "bobot": 15.0, "total": 1.05 }, "geometry": { "type": "Polygon", "coordinates": [ [ [ 109.741749174961001, -7.791404140437001 ], [ 109.741339422909604, -7.791118845602551 ], [ 109.74167217369984, -7.791148389763425 ], [ 109.741749174961001, -7.791404140437001 ] ] ] } },
{ "type": "Feature", "properties": { "Id": 51, "gridcode": 7, "bobot": 15.0, "total": 1.05 }, "geometry": { "type": "Polygon", "coordinates": [ [ [ 109.742574257472015, -7.791404140437001 ], [ 109.742249029635644, -7.791241049824722 ], [ 109.74230432157249, -7.79111845188642 ], [ 109.742540726363046, -7.791238044877916 ], [ 109.742574257472015, -7.791404140437001 ] ] ] } },
{ "type": "Feature", "properties": { "Id": 52, "gridcode": 7, "bobot": 15.0, "total": 1.05 }, "geometry": { "type": "Polygon", "coordinates": [ [ [ 109.734923492370001, -7.791479147938 ], [ 109.734821247495518, -7.791420851626608 ], [ 109.734926287868987, -7.791151880560514 ], [ 109.735057619094889, -7.791211507952895 ], [ 109.734950729743488, -7.791356370309487 ], [ 109.734923492370001, -7.791479147938 ] ] ] } },
{ "type": "Feature", "properties": { "Id": 53, "gridcode": 9, "bobot": 15.0, "total": 1.35 }, "geometry": { "type": "Polygon", "coordinates": [ [ [ 109.737848784909005, -7.791554155439001 ], [ 109.737548754905006, -7.791554155439001 ], [ 109.737548754905006, -7.791404140437001 ], [ 109.737848784909005, -7.791404140437001 ], [ 109.737848784909005, -7.791554155439001 ] ] ] } },
{ "type": "Feature", "properties": { "Id": 54, "gridcode": 5, "bobot": 15.0, "total": 0.75 }, "geometry": { "type": "Polygon", "coordinates": [ [ [ 109.739048904925014, -7.791629162940001 ], [ 109.738876411478799, -7.7915987603864 ], [ 109.739008149582858, -7.791533924839213 ], [ 109.739048904925014, -7.791629162940001 ] ] ] } },
{ "type": "Feature", "properties": { "Id": 55, "gridcode": 5, "bobot": 15.0, "total": 0.75 }, "geometry": { "type": "Polygon", "coordinates": [ [ [ 109.741524152458013, -7.791629162940001 ], [ 109.741351659011798, -7.7915987603864 ], [ 109.741483397115857, -7.791533924839213 ], [ 109.741524152458013, -7.791629162940001 ] ] ] } },
{ "type": "Feature", "properties": { "Id": 56, "gridcode": 7, "bobot": 15.0, "total": 1.05 }, "geometry": { "type": "Polygon", "coordinates": [ [ [ 109.734248424861008, -7.791779177942001 ], [ 109.734141422201759, -7.791699582045744 ], [ 109.73434827481978, -7.791530777399214 ], [ 109.734248424861008, -7.791779177942001 ] ] ] } },
{ "type": "Feature", "properties": { "Id": 57, "gridcode": 7, "bobot": 15.0, "total": 1.05 }, "geometry": { "type": "Polygon", "coordinates": [ [ [ 109.739423942430008, -7.791779177942001 ], [ 109.73877557780196, -7.79171542053608 ], [ 109.737732592297235, -7.791799225990268 ], [ 109.737364025356612, -7.7916638774864 ], [ 109.736779085078098, -7.791530989136087 ], [ 109.736613950346609, -7.7914388549834 ], [ 109.736070828100438, -7.791356092762506 ], [ 109.735788867835609, -7.79107792945483 ], [ 109.73619986684551, -7.790994388385601 ], [ 109.736608371938402, -7.791144403387602 ], [ 109.73793164555893, -7.79121613984005 ], [ 109.738054477552325, -7.791491412653283 ], [ 109.738823882422011, -7.791429590064568 ], [ 109.739061786538528, -7.791448705898333 ], [ 109.739487844618168, -7.791605166857451 ], [ 109.739423942430008, -7.791779177942001 ] ], [ [ 109.737098709899001, -7.791404140437001 ], [ 109.73704788503791, -7.791307647366047 ], [ 109.736847809716593, -7.791371537536709 ], [ 109.737098709899001, -7.791404140437001 ] ], [ [ 109.737848784909005, -7.791554155439001 ], [ 109.737848784909005, -7.791404140437001 ], [ 109.737548754905006, -7.791404140437001 ], [ 109.737548754905006, -7.791554155439001 ], [ 109.737848784909005, -7.791554155439001 ] ], [ [ 109.739048904925014, -7.791629162940001 ], [ 109.739008149582858, -7.791533924839213 ], [ 109.738876411478799, -7.7915987603864 ], [ 109.739048904925014, -7.791629162940001 ] ] ] } },
{ "type": "Feature", "properties": { "Id": 58, "gridcode": 7, "bobot": 15.0, "total": 1.05 }, "geometry": { "type": "Polygon", "coordinates": [ [ [ 109.743249324981008, -7.791779177942001 ], [ 109.743249324981008, -7.791704170441001 ], [ 109.743324332482004, -7.791704170441001 ], [ 109.743324332482004, -7.791779177942001 ], [ 109.743249324981008, -7.791779177942001 ] ] ] } },
{ "type": "Feature", "properties": { "Id": 59, "gridcode": 7, "bobot": 15.0, "total": 1.05 }, "geometry": { "type": "Polygon", "coordinates": [ [ [ 109.73747374740401, -7.792079207946001 ], [ 109.737499424791778, -7.791987757073924 ], [ 109.737565198276087, -7.79205353055823 ], [ 109.73747374740401, -7.792079207946001 ] ] ] } },
{ "type": "Feature", "properties": { "Id": 60, "gridcode": 7, "bobot": 15.0, "total": 1.05 }, "geometry": { "type": "Polygon", "coordinates": [ [ [ 109.733573357352, -7.792154215447001 ], [ 109.733389987497688, -7.792101787108289 ], [ 109.733522019744314, -7.791974659717697 ], [ 109.733573357352, -7.792154215447001 ] ] ] } },
{ "type": "Feature", "properties": { "Id": 61, "gridcode": 7, "bobot": 15.0, "total": 1.05 }, "geometry": { "type": "Polygon", "coordinates": [ [ [ 109.743249324981008, -7.791779177942001 ], [ 109.743249324981008, -7.792079207946001 ], [ 109.743116952810851, -7.792126704532365 ], [ 109.742400996050435, -7.792084031540864 ], [ 109.741678862295956, -7.791766188743257 ], [ 109.740392339901646, -7.791665480964014 ], [ 109.740211634498351, -7.791271757966134 ], [ 109.739909878552709, -7.791002141960973 ], [ 109.739887267343747, -7.790618671033561 ], [ 109.740397665370125, -7.790975191290657 ], [ 109.740570448380808, -7.791351654299845 ], [ 109.741614187554347, -7.791460421814532 ], [ 109.741859576855447, -7.791593768546561 ], [ 109.742940269263613, -7.791845208944125 ], [ 109.743249324981008, -7.791779177942001 ] ], [ [ 109.741524152458013, -7.791629162940001 ], [ 109.741483397115857, -7.791533924839213 ], [ 109.741351659011798, -7.7915987603864 ], [ 109.741524152458013, -7.791629162940001 ] ] ] } },
{ "type": "Feature", "properties": { "Id": 62, "gridcode": 7, "bobot": 15.0, "total": 1.05 }, "geometry": { "type": "Polygon", "coordinates": [ [ [ 109.734698469866998, -7.792304230449001 ], [ 109.734548678619376, -7.792264712336902 ], [ 109.734679905693625, -7.7916101495411 ], [ 109.73487462807789, -7.791571671228724 ], [ 109.734917669606006, -7.791789487810912 ], [ 109.734729785750474, -7.792035516328463 ], [ 109.734698469866998, -7.792304230449001 ] ] ] } },
{ "type": "Feature", "properties": { "Id": 63, "gridcode": 7, "bobot": 15.0, "total": 1.05 }, "geometry": { "type": "Polygon", "coordinates": [ [ [ 109.743174317480012, -7.792304230449001 ], [ 109.743174317480012, -7.792229222948 ], [ 109.743249324981008, -7.792229222948 ], [ 109.743249324981008, -7.792304230449001 ], [ 109.743174317480012, -7.792304230449001 ] ] ] } },
{ "type": "Feature", "properties": { "Id": 64, "gridcode": 7, "bobot": 15.0, "total": 1.05 }, "geometry": { "type": "Polygon", "coordinates": [ [ [ 109.73447344736401, -7.792529252952001 ], [ 109.734365764857728, -7.792446135928778 ], [ 109.73454250906471, -7.792353578302347 ], [ 109.73447344736401, -7.792529252952001 ] ] ] } },
{ "type": "Feature", "properties": { "Id": 65, "gridcode": 7, "bobot": 15.0, "total": 1.05 }, "geometry": { "type": "Polygon", "coordinates": [ [ [ 109.738973897424003, -7.792529252952001 ], [ 109.738492925100317, -7.7924924416383 ], [ 109.738455013899397, -7.79227223529076 ], [ 109.738928608623738, -7.792362196565325 ], [ 109.738973897424003, -7.792529252952001 ] ] ] } },
{ "type": "Feature", "properties": { "Id": 66, "gridcode": 7, "bobot": 15.0, "total": 1.05 }, "geometry": { "type": "Polygon", "coordinates": [ [ [ 109.733273327348002, -7.792604260453 ], [ 109.733315029497334, -7.792427197496176 ], [ 109.73377584418462, -7.792275633953697 ], [ 109.734042494729039, -7.792436627226412 ], [ 109.733619768357698, -7.792575663957697 ], [ 109.733273327348002, -7.792604260453 ] ] ] } },
{ "type": "Feature", "properties": { "Id": 67, "gridcode": 5, "bobot": 15.0, "total": 0.75 }, "geometry": { "type": "Polygon", "coordinates": [ [ [ 109.737923792410001, -7.792679267954001 ], [ 109.73775129839153, -7.792648865400399 ], [ 109.73788303706786, -7.792584029853213 ], [ 109.737923792410001, -7.792679267954001 ] ] ] } },
{ "type": "Feature", "properties": { "Id": 68, "gridcode": 7, "bobot": 15.0, "total": 1.05 }, "geometry": { "type": "Polygon", "coordinates": [ [ [ 109.739348934929012, -7.792679267954001 ], [ 109.739251448983794, -7.792637550067473 ], [ 109.739318891183572, -7.792508811187602 ], [ 109.739348934929012, -7.792679267954001 ] ] ] } },
{ "type": "Feature", "properties": { "Id": 69, "gridcode": 7, "bobot": 15.0, "total": 1.05 }, "geometry": { "type": "Polygon", "coordinates": [ [ [ 109.732898289843007, -7.792754275455001 ], [ 109.733003933094295, -7.792334866485423 ], [ 109.733048304844999, -7.792304230449001 ], [ 109.733173413295901, -7.792553715427932 ], [ 109.733273327348002, -7.792604260453 ], [ 109.733211987176006, -7.792725514148293 ], [ 109.732898289843007, -7.792754275455001 ] ] ] } },
{ "type": "Feature", "properties": { "Id": 70, "gridcode": 5, "bobot": 15.0, "total": 0.75 }, "geometry": { "type": "Polygon", "coordinates": [ [ [ 109.734023402358005, -7.792829282956 ], [ 109.733767743818575, -7.792763674283099 ], [ 109.733898735120974, -7.792648720045897 ], [ 109.734023402358005, -7.792829282956 ] ] ] } },
{ "type": "Feature", "properties": { "Id": 71, "gridcode": 7, "bobot": 15.0, "total": 1.05 }, "geometry": { "type": "Polygon", "coordinates": [ [ [ 109.73747374740401, -7.792079207946001 ], [ 109.737532097508009, -7.792391825420948 ], [ 109.738484239310452, -7.792519171415554 ], [ 109.738367152253446, -7.792849499249242 ], [ 109.737286228651499, -7.792785073441518 ], [ 109.737063831685731, -7.792798328742007 ], [ 109.737058970893841, -7.792716771704501 ], [ 109.737076486111306, -7.792422907249327 ], [ 109.736121124763883, -7.792333249273526 ], [ 109.735699752364013, -7.792065260208712 ], [ 109.735799905049291, -7.791786136073445 ], [ 109.735775027683545, -7.791368746043561 ], [ 109.736006022883132, -7.791468955955024 ], [ 109.736013336389163, -7.791591659189501 ], [ 109.735993142414131, -7.791930472521425 ], [ 109.736506307326394, -7.792114602339439 ], [ 109.736857416847997, -7.792017883797329 ], [ 109.736732153314151, -7.791668776047562 ], [ 109.736838293002563, -7.791739564834439 ], [ 109.737015263825242, -7.791937631516768 ], [ 109.73747374740401, -7.792079207946001 ] ], [ [ 109.737923792410001, -7.792679267954001 ], [ 109.73788303706786, -7.792584029853213 ], [ 109.73775129839153, -7.792648865400399 ], [ 109.737923792410001, -7.792679267954001 ] ] ] } },
{ "type": "Feature", "properties": { "Id": 72, "gridcode": 7, "bobot": 15.0, "total": 1.05 }, "geometry": { "type": "Polygon", "coordinates": [ [ [ 109.743099309979002, -7.792979297958 ], [ 109.742758987020409, -7.792944583411601 ], [ 109.742389527923606, -7.7928639975024 ], [ 109.741858897008413, -7.792794568409601 ], [ 109.741339422909604, -7.7926389749994 ], [ 109.740883799495407, -7.792569545906601 ], [ 109.740364325396612, -7.7924139524964 ], [ 109.739983709483411, -7.792344523403601 ], [ 109.739764265388601, -7.7922639374944 ], [ 109.739464235384602, -7.792173604821916 ], [ 109.739701687414296, -7.791969485898601 ], [ 109.740589347899601, -7.7920389149914 ], [ 109.740665336257365, -7.792209207518656 ], [ 109.741102143702989, -7.792369615939794 ], [ 109.741579137662526, -7.7923312892768 ], [ 109.742389527923606, -7.7924139524964 ], [ 109.742770316659872, -7.792626407557616 ], [ 109.743174317480012, -7.792679267954001 ], [ 109.743124507811373, -7.792779473287368 ], [ 109.743099309979002, -7.792979297958 ] ] ] } },
{ "type": "Feature", "properties": { "Id": 73, "gridcode": 5, "bobot": 15.0, "total": 0.75 }, "geometry": { "type": "Polygon", "coordinates": [ [ [ 109.739423942430008, -7.793054305459001 ], [ 109.739332491557931, -7.79302862807123 ], [ 109.73939826504224, -7.792962854586924 ], [ 109.739423942430008, -7.793054305459001 ] ] ] } },
{ "type": "Feature", "properties": { "Id": 74, "gridcode": 5, "bobot": 15.0, "total": 0.75 }, "geometry": { "type": "Polygon", "coordinates": [ [ [ 109.739423942430008, -7.793054305459001 ], [ 109.739828256849606, -7.793088539877735 ], [ 109.739488558800915, -7.793155239853924 ], [ 109.739423942430008, -7.793054305459001 ] ] ] } },
{ "type": "Feature", "properties": { "Id": 75, "gridcode": 7, "bobot": 15.0, "total": 1.05 }, "geometry": { "type": "Polygon", "coordinates": [ [ [ 109.741674167460005, -7.793129312960001 ], [ 109.741472019406388, -7.793103822129583 ], [ 109.741273932122638, -7.793003613362645 ], [ 109.741648969627647, -7.793004495790368 ], [ 109.741674167460005, -7.793129312960001 ] ] ] } },
{ "type": "Feature", "properties": { "Id": 76, "gridcode": 7, "bobot": 15.0, "total": 1.05 }, "geometry": { "type": "Polygon", "coordinates": [ [ [ 109.736648664893011, -7.793504350465001 ], [ 109.735895913986738, -7.79344993923909 ], [ 109.735743209354197, -7.793168926067562 ], [ 109.736682066670795, -7.7932855164013 ], [ 109.736688493743273, -7.793393347695653 ], [ 109.736648664893011, -7.793504350465001 ] ] ] } },
{ "type": "Feature", "properties": { "Id": 77, "gridcode": 7, "bobot": 15.0, "total": 1.05 }, "geometry": { "type": "Polygon", "coordinates": [ [ [ 109.742799279975003, -7.794179417974001 ], [ 109.742533332740365, -7.794079487326306 ], [ 109.741783209660369, -7.793995368272641 ], [ 109.741239040175074, -7.793790895119261 ], [ 109.740525105787924, -7.793632582320901 ], [ 109.740235040006695, -7.793423825215552 ], [ 109.739839952736645, -7.79331336266136 ], [ 109.739220458717313, -7.793243891793449 ], [ 109.738642272845041, -7.792887258228514 ], [ 109.738628170024796, -7.792748894477127 ], [ 109.73912391242601, -7.792799424623388 ], [ 109.739366195489964, -7.792774729236897 ], [ 109.739532984630372, -7.792870255757641 ], [ 109.740211208735559, -7.793052661350798 ], [ 109.74058308964436, -7.793320300763641 ], [ 109.74100031657963, -7.793394651880336 ], [ 109.741490117758644, -7.793538385164361 ], [ 109.741924540017024, -7.793701619986616 ], [ 109.742833314674371, -7.793845353270641 ], [ 109.742874287476013, -7.793879387970001 ], [ 109.742874287476013, -7.794179417974001 ], [ 109.742799279975003, -7.794179417974001 ] ], [ [ 109.739423942430008, -7.793054305459001 ], [ 109.739488558800915, -7.793155239853924 ], [ 109.739828256849606, -7.793088539877735 ], [ 109.739423942430008, -7.793054305459001 ], [ 109.73939826504224, -7.792962854586924 ], [ 109.739332491557931, -7.79302862807123 ], [ 109.739423942430008, -7.793054305459001 ] ] ] } },
{ "type": "Feature", "properties": { "Id": 78, "gridcode": 9, "bobot": 15.0, "total": 1.35 }, "geometry": { "type": "Polygon", "coordinates": [ [ [ 109.732448244837002, -7.794479447978 ], [ 109.732498330908101, -7.794184608388689 ], [ 109.732640592334718, -7.79369669796272 ], [ 109.732673267340004, -7.793504350465001 ], [ 109.732718005624406, -7.793536416011444 ], [ 109.73282697600591, -7.794087872106462 ], [ 109.732691094440156, -7.79444018738372 ], [ 109.732448244837002, -7.794479447978 ] ] ] } },
{ "type": "Feature", "properties": { "Id": 79, "gridcode": 7, "bobot": 15.0, "total": 1.05 }, "geometry": { "type": "Polygon", "coordinates": [ [ [ 109.732373237336006, -7.794854485483 ], [ 109.732398435168378, -7.794579653311367 ], [ 109.732448244837002, -7.794479447978 ], [ 109.732691094440156, -7.79444018738372 ], [ 109.73282697600591, -7.794087872106462 ], [ 109.732718005624406, -7.793536416011444 ], [ 109.732673267340004, -7.793504350465001 ], [ 109.732780369858929, -7.793231909203243 ], [ 109.732823282342011, -7.792979297958 ], [ 109.733297855920171, -7.793013963289884 ], [ 109.733092676595717, -7.793329048930052 ], [ 109.733153948096302, -7.793623729430577 ], [ 109.733279145820035, -7.793921809738564 ], [ 109.733047151737438, -7.794081986965927 ], [ 109.733109005514422, -7.794357901856919 ], [ 109.732877020015749, -7.794693899660699 ], [ 109.732567624088716, -7.794823850018839 ], [ 109.732373237336006, -7.794854485483 ] ] ] } },
{ "type": "Feature", "properties": { "Id": 80, "gridcode": 7, "bobot": 15.0, "total": 1.05 }, "geometry": { "type": "Polygon", "coordinates": [ [ [ 109.733873387355999, -7.794929492984001 ], [ 109.733832414554371, -7.794895458284641 ], [ 109.733764345155649, -7.794449476337548 ], [ 109.734064375159647, -7.794070375773641 ], [ 109.734159643018046, -7.793745731072066 ], [ 109.733951263033234, -7.793620330767641 ], [ 109.73361964131557, -7.793810263892751 ], [ 109.733539322652646, -7.793548524499251 ], [ 109.734161034758785, -7.793455918230563 ], [ 109.734357467061358, -7.792956631811916 ], [ 109.733682399552364, -7.792870255757641 ], [ 109.73346431515165, -7.792742823923762 ], [ 109.733781237752254, -7.792605376935807 ], [ 109.734536882586525, -7.792724890955173 ], [ 109.734484192151896, -7.793241824211501 ], [ 109.734516265710013, -7.79355649152828 ], [ 109.734273565467191, -7.793758094216381 ], [ 109.734289751320446, -7.7939168917205 ], [ 109.734219748249046, -7.794603679151532 ], [ 109.733975491454089, -7.79480657457908 ], [ 109.733873387355999, -7.794929492984001 ] ], [ [ 109.734023402358005, -7.792829282956 ], [ 109.733898735120974, -7.792648720045897 ], [ 109.733767743818575, -7.792763674283099 ], [ 109.734023402358005, -7.792829282956 ] ] ] } },
{ "type": "Feature", "properties": { "Id": 81, "gridcode": 7, "bobot": 15.0, "total": 1.05 }, "geometry": { "type": "Polygon", "coordinates": [ [ [ 109.742049204965014, -7.794929492984001 ], [ 109.741876711518799, -7.794899089858138 ], [ 109.742008449622858, -7.794834254883213 ], [ 109.742049204965014, -7.794929492984001 ] ] ] } },
{ "type": "Feature", "properties": { "Id": 82, "gridcode": 7, "bobot": 15.0, "total": 1.05 }, "geometry": { "type": "Polygon", "coordinates": [ [ [ 109.735373537376006, -7.795004500485001 ], [ 109.73511448017365, -7.794928480080583 ], [ 109.735238216340704, -7.794310449906976 ], [ 109.735526420554237, -7.794145383274641 ], [ 109.735624498790429, -7.794320588097342 ], [ 109.73540850600665, -7.794500004767024 ], [ 109.735373537376006, -7.795004500485001 ] ] ] } },
{ "type": "Feature", "properties": { "Id": 83, "gridcode": 7, "bobot": 15.0, "total": 1.05 }, "geometry": { "type": "Polygon", "coordinates": [ [ [ 109.738598859919009, -7.795004500485001 ], [ 109.738507409046932, -7.79497882309723 ], [ 109.73857318253124, -7.794913049612924 ], [ 109.738598859919009, -7.795004500485001 ] ] ] } },
{ "type": "Feature", "properties": { "Id": 84, "gridcode": 7, "bobot": 15.0, "total": 1.05 }, "geometry": { "type": "Polygon", "coordinates": [ [ [ 109.734698469866998, -7.795079507986 ], [ 109.73447344736401, -7.795079507986 ], [ 109.73447344736401, -7.794929492984001 ], [ 109.734698469866998, -7.794929492984001 ], [ 109.734698469866998, -7.795079507986 ] ] ] } },
{ "type": "Feature", "properties": { "Id": 85, "gridcode": 7, "bobot": 15.0, "total": 1.05 }, "geometry": { "type": "Polygon", "coordinates": [ [ [ 109.735448544877002, -7.795154515487001 ], [ 109.735357094004925, -7.79512883809923 ], [ 109.735422867489234, -7.795063064614924 ], [ 109.735448544877002, -7.795154515487001 ] ] ] } },
{ "type": "Feature", "properties": { "Id": 86, "gridcode": 7, "bobot": 15.0, "total": 1.05 }, "geometry": { "type": "Polygon", "coordinates": [ [ [ 109.733798379855003, -7.795529552992001 ], [ 109.733706928982926, -7.79550387560423 ], [ 109.733772702467235, -7.795438102119924 ], [ 109.733798379855003, -7.795529552992001 ] ] ] } },
{ "type": "Feature", "properties": { "Id": 87, "gridcode": 7, "bobot": 15.0, "total": 1.05 }, "geometry": { "type": "Polygon", "coordinates": [ [ [ 109.735748574881001, -7.795604560493 ], [ 109.735576270853457, -7.795552683814681 ], [ 109.735774351270067, -7.794894778437601 ], [ 109.735931012520822, -7.795016274199643 ], [ 109.735949837073321, -7.795250549031715 ], [ 109.735748574881001, -7.795604560493 ] ] ] } },
{ "type": "Feature", "properties": { "Id": 88, "gridcode": 7, "bobot": 15.0, "total": 1.05 }, "geometry": { "type": "Polygon", "coordinates": [ [ [ 109.735148514873003, -7.795829582996 ], [ 109.734698469866998, -7.795829582996 ], [ 109.734698469866998, -7.795679567994001 ], [ 109.735148514873003, -7.795679567994001 ], [ 109.735148514873003, -7.795829582996 ] ] ] } },
{ "type": "Feature", "properties": { "Id": 89, "gridcode": 7, "bobot": 15.0, "total": 1.05 }, "geometry": { "type": "Polygon", "coordinates": [ [ [ 109.734998499871011, -7.796129613 ], [ 109.734821927342551, -7.796091629694097 ], [ 109.73490468269631, -7.795958456357399 ], [ 109.734998499871011, -7.796129613 ] ] ] } },
{ "type": "Feature", "properties": { "Id": 90, "gridcode": 7, "bobot": 15.0, "total": 1.05 }, "geometry": { "type": "Polygon", "coordinates": [ [ [ 109.736273627388002, -7.796129613 ], [ 109.736182176515925, -7.79610393561223 ], [ 109.736247950000234, -7.796038162127924 ], [ 109.736273627388002, -7.796129613 ] ] ] } },
{ "type": "Feature", "properties": { "Id": 91, "gridcode": 7, "bobot": 15.0, "total": 1.05 }, "geometry": { "type": "Polygon", "coordinates": [ [ [ 109.736273627388002, -7.796129613 ], [ 109.736365078260079, -7.796155290387771 ], [ 109.73629930477577, -7.796221063872077 ], [ 109.736273627388002, -7.796129613 ] ] ] } },
{ "type": "Feature", "properties": { "Id": 92, "gridcode": 5, "bobot": 15.0, "total": 0.75 }, "geometry": { "type": "Polygon", "coordinates": [ [ [ 109.733723372354007, -7.796279628002001 ], [ 109.732862215888659, -7.79623101207152 ], [ 109.732952687048495, -7.796055039273458 ], [ 109.733763262436284, -7.796165817716174 ], [ 109.733723372354007, -7.796279628002001 ] ] ] } },
{ "type": "Feature", "properties": { "Id": 93, "gridcode": 7, "bobot": 15.0, "total": 1.05 }, "geometry": { "type": "Polygon", "coordinates": [ [ [ 109.735598559879008, -7.796354635503 ], [ 109.735198135122971, -7.79628661302975 ], [ 109.73517010573913, -7.79609693799472 ], [ 109.735649729813986, -7.796224473407988 ], [ 109.735598559879008, -7.796354635503 ] ] ] } },
{ "type": "Feature", "properties": { "Id": 94, "gridcode": 7, "bobot": 15.0, "total": 1.05 }, "geometry": { "type": "Polygon", "coordinates": [ [ [ 109.736348634889012, -7.796504650505001 ], [ 109.736139858899023, -7.796485308055554 ], [ 109.736029525103731, -7.796371043393845 ], [ 109.73632955510773, -7.796373715856534 ], [ 109.736348634889012, -7.796504650505001 ] ] ] } },
{ "type": "Feature", "properties": { "Id": 95, "gridcode": 7, "bobot": 15.0, "total": 1.05 }, "geometry": { "type": "Polygon", "coordinates": [ [ [ 109.737698769907013, -7.796504650505001 ], [ 109.737447869724605, -7.796472047604709 ], [ 109.737647945045907, -7.796408156861784 ], [ 109.737698769907013, -7.796504650505001 ] ] ] } },
{ "type": "Feature", "properties": { "Id": 96, "gridcode": 7, "bobot": 15.0, "total": 1.05 }, "geometry": { "type": "Polygon", "coordinates": [ [ [ 109.739198919927006, -7.796579658006 ], [ 109.739008611970405, -7.796544943459601 ], [ 109.738629410688418, -7.796441162634395 ], [ 109.738658325933557, -7.796081303801854 ], [ 109.738472401502477, -7.796096243268873 ], [ 109.738333737885895, -7.796406997459341 ], [ 109.738041307518841, -7.796383500389097 ], [ 109.737397862053371, -7.796024499949283 ], [ 109.737071395842435, -7.795926208259435 ], [ 109.736836183645508, -7.795945107778234 ], [ 109.736552314887504, -7.795922298566695 ], [ 109.73631392034261, -7.7957892900414 ], [ 109.73579651668706, -7.795694909188816 ], [ 109.736005999420399, -7.795494838445602 ], [ 109.736833394441405, -7.795644853447601 ], [ 109.737693058734067, -7.795723839312759 ], [ 109.73794915562604, -7.796021090413372 ], [ 109.738157537899895, -7.796004347177102 ], [ 109.738408551962408, -7.7958642975424 ], [ 109.738586185464257, -7.795785033557999 ], [ 109.73872531833554, -7.795796213264873 ], [ 109.738904882648768, -7.796198627775243 ], [ 109.739382010517559, -7.796411530917463 ], [ 109.739233634473408, -7.7965393650514 ], [ 109.739198919927006, -7.796579658006 ] ] ] } },
{ "type": "Feature", "properties": { "Id": 97, "gridcode": 7, "bobot": 15.0, "total": 1.05 }, "geometry": { "type": "Polygon", "coordinates": [ [ [ 109.737698769907013, -7.796504650505001 ], [ 109.737956467415287, -7.796548427389549 ], [ 109.737831151233351, -7.796833327935606 ], [ 109.737698769907013, -7.796504650505001 ] ] ] } },
{ "type": "Feature", "properties": { "Id": 98, "gridcode": 7, "bobot": 15.0, "total": 1.05 }, "geometry": { "type": "Polygon", "coordinates": [ [ [ 109.739348934929012, -7.796954695511 ], [ 109.738932244775327, -7.79692134065868 ], [ 109.738615235763191, -7.796830817995273 ], [ 109.738486348667507, -7.79684684933784 ], [ 109.738338095087386, -7.79682840877302 ], [ 109.738316651292536, -7.796621310654681 ], [ 109.739417513640745, -7.796776283733071 ], [ 109.739348934929012, -7.796954695511 ] ] ] } },
{ "type": "Feature", "properties": { "Id": 99, "gridcode": 7, "bobot": 15.0, "total": 1.05 }, "geometry": { "type": "Polygon", "coordinates": [ [ [ 109.736273627388002, -7.797029703012001 ], [ 109.735937523715791, -7.796965534149832 ], [ 109.736106294026612, -7.796849105193926 ], [ 109.736273627388002, -7.797029703012001 ] ] ] } },
{ "type": "Feature", "properties": { "Id": 100, "gridcode": 7, "bobot": 15.0, "total": 1.05 }, "geometry": { "type": "Polygon", "coordinates": [ [ [ 109.73747374740401, -7.797104710513 ], [ 109.737213330507572, -7.797024295137821 ], [ 109.737418327280508, -7.796925237761661 ], [ 109.73747374740401, -7.797104710513 ] ] ] } },
{ "type": "Feature", "properties": { "Id": 101, "gridcode": 7, "bobot": 15.0, "total": 1.05 }, "geometry": { "type": "Polygon", "coordinates": [ [ [ 109.739348934929012, -7.797254725515001 ], [ 109.739033927688709, -7.797225844605573 ], [ 109.738962463632888, -7.797079512680633 ], [ 109.739289415121846, -7.797137070774281 ], [ 109.739348934929012, -7.797254725515001 ] ] ] } },
{ "type": "Feature", "properties": { "Id": 102, "gridcode": 7, "bobot": 15.0, "total": 1.05 }, "geometry": { "type": "Polygon", "coordinates": [ [ [ 109.734098409859001, -7.797404740517001 ], [ 109.733873387355999, -7.797404740517001 ], [ 109.733873387355999, -7.797254725515001 ], [ 109.734098409859001, -7.797254725515001 ], [ 109.734098409859001, -7.797404740517001 ] ] ] } },
{ "type": "Feature", "properties": { "Id": 103, "gridcode": 7, "bobot": 15.0, "total": 1.05 }, "geometry": { "type": "Polygon", "coordinates": [ [ [ 109.737698769907013, -7.797404740517001 ], [ 109.737532356742619, -7.797380490350204 ], [ 109.737675144650112, -7.797242614165886 ], [ 109.737698769907013, -7.797404740517001 ] ] ] } },
{ "type": "Feature", "properties": { "Id": 104, "gridcode": 5, "bobot": 15.0, "total": 0.75 }, "geometry": { "type": "Polygon", "coordinates": [ [ [ 109.735973597384003, -7.797554755519 ], [ 109.735725594563178, -7.797515670036836 ], [ 109.735492916341585, -7.797355020121211 ], [ 109.735923917618805, -7.79736116735766 ], [ 109.735973597384003, -7.797554755519 ] ] ] } },
{ "type": "Feature", "properties": { "Id": 105, "gridcode": 7, "bobot": 15.0, "total": 1.05 }, "geometry": { "type": "Polygon", "coordinates": [ [ [ 109.74212421246601, -7.797179718014 ], [ 109.742049204965014, -7.797329733016 ], [ 109.741765407739734, -7.797505178188666 ], [ 109.741006757958658, -7.797590149912439 ], [ 109.740588668052567, -7.79744013491044 ], [ 109.74014924308139, -7.797358116057646 ], [ 109.740063615545566, -7.79699008990444 ], [ 109.739861586522409, -7.796919301117561 ], [ 109.739763585541567, -7.797444353624561 ], [ 109.739670946653959, -7.797590149912439 ], [ 109.739688703938171, -7.7972922292655 ], [ 109.739680310001816, -7.797151389909489 ], [ 109.739809986818813, -7.796789982536469 ], [ 109.74019177129064, -7.796694278614561 ], [ 109.740352066403943, -7.797213377309608 ], [ 109.741685408971165, -7.79730975650046 ], [ 109.741859576855447, -7.797215112407439 ], [ 109.74212421246601, -7.797179718014 ] ] ] } },
{ "type": "Feature", "properties": { "Id": 106, "gridcode": 7, "bobot": 15.0, "total": 1.05 }, "geometry": { "type": "Polygon", "coordinates": [ [ [ 109.738598859919009, -7.797704770521 ], [ 109.738432447326872, -7.797680520354204 ], [ 109.738575234662122, -7.797542644169885 ], [ 109.738598859919009, -7.797704770521 ] ] ] } },
{ "type": "Feature", "properties": { "Id": 107, "gridcode": 7, "bobot": 15.0, "total": 1.05 }, "geometry": { "type": "Polygon", "coordinates": [ [ [ 109.734098409859001, -7.797779778022001 ], [ 109.734124087246769, -7.797688327149924 ], [ 109.734189860731078, -7.79775410063423 ], [ 109.734098409859001, -7.797779778022001 ] ] ] } },
{ "type": "Feature", "properties": { "Id": 108, "gridcode": 7, "bobot": 15.0, "total": 1.05 }, "geometry": { "type": "Polygon", "coordinates": [ [ [ 109.734098409859001, -7.797779778022001 ], [ 109.734045271915633, -7.797880663202408 ], [ 109.733851264286386, -7.797811893355223 ], [ 109.734098409859001, -7.797779778022001 ] ] ] } },
{ "type": "Feature", "properties": { "Id": 109, "gridcode": 7, "bobot": 15.0, "total": 1.05 }, "geometry": { "type": "Polygon", "coordinates": [ [ [ 109.740249024941008, -7.797854785523 ], [ 109.739923797104638, -7.797824967248715 ], [ 109.739989132236389, -7.797604565187633 ], [ 109.740344647601731, -7.797662415134808 ], [ 109.740249024941008, -7.797854785523 ] ] ] } },
{ "type": "Feature", "properties": { "Id": 110, "gridcode": 5, "bobot": 15.0, "total": 0.75 }, "geometry": { "type": "Polygon", "coordinates": [ [ [ 109.737998799911011, -7.798079808026 ], [ 109.737747899728603, -7.79804720512571 ], [ 109.737947975049906, -7.797983314382784 ], [ 109.737998799911011, -7.798079808026 ] ] ] } },
{ "type": "Feature", "properties": { "Id": 111, "gridcode": 5, "bobot": 15.0, "total": 0.75 }, "geometry": { "type": "Polygon", "coordinates": [ [ [ 109.738523852418012, -7.798154815527001 ], [ 109.738345240348437, -7.798044761567747 ], [ 109.73859542177, -7.797995049183623 ], [ 109.738523852418012, -7.798154815527001 ] ] ] } },
{ "type": "Feature", "properties": { "Id": 112, "gridcode": 7, "bobot": 15.0, "total": 1.05 }, "geometry": { "type": "Polygon", "coordinates": [ [ [ 109.740249024941008, -7.798229823028 ], [ 109.740000151709964, -7.798194573989063 ], [ 109.73992539485964, -7.797976883304474 ], [ 109.740216717327812, -7.798088523573488 ], [ 109.740249024941008, -7.798229823028 ] ] ] } },
{ "type": "Feature", "properties": { "Id": 113, "gridcode": 7, "bobot": 15.0, "total": 1.05 }, "geometry": { "type": "Polygon", "coordinates": [ [ [ 109.733198319847006, -7.798379838030001 ], [ 109.732946060256651, -7.798249433295977 ], [ 109.733044574556345, -7.798127578153514 ], [ 109.733270689507151, -7.798224942779218 ], [ 109.733198319847006, -7.798379838030001 ] ] ] } },
{ "type": "Feature", "properties": { "Id": 114, "gridcode": 7, "bobot": 15.0, "total": 1.05 }, "geometry": { "type": "Polygon", "coordinates": [ [ [ 109.734923492370001, -7.798679868034 ], [ 109.7345887478196, -7.798636069403504 ], [ 109.734868595293804, -7.798497532829048 ], [ 109.734923492370001, -7.798679868034 ] ] ] } },
{ "type": "Feature", "properties": { "Id": 115, "gridcode": 5, "bobot": 15.0, "total": 0.75 }, "geometry": { "type": "Polygon", "coordinates": [ [ [ 109.740549054945006, -7.798754875535001 ], [ 109.740291357436732, -7.798711098650452 ], [ 109.740411166170929, -7.79857623370782 ], [ 109.740549054945006, -7.798754875535001 ] ] ] } },
{ "type": "Feature", "properties": { "Id": 116, "gridcode": 7, "bobot": 15.0, "total": 1.05 }, "geometry": { "type": "Polygon", "coordinates": [ [ [ 109.731998199830997, -7.798829883036 ], [ 109.731791318313768, -7.798794739293237 ], [ 109.731365464817728, -7.798620446655874 ], [ 109.731504550763518, -7.79849717802672 ], [ 109.731950735577428, -7.79865943485353 ], [ 109.731998199830997, -7.798829883036 ] ] ] } },
{ "type": "Feature", "properties": { "Id": 117, "gridcode": 7, "bobot": 15.0, "total": 1.05 }, "geometry": { "type": "Polygon", "coordinates": [ [ [ 109.738673867420005, -7.798829883036 ], [ 109.738274311929672, -7.798801934913336 ], [ 109.738347997505883, -7.798655350048673 ], [ 109.738843069216244, -7.798709134647893 ], [ 109.738698385405328, -7.798779393520328 ], [ 109.738673867420005, -7.798829883036 ] ] ] } },
{ "type": "Feature", "properties": { "Id": 118, "gridcode": 9, "bobot": 15.0, "total": 1.35 }, "geometry": { "type": "Polygon", "coordinates": [ [ [ 109.741449144957002, -7.798904890537001 ], [ 109.741101204049087, -7.798802786438921 ], [ 109.74069078359588, -7.798567723030064 ], [ 109.740208052139366, -7.798495818332641 ], [ 109.739989967738651, -7.79841387272936 ], [ 109.739682999632365, -7.798345803330641 ], [ 109.73946491523165, -7.798263857727361 ], [ 109.73923295462636, -7.798195788328641 ], [ 109.738939862724649, -7.79796382772336 ], [ 109.738593669504311, -7.79786223637187 ], [ 109.738260322417275, -7.797896213845048 ], [ 109.737814750209651, -7.79781381272136 ], [ 109.737357767101372, -7.797745743322641 ], [ 109.736839652696645, -7.797513782717361 ], [ 109.736457677089362, -7.797445713318641 ], [ 109.735925455858577, -7.797218780605693 ], [ 109.734950588967081, -7.797002606414922 ], [ 109.734459636969547, -7.796818129806246 ], [ 109.734337190680634, -7.796265941788363 ], [ 109.733904622550554, -7.796018973044645 ], [ 109.733007332043357, -7.795945563298641 ], [ 109.732480269752855, -7.795828229024539 ], [ 109.732148214833003, -7.795679567994001 ], [ 109.732179530430329, -7.795635875804201 ], [ 109.7322999174351, -7.795032907561643 ], [ 109.732373237336006, -7.794854485483 ], [ 109.732567624088716, -7.794823850018839 ], [ 109.732877020015749, -7.794693899660699 ], [ 109.733109005514422, -7.794357901856919 ], [ 109.733047151737438, -7.794081986965927 ], [ 109.733279145820035, -7.793921809738564 ], [ 109.733153948096302, -7.793623729430577 ], [ 109.733092676595717, -7.793329048930052 ], [ 109.733297855920171, -7.793013963289884 ], [ 109.732823282342011, -7.792979297958 ], [ 109.732873092010635, -7.792879092624633 ], [ 109.732898289843007, -7.792754275455001 ], [ 109.733211987176006, -7.792725514148293 ], [ 109.733273327348002, -7.792604260453 ], [ 109.733619768357698, -7.792575663957697 ], [ 109.734042494729039, -7.792436627226412 ], [ 109.73377584418462, -7.792275633953697 ], [ 109.733315029497334, -7.792427197496176 ], [ 109.733273327348002, -7.792604260453 ], [ 109.733173413295901, -7.792553715427932 ], [ 109.733048304844999, -7.792304230449001 ], [ 109.733163605300604, -7.791669455894601 ], [ 109.733198319847006, -7.791404140437001 ], [ 109.733273327348002, -7.791404140437001 ], [ 109.733273327348002, -7.791329132936001 ], [ 109.733308041894404, -7.7909888099774 ], [ 109.733423342350008, -7.790354035423 ], [ 109.733855829218911, -7.790524055553631 ], [ 109.734056077363292, -7.790347915655119 ], [ 109.733498349851004, -7.790204020421001 ], [ 109.733523547683376, -7.789854180748367 ], [ 109.733573357352, -7.789753975415 ], [ 109.733699885012214, -7.789801518354572 ], [ 109.733910891106504, -7.789780011038669 ], [ 109.73434879271673, -7.789824645743683 ], [ 109.734129528884395, -7.789642511402628 ], [ 109.733573357352, -7.789603960413 ], [ 109.73361501000069, -7.789495598059681 ], [ 109.733831734707323, -7.78873722525332 ], [ 109.733873387355999, -7.788703870401001 ], [ 109.734063315903015, -7.788750520898268 ], [ 109.734204053396425, -7.788678583581921 ], [ 109.733979030893423, -7.788523219648709 ], [ 109.733948394857009, -7.788478847898 ], [ 109.733948394857009, -7.788328832896001 ], [ 109.734851771368625, -7.7882735432482 ], [ 109.735535425093943, -7.788513161002735 ], [ 109.735937523715791, -7.788589929353349 ], [ 109.736787379440884, -7.788812615883608 ], [ 109.736984768565222, -7.788584370402049 ], [ 109.736608301550206, -7.788406699989305 ], [ 109.736376915495782, -7.788284262284311 ], [ 109.7361611161365, -7.788292815595573 ], [ 109.735889644286274, -7.788282055642741 ], [ 109.735337463707793, -7.787989869345348 ], [ 109.735034573539224, -7.787917721436653 ], [ 109.734554038995824, -7.787791807527246 ], [ 109.734412550122656, -7.787944512445921 ], [ 109.734098409859001, -7.78787878789 ], [ 109.734481142568669, -7.785918257672503 ], [ 109.734548454865006, -7.785853585363001 ], [ 109.734965824865725, -7.785886260511346 ], [ 109.735272718577974, -7.786113792239353 ], [ 109.735598559879008, -7.786153615367001 ], [ 109.735648988162666, -7.786210054974926 ], [ 109.736613270499561, -7.786339024476309 ], [ 109.736834074288439, -7.786493258764692 ], [ 109.737747965538702, -7.786564797071486 ], [ 109.738640582383624, -7.786974478591617 ], [ 109.739241220376059, -7.787300870408522 ], [ 109.739723972434007, -7.787329643446597 ], [ 109.740683130166332, -7.787272475063247 ], [ 109.740813690555569, -7.787389129490309 ], [ 109.741047822322187, -7.787651170751918 ], [ 109.741528371172123, -7.787799561102617 ], [ 109.741852204978713, -7.788161997116255 ], [ 109.742367707580485, -7.788131271806988 ], [ 109.74374951500107, -7.788389186488629 ], [ 109.743999399991012, -7.788478847898 ], [ 109.743926993992233, -7.789057737080046 ], [ 109.743782183139203, -7.789727044201587 ], [ 109.743591007633682, -7.790395688071681 ], [ 109.743549354985007, -7.790429042924001 ], [ 109.742980309278494, -7.790470175386688 ], [ 109.742993344258181, -7.790688882408266 ], [ 109.743549354985007, -7.790729072928 ], [ 109.743735444227482, -7.790843014261783 ], [ 109.744560526738482, -7.7911042363306 ], [ 109.74436757378777, -7.791646877876836 ], [ 109.743406155621258, -7.791445729564619 ], [ 109.743324332482004, -7.791704170441001 ], [ 109.743249324981008, -7.791704170441001 ], [ 109.743249324981008, -7.791779177942001 ], [ 109.742940269263613, -7.791845208944125 ], [ 109.741859576855447, -7.791593768546561 ], [ 109.741614187554347, -7.791460421814532 ], [ 109.740570448380808, -7.791351654299845 ], [ 109.740397665370125, -7.790975191290657 ], [ 109.739887267343747, -7.790618671033561 ], [ 109.739909878552709, -7.791002141960973 ], [ 109.740211634498351, -7.791271757966134 ], [ 109.740392339901646, -7.791665480964014 ], [ 109.741678862295956, -7.791766188743257 ], [ 109.742400996050435, -7.792084031540864 ], [ 109.743116952810851, -7.792126704532365 ], [ 109.743249324981008, -7.792079207946001 ], [ 109.743249324981008, -7.792229222948 ], [ 109.743174317480012, -7.792229222948 ], [ 109.743174317480012, -7.792304230449001 ], [ 109.743174317480012, -7.792679267954001 ], [ 109.742770316659872, -7.792626407557616 ], [ 109.742389527923606, -7.7924139524964 ], [ 109.741579137662526, -7.7923312892768 ], [ 109.741102143702989, -7.792369615939794 ], [ 109.740665336257365, -7.792209207518656 ], [ 109.740589347899601, -7.7920389149914 ], [ 109.739701687414296, -7.791969485898601 ], [ 109.739464235384602, -7.792173604821916 ], [ 109.739764265388601, -7.7922639374944 ], [ 109.739983709483411, -7.792344523403601 ], [ 109.740364325396612, -7.7924139524964 ], [ 109.740883799495407, -7.792569545906601 ], [ 109.741339422909604, -7.7926389749994 ], [ 109.741858897008413, -7.792794568409601 ], [ 109.742389527923606, -7.7928639975024 ], [ 109.742758987020409, -7.792944583411601 ], [ 109.743099309979002, -7.792979297958 ], [ 109.742909002022401, -7.7938390950154 ], [ 109.742874287476013, -7.793879387970001 ], [ 109.742833314674371, -7.793845353270641 ], [ 109.741924540017024, -7.793701619986616 ], [ 109.741490117758644, -7.793538385164361 ], [ 109.74100031657963, -7.793394651880336 ], [ 109.74058308964436, -7.793320300763641 ], [ 109.740211208735559, -7.793052661350798 ], [ 109.739532984630372, -7.792870255757641 ], [ 109.739366195489964, -7.792774729236897 ], [ 109.73912391242601, -7.792799424623388 ], [ 109.738628170024796, -7.792748894477127 ], [ 109.738642272845041, -7.792887258228514 ], [ 109.739220458717313, -7.793243891793449 ], [ 109.739839952736645, -7.79331336266136 ], [ 109.740235040006695, -7.793423825215552 ], [ 109.740525105787924, -7.793632582320901 ], [ 109.741239040175074, -7.793790895119261 ], [ 109.741783209660369, -7.793995368272641 ], [ 109.742533332740365, -7.794079487326306 ], [ 109.742799279975003, -7.794179417974001 ], [ 109.742750825422362, -7.794625399921093 ], [ 109.742612510885493, -7.795192768900482 ], [ 109.742443521970657, -7.795852159869241 ], [ 109.74212421246601, -7.797179718014 ], [ 109.741859576855447, -7.797215112407439 ], [ 109.741685408971165, -7.79730975650046 ], [ 109.740352066403943, -7.797213377309608 ], [ 109.74019177129064, -7.796694278614561 ], [ 109.739809986818813, -7.796789982536469 ], [ 109.739680310001816, -7.797151389909489 ], [ 109.739688703938171, -7.7972922292655 ], [ 109.739670946653959, -7.797590149912439 ], [ 109.739763585541567, -7.797444353624561 ], [ 109.739861586522409, -7.796919301117561 ], [ 109.740063615545566, -7.79699008990444 ], [ 109.74014924308139, -7.797358116057646 ], [ 109.740588668052567, -7.79744013491044 ], [ 109.741006757958658, -7.797590149912439 ], [ 109.741765407739734, -7.797505178188666 ], [ 109.742049204965014, -7.797329733016 ], [ 109.741975978342779, -7.797722050538855 ], [ 109.741559546851448, -7.79864025492644 ], [ 109.741449144957002, -7.798904890537001 ] ], [ [ 109.741674167460005, -7.793129312960001 ], [ 109.741648969627647, -7.793004495790368 ], [ 109.741273932122638, -7.793003613362645 ], [ 109.741472019406388, -7.793103822129583 ], [ 109.741674167460005, -7.793129312960001 ] ], [ [ 109.736648664893011, -7.793504350465001 ], [ 109.736688493743273, -7.793393347695653 ], [ 109.736682066670795, -7.7932855164013 ], [ 109.735743209354197, -7.793168926067562 ], [ 109.735895913986738, -7.79344993923909 ], [ 109.736648664893011, -7.793504350465001 ] ], [ [ 109.73447344736401, -7.792529252952001 ], [ 109.73454250906471, -7.792353578302347 ], [ 109.734365764857728, -7.792446135928778 ], [ 109.73447344736401, -7.792529252952001 ] ], [ [ 109.739348934929012, -7.792679267954001 ], [ 109.739318891183572, -7.792508811187602 ], [ 109.739251448983794, -7.792637550067473 ], [ 109.739348934929012, -7.792679267954001 ] ], [ [ 109.733873387355999, -7.794929492984001 ], [ 109.733975491454089, -7.79480657457908 ], [ 109.734219748249046, -7.794603679151532 ], [ 109.734289751320446, -7.7939168917205 ], [ 109.734273565467191, -7.793758094216381 ], [ 109.734516265710013, -7.79355649152828 ], [ 109.734484192151896, -7.793241824211501 ], [ 109.734536882586525, -7.792724890955173 ], [ 109.733781237752254, -7.792605376935807 ], [ 109.73346431515165, -7.792742823923762 ], [ 109.733682399552364, -7.792870255757641 ], [ 109.734357467061358, -7.792956631811916 ], [ 109.734161034758785, -7.793455918230563 ], [ 109.733539322652646, -7.793548524499251 ], [ 109.73361964131557, -7.793810263892751 ], [ 109.733951263033234, -7.793620330767641 ], [ 109.734159643018046, -7.793745731072066 ], [ 109.734064375159647, -7.794070375773641 ], [ 109.733764345155649, -7.794449476337548 ], [ 109.733832414554371, -7.794895458284641 ], [ 109.733873387355999, -7.794929492984001 ] ], [ [ 109.740249024941008, -7.788553855399001 ], [ 109.74022334755324, -7.788462404526924 ], [ 109.740157574068931, -7.78852817801123 ], [ 109.740249024941008, -7.788553855399001 ] ], [ [ 109.738898889923007, -7.788703870401001 ], [ 109.738848065061902, -7.788607377043916 ], [ 109.738647989740599, -7.788671267500709 ], [ 109.738898889923007, -7.788703870401001 ] ], [ [ 109.738748874921001, -7.789528952912001 ], [ 109.738799200769805, -7.78939190994089 ], [ 109.738323091527036, -7.78909369972947 ], [ 109.738355974835628, -7.788684446690376 ], [ 109.737264375689463, -7.788850786605257 ], [ 109.737063995352599, -7.789023423403051 ], [ 109.73732517736309, -7.789101557456493 ], [ 109.738196148977011, -7.789031573841992 ], [ 109.738168503580852, -7.789375630808955 ], [ 109.738748874921001, -7.789528952912001 ] ], [ [ 109.736573657392, -7.789828982916001 ], [ 109.736681339898283, -7.789636635418281 ], [ 109.736841012390727, -7.78942127040572 ], [ 109.736928555859109, -7.789207372672461 ], [ 109.736747022965218, -7.788906426763421 ], [ 109.736184953702534, -7.78882121039772 ], [ 109.735865914877721, -7.788937894582396 ], [ 109.736093508553068, -7.789113567515265 ], [ 109.736720936982522, -7.789190249740476 ], [ 109.73653004417433, -7.789337594282702 ], [ 109.736558131356617, -7.789527661889339 ], [ 109.736452895841879, -7.789795355094793 ], [ 109.736573657392, -7.789828982916001 ] ], [ [ 109.736348634889012, -7.78937893791 ], [ 109.736210746114921, -7.789200295510558 ], [ 109.736090937380723, -7.789335161597714 ], [ 109.736348634889012, -7.78937893791 ] ], [ [ 109.735523552377998, -7.789528952912001 ], [ 109.735583806969345, -7.789407735269203 ], [ 109.735427129122996, -7.789353740077633 ], [ 109.735348339543634, -7.789493581409034 ], [ 109.735523552377998, -7.789528952912001 ] ], [ [ 109.739573957432, -7.789678967914001 ], [ 109.739608671978402, -7.7896386749594 ], [ 109.739689257887605, -7.789569245866601 ], [ 109.739758686980409, -7.78938351772133 ], [ 109.739303982618679, -7.789420053777095 ], [ 109.739089197879608, -7.789629520487098 ], [ 109.739573957432, -7.789678967914001 ] ], [ [ 109.740549054945006, -7.789828982916001 ], [ 109.740689777559609, -7.789603523204971 ], [ 109.740131798252122, -7.789476760917419 ], [ 109.739822234366244, -7.789501634277336 ], [ 109.73984380062511, -7.789770035942921 ], [ 109.740549054945006, -7.789828982916001 ] ], [ [ 109.738598859919009, -7.789828982916001 ], [ 109.738548035057903, -7.789732489845046 ], [ 109.738347959736601, -7.78979638001571 ], [ 109.738598859919009, -7.789828982916001 ] ], [ [ 109.735373537376006, -7.790954095431001 ], [ 109.73543149776971, -7.790784760297766 ], [ 109.735297029976778, -7.790655565325226 ], [ 109.735150014771236, -7.790502550526776 ], [ 109.734585178050381, -7.790392283113864 ], [ 109.734587912317352, -7.790258304032526 ], [ 109.735352932516989, -7.790167266905744 ], [ 109.73608535840026, -7.790317281907744 ], [ 109.736536903876754, -7.790390788938257 ], [ 109.737052546110419, -7.790522938498563 ], [ 109.736698361253801, -7.79018264300853 ], [ 109.736235373402266, -7.790092259404744 ], [ 109.735858171030799, -7.789939257768316 ], [ 109.735636063629499, -7.789943790081915 ], [ 109.735470819023746, -7.789940417743021 ], [ 109.734630830809166, -7.789725144864613 ], [ 109.734511701349746, -7.790092259404744 ], [ 109.734389650493739, -7.790209523862904 ], [ 109.734211671345747, -7.790646112704517 ], [ 109.734811731353744, -7.790840833944257 ], [ 109.735035253386258, -7.790917341915744 ], [ 109.735373537376006, -7.790954095431001 ] ], [ [ 109.737698769907013, -7.79012901292 ], [ 109.7377334844534, -7.7900887199654 ], [ 109.737872781563823, -7.789968708650514 ], [ 109.737429638035337, -7.789869275870601 ], [ 109.737214010354606, -7.790079565493099 ], [ 109.737698769907013, -7.79012901292 ] ], [ [ 109.743249324981008, -7.790054005419001 ], [ 109.743284719374444, -7.79001439231144 ], [ 109.74342239641166, -7.789891378338795 ], [ 109.743138923086562, -7.789955362360397 ], [ 109.743249324981008, -7.790054005419001 ] ], [ [ 109.741599159959009, -7.790429042924001 ], [ 109.741694195479113, -7.79031463348005 ], [ 109.742781111806806, -7.790192745718664 ], [ 109.742908322175367, -7.78998245094581 ], [ 109.74237023354415, -7.790037297662964 ], [ 109.742015170265645, -7.78993802511636 ], [ 109.741695246151806, -7.789869955717641 ], [ 109.741565125259655, -7.790169985721641 ], [ 109.741442998865082, -7.790383217342145 ], [ 109.741599159959009, -7.790429042924001 ] ], [ [ 109.739873987436013, -7.790354035423 ], [ 109.739848310048231, -7.790262584550924 ], [ 109.739782536563936, -7.79032835803523 ], [ 109.739873987436013, -7.790354035423 ] ], [ [ 109.738523852418012, -7.790879087930001 ], [ 109.738554487882169, -7.790834716465423 ], [ 109.738744372365019, -7.790763666154895 ], [ 109.738854517886168, -7.790616661822319 ], [ 109.73825445787817, -7.790548421889578 ], [ 109.738114661183189, -7.790457388196367 ], [ 109.73801408273512, -7.790479935884255 ], [ 109.738055488738951, -7.790664636819563 ], [ 109.738319426762359, -7.790846869589651 ], [ 109.738523852418012, -7.790879087930001 ] ], [ [ 109.742049204965014, -7.790579057926001 ], [ 109.742021798202018, -7.79044329968267 ], [ 109.741806488126599, -7.790548451647192 ], [ 109.742049204965014, -7.790579057926001 ] ], [ [ 109.737548754905006, -7.790804080429001 ], [ 109.737507999562851, -7.790708842328213 ], [ 109.737376260886535, -7.790773677875399 ], [ 109.737548754905006, -7.790804080429001 ] ], [ [ 109.737773777408009, -7.790879087930001 ], [ 109.737748100020241, -7.790787637057925 ], [ 109.737682326535932, -7.79085341054223 ], [ 109.737773777408009, -7.790879087930001 ] ], [ [ 109.739573957432, -7.791254125435001 ], [ 109.739548759599643, -7.791054300764368 ], [ 109.739214511772502, -7.791003905099633 ], [ 109.739098714593638, -7.791225938679158 ], [ 109.739573957432, -7.791254125435001 ] ], [ [ 109.741749174961001, -7.791404140437001 ], [ 109.74167217369984, -7.791148389763425 ], [ 109.741339422909604, -7.791118845602551 ], [ 109.741749174961001, -7.791404140437001 ] ], [ [ 109.742574257472015, -7.791404140437001 ], [ 109.742540726363046, -7.791238044877916 ], [ 109.74230432157249, -7.79111845188642 ], [ 109.742249029635644, -7.791241049824722 ], [ 109.742574257472015, -7.791404140437001 ] ], [ [ 109.734923492370001, -7.791479147938 ], [ 109.734950729743488, -7.791356370309487 ], [ 109.735057619094889, -7.791211507952895 ], [ 109.734926287868987, -7.791151880560514 ], [ 109.734821247495518, -7.791420851626608 ], [ 109.734923492370001, -7.791479147938 ] ], [ [ 109.739423942430008, -7.791779177942001 ], [ 109.739487844618168, -7.791605166857451 ], [ 109.739061786538528, -7.791448705898333 ], [ 109.738823882422011, -7.791429590064568 ], [ 109.738054477552325, -7.791491412653283 ], [ 109.73793164555893, -7.79121613984005 ], [ 109.736608371938402, -7.791144403387602 ], [ 109.73619986684551, -7.790994388385601 ], [ 109.735788867835609, -7.79107792945483 ], [ 109.736070828100438, -7.791356092762506 ], [ 109.736613950346609, -7.7914388549834 ], [ 109.736779085078098, -7.791530989136087 ], [ 109.737364025356612, -7.7916638774864 ], [ 109.737732592297235, -7.791799225990268 ], [ 109.73877557780196, -7.79171542053608 ], [ 109.739423942430008, -7.791779177942001 ] ], [ [ 109.734248424861008, -7.791779177942001 ], [ 109.73434827481978, -7.791530777399214 ], [ 109.734141422201759, -7.791699582045744 ], [ 109.734248424861008, -7.791779177942001 ] ], [ [ 109.734698469866998, -7.792304230449001 ], [ 109.734729785750474, -7.792035516328463 ], [ 109.734917669606006, -7.791789487810912 ], [ 109.73487462807789, -7.791571671228724 ], [ 109.734679905693625, -7.7916101495411 ], [ 109.734548678619376, -7.792264712336902 ], [ 109.734698469866998, -7.792304230449001 ] ], [ [ 109.73747374740401, -7.792079207946001 ], [ 109.737015263825242, -7.791937631516768 ], [ 109.736838293002563, -7.791739564834439 ], [ 109.736732153314151, -7.791668776047562 ], [ 109.736857416847997, -7.792017883797329 ], [ 109.736506307326394, -7.792114602339439 ], [ 109.735993142414131, -7.791930472521425 ], [ 109.736013336389163, -7.791591659189501 ], [ 109.736006022883132, -7.791468955955024 ], [ 109.735775027683545, -7.791368746043561 ], [ 109.735799905049291, -7.791786136073445 ], [ 109.735699752364013, -7.792065260208712 ], [ 109.736121124763883, -7.792333249273526 ], [ 109.737076486111306, -7.792422907249327 ], [ 109.737058970893841, -7.792716771704501 ], [ 109.737063831685731, -7.792798328742007 ], [ 109.737286228651499, -7.792785073441518 ], [ 109.738367152253446, -7.792849499249242 ], [ 109.738484239310452, -7.792519171415554 ], [ 109.737532097508009, -7.792391825420948 ], [ 109.73747374740401, -7.792079207946001 ], [ 109.737565198276087, -7.79205353055823 ], [ 109.737499424791778, -7.791987757073924 ], [ 109.73747374740401, -7.792079207946001 ] ], [ [ 109.733573357352, -7.792154215447001 ], [ 109.733522019744314, -7.791974659717697 ], [ 109.733389987497688, -7.792101787108289 ], [ 109.733573357352, -7.792154215447001 ] ], [ [ 109.738973897424003, -7.792529252952001 ], [ 109.738928608623738, -7.792362196565325 ], [ 109.738455013899397, -7.79227223529076 ], [ 109.738492925100317, -7.7924924416383 ], [ 109.738973897424003, -7.792529252952001 ] ], [ [ 109.735373537376006, -7.795004500485001 ], [ 109.73540850600665, -7.794500004767024 ], [ 109.735624498790429, -7.794320588097342 ], [ 109.735526420554237, -7.794145383274641 ], [ 109.735238216340704, -7.794310449906976 ], [ 109.73511448017365, -7.794928480080583 ], [ 109.735373537376006, -7.795004500485001 ] ], [ [ 109.742049204965014, -7.794929492984001 ], [ 109.742008449622858, -7.794834254883213 ], [ 109.741876711518799, -7.794899089858138 ], [ 109.742049204965014, -7.794929492984001 ] ], [ [ 109.734698469866998, -7.795079507986 ], [ 109.734698469866998, -7.794929492984001 ], [ 109.73447344736401, -7.794929492984001 ], [ 109.73447344736401, -7.795079507986 ], [ 109.734698469866998, -7.795079507986 ] ], [ [ 109.735748574881001, -7.795604560493 ], [ 109.735949837073321, -7.795250549031715 ], [ 109.735931012520822, -7.795016274199643 ], [ 109.735774351270067, -7.794894778437601 ], [ 109.735576270853457, -7.795552683814681 ], [ 109.735748574881001, -7.795604560493 ] ], [ [ 109.738598859919009, -7.795004500485001 ], [ 109.73857318253124, -7.794913049612924 ], [ 109.738507409046932, -7.79497882309723 ], [ 109.738598859919009, -7.795004500485001 ] ], [ [ 109.735448544877002, -7.795154515487001 ], [ 109.735422867489234, -7.795063064614924 ], [ 109.735357094004925, -7.79512883809923 ], [ 109.735448544877002, -7.795154515487001 ] ], [ [ 109.733798379855003, -7.795529552992001 ], [ 109.733772702467235, -7.795438102119924 ], [ 109.733706928982926, -7.79550387560423 ], [ 109.733798379855003, -7.795529552992001 ] ], [ [ 109.735148514873003, -7.795829582996 ], [ 109.735148514873003, -7.795679567994001 ], [ 109.734698469866998, -7.795679567994001 ], [ 109.734698469866998, -7.795829582996 ], [ 109.735148514873003, -7.795829582996 ] ], [ [ 109.739198919927006, -7.796579658006 ], [ 109.739233634473408, -7.7965393650514 ], [ 109.739382010517559, -7.796411530917463 ], [ 109.738904882648768, -7.796198627775243 ], [ 109.73872531833554, -7.795796213264873 ], [ 109.738586185464257, -7.795785033557999 ], [ 109.738408551962408, -7.7958642975424 ], [ 109.738157537899895, -7.796004347177102 ], [ 109.73794915562604, -7.796021090413372 ], [ 109.737693058734067, -7.795723839312759 ], [ 109.736833394441405, -7.795644853447601 ], [ 109.736005999420399, -7.795494838445602 ], [ 109.73579651668706, -7.795694909188816 ], [ 109.73631392034261, -7.7957892900414 ], [ 109.736552314887504, -7.795922298566695 ], [ 109.736836183645508, -7.795945107778234 ], [ 109.737071395842435, -7.795926208259435 ], [ 109.737397862053371, -7.796024499949283 ], [ 109.738041307518841, -7.796383500389097 ], [ 109.738333737885895, -7.796406997459341 ], [ 109.738472401502477, -7.796096243268873 ], [ 109.738658325933557, -7.796081303801854 ], [ 109.738629410688418, -7.796441162634395 ], [ 109.739008611970405, -7.796544943459601 ], [ 109.739198919927006, -7.796579658006 ] ], [ [ 109.734998499871011, -7.796129613 ], [ 109.73490468269631, -7.795958456357399 ], [ 109.734821927342551, -7.796091629694097 ], [ 109.734998499871011, -7.796129613 ] ], [ [ 109.736273627388002, -7.796129613 ], [ 109.73629930477577, -7.796221063872077 ], [ 109.736365078260079, -7.796155290387771 ], [ 109.736273627388002, -7.796129613 ], [ 109.736247950000234, -7.796038162127924 ], [ 109.736182176515925, -7.79610393561223 ], [ 109.736273627388002, -7.796129613 ] ], [ [ 109.735598559879008, -7.796354635503 ], [ 109.735649729813986, -7.796224473407988 ], [ 109.73517010573913, -7.79609693799472 ], [ 109.735198135122971, -7.79628661302975 ], [ 109.735598559879008, -7.796354635503 ] ], [ [ 109.736348634889012, -7.796504650505001 ], [ 109.73632955510773, -7.796373715856534 ], [ 109.736029525103731, -7.796371043393845 ], [ 109.736139858899023, -7.796485308055554 ], [ 109.736348634889012, -7.796504650505001 ] ], [ [ 109.737698769907013, -7.796504650505001 ], [ 109.737831151233351, -7.796833327935606 ], [ 109.737956467415287, -7.796548427389549 ], [ 109.737698769907013, -7.796504650505001 ], [ 109.737647945045907, -7.796408156861784 ], [ 109.737447869724605, -7.796472047604709 ], [ 109.737698769907013, -7.796504650505001 ] ], [ [ 109.739348934929012, -7.796954695511 ], [ 109.739417513640745, -7.796776283733071 ], [ 109.738316651292536, -7.796621310654681 ], [ 109.738338095087386, -7.79682840877302 ], [ 109.738486348667507, -7.79684684933784 ], [ 109.738615235763191, -7.796830817995273 ], [ 109.738932244775327, -7.79692134065868 ], [ 109.739348934929012, -7.796954695511 ] ], [ [ 109.736273627388002, -7.797029703012001 ], [ 109.736106294026612, -7.796849105193926 ], [ 109.735937523715791, -7.796965534149832 ], [ 109.736273627388002, -7.797029703012001 ] ], [ [ 109.73747374740401, -7.797104710513 ], [ 109.737418327280508, -7.796925237761661 ], [ 109.737213330507572, -7.797024295137821 ], [ 109.73747374740401, -7.797104710513 ] ], [ [ 109.739348934929012, -7.797254725515001 ], [ 109.739289415121846, -7.797137070774281 ], [ 109.738962463632888, -7.797079512680633 ], [ 109.739033927688709, -7.797225844605573 ], [ 109.739348934929012, -7.797254725515001 ] ], [ [ 109.737698769907013, -7.797404740517001 ], [ 109.737675144650112, -7.797242614165886 ], [ 109.737532356742619, -7.797380490350204 ], [ 109.737698769907013, -7.797404740517001 ] ], [ [ 109.738598859919009, -7.797704770521 ], [ 109.738575234662122, -7.797542644169885 ], [ 109.738432447326872, -7.797680520354204 ], [ 109.738598859919009, -7.797704770521 ] ], [ [ 109.740249024941008, -7.797854785523 ], [ 109.740344647601731, -7.797662415134808 ], [ 109.739989132236389, -7.797604565187633 ], [ 109.739923797104638, -7.797824967248715 ], [ 109.740249024941008, -7.797854785523 ] ], [ [ 109.740249024941008, -7.798229823028 ], [ 109.740216717327812, -7.798088523573488 ], [ 109.73992539485964, -7.797976883304474 ], [ 109.740000151709964, -7.798194573989063 ], [ 109.740249024941008, -7.798229823028 ] ] ] } },
{ "type": "Feature", "properties": { "Id": 119, "gridcode": 7, "bobot": 15.0, "total": 1.05 }, "geometry": { "type": "Polygon", "coordinates": [ [ [ 109.731248124821008, -7.799054905539 ], [ 109.731156673948931, -7.79902922815123 ], [ 109.73122244743324, -7.798963454666924 ], [ 109.731248124821008, -7.799054905539 ] ] ] } },
{ "type": "Feature", "properties": { "Id": 120, "gridcode": 7, "bobot": 15.0, "total": 1.05 }, "geometry": { "type": "Polygon", "coordinates": [ [ [ 109.741374137456006, -7.799129913040001 ], [ 109.741339422909604, -7.7990896200854 ], [ 109.740883799495407, -7.799020190992601 ], [ 109.740442122101712, -7.7988993121288 ], [ 109.739983709483411, -7.798795168489601 ], [ 109.739134159346122, -7.798532027626909 ], [ 109.738538758693835, -7.79819983307517 ], [ 109.7376082157692, -7.798274602515254 ], [ 109.737013187087101, -7.798166718572814 ], [ 109.736717002682511, -7.797822935719262 ], [ 109.73645835693641, -7.797745063475602 ], [ 109.736236123637511, -7.797663453217746 ], [ 109.736011508012652, -7.797745937891659 ], [ 109.735622133632333, -7.797639373584971 ], [ 109.735263815328608, -7.7974394550634 ], [ 109.734917913961809, -7.797335311424201 ], [ 109.734220991773981, -7.797079381060415 ], [ 109.73413738375011, -7.796530707874618 ], [ 109.733788162692505, -7.796374879837072 ], [ 109.733302394814785, -7.796413911526626 ], [ 109.732688296938264, -7.796245843953317 ], [ 109.732084512936481, -7.796166843209352 ], [ 109.731923192330001, -7.795979597998 ], [ 109.732108420890711, -7.795932063642356 ], [ 109.732148214833003, -7.795679567994001 ], [ 109.732480269752855, -7.795828229024539 ], [ 109.733007332043357, -7.795945563298641 ], [ 109.733904622550554, -7.796018973044645 ], [ 109.734337190680634, -7.796265941788363 ], [ 109.734459636969547, -7.796818129806246 ], [ 109.734950588967081, -7.797002606414922 ], [ 109.735925455858577, -7.797218780605693 ], [ 109.736457677089362, -7.797445713318641 ], [ 109.736839652696645, -7.797513782717361 ], [ 109.737357767101372, -7.797745743322641 ], [ 109.737814750209651, -7.79781381272136 ], [ 109.738260322417275, -7.797896213845048 ], [ 109.738593669504311, -7.79786223637187 ], [ 109.738939862724649, -7.79796382772336 ], [ 109.73923295462636, -7.798195788328641 ], [ 109.73946491523165, -7.798263857727361 ], [ 109.739682999632365, -7.798345803330641 ], [ 109.739989967738651, -7.79841387272936 ], [ 109.740208052139366, -7.798495818332641 ], [ 109.74069078359588, -7.798567723030064 ], [ 109.741101204049087, -7.798802786438921 ], [ 109.741449144957002, -7.798904890537001 ], [ 109.741449144957002, -7.799129913040001 ], [ 109.741374137456006, -7.799129913040001 ] ], [ [ 109.733723372354007, -7.796279628002001 ], [ 109.733763262436284, -7.796165817716174 ], [ 109.732952687048495, -7.796055039273458 ], [ 109.732862215888659, -7.79623101207152 ], [ 109.733723372354007, -7.796279628002001 ] ], [ [ 109.735973597384003, -7.797554755519 ], [ 109.735923917618805, -7.79736116735766 ], [ 109.735492916341585, -7.797355020121211 ], [ 109.735725594563178, -7.797515670036836 ], [ 109.735973597384003, -7.797554755519 ] ], [ [ 109.737998799911011, -7.798079808026 ], [ 109.737947975049906, -7.797983314382784 ], [ 109.737747899728603, -7.79804720512571 ], [ 109.737998799911011, -7.798079808026 ] ], [ [ 109.738523852418012, -7.798154815527001 ], [ 109.73859542177, -7.797995049183623 ], [ 109.738345240348437, -7.798044761567747 ], [ 109.738523852418012, -7.798154815527001 ] ], [ [ 109.740549054945006, -7.798754875535001 ], [ 109.740411166170929, -7.79857623370782 ], [ 109.740291357436732, -7.798711098650452 ], [ 109.740549054945006, -7.798754875535001 ] ] ] } },
{ "type": "Feature", "properties": { "Id": 121, "gridcode": 7, "bobot": 15.0, "total": 1.05 }, "geometry": { "type": "Polygon", "coordinates": [ [ [ 109.737023702398005, -7.799279928042001 ], [ 109.736626887469527, -7.79924205575489 ], [ 109.73626612846914, -7.799094405338722 ], [ 109.73669099738872, -7.79902223053372 ], [ 109.736974335087751, -7.798910844348955 ], [ 109.737788449056495, -7.798722200529721 ], [ 109.737926229673093, -7.798910560507093 ], [ 109.737741102402723, -7.79902223053372 ], [ 109.737413864782852, -7.799091284222767 ], [ 109.737056377403292, -7.79923759554628 ], [ 109.737023702398005, -7.799279928042001 ] ] ] } },
{ "type": "Feature", "properties": { "Id": 122, "gridcode": 7, "bobot": 15.0, "total": 1.05 }, "geometry": { "type": "Polygon", "coordinates": [ [ [ 109.734398439863, -7.799504950545001 ], [ 109.734225945844528, -7.799474547419138 ], [ 109.734357684520859, -7.799409712444213 ], [ 109.734398439863, -7.799504950545001 ] ] ] } },
{ "type": "Feature", "properties": { "Id": 123, "gridcode": 7, "bobot": 15.0, "total": 1.05 }, "geometry": { "type": "Polygon", "coordinates": [ [ [ 109.740699069947013, -7.799579958046 ], [ 109.74051637993972, -7.79952908511491 ], [ 109.74071604552158, -7.799326007708104 ], [ 109.740877504615412, -7.799302147823867 ], [ 109.740699069947013, -7.799579958046 ] ] ] } },
{ "type": "Feature", "properties": { "Id": 124, "gridcode": 7, "bobot": 15.0, "total": 1.05 }, "geometry": { "type": "Polygon", "coordinates": [ [ [ 109.736798679895003, -7.799654965547001 ], [ 109.736707229022926, -7.79962928815923 ], [ 109.736773002507235, -7.799563514674924 ], [ 109.736798679895003, -7.799654965547001 ] ] ] } },
{ "type": "Feature", "properties": { "Id": 125, "gridcode": 7, "bobot": 15.0, "total": 1.05 }, "geometry": { "type": "Polygon", "coordinates": [ [ [ 109.737848784909005, -7.799654965547001 ], [ 109.737663376085834, -7.799483174838304 ], [ 109.737653890273933, -7.799243853801522 ], [ 109.737959795690017, -7.799338241521248 ], [ 109.737848784909005, -7.799654965547001 ] ] ] } },
{ "type": "Feature", "properties": { "Id": 126, "gridcode": 7, "bobot": 15.0, "total": 1.05 }, "geometry": { "type": "Polygon", "coordinates": [ [ [ 109.739573957432, -7.799879988050001 ], [ 109.739482506559924, -7.79985431066223 ], [ 109.739548280044232, -7.799788537177924 ], [ 109.739573957432, -7.799879988050001 ] ] ] } },
{ "type": "Feature", "properties": { "Id": 127, "gridcode": 7, "bobot": 15.0, "total": 1.05 }, "geometry": { "type": "Polygon", "coordinates": [ [ [ 109.73747374740401, -7.799954995551 ], [ 109.737342037340781, -7.799921195478986 ], [ 109.737068073862588, -7.799732040057687 ], [ 109.737134780133658, -7.79968148301512 ], [ 109.737443111367583, -7.799760608512162 ], [ 109.73747374740401, -7.799954995551 ] ] ] } },
{ "type": "Feature", "properties": { "Id": 128, "gridcode": 7, "bobot": 15.0, "total": 1.05 }, "geometry": { "type": "Polygon", "coordinates": [ [ [ 109.73912391242601, -7.800030003052001 ], [ 109.738723506554621, -7.799979920986742 ], [ 109.738340482563686, -7.79981852255266 ], [ 109.738487819380381, -7.79969661819568 ], [ 109.739307282280322, -7.799800205596392 ], [ 109.739240572575682, -7.79992164069868 ], [ 109.73915726727833, -7.799988350403321 ], [ 109.73912391242601, -7.800030003052001 ] ] ] } },
{ "type": "Feature", "properties": { "Id": 129, "gridcode": 7, "bobot": 15.0, "total": 1.05 }, "geometry": { "type": "Polygon", "coordinates": [ [ [ 109.740324032442004, -7.800180018054 ], [ 109.740063615545566, -7.800099602678821 ], [ 109.740268612318516, -7.800000545302661 ], [ 109.740324032442004, -7.800180018054 ] ] ] } },
{ "type": "Feature", "properties": { "Id": 130, "gridcode": 7, "bobot": 15.0, "total": 1.05 }, "geometry": { "type": "Polygon", "coordinates": [ [ [ 109.732073207332007, -7.800330033056 ], [ 109.731906794453735, -7.800305782889204 ], [ 109.732049582075106, -7.800167906704885 ], [ 109.732073207332007, -7.800330033056 ] ] ] } },
{ "type": "Feature", "properties": { "Id": 131, "gridcode": 7, "bobot": 15.0, "total": 1.05 }, "geometry": { "type": "Polygon", "coordinates": [ [ [ 109.734773477368009, -7.800705070561 ], [ 109.734590107513682, -7.800652642222289 ], [ 109.734722139760322, -7.800525514259435 ], [ 109.734773477368009, -7.800705070561 ] ] ] } },
{ "type": "Feature", "properties": { "Id": 132, "gridcode": 7, "bobot": 15.0, "total": 1.05 }, "geometry": { "type": "Polygon", "coordinates": [ [ [ 109.733348334848998, -7.800780078062001 ], [ 109.733175841116662, -7.800749674936138 ], [ 109.733307579220721, -7.800684839961213 ], [ 109.733348334848998, -7.800780078062001 ] ] ] } },
{ "type": "Feature", "properties": { "Id": 133, "gridcode": 7, "bobot": 15.0, "total": 1.05 }, "geometry": { "type": "Polygon", "coordinates": [ [ [ 109.730423042310008, -7.800855085563001 ], [ 109.730423042310008, -7.800705070561 ], [ 109.730573057312, -7.800705070561 ], [ 109.730573057312, -7.800855085563001 ], [ 109.730423042310008, -7.800855085563001 ] ] ] } },
{ "type": "Feature", "properties": { "Id": 134, "gridcode": 7, "bobot": 15.0, "total": 1.05 }, "geometry": { "type": "Polygon", "coordinates": [ [ [ 109.735823582382011, -7.800855085563001 ], [ 109.735651088363539, -7.800824682437137 ], [ 109.735782827039856, -7.800759847462213 ], [ 109.735823582382011, -7.800855085563001 ] ] ] } },
{ "type": "Feature", "properties": { "Id": 135, "gridcode": 7, "bobot": 15.0, "total": 1.05 }, "geometry": { "type": "Polygon", "coordinates": [ [ [ 109.738448844917002, -7.800855085563001 ], [ 109.738267514603805, -7.800807246764069 ], [ 109.738522434353214, -7.800676006527792 ], [ 109.738448844917002, -7.800855085563001 ] ] ] } },
{ "type": "Feature", "properties": { "Id": 136, "gridcode": 7, "bobot": 15.0, "total": 1.05 }, "geometry": { "type": "Polygon", "coordinates": [ [ [ 109.740774077448009, -7.801080108066 ], [ 109.740682626575932, -7.80105443067823 ], [ 109.740748400060241, -7.800988657193924 ], [ 109.740774077448009, -7.801080108066 ] ] ] } },
{ "type": "Feature", "properties": { "Id": 137, "gridcode": 7, "bobot": 15.0, "total": 1.05 }, "geometry": { "type": "Polygon", "coordinates": [ [ [ 109.740774077448009, -7.801080108066 ], [ 109.740865528320086, -7.801105785453771 ], [ 109.740799754835777, -7.801171558938077 ], [ 109.740774077448009, -7.801080108066 ] ] ] } },
{ "type": "Feature", "properties": { "Id": 138, "gridcode": 7, "bobot": 15.0, "total": 1.05 }, "geometry": { "type": "Polygon", "coordinates": [ [ [ 109.73229822983501, -7.801230123068001 ], [ 109.732045531605962, -7.801190297079043 ], [ 109.731904984389615, -7.80097446510084 ], [ 109.732251569895411, -7.801048302898684 ], [ 109.73229822983501, -7.801230123068001 ] ] ] } },
{ "type": "Feature", "properties": { "Id": 139, "gridcode": 7, "bobot": 15.0, "total": 1.05 }, "geometry": { "type": "Polygon", "coordinates": [ [ [ 109.736273627388002, -7.801305130569 ], [ 109.736092976349582, -7.801258770494607 ], [ 109.736331542573026, -7.80097446510084 ], [ 109.736396688286121, -7.801118907417257 ], [ 109.736273627388002, -7.801305130569 ] ] ] } },
{ "type": "Feature", "properties": { "Id": 140, "gridcode": 7, "bobot": 15.0, "total": 1.05 }, "geometry": { "type": "Polygon", "coordinates": [ [ [ 109.740924092450001, -7.801455145571 ], [ 109.740828024569581, -7.801417641820501 ], [ 109.740924092450001, -7.801380138070001 ], [ 109.740924092450001, -7.801455145571 ] ] ] } },
{ "type": "Feature", "properties": { "Id": 141, "gridcode": 7, "bobot": 15.0, "total": 1.05 }, "geometry": { "type": "Polygon", "coordinates": [ [ [ 109.739723972434007, -7.801605160573001 ], [ 109.73963252156193, -7.80157948318523 ], [ 109.739698295046239, -7.801513709700924 ], [ 109.739723972434007, -7.801605160573001 ] ] ] } },
{ "type": "Feature", "properties": { "Id": 142, "gridcode": 7, "bobot": 15.0, "total": 1.05 }, "geometry": { "type": "Polygon", "coordinates": [ [ [ 109.735148514873003, -7.801980198078001 ], [ 109.734137343691785, -7.801933966190253 ], [ 109.734426622613015, -7.801650466541126 ], [ 109.735069122701958, -7.801624999745704 ], [ 109.735334603543222, -7.801750291892646 ], [ 109.735262456206783, -7.801869116336522 ], [ 109.735184588541216, -7.801941264817479 ], [ 109.735148514873003, -7.801980198078001 ] ] ] } },
{ "type": "Feature", "properties": { "Id": 143, "gridcode": 7, "bobot": 15.0, "total": 1.05 }, "geometry": { "type": "Polygon", "coordinates": [ [ [ 109.733648364853011, -7.802505250585001 ], [ 109.733319255936991, -7.802467823517584 ], [ 109.73328861017211, -7.802331120469993 ], [ 109.733586538830721, -7.802264331793222 ], [ 109.733648364853011, -7.802505250585001 ] ] ] } },
{ "type": "Feature", "properties": { "Id": 144, "gridcode": 7, "bobot": 15.0, "total": 1.05 }, "geometry": { "type": "Polygon", "coordinates": [ [ [ 109.739423942430008, -7.803855385603001 ], [ 109.738645270352436, -7.803824522378636 ], [ 109.739105730523534, -7.803676773533435 ], [ 109.739384179389845, -7.803790852782316 ], [ 109.739423942430008, -7.803855385603001 ] ] ] } },
{ "type": "Feature", "properties": { "Id": 145, "gridcode": 7, "bobot": 15.0, "total": 1.05 }, "geometry": { "type": "Polygon", "coordinates": [ [ [ 109.738148814913004, -7.804380438110001 ], [ 109.737721991719312, -7.804355123536222 ], [ 109.737523557072635, -7.804254737368121 ], [ 109.738085703590684, -7.804255682744644 ], [ 109.738148814913004, -7.804380438110001 ] ] ] } },
{ "type": "Feature", "properties": { "Id": 146, "gridcode": 7, "bobot": 15.0, "total": 1.05 }, "geometry": { "type": "Polygon", "coordinates": [ [ [ 109.728997899790997, -7.806855685643001 ], [ 109.728997899790997, -7.806630663140001 ], [ 109.729072907292007, -7.806630663140001 ], [ 109.729708361478842, -7.806676595162555 ], [ 109.729562565620157, -7.806820292394085 ], [ 109.728997899790997, -7.806855685643001 ] ] ] } },
{ "type": "Feature", "properties": { "Id": 147, "gridcode": 7, "bobot": 15.0, "total": 1.05 }, "geometry": { "type": "Polygon", "coordinates": [ [ [ 109.730423042310008, -7.807530753152 ], [ 109.730348034808998, -7.807530753152 ], [ 109.73032283697664, -7.807480943483368 ], [ 109.730097814473638, -7.807367109162545 ], [ 109.730255755731008, -7.807227072117602 ], [ 109.730397844477636, -7.807405935982367 ], [ 109.730423042310008, -7.807530753152 ] ] ] } },
{ "type": "Feature", "properties": { "Id": 148, "gridcode": 9, "bobot": 15.0, "total": 1.35 }, "geometry": { "type": "Polygon", "coordinates": [ [ [ 109.731698169826998, -7.807905790657 ], [ 109.731623162326002, -7.807905790657 ], [ 109.731623162326002, -7.807830783156001 ], [ 109.731698169826998, -7.807830783156001 ], [ 109.731698169826998, -7.807905790657 ] ] ] } },
{ "type": "Feature", "properties": { "Id": 149, "gridcode": 7, "bobot": 15.0, "total": 1.05 }, "geometry": { "type": "Polygon", "coordinates": [ [ [ 109.731698169826998, -7.807905790657 ], [ 109.731698169826998, -7.807830783156001 ], [ 109.731623162326002, -7.807830783156001 ], [ 109.731442511573718, -7.807786412263686 ], [ 109.731173117319997, -7.807755775655 ], [ 109.731139762467677, -7.807714124150844 ], [ 109.730839732463679, -7.807587695491932 ], [ 109.730913607458547, -7.807478510226118 ], [ 109.73161729521172, -7.807390981636542 ], [ 109.731781475124365, -7.807522455355641 ], [ 109.7319349600359, -7.807714124150844 ], [ 109.732564904986688, -7.807647412157157 ], [ 109.733090252780784, -7.807497397155156 ], [ 109.733456697202328, -7.807660672608002 ], [ 109.733389987497688, -7.807722419658157 ], [ 109.732931644695327, -7.807789131651844 ], [ 109.73271491998868, -7.807872434660156 ], [ 109.731698169826998, -7.807905790657 ] ] ] } },
{ "type": "Feature", "properties": { "Id": 150, "gridcode": 7, "bobot": 15.0, "total": 1.05 }, "geometry": { "type": "Polygon", "coordinates": [ [ [ 109.734323432362004, -7.808205820661001 ], [ 109.734072532179596, -7.808173217760709 ], [ 109.734272607500912, -7.808109328162308 ], [ 109.734323432362004, -7.808205820661001 ] ] ] } },
{ "type": "Feature", "properties": { "Id": 151, "gridcode": 7, "bobot": 15.0, "total": 1.05 }, "geometry": { "type": "Polygon", "coordinates": [ [ [ 109.735673567380005, -7.808205820661001 ], [ 109.734963785324609, -7.808146495422859 ], [ 109.735109774464718, -7.807871077255125 ], [ 109.735626930330895, -7.807950150104079 ], [ 109.735673567380005, -7.808205820661001 ] ] ] } },
{ "type": "Feature", "properties": { "Id": 152, "gridcode": 7, "bobot": 15.0, "total": 1.05 }, "geometry": { "type": "Polygon", "coordinates": [ [ [ 109.733498349851004, -7.808280828162 ], [ 109.733574555668255, -7.808174504205276 ], [ 109.734050074336821, -7.808245835496358 ], [ 109.733498349851004, -7.808280828162 ] ] ] } },
{ "type": "Feature", "properties": { "Id": 153, "gridcode": 7, "bobot": 15.0, "total": 1.05 }, "geometry": { "type": "Polygon", "coordinates": [ [ [ 109.736873687395999, -7.808955895671001 ], [ 109.735865012420831, -7.80890493461159 ], [ 109.735856683150075, -7.808694800072045 ], [ 109.736820137424132, -7.808786755679045 ], [ 109.736873687395999, -7.808955895671001 ] ] ] } },
{ "type": "Feature", "properties": { "Id": 154, "gridcode": 7, "bobot": 15.0, "total": 1.05 }, "geometry": { "type": "Polygon", "coordinates": [ [ [ 109.737548754905006, -7.809255925675 ], [ 109.737410840951412, -7.809226259622359 ], [ 109.737319372911472, -7.809004345645554 ], [ 109.737511841728704, -7.809084327246275 ], [ 109.737548754905006, -7.809255925675 ] ] ] } },
{ "type": "Feature", "properties": { "Id": 155, "gridcode": 7, "bobot": 15.0, "total": 1.05 }, "geometry": { "type": "Polygon", "coordinates": [ [ [ 109.737698769907013, -7.809330933176001 ], [ 109.737623762406002, -7.809330933176001 ], [ 109.737548754905006, -7.809330933176001 ], [ 109.737548754905006, -7.809255925675 ], [ 109.737698769907013, -7.809255925675 ], [ 109.737698769907013, -7.809330933176001 ] ] ] } },
{ "type": "Feature", "properties": { "Id": 156, "gridcode": 9, "bobot": 15.0, "total": 1.35 }, "geometry": { "type": "Polygon", "coordinates": [ [ [ 109.737698769907013, -7.809405940677 ], [ 109.737623762406002, -7.809405940677 ], [ 109.737623762406002, -7.809330933176001 ], [ 109.737698769907013, -7.809330933176001 ], [ 109.737698769907013, -7.809405940677 ] ] ] } },
{ "type": "Feature", "properties": { "Id": 157, "gridcode": 9, "bobot": 15.0, "total": 1.35 }, "geometry": { "type": "Polygon", "coordinates": [ [ [ 109.738223822414, -7.809480948178001 ], [ 109.737848784909005, -7.809480948178001 ], [ 109.737848784909005, -7.809405940677 ], [ 109.738223822414, -7.809405940677 ], [ 109.738223822414, -7.809480948178001 ] ] ] } },
{ "type": "Feature", "properties": { "Id": 158, "gridcode": 7, "bobot": 15.0, "total": 1.05 }, "geometry": { "type": "Polygon", "coordinates": [ [ [ 109.738448844917002, -7.809480948178001 ], [ 109.738223822414, -7.809480948178001 ], [ 109.738223822414, -7.809405940677 ], [ 109.737848784909005, -7.809405940677 ], [ 109.737698769907013, -7.809405940677 ], [ 109.737698769907013, -7.809330933176001 ], [ 109.738673867420005, -7.809330933176001 ], [ 109.738673867420005, -7.809480948178001 ], [ 109.738448844917002, -7.809480948178001 ] ] ] } },
{ "type": "Feature", "properties": { "Id": 159, "gridcode": 9, "bobot": 15.0, "total": 1.35 }, "geometry": { "type": "Polygon", "coordinates": [ [ [ 109.739198919927006, -7.809780978182 ], [ 109.739004532888174, -7.809750341573316 ], [ 109.738559347529531, -7.809640996074193 ], [ 109.738448844917002, -7.809480948178001 ], [ 109.738673867420005, -7.809480948178001 ], [ 109.738673867420005, -7.809330933176001 ], [ 109.737698769907013, -7.809330933176001 ], [ 109.737698769907013, -7.809255925675 ], [ 109.737548754905006, -7.809255925675 ], [ 109.737511841728704, -7.809084327246275 ], [ 109.737319372911472, -7.809004345645554 ], [ 109.737410840951412, -7.809226259622359 ], [ 109.737548754905006, -7.809255925675 ], [ 109.737548754905006, -7.809330933176001 ], [ 109.7370742050757, -7.809250319798232 ], [ 109.73669099738872, -7.809138586822804 ], [ 109.736081279890286, -7.809073234523196 ], [ 109.735715899875728, -7.808838556818804 ], [ 109.735256197379286, -7.808773204519197 ], [ 109.734890817364729, -7.808688541816804 ], [ 109.734296085686509, -7.808587510137373 ], [ 109.733840712350727, -7.808388511812804 ], [ 109.733531024856291, -7.808323159513196 ], [ 109.733498349851004, -7.808280828162 ], [ 109.734050074336821, -7.808245835496358 ], [ 109.733574555668255, -7.808174504205276 ], [ 109.733498349851004, -7.808280828162 ], [ 109.73324065234273, -7.808238496810804 ], [ 109.732630934844281, -7.808173144511197 ], [ 109.732371775493192, -7.808016818605869 ], [ 109.731730844832285, -7.807948122008196 ], [ 109.731698169826998, -7.807905790657 ], [ 109.73271491998868, -7.807872434660156 ], [ 109.732931644695327, -7.807789131651844 ], [ 109.733389987497688, -7.807722419658157 ], [ 109.733456697202328, -7.807660672608002 ], [ 109.733090252780784, -7.807497397155156 ], [ 109.732564904986688, -7.807647412157157 ], [ 109.7319349600359, -7.807714124150844 ], [ 109.731781475124365, -7.807522455355641 ], [ 109.73161729521172, -7.807390981636542 ], [ 109.730913607458547, -7.807478510226118 ], [ 109.730839732463679, -7.807587695491932 ], [ 109.731139762467677, -7.807714124150844 ], [ 109.731173117319997, -7.807755775655 ], [ 109.730823277647374, -7.807730577822634 ], [ 109.730423042310008, -7.807530753152 ], [ 109.730397844477636, -7.807405935982367 ], [ 109.730255755731008, -7.807227072117602 ], [ 109.730097814473638, -7.807367109162545 ], [ 109.73032283697664, -7.807480943483368 ], [ 109.730348034808998, -7.807530753152 ], [ 109.730015546114686, -7.80747427091057 ], [ 109.729790307153664, -7.807338406798804 ], [ 109.729120643763366, -7.807266631432552 ], [ 109.728815209640658, -7.807083956304079 ], [ 109.728955567438348, -7.806888361792804 ], [ 109.728997899790997, -7.806855685643001 ], [ 109.729562565620157, -7.806820292394085 ], [ 109.729708361478842, -7.806676595162555 ], [ 109.729072907292007, -7.806630663140001 ], [ 109.72948687834365, -7.804944425022045 ], [ 109.729619656104376, -7.804386998519481 ], [ 109.730009071258351, -7.802541324825479 ], [ 109.730383988159176, -7.80096651066157 ], [ 109.730423042310008, -7.800855085563001 ], [ 109.730573057312, -7.800855085563001 ], [ 109.730573057312, -7.800705070561 ], [ 109.730423042310008, -7.800705070561 ], [ 109.7304913826747, -7.800510088369871 ], [ 109.731010024561741, -7.798051929719279 ], [ 109.731327749902619, -7.796718060671191 ], [ 109.73165923628035, -7.79601567223848 ], [ 109.731923192330001, -7.795979597998 ], [ 109.732084512936481, -7.796166843209352 ], [ 109.732688296938264, -7.796245843953317 ], [ 109.733302394814785, -7.796413911526626 ], [ 109.733788162692505, -7.796374879837072 ], [ 109.73413738375011, -7.796530707874618 ], [ 109.734220991773981, -7.797079381060415 ], [ 109.734917913961809, -7.797335311424201 ], [ 109.735263815328608, -7.7974394550634 ], [ 109.735622133632333, -7.797639373584971 ], [ 109.736011508012652, -7.797745937891659 ], [ 109.736236123637511, -7.797663453217746 ], [ 109.73645835693641, -7.797745063475602 ], [ 109.736717002682511, -7.797822935719262 ], [ 109.737013187087101, -7.798166718572814 ], [ 109.7376082157692, -7.798274602515254 ], [ 109.738538758693835, -7.79819983307517 ], [ 109.739134159346122, -7.798532027626909 ], [ 109.739983709483411, -7.798795168489601 ], [ 109.740442122101712, -7.7988993121288 ], [ 109.740883799495407, -7.799020190992601 ], [ 109.741339422909604, -7.7990896200854 ], [ 109.741374137456006, -7.799129913040001 ], [ 109.741334815057456, -7.799685343493343 ], [ 109.741004678359204, -7.801160693975202 ], [ 109.740924092450001, -7.801380138070001 ], [ 109.740828024569581, -7.801417641820501 ], [ 109.740924092450001, -7.801455145571 ], [ 109.740810831535526, -7.802166967167519 ], [ 109.74063741216969, -7.803307329315444 ], [ 109.740141583929216, -7.804945857965637 ], [ 109.740046016205625, -7.806118031003497 ], [ 109.739762225847485, -7.808844135227005 ], [ 109.739685719020528, -7.809217671116995 ], [ 109.739648964933011, -7.809480948178001 ], [ 109.739573957432, -7.809480948178001 ], [ 109.739573957432, -7.80963096318 ], [ 109.739198919927006, -7.80963096318 ], [ 109.739198919927006, -7.809780978182 ] ], [ [ 109.734098409859001, -7.797404740517001 ], [ 109.734098409859001, -7.797254725515001 ], [ 109.733873387355999, -7.797254725515001 ], [ 109.733873387355999, -7.797404740517001 ], [ 109.734098409859001, -7.797404740517001 ] ], [ [ 109.734098409859001, -7.797779778022001 ], [ 109.733851264286386, -7.797811893355223 ], [ 109.734045271915633, -7.797880663202408 ], [ 109.734098409859001, -7.797779778022001 ], [ 109.734189860731078, -7.79775410063423 ], [ 109.734124087246769, -7.797688327149924 ], [ 109.734098409859001, -7.797779778022001 ] ], [ [ 109.733198319847006, -7.798379838030001 ], [ 109.733270689507151, -7.798224942779218 ], [ 109.733044574556345, -7.798127578153514 ], [ 109.732946060256651, -7.798249433295977 ], [ 109.733198319847006, -7.798379838030001 ] ], [ [ 109.731998199830997, -7.798829883036 ], [ 109.731950735577428, -7.79865943485353 ], [ 109.731504550763518, -7.79849717802672 ], [ 109.731365464817728, -7.798620446655874 ], [ 109.731791318313768, -7.798794739293237 ], [ 109.731998199830997, -7.798829883036 ] ], [ [ 109.734923492370001, -7.798679868034 ], [ 109.734868595293804, -7.798497532829048 ], [ 109.7345887478196, -7.798636069403504 ], [ 109.734923492370001, -7.798679868034 ] ], [ [ 109.738673867420005, -7.798829883036 ], [ 109.738698385405328, -7.798779393520328 ], [ 109.738843069216244, -7.798709134647893 ], [ 109.738347997505883, -7.798655350048673 ], [ 109.738274311929672, -7.798801934913336 ], [ 109.738673867420005, -7.798829883036 ] ], [ [ 109.737023702398005, -7.799279928042001 ], [ 109.737056377403292, -7.79923759554628 ], [ 109.737413864782852, -7.799091284222767 ], [ 109.737741102402723, -7.79902223053372 ], [ 109.737926229673093, -7.798910560507093 ], [ 109.737788449056495, -7.798722200529721 ], [ 109.736974335087751, -7.798910844348955 ], [ 109.73669099738872, -7.79902223053372 ], [ 109.73626612846914, -7.799094405338722 ], [ 109.736626887469527, -7.79924205575489 ], [ 109.737023702398005, -7.799279928042001 ] ], [ [ 109.731248124821008, -7.799054905539 ], [ 109.73122244743324, -7.798963454666924 ], [ 109.731156673948931, -7.79902922815123 ], [ 109.731248124821008, -7.799054905539 ] ], [ [ 109.737848784909005, -7.799654965547001 ], [ 109.737959795690017, -7.799338241521248 ], [ 109.737653890273933, -7.799243853801522 ], [ 109.737663376085834, -7.799483174838304 ], [ 109.737848784909005, -7.799654965547001 ] ], [ [ 109.740699069947013, -7.799579958046 ], [ 109.740877504615412, -7.799302147823867 ], [ 109.74071604552158, -7.799326007708104 ], [ 109.74051637993972, -7.79952908511491 ], [ 109.740699069947013, -7.799579958046 ] ], [ [ 109.734398439863, -7.799504950545001 ], [ 109.734357684520859, -7.799409712444213 ], [ 109.734225945844528, -7.799474547419138 ], [ 109.734398439863, -7.799504950545001 ] ], [ [ 109.736798679895003, -7.799654965547001 ], [ 109.736773002507235, -7.799563514674924 ], [ 109.736707229022926, -7.79962928815923 ], [ 109.736798679895003, -7.799654965547001 ] ], [ [ 109.73747374740401, -7.799954995551 ], [ 109.737443111367583, -7.799760608512162 ], [ 109.737134780133658, -7.79968148301512 ], [ 109.737068073862588, -7.799732040057687 ], [ 109.737342037340781, -7.799921195478986 ], [ 109.73747374740401, -7.799954995551 ] ], [ [ 109.73912391242601, -7.800030003052001 ], [ 109.73915726727833, -7.799988350403321 ], [ 109.739240572575682, -7.79992164069868 ], [ 109.739307282280322, -7.799800205596392 ], [ 109.738487819380381, -7.79969661819568 ], [ 109.738340482563686, -7.79981852255266 ], [ 109.738723506554621, -7.799979920986742 ], [ 109.73912391242601, -7.800030003052001 ] ], [ [ 109.739573957432, -7.799879988050001 ], [ 109.739548280044232, -7.799788537177924 ], [ 109.739482506559924, -7.79985431066223 ], [ 109.739573957432, -7.799879988050001 ] ], [ [ 109.740324032442004, -7.800180018054 ], [ 109.740268612318516, -7.800000545302661 ], [ 109.740063615545566, -7.800099602678821 ], [ 109.740324032442004, -7.800180018054 ] ], [ [ 109.732073207332007, -7.800330033056 ], [ 109.732049582075106, -7.800167906704885 ], [ 109.731906794453735, -7.800305782889204 ], [ 109.732073207332007, -7.800330033056 ] ], [ [ 109.734773477368009, -7.800705070561 ], [ 109.734722139760322, -7.800525514259435 ], [ 109.734590107513682, -7.800652642222289 ], [ 109.734773477368009, -7.800705070561 ] ], [ [ 109.733348334848998, -7.800780078062001 ], [ 109.733307579220721, -7.800684839961213 ], [ 109.733175841116662, -7.800749674936138 ], [ 109.733348334848998, -7.800780078062001 ] ], [ [ 109.738448844917002, -7.800855085563001 ], [ 109.738522434353214, -7.800676006527792 ], [ 109.738267514603805, -7.800807246764069 ], [ 109.738448844917002, -7.800855085563001 ] ], [ [ 109.735823582382011, -7.800855085563001 ], [ 109.735782827039856, -7.800759847462213 ], [ 109.735651088363539, -7.800824682437137 ], [ 109.735823582382011, -7.800855085563001 ] ], [ [ 109.73229822983501, -7.801230123068001 ], [ 109.732251569895411, -7.801048302898684 ], [ 109.731904984389615, -7.80097446510084 ], [ 109.732045531605962, -7.801190297079043 ], [ 109.73229822983501, -7.801230123068001 ] ], [ [ 109.736273627388002, -7.801305130569 ], [ 109.736396688286121, -7.801118907417257 ], [ 109.736331542573026, -7.80097446510084 ], [ 109.736092976349582, -7.801258770494607 ], [ 109.736273627388002, -7.801305130569 ] ], [ [ 109.740774077448009, -7.801080108066 ], [ 109.740799754835777, -7.801171558938077 ], [ 109.740865528320086, -7.801105785453771 ], [ 109.740774077448009, -7.801080108066 ], [ 109.740748400060241, -7.800988657193924 ], [ 109.740682626575932, -7.80105443067823 ], [ 109.740774077448009, -7.801080108066 ] ], [ [ 109.739723972434007, -7.801605160573001 ], [ 109.739698295046239, -7.801513709700924 ], [ 109.73963252156193, -7.80157948318523 ], [ 109.739723972434007, -7.801605160573001 ] ], [ [ 109.735148514873003, -7.801980198078001 ], [ 109.735184588541216, -7.801941264817479 ], [ 109.735262456206783, -7.801869116336522 ], [ 109.735334603543222, -7.801750291892646 ], [ 109.735069122701958, -7.801624999745704 ], [ 109.734426622613015, -7.801650466541126 ], [ 109.734137343691785, -7.801933966190253 ], [ 109.735148514873003, -7.801980198078001 ] ], [ [ 109.733648364853011, -7.802505250585001 ], [ 109.733586538830721, -7.802264331793222 ], [ 109.73328861017211, -7.802331120469993 ], [ 109.733319255936991, -7.802467823517584 ], [ 109.733648364853011, -7.802505250585001 ] ], [ [ 109.739423942430008, -7.803855385603001 ], [ 109.739384179389845, -7.803790852782316 ], [ 109.739105730523534, -7.803676773533435 ], [ 109.738645270352436, -7.803824522378636 ], [ 109.739423942430008, -7.803855385603001 ] ], [ [ 109.738148814913004, -7.804380438110001 ], [ 109.738085703590684, -7.804255682744644 ], [ 109.737523557072635, -7.804254737368121 ], [ 109.737721991719312, -7.804355123536222 ], [ 109.738148814913004, -7.804380438110001 ] ], [ [ 109.735673567380005, -7.808205820661001 ], [ 109.735626930330895, -7.807950150104079 ], [ 109.735109774464718, -7.807871077255125 ], [ 109.734963785324609, -7.808146495422859 ], [ 109.735673567380005, -7.808205820661001 ] ], [ [ 109.734323432362004, -7.808205820661001 ], [ 109.734272607500912, -7.808109328162308 ], [ 109.734072532179596, -7.808173217760709 ], [ 109.734323432362004, -7.808205820661001 ] ], [ [ 109.736873687395999, -7.808955895671001 ], [ 109.736820137424132, -7.808786755679045 ], [ 109.735856683150075, -7.808694800072045 ], [ 109.735865012420831, -7.80890493461159 ], [ 109.736873687395999, -7.808955895671001 ] ] ] } },
{ "type": "Feature", "properties": { "Id": 160, "gridcode": 7, "bobot": 15.0, "total": 1.05 }, "geometry": { "type": "Polygon", "coordinates": [ [ [ 109.739573957432, -7.809780978182 ], [ 109.739423942430008, -7.809780978182 ], [ 109.739198919927006, -7.809780978182 ], [ 109.739198919927006, -7.80963096318 ], [ 109.739573957432, -7.80963096318 ], [ 109.739573957432, -7.809480948178001 ], [ 109.739648964933011, -7.809480948178001 ], [ 109.739648964933011, -7.809705970681001 ], [ 109.739573957432, -7.809705970681001 ], [ 109.739573957432, -7.809780978182 ] ] ] } },
{ "type": "Feature", "properties": { "Id": 161, "gridcode": 9, "bobot": 15.0, "total": 1.35 }, "geometry": { "type": "Polygon", "coordinates": [ [ [ 109.739573957432, -7.809780978182 ], [ 109.739573957432, -7.809705970681001 ], [ 109.739648964933011, -7.809705970681001 ], [ 109.739648964933011, -7.809780978182 ], [ 109.739573957432, -7.809780978182 ] ] ] } },
{ "type": "Feature", "properties": { "Id": 162, "gridcode": 9, "bobot": 15.0, "total": 1.35 }, "geometry": { "type": "Polygon", "coordinates": [ [ [ 109.739423942430008, -7.809780978182 ], [ 109.739573957432, -7.809780978182 ], [ 109.739498949931004, -7.809885628845169 ], [ 109.739423942430008, -7.809780978182 ] ] ] } }
]
}
